ggml_cuda_init: found 1 ROCm devices (Total VRAM: 98304 MiB):
  Device 0: Radeon 8060S Graphics, gfx1151 (0x1151), VMM: no, Wave Size: 32, VRAM: 98304 MiB
[qwen4exp] qwen4exp trunk loaded: 48 layers (36 linear + 12 full), 1222 tensors 66.24 GiB from 3 shard(s), experts=10/512 hc=4/320 ple_layers=1 ngram=3 heads_per_ngram=8 table_rows=320001536 eos=248046
[qwen4exp] cache: integrated GPU detected, graph inputs will be ring-buffered in pinned host memory (LUCE_HIP_NO_UMA_RING=1 to disable)
[qwen4exp] cache: 12 full + 36 linear layers, kv=f16 768.00 MiB @ ctx=32768, ssm_state 108.0 MiB, conv_state 4.2 MiB
[qwen4exp] cache: integrated GPU detected, graph inputs will be ring-buffered in pinned host memory (LUCE_HIP_NO_UMA_RING=1 to disable)
[qwen4exp] cache: 12 full + 36 linear layers, kv=f16 768.00 MiB @ ctx=32768, ssm_state 108.0 MiB, conv_state 4.2 MiB
[qwen4exp] cache: integrated GPU detected, graph inputs will be ring-buffered in pinned host memory (LUCE_HIP_NO_UMA_RING=1 to disable)
[qwen4exp] cache: 12 full + 36 linear layers, kv=f16 768.00 MiB @ ctx=32768, ssm_state 108.0 MiB, conv_state 4.2 MiB
[qwen4exp] cache: integrated GPU detected, graph inputs will be ring-buffered in pinned host memory (LUCE_HIP_NO_UMA_RING=1 to disable)
[qwen4exp] cache: 12 full + 36 linear layers, kv=f16 768.00 MiB @ ctx=32768, ssm_state 108.0 MiB, conv_state 4.2 MiB
[dump] L00.att    n=40960   finite=1 absmax=1.0866       mean=0.00022953   sumsq=449.7347614        argmax=2565
[dump]   top0 idx=2565 val=1.08664
[dump]   top1 idx=5 val=1.00970
[dump]   top2 idx=12805 val=0.94685
[dump]   top3 idx=5125 val=0.92478
[dump]   top4 idx=7685 val=0.91633
[dump] L00.fmix   n=40960   finite=1 absmax=2.7863       mean=0.0034925    sumsq=7318.77945         argmax=231
[dump]   top0 idx=231 val=2.36255
[dump]   top1 idx=268 val=2.32700
[dump]   top2 idx=22265 val=2.27917
[dump]   top3 idx=34347 val=2.24170
[dump]   top4 idx=37661 val=2.07894
[dump] L00.mid    n=160     finite=1 absmax=0 mean=0 sumsq=0 ids: 215 372 109 371 90 453 220 28 396 205 459 95 348 432 352 403 394 327 237 43 24 164 270 350 368 418 54 317 459 501 173 15 386 492 253 68 503 291 37 222 479 10 175 322 501 66 376 64 7 350 128 465 108 496 494 206 442 74 504 94 118 481 174 89 253 2 113 197 147 138 232 99 39 291 132 187 346 24 53 27 468 174 367 377 15 500 505 339 399 37 138 147 367 174 15 37 432 119 500 399 226 9 270 425 290 176 247 136 102 198 507 30 462 226 24 221 8 368 54 441 49 221 73 129 11 113 382 117 106 237 226 40 490 146 344 488 483 122 374 397 56 226 288 135 201 96 124 405 34 310 226 487 469 490 146 51 355 365 344 284
[dump] L00.moe    n=40960   finite=1 absmax=0.35476      mean=0.00043193   sumsq=37.30712243        argmax=1682
[dump]   top0 idx=1682 val=0.35476
[dump]   top1 idx=579 val=0.29842
[dump]   top2 idx=5 val=0.28178
[dump]   top3 idx=1500 val=0.27366
[dump]   top4 idx=23768 val=0.24801
[dump] L00.res    n=163840  finite=1 absmax=0.37763      mean=0.00038182   sumsq=75.25109152        argmax=46085
[dump]   top0 idx=46085 val=0.37763
[dump]   top1 idx=15365 val=0.32708
[dump]   top2 idx=76805 val=0.32478
[dump]   top3 idx=56325 val=0.31184
[dump]   top4 idx=138245 val=0.29906
[dump] L01.att    n=40960   finite=1 absmax=1.309        mean=-0.0039659   sumsq=774.8562834        argmax=14273
[dump]   top0 idx=14273 val=1.30900
[dump]   top1 idx=11713 val=1.15927
[dump]   top2 idx=6593 val=1.15191
[dump]   top3 idx=28491 val=1.12951
[dump]   top4 idx=5451 val=1.11806
[dump] L01.fmix   n=40960   finite=1 absmax=3.3254       mean=0.00018787   sumsq=6641.800807        argmax=4046
[dump]   top0 idx=4046 val=3.32542
[dump]   top1 idx=33285 val=2.60666
[dump]   top2 idx=25605 val=2.55110
[dump]   top3 idx=17925 val=2.52035
[dump]   top4 idx=35845 val=2.36411
[dump] L01.mid    n=160     finite=1 absmax=0 mean=0 sumsq=0 ids: 19 320 157 131 165 225 345 205 446 186 131 10 128 348 486 500 103 19 303 196 168 210 381 441 458 81 289 207 27 445 86 91 500 341 19 447 67 41 425 348 326 429 499 441 458 233 319 296 313 81 282 5 382 500 101 443 349 177 307 425 151 54 253 473 41 282 425 117 139 140 372 103 431 64 1 196 409 348 345 286 496 21 372 371 431 500 409 314 44 1 496 122 44 371 20 163 41 169 54 78 149 377 496 98 500 81 86 289 425 507 81 168 458 54 139 507 377 169 121 98 500 118 377 81 323 54 289 425 98 131 500 140 149 127 205 67 249 412 289 425 149 500 205 280 19 26 265 87 306 412 330 385 285 323 459 311 495 450 369 22
[dump] L01.moe    n=40960   finite=1 absmax=0.22226      mean=0.00012883   sumsq=2.859981689        argmax=1832
[dump]   top0 idx=1832 val=0.06782
[dump]   top1 idx=2010 val=0.05540
[dump]   top2 idx=1531 val=0.05507
[dump]   top3 idx=855 val=0.05451
[dump]   top4 idx=26455 val=0.05410
[dump] L01.res    n=327680  finite=1 absmax=30.067       mean=0.012318     sumsq=251639.3119        argmax=182615
[dump]   top0 idx=182615 val=16.86781
[dump]   top1 idx=271365 val=15.43888
[dump]   top2 idx=209925 val=15.36530
[dump]   top3 idx=240645 val=15.32231
[dump]   top4 idx=168965 val=15.19514
[dump] L02.att    n=40960   finite=1 absmax=3.0882       mean=0.0049858    sumsq=524.4505205        argmax=2010
[dump]   top0 idx=2010 val=1.25582
[dump]   top1 idx=403 val=0.80978
[dump]   top2 idx=2293 val=0.75753
[dump]   top3 idx=348 val=0.70048
[dump]   top4 idx=913 val=0.68048
[dump] L02.fmix   n=40960   finite=1 absmax=5.2914       mean=0.010458     sumsq=6600.393363        argmax=12655
[dump]   top0 idx=12655 val=2.07445
[dump]   top1 idx=24008 val=1.87715
[dump]   top2 idx=15072 val=1.85464
[dump]   top3 idx=7392 val=1.82036
[dump]   top4 idx=4046 val=1.78313
[dump] L02.mid    n=160     finite=1 absmax=0 mean=0 sumsq=0 ids: 75 12 209 68 137 403 257 272 87 255 75 42 169 139 22 479 356 192 61 376 75 141 42 169 13 61 355 356 430 102 75 259 427 32 440 61 466 371 12 356 410 433 355 124 252 407 75 133 76 341 32 103 123 75 9 22 285 259 426 69 70 124 75 165 402 355 133 191 356 52 22 75 69 170 145 35 430 61 356 180 230 22 75 480 260 356 102 285 61 506 75 230 22 356 152 61 285 260 431 480 75 61 185 431 459 482 385 22 52 319 430 75 385 52 421 13 316 88 388 275 75 70 385 72 503 205 376 382 16 133 75 275 187 61 32 13 272 12 420 31 75 507 399 225 129 275 272 161 495 61 265 397 309 352 167 275 406 165 75 173
[dump] L02.moe    n=40960   finite=1 absmax=0.10461      mean=0.00031603   sumsq=3.199852293        argmax=23308
[dump]   top0 idx=23308 val=0.10461
[dump]   top1 idx=20748 val=0.09189
[dump]   top2 idx=3288 val=0.09056
[dump]   top3 idx=5388 val=0.08286
[dump]   top4 idx=951 val=0.08256
[dump] L02.res    n=327680  finite=1 absmax=22.688       mean=0.014559     sumsq=123509.6405        argmax=168965
[dump]   top0 idx=168965 val=18.07111
[dump]   top1 idx=240645 val=17.12523
[dump]   top2 idx=271365 val=17.01322
[dump]   top3 idx=230405 val=16.57428
[dump]   top4 idx=209925 val=16.43214
[dump] L03.att    n=40960   finite=1 absmax=0.91906      mean=-0.0026528   sumsq=293.2921947        argmax=522
[dump]   top0 idx=522 val=0.77064
[dump]   top1 idx=1832 val=0.64989
[dump]   top2 idx=667 val=0.56205
[dump]   top3 idx=983 val=0.55267
[dump]   top4 idx=1578 val=0.55263
[dump] L03.fmix   n=40960   finite=1 absmax=3.3536       mean=0.016425     sumsq=12570.35719        argmax=4046
[dump]   top0 idx=4046 val=3.19385
[dump]   top1 idx=10968 val=3.14993
[dump]   top2 idx=33997 val=2.98993
[dump]   top3 idx=3288 val=2.91259
[dump]   top4 idx=8408 val=2.67237
[dump] L03.mid    n=160     finite=1 absmax=0 mean=0 sumsq=0 ids: 243 143 190 405 470 223 205 253 371 231 476 47 405 231 228 343 441 473 243 277 343 112 47 71 146 21 405 486 231 470 231 190 441 228 418 146 470 504 101 484 146 299 419 406 451 254 484 169 228 27 441 443 418 190 156 494 231 347 228 149 296 146 396 193 189 21 307 467 419 77 17 296 193 189 32 231 190 485 295 200 365 190 396 296 295 271 200 307 509 449 189 296 190 307 101 149 365 295 480 418 74 418 231 190 104 365 228 257 449 152 74 71 257 81 112 190 91 365 262 101 74 257 190 277 365 101 146 224 83 343 441 504 194 315 190 101 231 206 318 418 364 315 86 185 104 101 194 441 31 184 467 396 101 218 472 271 441 365 102 104
[dump] L03.moe    n=40960   finite=1 absmax=0.054375     mean=6.2612e-05   sumsq=3.684827863        argmax=22718
[dump]   top0 idx=22718 val=0.04621
[dump]   top1 idx=29614 val=0.04612
[dump]   top2 idx=28855 val=0.04411
[dump]   top3 idx=11687 val=0.03960
[dump]   top4 idx=29681 val=0.03944
[dump] L03.res    n=327680  finite=1 absmax=31.206       mean=0.01912      sumsq=259534.1606        argmax=168965
[dump]   top0 idx=168965 val=19.37314
[dump]   top1 idx=240645 val=18.32444
[dump]   top2 idx=271365 val=18.19684
[dump]   top3 idx=230405 val=17.79812
[dump]   top4 idx=209925 val=17.58557
[dump] L04.att    n=40960   finite=1 absmax=0.64974      mean=-0.0014987   sumsq=208.251436         argmax=29813
[dump]   top0 idx=29813 val=0.64974
[dump]   top1 idx=9333 val=0.50615
[dump]   top2 idx=32373 val=0.50032
[dump]   top3 idx=34933 val=0.47653
[dump]   top4 idx=10871 val=0.46011
[dump] L04.fmix   n=40960   finite=1 absmax=3.2754       mean=0.014737     sumsq=14263.84377        argmax=4046
[dump]   top0 idx=4046 val=3.27540
[dump]   top1 idx=22230 val=2.97794
[dump]   top2 idx=22265 val=2.86999
[dump]   top3 idx=22766 val=2.74879
[dump]   top4 idx=22718 val=2.73696
[dump] L04.mid    n=160     finite=1 absmax=0 mean=0 sumsq=0 ids: 3 309 119 392 252 307 486 106 41 453 309 385 274 453 402 410 252 277 123 62 309 505 385 41 293 479 414 251 299 36 309 410 421 414 252 204 496 500 453 454 204 36 309 378 414 333 72 366 159 379 153 41 274 410 207 491 259 204 106 36 455 479 36 16 303 321 413 204 174 91 41 21 309 134 282 453 410 106 312 500 504 21 177 134 41 282 351 150 221 309 256 309 504 491 221 293 500 21 436 453 453 293 436 309 410 299 500 375 445 69 425 309 204 252 36 483 476 41 12 504 500 309 150 345 282 136 453 410 323 174 106 309 274 453 41 410 186 252 259 496 395 468 391 309 306 192 274 324 106 89 177 309 186 172 244 467 80 89 100 193
[dump] L04.moe    n=40960   finite=1 absmax=0.094732     mean=0.00010828   sumsq=7.229381956        argmax=13437
[dump]   top0 idx=13437 val=0.09012
[dump]   top1 idx=14936 val=0.08976
[dump]   top2 idx=13941 val=0.08629
[dump]   top3 idx=13197 val=0.08157
[dump]   top4 idx=14939 val=0.07675
[dump] L04.res    n=327680  finite=1 absmax=34.596       mean=0.013451     sumsq=251657.4249        argmax=285813
[dump]   top0 idx=285813 val=34.59645
[dump]   top1 idx=296053 val=24.03661
[dump]   top2 idx=203893 val=22.09234
[dump]   top3 idx=306293 val=21.37680
[dump]   top4 idx=255093 val=19.74739
[dump] L05.att    n=40960   finite=1 absmax=7.0958       mean=-0.0013881   sumsq=328.5413494        argmax=1500
[dump]   top0 idx=1500 val=1.98728
[dump]   top1 idx=788 val=0.90195
[dump]   top2 idx=5751 val=0.78616
[dump]   top3 idx=2121 val=0.78230
[dump]   top4 idx=1787 val=0.69985
[dump] L05.fmix   n=40960   finite=1 absmax=2.656        mean=0.0089932    sumsq=10627.25495        argmax=10596
[dump]   top0 idx=10596 val=2.65596
[dump]   top1 idx=1009 val=2.55169
[dump]   top2 idx=11241 val=2.52387
[dump]   top3 idx=21685 val=2.45775
[dump]   top4 idx=37045 val=2.42469
[dump] L05.mid    n=160     finite=1 absmax=0 mean=0 sumsq=0 ids: 392 42 56 353 386 291 236 175 228 98 104 505 439 274 216 268 81 220 402 420 497 269 400 136 126 274 347 380 130 422 395 140 118 216 169 236 417 400 200 224 497 200 269 227 365 77 323 440 338 400 310 142 228 468 140 1 236 124 98 436 269 418 36 210 360 400 18 67 77 38 314 291 102 390 239 124 364 2 224 14 390 452 280 102 449 291 191 120 140 169 140 452 291 169 102 420 328 390 344 38 328 192 177 344 505 418 429 302 314 291 291 314 38 177 344 269 136 216 440 239 104 38 291 216 177 344 402 418 134 395 288 140 104 236 446 344 14 142 326 291 53 344 116 133 298 288 2 177 291 114 418 17 18 177 344 404 269 61 451 453
[dump] L05.moe    n=40960   finite=1 absmax=0.093127     mean=0.00058679   sumsq=3.785582313        argmax=3139
[dump]   top0 idx=3139 val=0.04769
[dump]   top1 idx=7573 val=0.04478
[dump]   top2 idx=34165 val=0.04476
[dump]   top3 idx=524 val=0.04385
[dump]   top4 idx=24581 val=0.04328
[dump] L05.res    n=327680  finite=1 absmax=55.537       mean=0.01686      sumsq=213722.7335        argmax=168965
[dump]   top0 idx=168965 val=18.62374
[dump]   top1 idx=240645 val=17.36633
[dump]   top2 idx=271365 val=17.36467
[dump]   top3 idx=230405 val=17.07180
[dump]   top4 idx=209925 val=16.64771
[dump] L06.att    n=40960   finite=1 absmax=1.5834       mean=-0.0023815   sumsq=1053.775087        argmax=3042
[dump]   top0 idx=3042 val=1.58338
[dump]   top1 idx=5602 val=1.46255
[dump]   top2 idx=8162 val=1.32096
[dump]   top3 idx=10722 val=1.31198
[dump]   top4 idx=8631 val=1.30303
[dump] L06.fmix   n=40960   finite=1 absmax=3.5119       mean=0.016115     sumsq=13938.0348         argmax=11241
[dump]   top0 idx=11241 val=3.12067
[dump]   top1 idx=11585 val=2.62844
[dump]   top2 idx=17377 val=2.61947
[dump]   top3 idx=35985 val=2.60179
[dump]   top4 idx=10936 val=2.57321
[dump] L06.mid    n=160     finite=1 absmax=0 mean=0 sumsq=0 ids: 223 33 283 394 379 40 439 159 256 152 394 40 67 439 94 474 409 329 346 172 89 71 380 244 367 206 55 43 202 387 197 244 352 398 59 267 43 433 305 149 278 212 486 503 89 423 197 82 300 45 97 152 67 191 227 144 295 91 398 503 502 348 323 314 273 107 315 312 450 2 295 408 172 496 227 304 503 184 333 461 295 210 290 77 209 387 411 464 54 191 295 503 299 39 77 431 95 411 290 282 95 282 245 477 475 163 71 431 485 141 69 440 245 477 91 295 467 89 107 256 413 492 123 270 75 503 40 486 261 494 152 326 127 159 375 123 278 69 133 390 63 307 275 488 173 157 352 78 130 356 212 341 353 85 278 337 486 275 300 393
[dump] L06.moe    n=40960   finite=1 absmax=0.081951     mean=0.00012791   sumsq=7.048950537        argmax=33173
[dump]   top0 idx=33173 val=0.08195
[dump]   top1 idx=39402 val=0.06591
[dump]   top2 idx=7546 val=0.06476
[dump]   top3 idx=39934 val=0.06454
[dump]   top4 idx=39261 val=0.06341
[dump] L06.res    n=327680  finite=1 absmax=57.698       mean=0.0093633    sumsq=125868.7724        argmax=168965
[dump]   top0 idx=168965 val=16.68696
[dump]   top1 idx=271365 val=15.52593
[dump]   top2 idx=240645 val=15.49334
[dump]   top3 idx=230405 val=15.15838
[dump]   top4 idx=209925 val=14.83909
[dump] L07.att    n=40960   finite=1 absmax=2.4507       mean=0.0017421    sumsq=708.3579557        argmax=951
[dump]   top0 idx=951 val=2.45072
[dump]   top1 idx=1736 val=1.79691
[dump]   top2 idx=1134 val=1.68544
[dump]   top3 idx=1795 val=1.61694
[dump]   top4 idx=47 val=1.38509
[dump] L07.fmix   n=40960   finite=1 absmax=2.837        mean=0.018676     sumsq=11507.66252        argmax=32106
[dump]   top0 idx=32106 val=2.29217
[dump]   top1 idx=11241 val=2.24143
[dump]   top2 idx=11675 val=2.23110
[dump]   top3 idx=10871 val=2.15786
[dump]   top4 idx=17974 val=2.12863
[dump] L07.mid    n=160     finite=1 absmax=0 mean=0 sumsq=0 ids: 165 351 159 346 432 455 242 8 163 303 159 367 486 194 346 351 366 325 50 498 256 456 340 369 486 265 50 403 203 502 486 301 504 156 445 242 303 179 340 472 203 83 393 71 149 504 146 293 194 358 242 165 84 287 60 451 445 22 303 169 502 486 50 194 69 309 403 237 198 297 411 296 159 358 227 256 223 340 304 498 70 411 152 403 294 359 462 368 188 169 70 403 411 194 294 142 152 252 368 359 41 369 194 8 411 498 486 456 87 338 358 455 87 464 194 203 411 363 50 456 50 511 87 82 369 281 403 194 486 69 358 445 87 509 50 252 471 159 242 498 365 77 194 196 405 117 279 328 8 5 418 400 502 3 501 124 198 313 511 48
[dump] L07.moe    n=40960   finite=1 absmax=0.091041     mean=0.00026584   sumsq=4.92871682         argmax=30613
[dump]   top0 idx=30613 val=0.07817
[dump]   top1 idx=17813 val=0.07323
[dump]   top2 idx=13324 val=0.06258
[dump]   top3 idx=29365 val=0.05528
[dump]   top4 idx=18569 val=0.05471
[dump] L07.res    n=327680  finite=1 absmax=37.96        mean=0.024386     sumsq=271504.8109        argmax=232417
[dump]   top0 idx=232417 val=19.88250
[dump]   top1 idx=258972 val=10.87006
[dump]   top2 idx=321378 val=10.56246
[dump]   top3 idx=235413 val=10.39347
[dump]   top4 idx=284791 val=10.27753
[dump] L08.att    n=40960   finite=1 absmax=0.19354      mean=0.00090455   sumsq=30.33671779        argmax=38756
[dump]   top0 idx=38756 val=0.19354
[dump]   top1 idx=16565 val=0.16600
[dump]   top2 idx=39605 val=0.15989
[dump]   top3 idx=40195 val=0.14744
[dump]   top4 idx=37045 val=0.14416
[dump] L08.fmix   n=40960   finite=1 absmax=4.8824       mean=0.024052     sumsq=11118.26627        argmax=1500
[dump]   top0 idx=1500 val=4.88235
[dump]   top1 idx=4046 val=3.22661
[dump]   top2 idx=28791 val=3.16947
[dump]   top3 idx=10871 val=2.79543
[dump]   top4 idx=15991 val=2.72435
[dump] L08.mid    n=160     finite=1 absmax=0 mean=0 sumsq=0 ids: 308 456 387 175 181 439 263 370 219 46 219 263 462 183 231 387 121 308 175 81 134 263 74 99 212 371 436 308 364 462 263 360 342 308 99 175 46 11 387 62 263 157 128 217 342 134 74 360 83 22 175 263 308 206 360 46 439 387 473 394 134 263 387 99 74 157 360 114 183 277 387 134 263 46 1 204 261 360 223 175 360 252 263 313 66 295 163 367 46 1 263 360 46 308 354 370 175 27 387 105 263 360 181 308 370 46 175 105 164 264 134 263 181 183 387 66 462 360 218 308 263 183 360 462 218 308 114 354 46 99 263 181 134 183 462 360 392 175 308 206 263 181 360 387 462 102 46 308 392 183 317 465 192 263 436 102 196 462 17 299
[dump] L08.moe    n=40960   finite=1 absmax=0.10862      mean=-0.00010508  sumsq=5.938975739        argmax=1500
[dump]   top0 idx=1500 val=0.08902
[dump]   top1 idx=32897 val=0.07591
[dump]   top2 idx=32045 val=0.07301
[dump]   top3 idx=30 val=0.07252
[dump]   top4 idx=32409 val=0.06887
[dump] L08.res    n=327680  finite=1 absmax=42.059       mean=0.016275     sumsq=182751.8721        argmax=165340
[dump]   top0 idx=165340 val=13.77315
[dump]   top1 idx=261848 val=12.73393
[dump]   top2 idx=231128 val=12.30323
[dump]   top3 idx=272088 val=12.21353
[dump]   top4 idx=323288 val=11.97390
[dump] L09.att    n=40960   finite=1 absmax=0.67595      mean=0.00025465   sumsq=164.6530025        argmax=9166
[dump]   top0 idx=9166 val=0.67595
[dump]   top1 idx=3511 val=0.37701
[dump]   top2 idx=11191 val=0.34267
[dump]   top3 idx=23753 val=0.29146
[dump]   top4 idx=9362 val=0.28343
[dump] L09.fmix   n=40960   finite=1 absmax=4.0029       mean=0.024475     sumsq=11806.29142        argmax=1500
[dump]   top0 idx=1500 val=4.00290
[dump]   top1 idx=4046 val=2.76128
[dump]   top2 idx=11241 val=2.43161
[dump]   top3 idx=681 val=2.28341
[dump]   top4 idx=30613 val=2.21476
[dump] L09.mid    n=160     finite=1 absmax=0 mean=0 sumsq=0 ids: 218 369 68 368 430 96 376 209 142 229 292 425 40 430 17 396 321 369 218 113 113 382 425 266 428 317 40 402 205 321 425 321 444 218 68 430 477 209 376 205 371 425 276 382 115 201 417 91 321 336 425 238 376 218 427 371 292 230 361 142 427 148 425 18 374 371 382 428 430 369 459 427 430 218 211 456 209 491 170 11 10 90 459 426 456 55 427 479 14 11 459 370 20 377 73 264 141 218 90 430 377 70 409 218 205 427 382 321 506 154 430 264 374 153 321 369 370 218 230 456 370 264 430 321 276 374 153 218 488 230 264 478 292 370 427 430 376 230 276 218 264 478 427 230 376 370 68 71 378 374 18 468 339 237 146 399 230 148 15 138
[dump] L09.moe    n=40960   finite=1 absmax=0.059079     mean=1.4756e-05   sumsq=3.999023332        argmax=36471
[dump]   top0 idx=36471 val=0.05908
[dump]   top1 idx=38650 val=0.04695
[dump]   top2 idx=28055 val=0.04584
[dump]   top3 idx=21725 val=0.04361
[dump]   top4 idx=29027 val=0.04251
[dump] L09.res    n=327680  finite=1 absmax=32.766       mean=0.016264     sumsq=203501.9257        argmax=261848
[dump]   top0 idx=261848 val=15.53343
[dump]   top1 idx=231128 val=15.00568
[dump]   top2 idx=272088 val=14.89887
[dump]   top3 idx=165340 val=14.70785
[dump]   top4 idx=323288 val=14.60614
[dump] L10.att    n=40960   finite=1 absmax=1.0095       mean=-0.0005564   sumsq=297.3258432        argmax=9166
[dump]   top0 idx=9166 val=1.00950
[dump]   top1 idx=26593 val=0.62551
[dump]   top2 idx=5848 val=0.52351
[dump]   top3 idx=8973 val=0.51586
[dump]   top4 idx=18871 val=0.50782
[dump] L10.fmix   n=40960   finite=1 absmax=2.8528       mean=0.015345     sumsq=9943.025077        argmax=4046
[dump]   top0 idx=4046 val=2.48888
[dump]   top1 idx=15991 val=2.43765
[dump]   top2 idx=10936 val=2.42897
[dump]   top3 idx=10871 val=2.42806
[dump]   top4 idx=17813 val=2.17370
[dump] L10.mid    n=160     finite=1 absmax=0 mean=0 sumsq=0 ids: 461 325 107 264 164 508 495 278 355 322 264 461 278 325 417 341 58 164 355 296 461 278 17 230 325 187 264 40 121 319 264 461 278 341 58 508 417 379 70 230 187 373 25 167 288 461 87 264 433 500 461 508 373 97 379 433 264 278 355 164 461 230 464 97 373 278 70 417 508 355 461 97 455 373 508 28 379 319 177 164 461 398 143 509 501 97 508 423 321 271 461 423 508 97 501 417 373 379 18 58 461 97 17 373 423 58 508 343 379 33 97 355 373 461 278 17 69 417 464 40 18 278 97 461 355 69 387 508 336 40 355 461 495 97 69 387 404 341 278 379 97 461 355 373 417 88 322 500 247 416 373 459 103 302 97 322 356 500 164 416
[dump] L10.moe    n=40960   finite=1 absmax=0.31698      mean=-9.5511e-05  sumsq=4.070736711        argmax=21
[dump]   top0 idx=21 val=0.08801
[dump]   top1 idx=1912 val=0.08341
[dump]   top2 idx=579 val=0.06381
[dump]   top3 idx=1500 val=0.06266
[dump]   top4 idx=788 val=0.05852
[dump] L10.res    n=327680  finite=1 absmax=56.74        mean=0.01159      sumsq=111611.7882        argmax=168965
[dump]   top0 idx=168965 val=11.64377
[dump]   top1 idx=165340 val=11.19047
[dump]   top2 idx=240645 val=10.84217
[dump]   top3 idx=271365 val=10.82899
[dump]   top4 idx=261848 val=10.77261
[dump] L11.att    n=40960   finite=1 absmax=2.7989       mean=0.00016584   sumsq=559.4721487        argmax=2311
[dump]   top0 idx=2311 val=2.79891
[dump]   top1 idx=47 val=2.36012
[dump]   top2 idx=1795 val=1.75480
[dump]   top3 idx=2307 val=1.59748
[dump]   top4 idx=86 val=1.42347
[dump] L11.fmix   n=40960   finite=1 absmax=2.6839       mean=0.016493     sumsq=9657.297922        argmax=4046
[dump]   top0 idx=4046 val=2.68394
[dump]   top1 idx=17813 val=2.47859
[dump]   top2 idx=33911 val=2.31721
[dump]   top3 idx=30613 val=2.22674
[dump]   top4 idx=4060 val=2.02676
[dump] L11.mid    n=160     finite=1 absmax=0 mean=0 sumsq=0 ids: 130 163 104 393 430 108 268 424 361 417 418 350 163 261 273 240 30 477 108 397 240 163 323 223 30 268 418 508 211 23 482 108 418 323 350 430 461 163 268 84 285 461 323 174 108 23 418 36 430 211 108 201 323 350 418 508 120 500 461 457 323 108 36 418 482 27 360 211 219 166 323 108 418 120 350 384 7 268 492 430 418 120 323 350 360 430 384 108 35 331 418 108 323 120 350 384 97 164 430 35 418 108 23 430 485 323 508 273 317 350 323 418 508 261 120 98 166 268 273 163 323 418 508 457 108 261 166 273 120 163 323 418 508 166 430 249 273 500 261 371 166 418 430 323 508 249 371 108 151 273 166 418 240 430 323 6 453 249 151 348
[dump] L11.moe    n=40960   finite=1 absmax=0.059829     mean=-5.1878e-05  sumsq=3.468173317        argmax=29177
[dump]   top0 idx=29177 val=0.05464
[dump]   top1 idx=30507 val=0.04724
[dump]   top2 idx=33138 val=0.04671
[dump]   top3 idx=28783 val=0.04584
[dump]   top4 idx=29275 val=0.04544
[dump] L11.res    n=327680  finite=1 absmax=37.316       mean=0.015673     sumsq=210901.1536        argmax=261848
[dump]   top0 idx=261848 val=15.67131
[dump]   top1 idx=231128 val=15.12466
[dump]   top2 idx=272088 val=15.02550
[dump]   top3 idx=165340 val=14.82518
[dump]   top4 idx=292568 val=14.73372
[dump] L12.att    n=40960   finite=1 absmax=0.60557      mean=-0.0014999   sumsq=176.5302742        argmax=2311
[dump]   top0 idx=2311 val=0.60557
[dump]   top1 idx=16353 val=0.56401
[dump]   top2 idx=914 val=0.50782
[dump]   top3 idx=359 val=0.42062
[dump]   top4 idx=34008 val=0.37705
[dump] L12.fmix   n=40960   finite=1 absmax=3.1335       mean=0.014186     sumsq=10084.33765        argmax=36536
[dump]   top0 idx=36536 val=2.41414
[dump]   top1 idx=10171 val=2.34038
[dump]   top2 idx=7573 val=2.32799
[dump]   top3 idx=27994 val=2.19168
[dump]   top4 idx=14588 val=2.12372
[dump] L12.mid    n=160     finite=1 absmax=0 mean=0 sumsq=0 ids: 28 139 433 283 201 386 300 474 421 277 352 139 229 52 421 277 214 101 474 366 141 352 120 18 139 110 136 496 307 1 352 101 52 139 277 81 390 381 150 327 118 352 393 282 101 165 52 433 219 422 52 277 352 219 390 386 421 9 392 150 214 229 52 352 133 504 141 139 43 381 352 52 503 386 130 215 451 393 139 219 352 52 189 43 139 422 381 133 126 229 52 43 139 352 170 366 381 448 421 229 421 352 52 54 161 45 286 422 136 433 421 0 422 368 433 52 81 352 366 21 0 421 366 214 433 133 52 368 352 283 0 421 433 366 21 63 172 368 201 52 421 0 52 433 460 63 275 256 114 368 352 433 275 0 504 282 368 482 52 214
[dump] L12.moe    n=40960   finite=1 absmax=0.052047     mean=2.3062e-05   sumsq=3.316451408        argmax=13467
[dump]   top0 idx=13467 val=0.05205
[dump]   top1 idx=40853 val=0.05000
[dump]   top2 idx=30613 val=0.04768
[dump]   top3 idx=39383 val=0.04658
[dump]   top4 idx=7573 val=0.04591
[dump] L12.res    n=327680  finite=1 absmax=22.353       mean=0.01455      sumsq=212775.6352        argmax=165340
[dump]   top0 idx=165340 val=13.88620
[dump]   top1 idx=261848 val=12.49120
[dump]   top2 idx=231128 val=12.05161
[dump]   top3 idx=272088 val=11.96884
[dump]   top4 idx=292568 val=11.74527
[dump] L13.att    n=40960   finite=1 absmax=0.32238      mean=-0.00089072  sumsq=72.48272514        argmax=39351
[dump]   top0 idx=39351 val=0.32238
[dump]   top1 idx=26551 val=0.26171
[dump]   top2 idx=23991 val=0.26064
[dump]   top3 idx=28888 val=0.24367
[dump]   top4 idx=21431 val=0.24286
[dump] L13.fmix   n=40960   finite=1 absmax=3.0976       mean=0.0044724    sumsq=8956.251577        argmax=7573
[dump]   top0 idx=7573 val=3.09758
[dump]   top1 idx=17813 val=3.05911
[dump]   top2 idx=1500 val=2.97027
[dump]   top3 idx=30613 val=2.86814
[dump]   top4 idx=4046 val=2.59760
[dump] L13.mid    n=160     finite=1 absmax=0 mean=0 sumsq=0 ids: 293 68 466 366 268 219 145 224 67 400 387 273 148 290 91 93 50 468 250 68 290 387 148 394 250 64 330 468 273 36 387 273 148 290 93 91 221 267 354 368 148 290 250 118 508 64 273 394 81 66 387 290 273 148 118 93 468 508 296 338 118 394 290 325 338 148 185 273 508 387 118 273 387 290 265 93 81 325 259 451 290 273 387 504 118 93 16 485 24 346 273 387 118 265 91 290 93 259 389 148 273 290 118 387 148 91 64 259 265 250 259 265 387 273 274 97 91 468 118 290 259 265 438 387 118 468 91 97 290 451 259 468 387 265 97 357 273 93 451 418 259 265 468 387 118 273 91 385 357 399 259 265 338 118 468 290 249 91 387 273
[dump] L13.moe    n=40960   finite=1 absmax=0.15809      mean=0.00013286   sumsq=5.399819297        argmax=1716
[dump]   top0 idx=1716 val=0.09550
[dump]   top1 idx=1301 val=0.08840
[dump]   top2 idx=2035 val=0.07985
[dump]   top3 idx=579 val=0.06885
[dump]   top4 idx=1912 val=0.06880
[dump] L13.res    n=327680  finite=1 absmax=27.091       mean=0.014984     sumsq=236209.2113        argmax=165340
[dump]   top0 idx=165340 val=15.13514
[dump]   top1 idx=323511 val=13.48192
[dump]   top2 idx=262071 val=13.09085
[dump]   top3 idx=261848 val=13.07806
[dump]   top4 idx=231128 val=12.61078
[dump] L14.att    n=40960   finite=1 absmax=2.0705       mean=-0.0010755   sumsq=225.835806         argmax=138
[dump]   top0 idx=138 val=0.79500
[dump]   top1 idx=788 val=0.75681
[dump]   top2 idx=679 val=0.66463
[dump]   top3 idx=2162 val=0.64877
[dump]   top4 idx=1603 val=0.64695
[dump] L14.fmix   n=40960   finite=1 absmax=6.641        mean=0.0075596    sumsq=9944.826047        argmax=1500
[dump]   top0 idx=1500 val=3.66841
[dump]   top1 idx=4046 val=2.94098
[dump]   top2 idx=788 val=2.72594
[dump]   top3 idx=47 val=2.58746
[dump]   top4 idx=11241 val=2.51283
[dump] L14.mid    n=160     finite=1 absmax=0 mean=0 sumsq=0 ids: 398 165 326 266 29 17 151 40 138 339 506 138 165 409 40 14 417 398 326 473 227 40 463 414 372 246 370 459 107 407 165 409 14 473 506 205 417 138 308 326 376 290 280 360 223 5 22 463 385 162 14 409 12 290 398 417 308 506 138 370 339 40 488 9 495 266 136 2 49 108 409 234 14 473 290 506 441 398 12 231 339 40 29 176 266 488 280 495 9 180 180 266 40 495 312 108 492 9 2 280 409 473 498 280 370 506 439 227 14 460 49 40 339 266 282 495 252 136 2 244 40 49 168 244 136 409 108 138 506 500 244 335 506 473 151 100 409 108 398 482 335 244 100 506 482 473 151 409 510 402 244 100 482 40 266 29 407 168 510 67
[dump] L14.moe    n=40960   finite=1 absmax=0.13416      mean=7.5626e-06   sumsq=2.982944179        argmax=1500
[dump]   top0 idx=1500 val=0.13411
[dump]   top1 idx=793 val=0.07458
[dump]   top2 idx=788 val=0.06855
[dump]   top3 idx=1094 val=0.06847
[dump]   top4 idx=2433 val=0.05387
[dump] L14.res    n=327680  finite=1 absmax=33.151       mean=0.010731     sumsq=112634.5197        argmax=261848
[dump]   top0 idx=261848 val=11.76019
[dump]   top1 idx=272088 val=11.67206
[dump]   top2 idx=231128 val=11.66160
[dump]   top3 idx=323288 val=11.37087
[dump]   top4 idx=292568 val=11.29696
[dump] L15.att    n=40960   finite=1 absmax=1.3229       mean=-0.0026377   sumsq=249.166221         argmax=2311
[dump]   top0 idx=2311 val=1.32294
[dump]   top1 idx=892 val=1.02019
[dump]   top2 idx=2307 val=0.68676
[dump]   top3 idx=1795 val=0.55975
[dump]   top4 idx=1947 val=0.50169
[dump] L15.fmix   n=40960   finite=1 absmax=6.8887       mean=0.005609     sumsq=21413.25103        argmax=5848
[dump]   top0 idx=5848 val=6.88875
[dump]   top1 idx=10968 val=5.32287
[dump]   top2 idx=28888 val=5.27165
[dump]   top3 idx=18648 val=5.15398
[dump]   top4 idx=21208 val=5.00454
[dump] L15.mid    n=160     finite=1 absmax=0 mean=0 sumsq=0 ids: 283 174 188 38 342 103 215 330 177 107 494 207 501 199 50 156 39 263 289 318 207 219 453 31 127 263 53 455 23 154 207 61 405 219 399 288 303 426 234 406 207 236 453 116 388 16 405 406 319 326 207 426 32 50 406 192 302 219 399 288 302 207 280 453 388 246 288 179 236 134 134 406 32 219 207 314 426 192 399 281 343 134 119 263 487 426 427 511 204 222 405 343 303 207 426 311 446 134 288 494 228 405 303 343 406 192 53 263 311 408 405 494 174 207 311 204 134 289 50 303 174 303 288 405 423 192 311 50 39 98 174 303 289 207 405 494 192 283 50 288 289 405 174 322 494 156 303 192 177 33 174 303 405 12 423 289 71 156 432 280
[dump] L15.moe    n=40960   finite=1 absmax=0.29284      mean=2.0688e-05   sumsq=8.841730674        argmax=1716
[dump]   top0 idx=1716 val=0.14310
[dump]   top1 idx=138 val=0.11801
[dump]   top2 idx=1736 val=0.08286
[dump]   top3 idx=1984 val=0.08060
[dump]   top4 idx=562 val=0.07897
[dump] L15.res    n=327680  finite=1 absmax=28.894       mean=0.0101       sumsq=269632.9798        argmax=323511
[dump]   top0 idx=323511 val=14.07312
[dump]   top1 idx=170460 val=13.67021
[dump]   top2 idx=262071 val=13.50705
[dump]   top3 idx=272311 val=13.24976
[dump]   top4 idx=313271 val=13.14203
[dump] L16.att    n=40960   finite=1 absmax=0.46348      mean=-0.00056359  sumsq=66.47264413        argmax=5081
[dump]   top0 idx=5081 val=0.33138
[dump]   top1 idx=16311 val=0.29624
[dump]   top2 idx=3553 val=0.29431
[dump]   top3 idx=11374 val=0.28525
[dump]   top4 idx=20527 val=0.26439
[dump] L16.fmix   n=40960   finite=1 absmax=3.8994       mean=0.0024014    sumsq=16702.40464        argmax=1500
[dump]   top0 idx=1500 val=3.89935
[dump]   top1 idx=5848 val=3.23188
[dump]   top2 idx=20158 val=2.96742
[dump]   top3 idx=11241 val=2.95101
[dump]   top4 idx=788 val=2.87499
[dump] L16.mid    n=160     finite=1 absmax=0 mean=0 sumsq=0 ids: 228 487 243 272 132 473 142 259 361 32 228 272 429 243 142 140 447 479 58 487 228 457 319 398 140 124 370 303 447 145 228 272 142 447 140 479 400 26 429 278 188 228 447 104 138 319 303 479 124 270 228 140 272 142 447 278 26 394 205 400 228 303 64 188 447 26 429 319 272 341 400 272 394 228 140 369 26 113 278 75 400 228 140 272 393 282 394 181 26 61 140 272 228 243 142 263 400 278 429 487 272 228 400 236 140 465 243 142 263 309 243 272 228 263 142 58 429 140 487 61 228 243 272 142 140 429 487 263 278 58 243 228 58 263 142 272 278 479 487 489 243 228 58 278 272 263 134 202 480 487 243 228 278 202 272 58 392 352 475 25
[dump] L16.moe    n=40960   finite=1 absmax=0.68942      mean=6.0901e-05   sumsq=11.63998216        argmax=2311
[dump]   top0 idx=2311 val=0.27223
[dump]   top1 idx=2366 val=0.20578
[dump]   top2 idx=472 val=0.18659
[dump]   top3 idx=138 val=0.18627
[dump]   top4 idx=627 val=0.17679
[dump] L16.res    n=327680  finite=1 absmax=37.494       mean=0.010412     sumsq=256076.1544        argmax=235413
[dump]   top0 idx=235413 val=13.52873
[dump]   top1 idx=170460 val=12.98611
[dump]   top2 idx=286613 val=12.07999
[dump]   top3 idx=261848 val=11.20561
[dump]   top4 idx=272088 val=11.14769
[dump] L17.att    n=40960   finite=1 absmax=0.42136      mean=-0.0010453   sumsq=54.67169146        argmax=40384
[dump]   top0 idx=40384 val=0.22020
[dump]   top1 idx=39558 val=0.19116
[dump]   top2 idx=28337 val=0.19108
[dump]   top3 idx=2521 val=0.18998
[dump]   top4 idx=39204 val=0.18870
[dump] L17.fmix   n=40960   finite=1 absmax=3.5419       mean=0.0013539    sumsq=12475.91691        argmax=4046
[dump]   top0 idx=4046 val=3.54185
[dump]   top1 idx=39912 val=2.80371
[dump]   top2 idx=788 val=2.70213
[dump]   top3 idx=32206 val=2.51770
[dump]   top4 idx=39148 val=2.44780
[dump] L17.mid    n=160     finite=1 absmax=0 mean=0 sumsq=0 ids: 486 136 510 84 209 135 330 15 274 243 136 486 471 499 328 305 84 105 469 365 469 127 328 285 26 486 366 303 358 444 136 471 486 328 387 127 469 249 84 3 366 486 444 97 136 333 374 471 18 328 136 84 486 127 471 328 419 386 448 1 328 444 486 136 97 84 471 374 71 469 8 387 136 419 181 328 486 448 471 470 8 470 181 136 404 304 387 328 398 486 470 136 486 471 328 362 374 366 419 127 136 486 84 8 127 328 327 387 471 438 136 471 84 486 419 374 499 498 139 363 471 136 366 486 374 139 362 363 419 499 84 209 363 486 471 136 139 374 366 499 209 84 139 363 499 486 136 422 419 253 139 209 363 471 486 136 345 498 221 274
[dump] L17.moe    n=40960   finite=1 absmax=0.19042      mean=9.2762e-05   sumsq=3.031328625        argmax=1716
[dump]   top0 idx=1716 val=0.08790
[dump]   top1 idx=138 val=0.05680
[dump]   top2 idx=230 val=0.03889
[dump]   top3 idx=38713 val=0.03785
[dump]   top4 idx=192 val=0.03441
[dump] L17.res    n=327680  finite=1 absmax=32.843       mean=0.013026     sumsq=256290.8816        argmax=261848
[dump]   top0 idx=261848 val=15.08134
[dump]   top1 idx=272088 val=15.00398
[dump]   top2 idx=231128 val=14.95966
[dump]   top3 idx=323288 val=14.58669
[dump]   top4 idx=292568 val=14.46455
[dump] L18.att    n=40960   finite=1 absmax=0.40744      mean=-0.00055563  sumsq=85.4916746         argmax=634
[dump]   top0 idx=634 val=0.40744
[dump]   top1 idx=38882 val=0.36846
[dump]   top2 idx=10722 val=0.36701
[dump]   top3 idx=5602 val=0.34311
[dump]   top4 idx=33762 val=0.33141
[dump] L18.fmix   n=40960   finite=1 absmax=3.929        mean=0.0098517    sumsq=11073.45499        argmax=17813
[dump]   top0 idx=17813 val=3.92896
[dump]   top1 idx=1500 val=3.47047
[dump]   top2 idx=7573 val=3.23536
[dump]   top3 idx=30613 val=2.97469
[dump]   top4 idx=10936 val=2.94461
[dump] L18.mid    n=160     finite=1 absmax=0 mean=0 sumsq=0 ids: 449 475 399 87 275 411 35 24 211 264 111 29 264 185 201 459 135 87 325 119 131 157 459 106 506 111 201 366 437 29 264 29 7 201 185 135 101 405 299 211 440 131 29 459 201 190 398 111 299 151 87 264 88 277 29 411 275 297 24 469 131 102 24 111 29 366 7 101 157 459 469 88 131 264 101 185 87 119 29 200 29 5 157 119 469 459 7 353 448 411 29 448 264 102 353 24 7 201 101 5 111 299 29 185 459 201 106 74 238 157 131 24 448 101 111 29 347 264 366 460 111 29 448 24 366 102 201 101 157 131 24 131 29 448 101 201 211 347 353 264 201 448 101 24 150 29 185 123 131 310 207 448 201 29 474 266 116 270 459 247
[dump] L18.moe    n=40960   finite=1 absmax=0.06467      mean=-0.00015736  sumsq=4.731719103        argmax=27086
[dump]   top0 idx=27086 val=0.06467
[dump]   top1 idx=21224 val=0.05261
[dump]   top2 idx=22933 val=0.05068
[dump]   top3 idx=35645 val=0.04996
[dump]   top4 idx=35544 val=0.04908
[dump] L18.res    n=327680  finite=1 absmax=22.782       mean=0.0076032    sumsq=122353.0109        argmax=261848
[dump]   top0 idx=261848 val=12.17580
[dump]   top1 idx=272088 val=12.10723
[dump]   top2 idx=231128 val=12.07703
[dump]   top3 idx=323288 val=11.77577
[dump]   top4 idx=292568 val=11.67753
[dump] L19.att    n=40960   finite=1 absmax=1.6931       mean=0.00063423   sumsq=350.1015826        argmax=892
[dump]   top0 idx=892 val=1.53891
[dump]   top1 idx=1736 val=1.17177
[dump]   top2 idx=2238 val=1.14868
[dump]   top3 idx=2307 val=1.01664
[dump]   top4 idx=1795 val=0.83080
[dump] L19.fmix   n=40960   finite=1 absmax=4.0701       mean=0.0060798    sumsq=14717.46691        argmax=4046
[dump]   top0 idx=4046 val=4.07008
[dump]   top1 idx=12035 val=3.08987
[dump]   top2 idx=6606 val=2.89721
[dump]   top3 idx=3873 val=2.83863
[dump]   top4 idx=32206 val=2.82015
[dump] L19.mid    n=160     finite=1 absmax=0 mean=0 sumsq=0 ids: 406 360 413 162 170 434 31 173 293 377 3 434 377 161 342 472 9 188 453 222 56 259 455 309 222 161 434 70 229 91 3 31 357 377 70 170 222 472 161 342 70 161 259 472 74 381 56 150 434 375 3 368 357 9 74 501 150 8 222 375 472 375 161 34 56 49 364 434 70 3 3 368 397 86 31 472 222 455 103 52 397 291 161 222 472 193 368 3 455 309 375 472 3 291 222 397 9 31 193 434 222 375 170 472 31 357 455 377 161 150 222 472 31 150 375 267 3 121 315 173 375 472 315 3 121 31 222 434 377 173 31 121 490 162 470 173 3 103 377 472 31 173 121 162 472 388 14 377 490 103 31 375 472 121 434 162 315 161 56 173
[dump] L19.moe    n=40960   finite=1 absmax=0.082351     mean=0.00033594   sumsq=6.546377904        argmax=29940
[dump]   top0 idx=29940 val=0.08162
[dump]   top1 idx=29672 val=0.07472
[dump]   top2 idx=29931 val=0.07448
[dump]   top3 idx=28571 val=0.07182
[dump]   top4 idx=30058 val=0.06702
[dump] L19.res    n=327680  finite=1 absmax=38.551       mean=0.014663     sumsq=283440.9856        argmax=323511
[dump]   top0 idx=323511 val=15.91671
[dump]   top1 idx=262071 val=15.29444
[dump]   top2 idx=272311 val=15.01088
[dump]   top3 idx=313271 val=14.82250
[dump]   top4 idx=282551 val=14.57411
[dump] L20.att    n=40960   finite=1 absmax=5.7976       mean=0.00018177   sumsq=438.8876456        argmax=2238
[dump]   top0 idx=2238 val=3.24820
[dump]   top1 idx=403 val=3.01931
[dump]   top2 idx=1500 val=2.59770
[dump]   top3 idx=1827 val=1.77840
[dump]   top4 idx=1132 val=1.47743
[dump] L20.fmix   n=40960   finite=1 absmax=6.3275       mean=0.017359     sumsq=19846.72902        argmax=4046
[dump]   top0 idx=4046 val=6.32752
[dump]   top1 idx=6606 val=4.42581
[dump]   top2 idx=32206 val=4.12067
[dump]   top3 idx=16846 val=3.62174
[dump]   top4 idx=14245 val=3.45339
[dump] L20.mid    n=160     finite=1 absmax=0 mean=0 sumsq=0 ids: 429 363 39 439 407 179 485 307 169 219 387 363 109 76 388 485 439 78 429 269 122 218 494 26 154 158 326 488 216 39 363 40 485 109 110 242 146 134 387 313 146 358 187 109 134 242 40 125 39 96 491 54 306 4 363 485 481 242 219 496 146 243 485 387 134 218 229 369 39 242 491 481 244 387 306 341 485 59 54 44 59 481 491 63 49 137 387 341 127 110 387 485 258 59 330 168 25 233 363 243 387 339 363 109 495 26 485 148 218 255 387 258 168 25 39 485 154 248 442 330 387 25 258 168 330 485 358 442 265 248 387 168 442 179 485 185 258 25 410 307 387 179 442 168 278 18 485 265 26 370 387 262 179 442 25 125 168 258 185 119
[dump] L20.moe    n=40960   finite=1 absmax=0.092066     mean=3.3292e-05   sumsq=8.1465996          argmax=35401
[dump]   top0 idx=35401 val=0.07442
[dump]   top1 idx=32702 val=0.06448
[dump]   top2 idx=29228 val=0.06430
[dump]   top3 idx=31960 val=0.06382
[dump]   top4 idx=30811 val=0.06298
[dump] L20.res    n=327680  finite=1 absmax=45.412       mean=0.022334     sumsq=333160.8765        argmax=170460
[dump]   top0 idx=170460 val=19.22202
[dump]   top1 idx=267881 val=13.66945
[dump]   top2 idx=235413 val=13.49428
[dump]   top3 idx=261848 val=12.66100
[dump]   top4 idx=288361 val=12.60801
[dump] L21.att    n=40960   finite=1 absmax=0.85546      mean=0.00039105   sumsq=33.20933196        argmax=2238
[dump]   top0 idx=2238 val=0.53874
[dump]   top1 idx=30912 val=0.33620
[dump]   top2 idx=33472 val=0.31600
[dump]   top3 idx=16353 val=0.31439
[dump]   top4 idx=2537 val=0.30248
[dump] L21.fmix   n=40960   finite=1 absmax=4.6634       mean=0.033384     sumsq=17848.52422        argmax=4046
[dump]   top0 idx=4046 val=4.57142
[dump]   top1 idx=10871 val=4.18098
[dump]   top2 idx=10936 val=4.04883
[dump]   top3 idx=3873 val=3.74459
[dump]   top4 idx=5751 val=3.63805
[dump] L21.mid    n=160     finite=1 absmax=0 mean=0 sumsq=0 ids: 72 255 379 25 267 297 128 190 507 420 255 379 128 25 306 369 118 426 19 150 128 451 372 64 25 312 306 507 19 254 255 306 379 265 511 278 150 25 128 19 128 48 278 51 25 60 346 484 306 359 25 302 379 131 255 134 297 406 472 142 128 19 25 484 29 278 385 302 346 336 25 480 297 446 51 360 302 19 427 260 118 352 166 25 306 19 85 484 427 57 352 118 57 25 369 19 313 306 166 346 25 255 379 317 128 278 19 118 346 191 369 346 19 25 57 128 313 118 131 507 369 57 19 118 128 346 484 153 25 142 346 313 469 369 420 255 57 131 498 418 346 313 321 420 369 255 418 57 469 118 369 313 346 57 420 321 471 118 469 128
[dump] L21.moe    n=40960   finite=1 absmax=0.079056     mean=0.00017741   sumsq=7.221062421        argmax=24921
[dump]   top0 idx=24921 val=0.07906
[dump]   top1 idx=30592 val=0.06543
[dump]   top2 idx=28558 val=0.06079
[dump]   top3 idx=40723 val=0.06012
[dump]   top4 idx=37212 val=0.05847
[dump] L21.res    n=327680  finite=1 absmax=43.702       mean=0.015369     sumsq=275009.3407        argmax=170460
[dump]   top0 idx=170460 val=19.86214
[dump]   top1 idx=168965 val=19.39982
[dump]   top2 idx=240645 val=19.39630
[dump]   top3 idx=271365 val=19.36744
[dump]   top4 idx=209925 val=18.62214
[dump] L22.att    n=40960   finite=1 absmax=1.942        mean=0.00065178   sumsq=136.7521893        argmax=793
[dump]   top0 idx=793 val=1.94200
[dump]   top1 idx=1500 val=1.34067
[dump]   top2 idx=25868 val=1.04159
[dump]   top3 idx=23308 val=0.94916
[dump]   top4 idx=28428 val=0.92928
[dump] L22.fmix   n=40960   finite=1 absmax=4.9584       mean=0.031557     sumsq=16213.58376        argmax=10936
[dump]   top0 idx=10936 val=4.49655
[dump]   top1 idx=36536 val=4.42394
[dump]   top2 idx=12655 val=4.15227
[dump]   top3 idx=10871 val=3.49336
[dump]   top4 idx=17813 val=3.37533
[dump] L22.mid    n=160     finite=1 absmax=0 mean=0 sumsq=0 ids: 317 309 283 32 456 206 205 57 446 287 305 376 188 402 164 279 425 51 484 50 188 460 488 13 396 318 187 265 232 50 464 51 352 384 488 145 425 396 460 244 460 13 244 306 183 384 396 482 193 32 235 341 309 206 205 347 462 104 425 393 454 460 488 396 7 487 27 50 117 244 241 291 106 124 425 83 388 360 365 375 504 50 425 400 365 83 265 388 488 486 504 460 50 279 454 400 301 438 487 488 87 153 117 55 173 71 329 89 452 182 460 117 244 331 483 116 239 164 438 50 483 117 188 51 164 438 454 13 113 116 173 287 483 355 412 457 143 262 301 170 370 168 459 429 323 254 262 137 173 320 286 260 354 483 209 25 173 44 14 94
[dump] L22.moe    n=40960   finite=1 absmax=0.11594      mean=6.3542e-06   sumsq=6.299251063        argmax=26320
[dump]   top0 idx=26320 val=0.11160
[dump]   top1 idx=27937 val=0.10039
[dump]   top2 idx=26399 val=0.08445
[dump]   top3 idx=26441 val=0.06344
[dump]   top4 idx=28880 val=0.06302
[dump] L22.res    n=327680  finite=1 absmax=26.826       mean=0.01234      sumsq=177864.9824        argmax=169753
[dump]   top0 idx=169753 val=26.82582
[dump]   top1 idx=170460 val=22.69347
[dump]   top2 idx=189445 val=13.69107
[dump]   top3 idx=240645 val=13.52509
[dump]   top4 idx=322565 val=13.38792
[dump] L23.att    n=40960   finite=1 absmax=0.67986      mean=0.0036644    sumsq=299.9976819        argmax=21537
[dump]   top0 idx=21537 val=0.58349
[dump]   top1 idx=28719 val=0.56035
[dump]   top2 idx=36399 val=0.54878
[dump]   top3 idx=12104 val=0.53246
[dump]   top4 idx=36103 val=0.51869
[dump] L23.fmix   n=40960   finite=1 absmax=5.7201       mean=0.02111      sumsq=24537.32614        argmax=8681
[dump]   top0 idx=8681 val=5.72010
[dump]   top1 idx=25380 val=3.87322
[dump]   top2 idx=21886 val=3.70393
[dump]   top3 idx=1500 val=3.62247
[dump]   top4 idx=11929 val=3.60014
[dump] L23.mid    n=160     finite=1 absmax=0 mean=0 sumsq=0 ids: 356 285 389 299 430 244 334 494 42 457 356 42 285 506 199 99 299 354 45 355 356 506 45 99 385 48 355 459 161 439 356 307 99 42 355 264 161 349 306 376 356 99 367 342 109 53 500 61 506 128 356 372 480 336 314 82 367 45 36 494 99 104 228 53 297 109 219 50 356 349 356 480 375 314 367 45 372 161 21 320 356 128 21 375 480 320 355 171 243 469 356 406 128 480 219 273 375 355 477 243 356 128 477 442 161 21 297 506 320 199 356 318 215 128 61 353 110 297 334 477 356 128 32 353 89 110 53 477 186 77 356 128 127 233 480 110 334 492 477 56 356 128 233 425 110 127 354 451 334 60 356 233 109 128 166 340 12 41 180 411
[dump] L23.moe    n=40960   finite=1 absmax=0.087366     mean=-3.3513e-05  sumsq=12.76108255        argmax=23898
[dump]   top0 idx=23898 val=0.08648
[dump]   top1 idx=3023 val=0.08292
[dump]   top2 idx=4286 val=0.07626
[dump]   top3 idx=2949 val=0.07545
[dump]   top4 idx=5037 val=0.07477
[dump] L23.res    n=327680  finite=1 absmax=23.485       mean=0.023427     sumsq=273878.6643        argmax=232417
[dump]   top0 idx=232417 val=20.04154
[dump]   top1 idx=169753 val=16.28049
[dump]   top2 idx=170460 val=15.08015
[dump]   top3 idx=252085 val=12.35082
[dump]   top4 idx=235413 val=12.18596
[dump] L24.att    n=40960   finite=1 absmax=0.20552      mean=-3.7375e-05  sumsq=26.82753179        argmax=21685
[dump]   top0 idx=21685 val=0.20552
[dump]   top1 idx=11445 val=0.19521
[dump]   top2 idx=39693 val=0.16184
[dump]   top3 idx=29365 val=0.16071
[dump]   top4 idx=22911 val=0.15067
[dump] L24.fmix   n=40960   finite=1 absmax=5.5844       mean=0.025664     sumsq=12812.79821        argmax=1500
[dump]   top0 idx=1500 val=5.58435
[dump]   top1 idx=4046 val=3.14316
[dump]   top2 idx=17813 val=2.61665
[dump]   top3 idx=3873 val=2.59062
[dump]   top4 idx=7573 val=2.53512
[dump] L24.mid    n=160     finite=1 absmax=0 mean=0 sumsq=0 ids: 308 387 456 219 175 439 263 46 181 370 263 175 387 219 354 446 462 46 183 231 134 99 36 263 320 446 498 308 212 387 263 99 360 308 342 387 433 46 175 354 263 360 308 157 342 128 82 99 433 134 206 360 387 395 175 263 308 394 46 458 134 263 99 387 223 277 446 308 360 183 134 387 90 223 446 204 360 313 263 261 360 354 387 263 252 99 446 150 27 46 263 360 354 387 66 183 462 208 446 46 181 263 360 46 308 387 446 175 99 134 263 134 181 183 387 360 462 354 28 231 263 462 360 183 134 354 181 387 231 223 263 181 134 462 183 219 439 354 28 218 181 360 263 134 462 387 231 175 81 317 263 462 181 360 317 183 134 387 218 393
[dump] L24.moe    n=40960   finite=1 absmax=0.56697      mean=0.0001809    sumsq=7.025947753        argmax=422
[dump]   top0 idx=422 val=0.28438
[dump]   top1 idx=403 val=0.08915
[dump]   top2 idx=2238 val=0.08664
[dump]   top3 idx=634 val=0.07260
[dump]   top4 idx=430 val=0.07248
[dump] L24.res    n=327680  finite=1 absmax=30.091       mean=0.014288     sumsq=200066.5615        argmax=169753
[dump]   top0 idx=169753 val=15.17015
[dump]   top1 idx=292568 val=14.15284
[dump]   top2 idx=272088 val=13.94485
[dump]   top3 idx=282328 val=13.77233
[dump]   top4 idx=261848 val=13.65914
[dump] L25.att    n=40960   finite=1 absmax=0.4336       mean=0.00085056   sumsq=95.32939133        argmax=21473
[dump]   top0 idx=21473 val=0.43360
[dump]   top1 idx=29111 val=0.40515
[dump]   top2 idx=31671 val=0.39701
[dump]   top3 idx=8673 val=0.37745
[dump]   top4 idx=422 val=0.34223
[dump] L25.fmix   n=40960   finite=1 absmax=3.5584       mean=0.030844     sumsq=13357.57856        argmax=4046
[dump]   top0 idx=4046 val=3.55837
[dump]   top1 idx=1500 val=3.02361
[dump]   top2 idx=37981 val=2.49527
[dump]   top3 idx=230 val=2.49464
[dump]   top4 idx=7573 val=2.34166
[dump] L25.mid    n=160     finite=1 absmax=0 mean=0 sumsq=0 ids: 192 218 430 150 209 322 229 376 87 369 192 376 425 369 321 466 154 430 292 209 317 382 113 205 40 209 425 20 374 371 444 425 321 374 209 218 376 430 104 371 371 276 425 115 321 417 110 374 487 218 376 371 427 425 377 73 218 361 238 142 374 371 153 425 218 369 430 330 264 321 459 430 170 427 369 153 218 321 211 370 427 430 153 488 264 374 29 370 456 295 264 374 430 370 376 427 218 321 8 59 377 321 427 445 264 376 96 218 430 374 264 374 430 153 96 142 68 376 478 495 264 374 59 478 292 68 156 275 495 142 264 142 96 376 87 430 478 153 240 427 264 430 427 376 68 374 142 240 478 153 264 59 156 275 427 142 370 374 376 495
[dump] L25.moe    n=40960   finite=1 absmax=0.047591     mean=3.7465e-05   sumsq=3.662001306        argmax=22299
[dump]   top0 idx=22299 val=0.04759
[dump]   top1 idx=8682 val=0.04489
[dump]   top2 idx=34384 val=0.04145
[dump]   top3 idx=38302 val=0.04061
[dump]   top4 idx=24921 val=0.03869
[dump] L25.res    n=327680  finite=1 absmax=31.805       mean=0.016117     sumsq=226760.3869        argmax=169753
[dump]   top0 idx=169753 val=19.29029
[dump]   top1 idx=170460 val=18.35465
[dump]   top2 idx=292568 val=16.85705
[dump]   top3 idx=272088 val=16.59986
[dump]   top4 idx=282328 val=16.41206
[dump] L26.att    n=40960   finite=1 absmax=1.1496       mean=-0.0023273   sumsq=180.3184377        argmax=39128
[dump]   top0 idx=39128 val=0.44184
[dump]   top1 idx=39534 val=0.38607
[dump]   top2 idx=784 val=0.35846
[dump]   top3 idx=5848 val=0.34942
[dump]   top4 idx=2121 val=0.33864
[dump] L26.fmix   n=40960   finite=1 absmax=2.9736       mean=0.019094     sumsq=11624.19238        argmax=7573
[dump]   top0 idx=7573 val=2.88116
[dump]   top1 idx=17813 val=2.84803
[dump]   top2 idx=788 val=2.62628
[dump]   top3 idx=12655 val=2.42909
[dump]   top4 idx=30613 val=2.35913
[dump] L26.mid    n=160     finite=1 absmax=0 mean=0 sumsq=0 ids: 461 264 107 325 508 341 164 417 379 495 264 461 417 278 341 164 58 508 355 325 461 278 264 230 17 7 243 319 123 121 264 461 278 417 379 58 508 70 341 230 187 230 461 373 97 433 17 320 264 346 461 379 508 97 278 243 355 177 433 373 417 461 464 97 230 199 355 278 40 319 97 461 455 373 464 199 243 319 278 164 461 97 164 373 423 417 243 464 304 18 423 461 97 417 18 243 384 322 164 320 278 461 97 417 18 508 322 373 7 379 355 461 417 97 18 464 278 320 322 243 461 278 355 243 18 322 417 387 203 40 355 461 320 384 495 243 203 97 322 341 355 461 97 417 267 384 320 322 18 500 97 18 355 267 373 322 461 387 416 203
[dump] L26.moe    n=40960   finite=1 absmax=0.61419      mean=-3.0755e-05  sumsq=4.682966009        argmax=11726
[dump]   top0 idx=11726 val=0.05336
[dump]   top1 idx=422 val=0.04988
[dump]   top2 idx=8028 val=0.04894
[dump]   top3 idx=2324 val=0.04737
[dump]   top4 idx=579 val=0.04658
[dump] L26.res    n=327680  finite=1 absmax=64.003       mean=0.0089972    sumsq=119214.7784        argmax=169753
[dump]   top0 idx=169753 val=17.25475
[dump]   top1 idx=170460 val=14.88739
[dump]   top2 idx=292568 val=12.54123
[dump]   top3 idx=272088 val=12.35052
[dump]   top4 idx=282328 val=12.20887
[dump] L27.att    n=40960   finite=1 absmax=3.4178       mean=0.00019942   sumsq=403.1274018        argmax=2311
[dump]   top0 idx=2311 val=3.41780
[dump]   top1 idx=47 val=1.30467
[dump]   top2 idx=1378 val=1.13045
[dump]   top3 idx=86 val=1.10750
[dump]   top4 idx=1795 val=1.06949
[dump] L27.fmix   n=40960   finite=1 absmax=3.3328       mean=0.020889     sumsq=12369.86684        argmax=4046
[dump]   top0 idx=4046 val=3.33281
[dump]   top1 idx=17813 val=2.96273
[dump]   top2 idx=16176 val=2.81967
[dump]   top3 idx=7573 val=2.77163
[dump]   top4 idx=18551 val=2.73519
[dump] L27.mid    n=160     finite=1 absmax=0 mean=0 sumsq=0 ids: 430 424 98 400 108 361 397 130 104 323 323 350 98 108 273 84 120 424 397 240 323 350 211 360 23 108 430 482 219 166 482 323 108 98 418 30 360 461 430 350 323 461 508 108 418 350 174 430 360 23 120 323 350 108 418 201 98 360 511 104 323 98 360 418 108 350 286 508 104 261 323 418 350 98 508 430 120 490 360 108 418 350 323 98 384 430 360 120 492 108 323 418 350 98 430 108 166 360 151 508 317 418 323 108 508 430 98 360 350 192 323 98 508 418 104 457 261 430 120 84 323 508 418 350 98 84 500 108 120 261 508 323 430 418 98 166 261 151 219 137 430 323 508 418 166 98 249 371 261 151 323 418 430 166 249 437 45 360 240 48
[dump] L27.moe    n=40960   finite=1 absmax=0.057945     mean=0.00024259   sumsq=4.430679356        argmax=30370
[dump]   top0 idx=30370 val=0.05618
[dump]   top1 idx=29990 val=0.05349
[dump]   top2 idx=29728 val=0.05057
[dump]   top3 idx=29282 val=0.04880
[dump]   top4 idx=29170 val=0.04790
[dump] L27.res    n=327680  finite=1 absmax=55.817       mean=0.01646      sumsq=242528.7331        argmax=170460
[dump]   top0 idx=170460 val=18.63190
[dump]   top1 idx=169753 val=18.22666
[dump]   top2 idx=292568 val=17.54537
[dump]   top3 idx=272088 val=17.27840
[dump]   top4 idx=282328 val=17.08045
[dump] L28.att    n=40960   finite=1 absmax=0.6094       mean=-0.0018898   sumsq=100.2827939        argmax=2311
[dump]   top0 idx=2311 val=0.60940
[dump]   top1 idx=914 val=0.28096
[dump]   top2 idx=4544 val=0.23297
[dump]   top3 idx=36680 val=0.22346
[dump]   top4 idx=693 val=0.21958
[dump] L28.fmix   n=40960   finite=1 absmax=3.71         mean=0.020705     sumsq=13186.25439        argmax=36536
[dump]   top0 idx=36536 val=3.39947
[dump]   top1 idx=4046 val=3.22432
[dump]   top2 idx=17813 val=3.11552
[dump]   top3 idx=9908 val=3.05140
[dump]   top4 idx=7573 val=2.84808
[dump] L28.mid    n=160     finite=1 absmax=0 mean=0 sumsq=0 ids: 28 297 139 364 433 421 300 352 164 474 352 52 139 219 297 277 474 145 86 150 352 141 110 139 52 229 136 63 130 1 297 52 139 101 352 474 219 339 147 81 52 352 101 118 282 219 139 421 297 136 52 392 150 219 277 390 9 386 352 160 52 66 433 352 408 229 63 139 469 366 52 433 352 63 219 503 172 66 130 386 52 433 66 352 219 229 469 422 189 458 433 66 390 52 63 422 229 297 277 392 421 352 52 422 54 150 0 433 297 21 421 0 433 52 63 469 229 21 352 81 421 0 433 52 214 21 63 422 297 430 421 52 0 433 297 219 63 133 275 172 52 421 0 275 182 21 297 63 460 433 0 433 421 52 21 275 352 63 366 182
[dump] L28.moe    n=40960   finite=1 absmax=0.13383      mean=-8.729e-05   sumsq=4.481046946        argmax=2311
[dump]   top0 idx=2311 val=0.13383
[dump]   top1 idx=27542 val=0.05623
[dump]   top2 idx=40853 val=0.05599
[dump]   top3 idx=23707 val=0.04917
[dump]   top4 idx=39067 val=0.04817
[dump] L28.res    n=327680  finite=1 absmax=28.225       mean=0.012476     sumsq=242340.1017        argmax=169753
[dump]   top0 idx=169753 val=16.05636
[dump]   top1 idx=170460 val=15.68950
[dump]   top2 idx=183246 val=14.04995
[dump]   top3 idx=292568 val=13.52937
[dump]   top4 idx=272088 val=13.32363
[dump] L29.att    n=40960   finite=1 absmax=0.21255      mean=0.0002662    sumsq=23.63333052        argmax=40195
[dump]   top0 idx=40195 val=0.21255
[dump]   top1 idx=39128 val=0.18035
[dump]   top2 idx=36568 val=0.16678
[dump]   top3 idx=11191 val=0.14256
[dump]   top4 idx=24835 val=0.14020
[dump] L29.fmix   n=40960   finite=1 absmax=4.0315       mean=0.0154       sumsq=14191.37758        argmax=4046
[dump]   top0 idx=4046 val=4.03150
[dump]   top1 idx=7573 val=3.98448
[dump]   top2 idx=788 val=3.76497
[dump]   top3 idx=17813 val=3.46079
[dump]   top4 idx=30613 val=3.33671
[dump] L29.mid    n=160     finite=1 absmax=0 mean=0 sumsq=0 ids: 293 466 68 387 262 400 285 337 54 451 387 290 273 148 330 93 250 504 162 337 290 148 387 273 325 16 394 250 330 93 148 290 250 387 273 330 91 265 93 267 290 118 148 273 508 250 387 265 312 259 387 290 148 93 273 317 91 296 259 118 259 387 290 265 250 118 273 325 338 296 259 387 118 273 290 265 93 325 440 274 387 259 290 265 273 22 91 312 148 118 387 259 290 273 22 148 97 265 93 91 118 387 273 290 259 265 250 148 469 93 259 387 273 290 265 97 438 325 342 453 342 438 259 265 387 273 290 451 93 468 279 259 325 389 93 273 265 185 387 97 387 273 259 93 118 265 342 290 463 438 259 438 342 279 97 265 387 468 118 22
[dump] L29.moe    n=40960   finite=1 absmax=0.14844      mean=0.00010392   sumsq=9.672633922        argmax=2311
[dump]   top0 idx=2311 val=0.14844
[dump]   top1 idx=29199 val=0.08387
[dump]   top2 idx=20969 val=0.07926
[dump]   top3 idx=21613 val=0.07758
[dump]   top4 idx=40696 val=0.07299
[dump] L29.res    n=327680  finite=1 absmax=32.069       mean=0.015079     sumsq=268312.2611        argmax=169753
[dump]   top0 idx=169753 val=18.87898
[dump]   top1 idx=323511 val=17.32892
[dump]   top2 idx=313271 val=17.32132
[dump]   top3 idx=282551 val=17.15058
[dump]   top4 idx=272311 val=16.66846
[dump] L30.att    n=40960   finite=1 absmax=1.1661       mean=-0.0005534   sumsq=113.7279903        argmax=38882
[dump]   top0 idx=38882 val=0.48476
[dump]   top1 idx=1603 val=0.42597
[dump]   top2 idx=31713 val=0.39075
[dump]   top3 idx=21431 val=0.38096
[dump]   top4 idx=26082 val=0.36702
[dump] L30.fmix   n=40960   finite=1 absmax=7.3624       mean=0.015557     sumsq=19539.83858        argmax=4046
[dump]   top0 idx=4046 val=4.93066
[dump]   top1 idx=1500 val=3.74354
[dump]   top2 idx=788 val=3.69736
[dump]   top3 idx=8681 val=3.57754
[dump]   top4 idx=30613 val=3.05156
[dump] L30.mid    n=160     finite=1 absmax=0 mean=0 sumsq=0 ids: 165 151 398 326 331 506 40 137 138 417 506 165 138 14 326 500 409 111 398 280 95 414 280 409 506 14 311 227 234 338 205 165 280 223 506 318 398 498 106 259 376 280 5 223 81 409 22 463 335 318 14 308 409 151 234 290 506 12 110 129 506 138 111 11 335 151 205 181 212 398 506 138 14 335 441 212 409 86 6 154 335 506 138 280 11 212 473 111 441 439 11 138 506 14 111 280 335 498 212 398 181 473 409 506 370 129 64 6 439 280 506 11 398 138 181 151 335 282 49 136 506 138 212 11 335 409 128 40 500 473 181 335 506 280 212 151 79 11 415 398 181 506 335 326 86 82 11 244 212 415 244 335 506 11 100 128 482 510 398 181
[dump] L30.moe    n=40960   finite=1 absmax=0.065153     mean=0.00011825   sumsq=7.921416904        argmax=36714
[dump]   top0 idx=36714 val=0.06290
[dump]   top1 idx=34729 val=0.06067
[dump]   top2 idx=17713 val=0.05821
[dump]   top3 idx=35492 val=0.05555
[dump]   top4 idx=28798 val=0.05454
[dump] L30.res    n=327680  finite=1 absmax=28.706       mean=0.010593     sumsq=120465.2234        argmax=169753
[dump]   top0 idx=169753 val=15.91403
[dump]   top1 idx=292568 val=13.63386
[dump]   top2 idx=272088 val=13.43364
[dump]   top3 idx=282328 val=13.30897
[dump]   top4 idx=261848 val=13.20058
[dump] L31.att    n=40960   finite=1 absmax=0.76626      mean=-0.002738    sumsq=166.5447069        argmax=892
[dump]   top0 idx=892 val=0.76626
[dump]   top1 idx=2311 val=0.76051
[dump]   top2 idx=1795 val=0.47187
[dump]   top3 idx=3765 val=0.42543
[dump]   top4 idx=2121 val=0.39039
[dump] L31.fmix   n=40960   finite=1 absmax=6.7076       mean=0.0070907    sumsq=29351.97747        argmax=23768
[dump]   top0 idx=23768 val=6.70760
[dump]   top1 idx=8681 val=6.04485
[dump]   top2 idx=21208 val=5.41504
[dump]   top3 idx=13528 val=4.88560
[dump]   top4 idx=9908 val=4.61397
[dump] L31.mid    n=160     finite=1 absmax=0 mean=0 sumsq=0 ids: 283 174 156 96 215 136 55 199 100 50 494 199 50 405 207 100 318 12 156 474 263 494 199 207 192 314 318 31 474 298 207 156 494 234 379 33 444 405 388 298 116 207 236 453 210 156 318 16 494 326 288 32 116 426 50 406 501 399 207 444 288 207 494 156 426 302 399 318 199 405 494 199 399 193 426 288 311 501 134 405 494 207 288 405 199 318 446 303 174 501 494 399 318 501 207 288 342 405 156 303 405 207 399 100 314 192 303 318 494 174 494 405 283 399 289 318 156 342 199 207 494 318 283 174 399 303 449 405 501 288 283 289 494 327 405 156 96 288 177 192 289 283 156 494 405 449 174 302 12 446 303 289 449 174 283 405 156 494 56 207
[dump] L31.moe    n=40960   finite=1 absmax=0.10536      mean=0.00020015   sumsq=11.65596902        argmax=2311
[dump]   top0 idx=2311 val=0.10536
[dump]   top1 idx=3022 val=0.09549
[dump]   top2 idx=8142 val=0.07689
[dump]   top3 idx=28680 val=0.07245
[dump]   top4 idx=29346 val=0.07065
[dump] L31.res    n=327680  finite=1 absmax=36.374       mean=0.011958     sumsq=309236.4817        argmax=169753
[dump]   top0 idx=169753 val=24.08734
[dump]   top1 idx=170460 val=21.13260
[dump]   top2 idx=323511 val=17.17173
[dump]   top3 idx=313271 val=17.11773
[dump]   top4 idx=282551 val=16.94919
[dump] L32.att    n=40960   finite=1 absmax=0.39551      mean=-0.00090186  sumsq=54.72966108        argmax=5081
[dump]   top0 idx=5081 val=0.39551
[dump]   top1 idx=7622 val=0.29881
[dump]   top2 idx=3553 val=0.26401
[dump]   top3 idx=33222 val=0.24238
[dump]   top4 idx=6254 val=0.23174
[dump] L32.fmix   n=40960   finite=1 absmax=5.0273       mean=0.0073551    sumsq=26634.37489        argmax=8681
[dump]   top0 idx=8681 val=5.02731
[dump]   top1 idx=14245 val=3.77546
[dump]   top2 idx=13717 val=3.76866
[dump]   top3 idx=9908 val=3.72950
[dump]   top4 idx=788 val=3.66718
[dump] L32.mid    n=160     finite=1 absmax=0 mean=0 sumsq=0 ids: 228 243 272 256 487 429 58 132 392 74 228 28 429 359 480 92 243 272 142 394 228 28 140 429 142 149 113 99 236 261 228 429 447 188 124 28 319 341 418 261 188 228 104 447 429 319 303 138 243 58 228 394 272 142 12 140 369 388 419 205 359 429 243 228 142 58 140 487 272 263 228 429 272 243 359 394 400 58 140 74 228 429 243 272 142 359 263 58 149 140 359 228 429 263 272 243 142 480 58 92 228 272 243 465 429 400 263 149 447 142 228 429 243 272 359 480 58 263 479 140 228 429 272 263 359 243 140 391 480 132 243 228 429 58 189 272 489 479 263 248 228 243 278 7 480 359 75 58 202 92 243 228 359 454 278 235 189 480 507 263
[dump] L32.moe    n=40960   finite=1 absmax=0.37396      mean=0.00011756   sumsq=14.89833516        argmax=2311
[dump]   top0 idx=2311 val=0.31289
[dump]   top1 idx=1547 val=0.10912
[dump]   top2 idx=472 val=0.10729
[dump]   top3 idx=895 val=0.10281
[dump]   top4 idx=245 val=0.09924
[dump] L32.res    n=327680  finite=1 absmax=48.624       mean=0.01292      sumsq=284570.8575        argmax=170460
[dump]   top0 idx=170460 val=20.02470
[dump]   top1 idx=169753 val=16.17556
[dump]   top2 idx=292568 val=12.40515
[dump]   top3 idx=272088 val=12.21779
[dump]   top4 idx=282328 val=12.10797
[dump] L33.att    n=40960   finite=1 absmax=0.17805      mean=-0.0012543   sumsq=28.48949729        argmax=4960
[dump]   top0 idx=4960 val=0.17805
[dump]   top1 idx=39129 val=0.15000
[dump]   top2 idx=10073 val=0.14661
[dump]   top3 idx=26593 val=0.14639
[dump]   top4 idx=32602 val=0.14505
[dump] L33.fmix   n=40960   finite=1 absmax=5.5951       mean=0.0096       sumsq=22040.79048        argmax=4046
[dump]   top0 idx=4046 val=5.59514
[dump]   top1 idx=6606 val=4.38522
[dump]   top2 idx=32206 val=3.96351
[dump]   top3 idx=788 val=3.10294
[dump]   top4 idx=13717 val=3.08095
[dump] L33.mid    n=160     finite=1 absmax=0 mean=0 sumsq=0 ids: 136 486 387 243 471 160 105 200 28 504 136 486 387 160 299 363 419 365 243 471 387 328 398 136 486 222 71 304 471 259 136 328 249 486 387 469 363 105 160 84 486 136 366 387 471 333 363 469 444 105 387 471 136 291 448 84 419 474 127 243 366 419 136 279 486 471 387 328 363 155 136 419 279 363 387 365 206 366 471 499 136 419 363 470 279 362 387 206 486 105 470 363 136 419 365 279 471 345 84 362 136 84 486 428 279 328 419 471 366 160 84 363 136 362 279 471 345 419 305 486 136 362 363 471 84 279 419 374 155 486 84 136 374 345 279 155 363 486 471 499 363 84 136 253 299 209 345 407 279 160 362 374 84 279 345 136 419 363 209 509
[dump] L33.moe    n=40960   finite=1 absmax=0.070426     mean=-3.1556e-05  sumsq=8.898105484        argmax=3119
[dump]   top0 idx=3119 val=0.06784
[dump]   top1 idx=6381 val=0.06657
[dump]   top2 idx=3777 val=0.06627
[dump]   top3 idx=8707 val=0.06501
[dump]   top4 idx=3677 val=0.06423
[dump] L33.res    n=327680  finite=1 absmax=43.005       mean=0.011613     sumsq=279905.0565        argmax=170460
[dump]   top0 idx=170460 val=19.09557
[dump]   top1 idx=292568 val=16.47841
[dump]   top2 idx=169753 val=16.27021
[dump]   top3 idx=272088 val=16.22915
[dump]   top4 idx=282328 val=16.08335
[dump] L34.att    n=40960   finite=1 absmax=0.38261      mean=-0.00067104  sumsq=58.77190811        argmax=26082
[dump]   top0 idx=26082 val=0.38261
[dump]   top1 idx=40282 val=0.31271
[dump]   top2 idx=38882 val=0.31173
[dump]   top3 idx=32602 val=0.29693
[dump]   top4 idx=30042 val=0.29070
[dump] L34.fmix   n=40960   finite=1 absmax=4.2789       mean=0.019124     sumsq=19542.5017         argmax=1500
[dump]   top0 idx=1500 val=4.27889
[dump]   top1 idx=7573 val=4.09686
[dump]   top2 idx=17813 val=3.57510
[dump]   top3 idx=28893 val=3.42961
[dump]   top4 idx=36536 val=3.41368
[dump] L34.mid    n=160     finite=1 absmax=0 mean=0 sumsq=0 ids: 449 475 275 87 496 19 101 111 24 399 111 29 101 24 275 22 119 484 460 459 131 157 29 119 111 7 173 102 33 509 29 7 459 201 185 101 299 157 119 24 440 29 157 459 111 131 190 506 201 119 87 496 277 264 88 24 101 275 399 29 111 24 131 448 101 366 29 102 119 22 131 88 22 101 29 448 24 119 111 459 29 448 24 22 102 101 460 353 119 5 29 24 448 101 102 22 353 460 131 347 111 29 299 459 201 119 24 101 366 465 131 24 101 448 111 366 102 460 22 347 111 131 366 448 101 24 22 102 460 347 131 24 101 353 448 22 29 275 102 273 131 123 22 101 24 448 150 201 29 430 448 131 24 101 22 460 247 366 275 29
[dump] L34.moe    n=40960   finite=1 absmax=0.13791      mean=0.00033506   sumsq=13.78464917        argmax=28307
[dump]   top0 idx=28307 val=0.11050
[dump]   top1 idx=28691 val=0.10621
[dump]   top2 idx=30415 val=0.10325
[dump]   top3 idx=29990 val=0.10304
[dump]   top4 idx=30391 val=0.10198
[dump] L34.res    n=327680  finite=1 absmax=23.509       mean=0.0083232    sumsq=133541.3834        argmax=169753
[dump]   top0 idx=169753 val=14.13526
[dump]   top1 idx=292568 val=13.82454
[dump]   top2 idx=272088 val=13.61530
[dump]   top3 idx=170460 val=13.51194
[dump]   top4 idx=282328 val=13.49314
[dump] L35.att    n=40960   finite=1 absmax=0.77598      mean=3.8251e-06   sumsq=140.5129313        argmax=1736
[dump]   top0 idx=1736 val=0.71066
[dump]   top1 idx=360 val=0.53090
[dump]   top2 idx=994 val=0.50682
[dump]   top3 idx=1795 val=0.49571
[dump]   top4 idx=1882 val=0.44736
[dump] L35.fmix   n=40960   finite=1 absmax=4.5529       mean=0.014447     sumsq=25191.40442        argmax=19715
[dump]   top0 idx=19715 val=3.53845
[dump]   top1 idx=12035 val=3.48907
[dump]   top2 idx=29955 val=3.34770
[dump]   top3 idx=14245 val=3.32154
[dump]   top4 idx=7971 val=3.24117
[dump] L35.mid    n=160     finite=1 absmax=0 mean=0 sumsq=0 ids: 434 31 170 360 342 472 406 372 500 403 472 161 3 222 342 375 309 434 362 31 222 309 3 161 342 56 472 162 455 362 161 472 291 222 403 70 426 309 342 353 472 161 70 3 222 31 259 342 9 345 3 368 472 453 501 74 9 8 49 434 472 3 31 121 49 453 161 375 434 70 472 3 397 31 375 315 52 453 49 434 472 375 161 3 315 31 434 222 56 121 472 161 375 3 315 31 56 372 121 434 472 500 170 222 161 31 426 315 375 372 472 31 121 375 434 315 161 3 426 277 375 472 315 31 121 3 385 434 222 342 121 31 472 490 315 56 375 161 434 162 472 31 121 315 173 490 434 161 454 372 121 472 31 315 490 56 161 375 162 434
[dump] L35.moe    n=40960   finite=1 absmax=0.17464      mean=0.0007879    sumsq=25.47334179        argmax=30042
[dump]   top0 idx=30042 val=0.16650
[dump]   top1 idx=21769 val=0.13216
[dump]   top2 idx=22362 val=0.12764
[dump]   top3 idx=21167 val=0.12290
[dump]   top4 idx=20856 val=0.12284
[dump] L35.res    n=327680  finite=1 absmax=24.226       mean=0.018316     sumsq=313017.8075        argmax=323511
[dump]   top0 idx=323511 val=19.41127
[dump]   top1 idx=313271 val=19.32269
[dump]   top2 idx=282551 val=19.14820
[dump]   top3 idx=169753 val=19.06357
[dump]   top4 idx=324798 val=18.85782
[dump] L36.att    n=40960   finite=1 absmax=6.0723       mean=0.0026784    sumsq=752.4901773        argmax=1827
[dump]   top0 idx=1827 val=3.08663
[dump]   top1 idx=2311 val=2.04483
[dump]   top2 idx=1984 val=1.95033
[dump]   top3 idx=2238 val=1.92399
[dump]   top4 idx=403 val=1.86143
[dump] L36.fmix   n=40960   finite=1 absmax=6.0988       mean=0.035999     sumsq=38545.49491        argmax=8681
[dump]   top0 idx=8681 val=5.41292
[dump]   top1 idx=4046 val=4.88340
[dump]   top2 idx=14245 val=4.55279
[dump]   top3 idx=19490 val=4.41280
[dump]   top4 idx=13717 val=4.33315
[dump] L36.mid    n=160     finite=1 absmax=0 mean=0 sumsq=0 ids: 363 78 76 429 55 210 407 265 388 45 412 396 358 102 218 25 387 490 217 269 218 412 396 233 387 429 137 105 388 96 218 308 134 76 147 388 349 146 445 439 358 134 96 369 218 396 298 76 125 233 54 491 306 55 496 363 313 219 4 481 387 313 218 358 25 429 134 396 210 258 244 387 102 306 481 341 313 218 248 485 387 296 218 258 25 102 313 341 244 210 387 258 25 218 210 296 363 76 265 102 218 339 387 293 148 140 26 363 158 388 387 218 25 485 313 494 158 243 248 210 387 25 258 330 324 388 169 40 210 485 387 185 25 258 442 218 243 410 429 168 387 278 258 25 442 179 18 314 370 262 387 179 442 258 25 168 185 410 182 307
[dump] L36.moe    n=40960   finite=1 absmax=0.22943      mean=0.00058858   sumsq=54.05041279        argmax=35107
[dump]   top0 idx=35107 val=0.21270
[dump]   top1 idx=34333 val=0.18328
[dump]   top2 idx=32840 val=0.18317
[dump]   top3 idx=29987 val=0.17327
[dump]   top4 idx=35458 val=0.17025
[dump] L36.res    n=327680  finite=1 absmax=50.374       mean=0.0252       sumsq=350257.0923        argmax=170460
[dump]   top0 idx=170460 val=27.37810
[dump]   top1 idx=169753 val=24.37147
[dump]   top2 idx=165667 val=18.65712
[dump]   top3 idx=292568 val=13.57868
[dump]   top4 idx=272088 val=13.36650
[dump] L37.att    n=40960   finite=1 absmax=2.2662       mean=-0.0010869   sumsq=127.9858814        argmax=2537
[dump]   top0 idx=2537 val=1.14541
[dump]   top1 idx=932 val=0.68177
[dump]   top2 idx=138 val=0.63429
[dump]   top3 idx=1359 val=0.55786
[dump]   top4 idx=1750 val=0.54769
[dump] L37.fmix   n=40960   finite=1 absmax=5.4607       mean=0.044305     sumsq=38419.51403        argmax=8681
[dump]   top0 idx=8681 val=4.75941
[dump]   top1 idx=12360 val=4.12800
[dump]   top2 idx=14245 val=4.10559
[dump]   top3 idx=10936 val=3.97342
[dump]   top4 idx=7573 val=3.94638
[dump] L37.mid    n=160     finite=1 absmax=0 mean=0 sumsq=0 ids: 255 72 379 304 131 25 418 420 10 324 255 19 324 304 150 369 286 379 118 451 451 286 128 350 369 118 200 435 255 197 306 255 346 19 511 359 284 265 479 128 128 346 255 187 451 150 33 379 304 131 131 297 302 25 379 255 392 134 96 142 19 29 118 346 369 57 484 304 255 313 118 19 57 360 255 25 369 197 290 27 118 19 352 346 57 369 484 155 200 255 352 19 118 57 200 306 369 346 255 326 19 317 255 369 484 346 379 118 155 326 346 255 369 131 19 200 57 379 313 155 369 57 304 264 255 19 346 118 155 477 313 57 469 369 389 346 200 326 306 128 313 346 321 19 369 469 57 326 255 118 313 346 57 369 469 304 264 19 326 243
[dump] L37.moe    n=40960   finite=1 absmax=0.16809      mean=0.00014461   sumsq=45.82988185        argmax=29042
[dump]   top0 idx=29042 val=0.16809
[dump]   top1 idx=24921 val=0.16487
[dump]   top2 idx=29424 val=0.15135
[dump]   top3 idx=28439 val=0.14779
[dump]   top4 idx=31602 val=0.14717
[dump] L37.res    n=327680  finite=1 absmax=72.828       mean=0.016331     sumsq=304995.9252        argmax=170460
[dump]   top0 idx=170460 val=28.94975
[dump]   top1 idx=169753 val=25.20715
[dump]   top2 idx=163978 val=19.00654
[dump]   top3 idx=189445 val=19.00224
[dump]   top4 idx=240645 val=18.80299
[dump] L38.att    n=40960   finite=1 absmax=0.46671      mean=-0.00063091  sumsq=108.6698749        argmax=403
[dump]   top0 idx=403 val=0.40369
[dump]   top1 idx=36753 val=0.33431
[dump]   top2 idx=34193 val=0.33397
[dump]   top3 idx=23953 val=0.29214
[dump]   top4 idx=7716 val=0.28861
[dump] L38.fmix   n=40960   finite=1 absmax=5.7766       mean=0.04413      sumsq=34875.42446        argmax=12655
[dump]   top0 idx=12655 val=5.77664
[dump]   top1 idx=10936 val=5.20640
[dump]   top2 idx=8681 val=5.01582
[dump]   top3 idx=1863 val=4.24615
[dump]   top4 idx=7573 val=4.09285
[dump] L38.mid    n=160     finite=1 absmax=0 mean=0 sumsq=0 ids: 317 456 283 345 309 41 57 287 446 205 425 96 394 164 305 438 188 275 402 483 460 188 265 96 425 402 232 187 438 504 464 352 279 145 96 376 51 54 460 164 396 460 183 96 193 202 111 356 384 306 341 347 206 235 309 104 18 462 388 345 7 206 438 460 226 116 341 50 393 483 241 425 375 124 307 259 106 291 388 438 504 460 388 96 124 50 206 400 486 279 504 460 454 355 279 438 135 486 50 206 153 87 71 226 460 454 173 452 164 350 460 206 116 226 213 7 41 117 244 483 483 226 460 206 438 486 7 117 188 50 226 412 173 206 457 287 262 460 50 483 168 173 226 370 323 483 228 287 262 254 226 287 173 483 206 260 354 76 438 457
[dump] L38.moe    n=40960   finite=1 absmax=0.1818       mean=-2.982e-05   sumsq=34.99472367        argmax=27937
[dump]   top0 idx=27937 val=0.18180
[dump]   top1 idx=8826 val=0.12970
[dump]   top2 idx=14924 val=0.12737
[dump]   top3 idx=37387 val=0.12533
[dump]   top4 idx=8177 val=0.11971
[dump] L38.res    n=327680  finite=1 absmax=29.741       mean=0.011245     sumsq=210504.7368        argmax=170460
[dump]   top0 idx=170460 val=20.33348
[dump]   top1 idx=169753 val=19.56281
[dump]   top2 idx=322565 val=15.39510
[dump]   top3 idx=271365 val=15.19255
[dump]   top4 idx=261125 val=15.15736
[dump] L39.att    n=40960   finite=1 absmax=0.55114      mean=0.00017861   sumsq=216.9850803        argmax=29052
[dump]   top0 idx=29052 val=0.55114
[dump]   top1 idx=15465 val=0.42110
[dump]   top2 idx=23839 val=0.41184
[dump]   top3 idx=31519 val=0.39633
[dump]   top4 idx=23561 val=0.39123
[dump] L39.fmix   n=40960   finite=1 absmax=8.4928       mean=0.027296     sumsq=41275.12877        argmax=8681
[dump]   top0 idx=8681 val=8.49277
[dump]   top1 idx=15939 val=5.72038
[dump]   top2 idx=8288 val=5.43617
[dump]   top3 idx=23619 val=5.15936
[dump]   top4 idx=5699 val=5.10883
[dump] L39.mid    n=160     finite=1 absmax=0 mean=0 sumsq=0 ids: 356 323 285 42 496 260 242 334 450 82 356 496 103 167 45 480 128 223 494 120 48 496 356 45 480 103 123 128 477 223 356 42 496 99 307 107 355 337 264 220 356 99 500 496 109 42 103 128 342 264 372 480 356 82 201 389 285 367 495 494 356 99 42 128 480 334 109 103 104 342 480 356 128 334 42 299 121 375 394 477 356 128 42 480 110 148 60 299 121 274 356 406 128 32 477 177 42 219 480 342 356 477 42 459 128 442 372 36 355 506 356 128 480 334 110 60 42 496 148 360 356 334 32 60 128 42 480 145 110 257 356 60 127 128 233 116 108 10 110 433 356 425 60 334 257 116 127 233 128 463 356 60 128 425 233 127 116 110 32 257
[dump] L39.moe    n=40960   finite=1 absmax=0.45664      mean=0.00024971   sumsq=101.0117583        argmax=2311
[dump]   top0 idx=2311 val=0.45664
[dump]   top1 idx=422 val=0.30746
[dump]   top2 idx=21084 val=0.27700
[dump]   top3 idx=1882 val=0.26971
[dump]   top4 idx=21597 val=0.23810
[dump] L39.res    n=327680  finite=1 absmax=40.326       mean=0.020614     sumsq=491551.286         argmax=212335
[dump]   top0 idx=212335 val=23.82797
[dump]   top1 idx=165667 val=23.53599
[dump]   top2 idx=232417 val=23.22922
[dump]   top3 idx=169753 val=21.97674
[dump]   top4 idx=170460 val=21.31570
[dump] L40.att    n=40960   finite=1 absmax=0.68974      mean=0.0025639    sumsq=201.1097814        argmax=36901
[dump]   top0 idx=36901 val=0.68974
[dump]   top1 idx=13861 val=0.61877
[dump]   top2 idx=8741 val=0.56743
[dump]   top3 idx=27937 val=0.55030
[dump]   top4 idx=18402 val=0.48754
[dump] L40.fmix   n=40960   finite=1 absmax=7.3204       mean=0.033577     sumsq=46959.09565        argmax=8681
[dump]   top0 idx=8681 val=7.32042
[dump]   top1 idx=15939 val=6.26710
[dump]   top2 idx=22718 val=5.95495
[dump]   top3 idx=25278 val=5.69955
[dump]   top4 idx=20158 val=5.57386
[dump] L40.mid    n=160     finite=1 absmax=0 mean=0 sumsq=0 ids: 280 172 309 449 178 141 428 91 103 381 280 28 141 249 332 380 135 334 311 229 280 268 282 8 218 66 502 335 332 301 280 217 380 199 111 277 461 477 334 271 268 334 217 280 160 21 391 380 199 67 36 178 428 200 280 295 127 310 60 309 335 280 334 380 141 138 217 398 160 204 280 128 188 335 295 336 237 138 50 200 335 280 138 220 261 465 282 181 398 263 204 280 52 398 335 22 250 229 465 83 307 412 170 282 301 77 351 280 178 36 172 280 335 208 138 64 374 61 178 438 335 208 172 138 280 178 465 220 240 459 240 491 204 335 435 61 155 494 212 57 240 172 491 335 470 208 212 398 61 138 335 240 172 208 491 470 497 138 435 260
[dump] L40.moe    n=40960   finite=1 absmax=0.20035      mean=9.0475e-05   sumsq=38.54964631        argmax=10697
[dump]   top0 idx=10697 val=0.20035
[dump]   top1 idx=12437 val=0.19250
[dump]   top2 idx=11959 val=0.19235
[dump]   top3 idx=12555 val=0.18587
[dump]   top4 idx=10736 val=0.17680
[dump] L40.res    n=327680  finite=1 absmax=39.011       mean=0.022475     sumsq=389198.8404        argmax=170460
[dump]   top0 idx=170460 val=17.17715
[dump]   top1 idx=165667 val=16.26149
[dump]   top2 idx=169753 val=16.18132
[dump]   top3 idx=166538 val=15.61703
[dump]   top4 idx=231031 val=14.65112
[dump] L41.att    n=40960   finite=1 absmax=0.6411       mean=0.00064132   sumsq=158.2970026        argmax=17242
[dump]   top0 idx=17242 val=0.64110
[dump]   top1 idx=30042 val=0.62132
[dump]   top2 idx=32602 val=0.55256
[dump]   top3 idx=22362 val=0.54618
[dump]   top4 idx=27482 val=0.52970
[dump] L41.fmix   n=40960   finite=1 absmax=6.8216       mean=0.037685     sumsq=49709.35369        argmax=8681
[dump]   top0 idx=8681 val=5.66632
[dump]   top1 idx=1500 val=5.42683
[dump]   top2 idx=8288 val=5.05906
[dump]   top3 idx=11929 val=4.66108
[dump]   top4 idx=25380 val=4.63271
[dump] L41.mid    n=160     finite=1 absmax=0 mean=0 sumsq=0 ids: 59 240 198 491 331 445 482 420 266 348 348 178 489 196 27 505 378 281 20 21 205 348 132 58 378 20 480 423 19 178 289 387 19 343 255 90 204 160 348 135 21 95 204 343 90 71 454 196 160 255 496 59 55 433 42 491 476 198 403 482 157 59 116 118 204 496 198 433 299 20 59 489 299 376 240 430 440 399 433 198 132 118 506 253 58 198 302 422 116 205 404 118 131 205 426 366 348 132 342 75 389 45 406 303 146 461 505 510 169 374 59 433 118 416 198 450 443 240 105 491 59 433 440 118 450 476 240 198 491 105 278 59 305 450 483 17 433 221 413 52 59 450 346 433 240 477 301 338 293 417 59 450 491 119 433 118 440 472 106 111
[dump] L41.moe    n=40960   finite=1 absmax=0.1502       mean=-0.00022464  sumsq=46.51663613        argmax=10253
[dump]   top0 idx=10253 val=0.15020
[dump]   top1 idx=30466 val=0.14197
[dump]   top2 idx=12590 val=0.13907
[dump]   top3 idx=10644 val=0.13677
[dump]   top4 idx=11879 val=0.13527
[dump] L41.res    n=327680  finite=1 absmax=36.761       mean=0.022094     sumsq=391498.441         argmax=165667
[dump]   top0 idx=165667 val=26.66051
[dump]   top1 idx=170460 val=20.37575
[dump]   top2 idx=169753 val=13.86660
[dump]   top3 idx=167332 val=13.23340
[dump]   top4 idx=177522 val=13.15483
[dump] L42.att    n=40960   finite=1 absmax=0.75965      mean=0.0010125    sumsq=138.7627133        argmax=23522
[dump]   top0 idx=23522 val=0.41248
[dump]   top1 idx=20962 val=0.38158
[dump]   top2 idx=18402 val=0.35960
[dump]   top3 idx=39393 val=0.34891
[dump]   top4 idx=10722 val=0.34594
[dump] L42.fmix   n=40960   finite=1 absmax=5.5757       mean=0.038799     sumsq=49158.60855        argmax=8681
[dump]   top0 idx=8681 val=5.57567
[dump]   top1 idx=29042 val=4.89979
[dump]   top2 idx=33683 val=4.88862
[dump]   top3 idx=27937 val=4.79636
[dump]   top4 idx=21424 val=4.77741
[dump] L42.mid    n=160     finite=1 absmax=0 mean=0 sumsq=0 ids: 294 151 366 248 283 322 212 393 83 432 455 78 357 466 293 3 341 279 250 276 357 455 279 302 495 276 341 37 14 231 474 42 21 455 39 141 105 51 414 108 39 59 455 357 65 276 21 92 414 377 53 506 215 507 151 14 276 348 140 231 3 110 310 53 140 231 357 276 90 5 310 110 140 354 3 455 276 53 357 90 310 341 3 191 455 283 182 110 136 140 341 391 3 269 278 110 357 452 283 191 310 3 227 151 105 110 333 455 72 283 3 337 212 140 193 231 5 310 451 151 3 310 5 140 151 121 212 193 466 411 212 321 446 3 6 509 399 7 341 310 212 310 494 7 3 509 358 399 498 83 212 3 509 498 310 399 140 83 290 6
[dump] L42.moe    n=40960   finite=1 absmax=0.23276      mean=0.0006391    sumsq=74.65872978        argmax=36682
[dump]   top0 idx=36682 val=0.23276
[dump]   top1 idx=38053 val=0.21635
[dump]   top2 idx=544 val=0.20445
[dump]   top3 idx=40613 val=0.19975
[dump]   top4 idx=37677 val=0.19463
[dump] L42.res    n=327680  finite=1 absmax=20.404       mean=0.011847     sumsq=127688.3375        argmax=170460
[dump]   top0 idx=170460 val=12.49079
[dump]   top1 idx=165667 val=11.71897
[dump]   top2 idx=322565 val=11.41420
[dump]   top3 idx=271365 val=11.35003
[dump]   top4 idx=261125 val=11.28539
[dump] L43.att    n=40960   finite=1 absmax=0.53261      mean=0.0031606    sumsq=187.5698502        argmax=28888
[dump]   top0 idx=28888 val=0.50453
[dump]   top1 idx=29551 val=0.49361
[dump]   top2 idx=16751 val=0.48727
[dump]   top3 idx=30398 val=0.46598
[dump]   top4 idx=11631 val=0.44776
[dump] L43.fmix   n=40960   finite=1 absmax=5.6195       mean=0.036993     sumsq=36498.43921        argmax=25380
[dump]   top0 idx=25380 val=5.61955
[dump]   top1 idx=24008 val=3.96667
[dump]   top2 idx=33683 val=3.93070
[dump]   top3 idx=9856 val=3.92679
[dump]   top4 idx=29120 val=3.87730
[dump] L43.mid    n=160     finite=1 absmax=0 mean=0 sumsq=0 ids: 300 180 86 133 13 413 91 60 64 162 44 166 300 124 471 293 24 346 363 477 293 300 417 117 124 166 505 471 44 483 300 19 439 293 189 42 371 257 221 155 300 221 257 219 376 371 439 348 243 80 300 10 499 133 331 472 337 26 286 146 300 499 462 337 363 146 64 219 293 483 300 499 146 374 86 101 337 363 462 117 300 121 97 86 499 462 451 145 483 203 300 483 266 293 462 216 270 299 324 430 300 496 323 86 90 182 64 117 278 403 300 86 499 337 0 227 61 133 272 451 300 86 499 133 462 483 363 64 337 250 300 325 248 86 202 499 133 436 355 259 300 325 86 499 4 14 146 347 117 60 300 325 86 499 436 99 462 337 98 81
[dump] L43.moe    n=40960   finite=1 absmax=0.18125      mean=0.0002543    sumsq=39.6370463         argmax=28742
[dump]   top0 idx=28742 val=0.18125
[dump]   top1 idx=31302 val=0.16908
[dump]   top2 idx=29516 val=0.14949
[dump]   top3 idx=30262 val=0.13984
[dump]   top4 idx=20711 val=0.13878
[dump] L43.res    n=327680  finite=1 absmax=48.273       mean=0.036307     sumsq=581714.7927        argmax=262128
[dump]   top0 idx=262128 val=22.17467
[dump]   top1 idx=221754 val=19.80057
[dump]   top2 idx=228833 val=18.13528
[dump]   top3 idx=166538 val=18.11713
[dump]   top4 idx=176454 val=17.96451
[dump] L44.att    n=40960   finite=1 absmax=4.7329       mean=0.0038265    sumsq=1146.054893        argmax=1827
[dump]   top0 idx=1827 val=3.86093
[dump]   top1 idx=9867 val=3.58932
[dump]   top2 idx=27787 val=3.44279
[dump]   top3 idx=2187 val=2.84236
[dump]   top4 idx=422 val=2.42238
[dump] L44.fmix   n=40960   finite=1 absmax=7.4876       mean=0.050653     sumsq=51121.52125        argmax=26903
[dump]   top0 idx=26903 val=6.11704
[dump]   top1 idx=25380 val=5.87272
[dump]   top2 idx=31821 val=5.58934
[dump]   top3 idx=1500 val=5.43777
[dump]   top4 idx=40033 val=5.18161
[dump] L44.mid    n=160     finite=1 absmax=0 mean=0 sumsq=0 ids: 56 433 263 174 405 338 51 209 277 142 505 1 472 303 402 426 39 290 441 358 39 24 285 505 472 396 287 314 441 135 24 339 27 260 117 311 422 182 417 308 117 260 24 303 133 258 466 328 308 119 174 296 248 395 169 361 59 338 433 56 117 24 87 59 260 418 174 472 303 256 87 338 81 248 395 441 59 209 37 174 283 87 287 447 135 59 501 490 21 39 472 287 447 401 190 501 45 303 39 371 416 102 24 377 87 490 56 61 338 418 87 338 433 61 207 248 24 284 209 119 87 433 338 24 248 61 207 490 284 56 437 87 61 150 340 433 207 303 248 424 61 35 424 96 150 207 87 119 209 264 87 61 119 207 174 150 209 187 248 424
[dump] L44.moe    n=40960   finite=1 absmax=0.27576      mean=-3.0806e-06  sumsq=43.76730371        argmax=17101
[dump]   top0 idx=17101 val=0.15717
[dump]   top1 idx=26838 val=0.15456
[dump]   top2 idx=14141 val=0.15442
[dump]   top3 idx=16747 val=0.14644
[dump]   top4 idx=39034 val=0.14560
[dump] L44.res    n=327680  finite=1 absmax=36.824       mean=0.029576     sumsq=401589.5432        argmax=165667
[dump]   top0 idx=165667 val=25.62528
[dump]   top1 idx=165576 val=21.69561
[dump]   top2 idx=210551 val=18.81189
[dump]   top3 idx=163978 val=18.80955
[dump]   top4 idx=190071 val=17.55316
[dump] L45.att    n=40960   finite=1 absmax=2.4907       mean=0.0057756    sumsq=2654.027813        argmax=30042
[dump]   top0 idx=30042 val=2.18728
[dump]   top1 idx=17170 val=2.16678
[dump]   top2 idx=19730 val=2.05326
[dump]   top3 idx=1810 val=1.94036
[dump]   top4 idx=40210 val=1.91518
[dump] L45.fmix   n=40960   finite=1 absmax=8.7873       mean=0.050344     sumsq=53847.26571        argmax=31821
[dump]   top0 idx=31821 val=5.97578
[dump]   top1 idx=1500 val=5.89620
[dump]   top2 idx=25380 val=5.75774
[dump]   top3 idx=6915 val=5.67341
[dump]   top4 idx=28794 val=5.48417
[dump] L45.mid    n=160     finite=1 absmax=0 mean=0 sumsq=0 ids: 237 48 475 227 22 51 303 406 215 442 237 149 222 455 269 391 223 488 231 429 316 222 237 7 391 488 231 505 87 229 237 292 274 123 371 391 263 176 332 153 263 176 68 323 391 214 492 505 237 307 198 237 152 484 169 270 22 442 51 186 237 229 51 263 235 176 391 75 231 505 237 303 51 391 152 75 22 171 283 186 237 79 29 185 229 142 51 156 219 0 131 222 156 219 185 142 338 62 385 99 237 108 303 335 51 443 127 102 22 511 237 303 443 51 87 229 235 442 22 497 237 51 229 127 443 442 22 303 75 54 443 237 277 116 393 177 303 75 51 326 443 237 389 303 393 431 486 177 257 277 443 237 51 486 393 75 431 303 218 328
[dump] L45.moe    n=40960   finite=1 absmax=0.23203      mean=-0.00057686  sumsq=63.12724895        argmax=29111
[dump]   top0 idx=29111 val=0.20560
[dump]   top1 idx=26468 val=0.19235
[dump]   top2 idx=24263 val=0.17689
[dump]   top3 idx=28159 val=0.17492
[dump]   top4 idx=27256 val=0.17486
[dump] L45.res    n=327680  finite=1 absmax=40.978       mean=0.027451     sumsq=432552.397         argmax=165667
[dump]   top0 idx=165667 val=40.97797
[dump]   top1 idx=167332 val=30.73577
[dump]   top2 idx=229650 val=26.31428
[dump]   top3 idx=168210 val=25.21446
[dump]   top4 idx=239890 val=23.62203
[dump] L46.att    n=40960   finite=1 absmax=5.6213       mean=0.0036319    sumsq=3750.242757        argmax=18554
[dump]   top0 idx=18554 val=5.59210
[dump]   top1 idx=12427 val=4.37412
[dump]   top2 idx=21114 val=4.28661
[dump]   top3 idx=26234 val=4.12816
[dump]   top4 idx=15994 val=3.80650
[dump] L46.fmix   n=40960   finite=1 absmax=8.7597       mean=0.04094      sumsq=54352.02105        argmax=26234
[dump]   top0 idx=26234 val=6.76083
[dump]   top1 idx=30042 val=6.57002
[dump]   top2 idx=5051 val=5.63623
[dump]   top3 idx=18554 val=5.54931
[dump]   top4 idx=28794 val=5.46407
[dump] L46.mid    n=160     finite=1 absmax=0 mean=0 sumsq=0 ids: 25 338 230 297 348 77 31 60 477 239 25 68 384 38 426 227 333 0 247 138 25 38 227 510 246 257 296 343 31 54 25 427 60 508 459 343 301 397 205 147 25 459 3 164 427 318 276 397 296 205 81 25 341 383 230 348 136 283 246 284 25 81 56 230 459 281 14 343 296 348 25 56 60 81 167 163 230 437 458 510 25 56 81 227 294 491 54 269 348 119 25 337 231 119 56 123 269 491 438 191 25 56 60 63 377 491 456 497 257 215 25 56 60 348 230 419 343 497 81 6 25 56 348 60 343 81 67 389 215 297 25 98 474 56 60 497 264 430 491 297 25 298 56 494 463 180 81 16 60 275 25 56 60 343 348 81 500 296 497 67
[dump] L46.moe    n=40960   finite=1 absmax=0.31377      mean=-0.00022712  sumsq=105.918088         argmax=26551
[dump]   top0 idx=26551 val=0.31377
[dump]   top1 idx=16387 val=0.27719
[dump]   top2 idx=1027 val=0.26484
[dump]   top3 idx=7257 val=0.25901
[dump]   top4 idx=17550 val=0.24547
[dump] L46.res    n=327680  finite=1 absmax=28.533       mean=0.020827     sumsq=255584.6037        argmax=165667
[dump]   top0 idx=165667 val=25.28975
[dump]   top1 idx=163978 val=16.15971
[dump]   top2 idx=196747 val=16.01901
[dump]   top3 idx=176454 val=14.05961
[dump]   top4 idx=268427 val=13.37294
[dump] L47.att    n=40960   finite=1 absmax=2.9395       mean=-0.0035887   sumsq=971.7432224        argmax=2314
[dump]   top0 idx=2314 val=2.93949
[dump]   top1 idx=722 val=1.89925
[dump]   top2 idx=579 val=1.44006
[dump]   top3 idx=1027 val=1.42590
[dump]   top4 idx=1202 val=1.35057
[dump] L47.fmix   n=2560    finite=1 absmax=6.0506       mean=0.0075611    sumsq=3313.845006        argmax=122
[dump]   top0 idx=122 val=4.92662
[dump]   top1 idx=1795 val=4.76880
[dump]   top2 idx=1429 val=4.43801
[dump]   top3 idx=1101 val=3.70161
[dump]   top4 idx=2396 val=3.58656
[dump] L47.mid    n=10      finite=1 absmax=0 mean=0 sumsq=0 ids: 352 186 95 417 422 444 179 103 70 340
[dump] L47.moe    n=2560    finite=1 absmax=0.60828      mean=-0.00095706  sumsq=19.5115738         argmax=951
[dump]   top0 idx=951 val=0.58147
[dump]   top1 idx=617 val=0.44760
[dump]   top2 idx=2213 val=0.41423
[dump]   top3 idx=192 val=0.38536
[dump]   top4 idx=92 val=0.33664
[dump] L47.res    n=20480   finite=1 absmax=67.459       mean=-0.011827    sumsq=171201.8724        argmax=20133
[dump]   top0 idx=20133 val=32.25233
[dump]   top1 idx=15242 val=31.05953
[dump]   top2 idx=15762 val=25.42074
[dump]   top3 idx=17573 val=23.38038
[dump]   top4 idx=15013 val=23.23442
[dump] L00.att    n=40960   finite=1 absmax=1.0866       mean=0.00022953   sumsq=449.7347614        argmax=2565
[dump]   top0 idx=2565 val=1.08664
[dump]   top1 idx=5 val=1.00970
[dump]   top2 idx=12805 val=0.94685
[dump]   top3 idx=5125 val=0.92478
[dump]   top4 idx=7685 val=0.91633
[dump] L00.fmix   n=40960   finite=1 absmax=2.7863       mean=0.0034925    sumsq=7318.77945         argmax=231
[dump]   top0 idx=231 val=2.36255
[dump]   top1 idx=268 val=2.32700
[dump]   top2 idx=22265 val=2.27917
[dump]   top3 idx=34347 val=2.24170
[dump]   top4 idx=37661 val=2.07894
[dump] L00.mid    n=160     finite=1 absmax=0 mean=0 sumsq=0 ids: 215 372 109 371 90 453 220 28 396 205 459 95 348 432 352 403 394 327 237 43 24 164 270 350 368 418 54 317 459 501 173 15 386 492 253 68 503 291 37 222 479 10 175 322 501 66 376 64 7 350 128 465 108 496 494 206 442 74 504 94 118 481 174 89 253 2 113 197 147 138 232 99 39 291 132 187 346 24 53 27 468 174 367 377 15 500 505 339 399 37 138 147 367 174 15 37 432 119 500 399 226 9 270 425 290 176 247 136 102 198 507 30 462 226 24 221 8 368 54 441 49 221 73 129 11 113 382 117 106 237 226 40 490 146 344 488 483 122 374 397 56 226 288 135 201 96 124 405 34 310 226 487 469 490 146 51 355 365 344 284
[dump] L00.moe    n=40960   finite=1 absmax=0.35476      mean=0.00043193   sumsq=37.30712243        argmax=1682
[dump]   top0 idx=1682 val=0.35476
[dump]   top1 idx=579 val=0.29842
[dump]   top2 idx=5 val=0.28178
[dump]   top3 idx=1500 val=0.27366
[dump]   top4 idx=23768 val=0.24801
[dump] L00.res    n=163840  finite=1 absmax=0.37763      mean=0.00038182   sumsq=75.25109152        argmax=46085
[dump]   top0 idx=46085 val=0.37763
[dump]   top1 idx=15365 val=0.32708
[dump]   top2 idx=76805 val=0.32478
[dump]   top3 idx=56325 val=0.31184
[dump]   top4 idx=138245 val=0.29906
[dump] L01.att    n=40960   finite=1 absmax=1.309        mean=-0.0039659   sumsq=774.8562834        argmax=14273
[dump]   top0 idx=14273 val=1.30900
[dump]   top1 idx=11713 val=1.15927
[dump]   top2 idx=6593 val=1.15191
[dump]   top3 idx=28491 val=1.12951
[dump]   top4 idx=5451 val=1.11806
[dump] L01.fmix   n=40960   finite=1 absmax=3.3254       mean=0.00018787   sumsq=6641.800807        argmax=4046
[dump]   top0 idx=4046 val=3.32542
[dump]   top1 idx=33285 val=2.60666
[dump]   top2 idx=25605 val=2.55110
[dump]   top3 idx=17925 val=2.52035
[dump]   top4 idx=35845 val=2.36411
[dump] L01.mid    n=160     finite=1 absmax=0 mean=0 sumsq=0 ids: 19 320 157 131 165 225 345 205 446 186 131 10 128 348 486 500 103 19 303 196 168 210 381 441 458 81 289 207 27 445 86 91 500 341 19 447 67 41 425 348 326 429 499 441 458 233 319 296 313 81 282 5 382 500 101 443 349 177 307 425 151 54 253 473 41 282 425 117 139 140 372 103 431 64 1 196 409 348 345 286 496 21 372 371 431 500 409 314 44 1 496 122 44 371 20 163 41 169 54 78 149 377 496 98 500 81 86 289 425 507 81 168 458 54 139 507 377 169 121 98 500 118 377 81 323 54 289 425 98 131 500 140 149 127 205 67 249 412 289 425 149 500 205 280 19 26 265 87 306 412 330 385 285 323 459 311 495 450 369 22
[dump] L01.moe    n=40960   finite=1 absmax=0.22226      mean=0.00012883   sumsq=2.859981689        argmax=1832
[dump]   top0 idx=1832 val=0.06782
[dump]   top1 idx=2010 val=0.05540
[dump]   top2 idx=1531 val=0.05507
[dump]   top3 idx=855 val=0.05451
[dump]   top4 idx=26455 val=0.05410
[dump] L01.res    n=327680  finite=1 absmax=30.067       mean=0.012318     sumsq=251639.3119        argmax=182615
[dump]   top0 idx=182615 val=16.86781
[dump]   top1 idx=271365 val=15.43888
[dump]   top2 idx=209925 val=15.36530
[dump]   top3 idx=240645 val=15.32231
[dump]   top4 idx=168965 val=15.19514
[dump] L02.att    n=40960   finite=1 absmax=3.0882       mean=0.0049858    sumsq=524.4505205        argmax=2010
[dump]   top0 idx=2010 val=1.25582
[dump]   top1 idx=403 val=0.80978
[dump]   top2 idx=2293 val=0.75753
[dump]   top3 idx=348 val=0.70048
[dump]   top4 idx=913 val=0.68048
[dump] L02.fmix   n=40960   finite=1 absmax=5.2914       mean=0.010458     sumsq=6600.393363        argmax=12655
[dump]   top0 idx=12655 val=2.07445
[dump]   top1 idx=24008 val=1.87715
[dump]   top2 idx=15072 val=1.85464
[dump]   top3 idx=7392 val=1.82036
[dump]   top4 idx=4046 val=1.78313
[dump] L02.mid    n=160     finite=1 absmax=0 mean=0 sumsq=0 ids: 75 12 209 68 137 403 257 272 87 255 75 42 169 139 22 479 356 192 61 376 75 141 42 169 13 61 355 356 430 102 75 259 427 32 440 61 466 371 12 356 410 433 355 124 252 407 75 133 76 341 32 103 123 75 9 22 285 259 426 69 70 124 75 165 402 355 133 191 356 52 22 75 69 170 145 35 430 61 356 180 230 22 75 480 260 356 102 285 61 506 75 230 22 356 152 61 285 260 431 480 75 61 185 431 459 482 385 22 52 319 430 75 385 52 421 13 316 88 388 275 75 70 385 72 503 205 376 382 16 133 75 275 187 61 32 13 272 12 420 31 75 507 399 225 129 275 272 161 495 61 265 397 309 352 167 275 406 165 75 173
[dump] L02.moe    n=40960   finite=1 absmax=0.10461      mean=0.00031603   sumsq=3.199852293        argmax=23308
[dump]   top0 idx=23308 val=0.10461
[dump]   top1 idx=20748 val=0.09189
[dump]   top2 idx=3288 val=0.09056
[dump]   top3 idx=5388 val=0.08286
[dump]   top4 idx=951 val=0.08256
[dump] L02.res    n=327680  finite=1 absmax=22.688       mean=0.014559     sumsq=123509.6405        argmax=168965
[dump]   top0 idx=168965 val=18.07111
[dump]   top1 idx=240645 val=17.12523
[dump]   top2 idx=271365 val=17.01322
[dump]   top3 idx=230405 val=16.57428
[dump]   top4 idx=209925 val=16.43214
[dump] L03.att    n=40960   finite=1 absmax=0.91906      mean=-0.0026528   sumsq=293.2921947        argmax=522
[dump]   top0 idx=522 val=0.77064
[dump]   top1 idx=1832 val=0.64989
[dump]   top2 idx=667 val=0.56205
[dump]   top3 idx=983 val=0.55267
[dump]   top4 idx=1578 val=0.55263
[dump] L03.fmix   n=40960   finite=1 absmax=3.3536       mean=0.016425     sumsq=12570.35719        argmax=4046
[dump]   top0 idx=4046 val=3.19385
[dump]   top1 idx=10968 val=3.14993
[dump]   top2 idx=33997 val=2.98993
[dump]   top3 idx=3288 val=2.91259
[dump]   top4 idx=8408 val=2.67237
[dump] L03.mid    n=160     finite=1 absmax=0 mean=0 sumsq=0 ids: 243 143 190 405 470 223 205 253 371 231 476 47 405 231 228 343 441 473 243 277 343 112 47 71 146 21 405 486 231 470 231 190 441 228 418 146 470 504 101 484 146 299 419 406 451 254 484 169 228 27 441 443 418 190 156 494 231 347 228 149 296 146 396 193 189 21 307 467 419 77 17 296 193 189 32 231 190 485 295 200 365 190 396 296 295 271 200 307 509 449 189 296 190 307 101 149 365 295 480 418 74 418 231 190 104 365 228 257 449 152 74 71 257 81 112 190 91 365 262 101 74 257 190 277 365 101 146 224 83 343 441 504 194 315 190 101 231 206 318 418 364 315 86 185 104 101 194 441 31 184 467 396 101 218 472 271 441 365 102 104
[dump] L03.moe    n=40960   finite=1 absmax=0.054375     mean=6.2612e-05   sumsq=3.684827863        argmax=22718
[dump]   top0 idx=22718 val=0.04621
[dump]   top1 idx=29614 val=0.04612
[dump]   top2 idx=28855 val=0.04411
[dump]   top3 idx=11687 val=0.03960
[dump]   top4 idx=29681 val=0.03944
[dump] L03.res    n=327680  finite=1 absmax=31.206       mean=0.01912      sumsq=259534.1606        argmax=168965
[dump]   top0 idx=168965 val=19.37314
[dump]   top1 idx=240645 val=18.32444
[dump]   top2 idx=271365 val=18.19684
[dump]   top3 idx=230405 val=17.79812
[dump]   top4 idx=209925 val=17.58557
[dump] L04.att    n=40960   finite=1 absmax=0.64974      mean=-0.0014987   sumsq=208.251436         argmax=29813
[dump]   top0 idx=29813 val=0.64974
[dump]   top1 idx=9333 val=0.50615
[dump]   top2 idx=32373 val=0.50032
[dump]   top3 idx=34933 val=0.47653
[dump]   top4 idx=10871 val=0.46011
[dump] L04.fmix   n=40960   finite=1 absmax=3.2754       mean=0.014737     sumsq=14263.84377        argmax=4046
[dump]   top0 idx=4046 val=3.27540
[dump]   top1 idx=22230 val=2.97794
[dump]   top2 idx=22265 val=2.86999
[dump]   top3 idx=22766 val=2.74879
[dump]   top4 idx=22718 val=2.73696
[dump] L04.mid    n=160     finite=1 absmax=0 mean=0 sumsq=0 ids: 3 309 119 392 252 307 486 106 41 453 309 385 274 453 402 410 252 277 123 62 309 505 385 41 293 479 414 251 299 36 309 410 421 414 252 204 496 500 453 454 204 36 309 378 414 333 72 366 159 379 153 41 274 410 207 491 259 204 106 36 455 479 36 16 303 321 413 204 174 91 41 21 309 134 282 453 410 106 312 500 504 21 177 134 41 282 351 150 221 309 256 309 504 491 221 293 500 21 436 453 453 293 436 309 410 299 500 375 445 69 425 309 204 252 36 483 476 41 12 504 500 309 150 345 282 136 453 410 323 174 106 309 274 453 41 410 186 252 259 496 395 468 391 309 306 192 274 324 106 89 177 309 186 172 244 467 80 89 100 193
[dump] L04.moe    n=40960   finite=1 absmax=0.094732     mean=0.00010828   sumsq=7.229381956        argmax=13437
[dump]   top0 idx=13437 val=0.09012
[dump]   top1 idx=14936 val=0.08976
[dump]   top2 idx=13941 val=0.08629
[dump]   top3 idx=13197 val=0.08157
[dump]   top4 idx=14939 val=0.07675
[dump] L04.res    n=327680  finite=1 absmax=34.596       mean=0.013451     sumsq=251657.4249        argmax=285813
[dump]   top0 idx=285813 val=34.59645
[dump]   top1 idx=296053 val=24.03661
[dump]   top2 idx=203893 val=22.09234
[dump]   top3 idx=306293 val=21.37680
[dump]   top4 idx=255093 val=19.74739
[dump] L05.att    n=40960   finite=1 absmax=7.0958       mean=-0.0013881   sumsq=328.5413494        argmax=1500
[dump]   top0 idx=1500 val=1.98728
[dump]   top1 idx=788 val=0.90195
[dump]   top2 idx=5751 val=0.78616
[dump]   top3 idx=2121 val=0.78230
[dump]   top4 idx=1787 val=0.69985
[dump] L05.fmix   n=40960   finite=1 absmax=2.656        mean=0.0089932    sumsq=10627.25495        argmax=10596
[dump]   top0 idx=10596 val=2.65596
[dump]   top1 idx=1009 val=2.55169
[dump]   top2 idx=11241 val=2.52387
[dump]   top3 idx=21685 val=2.45775
[dump]   top4 idx=37045 val=2.42469
[dump] L05.mid    n=160     finite=1 absmax=0 mean=0 sumsq=0 ids: 392 42 56 353 386 291 236 175 228 98 104 505 439 274 216 268 81 220 402 420 497 269 400 136 126 274 347 380 130 422 395 140 118 216 169 236 417 400 200 224 497 200 269 227 365 77 323 440 338 400 310 142 228 468 140 1 236 124 98 436 269 418 36 210 360 400 18 67 77 38 314 291 102 390 239 124 364 2 224 14 390 452 280 102 449 291 191 120 140 169 140 452 291 169 102 420 328 390 344 38 328 192 177 344 505 418 429 302 314 291 291 314 38 177 344 269 136 216 440 239 104 38 291 216 177 344 402 418 134 395 288 140 104 236 446 344 14 142 326 291 53 344 116 133 298 288 2 177 291 114 418 17 18 177 344 404 269 61 451 453
[dump] L05.moe    n=40960   finite=1 absmax=0.093127     mean=0.00058679   sumsq=3.785582313        argmax=3139
[dump]   top0 idx=3139 val=0.04769
[dump]   top1 idx=7573 val=0.04478
[dump]   top2 idx=34165 val=0.04476
[dump]   top3 idx=524 val=0.04385
[dump]   top4 idx=24581 val=0.04328
[dump] L05.res    n=327680  finite=1 absmax=55.537       mean=0.01686      sumsq=213722.7335        argmax=168965
[dump]   top0 idx=168965 val=18.62374
[dump]   top1 idx=240645 val=17.36633
[dump]   top2 idx=271365 val=17.36467
[dump]   top3 idx=230405 val=17.07180
[dump]   top4 idx=209925 val=16.64771
[dump] L06.att    n=40960   finite=1 absmax=1.5834       mean=-0.0023815   sumsq=1053.775087        argmax=3042
[dump]   top0 idx=3042 val=1.58338
[dump]   top1 idx=5602 val=1.46255
[dump]   top2 idx=8162 val=1.32096
[dump]   top3 idx=10722 val=1.31198
[dump]   top4 idx=8631 val=1.30303
[dump] L06.fmix   n=40960   finite=1 absmax=3.5119       mean=0.016115     sumsq=13938.0348         argmax=11241
[dump]   top0 idx=11241 val=3.12067
[dump]   top1 idx=11585 val=2.62844
[dump]   top2 idx=17377 val=2.61947
[dump]   top3 idx=35985 val=2.60179
[dump]   top4 idx=10936 val=2.57321
[dump] L06.mid    n=160     finite=1 absmax=0 mean=0 sumsq=0 ids: 223 33 283 394 379 40 439 159 256 152 394 40 67 439 94 474 409 329 346 172 89 71 380 244 367 206 55 43 202 387 197 244 352 398 59 267 43 433 305 149 278 212 486 503 89 423 197 82 300 45 97 152 67 191 227 144 295 91 398 503 502 348 323 314 273 107 315 312 450 2 295 408 172 496 227 304 503 184 333 461 295 210 290 77 209 387 411 464 54 191 295 503 299 39 77 431 95 411 290 282 95 282 245 477 475 163 71 431 485 141 69 440 245 477 91 295 467 89 107 256 413 492 123 270 75 503 40 486 261 494 152 326 127 159 375 123 278 69 133 390 63 307 275 488 173 157 352 78 130 356 212 341 353 85 278 337 486 275 300 393
[dump] L06.moe    n=40960   finite=1 absmax=0.081951     mean=0.00012791   sumsq=7.048950537        argmax=33173
[dump]   top0 idx=33173 val=0.08195
[dump]   top1 idx=39402 val=0.06591
[dump]   top2 idx=7546 val=0.06476
[dump]   top3 idx=39934 val=0.06454
[dump]   top4 idx=39261 val=0.06341
[dump] L06.res    n=327680  finite=1 absmax=57.698       mean=0.0093633    sumsq=125868.7724        argmax=168965
[dump]   top0 idx=168965 val=16.68696
[dump]   top1 idx=271365 val=15.52593
[dump]   top2 idx=240645 val=15.49334
[dump]   top3 idx=230405 val=15.15838
[dump]   top4 idx=209925 val=14.83909
[dump] L07.att    n=40960   finite=1 absmax=2.4507       mean=0.0017421    sumsq=708.3579557        argmax=951
[dump]   top0 idx=951 val=2.45072
[dump]   top1 idx=1736 val=1.79691
[dump]   top2 idx=1134 val=1.68544
[dump]   top3 idx=1795 val=1.61694
[dump]   top4 idx=47 val=1.38509
[dump] L07.fmix   n=40960   finite=1 absmax=2.837        mean=0.018676     sumsq=11507.66252        argmax=32106
[dump]   top0 idx=32106 val=2.29217
[dump]   top1 idx=11241 val=2.24143
[dump]   top2 idx=11675 val=2.23110
[dump]   top3 idx=10871 val=2.15786
[dump]   top4 idx=17974 val=2.12863
[dump] L07.mid    n=160     finite=1 absmax=0 mean=0 sumsq=0 ids: 165 351 159 346 432 455 242 8 163 303 159 367 486 194 346 351 366 325 50 498 256 456 340 369 486 265 50 403 203 502 486 301 504 156 445 242 303 179 340 472 203 83 393 71 149 504 146 293 194 358 242 165 84 287 60 451 445 22 303 169 502 486 50 194 69 309 403 237 198 297 411 296 159 358 227 256 223 340 304 498 70 411 152 403 294 359 462 368 188 169 70 403 411 194 294 142 152 252 368 359 41 369 194 8 411 498 486 456 87 338 358 455 87 464 194 203 411 363 50 456 50 511 87 82 369 281 403 194 486 69 358 445 87 509 50 252 471 159 242 498 365 77 194 196 405 117 279 328 8 5 418 400 502 3 501 124 198 313 511 48
[dump] L07.moe    n=40960   finite=1 absmax=0.091041     mean=0.00026584   sumsq=4.92871682         argmax=30613
[dump]   top0 idx=30613 val=0.07817
[dump]   top1 idx=17813 val=0.07323
[dump]   top2 idx=13324 val=0.06258
[dump]   top3 idx=29365 val=0.05528
[dump]   top4 idx=18569 val=0.05471
[dump] L07.res    n=327680  finite=1 absmax=37.96        mean=0.024386     sumsq=271504.8109        argmax=232417
[dump]   top0 idx=232417 val=19.88250
[dump]   top1 idx=258972 val=10.87006
[dump]   top2 idx=321378 val=10.56246
[dump]   top3 idx=235413 val=10.39347
[dump]   top4 idx=284791 val=10.27753
[dump] L08.att    n=40960   finite=1 absmax=0.19354      mean=0.00090455   sumsq=30.33671779        argmax=38756
[dump]   top0 idx=38756 val=0.19354
[dump]   top1 idx=16565 val=0.16600
[dump]   top2 idx=39605 val=0.15989
[dump]   top3 idx=40195 val=0.14744
[dump]   top4 idx=37045 val=0.14416
[dump] L08.fmix   n=40960   finite=1 absmax=4.8824       mean=0.024052     sumsq=11118.26627        argmax=1500
[dump]   top0 idx=1500 val=4.88235
[dump]   top1 idx=4046 val=3.22661
[dump]   top2 idx=28791 val=3.16947
[dump]   top3 idx=10871 val=2.79543
[dump]   top4 idx=15991 val=2.72435
[dump] L08.mid    n=160     finite=1 absmax=0 mean=0 sumsq=0 ids: 308 456 387 175 181 439 263 370 219 46 219 263 462 183 231 387 121 308 175 81 134 263 74 99 212 371 436 308 364 462 263 360 342 308 99 175 46 11 387 62 263 157 128 217 342 134 74 360 83 22 175 263 308 206 360 46 439 387 473 394 134 263 387 99 74 157 360 114 183 277 387 134 263 46 1 204 261 360 223 175 360 252 263 313 66 295 163 367 46 1 263 360 46 308 354 370 175 27 387 105 263 360 181 308 370 46 175 105 164 264 134 263 181 183 387 66 462 360 218 308 263 183 360 462 218 308 114 354 46 99 263 181 134 183 462 360 392 175 308 206 263 181 360 387 462 102 46 308 392 183 317 465 192 263 436 102 196 462 17 299
[dump] L08.moe    n=40960   finite=1 absmax=0.10862      mean=-0.00010508  sumsq=5.938975739        argmax=1500
[dump]   top0 idx=1500 val=0.08902
[dump]   top1 idx=32897 val=0.07591
[dump]   top2 idx=32045 val=0.07301
[dump]   top3 idx=30 val=0.07252
[dump]   top4 idx=32409 val=0.06887
[dump] L08.res    n=327680  finite=1 absmax=42.059       mean=0.016275     sumsq=182751.8721        argmax=165340
[dump]   top0 idx=165340 val=13.77315
[dump]   top1 idx=261848 val=12.73393
[dump]   top2 idx=231128 val=12.30323
[dump]   top3 idx=272088 val=12.21353
[dump]   top4 idx=323288 val=11.97390
[dump] L09.att    n=40960   finite=1 absmax=0.67595      mean=0.00025465   sumsq=164.6530025        argmax=9166
[dump]   top0 idx=9166 val=0.67595
[dump]   top1 idx=3511 val=0.37701
[dump]   top2 idx=11191 val=0.34267
[dump]   top3 idx=23753 val=0.29146
[dump]   top4 idx=9362 val=0.28343
[dump] L09.fmix   n=40960   finite=1 absmax=4.0029       mean=0.024475     sumsq=11806.29142        argmax=1500
[dump]   top0 idx=1500 val=4.00290
[dump]   top1 idx=4046 val=2.76128
[dump]   top2 idx=11241 val=2.43161
[dump]   top3 idx=681 val=2.28341
[dump]   top4 idx=30613 val=2.21476
[dump] L09.mid    n=160     finite=1 absmax=0 mean=0 sumsq=0 ids: 218 369 68 368 430 96 376 209 142 229 292 425 40 430 17 396 321 369 218 113 113 382 425 266 428 317 40 402 205 321 425 321 444 218 68 430 477 209 376 205 371 425 276 382 115 201 417 91 321 336 425 238 376 218 427 371 292 230 361 142 427 148 425 18 374 371 382 428 430 369 459 427 430 218 211 456 209 491 170 11 10 90 459 426 456 55 427 479 14 11 459 370 20 377 73 264 141 218 90 430 377 70 409 218 205 427 382 321 506 154 430 264 374 153 321 369 370 218 230 456 370 264 430 321 276 374 153 218 488 230 264 478 292 370 427 430 376 230 276 218 264 478 427 230 376 370 68 71 378 374 18 468 339 237 146 399 230 148 15 138
[dump] L09.moe    n=40960   finite=1 absmax=0.059079     mean=1.4756e-05   sumsq=3.999023332        argmax=36471
[dump]   top0 idx=36471 val=0.05908
[dump]   top1 idx=38650 val=0.04695
[dump]   top2 idx=28055 val=0.04584
[dump]   top3 idx=21725 val=0.04361
[dump]   top4 idx=29027 val=0.04251
[dump] L09.res    n=327680  finite=1 absmax=32.766       mean=0.016264     sumsq=203501.9257        argmax=261848
[dump]   top0 idx=261848 val=15.53343
[dump]   top1 idx=231128 val=15.00568
[dump]   top2 idx=272088 val=14.89887
[dump]   top3 idx=165340 val=14.70785
[dump]   top4 idx=323288 val=14.60614
[dump] L10.att    n=40960   finite=1 absmax=1.0095       mean=-0.0005564   sumsq=297.3258432        argmax=9166
[dump]   top0 idx=9166 val=1.00950
[dump]   top1 idx=26593 val=0.62551
[dump]   top2 idx=5848 val=0.52351
[dump]   top3 idx=8973 val=0.51586
[dump]   top4 idx=18871 val=0.50782
[dump] L10.fmix   n=40960   finite=1 absmax=2.8528       mean=0.015345     sumsq=9943.025077        argmax=4046
[dump]   top0 idx=4046 val=2.48888
[dump]   top1 idx=15991 val=2.43765
[dump]   top2 idx=10936 val=2.42897
[dump]   top3 idx=10871 val=2.42806
[dump]   top4 idx=17813 val=2.17370
[dump] L10.mid    n=160     finite=1 absmax=0 mean=0 sumsq=0 ids: 461 325 107 264 164 508 495 278 355 322 264 461 278 325 417 341 58 164 355 296 461 278 17 230 325 187 264 40 121 319 264 461 278 341 58 508 417 379 70 230 187 373 25 167 288 461 87 264 433 500 461 508 373 97 379 433 264 278 355 164 461 230 464 97 373 278 70 417 508 355 461 97 455 373 508 28 379 319 177 164 461 398 143 509 501 97 508 423 321 271 461 423 508 97 501 417 373 379 18 58 461 97 17 373 423 58 508 343 379 33 97 355 373 461 278 17 69 417 464 40 18 278 97 461 355 69 387 508 336 40 355 461 495 97 69 387 404 341 278 379 97 461 355 373 417 88 322 500 247 416 373 459 103 302 97 322 356 500 164 416
[dump] L10.moe    n=40960   finite=1 absmax=0.31698      mean=-9.5511e-05  sumsq=4.070736711        argmax=21
[dump]   top0 idx=21 val=0.08801
[dump]   top1 idx=1912 val=0.08341
[dump]   top2 idx=579 val=0.06381
[dump]   top3 idx=1500 val=0.06266
[dump]   top4 idx=788 val=0.05852
[dump] L10.res    n=327680  finite=1 absmax=56.74        mean=0.01159      sumsq=111611.7882        argmax=168965
[dump]   top0 idx=168965 val=11.64377
[dump]   top1 idx=165340 val=11.19047
[dump]   top2 idx=240645 val=10.84217
[dump]   top3 idx=271365 val=10.82899
[dump]   top4 idx=261848 val=10.77261
[dump] L11.att    n=40960   finite=1 absmax=2.7989       mean=0.00016584   sumsq=559.4721487        argmax=2311
[dump]   top0 idx=2311 val=2.79891
[dump]   top1 idx=47 val=2.36012
[dump]   top2 idx=1795 val=1.75480
[dump]   top3 idx=2307 val=1.59748
[dump]   top4 idx=86 val=1.42347
[dump] L11.fmix   n=40960   finite=1 absmax=2.6839       mean=0.016493     sumsq=9657.297922        argmax=4046
[dump]   top0 idx=4046 val=2.68394
[dump]   top1 idx=17813 val=2.47859
[dump]   top2 idx=33911 val=2.31721
[dump]   top3 idx=30613 val=2.22674
[dump]   top4 idx=4060 val=2.02676
[dump] L11.mid    n=160     finite=1 absmax=0 mean=0 sumsq=0 ids: 130 163 104 393 430 108 268 424 361 417 418 350 163 261 273 240 30 477 108 397 240 163 323 223 30 268 418 508 211 23 482 108 418 323 350 430 461 163 268 84 285 461 323 174 108 23 418 36 430 211 108 201 323 350 418 508 120 500 461 457 323 108 36 418 482 27 360 211 219 166 323 108 418 120 350 384 7 268 492 430 418 120 323 350 360 430 384 108 35 331 418 108 323 120 350 384 97 164 430 35 418 108 23 430 485 323 508 273 317 350 323 418 508 261 120 98 166 268 273 163 323 418 508 457 108 261 166 273 120 163 323 418 508 166 430 249 273 500 261 371 166 418 430 323 508 249 371 108 151 273 166 418 240 430 323 6 453 249 151 348
[dump] L11.moe    n=40960   finite=1 absmax=0.059829     mean=-5.1878e-05  sumsq=3.468173317        argmax=29177
[dump]   top0 idx=29177 val=0.05464
[dump]   top1 idx=30507 val=0.04724
[dump]   top2 idx=33138 val=0.04671
[dump]   top3 idx=28783 val=0.04584
[dump]   top4 idx=29275 val=0.04544
[dump] L11.res    n=327680  finite=1 absmax=37.316       mean=0.015673     sumsq=210901.1536        argmax=261848
[dump]   top0 idx=261848 val=15.67131
[dump]   top1 idx=231128 val=15.12466
[dump]   top2 idx=272088 val=15.02550
[dump]   top3 idx=165340 val=14.82518
[dump]   top4 idx=292568 val=14.73372
[dump] L12.att    n=40960   finite=1 absmax=0.60557      mean=-0.0014999   sumsq=176.5302742        argmax=2311
[dump]   top0 idx=2311 val=0.60557
[dump]   top1 idx=16353 val=0.56401
[dump]   top2 idx=914 val=0.50782
[dump]   top3 idx=359 val=0.42062
[dump]   top4 idx=34008 val=0.37705
[dump] L12.fmix   n=40960   finite=1 absmax=3.1335       mean=0.014186     sumsq=10084.33765        argmax=36536
[dump]   top0 idx=36536 val=2.41414
[dump]   top1 idx=10171 val=2.34038
[dump]   top2 idx=7573 val=2.32799
[dump]   top3 idx=27994 val=2.19168
[dump]   top4 idx=14588 val=2.12372
[dump] L12.mid    n=160     finite=1 absmax=0 mean=0 sumsq=0 ids: 28 139 433 283 201 386 300 474 421 277 352 139 229 52 421 277 214 101 474 366 141 352 120 18 139 110 136 496 307 1 352 101 52 139 277 81 390 381 150 327 118 352 393 282 101 165 52 433 219 422 52 277 352 219 390 386 421 9 392 150 214 229 52 352 133 504 141 139 43 381 352 52 503 386 130 215 451 393 139 219 352 52 189 43 139 422 381 133 126 229 52 43 139 352 170 366 381 448 421 229 421 352 52 54 161 45 286 422 136 433 421 0 422 368 433 52 81 352 366 21 0 421 366 214 433 133 52 368 352 283 0 421 433 366 21 63 172 368 201 52 421 0 52 433 460 63 275 256 114 368 352 433 275 0 504 282 368 482 52 214
[dump] L12.moe    n=40960   finite=1 absmax=0.052047     mean=2.3062e-05   sumsq=3.316451408        argmax=13467
[dump]   top0 idx=13467 val=0.05205
[dump]   top1 idx=40853 val=0.05000
[dump]   top2 idx=30613 val=0.04768
[dump]   top3 idx=39383 val=0.04658
[dump]   top4 idx=7573 val=0.04591
[dump] L12.res    n=327680  finite=1 absmax=22.353       mean=0.01455      sumsq=212775.6352        argmax=165340
[dump]   top0 idx=165340 val=13.88620
[dump]   top1 idx=261848 val=12.49120
[dump]   top2 idx=231128 val=12.05161
[dump]   top3 idx=272088 val=11.96884
[dump]   top4 idx=292568 val=11.74527
[dump] L13.att    n=40960   finite=1 absmax=0.32238      mean=-0.00089072  sumsq=72.48272514        argmax=39351
[dump]   top0 idx=39351 val=0.32238
[dump]   top1 idx=26551 val=0.26171
[dump]   top2 idx=23991 val=0.26064
[dump]   top3 idx=28888 val=0.24367
[dump]   top4 idx=21431 val=0.24286
[dump] L13.fmix   n=40960   finite=1 absmax=3.0976       mean=0.0044724    sumsq=8956.251577        argmax=7573
[dump]   top0 idx=7573 val=3.09758
[dump]   top1 idx=17813 val=3.05911
[dump]   top2 idx=1500 val=2.97027
[dump]   top3 idx=30613 val=2.86814
[dump]   top4 idx=4046 val=2.59760
[dump] L13.mid    n=160     finite=1 absmax=0 mean=0 sumsq=0 ids: 293 68 466 366 268 219 145 224 67 400 387 273 148 290 91 93 50 468 250 68 290 387 148 394 250 64 330 468 273 36 387 273 148 290 93 91 221 267 354 368 148 290 250 118 508 64 273 394 81 66 387 290 273 148 118 93 468 508 296 338 118 394 290 325 338 148 185 273 508 387 118 273 387 290 265 93 81 325 259 451 290 273 387 504 118 93 16 485 24 346 273 387 118 265 91 290 93 259 389 148 273 290 118 387 148 91 64 259 265 250 259 265 387 273 274 97 91 468 118 290 259 265 438 387 118 468 91 97 290 451 259 468 387 265 97 357 273 93 451 418 259 265 468 387 118 273 91 385 357 399 259 265 338 118 468 290 249 91 387 273
[dump] L13.moe    n=40960   finite=1 absmax=0.15809      mean=0.00013286   sumsq=5.399819297        argmax=1716
[dump]   top0 idx=1716 val=0.09550
[dump]   top1 idx=1301 val=0.08840
[dump]   top2 idx=2035 val=0.07985
[dump]   top3 idx=579 val=0.06885
[dump]   top4 idx=1912 val=0.06880
[dump] L13.res    n=327680  finite=1 absmax=27.091       mean=0.014984     sumsq=236209.2113        argmax=165340
[dump]   top0 idx=165340 val=15.13514
[dump]   top1 idx=323511 val=13.48192
[dump]   top2 idx=262071 val=13.09085
[dump]   top3 idx=261848 val=13.07806
[dump]   top4 idx=231128 val=12.61078
[dump] L14.att    n=40960   finite=1 absmax=2.0705       mean=-0.0010755   sumsq=225.835806         argmax=138
[dump]   top0 idx=138 val=0.79500
[dump]   top1 idx=788 val=0.75681
[dump]   top2 idx=679 val=0.66463
[dump]   top3 idx=2162 val=0.64877
[dump]   top4 idx=1603 val=0.64695
[dump] L14.fmix   n=40960   finite=1 absmax=6.641        mean=0.0075596    sumsq=9944.826047        argmax=1500
[dump]   top0 idx=1500 val=3.66841
[dump]   top1 idx=4046 val=2.94098
[dump]   top2 idx=788 val=2.72594
[dump]   top3 idx=47 val=2.58746
[dump]   top4 idx=11241 val=2.51283
[dump] L14.mid    n=160     finite=1 absmax=0 mean=0 sumsq=0 ids: 398 165 326 266 29 17 151 40 138 339 506 138 165 409 40 14 417 398 326 473 227 40 463 414 372 246 370 459 107 407 165 409 14 473 506 205 417 138 308 326 376 290 280 360 223 5 22 463 385 162 14 409 12 290 398 417 308 506 138 370 339 40 488 9 495 266 136 2 49 108 409 234 14 473 290 506 441 398 12 231 339 40 29 176 266 488 280 495 9 180 180 266 40 495 312 108 492 9 2 280 409 473 498 280 370 506 439 227 14 460 49 40 339 266 282 495 252 136 2 244 40 49 168 244 136 409 108 138 506 500 244 335 506 473 151 100 409 108 398 482 335 244 100 506 482 473 151 409 510 402 244 100 482 40 266 29 407 168 510 67
[dump] L14.moe    n=40960   finite=1 absmax=0.13416      mean=7.5626e-06   sumsq=2.982944179        argmax=1500
[dump]   top0 idx=1500 val=0.13411
[dump]   top1 idx=793 val=0.07458
[dump]   top2 idx=788 val=0.06855
[dump]   top3 idx=1094 val=0.06847
[dump]   top4 idx=2433 val=0.05387
[dump] L14.res    n=327680  finite=1 absmax=33.151       mean=0.010731     sumsq=112634.5197        argmax=261848
[dump]   top0 idx=261848 val=11.76019
[dump]   top1 idx=272088 val=11.67206
[dump]   top2 idx=231128 val=11.66160
[dump]   top3 idx=323288 val=11.37087
[dump]   top4 idx=292568 val=11.29696
[dump] L15.att    n=40960   finite=1 absmax=1.3229       mean=-0.0026377   sumsq=249.166221         argmax=2311
[dump]   top0 idx=2311 val=1.32294
[dump]   top1 idx=892 val=1.02019
[dump]   top2 idx=2307 val=0.68676
[dump]   top3 idx=1795 val=0.55975
[dump]   top4 idx=1947 val=0.50169
[dump] L15.fmix   n=40960   finite=1 absmax=6.8887       mean=0.005609     sumsq=21413.25103        argmax=5848
[dump]   top0 idx=5848 val=6.88875
[dump]   top1 idx=10968 val=5.32287
[dump]   top2 idx=28888 val=5.27165
[dump]   top3 idx=18648 val=5.15398
[dump]   top4 idx=21208 val=5.00454
[dump] L15.mid    n=160     finite=1 absmax=0 mean=0 sumsq=0 ids: 283 174 188 38 342 103 215 330 177 107 494 207 501 199 50 156 39 263 289 318 207 219 453 31 127 263 53 455 23 154 207 61 405 219 399 288 303 426 234 406 207 236 453 116 388 16 405 406 319 326 207 426 32 50 406 192 302 219 399 288 302 207 280 453 388 246 288 179 236 134 134 406 32 219 207 314 426 192 399 281 343 134 119 263 487 426 427 511 204 222 405 343 303 207 426 311 446 134 288 494 228 405 303 343 406 192 53 263 311 408 405 494 174 207 311 204 134 289 50 303 174 303 288 405 423 192 311 50 39 98 174 303 289 207 405 494 192 283 50 288 289 405 174 322 494 156 303 192 177 33 174 303 405 12 423 289 71 156 432 280
[dump] L15.moe    n=40960   finite=1 absmax=0.29284      mean=2.0688e-05   sumsq=8.841730674        argmax=1716
[dump]   top0 idx=1716 val=0.14310
[dump]   top1 idx=138 val=0.11801
[dump]   top2 idx=1736 val=0.08286
[dump]   top3 idx=1984 val=0.08060
[dump]   top4 idx=562 val=0.07897
[dump] L15.res    n=327680  finite=1 absmax=28.894       mean=0.0101       sumsq=269632.9798        argmax=323511
[dump]   top0 idx=323511 val=14.07312
[dump]   top1 idx=170460 val=13.67021
[dump]   top2 idx=262071 val=13.50705
[dump]   top3 idx=272311 val=13.24976
[dump]   top4 idx=313271 val=13.14203
[dump] L16.att    n=40960   finite=1 absmax=0.46348      mean=-0.00056359  sumsq=66.47264413        argmax=5081
[dump]   top0 idx=5081 val=0.33138
[dump]   top1 idx=16311 val=0.29624
[dump]   top2 idx=3553 val=0.29431
[dump]   top3 idx=11374 val=0.28525
[dump]   top4 idx=20527 val=0.26439
[dump] L16.fmix   n=40960   finite=1 absmax=3.8994       mean=0.0024014    sumsq=16702.40464        argmax=1500
[dump]   top0 idx=1500 val=3.89935
[dump]   top1 idx=5848 val=3.23188
[dump]   top2 idx=20158 val=2.96742
[dump]   top3 idx=11241 val=2.95101
[dump]   top4 idx=788 val=2.87499
[dump] L16.mid    n=160     finite=1 absmax=0 mean=0 sumsq=0 ids: 228 487 243 272 132 473 142 259 361 32 228 272 429 243 142 140 447 479 58 487 228 457 319 398 140 124 370 303 447 145 228 272 142 447 140 479 400 26 429 278 188 228 447 104 138 319 303 479 124 270 228 140 272 142 447 278 26 394 205 400 228 303 64 188 447 26 429 319 272 341 400 272 394 228 140 369 26 113 278 75 400 228 140 272 393 282 394 181 26 61 140 272 228 243 142 263 400 278 429 487 272 228 400 236 140 465 243 142 263 309 243 272 228 263 142 58 429 140 487 61 228 243 272 142 140 429 487 263 278 58 243 228 58 263 142 272 278 479 487 489 243 228 58 278 272 263 134 202 480 487 243 228 278 202 272 58 392 352 475 25
[dump] L16.moe    n=40960   finite=1 absmax=0.68942      mean=6.0901e-05   sumsq=11.63998216        argmax=2311
[dump]   top0 idx=2311 val=0.27223
[dump]   top1 idx=2366 val=0.20578
[dump]   top2 idx=472 val=0.18659
[dump]   top3 idx=138 val=0.18627
[dump]   top4 idx=627 val=0.17679
[dump] L16.res    n=327680  finite=1 absmax=37.494       mean=0.010412     sumsq=256076.1544        argmax=235413
[dump]   top0 idx=235413 val=13.52873
[dump]   top1 idx=170460 val=12.98611
[dump]   top2 idx=286613 val=12.07999
[dump]   top3 idx=261848 val=11.20561
[dump]   top4 idx=272088 val=11.14769
[dump] L17.att    n=40960   finite=1 absmax=0.42136      mean=-0.0010453   sumsq=54.67169146        argmax=40384
[dump]   top0 idx=40384 val=0.22020
[dump]   top1 idx=39558 val=0.19116
[dump]   top2 idx=28337 val=0.19108
[dump]   top3 idx=2521 val=0.18998
[dump]   top4 idx=39204 val=0.18870
[dump] L17.fmix   n=40960   finite=1 absmax=3.5419       mean=0.0013539    sumsq=12475.91691        argmax=4046
[dump]   top0 idx=4046 val=3.54185
[dump]   top1 idx=39912 val=2.80371
[dump]   top2 idx=788 val=2.70213
[dump]   top3 idx=32206 val=2.51770
[dump]   top4 idx=39148 val=2.44780
[dump] L17.mid    n=160     finite=1 absmax=0 mean=0 sumsq=0 ids: 486 136 510 84 209 135 330 15 274 243 136 486 471 499 328 305 84 105 469 365 469 127 328 285 26 486 366 303 358 444 136 471 486 328 387 127 469 249 84 3 366 486 444 97 136 333 374 471 18 328 136 84 486 127 471 328 419 386 448 1 328 444 486 136 97 84 471 374 71 469 8 387 136 419 181 328 486 448 471 470 8 470 181 136 404 304 387 328 398 486 470 136 486 471 328 362 374 366 419 127 136 486 84 8 127 328 327 387 471 438 136 471 84 486 419 374 499 498 139 363 471 136 366 486 374 139 362 363 419 499 84 209 363 486 471 136 139 374 366 499 209 84 139 363 499 486 136 422 419 253 139 209 363 471 486 136 345 498 221 274
[dump] L17.moe    n=40960   finite=1 absmax=0.19042      mean=9.2762e-05   sumsq=3.031328625        argmax=1716
[dump]   top0 idx=1716 val=0.08790
[dump]   top1 idx=138 val=0.05680
[dump]   top2 idx=230 val=0.03889
[dump]   top3 idx=38713 val=0.03785
[dump]   top4 idx=192 val=0.03441
[dump] L17.res    n=327680  finite=1 absmax=32.843       mean=0.013026     sumsq=256290.8816        argmax=261848
[dump]   top0 idx=261848 val=15.08134
[dump]   top1 idx=272088 val=15.00398
[dump]   top2 idx=231128 val=14.95966
[dump]   top3 idx=323288 val=14.58669
[dump]   top4 idx=292568 val=14.46455
[dump] L18.att    n=40960   finite=1 absmax=0.40744      mean=-0.00055563  sumsq=85.4916746         argmax=634
[dump]   top0 idx=634 val=0.40744
[dump]   top1 idx=38882 val=0.36846
[dump]   top2 idx=10722 val=0.36701
[dump]   top3 idx=5602 val=0.34311
[dump]   top4 idx=33762 val=0.33141
[dump] L18.fmix   n=40960   finite=1 absmax=3.929        mean=0.0098517    sumsq=11073.45499        argmax=17813
[dump]   top0 idx=17813 val=3.92896
[dump]   top1 idx=1500 val=3.47047
[dump]   top2 idx=7573 val=3.23536
[dump]   top3 idx=30613 val=2.97469
[dump]   top4 idx=10936 val=2.94461
[dump] L18.mid    n=160     finite=1 absmax=0 mean=0 sumsq=0 ids: 449 475 399 87 275 411 35 24 211 264 111 29 264 185 201 459 135 87 325 119 131 157 459 106 506 111 201 366 437 29 264 29 7 201 185 135 101 405 299 211 440 131 29 459 201 190 398 111 299 151 87 264 88 277 29 411 275 297 24 469 131 102 24 111 29 366 7 101 157 459 469 88 131 264 101 185 87 119 29 200 29 5 157 119 469 459 7 353 448 411 29 448 264 102 353 24 7 201 101 5 111 299 29 185 459 201 106 74 238 157 131 24 448 101 111 29 347 264 366 460 111 29 448 24 366 102 201 101 157 131 24 131 29 448 101 201 211 347 353 264 201 448 101 24 150 29 185 123 131 310 207 448 201 29 474 266 116 270 459 247
[dump] L18.moe    n=40960   finite=1 absmax=0.06467      mean=-0.00015736  sumsq=4.731719103        argmax=27086
[dump]   top0 idx=27086 val=0.06467
[dump]   top1 idx=21224 val=0.05261
[dump]   top2 idx=22933 val=0.05068
[dump]   top3 idx=35645 val=0.04996
[dump]   top4 idx=35544 val=0.04908
[dump] L18.res    n=327680  finite=1 absmax=22.782       mean=0.0076032    sumsq=122353.0109        argmax=261848
[dump]   top0 idx=261848 val=12.17580
[dump]   top1 idx=272088 val=12.10723
[dump]   top2 idx=231128 val=12.07703
[dump]   top3 idx=323288 val=11.77577
[dump]   top4 idx=292568 val=11.67753
[dump] L19.att    n=40960   finite=1 absmax=1.6931       mean=0.00063423   sumsq=350.1015826        argmax=892
[dump]   top0 idx=892 val=1.53891
[dump]   top1 idx=1736 val=1.17177
[dump]   top2 idx=2238 val=1.14868
[dump]   top3 idx=2307 val=1.01664
[dump]   top4 idx=1795 val=0.83080
[dump] L19.fmix   n=40960   finite=1 absmax=4.0701       mean=0.0060798    sumsq=14717.46691        argmax=4046
[dump]   top0 idx=4046 val=4.07008
[dump]   top1 idx=12035 val=3.08987
[dump]   top2 idx=6606 val=2.89721
[dump]   top3 idx=3873 val=2.83863
[dump]   top4 idx=32206 val=2.82015
[dump] L19.mid    n=160     finite=1 absmax=0 mean=0 sumsq=0 ids: 406 360 413 162 170 434 31 173 293 377 3 434 377 161 342 472 9 188 453 222 56 259 455 309 222 161 434 70 229 91 3 31 357 377 70 170 222 472 161 342 70 161 259 472 74 381 56 150 434 375 3 368 357 9 74 501 150 8 222 375 472 375 161 34 56 49 364 434 70 3 3 368 397 86 31 472 222 455 103 52 397 291 161 222 472 193 368 3 455 309 375 472 3 291 222 397 9 31 193 434 222 375 170 472 31 357 455 377 161 150 222 472 31 150 375 267 3 121 315 173 375 472 315 3 121 31 222 434 377 173 31 121 490 162 470 173 3 103 377 472 31 173 121 162 472 388 14 377 490 103 31 375 472 121 434 162 315 161 56 173
[dump] L19.moe    n=40960   finite=1 absmax=0.082351     mean=0.00033594   sumsq=6.546377904        argmax=29940
[dump]   top0 idx=29940 val=0.08162
[dump]   top1 idx=29672 val=0.07472
[dump]   top2 idx=29931 val=0.07448
[dump]   top3 idx=28571 val=0.07182
[dump]   top4 idx=30058 val=0.06702
[dump] L19.res    n=327680  finite=1 absmax=38.551       mean=0.014663     sumsq=283440.9856        argmax=323511
[dump]   top0 idx=323511 val=15.91671
[dump]   top1 idx=262071 val=15.29444
[dump]   top2 idx=272311 val=15.01088
[dump]   top3 idx=313271 val=14.82250
[dump]   top4 idx=282551 val=14.57411
[dump] L20.att    n=40960   finite=1 absmax=5.7976       mean=0.00018177   sumsq=438.8876456        argmax=2238
[dump]   top0 idx=2238 val=3.24820
[dump]   top1 idx=403 val=3.01931
[dump]   top2 idx=1500 val=2.59770
[dump]   top3 idx=1827 val=1.77840
[dump]   top4 idx=1132 val=1.47743
[dump] L20.fmix   n=40960   finite=1 absmax=6.3275       mean=0.017359     sumsq=19846.72902        argmax=4046
[dump]   top0 idx=4046 val=6.32752
[dump]   top1 idx=6606 val=4.42581
[dump]   top2 idx=32206 val=4.12067
[dump]   top3 idx=16846 val=3.62174
[dump]   top4 idx=14245 val=3.45339
[dump] L20.mid    n=160     finite=1 absmax=0 mean=0 sumsq=0 ids: 429 363 39 439 407 179 485 307 169 219 387 363 109 76 388 485 439 78 429 269 122 218 494 26 154 158 326 488 216 39 363 40 485 109 110 242 146 134 387 313 146 358 187 109 134 242 40 125 39 96 491 54 306 4 363 485 481 242 219 496 146 243 485 387 134 218 229 369 39 242 491 481 244 387 306 341 485 59 54 44 59 481 491 63 49 137 387 341 127 110 387 485 258 59 330 168 25 233 363 243 387 339 363 109 495 26 485 148 218 255 387 258 168 25 39 485 154 248 442 330 387 25 258 168 330 485 358 442 265 248 387 168 442 179 485 185 258 25 410 307 387 179 442 168 278 18 485 265 26 370 387 262 179 442 25 125 168 258 185 119
[dump] L20.moe    n=40960   finite=1 absmax=0.092066     mean=3.3292e-05   sumsq=8.1465996          argmax=35401
[dump]   top0 idx=35401 val=0.07442
[dump]   top1 idx=32702 val=0.06448
[dump]   top2 idx=29228 val=0.06430
[dump]   top3 idx=31960 val=0.06382
[dump]   top4 idx=30811 val=0.06298
[dump] L20.res    n=327680  finite=1 absmax=45.412       mean=0.022334     sumsq=333160.8765        argmax=170460
[dump]   top0 idx=170460 val=19.22202
[dump]   top1 idx=267881 val=13.66945
[dump]   top2 idx=235413 val=13.49428
[dump]   top3 idx=261848 val=12.66100
[dump]   top4 idx=288361 val=12.60801
[dump] L21.att    n=40960   finite=1 absmax=0.85546      mean=0.00039105   sumsq=33.20933196        argmax=2238
[dump]   top0 idx=2238 val=0.53874
[dump]   top1 idx=30912 val=0.33620
[dump]   top2 idx=33472 val=0.31600
[dump]   top3 idx=16353 val=0.31439
[dump]   top4 idx=2537 val=0.30248
[dump] L21.fmix   n=40960   finite=1 absmax=4.6634       mean=0.033384     sumsq=17848.52422        argmax=4046
[dump]   top0 idx=4046 val=4.57142
[dump]   top1 idx=10871 val=4.18098
[dump]   top2 idx=10936 val=4.04883
[dump]   top3 idx=3873 val=3.74459
[dump]   top4 idx=5751 val=3.63805
[dump] L21.mid    n=160     finite=1 absmax=0 mean=0 sumsq=0 ids: 72 255 379 25 267 297 128 190 507 420 255 379 128 25 306 369 118 426 19 150 128 451 372 64 25 312 306 507 19 254 255 306 379 265 511 278 150 25 128 19 128 48 278 51 25 60 346 484 306 359 25 302 379 131 255 134 297 406 472 142 128 19 25 484 29 278 385 302 346 336 25 480 297 446 51 360 302 19 427 260 118 352 166 25 306 19 85 484 427 57 352 118 57 25 369 19 313 306 166 346 25 255 379 317 128 278 19 118 346 191 369 346 19 25 57 128 313 118 131 507 369 57 19 118 128 346 484 153 25 142 346 313 469 369 420 255 57 131 498 418 346 313 321 420 369 255 418 57 469 118 369 313 346 57 420 321 471 118 469 128
[dump] L21.moe    n=40960   finite=1 absmax=0.079056     mean=0.00017741   sumsq=7.221062421        argmax=24921
[dump]   top0 idx=24921 val=0.07906
[dump]   top1 idx=30592 val=0.06543
[dump]   top2 idx=28558 val=0.06079
[dump]   top3 idx=40723 val=0.06012
[dump]   top4 idx=37212 val=0.05847
[dump] L21.res    n=327680  finite=1 absmax=43.702       mean=0.015369     sumsq=275009.3407        argmax=170460
[dump]   top0 idx=170460 val=19.86214
[dump]   top1 idx=168965 val=19.39982
[dump]   top2 idx=240645 val=19.39630
[dump]   top3 idx=271365 val=19.36744
[dump]   top4 idx=209925 val=18.62214
[dump] L22.att    n=40960   finite=1 absmax=1.942        mean=0.00065178   sumsq=136.7521893        argmax=793
[dump]   top0 idx=793 val=1.94200
[dump]   top1 idx=1500 val=1.34067
[dump]   top2 idx=25868 val=1.04159
[dump]   top3 idx=23308 val=0.94916
[dump]   top4 idx=28428 val=0.92928
[dump] L22.fmix   n=40960   finite=1 absmax=4.9584       mean=0.031557     sumsq=16213.58376        argmax=10936
[dump]   top0 idx=10936 val=4.49655
[dump]   top1 idx=36536 val=4.42394
[dump]   top2 idx=12655 val=4.15227
[dump]   top3 idx=10871 val=3.49336
[dump]   top4 idx=17813 val=3.37533
[dump] L22.mid    n=160     finite=1 absmax=0 mean=0 sumsq=0 ids: 317 309 283 32 456 206 205 57 446 287 305 376 188 402 164 279 425 51 484 50 188 460 488 13 396 318 187 265 232 50 464 51 352 384 488 145 425 396 460 244 460 13 244 306 183 384 396 482 193 32 235 341 309 206 205 347 462 104 425 393 454 460 488 396 7 487 27 50 117 244 241 291 106 124 425 83 388 360 365 375 504 50 425 400 365 83 265 388 488 486 504 460 50 279 454 400 301 438 487 488 87 153 117 55 173 71 329 89 452 182 460 117 244 331 483 116 239 164 438 50 483 117 188 51 164 438 454 13 113 116 173 287 483 355 412 457 143 262 301 170 370 168 459 429 323 254 262 137 173 320 286 260 354 483 209 25 173 44 14 94
[dump] L22.moe    n=40960   finite=1 absmax=0.11594      mean=6.3542e-06   sumsq=6.299251063        argmax=26320
[dump]   top0 idx=26320 val=0.11160
[dump]   top1 idx=27937 val=0.10039
[dump]   top2 idx=26399 val=0.08445
[dump]   top3 idx=26441 val=0.06344
[dump]   top4 idx=28880 val=0.06302
[dump] L22.res    n=327680  finite=1 absmax=26.826       mean=0.01234      sumsq=177864.9824        argmax=169753
[dump]   top0 idx=169753 val=26.82582
[dump]   top1 idx=170460 val=22.69347
[dump]   top2 idx=189445 val=13.69107
[dump]   top3 idx=240645 val=13.52509
[dump]   top4 idx=322565 val=13.38792
[dump] L23.att    n=40960   finite=1 absmax=0.67986      mean=0.0036644    sumsq=299.9976819        argmax=21537
[dump]   top0 idx=21537 val=0.58349
[dump]   top1 idx=28719 val=0.56035
[dump]   top2 idx=36399 val=0.54878
[dump]   top3 idx=12104 val=0.53246
[dump]   top4 idx=36103 val=0.51869
[dump] L23.fmix   n=40960   finite=1 absmax=5.7201       mean=0.02111      sumsq=24537.32614        argmax=8681
[dump]   top0 idx=8681 val=5.72010
[dump]   top1 idx=25380 val=3.87322
[dump]   top2 idx=21886 val=3.70393
[dump]   top3 idx=1500 val=3.62247
[dump]   top4 idx=11929 val=3.60014
[dump] L23.mid    n=160     finite=1 absmax=0 mean=0 sumsq=0 ids: 356 285 389 299 430 244 334 494 42 457 356 42 285 506 199 99 299 354 45 355 356 506 45 99 385 48 355 459 161 439 356 307 99 42 355 264 161 349 306 376 356 99 367 342 109 53 500 61 506 128 356 372 480 336 314 82 367 45 36 494 99 104 228 53 297 109 219 50 356 349 356 480 375 314 367 45 372 161 21 320 356 128 21 375 480 320 355 171 243 469 356 406 128 480 219 273 375 355 477 243 356 128 477 442 161 21 297 506 320 199 356 318 215 128 61 353 110 297 334 477 356 128 32 353 89 110 53 477 186 77 356 128 127 233 480 110 334 492 477 56 356 128 233 425 110 127 354 451 334 60 356 233 109 128 166 340 12 41 180 411
[dump] L23.moe    n=40960   finite=1 absmax=0.087366     mean=-3.3513e-05  sumsq=12.76108255        argmax=23898
[dump]   top0 idx=23898 val=0.08648
[dump]   top1 idx=3023 val=0.08292
[dump]   top2 idx=4286 val=0.07626
[dump]   top3 idx=2949 val=0.07545
[dump]   top4 idx=5037 val=0.07477
[dump] L23.res    n=327680  finite=1 absmax=23.485       mean=0.023427     sumsq=273878.6643        argmax=232417
[dump]   top0 idx=232417 val=20.04154
[dump]   top1 idx=169753 val=16.28049
[dump]   top2 idx=170460 val=15.08015
[dump]   top3 idx=252085 val=12.35082
[dump]   top4 idx=235413 val=12.18596
[dump] L24.att    n=40960   finite=1 absmax=0.20552      mean=-3.7375e-05  sumsq=26.82753179        argmax=21685
[dump]   top0 idx=21685 val=0.20552
[dump]   top1 idx=11445 val=0.19521
[dump]   top2 idx=39693 val=0.16184
[dump]   top3 idx=29365 val=0.16071
[dump]   top4 idx=22911 val=0.15067
[dump] L24.fmix   n=40960   finite=1 absmax=5.5844       mean=0.025664     sumsq=12812.79821        argmax=1500
[dump]   top0 idx=1500 val=5.58435
[dump]   top1 idx=4046 val=3.14316
[dump]   top2 idx=17813 val=2.61665
[dump]   top3 idx=3873 val=2.59062
[dump]   top4 idx=7573 val=2.53512
[dump] L24.mid    n=160     finite=1 absmax=0 mean=0 sumsq=0 ids: 308 387 456 219 175 439 263 46 181 370 263 175 387 219 354 446 462 46 183 231 134 99 36 263 320 446 498 308 212 387 263 99 360 308 342 387 433 46 175 354 263 360 308 157 342 128 82 99 433 134 206 360 387 395 175 263 308 394 46 458 134 263 99 387 223 277 446 308 360 183 134 387 90 223 446 204 360 313 263 261 360 354 387 263 252 99 446 150 27 46 263 360 354 387 66 183 462 208 446 46 181 263 360 46 308 387 446 175 99 134 263 134 181 183 387 360 462 354 28 231 263 462 360 183 134 354 181 387 231 223 263 181 134 462 183 219 439 354 28 218 181 360 263 134 462 387 231 175 81 317 263 462 181 360 317 183 134 387 218 393
[dump] L24.moe    n=40960   finite=1 absmax=0.56697      mean=0.0001809    sumsq=7.025947753        argmax=422
[dump]   top0 idx=422 val=0.28438
[dump]   top1 idx=403 val=0.08915
[dump]   top2 idx=2238 val=0.08664
[dump]   top3 idx=634 val=0.07260
[dump]   top4 idx=430 val=0.07248
[dump] L24.res    n=327680  finite=1 absmax=30.091       mean=0.014288     sumsq=200066.5615        argmax=169753
[dump]   top0 idx=169753 val=15.17015
[dump]   top1 idx=292568 val=14.15284
[dump]   top2 idx=272088 val=13.94485
[dump]   top3 idx=282328 val=13.77233
[dump]   top4 idx=261848 val=13.65914
[dump] L25.att    n=40960   finite=1 absmax=0.4336       mean=0.00085056   sumsq=95.32939133        argmax=21473
[dump]   top0 idx=21473 val=0.43360
[dump]   top1 idx=29111 val=0.40515
[dump]   top2 idx=31671 val=0.39701
[dump]   top3 idx=8673 val=0.37745
[dump]   top4 idx=422 val=0.34223
[dump] L25.fmix   n=40960   finite=1 absmax=3.5584       mean=0.030844     sumsq=13357.57856        argmax=4046
[dump]   top0 idx=4046 val=3.55837
[dump]   top1 idx=1500 val=3.02361
[dump]   top2 idx=37981 val=2.49527
[dump]   top3 idx=230 val=2.49464
[dump]   top4 idx=7573 val=2.34166
[dump] L25.mid    n=160     finite=1 absmax=0 mean=0 sumsq=0 ids: 192 218 430 150 209 322 229 376 87 369 192 376 425 369 321 466 154 430 292 209 317 382 113 205 40 209 425 20 374 371 444 425 321 374 209 218 376 430 104 371 371 276 425 115 321 417 110 374 487 218 376 371 427 425 377 73 218 361 238 142 374 371 153 425 218 369 430 330 264 321 459 430 170 427 369 153 218 321 211 370 427 430 153 488 264 374 29 370 456 295 264 374 430 370 376 427 218 321 8 59 377 321 427 445 264 376 96 218 430 374 264 374 430 153 96 142 68 376 478 495 264 374 59 478 292 68 156 275 495 142 264 142 96 376 87 430 478 153 240 427 264 430 427 376 68 374 142 240 478 153 264 59 156 275 427 142 370 374 376 495
[dump] L25.moe    n=40960   finite=1 absmax=0.047591     mean=3.7465e-05   sumsq=3.662001306        argmax=22299
[dump]   top0 idx=22299 val=0.04759
[dump]   top1 idx=8682 val=0.04489
[dump]   top2 idx=34384 val=0.04145
[dump]   top3 idx=38302 val=0.04061
[dump]   top4 idx=24921 val=0.03869
[dump] L25.res    n=327680  finite=1 absmax=31.805       mean=0.016117     sumsq=226760.3869        argmax=169753
[dump]   top0 idx=169753 val=19.29029
[dump]   top1 idx=170460 val=18.35465
[dump]   top2 idx=292568 val=16.85705
[dump]   top3 idx=272088 val=16.59986
[dump]   top4 idx=282328 val=16.41206
[dump] L26.att    n=40960   finite=1 absmax=1.1496       mean=-0.0023273   sumsq=180.3184377        argmax=39128
[dump]   top0 idx=39128 val=0.44184
[dump]   top1 idx=39534 val=0.38607
[dump]   top2 idx=784 val=0.35846
[dump]   top3 idx=5848 val=0.34942
[dump]   top4 idx=2121 val=0.33864
[dump] L26.fmix   n=40960   finite=1 absmax=2.9736       mean=0.019094     sumsq=11624.19238        argmax=7573
[dump]   top0 idx=7573 val=2.88116
[dump]   top1 idx=17813 val=2.84803
[dump]   top2 idx=788 val=2.62628
[dump]   top3 idx=12655 val=2.42909
[dump]   top4 idx=30613 val=2.35913
[dump] L26.mid    n=160     finite=1 absmax=0 mean=0 sumsq=0 ids: 461 264 107 325 508 341 164 417 379 495 264 461 417 278 341 164 58 508 355 325 461 278 264 230 17 7 243 319 123 121 264 461 278 417 379 58 508 70 341 230 187 230 461 373 97 433 17 320 264 346 461 379 508 97 278 243 355 177 433 373 417 461 464 97 230 199 355 278 40 319 97 461 455 373 464 199 243 319 278 164 461 97 164 373 423 417 243 464 304 18 423 461 97 417 18 243 384 322 164 320 278 461 97 417 18 508 322 373 7 379 355 461 417 97 18 464 278 320 322 243 461 278 355 243 18 322 417 387 203 40 355 461 320 384 495 243 203 97 322 341 355 461 97 417 267 384 320 322 18 500 97 18 355 267 373 322 461 387 416 203
[dump] L26.moe    n=40960   finite=1 absmax=0.61419      mean=-3.0755e-05  sumsq=4.682966009        argmax=11726
[dump]   top0 idx=11726 val=0.05336
[dump]   top1 idx=422 val=0.04988
[dump]   top2 idx=8028 val=0.04894
[dump]   top3 idx=2324 val=0.04737
[dump]   top4 idx=579 val=0.04658
[dump] L26.res    n=327680  finite=1 absmax=64.003       mean=0.0089972    sumsq=119214.7784        argmax=169753
[dump]   top0 idx=169753 val=17.25475
[dump]   top1 idx=170460 val=14.88739
[dump]   top2 idx=292568 val=12.54123
[dump]   top3 idx=272088 val=12.35052
[dump]   top4 idx=282328 val=12.20887
[dump] L27.att    n=40960   finite=1 absmax=3.4178       mean=0.00019942   sumsq=403.1274018        argmax=2311
[dump]   top0 idx=2311 val=3.41780
[dump]   top1 idx=47 val=1.30467
[dump]   top2 idx=1378 val=1.13045
[dump]   top3 idx=86 val=1.10750
[dump]   top4 idx=1795 val=1.06949
[dump] L27.fmix   n=40960   finite=1 absmax=3.3328       mean=0.020889     sumsq=12369.86684        argmax=4046
[dump]   top0 idx=4046 val=3.33281
[dump]   top1 idx=17813 val=2.96273
[dump]   top2 idx=16176 val=2.81967
[dump]   top3 idx=7573 val=2.77163
[dump]   top4 idx=18551 val=2.73519
[dump] L27.mid    n=160     finite=1 absmax=0 mean=0 sumsq=0 ids: 430 424 98 400 108 361 397 130 104 323 323 350 98 108 273 84 120 424 397 240 323 350 211 360 23 108 430 482 219 166 482 323 108 98 418 30 360 461 430 350 323 461 508 108 418 350 174 430 360 23 120 323 350 108 418 201 98 360 511 104 323 98 360 418 108 350 286 508 104 261 323 418 350 98 508 430 120 490 360 108 418 350 323 98 384 430 360 120 492 108 323 418 350 98 430 108 166 360 151 508 317 418 323 108 508 430 98 360 350 192 323 98 508 418 104 457 261 430 120 84 323 508 418 350 98 84 500 108 120 261 508 323 430 418 98 166 261 151 219 137 430 323 508 418 166 98 249 371 261 151 323 418 430 166 249 437 45 360 240 48
[dump] L27.moe    n=40960   finite=1 absmax=0.057945     mean=0.00024259   sumsq=4.430679356        argmax=30370
[dump]   top0 idx=30370 val=0.05618
[dump]   top1 idx=29990 val=0.05349
[dump]   top2 idx=29728 val=0.05057
[dump]   top3 idx=29282 val=0.04880
[dump]   top4 idx=29170 val=0.04790
[dump] L27.res    n=327680  finite=1 absmax=55.817       mean=0.01646      sumsq=242528.7331        argmax=170460
[dump]   top0 idx=170460 val=18.63190
[dump]   top1 idx=169753 val=18.22666
[dump]   top2 idx=292568 val=17.54537
[dump]   top3 idx=272088 val=17.27840
[dump]   top4 idx=282328 val=17.08045
[dump] L28.att    n=40960   finite=1 absmax=0.6094       mean=-0.0018898   sumsq=100.2827939        argmax=2311
[dump]   top0 idx=2311 val=0.60940
[dump]   top1 idx=914 val=0.28096
[dump]   top2 idx=4544 val=0.23297
[dump]   top3 idx=36680 val=0.22346
[dump]   top4 idx=693 val=0.21958
[dump] L28.fmix   n=40960   finite=1 absmax=3.71         mean=0.020705     sumsq=13186.25439        argmax=36536
[dump]   top0 idx=36536 val=3.39947
[dump]   top1 idx=4046 val=3.22432
[dump]   top2 idx=17813 val=3.11552
[dump]   top3 idx=9908 val=3.05140
[dump]   top4 idx=7573 val=2.84808
[dump] L28.mid    n=160     finite=1 absmax=0 mean=0 sumsq=0 ids: 28 297 139 364 433 421 300 352 164 474 352 52 139 219 297 277 474 145 86 150 352 141 110 139 52 229 136 63 130 1 297 52 139 101 352 474 219 339 147 81 52 352 101 118 282 219 139 421 297 136 52 392 150 219 277 390 9 386 352 160 52 66 433 352 408 229 63 139 469 366 52 433 352 63 219 503 172 66 130 386 52 433 66 352 219 229 469 422 189 458 433 66 390 52 63 422 229 297 277 392 421 352 52 422 54 150 0 433 297 21 421 0 433 52 63 469 229 21 352 81 421 0 433 52 214 21 63 422 297 430 421 52 0 433 297 219 63 133 275 172 52 421 0 275 182 21 297 63 460 433 0 433 421 52 21 275 352 63 366 182
[dump] L28.moe    n=40960   finite=1 absmax=0.13383      mean=-8.729e-05   sumsq=4.481046946        argmax=2311
[dump]   top0 idx=2311 val=0.13383
[dump]   top1 idx=27542 val=0.05623
[dump]   top2 idx=40853 val=0.05599
[dump]   top3 idx=23707 val=0.04917
[dump]   top4 idx=39067 val=0.04817
[dump] L28.res    n=327680  finite=1 absmax=28.225       mean=0.012476     sumsq=242340.1017        argmax=169753
[dump]   top0 idx=169753 val=16.05636
[dump]   top1 idx=170460 val=15.68950
[dump]   top2 idx=183246 val=14.04995
[dump]   top3 idx=292568 val=13.52937
[dump]   top4 idx=272088 val=13.32363
[dump] L29.att    n=40960   finite=1 absmax=0.21255      mean=0.0002662    sumsq=23.63333052        argmax=40195
[dump]   top0 idx=40195 val=0.21255
[dump]   top1 idx=39128 val=0.18035
[dump]   top2 idx=36568 val=0.16678
[dump]   top3 idx=11191 val=0.14256
[dump]   top4 idx=24835 val=0.14020
[dump] L29.fmix   n=40960   finite=1 absmax=4.0315       mean=0.0154       sumsq=14191.37758        argmax=4046
[dump]   top0 idx=4046 val=4.03150
[dump]   top1 idx=7573 val=3.98448
[dump]   top2 idx=788 val=3.76497
[dump]   top3 idx=17813 val=3.46079
[dump]   top4 idx=30613 val=3.33671
[dump] L29.mid    n=160     finite=1 absmax=0 mean=0 sumsq=0 ids: 293 466 68 387 262 400 285 337 54 451 387 290 273 148 330 93 250 504 162 337 290 148 387 273 325 16 394 250 330 93 148 290 250 387 273 330 91 265 93 267 290 118 148 273 508 250 387 265 312 259 387 290 148 93 273 317 91 296 259 118 259 387 290 265 250 118 273 325 338 296 259 387 118 273 290 265 93 325 440 274 387 259 290 265 273 22 91 312 148 118 387 259 290 273 22 148 97 265 93 91 118 387 273 290 259 265 250 148 469 93 259 387 273 290 265 97 438 325 342 453 342 438 259 265 387 273 290 451 93 468 279 259 325 389 93 273 265 185 387 97 387 273 259 93 118 265 342 290 463 438 259 438 342 279 97 265 387 468 118 22
[dump] L29.moe    n=40960   finite=1 absmax=0.14844      mean=0.00010392   sumsq=9.672633922        argmax=2311
[dump]   top0 idx=2311 val=0.14844
[dump]   top1 idx=29199 val=0.08387
[dump]   top2 idx=20969 val=0.07926
[dump]   top3 idx=21613 val=0.07758
[dump]   top4 idx=40696 val=0.07299
[dump] L29.res    n=327680  finite=1 absmax=32.069       mean=0.015079     sumsq=268312.2611        argmax=169753
[dump]   top0 idx=169753 val=18.87898
[dump]   top1 idx=323511 val=17.32892
[dump]   top2 idx=313271 val=17.32132
[dump]   top3 idx=282551 val=17.15058
[dump]   top4 idx=272311 val=16.66846
[dump] L30.att    n=40960   finite=1 absmax=1.1661       mean=-0.0005534   sumsq=113.7279903        argmax=38882
[dump]   top0 idx=38882 val=0.48476
[dump]   top1 idx=1603 val=0.42597
[dump]   top2 idx=31713 val=0.39075
[dump]   top3 idx=21431 val=0.38096
[dump]   top4 idx=26082 val=0.36702
[dump] L30.fmix   n=40960   finite=1 absmax=7.3624       mean=0.015557     sumsq=19539.83858        argmax=4046
[dump]   top0 idx=4046 val=4.93066
[dump]   top1 idx=1500 val=3.74354
[dump]   top2 idx=788 val=3.69736
[dump]   top3 idx=8681 val=3.57754
[dump]   top4 idx=30613 val=3.05156
[dump] L30.mid    n=160     finite=1 absmax=0 mean=0 sumsq=0 ids: 165 151 398 326 331 506 40 137 138 417 506 165 138 14 326 500 409 111 398 280 95 414 280 409 506 14 311 227 234 338 205 165 280 223 506 318 398 498 106 259 376 280 5 223 81 409 22 463 335 318 14 308 409 151 234 290 506 12 110 129 506 138 111 11 335 151 205 181 212 398 506 138 14 335 441 212 409 86 6 154 335 506 138 280 11 212 473 111 441 439 11 138 506 14 111 280 335 498 212 398 181 473 409 506 370 129 64 6 439 280 506 11 398 138 181 151 335 282 49 136 506 138 212 11 335 409 128 40 500 473 181 335 506 280 212 151 79 11 415 398 181 506 335 326 86 82 11 244 212 415 244 335 506 11 100 128 482 510 398 181
[dump] L30.moe    n=40960   finite=1 absmax=0.065153     mean=0.00011825   sumsq=7.921416904        argmax=36714
[dump]   top0 idx=36714 val=0.06290
[dump]   top1 idx=34729 val=0.06067
[dump]   top2 idx=17713 val=0.05821
[dump]   top3 idx=35492 val=0.05555
[dump]   top4 idx=28798 val=0.05454
[dump] L30.res    n=327680  finite=1 absmax=28.706       mean=0.010593     sumsq=120465.2234        argmax=169753
[dump]   top0 idx=169753 val=15.91403
[dump]   top1 idx=292568 val=13.63386
[dump]   top2 idx=272088 val=13.43364
[dump]   top3 idx=282328 val=13.30897
[dump]   top4 idx=261848 val=13.20058
[dump] L31.att    n=40960   finite=1 absmax=0.76626      mean=-0.002738    sumsq=166.5447069        argmax=892
[dump]   top0 idx=892 val=0.76626
[dump]   top1 idx=2311 val=0.76051
[dump]   top2 idx=1795 val=0.47187
[dump]   top3 idx=3765 val=0.42543
[dump]   top4 idx=2121 val=0.39039
[dump] L31.fmix   n=40960   finite=1 absmax=6.7076       mean=0.0070907    sumsq=29351.97747        argmax=23768
[dump]   top0 idx=23768 val=6.70760
[dump]   top1 idx=8681 val=6.04485
[dump]   top2 idx=21208 val=5.41504
[dump]   top3 idx=13528 val=4.88560
[dump]   top4 idx=9908 val=4.61397
[dump] L31.mid    n=160     finite=1 absmax=0 mean=0 sumsq=0 ids: 283 174 156 96 215 136 55 199 100 50 494 199 50 405 207 100 318 12 156 474 263 494 199 207 192 314 318 31 474 298 207 156 494 234 379 33 444 405 388 298 116 207 236 453 210 156 318 16 494 326 288 32 116 426 50 406 501 399 207 444 288 207 494 156 426 302 399 318 199 405 494 199 399 193 426 288 311 501 134 405 494 207 288 405 199 318 446 303 174 501 494 399 318 501 207 288 342 405 156 303 405 207 399 100 314 192 303 318 494 174 494 405 283 399 289 318 156 342 199 207 494 318 283 174 399 303 449 405 501 288 283 289 494 327 405 156 96 288 177 192 289 283 156 494 405 449 174 302 12 446 303 289 449 174 283 405 156 494 56 207
[dump] L31.moe    n=40960   finite=1 absmax=0.10536      mean=0.00020015   sumsq=11.65596902        argmax=2311
[dump]   top0 idx=2311 val=0.10536
[dump]   top1 idx=3022 val=0.09549
[dump]   top2 idx=8142 val=0.07689
[dump]   top3 idx=28680 val=0.07245
[dump]   top4 idx=29346 val=0.07065
[dump] L31.res    n=327680  finite=1 absmax=36.374       mean=0.011958     sumsq=309236.4817        argmax=169753
[dump]   top0 idx=169753 val=24.08734
[dump]   top1 idx=170460 val=21.13260
[dump]   top2 idx=323511 val=17.17173
[dump]   top3 idx=313271 val=17.11773
[dump]   top4 idx=282551 val=16.94919
[dump] L32.att    n=40960   finite=1 absmax=0.39551      mean=-0.00090186  sumsq=54.72966108        argmax=5081
[dump]   top0 idx=5081 val=0.39551
[dump]   top1 idx=7622 val=0.29881
[dump]   top2 idx=3553 val=0.26401
[dump]   top3 idx=33222 val=0.24238
[dump]   top4 idx=6254 val=0.23174
[dump] L32.fmix   n=40960   finite=1 absmax=5.0273       mean=0.0073551    sumsq=26634.37489        argmax=8681
[dump]   top0 idx=8681 val=5.02731
[dump]   top1 idx=14245 val=3.77546
[dump]   top2 idx=13717 val=3.76866
[dump]   top3 idx=9908 val=3.72950
[dump]   top4 idx=788 val=3.66718
[dump] L32.mid    n=160     finite=1 absmax=0 mean=0 sumsq=0 ids: 228 243 272 256 487 429 58 132 392 74 228 28 429 359 480 92 243 272 142 394 228 28 140 429 142 149 113 99 236 261 228 429 447 188 124 28 319 341 418 261 188 228 104 447 429 319 303 138 243 58 228 394 272 142 12 140 369 388 419 205 359 429 243 228 142 58 140 487 272 263 228 429 272 243 359 394 400 58 140 74 228 429 243 272 142 359 263 58 149 140 359 228 429 263 272 243 142 480 58 92 228 272 243 465 429 400 263 149 447 142 228 429 243 272 359 480 58 263 479 140 228 429 272 263 359 243 140 391 480 132 243 228 429 58 189 272 489 479 263 248 228 243 278 7 480 359 75 58 202 92 243 228 359 454 278 235 189 480 507 263
[dump] L32.moe    n=40960   finite=1 absmax=0.37396      mean=0.00011756   sumsq=14.89833516        argmax=2311
[dump]   top0 idx=2311 val=0.31289
[dump]   top1 idx=1547 val=0.10912
[dump]   top2 idx=472 val=0.10729
[dump]   top3 idx=895 val=0.10281
[dump]   top4 idx=245 val=0.09924
[dump] L32.res    n=327680  finite=1 absmax=48.624       mean=0.01292      sumsq=284570.8575        argmax=170460
[dump]   top0 idx=170460 val=20.02470
[dump]   top1 idx=169753 val=16.17556
[dump]   top2 idx=292568 val=12.40515
[dump]   top3 idx=272088 val=12.21779
[dump]   top4 idx=282328 val=12.10797
[dump] L33.att    n=40960   finite=1 absmax=0.17805      mean=-0.0012543   sumsq=28.48949729        argmax=4960
[dump]   top0 idx=4960 val=0.17805
[dump]   top1 idx=39129 val=0.15000
[dump]   top2 idx=10073 val=0.14661
[dump]   top3 idx=26593 val=0.14639
[dump]   top4 idx=32602 val=0.14505
[dump] L33.fmix   n=40960   finite=1 absmax=5.5951       mean=0.0096       sumsq=22040.79048        argmax=4046
[dump]   top0 idx=4046 val=5.59514
[dump]   top1 idx=6606 val=4.38522
[dump]   top2 idx=32206 val=3.96351
[dump]   top3 idx=788 val=3.10294
[dump]   top4 idx=13717 val=3.08095
[dump] L33.mid    n=160     finite=1 absmax=0 mean=0 sumsq=0 ids: 136 486 387 243 471 160 105 200 28 504 136 486 387 160 299 363 419 365 243 471 387 328 398 136 486 222 71 304 471 259 136 328 249 486 387 469 363 105 160 84 486 136 366 387 471 333 363 469 444 105 387 471 136 291 448 84 419 474 127 243 366 419 136 279 486 471 387 328 363 155 136 419 279 363 387 365 206 366 471 499 136 419 363 470 279 362 387 206 486 105 470 363 136 419 365 279 471 345 84 362 136 84 486 428 279 328 419 471 366 160 84 363 136 362 279 471 345 419 305 486 136 362 363 471 84 279 419 374 155 486 84 136 374 345 279 155 363 486 471 499 363 84 136 253 299 209 345 407 279 160 362 374 84 279 345 136 419 363 209 509
[dump] L33.moe    n=40960   finite=1 absmax=0.070426     mean=-3.1556e-05  sumsq=8.898105484        argmax=3119
[dump]   top0 idx=3119 val=0.06784
[dump]   top1 idx=6381 val=0.06657
[dump]   top2 idx=3777 val=0.06627
[dump]   top3 idx=8707 val=0.06501
[dump]   top4 idx=3677 val=0.06423
[dump] L33.res    n=327680  finite=1 absmax=43.005       mean=0.011613     sumsq=279905.0565        argmax=170460
[dump]   top0 idx=170460 val=19.09557
[dump]   top1 idx=292568 val=16.47841
[dump]   top2 idx=169753 val=16.27021
[dump]   top3 idx=272088 val=16.22915
[dump]   top4 idx=282328 val=16.08335
[dump] L34.att    n=40960   finite=1 absmax=0.38261      mean=-0.00067104  sumsq=58.77190811        argmax=26082
[dump]   top0 idx=26082 val=0.38261
[dump]   top1 idx=40282 val=0.31271
[dump]   top2 idx=38882 val=0.31173
[dump]   top3 idx=32602 val=0.29693
[dump]   top4 idx=30042 val=0.29070
[dump] L34.fmix   n=40960   finite=1 absmax=4.2789       mean=0.019124     sumsq=19542.5017         argmax=1500
[dump]   top0 idx=1500 val=4.27889
[dump]   top1 idx=7573 val=4.09686
[dump]   top2 idx=17813 val=3.57510
[dump]   top3 idx=28893 val=3.42961
[dump]   top4 idx=36536 val=3.41368
[dump] L34.mid    n=160     finite=1 absmax=0 mean=0 sumsq=0 ids: 449 475 275 87 496 19 101 111 24 399 111 29 101 24 275 22 119 484 460 459 131 157 29 119 111 7 173 102 33 509 29 7 459 201 185 101 299 157 119 24 440 29 157 459 111 131 190 506 201 119 87 496 277 264 88 24 101 275 399 29 111 24 131 448 101 366 29 102 119 22 131 88 22 101 29 448 24 119 111 459 29 448 24 22 102 101 460 353 119 5 29 24 448 101 102 22 353 460 131 347 111 29 299 459 201 119 24 101 366 465 131 24 101 448 111 366 102 460 22 347 111 131 366 448 101 24 22 102 460 347 131 24 101 353 448 22 29 275 102 273 131 123 22 101 24 448 150 201 29 430 448 131 24 101 22 460 247 366 275 29
[dump] L34.moe    n=40960   finite=1 absmax=0.13791      mean=0.00033506   sumsq=13.78464917        argmax=28307
[dump]   top0 idx=28307 val=0.11050
[dump]   top1 idx=28691 val=0.10621
[dump]   top2 idx=30415 val=0.10325
[dump]   top3 idx=29990 val=0.10304
[dump]   top4 idx=30391 val=0.10198
[dump] L34.res    n=327680  finite=1 absmax=23.509       mean=0.0083232    sumsq=133541.3834        argmax=169753
[dump]   top0 idx=169753 val=14.13526
[dump]   top1 idx=292568 val=13.82454
[dump]   top2 idx=272088 val=13.61530
[dump]   top3 idx=170460 val=13.51194
[dump]   top4 idx=282328 val=13.49314
[dump] L35.att    n=40960   finite=1 absmax=0.77598      mean=3.8251e-06   sumsq=140.5129313        argmax=1736
[dump]   top0 idx=1736 val=0.71066
[dump]   top1 idx=360 val=0.53090
[dump]   top2 idx=994 val=0.50682
[dump]   top3 idx=1795 val=0.49571
[dump]   top4 idx=1882 val=0.44736
[dump] L35.fmix   n=40960   finite=1 absmax=4.5529       mean=0.014447     sumsq=25191.40442        argmax=19715
[dump]   top0 idx=19715 val=3.53845
[dump]   top1 idx=12035 val=3.48907
[dump]   top2 idx=29955 val=3.34770
[dump]   top3 idx=14245 val=3.32154
[dump]   top4 idx=7971 val=3.24117
[dump] L35.mid    n=160     finite=1 absmax=0 mean=0 sumsq=0 ids: 434 31 170 360 342 472 406 372 500 403 472 161 3 222 342 375 309 434 362 31 222 309 3 161 342 56 472 162 455 362 161 472 291 222 403 70 426 309 342 353 472 161 70 3 222 31 259 342 9 345 3 368 472 453 501 74 9 8 49 434 472 3 31 121 49 453 161 375 434 70 472 3 397 31 375 315 52 453 49 434 472 375 161 3 315 31 434 222 56 121 472 161 375 3 315 31 56 372 121 434 472 500 170 222 161 31 426 315 375 372 472 31 121 375 434 315 161 3 426 277 375 472 315 31 121 3 385 434 222 342 121 31 472 490 315 56 375 161 434 162 472 31 121 315 173 490 434 161 454 372 121 472 31 315 490 56 161 375 162 434
[dump] L35.moe    n=40960   finite=1 absmax=0.17464      mean=0.0007879    sumsq=25.47334179        argmax=30042
[dump]   top0 idx=30042 val=0.16650
[dump]   top1 idx=21769 val=0.13216
[dump]   top2 idx=22362 val=0.12764
[dump]   top3 idx=21167 val=0.12290
[dump]   top4 idx=20856 val=0.12284
[dump] L35.res    n=327680  finite=1 absmax=24.226       mean=0.018316     sumsq=313017.8075        argmax=323511
[dump]   top0 idx=323511 val=19.41127
[dump]   top1 idx=313271 val=19.32269
[dump]   top2 idx=282551 val=19.14820
[dump]   top3 idx=169753 val=19.06357
[dump]   top4 idx=324798 val=18.85782
[dump] L36.att    n=40960   finite=1 absmax=6.0723       mean=0.0026784    sumsq=752.4901773        argmax=1827
[dump]   top0 idx=1827 val=3.08663
[dump]   top1 idx=2311 val=2.04483
[dump]   top2 idx=1984 val=1.95033
[dump]   top3 idx=2238 val=1.92399
[dump]   top4 idx=403 val=1.86143
[dump] L36.fmix   n=40960   finite=1 absmax=6.0988       mean=0.035999     sumsq=38545.49491        argmax=8681
[dump]   top0 idx=8681 val=5.41292
[dump]   top1 idx=4046 val=4.88340
[dump]   top2 idx=14245 val=4.55279
[dump]   top3 idx=19490 val=4.41280
[dump]   top4 idx=13717 val=4.33315
[dump] L36.mid    n=160     finite=1 absmax=0 mean=0 sumsq=0 ids: 363 78 76 429 55 210 407 265 388 45 412 396 358 102 218 25 387 490 217 269 218 412 396 233 387 429 137 105 388 96 218 308 134 76 147 388 349 146 445 439 358 134 96 369 218 396 298 76 125 233 54 491 306 55 496 363 313 219 4 481 387 313 218 358 25 429 134 396 210 258 244 387 102 306 481 341 313 218 248 485 387 296 218 258 25 102 313 341 244 210 387 258 25 218 210 296 363 76 265 102 218 339 387 293 148 140 26 363 158 388 387 218 25 485 313 494 158 243 248 210 387 25 258 330 324 388 169 40 210 485 387 185 25 258 442 218 243 410 429 168 387 278 258 25 442 179 18 314 370 262 387 179 442 258 25 168 185 410 182 307
[dump] L36.moe    n=40960   finite=1 absmax=0.22943      mean=0.00058858   sumsq=54.05041279        argmax=35107
[dump]   top0 idx=35107 val=0.21270
[dump]   top1 idx=34333 val=0.18328
[dump]   top2 idx=32840 val=0.18317
[dump]   top3 idx=29987 val=0.17327
[dump]   top4 idx=35458 val=0.17025
[dump] L36.res    n=327680  finite=1 absmax=50.374       mean=0.0252       sumsq=350257.0923        argmax=170460
[dump]   top0 idx=170460 val=27.37810
[dump]   top1 idx=169753 val=24.37147
[dump]   top2 idx=165667 val=18.65712
[dump]   top3 idx=292568 val=13.57868
[dump]   top4 idx=272088 val=13.36650
[dump] L37.att    n=40960   finite=1 absmax=2.2662       mean=-0.0010869   sumsq=127.9858814        argmax=2537
[dump]   top0 idx=2537 val=1.14541
[dump]   top1 idx=932 val=0.68177
[dump]   top2 idx=138 val=0.63429
[dump]   top3 idx=1359 val=0.55786
[dump]   top4 idx=1750 val=0.54769
[dump] L37.fmix   n=40960   finite=1 absmax=5.4607       mean=0.044305     sumsq=38419.51403        argmax=8681
[dump]   top0 idx=8681 val=4.75941
[dump]   top1 idx=12360 val=4.12800
[dump]   top2 idx=14245 val=4.10559
[dump]   top3 idx=10936 val=3.97342
[dump]   top4 idx=7573 val=3.94638
[dump] L37.mid    n=160     finite=1 absmax=0 mean=0 sumsq=0 ids: 255 72 379 304 131 25 418 420 10 324 255 19 324 304 150 369 286 379 118 451 451 286 128 350 369 118 200 435 255 197 306 255 346 19 511 359 284 265 479 128 128 346 255 187 451 150 33 379 304 131 131 297 302 25 379 255 392 134 96 142 19 29 118 346 369 57 484 304 255 313 118 19 57 360 255 25 369 197 290 27 118 19 352 346 57 369 484 155 200 255 352 19 118 57 200 306 369 346 255 326 19 317 255 369 484 346 379 118 155 326 346 255 369 131 19 200 57 379 313 155 369 57 304 264 255 19 346 118 155 477 313 57 469 369 389 346 200 326 306 128 313 346 321 19 369 469 57 326 255 118 313 346 57 369 469 304 264 19 326 243
[dump] L37.moe    n=40960   finite=1 absmax=0.16809      mean=0.00014461   sumsq=45.82988185        argmax=29042
[dump]   top0 idx=29042 val=0.16809
[dump]   top1 idx=24921 val=0.16487
[dump]   top2 idx=29424 val=0.15135
[dump]   top3 idx=28439 val=0.14779
[dump]   top4 idx=31602 val=0.14717
[dump] L37.res    n=327680  finite=1 absmax=72.828       mean=0.016331     sumsq=304995.9252        argmax=170460
[dump]   top0 idx=170460 val=28.94975
[dump]   top1 idx=169753 val=25.20715
[dump]   top2 idx=163978 val=19.00654
[dump]   top3 idx=189445 val=19.00224
[dump]   top4 idx=240645 val=18.80299
[dump] L38.att    n=40960   finite=1 absmax=0.46671      mean=-0.00063091  sumsq=108.6698749        argmax=403
[dump]   top0 idx=403 val=0.40369
[dump]   top1 idx=36753 val=0.33431
[dump]   top2 idx=34193 val=0.33397
[dump]   top3 idx=23953 val=0.29214
[dump]   top4 idx=7716 val=0.28861
[dump] L38.fmix   n=40960   finite=1 absmax=5.7766       mean=0.04413      sumsq=34875.42446        argmax=12655
[dump]   top0 idx=12655 val=5.77664
[dump]   top1 idx=10936 val=5.20640
[dump]   top2 idx=8681 val=5.01582
[dump]   top3 idx=1863 val=4.24615
[dump]   top4 idx=7573 val=4.09285
[dump] L38.mid    n=160     finite=1 absmax=0 mean=0 sumsq=0 ids: 317 456 283 345 309 41 57 287 446 205 425 96 394 164 305 438 188 275 402 483 460 188 265 96 425 402 232 187 438 504 464 352 279 145 96 376 51 54 460 164 396 460 183 96 193 202 111 356 384 306 341 347 206 235 309 104 18 462 388 345 7 206 438 460 226 116 341 50 393 483 241 425 375 124 307 259 106 291 388 438 504 460 388 96 124 50 206 400 486 279 504 460 454 355 279 438 135 486 50 206 153 87 71 226 460 454 173 452 164 350 460 206 116 226 213 7 41 117 244 483 483 226 460 206 438 486 7 117 188 50 226 412 173 206 457 287 262 460 50 483 168 173 226 370 323 483 228 287 262 254 226 287 173 483 206 260 354 76 438 457
[dump] L38.moe    n=40960   finite=1 absmax=0.1818       mean=-2.982e-05   sumsq=34.99472367        argmax=27937
[dump]   top0 idx=27937 val=0.18180
[dump]   top1 idx=8826 val=0.12970
[dump]   top2 idx=14924 val=0.12737
[dump]   top3 idx=37387 val=0.12533
[dump]   top4 idx=8177 val=0.11971
[dump] L38.res    n=327680  finite=1 absmax=29.741       mean=0.011245     sumsq=210504.7368        argmax=170460
[dump]   top0 idx=170460 val=20.33348
[dump]   top1 idx=169753 val=19.56281
[dump]   top2 idx=322565 val=15.39510
[dump]   top3 idx=271365 val=15.19255
[dump]   top4 idx=261125 val=15.15736
[dump] L39.att    n=40960   finite=1 absmax=0.55114      mean=0.00017861   sumsq=216.9850803        argmax=29052
[dump]   top0 idx=29052 val=0.55114
[dump]   top1 idx=15465 val=0.42110
[dump]   top2 idx=23839 val=0.41184
[dump]   top3 idx=31519 val=0.39633
[dump]   top4 idx=23561 val=0.39123
[dump] L39.fmix   n=40960   finite=1 absmax=8.4928       mean=0.027296     sumsq=41275.12877        argmax=8681
[dump]   top0 idx=8681 val=8.49277
[dump]   top1 idx=15939 val=5.72038
[dump]   top2 idx=8288 val=5.43617
[dump]   top3 idx=23619 val=5.15936
[dump]   top4 idx=5699 val=5.10883
[dump] L39.mid    n=160     finite=1 absmax=0 mean=0 sumsq=0 ids: 356 323 285 42 496 260 242 334 450 82 356 496 103 167 45 480 128 223 494 120 48 496 356 45 480 103 123 128 477 223 356 42 496 99 307 107 355 337 264 220 356 99 500 496 109 42 103 128 342 264 372 480 356 82 201 389 285 367 495 494 356 99 42 128 480 334 109 103 104 342 480 356 128 334 42 299 121 375 394 477 356 128 42 480 110 148 60 299 121 274 356 406 128 32 477 177 42 219 480 342 356 477 42 459 128 442 372 36 355 506 356 128 480 334 110 60 42 496 148 360 356 334 32 60 128 42 480 145 110 257 356 60 127 128 233 116 108 10 110 433 356 425 60 334 257 116 127 233 128 463 356 60 128 425 233 127 116 110 32 257
[dump] L39.moe    n=40960   finite=1 absmax=0.45664      mean=0.00024971   sumsq=101.0117583        argmax=2311
[dump]   top0 idx=2311 val=0.45664
[dump]   top1 idx=422 val=0.30746
[dump]   top2 idx=21084 val=0.27700
[dump]   top3 idx=1882 val=0.26971
[dump]   top4 idx=21597 val=0.23810
[dump] L39.res    n=327680  finite=1 absmax=40.326       mean=0.020614     sumsq=491551.286         argmax=212335
[dump]   top0 idx=212335 val=23.82797
[dump]   top1 idx=165667 val=23.53599
[dump]   top2 idx=232417 val=23.22922
[dump]   top3 idx=169753 val=21.97674
[dump]   top4 idx=170460 val=21.31570
[dump] L40.att    n=40960   finite=1 absmax=0.68974      mean=0.0025639    sumsq=201.1097814        argmax=36901
[dump]   top0 idx=36901 val=0.68974
[dump]   top1 idx=13861 val=0.61877
[dump]   top2 idx=8741 val=0.56743
[dump]   top3 idx=27937 val=0.55030
[dump]   top4 idx=18402 val=0.48754
[dump] L40.fmix   n=40960   finite=1 absmax=7.3204       mean=0.033577     sumsq=46959.09565        argmax=8681
[dump]   top0 idx=8681 val=7.32042
[dump]   top1 idx=15939 val=6.26710
[dump]   top2 idx=22718 val=5.95495
[dump]   top3 idx=25278 val=5.69955
[dump]   top4 idx=20158 val=5.57386
[dump] L40.mid    n=160     finite=1 absmax=0 mean=0 sumsq=0 ids: 280 172 309 449 178 141 428 91 103 381 280 28 141 249 332 380 135 334 311 229 280 268 282 8 218 66 502 335 332 301 280 217 380 199 111 277 461 477 334 271 268 334 217 280 160 21 391 380 199 67 36 178 428 200 280 295 127 310 60 309 335 280 334 380 141 138 217 398 160 204 280 128 188 335 295 336 237 138 50 200 335 280 138 220 261 465 282 181 398 263 204 280 52 398 335 22 250 229 465 83 307 412 170 282 301 77 351 280 178 36 172 280 335 208 138 64 374 61 178 438 335 208 172 138 280 178 465 220 240 459 240 491 204 335 435 61 155 494 212 57 240 172 491 335 470 208 212 398 61 138 335 240 172 208 491 470 497 138 435 260
[dump] L40.moe    n=40960   finite=1 absmax=0.20035      mean=9.0475e-05   sumsq=38.54964631        argmax=10697
[dump]   top0 idx=10697 val=0.20035
[dump]   top1 idx=12437 val=0.19250
[dump]   top2 idx=11959 val=0.19235
[dump]   top3 idx=12555 val=0.18587
[dump]   top4 idx=10736 val=0.17680
[dump] L40.res    n=327680  finite=1 absmax=39.011       mean=0.022475     sumsq=389198.8404        argmax=170460
[dump]   top0 idx=170460 val=17.17715
[dump]   top1 idx=165667 val=16.26149
[dump]   top2 idx=169753 val=16.18132
[dump]   top3 idx=166538 val=15.61703
[dump]   top4 idx=231031 val=14.65112
[dump] L41.att    n=40960   finite=1 absmax=0.6411       mean=0.00064132   sumsq=158.2970026        argmax=17242
[dump]   top0 idx=17242 val=0.64110
[dump]   top1 idx=30042 val=0.62132
[dump]   top2 idx=32602 val=0.55256
[dump]   top3 idx=22362 val=0.54618
[dump]   top4 idx=27482 val=0.52970
[dump] L41.fmix   n=40960   finite=1 absmax=6.8216       mean=0.037685     sumsq=49709.35369        argmax=8681
[dump]   top0 idx=8681 val=5.66632
[dump]   top1 idx=1500 val=5.42683
[dump]   top2 idx=8288 val=5.05906
[dump]   top3 idx=11929 val=4.66108
[dump]   top4 idx=25380 val=4.63271
[dump] L41.mid    n=160     finite=1 absmax=0 mean=0 sumsq=0 ids: 59 240 198 491 331 445 482 420 266 348 348 178 489 196 27 505 378 281 20 21 205 348 132 58 378 20 480 423 19 178 289 387 19 343 255 90 204 160 348 135 21 95 204 343 90 71 454 196 160 255 496 59 55 433 42 491 476 198 403 482 157 59 116 118 204 496 198 433 299 20 59 489 299 376 240 430 440 399 433 198 132 118 506 253 58 198 302 422 116 205 404 118 131 205 426 366 348 132 342 75 389 45 406 303 146 461 505 510 169 374 59 433 118 416 198 450 443 240 105 491 59 433 440 118 450 476 240 198 491 105 278 59 305 450 483 17 433 221 413 52 59 450 346 433 240 477 301 338 293 417 59 450 491 119 433 118 440 472 106 111
[dump] L41.moe    n=40960   finite=1 absmax=0.1502       mean=-0.00022464  sumsq=46.51663613        argmax=10253
[dump]   top0 idx=10253 val=0.15020
[dump]   top1 idx=30466 val=0.14197
[dump]   top2 idx=12590 val=0.13907
[dump]   top3 idx=10644 val=0.13677
[dump]   top4 idx=11879 val=0.13527
[dump] L41.res    n=327680  finite=1 absmax=36.761       mean=0.022094     sumsq=391498.441         argmax=165667
[dump]   top0 idx=165667 val=26.66051
[dump]   top1 idx=170460 val=20.37575
[dump]   top2 idx=169753 val=13.86660
[dump]   top3 idx=167332 val=13.23340
[dump]   top4 idx=177522 val=13.15483
[dump] L42.att    n=40960   finite=1 absmax=0.75965      mean=0.0010125    sumsq=138.7627133        argmax=23522
[dump]   top0 idx=23522 val=0.41248
[dump]   top1 idx=20962 val=0.38158
[dump]   top2 idx=18402 val=0.35960
[dump]   top3 idx=39393 val=0.34891
[dump]   top4 idx=10722 val=0.34594
[dump] L42.fmix   n=40960   finite=1 absmax=5.5757       mean=0.038799     sumsq=49158.60855        argmax=8681
[dump]   top0 idx=8681 val=5.57567
[dump]   top1 idx=29042 val=4.89979
[dump]   top2 idx=33683 val=4.88862
[dump]   top3 idx=27937 val=4.79636
[dump]   top4 idx=21424 val=4.77741
[dump] L42.mid    n=160     finite=1 absmax=0 mean=0 sumsq=0 ids: 294 151 366 248 283 322 212 393 83 432 455 78 357 466 293 3 341 279 250 276 357 455 279 302 495 276 341 37 14 231 474 42 21 455 39 141 105 51 414 108 39 59 455 357 65 276 21 92 414 377 53 506 215 507 151 14 276 348 140 231 3 110 310 53 140 231 357 276 90 5 310 110 140 354 3 455 276 53 357 90 310 341 3 191 455 283 182 110 136 140 341 391 3 269 278 110 357 452 283 191 310 3 227 151 105 110 333 455 72 283 3 337 212 140 193 231 5 310 451 151 3 310 5 140 151 121 212 193 466 411 212 321 446 3 6 509 399 7 341 310 212 310 494 7 3 509 358 399 498 83 212 3 509 498 310 399 140 83 290 6
[dump] L42.moe    n=40960   finite=1 absmax=0.23276      mean=0.0006391    sumsq=74.65872978        argmax=36682
[dump]   top0 idx=36682 val=0.23276
[dump]   top1 idx=38053 val=0.21635
[dump]   top2 idx=544 val=0.20445
[dump]   top3 idx=40613 val=0.19975
[dump]   top4 idx=37677 val=0.19463
[dump] L42.res    n=327680  finite=1 absmax=20.404       mean=0.011847     sumsq=127688.3375        argmax=170460
[dump]   top0 idx=170460 val=12.49079
[dump]   top1 idx=165667 val=11.71897
[dump]   top2 idx=322565 val=11.41420
[dump]   top3 idx=271365 val=11.35003
[dump]   top4 idx=261125 val=11.28539
[dump] L43.att    n=40960   finite=1 absmax=0.53261      mean=0.0031606    sumsq=187.5698502        argmax=28888
[dump]   top0 idx=28888 val=0.50453
[dump]   top1 idx=29551 val=0.49361
[dump]   top2 idx=16751 val=0.48727
[dump]   top3 idx=30398 val=0.46598
[dump]   top4 idx=11631 val=0.44776
[dump] L43.fmix   n=40960   finite=1 absmax=5.6195       mean=0.036993     sumsq=36498.43921        argmax=25380
[dump]   top0 idx=25380 val=5.61955
[dump]   top1 idx=24008 val=3.96667
[dump]   top2 idx=33683 val=3.93070
[dump]   top3 idx=9856 val=3.92679
[dump]   top4 idx=29120 val=3.87730
[dump] L43.mid    n=160     finite=1 absmax=0 mean=0 sumsq=0 ids: 300 180 86 133 13 413 91 60 64 162 44 166 300 124 471 293 24 346 363 477 293 300 417 117 124 166 505 471 44 483 300 19 439 293 189 42 371 257 221 155 300 221 257 219 376 371 439 348 243 80 300 10 499 133 331 472 337 26 286 146 300 499 462 337 363 146 64 219 293 483 300 499 146 374 86 101 337 363 462 117 300 121 97 86 499 462 451 145 483 203 300 483 266 293 462 216 270 299 324 430 300 496 323 86 90 182 64 117 278 403 300 86 499 337 0 227 61 133 272 451 300 86 499 133 462 483 363 64 337 250 300 325 248 86 202 499 133 436 355 259 300 325 86 499 4 14 146 347 117 60 300 325 86 499 436 99 462 337 98 81
[dump] L43.moe    n=40960   finite=1 absmax=0.18125      mean=0.0002543    sumsq=39.6370463         argmax=28742
[dump]   top0 idx=28742 val=0.18125
[dump]   top1 idx=31302 val=0.16908
[dump]   top2 idx=29516 val=0.14949
[dump]   top3 idx=30262 val=0.13984
[dump]   top4 idx=20711 val=0.13878
[dump] L43.res    n=327680  finite=1 absmax=48.273       mean=0.036307     sumsq=581714.7927        argmax=262128
[dump]   top0 idx=262128 val=22.17467
[dump]   top1 idx=221754 val=19.80057
[dump]   top2 idx=228833 val=18.13528
[dump]   top3 idx=166538 val=18.11713
[dump]   top4 idx=176454 val=17.96451
[dump] L44.att    n=40960   finite=1 absmax=4.7329       mean=0.0038265    sumsq=1146.054893        argmax=1827
[dump]   top0 idx=1827 val=3.86093
[dump]   top1 idx=9867 val=3.58932
[dump]   top2 idx=27787 val=3.44279
[dump]   top3 idx=2187 val=2.84236
[dump]   top4 idx=422 val=2.42238
[dump] L44.fmix   n=40960   finite=1 absmax=7.4876       mean=0.050653     sumsq=51121.52125        argmax=26903
[dump]   top0 idx=26903 val=6.11704
[dump]   top1 idx=25380 val=5.87272
[dump]   top2 idx=31821 val=5.58934
[dump]   top3 idx=1500 val=5.43777
[dump]   top4 idx=40033 val=5.18161
[dump] L44.mid    n=160     finite=1 absmax=0 mean=0 sumsq=0 ids: 56 433 263 174 405 338 51 209 277 142 505 1 472 303 402 426 39 290 441 358 39 24 285 505 472 396 287 314 441 135 24 339 27 260 117 311 422 182 417 308 117 260 24 303 133 258 466 328 308 119 174 296 248 395 169 361 59 338 433 56 117 24 87 59 260 418 174 472 303 256 87 338 81 248 395 441 59 209 37 174 283 87 287 447 135 59 501 490 21 39 472 287 447 401 190 501 45 303 39 371 416 102 24 377 87 490 56 61 338 418 87 338 433 61 207 248 24 284 209 119 87 433 338 24 248 61 207 490 284 56 437 87 61 150 340 433 207 303 248 424 61 35 424 96 150 207 87 119 209 264 87 61 119 207 174 150 209 187 248 424
[dump] L44.moe    n=40960   finite=1 absmax=0.27576      mean=-3.0806e-06  sumsq=43.76730371        argmax=17101
[dump]   top0 idx=17101 val=0.15717
[dump]   top1 idx=26838 val=0.15456
[dump]   top2 idx=14141 val=0.15442
[dump]   top3 idx=16747 val=0.14644
[dump]   top4 idx=39034 val=0.14560
[dump] L44.res    n=327680  finite=1 absmax=36.824       mean=0.029576     sumsq=401589.5432        argmax=165667
[dump]   top0 idx=165667 val=25.62528
[dump]   top1 idx=165576 val=21.69561
[dump]   top2 idx=210551 val=18.81189
[dump]   top3 idx=163978 val=18.80955
[dump]   top4 idx=190071 val=17.55316
[dump] L45.att    n=40960   finite=1 absmax=2.4907       mean=0.0057756    sumsq=2654.027813        argmax=30042
[dump]   top0 idx=30042 val=2.18728
[dump]   top1 idx=17170 val=2.16678
[dump]   top2 idx=19730 val=2.05326
[dump]   top3 idx=1810 val=1.94036
[dump]   top4 idx=40210 val=1.91518
[dump] L45.fmix   n=40960   finite=1 absmax=8.7873       mean=0.050344     sumsq=53847.26571        argmax=31821
[dump]   top0 idx=31821 val=5.97578
[dump]   top1 idx=1500 val=5.89620
[dump]   top2 idx=25380 val=5.75774
[dump]   top3 idx=6915 val=5.67341
[dump]   top4 idx=28794 val=5.48417
[dump] L45.mid    n=160     finite=1 absmax=0 mean=0 sumsq=0 ids: 237 48 475 227 22 51 303 406 215 442 237 149 222 455 269 391 223 488 231 429 316 222 237 7 391 488 231 505 87 229 237 292 274 123 371 391 263 176 332 153 263 176 68 323 391 214 492 505 237 307 198 237 152 484 169 270 22 442 51 186 237 229 51 263 235 176 391 75 231 505 237 303 51 391 152 75 22 171 283 186 237 79 29 185 229 142 51 156 219 0 131 222 156 219 185 142 338 62 385 99 237 108 303 335 51 443 127 102 22 511 237 303 443 51 87 229 235 442 22 497 237 51 229 127 443 442 22 303 75 54 443 237 277 116 393 177 303 75 51 326 443 237 389 303 393 431 486 177 257 277 443 237 51 486 393 75 431 303 218 328
[dump] L45.moe    n=40960   finite=1 absmax=0.23203      mean=-0.00057686  sumsq=63.12724895        argmax=29111
[dump]   top0 idx=29111 val=0.20560
[dump]   top1 idx=26468 val=0.19235
[dump]   top2 idx=24263 val=0.17689
[dump]   top3 idx=28159 val=0.17492
[dump]   top4 idx=27256 val=0.17486
[dump] L45.res    n=327680  finite=1 absmax=40.978       mean=0.027451     sumsq=432552.397         argmax=165667
[dump]   top0 idx=165667 val=40.97797
[dump]   top1 idx=167332 val=30.73577
[dump]   top2 idx=229650 val=26.31428
[dump]   top3 idx=168210 val=25.21446
[dump]   top4 idx=239890 val=23.62203
[dump] L46.att    n=40960   finite=1 absmax=5.6213       mean=0.0036319    sumsq=3750.242757        argmax=18554
[dump]   top0 idx=18554 val=5.59210
[dump]   top1 idx=12427 val=4.37412
[dump]   top2 idx=21114 val=4.28661
[dump]   top3 idx=26234 val=4.12816
[dump]   top4 idx=15994 val=3.80650
[dump] L46.fmix   n=40960   finite=1 absmax=8.7597       mean=0.04094      sumsq=54352.02105        argmax=26234
[dump]   top0 idx=26234 val=6.76083
[dump]   top1 idx=30042 val=6.57002
[dump]   top2 idx=5051 val=5.63623
[dump]   top3 idx=18554 val=5.54931
[dump]   top4 idx=28794 val=5.46407
[dump] L46.mid    n=160     finite=1 absmax=0 mean=0 sumsq=0 ids: 25 338 230 297 348 77 31 60 477 239 25 68 384 38 426 227 333 0 247 138 25 38 227 510 246 257 296 343 31 54 25 427 60 508 459 343 301 397 205 147 25 459 3 164 427 318 276 397 296 205 81 25 341 383 230 348 136 283 246 284 25 81 56 230 459 281 14 343 296 348 25 56 60 81 167 163 230 437 458 510 25 56 81 227 294 491 54 269 348 119 25 337 231 119 56 123 269 491 438 191 25 56 60 63 377 491 456 497 257 215 25 56 60 348 230 419 343 497 81 6 25 56 348 60 343 81 67 389 215 297 25 98 474 56 60 497 264 430 491 297 25 298 56 494 463 180 81 16 60 275 25 56 60 343 348 81 500 296 497 67
[dump] L46.moe    n=40960   finite=1 absmax=0.31377      mean=-0.00022712  sumsq=105.918088         argmax=26551
[dump]   top0 idx=26551 val=0.31377
[dump]   top1 idx=16387 val=0.27719
[dump]   top2 idx=1027 val=0.26484
[dump]   top3 idx=7257 val=0.25901
[dump]   top4 idx=17550 val=0.24547
[dump] L46.res    n=327680  finite=1 absmax=28.533       mean=0.020827     sumsq=255584.6037        argmax=165667
[dump]   top0 idx=165667 val=25.28975
[dump]   top1 idx=163978 val=16.15971
[dump]   top2 idx=196747 val=16.01901
[dump]   top3 idx=176454 val=14.05961
[dump]   top4 idx=268427 val=13.37294
[dump] L47.att    n=40960   finite=1 absmax=2.9395       mean=-0.0035887   sumsq=971.7432224        argmax=2314
[dump]   top0 idx=2314 val=2.93949
[dump]   top1 idx=722 val=1.89925
[dump]   top2 idx=579 val=1.44006
[dump]   top3 idx=1027 val=1.42590
[dump]   top4 idx=1202 val=1.35057
[dump] L47.fmix   n=2560    finite=1 absmax=6.0506       mean=0.0075611    sumsq=3313.845006        argmax=122
[dump]   top0 idx=122 val=4.92662
[dump]   top1 idx=1795 val=4.76880
[dump]   top2 idx=1429 val=4.43801
[dump]   top3 idx=1101 val=3.70161
[dump]   top4 idx=2396 val=3.58656
[dump] L47.mid    n=10      finite=1 absmax=0 mean=0 sumsq=0 ids: 352 186 95 417 422 444 179 103 70 340
[dump] L47.moe    n=2560    finite=1 absmax=0.60828      mean=-0.00095706  sumsq=19.5115738         argmax=951
[dump]   top0 idx=951 val=0.58147
[dump]   top1 idx=617 val=0.44760
[dump]   top2 idx=2213 val=0.41423
[dump]   top3 idx=192 val=0.38536
[dump]   top4 idx=92 val=0.33664
[dump] L47.res    n=20480   finite=1 absmax=67.459       mean=-0.011827    sumsq=171201.8724        argmax=20133
[dump]   top0 idx=20133 val=32.25233
[dump]   top1 idx=15242 val=31.05953
[dump]   top2 idx=15762 val=25.42074
[dump]   top3 idx=17573 val=23.38038
[dump]   top4 idx=15013 val=23.23442
[dump] L00.att    n=40960   finite=1 absmax=1.0866       mean=0.00022953   sumsq=449.7347614        argmax=2565
[dump]   top0 idx=2565 val=1.08664
[dump]   top1 idx=5 val=1.00970
[dump]   top2 idx=12805 val=0.94685
[dump]   top3 idx=5125 val=0.92478
[dump]   top4 idx=7685 val=0.91633
[dump] L00.fmix   n=40960   finite=1 absmax=2.7863       mean=0.0034925    sumsq=7318.77945         argmax=231
[dump]   top0 idx=231 val=2.36255
[dump]   top1 idx=268 val=2.32700
[dump]   top2 idx=22265 val=2.27917
[dump]   top3 idx=34347 val=2.24170
[dump]   top4 idx=37661 val=2.07894
[dump] L00.mid    n=160     finite=1 absmax=0 mean=0 sumsq=0 ids: 215 372 109 371 90 453 220 28 396 205 459 95 348 432 352 403 394 327 237 43 24 164 270 350 368 418 54 317 459 501 173 15 386 492 253 68 503 291 37 222 479 10 175 322 501 66 376 64 7 350 128 465 108 496 494 206 442 74 504 94 118 481 174 89 253 2 113 197 147 138 232 99 39 291 132 187 346 24 53 27 468 174 367 377 15 500 505 339 399 37 138 147 367 174 15 37 432 119 500 399 226 9 270 425 290 176 247 136 102 198 507 30 462 226 24 221 8 368 54 441 49 221 73 129 11 113 382 117 106 237 226 40 490 146 344 488 483 122 374 397 56 226 288 135 201 96 124 405 34 310 226 487 469 490 146 51 355 365 344 284
[dump] L00.moe    n=40960   finite=1 absmax=0.35476      mean=0.00043193   sumsq=37.30712243        argmax=1682
[dump]   top0 idx=1682 val=0.35476
[dump]   top1 idx=579 val=0.29842
[dump]   top2 idx=5 val=0.28178
[dump]   top3 idx=1500 val=0.27366
[dump]   top4 idx=23768 val=0.24801
[dump] L00.res    n=163840  finite=1 absmax=0.37763      mean=0.00038182   sumsq=75.25109152        argmax=46085
[dump]   top0 idx=46085 val=0.37763
[dump]   top1 idx=15365 val=0.32708
[dump]   top2 idx=76805 val=0.32478
[dump]   top3 idx=56325 val=0.31184
[dump]   top4 idx=138245 val=0.29906
[dump] L01.att    n=40960   finite=1 absmax=1.309        mean=-0.0039659   sumsq=774.8562834        argmax=14273
[dump]   top0 idx=14273 val=1.30900
[dump]   top1 idx=11713 val=1.15927
[dump]   top2 idx=6593 val=1.15191
[dump]   top3 idx=28491 val=1.12951
[dump]   top4 idx=5451 val=1.11806
[dump] L01.fmix   n=40960   finite=1 absmax=3.3254       mean=0.00018787   sumsq=6641.800807        argmax=4046
[dump]   top0 idx=4046 val=3.32542
[dump]   top1 idx=33285 val=2.60666
[dump]   top2 idx=25605 val=2.55110
[dump]   top3 idx=17925 val=2.52035
[dump]   top4 idx=35845 val=2.36411
[dump] L01.mid    n=160     finite=1 absmax=0 mean=0 sumsq=0 ids: 19 320 157 131 165 225 345 205 446 186 131 10 128 348 486 500 103 19 303 196 168 210 381 441 458 81 289 207 27 445 86 91 500 341 19 447 67 41 425 348 326 429 499 441 458 233 319 296 313 81 282 5 382 500 101 443 349 177 307 425 151 54 253 473 41 282 425 117 139 140 372 103 431 64 1 196 409 348 345 286 496 21 372 371 431 500 409 314 44 1 496 122 44 371 20 163 41 169 54 78 149 377 496 98 500 81 86 289 425 507 81 168 458 54 139 507 377 169 121 98 500 118 377 81 323 54 289 425 98 131 500 140 149 127 205 67 249 412 289 425 149 500 205 280 19 26 265 87 306 412 330 385 285 323 459 311 495 450 369 22
[dump] L01.moe    n=40960   finite=1 absmax=0.22226      mean=0.00012883   sumsq=2.859981689        argmax=1832
[dump]   top0 idx=1832 val=0.06782
[dump]   top1 idx=2010 val=0.05540
[dump]   top2 idx=1531 val=0.05507
[dump]   top3 idx=855 val=0.05451
[dump]   top4 idx=26455 val=0.05410
[dump] L01.res    n=327680  finite=1 absmax=30.067       mean=0.012318     sumsq=251639.3119        argmax=182615
[dump]   top0 idx=182615 val=16.86781
[dump]   top1 idx=271365 val=15.43888
[dump]   top2 idx=209925 val=15.36530
[dump]   top3 idx=240645 val=15.32231
[dump]   top4 idx=168965 val=15.19514
[dump] L02.att    n=40960   finite=1 absmax=3.0882       mean=0.0049858    sumsq=524.4505205        argmax=2010
[dump]   top0 idx=2010 val=1.25582
[dump]   top1 idx=403 val=0.80978
[dump]   top2 idx=2293 val=0.75753
[dump]   top3 idx=348 val=0.70048
[dump]   top4 idx=913 val=0.68048
[dump] L02.fmix   n=40960   finite=1 absmax=5.2914       mean=0.010458     sumsq=6600.393363        argmax=12655
[dump]   top0 idx=12655 val=2.07445
[dump]   top1 idx=24008 val=1.87715
[dump]   top2 idx=15072 val=1.85464
[dump]   top3 idx=7392 val=1.82036
[dump]   top4 idx=4046 val=1.78313
[dump] L02.mid    n=160     finite=1 absmax=0 mean=0 sumsq=0 ids: 75 12 209 68 137 403 257 272 87 255 75 42 169 139 22 479 356 192 61 376 75 141 42 169 13 61 355 356 430 102 75 259 427 32 440 61 466 371 12 356 410 433 355 124 252 407 75 133 76 341 32 103 123 75 9 22 285 259 426 69 70 124 75 165 402 355 133 191 356 52 22 75 69 170 145 35 430 61 356 180 230 22 75 480 260 356 102 285 61 506 75 230 22 356 152 61 285 260 431 480 75 61 185 431 459 482 385 22 52 319 430 75 385 52 421 13 316 88 388 275 75 70 385 72 503 205 376 382 16 133 75 275 187 61 32 13 272 12 420 31 75 507 399 225 129 275 272 161 495 61 265 397 309 352 167 275 406 165 75 173
[dump] L02.moe    n=40960   finite=1 absmax=0.10461      mean=0.00031603   sumsq=3.199852293        argmax=23308
[dump]   top0 idx=23308 val=0.10461
[dump]   top1 idx=20748 val=0.09189
[dump]   top2 idx=3288 val=0.09056
[dump]   top3 idx=5388 val=0.08286
[dump]   top4 idx=951 val=0.08256
[dump] L02.res    n=327680  finite=1 absmax=22.688       mean=0.014559     sumsq=123509.6405        argmax=168965
[dump]   top0 idx=168965 val=18.07111
[dump]   top1 idx=240645 val=17.12523
[dump]   top2 idx=271365 val=17.01322
[dump]   top3 idx=230405 val=16.57428
[dump]   top4 idx=209925 val=16.43214
[dump] L03.att    n=40960   finite=1 absmax=0.91906      mean=-0.0026528   sumsq=293.2921947        argmax=522
[dump]   top0 idx=522 val=0.77064
[dump]   top1 idx=1832 val=0.64989
[dump]   top2 idx=667 val=0.56205
[dump]   top3 idx=983 val=0.55267
[dump]   top4 idx=1578 val=0.55263
[dump] L03.fmix   n=40960   finite=1 absmax=3.3536       mean=0.016425     sumsq=12570.35719        argmax=4046
[dump]   top0 idx=4046 val=3.19385
[dump]   top1 idx=10968 val=3.14993
[dump]   top2 idx=33997 val=2.98993
[dump]   top3 idx=3288 val=2.91259
[dump]   top4 idx=8408 val=2.67237
[dump] L03.mid    n=160     finite=1 absmax=0 mean=0 sumsq=0 ids: 243 143 190 405 470 223 205 253 371 231 476 47 405 231 228 343 441 473 243 277 343 112 47 71 146 21 405 486 231 470 231 190 441 228 418 146 470 504 101 484 146 299 419 406 451 254 484 169 228 27 441 443 418 190 156 494 231 347 228 149 296 146 396 193 189 21 307 467 419 77 17 296 193 189 32 231 190 485 295 200 365 190 396 296 295 271 200 307 509 449 189 296 190 307 101 149 365 295 480 418 74 418 231 190 104 365 228 257 449 152 74 71 257 81 112 190 91 365 262 101 74 257 190 277 365 101 146 224 83 343 441 504 194 315 190 101 231 206 318 418 364 315 86 185 104 101 194 441 31 184 467 396 101 218 472 271 441 365 102 104
[dump] L03.moe    n=40960   finite=1 absmax=0.054375     mean=6.2612e-05   sumsq=3.684827863        argmax=22718
[dump]   top0 idx=22718 val=0.04621
[dump]   top1 idx=29614 val=0.04612
[dump]   top2 idx=28855 val=0.04411
[dump]   top3 idx=11687 val=0.03960
[dump]   top4 idx=29681 val=0.03944
[dump] L03.res    n=327680  finite=1 absmax=31.206       mean=0.01912      sumsq=259534.1606        argmax=168965
[dump]   top0 idx=168965 val=19.37314
[dump]   top1 idx=240645 val=18.32444
[dump]   top2 idx=271365 val=18.19684
[dump]   top3 idx=230405 val=17.79812
[dump]   top4 idx=209925 val=17.58557
[dump] L04.att    n=40960   finite=1 absmax=0.64974      mean=-0.0014987   sumsq=208.251436         argmax=29813
[dump]   top0 idx=29813 val=0.64974
[dump]   top1 idx=9333 val=0.50615
[dump]   top2 idx=32373 val=0.50032
[dump]   top3 idx=34933 val=0.47653
[dump]   top4 idx=10871 val=0.46011
[dump] L04.fmix   n=40960   finite=1 absmax=3.2754       mean=0.014737     sumsq=14263.84377        argmax=4046
[dump]   top0 idx=4046 val=3.27540
[dump]   top1 idx=22230 val=2.97794
[dump]   top2 idx=22265 val=2.86999
[dump]   top3 idx=22766 val=2.74879
[dump]   top4 idx=22718 val=2.73696
[dump] L04.mid    n=160     finite=1 absmax=0 mean=0 sumsq=0 ids: 3 309 119 392 252 307 486 106 41 453 309 385 274 453 402 410 252 277 123 62 309 505 385 41 293 479 414 251 299 36 309 410 421 414 252 204 496 500 453 454 204 36 309 378 414 333 72 366 159 379 153 41 274 410 207 491 259 204 106 36 455 479 36 16 303 321 413 204 174 91 41 21 309 134 282 453 410 106 312 500 504 21 177 134 41 282 351 150 221 309 256 309 504 491 221 293 500 21 436 453 453 293 436 309 410 299 500 375 445 69 425 309 204 252 36 483 476 41 12 504 500 309 150 345 282 136 453 410 323 174 106 309 274 453 41 410 186 252 259 496 395 468 391 309 306 192 274 324 106 89 177 309 186 172 244 467 80 89 100 193
[dump] L04.moe    n=40960   finite=1 absmax=0.094732     mean=0.00010828   sumsq=7.229381956        argmax=13437
[dump]   top0 idx=13437 val=0.09012
[dump]   top1 idx=14936 val=0.08976
[dump]   top2 idx=13941 val=0.08629
[dump]   top3 idx=13197 val=0.08157
[dump]   top4 idx=14939 val=0.07675
[dump] L04.res    n=327680  finite=1 absmax=34.596       mean=0.013451     sumsq=251657.4249        argmax=285813
[dump]   top0 idx=285813 val=34.59645
[dump]   top1 idx=296053 val=24.03661
[dump]   top2 idx=203893 val=22.09234
[dump]   top3 idx=306293 val=21.37680
[dump]   top4 idx=255093 val=19.74739
[dump] L05.att    n=40960   finite=1 absmax=7.0958       mean=-0.0013881   sumsq=328.5413494        argmax=1500
[dump]   top0 idx=1500 val=1.98728
[dump]   top1 idx=788 val=0.90195
[dump]   top2 idx=5751 val=0.78616
[dump]   top3 idx=2121 val=0.78230
[dump]   top4 idx=1787 val=0.69985
[dump] L05.fmix   n=40960   finite=1 absmax=2.656        mean=0.0089932    sumsq=10627.25495        argmax=10596
[dump]   top0 idx=10596 val=2.65596
[dump]   top1 idx=1009 val=2.55169
[dump]   top2 idx=11241 val=2.52387
[dump]   top3 idx=21685 val=2.45775
[dump]   top4 idx=37045 val=2.42469
[dump] L05.mid    n=160     finite=1 absmax=0 mean=0 sumsq=0 ids: 392 42 56 353 386 291 236 175 228 98 104 505 439 274 216 268 81 220 402 420 497 269 400 136 126 274 347 380 130 422 395 140 118 216 169 236 417 400 200 224 497 200 269 227 365 77 323 440 338 400 310 142 228 468 140 1 236 124 98 436 269 418 36 210 360 400 18 67 77 38 314 291 102 390 239 124 364 2 224 14 390 452 280 102 449 291 191 120 140 169 140 452 291 169 102 420 328 390 344 38 328 192 177 344 505 418 429 302 314 291 291 314 38 177 344 269 136 216 440 239 104 38 291 216 177 344 402 418 134 395 288 140 104 236 446 344 14 142 326 291 53 344 116 133 298 288 2 177 291 114 418 17 18 177 344 404 269 61 451 453
[dump] L05.moe    n=40960   finite=1 absmax=0.093127     mean=0.00058679   sumsq=3.785582313        argmax=3139
[dump]   top0 idx=3139 val=0.04769
[dump]   top1 idx=7573 val=0.04478
[dump]   top2 idx=34165 val=0.04476
[dump]   top3 idx=524 val=0.04385
[dump]   top4 idx=24581 val=0.04328
[dump] L05.res    n=327680  finite=1 absmax=55.537       mean=0.01686      sumsq=213722.7335        argmax=168965
[dump]   top0 idx=168965 val=18.62374
[dump]   top1 idx=240645 val=17.36633
[dump]   top2 idx=271365 val=17.36467
[dump]   top3 idx=230405 val=17.07180
[dump]   top4 idx=209925 val=16.64771
[dump] L06.att    n=40960   finite=1 absmax=1.5834       mean=-0.0023815   sumsq=1053.775087        argmax=3042
[dump]   top0 idx=3042 val=1.58338
[dump]   top1 idx=5602 val=1.46255
[dump]   top2 idx=8162 val=1.32096
[dump]   top3 idx=10722 val=1.31198
[dump]   top4 idx=8631 val=1.30303
[dump] L06.fmix   n=40960   finite=1 absmax=3.5119       mean=0.016115     sumsq=13938.0348         argmax=11241
[dump]   top0 idx=11241 val=3.12067
[dump]   top1 idx=11585 val=2.62844
[dump]   top2 idx=17377 val=2.61947
[dump]   top3 idx=35985 val=2.60179
[dump]   top4 idx=10936 val=2.57321
[dump] L06.mid    n=160     finite=1 absmax=0 mean=0 sumsq=0 ids: 223 33 283 394 379 40 439 159 256 152 394 40 67 439 94 474 409 329 346 172 89 71 380 244 367 206 55 43 202 387 197 244 352 398 59 267 43 433 305 149 278 212 486 503 89 423 197 82 300 45 97 152 67 191 227 144 295 91 398 503 502 348 323 314 273 107 315 312 450 2 295 408 172 496 227 304 503 184 333 461 295 210 290 77 209 387 411 464 54 191 295 503 299 39 77 431 95 411 290 282 95 282 245 477 475 163 71 431 485 141 69 440 245 477 91 295 467 89 107 256 413 492 123 270 75 503 40 486 261 494 152 326 127 159 375 123 278 69 133 390 63 307 275 488 173 157 352 78 130 356 212 341 353 85 278 337 486 275 300 393
[dump] L06.moe    n=40960   finite=1 absmax=0.081951     mean=0.00012791   sumsq=7.048950537        argmax=33173
[dump]   top0 idx=33173 val=0.08195
[dump]   top1 idx=39402 val=0.06591
[dump]   top2 idx=7546 val=0.06476
[dump]   top3 idx=39934 val=0.06454
[dump]   top4 idx=39261 val=0.06341
[dump] L06.res    n=327680  finite=1 absmax=57.698       mean=0.0093633    sumsq=125868.7724        argmax=168965
[dump]   top0 idx=168965 val=16.68696
[dump]   top1 idx=271365 val=15.52593
[dump]   top2 idx=240645 val=15.49334
[dump]   top3 idx=230405 val=15.15838
[dump]   top4 idx=209925 val=14.83909
[dump] L07.att    n=40960   finite=1 absmax=2.4507       mean=0.0017421    sumsq=708.3579557        argmax=951
[dump]   top0 idx=951 val=2.45072
[dump]   top1 idx=1736 val=1.79691
[dump]   top2 idx=1134 val=1.68544
[dump]   top3 idx=1795 val=1.61694
[dump]   top4 idx=47 val=1.38509
[dump] L07.fmix   n=40960   finite=1 absmax=2.837        mean=0.018676     sumsq=11507.66252        argmax=32106
[dump]   top0 idx=32106 val=2.29217
[dump]   top1 idx=11241 val=2.24143
[dump]   top2 idx=11675 val=2.23110
[dump]   top3 idx=10871 val=2.15786
[dump]   top4 idx=17974 val=2.12863
[dump] L07.mid    n=160     finite=1 absmax=0 mean=0 sumsq=0 ids: 165 351 159 346 432 455 242 8 163 303 159 367 486 194 346 351 366 325 50 498 256 456 340 369 486 265 50 403 203 502 486 301 504 156 445 242 303 179 340 472 203 83 393 71 149 504 146 293 194 358 242 165 84 287 60 451 445 22 303 169 502 486 50 194 69 309 403 237 198 297 411 296 159 358 227 256 223 340 304 498 70 411 152 403 294 359 462 368 188 169 70 403 411 194 294 142 152 252 368 359 41 369 194 8 411 498 486 456 87 338 358 455 87 464 194 203 411 363 50 456 50 511 87 82 369 281 403 194 486 69 358 445 87 509 50 252 471 159 242 498 365 77 194 196 405 117 279 328 8 5 418 400 502 3 501 124 198 313 511 48
[dump] L07.moe    n=40960   finite=1 absmax=0.091041     mean=0.00026584   sumsq=4.92871682         argmax=30613
[dump]   top0 idx=30613 val=0.07817
[dump]   top1 idx=17813 val=0.07323
[dump]   top2 idx=13324 val=0.06258
[dump]   top3 idx=29365 val=0.05528
[dump]   top4 idx=18569 val=0.05471
[dump] L07.res    n=327680  finite=1 absmax=37.96        mean=0.024386     sumsq=271504.8109        argmax=232417
[dump]   top0 idx=232417 val=19.88250
[dump]   top1 idx=258972 val=10.87006
[dump]   top2 idx=321378 val=10.56246
[dump]   top3 idx=235413 val=10.39347
[dump]   top4 idx=284791 val=10.27753
[dump] L08.att    n=40960   finite=1 absmax=0.19354      mean=0.00090455   sumsq=30.33671779        argmax=38756
[dump]   top0 idx=38756 val=0.19354
[dump]   top1 idx=16565 val=0.16600
[dump]   top2 idx=39605 val=0.15989
[dump]   top3 idx=40195 val=0.14744
[dump]   top4 idx=37045 val=0.14416
[dump] L08.fmix   n=40960   finite=1 absmax=4.8824       mean=0.024052     sumsq=11118.26627        argmax=1500
[dump]   top0 idx=1500 val=4.88235
[dump]   top1 idx=4046 val=3.22661
[dump]   top2 idx=28791 val=3.16947
[dump]   top3 idx=10871 val=2.79543
[dump]   top4 idx=15991 val=2.72435
[dump] L08.mid    n=160     finite=1 absmax=0 mean=0 sumsq=0 ids: 308 456 387 175 181 439 263 370 219 46 219 263 462 183 231 387 121 308 175 81 134 263 74 99 212 371 436 308 364 462 263 360 342 308 99 175 46 11 387 62 263 157 128 217 342 134 74 360 83 22 175 263 308 206 360 46 439 387 473 394 134 263 387 99 74 157 360 114 183 277 387 134 263 46 1 204 261 360 223 175 360 252 263 313 66 295 163 367 46 1 263 360 46 308 354 370 175 27 387 105 263 360 181 308 370 46 175 105 164 264 134 263 181 183 387 66 462 360 218 308 263 183 360 462 218 308 114 354 46 99 263 181 134 183 462 360 392 175 308 206 263 181 360 387 462 102 46 308 392 183 317 465 192 263 436 102 196 462 17 299
[dump] L08.moe    n=40960   finite=1 absmax=0.10862      mean=-0.00010508  sumsq=5.938975739        argmax=1500
[dump]   top0 idx=1500 val=0.08902
[dump]   top1 idx=32897 val=0.07591
[dump]   top2 idx=32045 val=0.07301
[dump]   top3 idx=30 val=0.07252
[dump]   top4 idx=32409 val=0.06887
[dump] L08.res    n=327680  finite=1 absmax=42.059       mean=0.016275     sumsq=182751.8721        argmax=165340
[dump]   top0 idx=165340 val=13.77315
[dump]   top1 idx=261848 val=12.73393
[dump]   top2 idx=231128 val=12.30323
[dump]   top3 idx=272088 val=12.21353
[dump]   top4 idx=323288 val=11.97390
[dump] L09.att    n=40960   finite=1 absmax=0.67595      mean=0.00025465   sumsq=164.6530025        argmax=9166
[dump]   top0 idx=9166 val=0.67595
[dump]   top1 idx=3511 val=0.37701
[dump]   top2 idx=11191 val=0.34267
[dump]   top3 idx=23753 val=0.29146
[dump]   top4 idx=9362 val=0.28343
[dump] L09.fmix   n=40960   finite=1 absmax=4.0029       mean=0.024475     sumsq=11806.29142        argmax=1500
[dump]   top0 idx=1500 val=4.00290
[dump]   top1 idx=4046 val=2.76128
[dump]   top2 idx=11241 val=2.43161
[dump]   top3 idx=681 val=2.28341
[dump]   top4 idx=30613 val=2.21476
[dump] L09.mid    n=160     finite=1 absmax=0 mean=0 sumsq=0 ids: 218 369 68 368 430 96 376 209 142 229 292 425 40 430 17 396 321 369 218 113 113 382 425 266 428 317 40 402 205 321 425 321 444 218 68 430 477 209 376 205 371 425 276 382 115 201 417 91 321 336 425 238 376 218 427 371 292 230 361 142 427 148 425 18 374 371 382 428 430 369 459 427 430 218 211 456 209 491 170 11 10 90 459 426 456 55 427 479 14 11 459 370 20 377 73 264 141 218 90 430 377 70 409 218 205 427 382 321 506 154 430 264 374 153 321 369 370 218 230 456 370 264 430 321 276 374 153 218 488 230 264 478 292 370 427 430 376 230 276 218 264 478 427 230 376 370 68 71 378 374 18 468 339 237 146 399 230 148 15 138
[dump] L09.moe    n=40960   finite=1 absmax=0.059079     mean=1.4756e-05   sumsq=3.999023332        argmax=36471
[dump]   top0 idx=36471 val=0.05908
[dump]   top1 idx=38650 val=0.04695
[dump]   top2 idx=28055 val=0.04584
[dump]   top3 idx=21725 val=0.04361
[dump]   top4 idx=29027 val=0.04251
[dump] L09.res    n=327680  finite=1 absmax=32.766       mean=0.016264     sumsq=203501.9257        argmax=261848
[dump]   top0 idx=261848 val=15.53343
[dump]   top1 idx=231128 val=15.00568
[dump]   top2 idx=272088 val=14.89887
[dump]   top3 idx=165340 val=14.70785
[dump]   top4 idx=323288 val=14.60614
[dump] L10.att    n=40960   finite=1 absmax=1.0095       mean=-0.0005564   sumsq=297.3258432        argmax=9166
[dump]   top0 idx=9166 val=1.00950
[dump]   top1 idx=26593 val=0.62551
[dump]   top2 idx=5848 val=0.52351
[dump]   top3 idx=8973 val=0.51586
[dump]   top4 idx=18871 val=0.50782
[dump] L10.fmix   n=40960   finite=1 absmax=2.8528       mean=0.015345     sumsq=9943.025077        argmax=4046
[dump]   top0 idx=4046 val=2.48888
[dump]   top1 idx=15991 val=2.43765
[dump]   top2 idx=10936 val=2.42897
[dump]   top3 idx=10871 val=2.42806
[dump]   top4 idx=17813 val=2.17370
[dump] L10.mid    n=160     finite=1 absmax=0 mean=0 sumsq=0 ids: 461 325 107 264 164 508 495 278 355 322 264 461 278 325 417 341 58 164 355 296 461 278 17 230 325 187 264 40 121 319 264 461 278 341 58 508 417 379 70 230 187 373 25 167 288 461 87 264 433 500 461 508 373 97 379 433 264 278 355 164 461 230 464 97 373 278 70 417 508 355 461 97 455 373 508 28 379 319 177 164 461 398 143 509 501 97 508 423 321 271 461 423 508 97 501 417 373 379 18 58 461 97 17 373 423 58 508 343 379 33 97 355 373 461 278 17 69 417 464 40 18 278 97 461 355 69 387 508 336 40 355 461 495 97 69 387 404 341 278 379 97 461 355 373 417 88 322 500 247 416 373 459 103 302 97 322 356 500 164 416
[dump] L10.moe    n=40960   finite=1 absmax=0.31698      mean=-9.5511e-05  sumsq=4.070736711        argmax=21
[dump]   top0 idx=21 val=0.08801
[dump]   top1 idx=1912 val=0.08341
[dump]   top2 idx=579 val=0.06381
[dump]   top3 idx=1500 val=0.06266
[dump]   top4 idx=788 val=0.05852
[dump] L10.res    n=327680  finite=1 absmax=56.74        mean=0.01159      sumsq=111611.7882        argmax=168965
[dump]   top0 idx=168965 val=11.64377
[dump]   top1 idx=165340 val=11.19047
[dump]   top2 idx=240645 val=10.84217
[dump]   top3 idx=271365 val=10.82899
[dump]   top4 idx=261848 val=10.77261
[dump] L11.att    n=40960   finite=1 absmax=2.7989       mean=0.00016584   sumsq=559.4721487        argmax=2311
[dump]   top0 idx=2311 val=2.79891
[dump]   top1 idx=47 val=2.36012
[dump]   top2 idx=1795 val=1.75480
[dump]   top3 idx=2307 val=1.59748
[dump]   top4 idx=86 val=1.42347
[dump] L11.fmix   n=40960   finite=1 absmax=2.6839       mean=0.016493     sumsq=9657.297922        argmax=4046
[dump]   top0 idx=4046 val=2.68394
[dump]   top1 idx=17813 val=2.47859
[dump]   top2 idx=33911 val=2.31721
[dump]   top3 idx=30613 val=2.22674
[dump]   top4 idx=4060 val=2.02676
[dump] L11.mid    n=160     finite=1 absmax=0 mean=0 sumsq=0 ids: 130 163 104 393 430 108 268 424 361 417 418 350 163 261 273 240 30 477 108 397 240 163 323 223 30 268 418 508 211 23 482 108 418 323 350 430 461 163 268 84 285 461 323 174 108 23 418 36 430 211 108 201 323 350 418 508 120 500 461 457 323 108 36 418 482 27 360 211 219 166 323 108 418 120 350 384 7 268 492 430 418 120 323 350 360 430 384 108 35 331 418 108 323 120 350 384 97 164 430 35 418 108 23 430 485 323 508 273 317 350 323 418 508 261 120 98 166 268 273 163 323 418 508 457 108 261 166 273 120 163 323 418 508 166 430 249 273 500 261 371 166 418 430 323 508 249 371 108 151 273 166 418 240 430 323 6 453 249 151 348
[dump] L11.moe    n=40960   finite=1 absmax=0.059829     mean=-5.1878e-05  sumsq=3.468173317        argmax=29177
[dump]   top0 idx=29177 val=0.05464
[dump]   top1 idx=30507 val=0.04724
[dump]   top2 idx=33138 val=0.04671
[dump]   top3 idx=28783 val=0.04584
[dump]   top4 idx=29275 val=0.04544
[dump] L11.res    n=327680  finite=1 absmax=37.316       mean=0.015673     sumsq=210901.1536        argmax=261848
[dump]   top0 idx=261848 val=15.67131
[dump]   top1 idx=231128 val=15.12466
[dump]   top2 idx=272088 val=15.02550
[dump]   top3 idx=165340 val=14.82518
[dump]   top4 idx=292568 val=14.73372
[dump] L12.att    n=40960   finite=1 absmax=0.60557      mean=-0.0014999   sumsq=176.5302742        argmax=2311
[dump]   top0 idx=2311 val=0.60557
[dump]   top1 idx=16353 val=0.56401
[dump]   top2 idx=914 val=0.50782
[dump]   top3 idx=359 val=0.42062
[dump]   top4 idx=34008 val=0.37705
[dump] L12.fmix   n=40960   finite=1 absmax=3.1335       mean=0.014186     sumsq=10084.33765        argmax=36536
[dump]   top0 idx=36536 val=2.41414
[dump]   top1 idx=10171 val=2.34038
[dump]   top2 idx=7573 val=2.32799
[dump]   top3 idx=27994 val=2.19168
[dump]   top4 idx=14588 val=2.12372
[dump] L12.mid    n=160     finite=1 absmax=0 mean=0 sumsq=0 ids: 28 139 433 283 201 386 300 474 421 277 352 139 229 52 421 277 214 101 474 366 141 352 120 18 139 110 136 496 307 1 352 101 52 139 277 81 390 381 150 327 118 352 393 282 101 165 52 433 219 422 52 277 352 219 390 386 421 9 392 150 214 229 52 352 133 504 141 139 43 381 352 52 503 386 130 215 451 393 139 219 352 52 189 43 139 422 381 133 126 229 52 43 139 352 170 366 381 448 421 229 421 352 52 54 161 45 286 422 136 433 421 0 422 368 433 52 81 352 366 21 0 421 366 214 433 133 52 368 352 283 0 421 433 366 21 63 172 368 201 52 421 0 52 433 460 63 275 256 114 368 352 433 275 0 504 282 368 482 52 214
[dump] L12.moe    n=40960   finite=1 absmax=0.052047     mean=2.3062e-05   sumsq=3.316451408        argmax=13467
[dump]   top0 idx=13467 val=0.05205
[dump]   top1 idx=40853 val=0.05000
[dump]   top2 idx=30613 val=0.04768
[dump]   top3 idx=39383 val=0.04658
[dump]   top4 idx=7573 val=0.04591
[dump] L12.res    n=327680  finite=1 absmax=22.353       mean=0.01455      sumsq=212775.6352        argmax=165340
[dump]   top0 idx=165340 val=13.88620
[dump]   top1 idx=261848 val=12.49120
[dump]   top2 idx=231128 val=12.05161
[dump]   top3 idx=272088 val=11.96884
[dump]   top4 idx=292568 val=11.74527
[dump] L13.att    n=40960   finite=1 absmax=0.32238      mean=-0.00089072  sumsq=72.48272514        argmax=39351
[dump]   top0 idx=39351 val=0.32238
[dump]   top1 idx=26551 val=0.26171
[dump]   top2 idx=23991 val=0.26064
[dump]   top3 idx=28888 val=0.24367
[dump]   top4 idx=21431 val=0.24286
[dump] L13.fmix   n=40960   finite=1 absmax=3.0976       mean=0.0044724    sumsq=8956.251577        argmax=7573
[dump]   top0 idx=7573 val=3.09758
[dump]   top1 idx=17813 val=3.05911
[dump]   top2 idx=1500 val=2.97027
[dump]   top3 idx=30613 val=2.86814
[dump]   top4 idx=4046 val=2.59760
[dump] L13.mid    n=160     finite=1 absmax=0 mean=0 sumsq=0 ids: 293 68 466 366 268 219 145 224 67 400 387 273 148 290 91 93 50 468 250 68 290 387 148 394 250 64 330 468 273 36 387 273 148 290 93 91 221 267 354 368 148 290 250 118 508 64 273 394 81 66 387 290 273 148 118 93 468 508 296 338 118 394 290 325 338 148 185 273 508 387 118 273 387 290 265 93 81 325 259 451 290 273 387 504 118 93 16 485 24 346 273 387 118 265 91 290 93 259 389 148 273 290 118 387 148 91 64 259 265 250 259 265 387 273 274 97 91 468 118 290 259 265 438 387 118 468 91 97 290 451 259 468 387 265 97 357 273 93 451 418 259 265 468 387 118 273 91 385 357 399 259 265 338 118 468 290 249 91 387 273
[dump] L13.moe    n=40960   finite=1 absmax=0.15809      mean=0.00013286   sumsq=5.399819297        argmax=1716
[dump]   top0 idx=1716 val=0.09550
[dump]   top1 idx=1301 val=0.08840
[dump]   top2 idx=2035 val=0.07985
[dump]   top3 idx=579 val=0.06885
[dump]   top4 idx=1912 val=0.06880
[dump] L13.res    n=327680  finite=1 absmax=27.091       mean=0.014984     sumsq=236209.2113        argmax=165340
[dump]   top0 idx=165340 val=15.13514
[dump]   top1 idx=323511 val=13.48192
[dump]   top2 idx=262071 val=13.09085
[dump]   top3 idx=261848 val=13.07806
[dump]   top4 idx=231128 val=12.61078
[dump] L14.att    n=40960   finite=1 absmax=2.0705       mean=-0.0010755   sumsq=225.835806         argmax=138
[dump]   top0 idx=138 val=0.79500
[dump]   top1 idx=788 val=0.75681
[dump]   top2 idx=679 val=0.66463
[dump]   top3 idx=2162 val=0.64877
[dump]   top4 idx=1603 val=0.64695
[dump] L14.fmix   n=40960   finite=1 absmax=6.641        mean=0.0075596    sumsq=9944.826047        argmax=1500
[dump]   top0 idx=1500 val=3.66841
[dump]   top1 idx=4046 val=2.94098
[dump]   top2 idx=788 val=2.72594
[dump]   top3 idx=47 val=2.58746
[dump]   top4 idx=11241 val=2.51283
[dump] L14.mid    n=160     finite=1 absmax=0 mean=0 sumsq=0 ids: 398 165 326 266 29 17 151 40 138 339 506 138 165 409 40 14 417 398 326 473 227 40 463 414 372 246 370 459 107 407 165 409 14 473 506 205 417 138 308 326 376 290 280 360 223 5 22 463 385 162 14 409 12 290 398 417 308 506 138 370 339 40 488 9 495 266 136 2 49 108 409 234 14 473 290 506 441 398 12 231 339 40 29 176 266 488 280 495 9 180 180 266 40 495 312 108 492 9 2 280 409 473 498 280 370 506 439 227 14 460 49 40 339 266 282 495 252 136 2 244 40 49 168 244 136 409 108 138 506 500 244 335 506 473 151 100 409 108 398 482 335 244 100 506 482 473 151 409 510 402 244 100 482 40 266 29 407 168 510 67
[dump] L14.moe    n=40960   finite=1 absmax=0.13416      mean=7.5626e-06   sumsq=2.982944179        argmax=1500
[dump]   top0 idx=1500 val=0.13411
[dump]   top1 idx=793 val=0.07458
[dump]   top2 idx=788 val=0.06855
[dump]   top3 idx=1094 val=0.06847
[dump]   top4 idx=2433 val=0.05387
[dump] L14.res    n=327680  finite=1 absmax=33.151       mean=0.010731     sumsq=112634.5197        argmax=261848
[dump]   top0 idx=261848 val=11.76019
[dump]   top1 idx=272088 val=11.67206
[dump]   top2 idx=231128 val=11.66160
[dump]   top3 idx=323288 val=11.37087
[dump]   top4 idx=292568 val=11.29696
[dump] L15.att    n=40960   finite=1 absmax=1.3229       mean=-0.0026377   sumsq=249.166221         argmax=2311
[dump]   top0 idx=2311 val=1.32294
[dump]   top1 idx=892 val=1.02019
[dump]   top2 idx=2307 val=0.68676
[dump]   top3 idx=1795 val=0.55975
[dump]   top4 idx=1947 val=0.50169
[dump] L15.fmix   n=40960   finite=1 absmax=6.8887       mean=0.005609     sumsq=21413.25103        argmax=5848
[dump]   top0 idx=5848 val=6.88875
[dump]   top1 idx=10968 val=5.32287
[dump]   top2 idx=28888 val=5.27165
[dump]   top3 idx=18648 val=5.15398
[dump]   top4 idx=21208 val=5.00454
[dump] L15.mid    n=160     finite=1 absmax=0 mean=0 sumsq=0 ids: 283 174 188 38 342 103 215 330 177 107 494 207 501 199 50 156 39 263 289 318 207 219 453 31 127 263 53 455 23 154 207 61 405 219 399 288 303 426 234 406 207 236 453 116 388 16 405 406 319 326 207 426 32 50 406 192 302 219 399 288 302 207 280 453 388 246 288 179 236 134 134 406 32 219 207 314 426 192 399 281 343 134 119 263 487 426 427 511 204 222 405 343 303 207 426 311 446 134 288 494 228 405 303 343 406 192 53 263 311 408 405 494 174 207 311 204 134 289 50 303 174 303 288 405 423 192 311 50 39 98 174 303 289 207 405 494 192 283 50 288 289 405 174 322 494 156 303 192 177 33 174 303 405 12 423 289 71 156 432 280
[dump] L15.moe    n=40960   finite=1 absmax=0.29284      mean=2.0688e-05   sumsq=8.841730674        argmax=1716
[dump]   top0 idx=1716 val=0.14310
[dump]   top1 idx=138 val=0.11801
[dump]   top2 idx=1736 val=0.08286
[dump]   top3 idx=1984 val=0.08060
[dump]   top4 idx=562 val=0.07897
[dump] L15.res    n=327680  finite=1 absmax=28.894       mean=0.0101       sumsq=269632.9798        argmax=323511
[dump]   top0 idx=323511 val=14.07312
[dump]   top1 idx=170460 val=13.67021
[dump]   top2 idx=262071 val=13.50705
[dump]   top3 idx=272311 val=13.24976
[dump]   top4 idx=313271 val=13.14203
[dump] L16.att    n=40960   finite=1 absmax=0.46348      mean=-0.00056359  sumsq=66.47264413        argmax=5081
[dump]   top0 idx=5081 val=0.33138
[dump]   top1 idx=16311 val=0.29624
[dump]   top2 idx=3553 val=0.29431
[dump]   top3 idx=11374 val=0.28525
[dump]   top4 idx=20527 val=0.26439
[dump] L16.fmix   n=40960   finite=1 absmax=3.8994       mean=0.0024014    sumsq=16702.40464        argmax=1500
[dump]   top0 idx=1500 val=3.89935
[dump]   top1 idx=5848 val=3.23188
[dump]   top2 idx=20158 val=2.96742
[dump]   top3 idx=11241 val=2.95101
[dump]   top4 idx=788 val=2.87499
[dump] L16.mid    n=160     finite=1 absmax=0 mean=0 sumsq=0 ids: 228 487 243 272 132 473 142 259 361 32 228 272 429 243 142 140 447 479 58 487 228 457 319 398 140 124 370 303 447 145 228 272 142 447 140 479 400 26 429 278 188 228 447 104 138 319 303 479 124 270 228 140 272 142 447 278 26 394 205 400 228 303 64 188 447 26 429 319 272 341 400 272 394 228 140 369 26 113 278 75 400 228 140 272 393 282 394 181 26 61 140 272 228 243 142 263 400 278 429 487 272 228 400 236 140 465 243 142 263 309 243 272 228 263 142 58 429 140 487 61 228 243 272 142 140 429 487 263 278 58 243 228 58 263 142 272 278 479 487 489 243 228 58 278 272 263 134 202 480 487 243 228 278 202 272 58 392 352 475 25
[dump] L16.moe    n=40960   finite=1 absmax=0.68942      mean=6.0901e-05   sumsq=11.63998216        argmax=2311
[dump]   top0 idx=2311 val=0.27223
[dump]   top1 idx=2366 val=0.20578
[dump]   top2 idx=472 val=0.18659
[dump]   top3 idx=138 val=0.18627
[dump]   top4 idx=627 val=0.17679
[dump] L16.res    n=327680  finite=1 absmax=37.494       mean=0.010412     sumsq=256076.1544        argmax=235413
[dump]   top0 idx=235413 val=13.52873
[dump]   top1 idx=170460 val=12.98611
[dump]   top2 idx=286613 val=12.07999
[dump]   top3 idx=261848 val=11.20561
[dump]   top4 idx=272088 val=11.14769
[dump] L17.att    n=40960   finite=1 absmax=0.42136      mean=-0.0010453   sumsq=54.67169146        argmax=40384
[dump]   top0 idx=40384 val=0.22020
[dump]   top1 idx=39558 val=0.19116
[dump]   top2 idx=28337 val=0.19108
[dump]   top3 idx=2521 val=0.18998
[dump]   top4 idx=39204 val=0.18870
[dump] L17.fmix   n=40960   finite=1 absmax=3.5419       mean=0.0013539    sumsq=12475.91691        argmax=4046
[dump]   top0 idx=4046 val=3.54185
[dump]   top1 idx=39912 val=2.80371
[dump]   top2 idx=788 val=2.70213
[dump]   top3 idx=32206 val=2.51770
[dump]   top4 idx=39148 val=2.44780
[dump] L17.mid    n=160     finite=1 absmax=0 mean=0 sumsq=0 ids: 486 136 510 84 209 135 330 15 274 243 136 486 471 499 328 305 84 105 469 365 469 127 328 285 26 486 366 303 358 444 136 471 486 328 387 127 469 249 84 3 366 486 444 97 136 333 374 471 18 328 136 84 486 127 471 328 419 386 448 1 328 444 486 136 97 84 471 374 71 469 8 387 136 419 181 328 486 448 471 470 8 470 181 136 404 304 387 328 398 486 470 136 486 471 328 362 374 366 419 127 136 486 84 8 127 328 327 387 471 438 136 471 84 486 419 374 499 498 139 363 471 136 366 486 374 139 362 363 419 499 84 209 363 486 471 136 139 374 366 499 209 84 139 363 499 486 136 422 419 253 139 209 363 471 486 136 345 498 221 274
[dump] L17.moe    n=40960   finite=1 absmax=0.19042      mean=9.2762e-05   sumsq=3.031328625        argmax=1716
[dump]   top0 idx=1716 val=0.08790
[dump]   top1 idx=138 val=0.05680
[dump]   top2 idx=230 val=0.03889
[dump]   top3 idx=38713 val=0.03785
[dump]   top4 idx=192 val=0.03441
[dump] L17.res    n=327680  finite=1 absmax=32.843       mean=0.013026     sumsq=256290.8816        argmax=261848
[dump]   top0 idx=261848 val=15.08134
[dump]   top1 idx=272088 val=15.00398
[dump]   top2 idx=231128 val=14.95966
[dump]   top3 idx=323288 val=14.58669
[dump]   top4 idx=292568 val=14.46455
[dump] L18.att    n=40960   finite=1 absmax=0.40744      mean=-0.00055563  sumsq=85.4916746         argmax=634
[dump]   top0 idx=634 val=0.40744
[dump]   top1 idx=38882 val=0.36846
[dump]   top2 idx=10722 val=0.36701
[dump]   top3 idx=5602 val=0.34311
[dump]   top4 idx=33762 val=0.33141
[dump] L18.fmix   n=40960   finite=1 absmax=3.929        mean=0.0098517    sumsq=11073.45499        argmax=17813
[dump]   top0 idx=17813 val=3.92896
[dump]   top1 idx=1500 val=3.47047
[dump]   top2 idx=7573 val=3.23536
[dump]   top3 idx=30613 val=2.97469
[dump]   top4 idx=10936 val=2.94461
[dump] L18.mid    n=160     finite=1 absmax=0 mean=0 sumsq=0 ids: 449 475 399 87 275 411 35 24 211 264 111 29 264 185 201 459 135 87 325 119 131 157 459 106 506 111 201 366 437 29 264 29 7 201 185 135 101 405 299 211 440 131 29 459 201 190 398 111 299 151 87 264 88 277 29 411 275 297 24 469 131 102 24 111 29 366 7 101 157 459 469 88 131 264 101 185 87 119 29 200 29 5 157 119 469 459 7 353 448 411 29 448 264 102 353 24 7 201 101 5 111 299 29 185 459 201 106 74 238 157 131 24 448 101 111 29 347 264 366 460 111 29 448 24 366 102 201 101 157 131 24 131 29 448 101 201 211 347 353 264 201 448 101 24 150 29 185 123 131 310 207 448 201 29 474 266 116 270 459 247
[dump] L18.moe    n=40960   finite=1 absmax=0.06467      mean=-0.00015736  sumsq=4.731719103        argmax=27086
[dump]   top0 idx=27086 val=0.06467
[dump]   top1 idx=21224 val=0.05261
[dump]   top2 idx=22933 val=0.05068
[dump]   top3 idx=35645 val=0.04996
[dump]   top4 idx=35544 val=0.04908
[dump] L18.res    n=327680  finite=1 absmax=22.782       mean=0.0076032    sumsq=122353.0109        argmax=261848
[dump]   top0 idx=261848 val=12.17580
[dump]   top1 idx=272088 val=12.10723
[dump]   top2 idx=231128 val=12.07703
[dump]   top3 idx=323288 val=11.77577
[dump]   top4 idx=292568 val=11.67753
[dump] L19.att    n=40960   finite=1 absmax=1.6931       mean=0.00063423   sumsq=350.1015826        argmax=892
[dump]   top0 idx=892 val=1.53891
[dump]   top1 idx=1736 val=1.17177
[dump]   top2 idx=2238 val=1.14868
[dump]   top3 idx=2307 val=1.01664
[dump]   top4 idx=1795 val=0.83080
[dump] L19.fmix   n=40960   finite=1 absmax=4.0701       mean=0.0060798    sumsq=14717.46691        argmax=4046
[dump]   top0 idx=4046 val=4.07008
[dump]   top1 idx=12035 val=3.08987
[dump]   top2 idx=6606 val=2.89721
[dump]   top3 idx=3873 val=2.83863
[dump]   top4 idx=32206 val=2.82015
[dump] L19.mid    n=160     finite=1 absmax=0 mean=0 sumsq=0 ids: 406 360 413 162 170 434 31 173 293 377 3 434 377 161 342 472 9 188 453 222 56 259 455 309 222 161 434 70 229 91 3 31 357 377 70 170 222 472 161 342 70 161 259 472 74 381 56 150 434 375 3 368 357 9 74 501 150 8 222 375 472 375 161 34 56 49 364 434 70 3 3 368 397 86 31 472 222 455 103 52 397 291 161 222 472 193 368 3 455 309 375 472 3 291 222 397 9 31 193 434 222 375 170 472 31 357 455 377 161 150 222 472 31 150 375 267 3 121 315 173 375 472 315 3 121 31 222 434 377 173 31 121 490 162 470 173 3 103 377 472 31 173 121 162 472 388 14 377 490 103 31 375 472 121 434 162 315 161 56 173
[dump] L19.moe    n=40960   finite=1 absmax=0.082351     mean=0.00033594   sumsq=6.546377904        argmax=29940
[dump]   top0 idx=29940 val=0.08162
[dump]   top1 idx=29672 val=0.07472
[dump]   top2 idx=29931 val=0.07448
[dump]   top3 idx=28571 val=0.07182
[dump]   top4 idx=30058 val=0.06702
[dump] L19.res    n=327680  finite=1 absmax=38.551       mean=0.014663     sumsq=283440.9856        argmax=323511
[dump]   top0 idx=323511 val=15.91671
[dump]   top1 idx=262071 val=15.29444
[dump]   top2 idx=272311 val=15.01088
[dump]   top3 idx=313271 val=14.82250
[dump]   top4 idx=282551 val=14.57411
[dump] L20.att    n=40960   finite=1 absmax=5.7976       mean=0.00018177   sumsq=438.8876456        argmax=2238
[dump]   top0 idx=2238 val=3.24820
[dump]   top1 idx=403 val=3.01931
[dump]   top2 idx=1500 val=2.59770
[dump]   top3 idx=1827 val=1.77840
[dump]   top4 idx=1132 val=1.47743
[dump] L20.fmix   n=40960   finite=1 absmax=6.3275       mean=0.017359     sumsq=19846.72902        argmax=4046
[dump]   top0 idx=4046 val=6.32752
[dump]   top1 idx=6606 val=4.42581
[dump]   top2 idx=32206 val=4.12067
[dump]   top3 idx=16846 val=3.62174
[dump]   top4 idx=14245 val=3.45339
[dump] L20.mid    n=160     finite=1 absmax=0 mean=0 sumsq=0 ids: 429 363 39 439 407 179 485 307 169 219 387 363 109 76 388 485 439 78 429 269 122 218 494 26 154 158 326 488 216 39 363 40 485 109 110 242 146 134 387 313 146 358 187 109 134 242 40 125 39 96 491 54 306 4 363 485 481 242 219 496 146 243 485 387 134 218 229 369 39 242 491 481 244 387 306 341 485 59 54 44 59 481 491 63 49 137 387 341 127 110 387 485 258 59 330 168 25 233 363 243 387 339 363 109 495 26 485 148 218 255 387 258 168 25 39 485 154 248 442 330 387 25 258 168 330 485 358 442 265 248 387 168 442 179 485 185 258 25 410 307 387 179 442 168 278 18 485 265 26 370 387 262 179 442 25 125 168 258 185 119
[dump] L20.moe    n=40960   finite=1 absmax=0.092066     mean=3.3292e-05   sumsq=8.1465996          argmax=35401
[dump]   top0 idx=35401 val=0.07442
[dump]   top1 idx=32702 val=0.06448
[dump]   top2 idx=29228 val=0.06430
[dump]   top3 idx=31960 val=0.06382
[dump]   top4 idx=30811 val=0.06298
[dump] L20.res    n=327680  finite=1 absmax=45.412       mean=0.022334     sumsq=333160.8765        argmax=170460
[dump]   top0 idx=170460 val=19.22202
[dump]   top1 idx=267881 val=13.66945
[dump]   top2 idx=235413 val=13.49428
[dump]   top3 idx=261848 val=12.66100
[dump]   top4 idx=288361 val=12.60801
[dump] L21.att    n=40960   finite=1 absmax=0.85546      mean=0.00039105   sumsq=33.20933196        argmax=2238
[dump]   top0 idx=2238 val=0.53874
[dump]   top1 idx=30912 val=0.33620
[dump]   top2 idx=33472 val=0.31600
[dump]   top3 idx=16353 val=0.31439
[dump]   top4 idx=2537 val=0.30248
[dump] L21.fmix   n=40960   finite=1 absmax=4.6634       mean=0.033384     sumsq=17848.52422        argmax=4046
[dump]   top0 idx=4046 val=4.57142
[dump]   top1 idx=10871 val=4.18098
[dump]   top2 idx=10936 val=4.04883
[dump]   top3 idx=3873 val=3.74459
[dump]   top4 idx=5751 val=3.63805
[dump] L21.mid    n=160     finite=1 absmax=0 mean=0 sumsq=0 ids: 72 255 379 25 267 297 128 190 507 420 255 379 128 25 306 369 118 426 19 150 128 451 372 64 25 312 306 507 19 254 255 306 379 265 511 278 150 25 128 19 128 48 278 51 25 60 346 484 306 359 25 302 379 131 255 134 297 406 472 142 128 19 25 484 29 278 385 302 346 336 25 480 297 446 51 360 302 19 427 260 118 352 166 25 306 19 85 484 427 57 352 118 57 25 369 19 313 306 166 346 25 255 379 317 128 278 19 118 346 191 369 346 19 25 57 128 313 118 131 507 369 57 19 118 128 346 484 153 25 142 346 313 469 369 420 255 57 131 498 418 346 313 321 420 369 255 418 57 469 118 369 313 346 57 420 321 471 118 469 128
[dump] L21.moe    n=40960   finite=1 absmax=0.079056     mean=0.00017741   sumsq=7.221062421        argmax=24921
[dump]   top0 idx=24921 val=0.07906
[dump]   top1 idx=30592 val=0.06543
[dump]   top2 idx=28558 val=0.06079
[dump]   top3 idx=40723 val=0.06012
[dump]   top4 idx=37212 val=0.05847
[dump] L21.res    n=327680  finite=1 absmax=43.702       mean=0.015369     sumsq=275009.3407        argmax=170460
[dump]   top0 idx=170460 val=19.86214
[dump]   top1 idx=168965 val=19.39982
[dump]   top2 idx=240645 val=19.39630
[dump]   top3 idx=271365 val=19.36744
[dump]   top4 idx=209925 val=18.62214
[dump] L22.att    n=40960   finite=1 absmax=1.942        mean=0.00065178   sumsq=136.7521893        argmax=793
[dump]   top0 idx=793 val=1.94200
[dump]   top1 idx=1500 val=1.34067
[dump]   top2 idx=25868 val=1.04159
[dump]   top3 idx=23308 val=0.94916
[dump]   top4 idx=28428 val=0.92928
[dump] L22.fmix   n=40960   finite=1 absmax=4.9584       mean=0.031557     sumsq=16213.58376        argmax=10936
[dump]   top0 idx=10936 val=4.49655
[dump]   top1 idx=36536 val=4.42394
[dump]   top2 idx=12655 val=4.15227
[dump]   top3 idx=10871 val=3.49336
[dump]   top4 idx=17813 val=3.37533
[dump] L22.mid    n=160     finite=1 absmax=0 mean=0 sumsq=0 ids: 317 309 283 32 456 206 205 57 446 287 305 376 188 402 164 279 425 51 484 50 188 460 488 13 396 318 187 265 232 50 464 51 352 384 488 145 425 396 460 244 460 13 244 306 183 384 396 482 193 32 235 341 309 206 205 347 462 104 425 393 454 460 488 396 7 487 27 50 117 244 241 291 106 124 425 83 388 360 365 375 504 50 425 400 365 83 265 388 488 486 504 460 50 279 454 400 301 438 487 488 87 153 117 55 173 71 329 89 452 182 460 117 244 331 483 116 239 164 438 50 483 117 188 51 164 438 454 13 113 116 173 287 483 355 412 457 143 262 301 170 370 168 459 429 323 254 262 137 173 320 286 260 354 483 209 25 173 44 14 94
[dump] L22.moe    n=40960   finite=1 absmax=0.11594      mean=6.3542e-06   sumsq=6.299251063        argmax=26320
[dump]   top0 idx=26320 val=0.11160
[dump]   top1 idx=27937 val=0.10039
[dump]   top2 idx=26399 val=0.08445
[dump]   top3 idx=26441 val=0.06344
[dump]   top4 idx=28880 val=0.06302
[dump] L22.res    n=327680  finite=1 absmax=26.826       mean=0.01234      sumsq=177864.9824        argmax=169753
[dump]   top0 idx=169753 val=26.82582
[dump]   top1 idx=170460 val=22.69347
[dump]   top2 idx=189445 val=13.69107
[dump]   top3 idx=240645 val=13.52509
[dump]   top4 idx=322565 val=13.38792
[dump] L23.att    n=40960   finite=1 absmax=0.67986      mean=0.0036644    sumsq=299.9976819        argmax=21537
[dump]   top0 idx=21537 val=0.58349
[dump]   top1 idx=28719 val=0.56035
[dump]   top2 idx=36399 val=0.54878
[dump]   top3 idx=12104 val=0.53246
[dump]   top4 idx=36103 val=0.51869
[dump] L23.fmix   n=40960   finite=1 absmax=5.7201       mean=0.02111      sumsq=24537.32614        argmax=8681
[dump]   top0 idx=8681 val=5.72010
[dump]   top1 idx=25380 val=3.87322
[dump]   top2 idx=21886 val=3.70393
[dump]   top3 idx=1500 val=3.62247
[dump]   top4 idx=11929 val=3.60014
[dump] L23.mid    n=160     finite=1 absmax=0 mean=0 sumsq=0 ids: 356 285 389 299 430 244 334 494 42 457 356 42 285 506 199 99 299 354 45 355 356 506 45 99 385 48 355 459 161 439 356 307 99 42 355 264 161 349 306 376 356 99 367 342 109 53 500 61 506 128 356 372 480 336 314 82 367 45 36 494 99 104 228 53 297 109 219 50 356 349 356 480 375 314 367 45 372 161 21 320 356 128 21 375 480 320 355 171 243 469 356 406 128 480 219 273 375 355 477 243 356 128 477 442 161 21 297 506 320 199 356 318 215 128 61 353 110 297 334 477 356 128 32 353 89 110 53 477 186 77 356 128 127 233 480 110 334 492 477 56 356 128 233 425 110 127 354 451 334 60 356 233 109 128 166 340 12 41 180 411
[dump] L23.moe    n=40960   finite=1 absmax=0.087366     mean=-3.3513e-05  sumsq=12.76108255        argmax=23898
[dump]   top0 idx=23898 val=0.08648
[dump]   top1 idx=3023 val=0.08292
[dump]   top2 idx=4286 val=0.07626
[dump]   top3 idx=2949 val=0.07545
[dump]   top4 idx=5037 val=0.07477
[dump] L23.res    n=327680  finite=1 absmax=23.485       mean=0.023427     sumsq=273878.6643        argmax=232417
[dump]   top0 idx=232417 val=20.04154
[dump]   top1 idx=169753 val=16.28049
[dump]   top2 idx=170460 val=15.08015
[dump]   top3 idx=252085 val=12.35082
[dump]   top4 idx=235413 val=12.18596
[dump] L24.att    n=40960   finite=1 absmax=0.20552      mean=-3.7375e-05  sumsq=26.82753179        argmax=21685
[dump]   top0 idx=21685 val=0.20552
[dump]   top1 idx=11445 val=0.19521
[dump]   top2 idx=39693 val=0.16184
[dump]   top3 idx=29365 val=0.16071
[dump]   top4 idx=22911 val=0.15067
[dump] L24.fmix   n=40960   finite=1 absmax=5.5844       mean=0.025664     sumsq=12812.79821        argmax=1500
[dump]   top0 idx=1500 val=5.58435
[dump]   top1 idx=4046 val=3.14316
[dump]   top2 idx=17813 val=2.61665
[dump]   top3 idx=3873 val=2.59062
[dump]   top4 idx=7573 val=2.53512
[dump] L24.mid    n=160     finite=1 absmax=0 mean=0 sumsq=0 ids: 308 387 456 219 175 439 263 46 181 370 263 175 387 219 354 446 462 46 183 231 134 99 36 263 320 446 498 308 212 387 263 99 360 308 342 387 433 46 175 354 263 360 308 157 342 128 82 99 433 134 206 360 387 395 175 263 308 394 46 458 134 263 99 387 223 277 446 308 360 183 134 387 90 223 446 204 360 313 263 261 360 354 387 263 252 99 446 150 27 46 263 360 354 387 66 183 462 208 446 46 181 263 360 46 308 387 446 175 99 134 263 134 181 183 387 360 462 354 28 231 263 462 360 183 134 354 181 387 231 223 263 181 134 462 183 219 439 354 28 218 181 360 263 134 462 387 231 175 81 317 263 462 181 360 317 183 134 387 218 393
[dump] L24.moe    n=40960   finite=1 absmax=0.56697      mean=0.0001809    sumsq=7.025947753        argmax=422
[dump]   top0 idx=422 val=0.28438
[dump]   top1 idx=403 val=0.08915
[dump]   top2 idx=2238 val=0.08664
[dump]   top3 idx=634 val=0.07260
[dump]   top4 idx=430 val=0.07248
[dump] L24.res    n=327680  finite=1 absmax=30.091       mean=0.014288     sumsq=200066.5615        argmax=169753
[dump]   top0 idx=169753 val=15.17015
[dump]   top1 idx=292568 val=14.15284
[dump]   top2 idx=272088 val=13.94485
[dump]   top3 idx=282328 val=13.77233
[dump]   top4 idx=261848 val=13.65914
[dump] L25.att    n=40960   finite=1 absmax=0.4336       mean=0.00085056   sumsq=95.32939133        argmax=21473
[dump]   top0 idx=21473 val=0.43360
[dump]   top1 idx=29111 val=0.40515
[dump]   top2 idx=31671 val=0.39701
[dump]   top3 idx=8673 val=0.37745
[dump]   top4 idx=422 val=0.34223
[dump] L25.fmix   n=40960   finite=1 absmax=3.5584       mean=0.030844     sumsq=13357.57856        argmax=4046
[dump]   top0 idx=4046 val=3.55837
[dump]   top1 idx=1500 val=3.02361
[dump]   top2 idx=37981 val=2.49527
[dump]   top3 idx=230 val=2.49464
[dump]   top4 idx=7573 val=2.34166
[dump] L25.mid    n=160     finite=1 absmax=0 mean=0 sumsq=0 ids: 192 218 430 150 209 322 229 376 87 369 192 376 425 369 321 466 154 430 292 209 317 382 113 205 40 209 425 20 374 371 444 425 321 374 209 218 376 430 104 371 371 276 425 115 321 417 110 374 487 218 376 371 427 425 377 73 218 361 238 142 374 371 153 425 218 369 430 330 264 321 459 430 170 427 369 153 218 321 211 370 427 430 153 488 264 374 29 370 456 295 264 374 430 370 376 427 218 321 8 59 377 321 427 445 264 376 96 218 430 374 264 374 430 153 96 142 68 376 478 495 264 374 59 478 292 68 156 275 495 142 264 142 96 376 87 430 478 153 240 427 264 430 427 376 68 374 142 240 478 153 264 59 156 275 427 142 370 374 376 495
[dump] L25.moe    n=40960   finite=1 absmax=0.047591     mean=3.7465e-05   sumsq=3.662001306        argmax=22299
[dump]   top0 idx=22299 val=0.04759
[dump]   top1 idx=8682 val=0.04489
[dump]   top2 idx=34384 val=0.04145
[dump]   top3 idx=38302 val=0.04061
[dump]   top4 idx=24921 val=0.03869
[dump] L25.res    n=327680  finite=1 absmax=31.805       mean=0.016117     sumsq=226760.3869        argmax=169753
[dump]   top0 idx=169753 val=19.29029
[dump]   top1 idx=170460 val=18.35465
[dump]   top2 idx=292568 val=16.85705
[dump]   top3 idx=272088 val=16.59986
[dump]   top4 idx=282328 val=16.41206
[dump] L26.att    n=40960   finite=1 absmax=1.1496       mean=-0.0023273   sumsq=180.3184377        argmax=39128
[dump]   top0 idx=39128 val=0.44184
[dump]   top1 idx=39534 val=0.38607
[dump]   top2 idx=784 val=0.35846
[dump]   top3 idx=5848 val=0.34942
[dump]   top4 idx=2121 val=0.33864
[dump] L26.fmix   n=40960   finite=1 absmax=2.9736       mean=0.019094     sumsq=11624.19238        argmax=7573
[dump]   top0 idx=7573 val=2.88116
[dump]   top1 idx=17813 val=2.84803
[dump]   top2 idx=788 val=2.62628
[dump]   top3 idx=12655 val=2.42909
[dump]   top4 idx=30613 val=2.35913
[dump] L26.mid    n=160     finite=1 absmax=0 mean=0 sumsq=0 ids: 461 264 107 325 508 341 164 417 379 495 264 461 417 278 341 164 58 508 355 325 461 278 264 230 17 7 243 319 123 121 264 461 278 417 379 58 508 70 341 230 187 230 461 373 97 433 17 320 264 346 461 379 508 97 278 243 355 177 433 373 417 461 464 97 230 199 355 278 40 319 97 461 455 373 464 199 243 319 278 164 461 97 164 373 423 417 243 464 304 18 423 461 97 417 18 243 384 322 164 320 278 461 97 417 18 508 322 373 7 379 355 461 417 97 18 464 278 320 322 243 461 278 355 243 18 322 417 387 203 40 355 461 320 384 495 243 203 97 322 341 355 461 97 417 267 384 320 322 18 500 97 18 355 267 373 322 461 387 416 203
[dump] L26.moe    n=40960   finite=1 absmax=0.61419      mean=-3.0755e-05  sumsq=4.682966009        argmax=11726
[dump]   top0 idx=11726 val=0.05336
[dump]   top1 idx=422 val=0.04988
[dump]   top2 idx=8028 val=0.04894
[dump]   top3 idx=2324 val=0.04737
[dump]   top4 idx=579 val=0.04658
[dump] L26.res    n=327680  finite=1 absmax=64.003       mean=0.0089972    sumsq=119214.7784        argmax=169753
[dump]   top0 idx=169753 val=17.25475
[dump]   top1 idx=170460 val=14.88739
[dump]   top2 idx=292568 val=12.54123
[dump]   top3 idx=272088 val=12.35052
[dump]   top4 idx=282328 val=12.20887
[dump] L27.att    n=40960   finite=1 absmax=3.4178       mean=0.00019942   sumsq=403.1274018        argmax=2311
[dump]   top0 idx=2311 val=3.41780
[dump]   top1 idx=47 val=1.30467
[dump]   top2 idx=1378 val=1.13045
[dump]   top3 idx=86 val=1.10750
[dump]   top4 idx=1795 val=1.06949
[dump] L27.fmix   n=40960   finite=1 absmax=3.3328       mean=0.020889     sumsq=12369.86684        argmax=4046
[dump]   top0 idx=4046 val=3.33281
[dump]   top1 idx=17813 val=2.96273
[dump]   top2 idx=16176 val=2.81967
[dump]   top3 idx=7573 val=2.77163
[dump]   top4 idx=18551 val=2.73519
[dump] L27.mid    n=160     finite=1 absmax=0 mean=0 sumsq=0 ids: 430 424 98 400 108 361 397 130 104 323 323 350 98 108 273 84 120 424 397 240 323 350 211 360 23 108 430 482 219 166 482 323 108 98 418 30 360 461 430 350 323 461 508 108 418 350 174 430 360 23 120 323 350 108 418 201 98 360 511 104 323 98 360 418 108 350 286 508 104 261 323 418 350 98 508 430 120 490 360 108 418 350 323 98 384 430 360 120 492 108 323 418 350 98 430 108 166 360 151 508 317 418 323 108 508 430 98 360 350 192 323 98 508 418 104 457 261 430 120 84 323 508 418 350 98 84 500 108 120 261 508 323 430 418 98 166 261 151 219 137 430 323 508 418 166 98 249 371 261 151 323 418 430 166 249 437 45 360 240 48
[dump] L27.moe    n=40960   finite=1 absmax=0.057945     mean=0.00024259   sumsq=4.430679356        argmax=30370
[dump]   top0 idx=30370 val=0.05618
[dump]   top1 idx=29990 val=0.05349
[dump]   top2 idx=29728 val=0.05057
[dump]   top3 idx=29282 val=0.04880
[dump]   top4 idx=29170 val=0.04790
[dump] L27.res    n=327680  finite=1 absmax=55.817       mean=0.01646      sumsq=242528.7331        argmax=170460
[dump]   top0 idx=170460 val=18.63190
[dump]   top1 idx=169753 val=18.22666
[dump]   top2 idx=292568 val=17.54537
[dump]   top3 idx=272088 val=17.27840
[dump]   top4 idx=282328 val=17.08045
[dump] L28.att    n=40960   finite=1 absmax=0.6094       mean=-0.0018898   sumsq=100.2827939        argmax=2311
[dump]   top0 idx=2311 val=0.60940
[dump]   top1 idx=914 val=0.28096
[dump]   top2 idx=4544 val=0.23297
[dump]   top3 idx=36680 val=0.22346
[dump]   top4 idx=693 val=0.21958
[dump] L28.fmix   n=40960   finite=1 absmax=3.71         mean=0.020705     sumsq=13186.25439        argmax=36536
[dump]   top0 idx=36536 val=3.39947
[dump]   top1 idx=4046 val=3.22432
[dump]   top2 idx=17813 val=3.11552
[dump]   top3 idx=9908 val=3.05140
[dump]   top4 idx=7573 val=2.84808
[dump] L28.mid    n=160     finite=1 absmax=0 mean=0 sumsq=0 ids: 28 297 139 364 433 421 300 352 164 474 352 52 139 219 297 277 474 145 86 150 352 141 110 139 52 229 136 63 130 1 297 52 139 101 352 474 219 339 147 81 52 352 101 118 282 219 139 421 297 136 52 392 150 219 277 390 9 386 352 160 52 66 433 352 408 229 63 139 469 366 52 433 352 63 219 503 172 66 130 386 52 433 66 352 219 229 469 422 189 458 433 66 390 52 63 422 229 297 277 392 421 352 52 422 54 150 0 433 297 21 421 0 433 52 63 469 229 21 352 81 421 0 433 52 214 21 63 422 297 430 421 52 0 433 297 219 63 133 275 172 52 421 0 275 182 21 297 63 460 433 0 433 421 52 21 275 352 63 366 182
[dump] L28.moe    n=40960   finite=1 absmax=0.13383      mean=-8.729e-05   sumsq=4.481046946        argmax=2311
[dump]   top0 idx=2311 val=0.13383
[dump]   top1 idx=27542 val=0.05623
[dump]   top2 idx=40853 val=0.05599
[dump]   top3 idx=23707 val=0.04917
[dump]   top4 idx=39067 val=0.04817
[dump] L28.res    n=327680  finite=1 absmax=28.225       mean=0.012476     sumsq=242340.1017        argmax=169753
[dump]   top0 idx=169753 val=16.05636
[dump]   top1 idx=170460 val=15.68950
[dump]   top2 idx=183246 val=14.04995
[dump]   top3 idx=292568 val=13.52937
[dump]   top4 idx=272088 val=13.32363
[dump] L29.att    n=40960   finite=1 absmax=0.21255      mean=0.0002662    sumsq=23.63333052        argmax=40195
[dump]   top0 idx=40195 val=0.21255
[dump]   top1 idx=39128 val=0.18035
[dump]   top2 idx=36568 val=0.16678
[dump]   top3 idx=11191 val=0.14256
[dump]   top4 idx=24835 val=0.14020
[dump] L29.fmix   n=40960   finite=1 absmax=4.0315       mean=0.0154       sumsq=14191.37758        argmax=4046
[dump]   top0 idx=4046 val=4.03150
[dump]   top1 idx=7573 val=3.98448
[dump]   top2 idx=788 val=3.76497
[dump]   top3 idx=17813 val=3.46079
[dump]   top4 idx=30613 val=3.33671
[dump] L29.mid    n=160     finite=1 absmax=0 mean=0 sumsq=0 ids: 293 466 68 387 262 400 285 337 54 451 387 290 273 148 330 93 250 504 162 337 290 148 387 273 325 16 394 250 330 93 148 290 250 387 273 330 91 265 93 267 290 118 148 273 508 250 387 265 312 259 387 290 148 93 273 317 91 296 259 118 259 387 290 265 250 118 273 325 338 296 259 387 118 273 290 265 93 325 440 274 387 259 290 265 273 22 91 312 148 118 387 259 290 273 22 148 97 265 93 91 118 387 273 290 259 265 250 148 469 93 259 387 273 290 265 97 438 325 342 453 342 438 259 265 387 273 290 451 93 468 279 259 325 389 93 273 265 185 387 97 387 273 259 93 118 265 342 290 463 438 259 438 342 279 97 265 387 468 118 22
[dump] L29.moe    n=40960   finite=1 absmax=0.14844      mean=0.00010392   sumsq=9.672633922        argmax=2311
[dump]   top0 idx=2311 val=0.14844
[dump]   top1 idx=29199 val=0.08387
[dump]   top2 idx=20969 val=0.07926
[dump]   top3 idx=21613 val=0.07758
[dump]   top4 idx=40696 val=0.07299
[dump] L29.res    n=327680  finite=1 absmax=32.069       mean=0.015079     sumsq=268312.2611        argmax=169753
[dump]   top0 idx=169753 val=18.87898
[dump]   top1 idx=323511 val=17.32892
[dump]   top2 idx=313271 val=17.32132
[dump]   top3 idx=282551 val=17.15058
[dump]   top4 idx=272311 val=16.66846
[dump] L30.att    n=40960   finite=1 absmax=1.1661       mean=-0.0005534   sumsq=113.7279903        argmax=38882
[dump]   top0 idx=38882 val=0.48476
[dump]   top1 idx=1603 val=0.42597
[dump]   top2 idx=31713 val=0.39075
[dump]   top3 idx=21431 val=0.38096
[dump]   top4 idx=26082 val=0.36702
[dump] L30.fmix   n=40960   finite=1 absmax=7.3624       mean=0.015557     sumsq=19539.83858        argmax=4046
[dump]   top0 idx=4046 val=4.93066
[dump]   top1 idx=1500 val=3.74354
[dump]   top2 idx=788 val=3.69736
[dump]   top3 idx=8681 val=3.57754
[dump]   top4 idx=30613 val=3.05156
[dump] L30.mid    n=160     finite=1 absmax=0 mean=0 sumsq=0 ids: 165 151 398 326 331 506 40 137 138 417 506 165 138 14 326 500 409 111 398 280 95 414 280 409 506 14 311 227 234 338 205 165 280 223 506 318 398 498 106 259 376 280 5 223 81 409 22 463 335 318 14 308 409 151 234 290 506 12 110 129 506 138 111 11 335 151 205 181 212 398 506 138 14 335 441 212 409 86 6 154 335 506 138 280 11 212 473 111 441 439 11 138 506 14 111 280 335 498 212 398 181 473 409 506 370 129 64 6 439 280 506 11 398 138 181 151 335 282 49 136 506 138 212 11 335 409 128 40 500 473 181 335 506 280 212 151 79 11 415 398 181 506 335 326 86 82 11 244 212 415 244 335 506 11 100 128 482 510 398 181
[dump] L30.moe    n=40960   finite=1 absmax=0.065153     mean=0.00011825   sumsq=7.921416904        argmax=36714
[dump]   top0 idx=36714 val=0.06290
[dump]   top1 idx=34729 val=0.06067
[dump]   top2 idx=17713 val=0.05821
[dump]   top3 idx=35492 val=0.05555
[dump]   top4 idx=28798 val=0.05454
[dump] L30.res    n=327680  finite=1 absmax=28.706       mean=0.010593     sumsq=120465.2234        argmax=169753
[dump]   top0 idx=169753 val=15.91403
[dump]   top1 idx=292568 val=13.63386
[dump]   top2 idx=272088 val=13.43364
[dump]   top3 idx=282328 val=13.30897
[dump]   top4 idx=261848 val=13.20058
[dump] L31.att    n=40960   finite=1 absmax=0.76626      mean=-0.002738    sumsq=166.5447069        argmax=892
[dump]   top0 idx=892 val=0.76626
[dump]   top1 idx=2311 val=0.76051
[dump]   top2 idx=1795 val=0.47187
[dump]   top3 idx=3765 val=0.42543
[dump]   top4 idx=2121 val=0.39039
[dump] L31.fmix   n=40960   finite=1 absmax=6.7076       mean=0.0070907    sumsq=29351.97747        argmax=23768
[dump]   top0 idx=23768 val=6.70760
[dump]   top1 idx=8681 val=6.04485
[dump]   top2 idx=21208 val=5.41504
[dump]   top3 idx=13528 val=4.88560
[dump]   top4 idx=9908 val=4.61397
[dump] L31.mid    n=160     finite=1 absmax=0 mean=0 sumsq=0 ids: 283 174 156 96 215 136 55 199 100 50 494 199 50 405 207 100 318 12 156 474 263 494 199 207 192 314 318 31 474 298 207 156 494 234 379 33 444 405 388 298 116 207 236 453 210 156 318 16 494 326 288 32 116 426 50 406 501 399 207 444 288 207 494 156 426 302 399 318 199 405 494 199 399 193 426 288 311 501 134 405 494 207 288 405 199 318 446 303 174 501 494 399 318 501 207 288 342 405 156 303 405 207 399 100 314 192 303 318 494 174 494 405 283 399 289 318 156 342 199 207 494 318 283 174 399 303 449 405 501 288 283 289 494 327 405 156 96 288 177 192 289 283 156 494 405 449 174 302 12 446 303 289 449 174 283 405 156 494 56 207
[dump] L31.moe    n=40960   finite=1 absmax=0.10536      mean=0.00020015   sumsq=11.65596902        argmax=2311
[dump]   top0 idx=2311 val=0.10536
[dump]   top1 idx=3022 val=0.09549
[dump]   top2 idx=8142 val=0.07689
[dump]   top3 idx=28680 val=0.07245
[dump]   top4 idx=29346 val=0.07065
[dump] L31.res    n=327680  finite=1 absmax=36.374       mean=0.011958     sumsq=309236.4817        argmax=169753
[dump]   top0 idx=169753 val=24.08734
[dump]   top1 idx=170460 val=21.13260
[dump]   top2 idx=323511 val=17.17173
[dump]   top3 idx=313271 val=17.11773
[dump]   top4 idx=282551 val=16.94919
[dump] L32.att    n=40960   finite=1 absmax=0.39551      mean=-0.00090186  sumsq=54.72966108        argmax=5081
[dump]   top0 idx=5081 val=0.39551
[dump]   top1 idx=7622 val=0.29881
[dump]   top2 idx=3553 val=0.26401
[dump]   top3 idx=33222 val=0.24238
[dump]   top4 idx=6254 val=0.23174
[dump] L32.fmix   n=40960   finite=1 absmax=5.0273       mean=0.0073551    sumsq=26634.37489        argmax=8681
[dump]   top0 idx=8681 val=5.02731
[dump]   top1 idx=14245 val=3.77546
[dump]   top2 idx=13717 val=3.76866
[dump]   top3 idx=9908 val=3.72950
[dump]   top4 idx=788 val=3.66718
[dump] L32.mid    n=160     finite=1 absmax=0 mean=0 sumsq=0 ids: 228 243 272 256 487 429 58 132 392 74 228 28 429 359 480 92 243 272 142 394 228 28 140 429 142 149 113 99 236 261 228 429 447 188 124 28 319 341 418 261 188 228 104 447 429 319 303 138 243 58 228 394 272 142 12 140 369 388 419 205 359 429 243 228 142 58 140 487 272 263 228 429 272 243 359 394 400 58 140 74 228 429 243 272 142 359 263 58 149 140 359 228 429 263 272 243 142 480 58 92 228 272 243 465 429 400 263 149 447 142 228 429 243 272 359 480 58 263 479 140 228 429 272 263 359 243 140 391 480 132 243 228 429 58 189 272 489 479 263 248 228 243 278 7 480 359 75 58 202 92 243 228 359 454 278 235 189 480 507 263
[dump] L32.moe    n=40960   finite=1 absmax=0.37396      mean=0.00011756   sumsq=14.89833516        argmax=2311
[dump]   top0 idx=2311 val=0.31289
[dump]   top1 idx=1547 val=0.10912
[dump]   top2 idx=472 val=0.10729
[dump]   top3 idx=895 val=0.10281
[dump]   top4 idx=245 val=0.09924
[dump] L32.res    n=327680  finite=1 absmax=48.624       mean=0.01292      sumsq=284570.8575        argmax=170460
[dump]   top0 idx=170460 val=20.02470
[dump]   top1 idx=169753 val=16.17556
[dump]   top2 idx=292568 val=12.40515
[dump]   top3 idx=272088 val=12.21779
[dump]   top4 idx=282328 val=12.10797
[dump] L33.att    n=40960   finite=1 absmax=0.17805      mean=-0.0012543   sumsq=28.48949729        argmax=4960
[dump]   top0 idx=4960 val=0.17805
[dump]   top1 idx=39129 val=0.15000
[dump]   top2 idx=10073 val=0.14661
[dump]   top3 idx=26593 val=0.14639
[dump]   top4 idx=32602 val=0.14505
[dump] L33.fmix   n=40960   finite=1 absmax=5.5951       mean=0.0096       sumsq=22040.79048        argmax=4046
[dump]   top0 idx=4046 val=5.59514
[dump]   top1 idx=6606 val=4.38522
[dump]   top2 idx=32206 val=3.96351
[dump]   top3 idx=788 val=3.10294
[dump]   top4 idx=13717 val=3.08095
[dump] L33.mid    n=160     finite=1 absmax=0 mean=0 sumsq=0 ids: 136 486 387 243 471 160 105 200 28 504 136 486 387 160 299 363 419 365 243 471 387 328 398 136 486 222 71 304 471 259 136 328 249 486 387 469 363 105 160 84 486 136 366 387 471 333 363 469 444 105 387 471 136 291 448 84 419 474 127 243 366 419 136 279 486 471 387 328 363 155 136 419 279 363 387 365 206 366 471 499 136 419 363 470 279 362 387 206 486 105 470 363 136 419 365 279 471 345 84 362 136 84 486 428 279 328 419 471 366 160 84 363 136 362 279 471 345 419 305 486 136 362 363 471 84 279 419 374 155 486 84 136 374 345 279 155 363 486 471 499 363 84 136 253 299 209 345 407 279 160 362 374 84 279 345 136 419 363 209 509
[dump] L33.moe    n=40960   finite=1 absmax=0.070426     mean=-3.1556e-05  sumsq=8.898105484        argmax=3119
[dump]   top0 idx=3119 val=0.06784
[dump]   top1 idx=6381 val=0.06657
[dump]   top2 idx=3777 val=0.06627
[dump]   top3 idx=8707 val=0.06501
[dump]   top4 idx=3677 val=0.06423
[dump] L33.res    n=327680  finite=1 absmax=43.005       mean=0.011613     sumsq=279905.0565        argmax=170460
[dump]   top0 idx=170460 val=19.09557
[dump]   top1 idx=292568 val=16.47841
[dump]   top2 idx=169753 val=16.27021
[dump]   top3 idx=272088 val=16.22915
[dump]   top4 idx=282328 val=16.08335
[dump] L34.att    n=40960   finite=1 absmax=0.38261      mean=-0.00067104  sumsq=58.77190811        argmax=26082
[dump]   top0 idx=26082 val=0.38261
[dump]   top1 idx=40282 val=0.31271
[dump]   top2 idx=38882 val=0.31173
[dump]   top3 idx=32602 val=0.29693
[dump]   top4 idx=30042 val=0.29070
[dump] L34.fmix   n=40960   finite=1 absmax=4.2789       mean=0.019124     sumsq=19542.5017         argmax=1500
[dump]   top0 idx=1500 val=4.27889
[dump]   top1 idx=7573 val=4.09686
[dump]   top2 idx=17813 val=3.57510
[dump]   top3 idx=28893 val=3.42961
[dump]   top4 idx=36536 val=3.41368
[dump] L34.mid    n=160     finite=1 absmax=0 mean=0 sumsq=0 ids: 449 475 275 87 496 19 101 111 24 399 111 29 101 24 275 22 119 484 460 459 131 157 29 119 111 7 173 102 33 509 29 7 459 201 185 101 299 157 119 24 440 29 157 459 111 131 190 506 201 119 87 496 277 264 88 24 101 275 399 29 111 24 131 448 101 366 29 102 119 22 131 88 22 101 29 448 24 119 111 459 29 448 24 22 102 101 460 353 119 5 29 24 448 101 102 22 353 460 131 347 111 29 299 459 201 119 24 101 366 465 131 24 101 448 111 366 102 460 22 347 111 131 366 448 101 24 22 102 460 347 131 24 101 353 448 22 29 275 102 273 131 123 22 101 24 448 150 201 29 430 448 131 24 101 22 460 247 366 275 29
[dump] L34.moe    n=40960   finite=1 absmax=0.13791      mean=0.00033506   sumsq=13.78464917        argmax=28307
[dump]   top0 idx=28307 val=0.11050
[dump]   top1 idx=28691 val=0.10621
[dump]   top2 idx=30415 val=0.10325
[dump]   top3 idx=29990 val=0.10304
[dump]   top4 idx=30391 val=0.10198
[dump] L34.res    n=327680  finite=1 absmax=23.509       mean=0.0083232    sumsq=133541.3834        argmax=169753
[dump]   top0 idx=169753 val=14.13526
[dump]   top1 idx=292568 val=13.82454
[dump]   top2 idx=272088 val=13.61530
[dump]   top3 idx=170460 val=13.51194
[dump]   top4 idx=282328 val=13.49314
[dump] L35.att    n=40960   finite=1 absmax=0.77598      mean=3.8251e-06   sumsq=140.5129313        argmax=1736
[dump]   top0 idx=1736 val=0.71066
[dump]   top1 idx=360 val=0.53090
[dump]   top2 idx=994 val=0.50682
[dump]   top3 idx=1795 val=0.49571
[dump]   top4 idx=1882 val=0.44736
[dump] L35.fmix   n=40960   finite=1 absmax=4.5529       mean=0.014447     sumsq=25191.40442        argmax=19715
[dump]   top0 idx=19715 val=3.53845
[dump]   top1 idx=12035 val=3.48907
[dump]   top2 idx=29955 val=3.34770
[dump]   top3 idx=14245 val=3.32154
[dump]   top4 idx=7971 val=3.24117
[dump] L35.mid    n=160     finite=1 absmax=0 mean=0 sumsq=0 ids: 434 31 170 360 342 472 406 372 500 403 472 161 3 222 342 375 309 434 362 31 222 309 3 161 342 56 472 162 455 362 161 472 291 222 403 70 426 309 342 353 472 161 70 3 222 31 259 342 9 345 3 368 472 453 501 74 9 8 49 434 472 3 31 121 49 453 161 375 434 70 472 3 397 31 375 315 52 453 49 434 472 375 161 3 315 31 434 222 56 121 472 161 375 3 315 31 56 372 121 434 472 500 170 222 161 31 426 315 375 372 472 31 121 375 434 315 161 3 426 277 375 472 315 31 121 3 385 434 222 342 121 31 472 490 315 56 375 161 434 162 472 31 121 315 173 490 434 161 454 372 121 472 31 315 490 56 161 375 162 434
[dump] L35.moe    n=40960   finite=1 absmax=0.17464      mean=0.0007879    sumsq=25.47334179        argmax=30042
[dump]   top0 idx=30042 val=0.16650
[dump]   top1 idx=21769 val=0.13216
[dump]   top2 idx=22362 val=0.12764
[dump]   top3 idx=21167 val=0.12290
[dump]   top4 idx=20856 val=0.12284
[dump] L35.res    n=327680  finite=1 absmax=24.226       mean=0.018316     sumsq=313017.8075        argmax=323511
[dump]   top0 idx=323511 val=19.41127
[dump]   top1 idx=313271 val=19.32269
[dump]   top2 idx=282551 val=19.14820
[dump]   top3 idx=169753 val=19.06357
[dump]   top4 idx=324798 val=18.85782
[dump] L36.att    n=40960   finite=1 absmax=6.0723       mean=0.0026784    sumsq=752.4901773        argmax=1827
[dump]   top0 idx=1827 val=3.08663
[dump]   top1 idx=2311 val=2.04483
[dump]   top2 idx=1984 val=1.95033
[dump]   top3 idx=2238 val=1.92399
[dump]   top4 idx=403 val=1.86143
[dump] L36.fmix   n=40960   finite=1 absmax=6.0988       mean=0.035999     sumsq=38545.49491        argmax=8681
[dump]   top0 idx=8681 val=5.41292
[dump]   top1 idx=4046 val=4.88340
[dump]   top2 idx=14245 val=4.55279
[dump]   top3 idx=19490 val=4.41280
[dump]   top4 idx=13717 val=4.33315
[dump] L36.mid    n=160     finite=1 absmax=0 mean=0 sumsq=0 ids: 363 78 76 429 55 210 407 265 388 45 412 396 358 102 218 25 387 490 217 269 218 412 396 233 387 429 137 105 388 96 218 308 134 76 147 388 349 146 445 439 358 134 96 369 218 396 298 76 125 233 54 491 306 55 496 363 313 219 4 481 387 313 218 358 25 429 134 396 210 258 244 387 102 306 481 341 313 218 248 485 387 296 218 258 25 102 313 341 244 210 387 258 25 218 210 296 363 76 265 102 218 339 387 293 148 140 26 363 158 388 387 218 25 485 313 494 158 243 248 210 387 25 258 330 324 388 169 40 210 485 387 185 25 258 442 218 243 410 429 168 387 278 258 25 442 179 18 314 370 262 387 179 442 258 25 168 185 410 182 307
[dump] L36.moe    n=40960   finite=1 absmax=0.22943      mean=0.00058858   sumsq=54.05041279        argmax=35107
[dump]   top0 idx=35107 val=0.21270
[dump]   top1 idx=34333 val=0.18328
[dump]   top2 idx=32840 val=0.18317
[dump]   top3 idx=29987 val=0.17327
[dump]   top4 idx=35458 val=0.17025
[dump] L36.res    n=327680  finite=1 absmax=50.374       mean=0.0252       sumsq=350257.0923        argmax=170460
[dump]   top0 idx=170460 val=27.37810
[dump]   top1 idx=169753 val=24.37147
[dump]   top2 idx=165667 val=18.65712
[dump]   top3 idx=292568 val=13.57868
[dump]   top4 idx=272088 val=13.36650
[dump] L37.att    n=40960   finite=1 absmax=2.2662       mean=-0.0010869   sumsq=127.9858814        argmax=2537
[dump]   top0 idx=2537 val=1.14541
[dump]   top1 idx=932 val=0.68177
[dump]   top2 idx=138 val=0.63429
[dump]   top3 idx=1359 val=0.55786
[dump]   top4 idx=1750 val=0.54769
[dump] L37.fmix   n=40960   finite=1 absmax=5.4607       mean=0.044305     sumsq=38419.51403        argmax=8681
[dump]   top0 idx=8681 val=4.75941
[dump]   top1 idx=12360 val=4.12800
[dump]   top2 idx=14245 val=4.10559
[dump]   top3 idx=10936 val=3.97342
[dump]   top4 idx=7573 val=3.94638
[dump] L37.mid    n=160     finite=1 absmax=0 mean=0 sumsq=0 ids: 255 72 379 304 131 25 418 420 10 324 255 19 324 304 150 369 286 379 118 451 451 286 128 350 369 118 200 435 255 197 306 255 346 19 511 359 284 265 479 128 128 346 255 187 451 150 33 379 304 131 131 297 302 25 379 255 392 134 96 142 19 29 118 346 369 57 484 304 255 313 118 19 57 360 255 25 369 197 290 27 118 19 352 346 57 369 484 155 200 255 352 19 118 57 200 306 369 346 255 326 19 317 255 369 484 346 379 118 155 326 346 255 369 131 19 200 57 379 313 155 369 57 304 264 255 19 346 118 155 477 313 57 469 369 389 346 200 326 306 128 313 346 321 19 369 469 57 326 255 118 313 346 57 369 469 304 264 19 326 243
[dump] L37.moe    n=40960   finite=1 absmax=0.16809      mean=0.00014461   sumsq=45.82988185        argmax=29042
[dump]   top0 idx=29042 val=0.16809
[dump]   top1 idx=24921 val=0.16487
[dump]   top2 idx=29424 val=0.15135
[dump]   top3 idx=28439 val=0.14779
[dump]   top4 idx=31602 val=0.14717
[dump] L37.res    n=327680  finite=1 absmax=72.828       mean=0.016331     sumsq=304995.9252        argmax=170460
[dump]   top0 idx=170460 val=28.94975
[dump]   top1 idx=169753 val=25.20715
[dump]   top2 idx=163978 val=19.00654
[dump]   top3 idx=189445 val=19.00224
[dump]   top4 idx=240645 val=18.80299
[dump] L38.att    n=40960   finite=1 absmax=0.46671      mean=-0.00063091  sumsq=108.6698749        argmax=403
[dump]   top0 idx=403 val=0.40369
[dump]   top1 idx=36753 val=0.33431
[dump]   top2 idx=34193 val=0.33397
[dump]   top3 idx=23953 val=0.29214
[dump]   top4 idx=7716 val=0.28861
[dump] L38.fmix   n=40960   finite=1 absmax=5.7766       mean=0.04413      sumsq=34875.42446        argmax=12655
[dump]   top0 idx=12655 val=5.77664
[dump]   top1 idx=10936 val=5.20640
[dump]   top2 idx=8681 val=5.01582
[dump]   top3 idx=1863 val=4.24615
[dump]   top4 idx=7573 val=4.09285
[dump] L38.mid    n=160     finite=1 absmax=0 mean=0 sumsq=0 ids: 317 456 283 345 309 41 57 287 446 205 425 96 394 164 305 438 188 275 402 483 460 188 265 96 425 402 232 187 438 504 464 352 279 145 96 376 51 54 460 164 396 460 183 96 193 202 111 356 384 306 341 347 206 235 309 104 18 462 388 345 7 206 438 460 226 116 341 50 393 483 241 425 375 124 307 259 106 291 388 438 504 460 388 96 124 50 206 400 486 279 504 460 454 355 279 438 135 486 50 206 153 87 71 226 460 454 173 452 164 350 460 206 116 226 213 7 41 117 244 483 483 226 460 206 438 486 7 117 188 50 226 412 173 206 457 287 262 460 50 483 168 173 226 370 323 483 228 287 262 254 226 287 173 483 206 260 354 76 438 457
[dump] L38.moe    n=40960   finite=1 absmax=0.1818       mean=-2.982e-05   sumsq=34.99472367        argmax=27937
[dump]   top0 idx=27937 val=0.18180
[dump]   top1 idx=8826 val=0.12970
[dump]   top2 idx=14924 val=0.12737
[dump]   top3 idx=37387 val=0.12533
[dump]   top4 idx=8177 val=0.11971
[dump] L38.res    n=327680  finite=1 absmax=29.741       mean=0.011245     sumsq=210504.7368        argmax=170460
[dump]   top0 idx=170460 val=20.33348
[dump]   top1 idx=169753 val=19.56281
[dump]   top2 idx=322565 val=15.39510
[dump]   top3 idx=271365 val=15.19255
[dump]   top4 idx=261125 val=15.15736
[dump] L39.att    n=40960   finite=1 absmax=0.55114      mean=0.00017861   sumsq=216.9850803        argmax=29052
[dump]   top0 idx=29052 val=0.55114
[dump]   top1 idx=15465 val=0.42110
[dump]   top2 idx=23839 val=0.41184
[dump]   top3 idx=31519 val=0.39633
[dump]   top4 idx=23561 val=0.39123
[dump] L39.fmix   n=40960   finite=1 absmax=8.4928       mean=0.027296     sumsq=41275.12877        argmax=8681
[dump]   top0 idx=8681 val=8.49277
[dump]   top1 idx=15939 val=5.72038
[dump]   top2 idx=8288 val=5.43617
[dump]   top3 idx=23619 val=5.15936
[dump]   top4 idx=5699 val=5.10883
[dump] L39.mid    n=160     finite=1 absmax=0 mean=0 sumsq=0 ids: 356 323 285 42 496 260 242 334 450 82 356 496 103 167 45 480 128 223 494 120 48 496 356 45 480 103 123 128 477 223 356 42 496 99 307 107 355 337 264 220 356 99 500 496 109 42 103 128 342 264 372 480 356 82 201 389 285 367 495 494 356 99 42 128 480 334 109 103 104 342 480 356 128 334 42 299 121 375 394 477 356 128 42 480 110 148 60 299 121 274 356 406 128 32 477 177 42 219 480 342 356 477 42 459 128 442 372 36 355 506 356 128 480 334 110 60 42 496 148 360 356 334 32 60 128 42 480 145 110 257 356 60 127 128 233 116 108 10 110 433 356 425 60 334 257 116 127 233 128 463 356 60 128 425 233 127 116 110 32 257
[dump] L39.moe    n=40960   finite=1 absmax=0.45664      mean=0.00024971   sumsq=101.0117583        argmax=2311
[dump]   top0 idx=2311 val=0.45664
[dump]   top1 idx=422 val=0.30746
[dump]   top2 idx=21084 val=0.27700
[dump]   top3 idx=1882 val=0.26971
[dump]   top4 idx=21597 val=0.23810
[dump] L39.res    n=327680  finite=1 absmax=40.326       mean=0.020614     sumsq=491551.286         argmax=212335
[dump]   top0 idx=212335 val=23.82797
[dump]   top1 idx=165667 val=23.53599
[dump]   top2 idx=232417 val=23.22922
[dump]   top3 idx=169753 val=21.97674
[dump]   top4 idx=170460 val=21.31570
[dump] L40.att    n=40960   finite=1 absmax=0.68974      mean=0.0025639    sumsq=201.1097814        argmax=36901
[dump]   top0 idx=36901 val=0.68974
[dump]   top1 idx=13861 val=0.61877
[dump]   top2 idx=8741 val=0.56743
[dump]   top3 idx=27937 val=0.55030
[dump]   top4 idx=18402 val=0.48754
[dump] L40.fmix   n=40960   finite=1 absmax=7.3204       mean=0.033577     sumsq=46959.09565        argmax=8681
[dump]   top0 idx=8681 val=7.32042
[dump]   top1 idx=15939 val=6.26710
[dump]   top2 idx=22718 val=5.95495
[dump]   top3 idx=25278 val=5.69955
[dump]   top4 idx=20158 val=5.57386
[dump] L40.mid    n=160     finite=1 absmax=0 mean=0 sumsq=0 ids: 280 172 309 449 178 141 428 91 103 381 280 28 141 249 332 380 135 334 311 229 280 268 282 8 218 66 502 335 332 301 280 217 380 199 111 277 461 477 334 271 268 334 217 280 160 21 391 380 199 67 36 178 428 200 280 295 127 310 60 309 335 280 334 380 141 138 217 398 160 204 280 128 188 335 295 336 237 138 50 200 335 280 138 220 261 465 282 181 398 263 204 280 52 398 335 22 250 229 465 83 307 412 170 282 301 77 351 280 178 36 172 280 335 208 138 64 374 61 178 438 335 208 172 138 280 178 465 220 240 459 240 491 204 335 435 61 155 494 212 57 240 172 491 335 470 208 212 398 61 138 335 240 172 208 491 470 497 138 435 260
[dump] L40.moe    n=40960   finite=1 absmax=0.20035      mean=9.0475e-05   sumsq=38.54964631        argmax=10697
[dump]   top0 idx=10697 val=0.20035
[dump]   top1 idx=12437 val=0.19250
[dump]   top2 idx=11959 val=0.19235
[dump]   top3 idx=12555 val=0.18587
[dump]   top4 idx=10736 val=0.17680
[dump] L40.res    n=327680  finite=1 absmax=39.011       mean=0.022475     sumsq=389198.8404        argmax=170460
[dump]   top0 idx=170460 val=17.17715
[dump]   top1 idx=165667 val=16.26149
[dump]   top2 idx=169753 val=16.18132
[dump]   top3 idx=166538 val=15.61703
[dump]   top4 idx=231031 val=14.65112
[dump] L41.att    n=40960   finite=1 absmax=0.6411       mean=0.00064132   sumsq=158.2970026        argmax=17242
[dump]   top0 idx=17242 val=0.64110
[dump]   top1 idx=30042 val=0.62132
[dump]   top2 idx=32602 val=0.55256
[dump]   top3 idx=22362 val=0.54618
[dump]   top4 idx=27482 val=0.52970
[dump] L41.fmix   n=40960   finite=1 absmax=6.8216       mean=0.037685     sumsq=49709.35369        argmax=8681
[dump]   top0 idx=8681 val=5.66632
[dump]   top1 idx=1500 val=5.42683
[dump]   top2 idx=8288 val=5.05906
[dump]   top3 idx=11929 val=4.66108
[dump]   top4 idx=25380 val=4.63271
[dump] L41.mid    n=160     finite=1 absmax=0 mean=0 sumsq=0 ids: 59 240 198 491 331 445 482 420 266 348 348 178 489 196 27 505 378 281 20 21 205 348 132 58 378 20 480 423 19 178 289 387 19 343 255 90 204 160 348 135 21 95 204 343 90 71 454 196 160 255 496 59 55 433 42 491 476 198 403 482 157 59 116 118 204 496 198 433 299 20 59 489 299 376 240 430 440 399 433 198 132 118 506 253 58 198 302 422 116 205 404 118 131 205 426 366 348 132 342 75 389 45 406 303 146 461 505 510 169 374 59 433 118 416 198 450 443 240 105 491 59 433 440 118 450 476 240 198 491 105 278 59 305 450 483 17 433 221 413 52 59 450 346 433 240 477 301 338 293 417 59 450 491 119 433 118 440 472 106 111
[dump] L41.moe    n=40960   finite=1 absmax=0.1502       mean=-0.00022464  sumsq=46.51663613        argmax=10253
[dump]   top0 idx=10253 val=0.15020
[dump]   top1 idx=30466 val=0.14197
[dump]   top2 idx=12590 val=0.13907
[dump]   top3 idx=10644 val=0.13677
[dump]   top4 idx=11879 val=0.13527
[dump] L41.res    n=327680  finite=1 absmax=36.761       mean=0.022094     sumsq=391498.441         argmax=165667
[dump]   top0 idx=165667 val=26.66051
[dump]   top1 idx=170460 val=20.37575
[dump]   top2 idx=169753 val=13.86660
[dump]   top3 idx=167332 val=13.23340
[dump]   top4 idx=177522 val=13.15483
[dump] L42.att    n=40960   finite=1 absmax=0.75965      mean=0.0010125    sumsq=138.7627133        argmax=23522
[dump]   top0 idx=23522 val=0.41248
[dump]   top1 idx=20962 val=0.38158
[dump]   top2 idx=18402 val=0.35960
[dump]   top3 idx=39393 val=0.34891
[dump]   top4 idx=10722 val=0.34594
[dump] L42.fmix   n=40960   finite=1 absmax=5.5757       mean=0.038799     sumsq=49158.60855        argmax=8681
[dump]   top0 idx=8681 val=5.57567
[dump]   top1 idx=29042 val=4.89979
[dump]   top2 idx=33683 val=4.88862
[dump]   top3 idx=27937 val=4.79636
[dump]   top4 idx=21424 val=4.77741
[dump] L42.mid    n=160     finite=1 absmax=0 mean=0 sumsq=0 ids: 294 151 366 248 283 322 212 393 83 432 455 78 357 466 293 3 341 279 250 276 357 455 279 302 495 276 341 37 14 231 474 42 21 455 39 141 105 51 414 108 39 59 455 357 65 276 21 92 414 377 53 506 215 507 151 14 276 348 140 231 3 110 310 53 140 231 357 276 90 5 310 110 140 354 3 455 276 53 357 90 310 341 3 191 455 283 182 110 136 140 341 391 3 269 278 110 357 452 283 191 310 3 227 151 105 110 333 455 72 283 3 337 212 140 193 231 5 310 451 151 3 310 5 140 151 121 212 193 466 411 212 321 446 3 6 509 399 7 341 310 212 310 494 7 3 509 358 399 498 83 212 3 509 498 310 399 140 83 290 6
[dump] L42.moe    n=40960   finite=1 absmax=0.23276      mean=0.0006391    sumsq=74.65872978        argmax=36682
[dump]   top0 idx=36682 val=0.23276
[dump]   top1 idx=38053 val=0.21635
[dump]   top2 idx=544 val=0.20445
[dump]   top3 idx=40613 val=0.19975
[dump]   top4 idx=37677 val=0.19463
[dump] L42.res    n=327680  finite=1 absmax=20.404       mean=0.011847     sumsq=127688.3375        argmax=170460
[dump]   top0 idx=170460 val=12.49079
[dump]   top1 idx=165667 val=11.71897
[dump]   top2 idx=322565 val=11.41420
[dump]   top3 idx=271365 val=11.35003
[dump]   top4 idx=261125 val=11.28539
[dump] L43.att    n=40960   finite=1 absmax=0.53261      mean=0.0031606    sumsq=187.5698502        argmax=28888
[dump]   top0 idx=28888 val=0.50453
[dump]   top1 idx=29551 val=0.49361
[dump]   top2 idx=16751 val=0.48727
[dump]   top3 idx=30398 val=0.46598
[dump]   top4 idx=11631 val=0.44776
[dump] L43.fmix   n=40960   finite=1 absmax=5.6195       mean=0.036993     sumsq=36498.43921        argmax=25380
[dump]   top0 idx=25380 val=5.61955
[dump]   top1 idx=24008 val=3.96667
[dump]   top2 idx=33683 val=3.93070
[dump]   top3 idx=9856 val=3.92679
[dump]   top4 idx=29120 val=3.87730
[dump] L43.mid    n=160     finite=1 absmax=0 mean=0 sumsq=0 ids: 300 180 86 133 13 413 91 60 64 162 44 166 300 124 471 293 24 346 363 477 293 300 417 117 124 166 505 471 44 483 300 19 439 293 189 42 371 257 221 155 300 221 257 219 376 371 439 348 243 80 300 10 499 133 331 472 337 26 286 146 300 499 462 337 363 146 64 219 293 483 300 499 146 374 86 101 337 363 462 117 300 121 97 86 499 462 451 145 483 203 300 483 266 293 462 216 270 299 324 430 300 496 323 86 90 182 64 117 278 403 300 86 499 337 0 227 61 133 272 451 300 86 499 133 462 483 363 64 337 250 300 325 248 86 202 499 133 436 355 259 300 325 86 499 4 14 146 347 117 60 300 325 86 499 436 99 462 337 98 81
[dump] L43.moe    n=40960   finite=1 absmax=0.18125      mean=0.0002543    sumsq=39.6370463         argmax=28742
[dump]   top0 idx=28742 val=0.18125
[dump]   top1 idx=31302 val=0.16908
[dump]   top2 idx=29516 val=0.14949
[dump]   top3 idx=30262 val=0.13984
[dump]   top4 idx=20711 val=0.13878
[dump] L43.res    n=327680  finite=1 absmax=48.273       mean=0.036307     sumsq=581714.7927        argmax=262128
[dump]   top0 idx=262128 val=22.17467
[dump]   top1 idx=221754 val=19.80057
[dump]   top2 idx=228833 val=18.13528
[dump]   top3 idx=166538 val=18.11713
[dump]   top4 idx=176454 val=17.96451
[dump] L44.att    n=40960   finite=1 absmax=4.7329       mean=0.0038265    sumsq=1146.054893        argmax=1827
[dump]   top0 idx=1827 val=3.86093
[dump]   top1 idx=9867 val=3.58932
[dump]   top2 idx=27787 val=3.44279
[dump]   top3 idx=2187 val=2.84236
[dump]   top4 idx=422 val=2.42238
[dump] L44.fmix   n=40960   finite=1 absmax=7.4876       mean=0.050653     sumsq=51121.52125        argmax=26903
[dump]   top0 idx=26903 val=6.11704
[dump]   top1 idx=25380 val=5.87272
[dump]   top2 idx=31821 val=5.58934
[dump]   top3 idx=1500 val=5.43777
[dump]   top4 idx=40033 val=5.18161
[dump] L44.mid    n=160     finite=1 absmax=0 mean=0 sumsq=0 ids: 56 433 263 174 405 338 51 209 277 142 505 1 472 303 402 426 39 290 441 358 39 24 285 505 472 396 287 314 441 135 24 339 27 260 117 311 422 182 417 308 117 260 24 303 133 258 466 328 308 119 174 296 248 395 169 361 59 338 433 56 117 24 87 59 260 418 174 472 303 256 87 338 81 248 395 441 59 209 37 174 283 87 287 447 135 59 501 490 21 39 472 287 447 401 190 501 45 303 39 371 416 102 24 377 87 490 56 61 338 418 87 338 433 61 207 248 24 284 209 119 87 433 338 24 248 61 207 490 284 56 437 87 61 150 340 433 207 303 248 424 61 35 424 96 150 207 87 119 209 264 87 61 119 207 174 150 209 187 248 424
[dump] L44.moe    n=40960   finite=1 absmax=0.27576      mean=-3.0806e-06  sumsq=43.76730371        argmax=17101
[dump]   top0 idx=17101 val=0.15717
[dump]   top1 idx=26838 val=0.15456
[dump]   top2 idx=14141 val=0.15442
[dump]   top3 idx=16747 val=0.14644
[dump]   top4 idx=39034 val=0.14560
[dump] L44.res    n=327680  finite=1 absmax=36.824       mean=0.029576     sumsq=401589.5432        argmax=165667
[dump]   top0 idx=165667 val=25.62528
[dump]   top1 idx=165576 val=21.69561
[dump]   top2 idx=210551 val=18.81189
[dump]   top3 idx=163978 val=18.80955
[dump]   top4 idx=190071 val=17.55316
[dump] L45.att    n=40960   finite=1 absmax=2.4907       mean=0.0057756    sumsq=2654.027813        argmax=30042
[dump]   top0 idx=30042 val=2.18728
[dump]   top1 idx=17170 val=2.16678
[dump]   top2 idx=19730 val=2.05326
[dump]   top3 idx=1810 val=1.94036
[dump]   top4 idx=40210 val=1.91518
[dump] L45.fmix   n=40960   finite=1 absmax=8.7873       mean=0.050344     sumsq=53847.26571        argmax=31821
[dump]   top0 idx=31821 val=5.97578
[dump]   top1 idx=1500 val=5.89620
[dump]   top2 idx=25380 val=5.75774
[dump]   top3 idx=6915 val=5.67341
[dump]   top4 idx=28794 val=5.48417
[dump] L45.mid    n=160     finite=1 absmax=0 mean=0 sumsq=0 ids: 237 48 475 227 22 51 303 406 215 442 237 149 222 455 269 391 223 488 231 429 316 222 237 7 391 488 231 505 87 229 237 292 274 123 371 391 263 176 332 153 263 176 68 323 391 214 492 505 237 307 198 237 152 484 169 270 22 442 51 186 237 229 51 263 235 176 391 75 231 505 237 303 51 391 152 75 22 171 283 186 237 79 29 185 229 142 51 156 219 0 131 222 156 219 185 142 338 62 385 99 237 108 303 335 51 443 127 102 22 511 237 303 443 51 87 229 235 442 22 497 237 51 229 127 443 442 22 303 75 54 443 237 277 116 393 177 303 75 51 326 443 237 389 303 393 431 486 177 257 277 443 237 51 486 393 75 431 303 218 328
[dump] L45.moe    n=40960   finite=1 absmax=0.23203      mean=-0.00057686  sumsq=63.12724895        argmax=29111
[dump]   top0 idx=29111 val=0.20560
[dump]   top1 idx=26468 val=0.19235
[dump]   top2 idx=24263 val=0.17689
[dump]   top3 idx=28159 val=0.17492
[dump]   top4 idx=27256 val=0.17486
[dump] L45.res    n=327680  finite=1 absmax=40.978       mean=0.027451     sumsq=432552.397         argmax=165667
[dump]   top0 idx=165667 val=40.97797
[dump]   top1 idx=167332 val=30.73577
[dump]   top2 idx=229650 val=26.31428
[dump]   top3 idx=168210 val=25.21446
[dump]   top4 idx=239890 val=23.62203
[dump] L46.att    n=40960   finite=1 absmax=5.6213       mean=0.0036319    sumsq=3750.242757        argmax=18554
[dump]   top0 idx=18554 val=5.59210
[dump]   top1 idx=12427 val=4.37412
[dump]   top2 idx=21114 val=4.28661
[dump]   top3 idx=26234 val=4.12816
[dump]   top4 idx=15994 val=3.80650
[dump] L46.fmix   n=40960   finite=1 absmax=8.7597       mean=0.04094      sumsq=54352.02105        argmax=26234
[dump]   top0 idx=26234 val=6.76083
[dump]   top1 idx=30042 val=6.57002
[dump]   top2 idx=5051 val=5.63623
[dump]   top3 idx=18554 val=5.54931
[dump]   top4 idx=28794 val=5.46407
[dump] L46.mid    n=160     finite=1 absmax=0 mean=0 sumsq=0 ids: 25 338 230 297 348 77 31 60 477 239 25 68 384 38 426 227 333 0 247 138 25 38 227 510 246 257 296 343 31 54 25 427 60 508 459 343 301 397 205 147 25 459 3 164 427 318 276 397 296 205 81 25 341 383 230 348 136 283 246 284 25 81 56 230 459 281 14 343 296 348 25 56 60 81 167 163 230 437 458 510 25 56 81 227 294 491 54 269 348 119 25 337 231 119 56 123 269 491 438 191 25 56 60 63 377 491 456 497 257 215 25 56 60 348 230 419 343 497 81 6 25 56 348 60 343 81 67 389 215 297 25 98 474 56 60 497 264 430 491 297 25 298 56 494 463 180 81 16 60 275 25 56 60 343 348 81 500 296 497 67
[dump] L46.moe    n=40960   finite=1 absmax=0.31377      mean=-0.00022712  sumsq=105.918088         argmax=26551
[dump]   top0 idx=26551 val=0.31377
[dump]   top1 idx=16387 val=0.27719
[dump]   top2 idx=1027 val=0.26484
[dump]   top3 idx=7257 val=0.25901
[dump]   top4 idx=17550 val=0.24547
[dump] L46.res    n=327680  finite=1 absmax=28.533       mean=0.020827     sumsq=255584.6037        argmax=165667
[dump]   top0 idx=165667 val=25.28975
[dump]   top1 idx=163978 val=16.15971
[dump]   top2 idx=196747 val=16.01901
[dump]   top3 idx=176454 val=14.05961
[dump]   top4 idx=268427 val=13.37294
[dump] L47.att    n=40960   finite=1 absmax=2.9395       mean=-0.0035887   sumsq=971.7432224        argmax=2314
[dump]   top0 idx=2314 val=2.93949
[dump]   top1 idx=722 val=1.89925
[dump]   top2 idx=579 val=1.44006
[dump]   top3 idx=1027 val=1.42590
[dump]   top4 idx=1202 val=1.35057
[dump] L47.fmix   n=2560    finite=1 absmax=6.0506       mean=0.0075611    sumsq=3313.845006        argmax=122
[dump]   top0 idx=122 val=4.92662
[dump]   top1 idx=1795 val=4.76880
[dump]   top2 idx=1429 val=4.43801
[dump]   top3 idx=1101 val=3.70161
[dump]   top4 idx=2396 val=3.58656
[dump] L47.mid    n=10      finite=1 absmax=0 mean=0 sumsq=0 ids: 352 186 95 417 422 444 179 103 70 340
[dump] L47.moe    n=2560    finite=1 absmax=0.60828      mean=-0.00095706  sumsq=19.5115738         argmax=951
[dump]   top0 idx=951 val=0.58147
[dump]   top1 idx=617 val=0.44760
[dump]   top2 idx=2213 val=0.41423
[dump]   top3 idx=192 val=0.38536
[dump]   top4 idx=92 val=0.33664
[dump] L47.res    n=20480   finite=1 absmax=67.459       mean=-0.011827    sumsq=171201.8724        argmax=20133
[dump]   top0 idx=20133 val=32.25233
[dump]   top1 idx=15242 val=31.05953
[dump]   top2 idx=15762 val=25.42074
[dump]   top3 idx=17573 val=23.38038
[dump]   top4 idx=15013 val=23.23442
[dump] L00.att    n=40960   finite=1 absmax=1.0866       mean=0.00022953   sumsq=449.7347614        argmax=2565
[dump]   top0 idx=2565 val=1.08664
[dump]   top1 idx=5 val=1.00970
[dump]   top2 idx=12805 val=0.94685
[dump]   top3 idx=5125 val=0.92478
[dump]   top4 idx=7685 val=0.91633
[dump] L00.fmix   n=40960   finite=1 absmax=2.7863       mean=0.0034925    sumsq=7318.77945         argmax=231
[dump]   top0 idx=231 val=2.36255
[dump]   top1 idx=268 val=2.32700
[dump]   top2 idx=22265 val=2.27917
[dump]   top3 idx=34347 val=2.24170
[dump]   top4 idx=37661 val=2.07894
[dump] L00.mid    n=160     finite=1 absmax=0 mean=0 sumsq=0 ids: 215 372 109 371 90 453 220 28 396 205 459 95 348 432 352 403 394 327 237 43 24 164 270 350 368 418 54 317 459 501 173 15 386 492 253 68 503 291 37 222 479 10 175 322 501 66 376 64 7 350 128 465 108 496 494 206 442 74 504 94 118 481 174 89 253 2 113 197 147 138 232 99 39 291 132 187 346 24 53 27 468 174 367 377 15 500 505 339 399 37 138 147 367 174 15 37 432 119 500 399 226 9 270 425 290 176 247 136 102 198 507 30 462 226 24 221 8 368 54 441 49 221 73 129 11 113 382 117 106 237 226 40 490 146 344 488 483 122 374 397 56 226 288 135 201 96 124 405 34 310 226 487 469 490 146 51 355 365 344 284
[dump] L00.moe    n=40960   finite=1 absmax=0.35476      mean=0.00043193   sumsq=37.30712243        argmax=1682
[dump]   top0 idx=1682 val=0.35476
[dump]   top1 idx=579 val=0.29842
[dump]   top2 idx=5 val=0.28178
[dump]   top3 idx=1500 val=0.27366
[dump]   top4 idx=23768 val=0.24801
[dump] L00.res    n=163840  finite=1 absmax=0.37763      mean=0.00038182   sumsq=75.25109152        argmax=46085
[dump]   top0 idx=46085 val=0.37763
[dump]   top1 idx=15365 val=0.32708
[dump]   top2 idx=76805 val=0.32478
[dump]   top3 idx=56325 val=0.31184
[dump]   top4 idx=138245 val=0.29906
[dump] L01.att    n=40960   finite=1 absmax=1.309        mean=-0.0039659   sumsq=774.8562834        argmax=14273
[dump]   top0 idx=14273 val=1.30900
[dump]   top1 idx=11713 val=1.15927
[dump]   top2 idx=6593 val=1.15191
[dump]   top3 idx=28491 val=1.12951
[dump]   top4 idx=5451 val=1.11806
[dump] L01.fmix   n=40960   finite=1 absmax=3.3254       mean=0.00018787   sumsq=6641.800807        argmax=4046
[dump]   top0 idx=4046 val=3.32542
[dump]   top1 idx=33285 val=2.60666
[dump]   top2 idx=25605 val=2.55110
[dump]   top3 idx=17925 val=2.52035
[dump]   top4 idx=35845 val=2.36411
[dump] L01.mid    n=160     finite=1 absmax=0 mean=0 sumsq=0 ids: 19 320 157 131 165 225 345 205 446 186 131 10 128 348 486 500 103 19 303 196 168 210 381 441 458 81 289 207 27 445 86 91 500 341 19 447 67 41 425 348 326 429 499 441 458 233 319 296 313 81 282 5 382 500 101 443 349 177 307 425 151 54 253 473 41 282 425 117 139 140 372 103 431 64 1 196 409 348 345 286 496 21 372 371 431 500 409 314 44 1 496 122 44 371 20 163 41 169 54 78 149 377 496 98 500 81 86 289 425 507 81 168 458 54 139 507 377 169 121 98 500 118 377 81 323 54 289 425 98 131 500 140 149 127 205 67 249 412 289 425 149 500 205 280 19 26 265 87 306 412 330 385 285 323 459 311 495 450 369 22
[dump] L01.moe    n=40960   finite=1 absmax=0.22226      mean=0.00012883   sumsq=2.859981689        argmax=1832
[dump]   top0 idx=1832 val=0.06782
[dump]   top1 idx=2010 val=0.05540
[dump]   top2 idx=1531 val=0.05507
[dump]   top3 idx=855 val=0.05451
[dump]   top4 idx=26455 val=0.05410
[dump] L01.res    n=327680  finite=1 absmax=30.067       mean=0.012318     sumsq=251639.3119        argmax=182615
[dump]   top0 idx=182615 val=16.86781
[dump]   top1 idx=271365 val=15.43888
[dump]   top2 idx=209925 val=15.36530
[dump]   top3 idx=240645 val=15.32231
[dump]   top4 idx=168965 val=15.19514
[dump] L02.att    n=40960   finite=1 absmax=3.0882       mean=0.0049858    sumsq=524.4505205        argmax=2010
[dump]   top0 idx=2010 val=1.25582
[dump]   top1 idx=403 val=0.80978
[dump]   top2 idx=2293 val=0.75753
[dump]   top3 idx=348 val=0.70048
[dump]   top4 idx=913 val=0.68048
[dump] L02.fmix   n=40960   finite=1 absmax=5.2914       mean=0.010458     sumsq=6600.393363        argmax=12655
[dump]   top0 idx=12655 val=2.07445
[dump]   top1 idx=24008 val=1.87715
[dump]   top2 idx=15072 val=1.85464
[dump]   top3 idx=7392 val=1.82036
[dump]   top4 idx=4046 val=1.78313
[dump] L02.mid    n=160     finite=1 absmax=0 mean=0 sumsq=0 ids: 75 12 209 68 137 403 257 272 87 255 75 42 169 139 22 479 356 192 61 376 75 141 42 169 13 61 355 356 430 102 75 259 427 32 440 61 466 371 12 356 410 433 355 124 252 407 75 133 76 341 32 103 123 75 9 22 285 259 426 69 70 124 75 165 402 355 133 191 356 52 22 75 69 170 145 35 430 61 356 180 230 22 75 480 260 356 102 285 61 506 75 230 22 356 152 61 285 260 431 480 75 61 185 431 459 482 385 22 52 319 430 75 385 52 421 13 316 88 388 275 75 70 385 72 503 205 376 382 16 133 75 275 187 61 32 13 272 12 420 31 75 507 399 225 129 275 272 161 495 61 265 397 309 352 167 275 406 165 75 173
[dump] L02.moe    n=40960   finite=1 absmax=0.10461      mean=0.00031603   sumsq=3.199852293        argmax=23308
[dump]   top0 idx=23308 val=0.10461
[dump]   top1 idx=20748 val=0.09189
[dump]   top2 idx=3288 val=0.09056
[dump]   top3 idx=5388 val=0.08286
[dump]   top4 idx=951 val=0.08256
[dump] L02.res    n=327680  finite=1 absmax=22.688       mean=0.014559     sumsq=123509.6405        argmax=168965
[dump]   top0 idx=168965 val=18.07111
[dump]   top1 idx=240645 val=17.12523
[dump]   top2 idx=271365 val=17.01322
[dump]   top3 idx=230405 val=16.57428
[dump]   top4 idx=209925 val=16.43214
[dump] L03.att    n=40960   finite=1 absmax=0.91906      mean=-0.0026528   sumsq=293.2921947        argmax=522
[dump]   top0 idx=522 val=0.77064
[dump]   top1 idx=1832 val=0.64989
[dump]   top2 idx=667 val=0.56205
[dump]   top3 idx=983 val=0.55267
[dump]   top4 idx=1578 val=0.55263
[dump] L03.fmix   n=40960   finite=1 absmax=3.3536       mean=0.016425     sumsq=12570.35719        argmax=4046
[dump]   top0 idx=4046 val=3.19385
[dump]   top1 idx=10968 val=3.14993
[dump]   top2 idx=33997 val=2.98993
[dump]   top3 idx=3288 val=2.91259
[dump]   top4 idx=8408 val=2.67237
[dump] L03.mid    n=160     finite=1 absmax=0 mean=0 sumsq=0 ids: 243 143 190 405 470 223 205 253 371 231 476 47 405 231 228 343 441 473 243 277 343 112 47 71 146 21 405 486 231 470 231 190 441 228 418 146 470 504 101 484 146 299 419 406 451 254 484 169 228 27 441 443 418 190 156 494 231 347 228 149 296 146 396 193 189 21 307 467 419 77 17 296 193 189 32 231 190 485 295 200 365 190 396 296 295 271 200 307 509 449 189 296 190 307 101 149 365 295 480 418 74 418 231 190 104 365 228 257 449 152 74 71 257 81 112 190 91 365 262 101 74 257 190 277 365 101 146 224 83 343 441 504 194 315 190 101 231 206 318 418 364 315 86 185 104 101 194 441 31 184 467 396 101 218 472 271 441 365 102 104
[dump] L03.moe    n=40960   finite=1 absmax=0.054375     mean=6.2612e-05   sumsq=3.684827863        argmax=22718
[dump]   top0 idx=22718 val=0.04621
[dump]   top1 idx=29614 val=0.04612
[dump]   top2 idx=28855 val=0.04411
[dump]   top3 idx=11687 val=0.03960
[dump]   top4 idx=29681 val=0.03944
[dump] L03.res    n=327680  finite=1 absmax=31.206       mean=0.01912      sumsq=259534.1606        argmax=168965
[dump]   top0 idx=168965 val=19.37314
[dump]   top1 idx=240645 val=18.32444
[dump]   top2 idx=271365 val=18.19684
[dump]   top3 idx=230405 val=17.79812
[dump]   top4 idx=209925 val=17.58557
[dump] L04.att    n=40960   finite=1 absmax=0.64974      mean=-0.0014987   sumsq=208.251436         argmax=29813
[dump]   top0 idx=29813 val=0.64974
[dump]   top1 idx=9333 val=0.50615
[dump]   top2 idx=32373 val=0.50032
[dump]   top3 idx=34933 val=0.47653
[dump]   top4 idx=10871 val=0.46011
[dump] L04.fmix   n=40960   finite=1 absmax=3.2754       mean=0.014737     sumsq=14263.84377        argmax=4046
[dump]   top0 idx=4046 val=3.27540
[dump]   top1 idx=22230 val=2.97794
[dump]   top2 idx=22265 val=2.86999
[dump]   top3 idx=22766 val=2.74879
[dump]   top4 idx=22718 val=2.73696
[dump] L04.mid    n=160     finite=1 absmax=0 mean=0 sumsq=0 ids: 3 309 119 392 252 307 486 106 41 453 309 385 274 453 402 410 252 277 123 62 309 505 385 41 293 479 414 251 299 36 309 410 421 414 252 204 496 500 453 454 204 36 309 378 414 333 72 366 159 379 153 41 274 410 207 491 259 204 106 36 455 479 36 16 303 321 413 204 174 91 41 21 309 134 282 453 410 106 312 500 504 21 177 134 41 282 351 150 221 309 256 309 504 491 221 293 500 21 436 453 453 293 436 309 410 299 500 375 445 69 425 309 204 252 36 483 476 41 12 504 500 309 150 345 282 136 453 410 323 174 106 309 274 453 41 410 186 252 259 496 395 468 391 309 306 192 274 324 106 89 177 309 186 172 244 467 80 89 100 193
[dump] L04.moe    n=40960   finite=1 absmax=0.094732     mean=0.00010828   sumsq=7.229381956        argmax=13437
[dump]   top0 idx=13437 val=0.09012
[dump]   top1 idx=14936 val=0.08976
[dump]   top2 idx=13941 val=0.08629
[dump]   top3 idx=13197 val=0.08157
[dump]   top4 idx=14939 val=0.07675
[dump] L04.res    n=327680  finite=1 absmax=34.596       mean=0.013451     sumsq=251657.4249        argmax=285813
[dump]   top0 idx=285813 val=34.59645
[dump]   top1 idx=296053 val=24.03661
[dump]   top2 idx=203893 val=22.09234
[dump]   top3 idx=306293 val=21.37680
[dump]   top4 idx=255093 val=19.74739
[dump] L05.att    n=40960   finite=1 absmax=7.0958       mean=-0.0013881   sumsq=328.5413494        argmax=1500
[dump]   top0 idx=1500 val=1.98728
[dump]   top1 idx=788 val=0.90195
[dump]   top2 idx=5751 val=0.78616
[dump]   top3 idx=2121 val=0.78230
[dump]   top4 idx=1787 val=0.69985
[dump] L05.fmix   n=40960   finite=1 absmax=2.656        mean=0.0089932    sumsq=10627.25495        argmax=10596
[dump]   top0 idx=10596 val=2.65596
[dump]   top1 idx=1009 val=2.55169
[dump]   top2 idx=11241 val=2.52387
[dump]   top3 idx=21685 val=2.45775
[dump]   top4 idx=37045 val=2.42469
[dump] L05.mid    n=160     finite=1 absmax=0 mean=0 sumsq=0 ids: 392 42 56 353 386 291 236 175 228 98 104 505 439 274 216 268 81 220 402 420 497 269 400 136 126 274 347 380 130 422 395 140 118 216 169 236 417 400 200 224 497 200 269 227 365 77 323 440 338 400 310 142 228 468 140 1 236 124 98 436 269 418 36 210 360 400 18 67 77 38 314 291 102 390 239 124 364 2 224 14 390 452 280 102 449 291 191 120 140 169 140 452 291 169 102 420 328 390 344 38 328 192 177 344 505 418 429 302 314 291 291 314 38 177 344 269 136 216 440 239 104 38 291 216 177 344 402 418 134 395 288 140 104 236 446 344 14 142 326 291 53 344 116 133 298 288 2 177 291 114 418 17 18 177 344 404 269 61 451 453
[dump] L05.moe    n=40960   finite=1 absmax=0.093127     mean=0.00058679   sumsq=3.785582313        argmax=3139
[dump]   top0 idx=3139 val=0.04769
[dump]   top1 idx=7573 val=0.04478
[dump]   top2 idx=34165 val=0.04476
[dump]   top3 idx=524 val=0.04385
[dump]   top4 idx=24581 val=0.04328
[dump] L05.res    n=327680  finite=1 absmax=55.537       mean=0.01686      sumsq=213722.7335        argmax=168965
[dump]   top0 idx=168965 val=18.62374
[dump]   top1 idx=240645 val=17.36633
[dump]   top2 idx=271365 val=17.36467
[dump]   top3 idx=230405 val=17.07180
[dump]   top4 idx=209925 val=16.64771
[dump] L06.att    n=40960   finite=1 absmax=1.5834       mean=-0.0023815   sumsq=1053.775087        argmax=3042
[dump]   top0 idx=3042 val=1.58338
[dump]   top1 idx=5602 val=1.46255
[dump]   top2 idx=8162 val=1.32096
[dump]   top3 idx=10722 val=1.31198
[dump]   top4 idx=8631 val=1.30303
[dump] L06.fmix   n=40960   finite=1 absmax=3.5119       mean=0.016115     sumsq=13938.0348         argmax=11241
[dump]   top0 idx=11241 val=3.12067
[dump]   top1 idx=11585 val=2.62844
[dump]   top2 idx=17377 val=2.61947
[dump]   top3 idx=35985 val=2.60179
[dump]   top4 idx=10936 val=2.57321
[dump] L06.mid    n=160     finite=1 absmax=0 mean=0 sumsq=0 ids: 223 33 283 394 379 40 439 159 256 152 394 40 67 439 94 474 409 329 346 172 89 71 380 244 367 206 55 43 202 387 197 244 352 398 59 267 43 433 305 149 278 212 486 503 89 423 197 82 300 45 97 152 67 191 227 144 295 91 398 503 502 348 323 314 273 107 315 312 450 2 295 408 172 496 227 304 503 184 333 461 295 210 290 77 209 387 411 464 54 191 295 503 299 39 77 431 95 411 290 282 95 282 245 477 475 163 71 431 485 141 69 440 245 477 91 295 467 89 107 256 413 492 123 270 75 503 40 486 261 494 152 326 127 159 375 123 278 69 133 390 63 307 275 488 173 157 352 78 130 356 212 341 353 85 278 337 486 275 300 393
[dump] L06.moe    n=40960   finite=1 absmax=0.081951     mean=0.00012791   sumsq=7.048950537        argmax=33173
[dump]   top0 idx=33173 val=0.08195
[dump]   top1 idx=39402 val=0.06591
[dump]   top2 idx=7546 val=0.06476
[dump]   top3 idx=39934 val=0.06454
[dump]   top4 idx=39261 val=0.06341
[dump] L06.res    n=327680  finite=1 absmax=57.698       mean=0.0093633    sumsq=125868.7724        argmax=168965
[dump]   top0 idx=168965 val=16.68696
[dump]   top1 idx=271365 val=15.52593
[dump]   top2 idx=240645 val=15.49334
[dump]   top3 idx=230405 val=15.15838
[dump]   top4 idx=209925 val=14.83909
[dump] L07.att    n=40960   finite=1 absmax=2.4507       mean=0.0017421    sumsq=708.3579557        argmax=951
[dump]   top0 idx=951 val=2.45072
[dump]   top1 idx=1736 val=1.79691
[dump]   top2 idx=1134 val=1.68544
[dump]   top3 idx=1795 val=1.61694
[dump]   top4 idx=47 val=1.38509
[dump] L07.fmix   n=40960   finite=1 absmax=2.837        mean=0.018676     sumsq=11507.66252        argmax=32106
[dump]   top0 idx=32106 val=2.29217
[dump]   top1 idx=11241 val=2.24143
[dump]   top2 idx=11675 val=2.23110
[dump]   top3 idx=10871 val=2.15786
[dump]   top4 idx=17974 val=2.12863
[dump] L07.mid    n=160     finite=1 absmax=0 mean=0 sumsq=0 ids: 165 351 159 346 432 455 242 8 163 303 159 367 486 194 346 351 366 325 50 498 256 456 340 369 486 265 50 403 203 502 486 301 504 156 445 242 303 179 340 472 203 83 393 71 149 504 146 293 194 358 242 165 84 287 60 451 445 22 303 169 502 486 50 194 69 309 403 237 198 297 411 296 159 358 227 256 223 340 304 498 70 411 152 403 294 359 462 368 188 169 70 403 411 194 294 142 152 252 368 359 41 369 194 8 411 498 486 456 87 338 358 455 87 464 194 203 411 363 50 456 50 511 87 82 369 281 403 194 486 69 358 445 87 509 50 252 471 159 242 498 365 77 194 196 405 117 279 328 8 5 418 400 502 3 501 124 198 313 511 48
[dump] L07.moe    n=40960   finite=1 absmax=0.091041     mean=0.00026584   sumsq=4.92871682         argmax=30613
[dump]   top0 idx=30613 val=0.07817
[dump]   top1 idx=17813 val=0.07323
[dump]   top2 idx=13324 val=0.06258
[dump]   top3 idx=29365 val=0.05528
[dump]   top4 idx=18569 val=0.05471
[dump] L07.res    n=327680  finite=1 absmax=37.96        mean=0.024386     sumsq=271504.8109        argmax=232417
[dump]   top0 idx=232417 val=19.88250
[dump]   top1 idx=258972 val=10.87006
[dump]   top2 idx=321378 val=10.56246
[dump]   top3 idx=235413 val=10.39347
[dump]   top4 idx=284791 val=10.27753
[dump] L08.att    n=40960   finite=1 absmax=0.19354      mean=0.00090455   sumsq=30.33671779        argmax=38756
[dump]   top0 idx=38756 val=0.19354
[dump]   top1 idx=16565 val=0.16600
[dump]   top2 idx=39605 val=0.15989
[dump]   top3 idx=40195 val=0.14744
[dump]   top4 idx=37045 val=0.14416
[dump] L08.fmix   n=40960   finite=1 absmax=4.8824       mean=0.024052     sumsq=11118.26627        argmax=1500
[dump]   top0 idx=1500 val=4.88235
[dump]   top1 idx=4046 val=3.22661
[dump]   top2 idx=28791 val=3.16947
[dump]   top3 idx=10871 val=2.79543
[dump]   top4 idx=15991 val=2.72435
[dump] L08.mid    n=160     finite=1 absmax=0 mean=0 sumsq=0 ids: 308 456 387 175 181 439 263 370 219 46 219 263 462 183 231 387 121 308 175 81 134 263 74 99 212 371 436 308 364 462 263 360 342 308 99 175 46 11 387 62 263 157 128 217 342 134 74 360 83 22 175 263 308 206 360 46 439 387 473 394 134 263 387 99 74 157 360 114 183 277 387 134 263 46 1 204 261 360 223 175 360 252 263 313 66 295 163 367 46 1 263 360 46 308 354 370 175 27 387 105 263 360 181 308 370 46 175 105 164 264 134 263 181 183 387 66 462 360 218 308 263 183 360 462 218 308 114 354 46 99 263 181 134 183 462 360 392 175 308 206 263 181 360 387 462 102 46 308 392 183 317 465 192 263 436 102 196 462 17 299
[dump] L08.moe    n=40960   finite=1 absmax=0.10862      mean=-0.00010508  sumsq=5.938975739        argmax=1500
[dump]   top0 idx=1500 val=0.08902
[dump]   top1 idx=32897 val=0.07591
[dump]   top2 idx=32045 val=0.07301
[dump]   top3 idx=30 val=0.07252
[dump]   top4 idx=32409 val=0.06887
[dump] L08.res    n=327680  finite=1 absmax=42.059       mean=0.016275     sumsq=182751.8721        argmax=165340
[dump]   top0 idx=165340 val=13.77315
[dump]   top1 idx=261848 val=12.73393
[dump]   top2 idx=231128 val=12.30323
[dump]   top3 idx=272088 val=12.21353
[dump]   top4 idx=323288 val=11.97390
[dump] L09.att    n=40960   finite=1 absmax=0.67595      mean=0.00025465   sumsq=164.6530025        argmax=9166
[dump]   top0 idx=9166 val=0.67595
[dump]   top1 idx=3511 val=0.37701
[dump]   top2 idx=11191 val=0.34267
[dump]   top3 idx=23753 val=0.29146
[dump]   top4 idx=9362 val=0.28343
[dump] L09.fmix   n=40960   finite=1 absmax=4.0029       mean=0.024475     sumsq=11806.29142        argmax=1500
[dump]   top0 idx=1500 val=4.00290
[dump]   top1 idx=4046 val=2.76128
[dump]   top2 idx=11241 val=2.43161
[dump]   top3 idx=681 val=2.28341
[dump]   top4 idx=30613 val=2.21476
[dump] L09.mid    n=160     finite=1 absmax=0 mean=0 sumsq=0 ids: 218 369 68 368 430 96 376 209 142 229 292 425 40 430 17 396 321 369 218 113 113 382 425 266 428 317 40 402 205 321 425 321 444 218 68 430 477 209 376 205 371 425 276 382 115 201 417 91 321 336 425 238 376 218 427 371 292 230 361 142 427 148 425 18 374 371 382 428 430 369 459 427 430 218 211 456 209 491 170 11 10 90 459 426 456 55 427 479 14 11 459 370 20 377 73 264 141 218 90 430 377 70 409 218 205 427 382 321 506 154 430 264 374 153 321 369 370 218 230 456 370 264 430 321 276 374 153 218 488 230 264 478 292 370 427 430 376 230 276 218 264 478 427 230 376 370 68 71 378 374 18 468 339 237 146 399 230 148 15 138
[dump] L09.moe    n=40960   finite=1 absmax=0.059079     mean=1.4756e-05   sumsq=3.999023332        argmax=36471
[dump]   top0 idx=36471 val=0.05908
[dump]   top1 idx=38650 val=0.04695
[dump]   top2 idx=28055 val=0.04584
[dump]   top3 idx=21725 val=0.04361
[dump]   top4 idx=29027 val=0.04251
[dump] L09.res    n=327680  finite=1 absmax=32.766       mean=0.016264     sumsq=203501.9257        argmax=261848
[dump]   top0 idx=261848 val=15.53343
[dump]   top1 idx=231128 val=15.00568
[dump]   top2 idx=272088 val=14.89887
[dump]   top3 idx=165340 val=14.70785
[dump]   top4 idx=323288 val=14.60614
[dump] L10.att    n=40960   finite=1 absmax=1.0095       mean=-0.0005564   sumsq=297.3258432        argmax=9166
[dump]   top0 idx=9166 val=1.00950
[dump]   top1 idx=26593 val=0.62551
[dump]   top2 idx=5848 val=0.52351
[dump]   top3 idx=8973 val=0.51586
[dump]   top4 idx=18871 val=0.50782
[dump] L10.fmix   n=40960   finite=1 absmax=2.8528       mean=0.015345     sumsq=9943.025077        argmax=4046
[dump]   top0 idx=4046 val=2.48888
[dump]   top1 idx=15991 val=2.43765
[dump]   top2 idx=10936 val=2.42897
[dump]   top3 idx=10871 val=2.42806
[dump]   top4 idx=17813 val=2.17370
[dump] L10.mid    n=160     finite=1 absmax=0 mean=0 sumsq=0 ids: 461 325 107 264 164 508 495 278 355 322 264 461 278 325 417 341 58 164 355 296 461 278 17 230 325 187 264 40 121 319 264 461 278 341 58 508 417 379 70 230 187 373 25 167 288 461 87 264 433 500 461 508 373 97 379 433 264 278 355 164 461 230 464 97 373 278 70 417 508 355 461 97 455 373 508 28 379 319 177 164 461 398 143 509 501 97 508 423 321 271 461 423 508 97 501 417 373 379 18 58 461 97 17 373 423 58 508 343 379 33 97 355 373 461 278 17 69 417 464 40 18 278 97 461 355 69 387 508 336 40 355 461 495 97 69 387 404 341 278 379 97 461 355 373 417 88 322 500 247 416 373 459 103 302 97 322 356 500 164 416
[dump] L10.moe    n=40960   finite=1 absmax=0.31698      mean=-9.5511e-05  sumsq=4.070736711        argmax=21
[dump]   top0 idx=21 val=0.08801
[dump]   top1 idx=1912 val=0.08341
[dump]   top2 idx=579 val=0.06381
[dump]   top3 idx=1500 val=0.06266
[dump]   top4 idx=788 val=0.05852
[dump] L10.res    n=327680  finite=1 absmax=56.74        mean=0.01159      sumsq=111611.7882        argmax=168965
[dump]   top0 idx=168965 val=11.64377
[dump]   top1 idx=165340 val=11.19047
[dump]   top2 idx=240645 val=10.84217
[dump]   top3 idx=271365 val=10.82899
[dump]   top4 idx=261848 val=10.77261
[dump] L11.att    n=40960   finite=1 absmax=2.7989       mean=0.00016584   sumsq=559.4721487        argmax=2311
[dump]   top0 idx=2311 val=2.79891
[dump]   top1 idx=47 val=2.36012
[dump]   top2 idx=1795 val=1.75480
[dump]   top3 idx=2307 val=1.59748
[dump]   top4 idx=86 val=1.42347
[dump] L11.fmix   n=40960   finite=1 absmax=2.6839       mean=0.016493     sumsq=9657.297922        argmax=4046
[dump]   top0 idx=4046 val=2.68394
[dump]   top1 idx=17813 val=2.47859
[dump]   top2 idx=33911 val=2.31721
[dump]   top3 idx=30613 val=2.22674
[dump]   top4 idx=4060 val=2.02676
[dump] L11.mid    n=160     finite=1 absmax=0 mean=0 sumsq=0 ids: 130 163 104 393 430 108 268 424 361 417 418 350 163 261 273 240 30 477 108 397 240 163 323 223 30 268 418 508 211 23 482 108 418 323 350 430 461 163 268 84 285 461 323 174 108 23 418 36 430 211 108 201 323 350 418 508 120 500 461 457 323 108 36 418 482 27 360 211 219 166 323 108 418 120 350 384 7 268 492 430 418 120 323 350 360 430 384 108 35 331 418 108 323 120 350 384 97 164 430 35 418 108 23 430 485 323 508 273 317 350 323 418 508 261 120 98 166 268 273 163 323 418 508 457 108 261 166 273 120 163 323 418 508 166 430 249 273 500 261 371 166 418 430 323 508 249 371 108 151 273 166 418 240 430 323 6 453 249 151 348
[dump] L11.moe    n=40960   finite=1 absmax=0.059829     mean=-5.1878e-05  sumsq=3.468173317        argmax=29177
[dump]   top0 idx=29177 val=0.05464
[dump]   top1 idx=30507 val=0.04724
[dump]   top2 idx=33138 val=0.04671
[dump]   top3 idx=28783 val=0.04584
[dump]   top4 idx=29275 val=0.04544
[dump] L11.res    n=327680  finite=1 absmax=37.316       mean=0.015673     sumsq=210901.1536        argmax=261848
[dump]   top0 idx=261848 val=15.67131
[dump]   top1 idx=231128 val=15.12466
[dump]   top2 idx=272088 val=15.02550
[dump]   top3 idx=165340 val=14.82518
[dump]   top4 idx=292568 val=14.73372
[dump] L12.att    n=40960   finite=1 absmax=0.60557      mean=-0.0014999   sumsq=176.5302742        argmax=2311
[dump]   top0 idx=2311 val=0.60557
[dump]   top1 idx=16353 val=0.56401
[dump]   top2 idx=914 val=0.50782
[dump]   top3 idx=359 val=0.42062
[dump]   top4 idx=34008 val=0.37705
[dump] L12.fmix   n=40960   finite=1 absmax=3.1335       mean=0.014186     sumsq=10084.33765        argmax=36536
[dump]   top0 idx=36536 val=2.41414
[dump]   top1 idx=10171 val=2.34038
[dump]   top2 idx=7573 val=2.32799
[dump]   top3 idx=27994 val=2.19168
[dump]   top4 idx=14588 val=2.12372
[dump] L12.mid    n=160     finite=1 absmax=0 mean=0 sumsq=0 ids: 28 139 433 283 201 386 300 474 421 277 352 139 229 52 421 277 214 101 474 366 141 352 120 18 139 110 136 496 307 1 352 101 52 139 277 81 390 381 150 327 118 352 393 282 101 165 52 433 219 422 52 277 352 219 390 386 421 9 392 150 214 229 52 352 133 504 141 139 43 381 352 52 503 386 130 215 451 393 139 219 352 52 189 43 139 422 381 133 126 229 52 43 139 352 170 366 381 448 421 229 421 352 52 54 161 45 286 422 136 433 421 0 422 368 433 52 81 352 366 21 0 421 366 214 433 133 52 368 352 283 0 421 433 366 21 63 172 368 201 52 421 0 52 433 460 63 275 256 114 368 352 433 275 0 504 282 368 482 52 214
[dump] L12.moe    n=40960   finite=1 absmax=0.052047     mean=2.3062e-05   sumsq=3.316451408        argmax=13467
[dump]   top0 idx=13467 val=0.05205
[dump]   top1 idx=40853 val=0.05000
[dump]   top2 idx=30613 val=0.04768
[dump]   top3 idx=39383 val=0.04658
[dump]   top4 idx=7573 val=0.04591
[dump] L12.res    n=327680  finite=1 absmax=22.353       mean=0.01455      sumsq=212775.6352        argmax=165340
[dump]   top0 idx=165340 val=13.88620
[dump]   top1 idx=261848 val=12.49120
[dump]   top2 idx=231128 val=12.05161
[dump]   top3 idx=272088 val=11.96884
[dump]   top4 idx=292568 val=11.74527
[dump] L13.att    n=40960   finite=1 absmax=0.32238      mean=-0.00089072  sumsq=72.48272514        argmax=39351
[dump]   top0 idx=39351 val=0.32238
[dump]   top1 idx=26551 val=0.26171
[dump]   top2 idx=23991 val=0.26064
[dump]   top3 idx=28888 val=0.24367
[dump]   top4 idx=21431 val=0.24286
[dump] L13.fmix   n=40960   finite=1 absmax=3.0976       mean=0.0044724    sumsq=8956.251577        argmax=7573
[dump]   top0 idx=7573 val=3.09758
[dump]   top1 idx=17813 val=3.05911
[dump]   top2 idx=1500 val=2.97027
[dump]   top3 idx=30613 val=2.86814
[dump]   top4 idx=4046 val=2.59760
[dump] L13.mid    n=160     finite=1 absmax=0 mean=0 sumsq=0 ids: 293 68 466 366 268 219 145 224 67 400 387 273 148 290 91 93 50 468 250 68 290 387 148 394 250 64 330 468 273 36 387 273 148 290 93 91 221 267 354 368 148 290 250 118 508 64 273 394 81 66 387 290 273 148 118 93 468 508 296 338 118 394 290 325 338 148 185 273 508 387 118 273 387 290 265 93 81 325 259 451 290 273 387 504 118 93 16 485 24 346 273 387 118 265 91 290 93 259 389 148 273 290 118 387 148 91 64 259 265 250 259 265 387 273 274 97 91 468 118 290 259 265 438 387 118 468 91 97 290 451 259 468 387 265 97 357 273 93 451 418 259 265 468 387 118 273 91 385 357 399 259 265 338 118 468 290 249 91 387 273
[dump] L13.moe    n=40960   finite=1 absmax=0.15809      mean=0.00013286   sumsq=5.399819297        argmax=1716
[dump]   top0 idx=1716 val=0.09550
[dump]   top1 idx=1301 val=0.08840
[dump]   top2 idx=2035 val=0.07985
[dump]   top3 idx=579 val=0.06885
[dump]   top4 idx=1912 val=0.06880
[dump] L13.res    n=327680  finite=1 absmax=27.091       mean=0.014984     sumsq=236209.2113        argmax=165340
[dump]   top0 idx=165340 val=15.13514
[dump]   top1 idx=323511 val=13.48192
[dump]   top2 idx=262071 val=13.09085
[dump]   top3 idx=261848 val=13.07806
[dump]   top4 idx=231128 val=12.61078
[dump] L14.att    n=40960   finite=1 absmax=2.0705       mean=-0.0010755   sumsq=225.835806         argmax=138
[dump]   top0 idx=138 val=0.79500
[dump]   top1 idx=788 val=0.75681
[dump]   top2 idx=679 val=0.66463
[dump]   top3 idx=2162 val=0.64877
[dump]   top4 idx=1603 val=0.64695
[dump] L14.fmix   n=40960   finite=1 absmax=6.641        mean=0.0075596    sumsq=9944.826047        argmax=1500
[dump]   top0 idx=1500 val=3.66841
[dump]   top1 idx=4046 val=2.94098
[dump]   top2 idx=788 val=2.72594
[dump]   top3 idx=47 val=2.58746
[dump]   top4 idx=11241 val=2.51283
[dump] L14.mid    n=160     finite=1 absmax=0 mean=0 sumsq=0 ids: 398 165 326 266 29 17 151 40 138 339 506 138 165 409 40 14 417 398 326 473 227 40 463 414 372 246 370 459 107 407 165 409 14 473 506 205 417 138 308 326 376 290 280 360 223 5 22 463 385 162 14 409 12 290 398 417 308 506 138 370 339 40 488 9 495 266 136 2 49 108 409 234 14 473 290 506 441 398 12 231 339 40 29 176 266 488 280 495 9 180 180 266 40 495 312 108 492 9 2 280 409 473 498 280 370 506 439 227 14 460 49 40 339 266 282 495 252 136 2 244 40 49 168 244 136 409 108 138 506 500 244 335 506 473 151 100 409 108 398 482 335 244 100 506 482 473 151 409 510 402 244 100 482 40 266 29 407 168 510 67
[dump] L14.moe    n=40960   finite=1 absmax=0.13416      mean=7.5626e-06   sumsq=2.982944179        argmax=1500
[dump]   top0 idx=1500 val=0.13411
[dump]   top1 idx=793 val=0.07458
[dump]   top2 idx=788 val=0.06855
[dump]   top3 idx=1094 val=0.06847
[dump]   top4 idx=2433 val=0.05387
[dump] L14.res    n=327680  finite=1 absmax=33.151       mean=0.010731     sumsq=112634.5197        argmax=261848
[dump]   top0 idx=261848 val=11.76019
[dump]   top1 idx=272088 val=11.67206
[dump]   top2 idx=231128 val=11.66160
[dump]   top3 idx=323288 val=11.37087
[dump]   top4 idx=292568 val=11.29696
[dump] L15.att    n=40960   finite=1 absmax=1.3229       mean=-0.0026377   sumsq=249.166221         argmax=2311
[dump]   top0 idx=2311 val=1.32294
[dump]   top1 idx=892 val=1.02019
[dump]   top2 idx=2307 val=0.68676
[dump]   top3 idx=1795 val=0.55975
[dump]   top4 idx=1947 val=0.50169
[dump] L15.fmix   n=40960   finite=1 absmax=6.8887       mean=0.005609     sumsq=21413.25103        argmax=5848
[dump]   top0 idx=5848 val=6.88875
[dump]   top1 idx=10968 val=5.32287
[dump]   top2 idx=28888 val=5.27165
[dump]   top3 idx=18648 val=5.15398
[dump]   top4 idx=21208 val=5.00454
[dump] L15.mid    n=160     finite=1 absmax=0 mean=0 sumsq=0 ids: 283 174 188 38 342 103 215 330 177 107 494 207 501 199 50 156 39 263 289 318 207 219 453 31 127 263 53 455 23 154 207 61 405 219 399 288 303 426 234 406 207 236 453 116 388 16 405 406 319 326 207 426 32 50 406 192 302 219 399 288 302 207 280 453 388 246 288 179 236 134 134 406 32 219 207 314 426 192 399 281 343 134 119 263 487 426 427 511 204 222 405 343 303 207 426 311 446 134 288 494 228 405 303 343 406 192 53 263 311 408 405 494 174 207 311 204 134 289 50 303 174 303 288 405 423 192 311 50 39 98 174 303 289 207 405 494 192 283 50 288 289 405 174 322 494 156 303 192 177 33 174 303 405 12 423 289 71 156 432 280
[dump] L15.moe    n=40960   finite=1 absmax=0.29284      mean=2.0688e-05   sumsq=8.841730674        argmax=1716
[dump]   top0 idx=1716 val=0.14310
[dump]   top1 idx=138 val=0.11801
[dump]   top2 idx=1736 val=0.08286
[dump]   top3 idx=1984 val=0.08060
[dump]   top4 idx=562 val=0.07897
[dump] L15.res    n=327680  finite=1 absmax=28.894       mean=0.0101       sumsq=269632.9798        argmax=323511
[dump]   top0 idx=323511 val=14.07312
[dump]   top1 idx=170460 val=13.67021
[dump]   top2 idx=262071 val=13.50705
[dump]   top3 idx=272311 val=13.24976
[dump]   top4 idx=313271 val=13.14203
[dump] L16.att    n=40960   finite=1 absmax=0.46348      mean=-0.00056359  sumsq=66.47264413        argmax=5081
[dump]   top0 idx=5081 val=0.33138
[dump]   top1 idx=16311 val=0.29624
[dump]   top2 idx=3553 val=0.29431
[dump]   top3 idx=11374 val=0.28525
[dump]   top4 idx=20527 val=0.26439
[dump] L16.fmix   n=40960   finite=1 absmax=3.8994       mean=0.0024014    sumsq=16702.40464        argmax=1500
[dump]   top0 idx=1500 val=3.89935
[dump]   top1 idx=5848 val=3.23188
[dump]   top2 idx=20158 val=2.96742
[dump]   top3 idx=11241 val=2.95101
[dump]   top4 idx=788 val=2.87499
[dump] L16.mid    n=160     finite=1 absmax=0 mean=0 sumsq=0 ids: 228 487 243 272 132 473 142 259 361 32 228 272 429 243 142 140 447 479 58 487 228 457 319 398 140 124 370 303 447 145 228 272 142 447 140 479 400 26 429 278 188 228 447 104 138 319 303 479 124 270 228 140 272 142 447 278 26 394 205 400 228 303 64 188 447 26 429 319 272 341 400 272 394 228 140 369 26 113 278 75 400 228 140 272 393 282 394 181 26 61 140 272 228 243 142 263 400 278 429 487 272 228 400 236 140 465 243 142 263 309 243 272 228 263 142 58 429 140 487 61 228 243 272 142 140 429 487 263 278 58 243 228 58 263 142 272 278 479 487 489 243 228 58 278 272 263 134 202 480 487 243 228 278 202 272 58 392 352 475 25
[dump] L16.moe    n=40960   finite=1 absmax=0.68942      mean=6.0901e-05   sumsq=11.63998216        argmax=2311
[dump]   top0 idx=2311 val=0.27223
[dump]   top1 idx=2366 val=0.20578
[dump]   top2 idx=472 val=0.18659
[dump]   top3 idx=138 val=0.18627
[dump]   top4 idx=627 val=0.17679
[dump] L16.res    n=327680  finite=1 absmax=37.494       mean=0.010412     sumsq=256076.1544        argmax=235413
[dump]   top0 idx=235413 val=13.52873
[dump]   top1 idx=170460 val=12.98611
[dump]   top2 idx=286613 val=12.07999
[dump]   top3 idx=261848 val=11.20561
[dump]   top4 idx=272088 val=11.14769
[dump] L17.att    n=40960   finite=1 absmax=0.42136      mean=-0.0010453   sumsq=54.67169146        argmax=40384
[dump]   top0 idx=40384 val=0.22020
[dump]   top1 idx=39558 val=0.19116
[dump]   top2 idx=28337 val=0.19108
[dump]   top3 idx=2521 val=0.18998
[dump]   top4 idx=39204 val=0.18870
[dump] L17.fmix   n=40960   finite=1 absmax=3.5419       mean=0.0013539    sumsq=12475.91691        argmax=4046
[dump]   top0 idx=4046 val=3.54185
[dump]   top1 idx=39912 val=2.80371
[dump]   top2 idx=788 val=2.70213
[dump]   top3 idx=32206 val=2.51770
[dump]   top4 idx=39148 val=2.44780
[dump] L17.mid    n=160     finite=1 absmax=0 mean=0 sumsq=0 ids: 486 136 510 84 209 135 330 15 274 243 136 486 471 499 328 305 84 105 469 365 469 127 328 285 26 486 366 303 358 444 136 471 486 328 387 127 469 249 84 3 366 486 444 97 136 333 374 471 18 328 136 84 486 127 471 328 419 386 448 1 328 444 486 136 97 84 471 374 71 469 8 387 136 419 181 328 486 448 471 470 8 470 181 136 404 304 387 328 398 486 470 136 486 471 328 362 374 366 419 127 136 486 84 8 127 328 327 387 471 438 136 471 84 486 419 374 499 498 139 363 471 136 366 486 374 139 362 363 419 499 84 209 363 486 471 136 139 374 366 499 209 84 139 363 499 486 136 422 419 253 139 209 363 471 486 136 345 498 221 274
[dump] L17.moe    n=40960   finite=1 absmax=0.19042      mean=9.2762e-05   sumsq=3.031328625        argmax=1716
[dump]   top0 idx=1716 val=0.08790
[dump]   top1 idx=138 val=0.05680
[dump]   top2 idx=230 val=0.03889
[dump]   top3 idx=38713 val=0.03785
[dump]   top4 idx=192 val=0.03441
[dump] L17.res    n=327680  finite=1 absmax=32.843       mean=0.013026     sumsq=256290.8816        argmax=261848
[dump]   top0 idx=261848 val=15.08134
[dump]   top1 idx=272088 val=15.00398
[dump]   top2 idx=231128 val=14.95966
[dump]   top3 idx=323288 val=14.58669
[dump]   top4 idx=292568 val=14.46455
[dump] L18.att    n=40960   finite=1 absmax=0.40744      mean=-0.00055563  sumsq=85.4916746         argmax=634
[dump]   top0 idx=634 val=0.40744
[dump]   top1 idx=38882 val=0.36846
[dump]   top2 idx=10722 val=0.36701
[dump]   top3 idx=5602 val=0.34311
[dump]   top4 idx=33762 val=0.33141
[dump] L18.fmix   n=40960   finite=1 absmax=3.929        mean=0.0098517    sumsq=11073.45499        argmax=17813
[dump]   top0 idx=17813 val=3.92896
[dump]   top1 idx=1500 val=3.47047
[dump]   top2 idx=7573 val=3.23536
[dump]   top3 idx=30613 val=2.97469
[dump]   top4 idx=10936 val=2.94461
[dump] L18.mid    n=160     finite=1 absmax=0 mean=0 sumsq=0 ids: 449 475 399 87 275 411 35 24 211 264 111 29 264 185 201 459 135 87 325 119 131 157 459 106 506 111 201 366 437 29 264 29 7 201 185 135 101 405 299 211 440 131 29 459 201 190 398 111 299 151 87 264 88 277 29 411 275 297 24 469 131 102 24 111 29 366 7 101 157 459 469 88 131 264 101 185 87 119 29 200 29 5 157 119 469 459 7 353 448 411 29 448 264 102 353 24 7 201 101 5 111 299 29 185 459 201 106 74 238 157 131 24 448 101 111 29 347 264 366 460 111 29 448 24 366 102 201 101 157 131 24 131 29 448 101 201 211 347 353 264 201 448 101 24 150 29 185 123 131 310 207 448 201 29 474 266 116 270 459 247
[dump] L18.moe    n=40960   finite=1 absmax=0.06467      mean=-0.00015736  sumsq=4.731719103        argmax=27086
[dump]   top0 idx=27086 val=0.06467
[dump]   top1 idx=21224 val=0.05261
[dump]   top2 idx=22933 val=0.05068
[dump]   top3 idx=35645 val=0.04996
[dump]   top4 idx=35544 val=0.04908
[dump] L18.res    n=327680  finite=1 absmax=22.782       mean=0.0076032    sumsq=122353.0109        argmax=261848
[dump]   top0 idx=261848 val=12.17580
[dump]   top1 idx=272088 val=12.10723
[dump]   top2 idx=231128 val=12.07703
[dump]   top3 idx=323288 val=11.77577
[dump]   top4 idx=292568 val=11.67753
[dump] L19.att    n=40960   finite=1 absmax=1.6931       mean=0.00063423   sumsq=350.1015826        argmax=892
[dump]   top0 idx=892 val=1.53891
[dump]   top1 idx=1736 val=1.17177
[dump]   top2 idx=2238 val=1.14868
[dump]   top3 idx=2307 val=1.01664
[dump]   top4 idx=1795 val=0.83080
[dump] L19.fmix   n=40960   finite=1 absmax=4.0701       mean=0.0060798    sumsq=14717.46691        argmax=4046
[dump]   top0 idx=4046 val=4.07008
[dump]   top1 idx=12035 val=3.08987
[dump]   top2 idx=6606 val=2.89721
[dump]   top3 idx=3873 val=2.83863
[dump]   top4 idx=32206 val=2.82015
[dump] L19.mid    n=160     finite=1 absmax=0 mean=0 sumsq=0 ids: 406 360 413 162 170 434 31 173 293 377 3 434 377 161 342 472 9 188 453 222 56 259 455 309 222 161 434 70 229 91 3 31 357 377 70 170 222 472 161 342 70 161 259 472 74 381 56 150 434 375 3 368 357 9 74 501 150 8 222 375 472 375 161 34 56 49 364 434 70 3 3 368 397 86 31 472 222 455 103 52 397 291 161 222 472 193 368 3 455 309 375 472 3 291 222 397 9 31 193 434 222 375 170 472 31 357 455 377 161 150 222 472 31 150 375 267 3 121 315 173 375 472 315 3 121 31 222 434 377 173 31 121 490 162 470 173 3 103 377 472 31 173 121 162 472 388 14 377 490 103 31 375 472 121 434 162 315 161 56 173
[dump] L19.moe    n=40960   finite=1 absmax=0.082351     mean=0.00033594   sumsq=6.546377904        argmax=29940
[dump]   top0 idx=29940 val=0.08162
[dump]   top1 idx=29672 val=0.07472
[dump]   top2 idx=29931 val=0.07448
[dump]   top3 idx=28571 val=0.07182
[dump]   top4 idx=30058 val=0.06702
[dump] L19.res    n=327680  finite=1 absmax=38.551       mean=0.014663     sumsq=283440.9856        argmax=323511
[dump]   top0 idx=323511 val=15.91671
[dump]   top1 idx=262071 val=15.29444
[dump]   top2 idx=272311 val=15.01088
[dump]   top3 idx=313271 val=14.82250
[dump]   top4 idx=282551 val=14.57411
[dump] L20.att    n=40960   finite=1 absmax=5.7976       mean=0.00018177   sumsq=438.8876456        argmax=2238
[dump]   top0 idx=2238 val=3.24820
[dump]   top1 idx=403 val=3.01931
[dump]   top2 idx=1500 val=2.59770
[dump]   top3 idx=1827 val=1.77840
[dump]   top4 idx=1132 val=1.47743
[dump] L20.fmix   n=40960   finite=1 absmax=6.3275       mean=0.017359     sumsq=19846.72902        argmax=4046
[dump]   top0 idx=4046 val=6.32752
[dump]   top1 idx=6606 val=4.42581
[dump]   top2 idx=32206 val=4.12067
[dump]   top3 idx=16846 val=3.62174
[dump]   top4 idx=14245 val=3.45339
[dump] L20.mid    n=160     finite=1 absmax=0 mean=0 sumsq=0 ids: 429 363 39 439 407 179 485 307 169 219 387 363 109 76 388 485 439 78 429 269 122 218 494 26 154 158 326 488 216 39 363 40 485 109 110 242 146 134 387 313 146 358 187 109 134 242 40 125 39 96 491 54 306 4 363 485 481 242 219 496 146 243 485 387 134 218 229 369 39 242 491 481 244 387 306 341 485 59 54 44 59 481 491 63 49 137 387 341 127 110 387 485 258 59 330 168 25 233 363 243 387 339 363 109 495 26 485 148 218 255 387 258 168 25 39 485 154 248 442 330 387 25 258 168 330 485 358 442 265 248 387 168 442 179 485 185 258 25 410 307 387 179 442 168 278 18 485 265 26 370 387 262 179 442 25 125 168 258 185 119
[dump] L20.moe    n=40960   finite=1 absmax=0.092066     mean=3.3292e-05   sumsq=8.1465996          argmax=35401
[dump]   top0 idx=35401 val=0.07442
[dump]   top1 idx=32702 val=0.06448
[dump]   top2 idx=29228 val=0.06430
[dump]   top3 idx=31960 val=0.06382
[dump]   top4 idx=30811 val=0.06298
[dump] L20.res    n=327680  finite=1 absmax=45.412       mean=0.022334     sumsq=333160.8765        argmax=170460
[dump]   top0 idx=170460 val=19.22202
[dump]   top1 idx=267881 val=13.66945
[dump]   top2 idx=235413 val=13.49428
[dump]   top3 idx=261848 val=12.66100
[dump]   top4 idx=288361 val=12.60801
[dump] L21.att    n=40960   finite=1 absmax=0.85546      mean=0.00039105   sumsq=33.20933196        argmax=2238
[dump]   top0 idx=2238 val=0.53874
[dump]   top1 idx=30912 val=0.33620
[dump]   top2 idx=33472 val=0.31600
[dump]   top3 idx=16353 val=0.31439
[dump]   top4 idx=2537 val=0.30248
[dump] L21.fmix   n=40960   finite=1 absmax=4.6634       mean=0.033384     sumsq=17848.52422        argmax=4046
[dump]   top0 idx=4046 val=4.57142
[dump]   top1 idx=10871 val=4.18098
[dump]   top2 idx=10936 val=4.04883
[dump]   top3 idx=3873 val=3.74459
[dump]   top4 idx=5751 val=3.63805
[dump] L21.mid    n=160     finite=1 absmax=0 mean=0 sumsq=0 ids: 72 255 379 25 267 297 128 190 507 420 255 379 128 25 306 369 118 426 19 150 128 451 372 64 25 312 306 507 19 254 255 306 379 265 511 278 150 25 128 19 128 48 278 51 25 60 346 484 306 359 25 302 379 131 255 134 297 406 472 142 128 19 25 484 29 278 385 302 346 336 25 480 297 446 51 360 302 19 427 260 118 352 166 25 306 19 85 484 427 57 352 118 57 25 369 19 313 306 166 346 25 255 379 317 128 278 19 118 346 191 369 346 19 25 57 128 313 118 131 507 369 57 19 118 128 346 484 153 25 142 346 313 469 369 420 255 57 131 498 418 346 313 321 420 369 255 418 57 469 118 369 313 346 57 420 321 471 118 469 128
[dump] L21.moe    n=40960   finite=1 absmax=0.079056     mean=0.00017741   sumsq=7.221062421        argmax=24921
[dump]   top0 idx=24921 val=0.07906
[dump]   top1 idx=30592 val=0.06543
[dump]   top2 idx=28558 val=0.06079
[dump]   top3 idx=40723 val=0.06012
[dump]   top4 idx=37212 val=0.05847
[dump] L21.res    n=327680  finite=1 absmax=43.702       mean=0.015369     sumsq=275009.3407        argmax=170460
[dump]   top0 idx=170460 val=19.86214
[dump]   top1 idx=168965 val=19.39982
[dump]   top2 idx=240645 val=19.39630
[dump]   top3 idx=271365 val=19.36744
[dump]   top4 idx=209925 val=18.62214
[dump] L22.att    n=40960   finite=1 absmax=1.942        mean=0.00065178   sumsq=136.7521893        argmax=793
[dump]   top0 idx=793 val=1.94200
[dump]   top1 idx=1500 val=1.34067
[dump]   top2 idx=25868 val=1.04159
[dump]   top3 idx=23308 val=0.94916
[dump]   top4 idx=28428 val=0.92928
[dump] L22.fmix   n=40960   finite=1 absmax=4.9584       mean=0.031557     sumsq=16213.58376        argmax=10936
[dump]   top0 idx=10936 val=4.49655
[dump]   top1 idx=36536 val=4.42394
[dump]   top2 idx=12655 val=4.15227
[dump]   top3 idx=10871 val=3.49336
[dump]   top4 idx=17813 val=3.37533
[dump] L22.mid    n=160     finite=1 absmax=0 mean=0 sumsq=0 ids: 317 309 283 32 456 206 205 57 446 287 305 376 188 402 164 279 425 51 484 50 188 460 488 13 396 318 187 265 232 50 464 51 352 384 488 145 425 396 460 244 460 13 244 306 183 384 396 482 193 32 235 341 309 206 205 347 462 104 425 393 454 460 488 396 7 487 27 50 117 244 241 291 106 124 425 83 388 360 365 375 504 50 425 400 365 83 265 388 488 486 504 460 50 279 454 400 301 438 487 488 87 153 117 55 173 71 329 89 452 182 460 117 244 331 483 116 239 164 438 50 483 117 188 51 164 438 454 13 113 116 173 287 483 355 412 457 143 262 301 170 370 168 459 429 323 254 262 137 173 320 286 260 354 483 209 25 173 44 14 94
[dump] L22.moe    n=40960   finite=1 absmax=0.11594      mean=6.3542e-06   sumsq=6.299251063        argmax=26320
[dump]   top0 idx=26320 val=0.11160
[dump]   top1 idx=27937 val=0.10039
[dump]   top2 idx=26399 val=0.08445
[dump]   top3 idx=26441 val=0.06344
[dump]   top4 idx=28880 val=0.06302
[dump] L22.res    n=327680  finite=1 absmax=26.826       mean=0.01234      sumsq=177864.9824        argmax=169753
[dump]   top0 idx=169753 val=26.82582
[dump]   top1 idx=170460 val=22.69347
[dump]   top2 idx=189445 val=13.69107
[dump]   top3 idx=240645 val=13.52509
[dump]   top4 idx=322565 val=13.38792
[dump] L23.att    n=40960   finite=1 absmax=0.67986      mean=0.0036644    sumsq=299.9976819        argmax=21537
[dump]   top0 idx=21537 val=0.58349
[dump]   top1 idx=28719 val=0.56035
[dump]   top2 idx=36399 val=0.54878
[dump]   top3 idx=12104 val=0.53246
[dump]   top4 idx=36103 val=0.51869
[dump] L23.fmix   n=40960   finite=1 absmax=5.7201       mean=0.02111      sumsq=24537.32614        argmax=8681
[dump]   top0 idx=8681 val=5.72010
[dump]   top1 idx=25380 val=3.87322
[dump]   top2 idx=21886 val=3.70393
[dump]   top3 idx=1500 val=3.62247
[dump]   top4 idx=11929 val=3.60014
[dump] L23.mid    n=160     finite=1 absmax=0 mean=0 sumsq=0 ids: 356 285 389 299 430 244 334 494 42 457 356 42 285 506 199 99 299 354 45 355 356 506 45 99 385 48 355 459 161 439 356 307 99 42 355 264 161 349 306 376 356 99 367 342 109 53 500 61 506 128 356 372 480 336 314 82 367 45 36 494 99 104 228 53 297 109 219 50 356 349 356 480 375 314 367 45 372 161 21 320 356 128 21 375 480 320 355 171 243 469 356 406 128 480 219 273 375 355 477 243 356 128 477 442 161 21 297 506 320 199 356 318 215 128 61 353 110 297 334 477 356 128 32 353 89 110 53 477 186 77 356 128 127 233 480 110 334 492 477 56 356 128 233 425 110 127 354 451 334 60 356 233 109 128 166 340 12 41 180 411
[dump] L23.moe    n=40960   finite=1 absmax=0.087366     mean=-3.3513e-05  sumsq=12.76108255        argmax=23898
[dump]   top0 idx=23898 val=0.08648
[dump]   top1 idx=3023 val=0.08292
[dump]   top2 idx=4286 val=0.07626
[dump]   top3 idx=2949 val=0.07545
[dump]   top4 idx=5037 val=0.07477
[dump] L23.res    n=327680  finite=1 absmax=23.485       mean=0.023427     sumsq=273878.6643        argmax=232417
[dump]   top0 idx=232417 val=20.04154
[dump]   top1 idx=169753 val=16.28049
[dump]   top2 idx=170460 val=15.08015
[dump]   top3 idx=252085 val=12.35082
[dump]   top4 idx=235413 val=12.18596
[dump] L24.att    n=40960   finite=1 absmax=0.20552      mean=-3.7375e-05  sumsq=26.82753179        argmax=21685
[dump]   top0 idx=21685 val=0.20552
[dump]   top1 idx=11445 val=0.19521
[dump]   top2 idx=39693 val=0.16184
[dump]   top3 idx=29365 val=0.16071
[dump]   top4 idx=22911 val=0.15067
[dump] L24.fmix   n=40960   finite=1 absmax=5.5844       mean=0.025664     sumsq=12812.79821        argmax=1500
[dump]   top0 idx=1500 val=5.58435
[dump]   top1 idx=4046 val=3.14316
[dump]   top2 idx=17813 val=2.61665
[dump]   top3 idx=3873 val=2.59062
[dump]   top4 idx=7573 val=2.53512
[dump] L24.mid    n=160     finite=1 absmax=0 mean=0 sumsq=0 ids: 308 387 456 219 175 439 263 46 181 370 263 175 387 219 354 446 462 46 183 231 134 99 36 263 320 446 498 308 212 387 263 99 360 308 342 387 433 46 175 354 263 360 308 157 342 128 82 99 433 134 206 360 387 395 175 263 308 394 46 458 134 263 99 387 223 277 446 308 360 183 134 387 90 223 446 204 360 313 263 261 360 354 387 263 252 99 446 150 27 46 263 360 354 387 66 183 462 208 446 46 181 263 360 46 308 387 446 175 99 134 263 134 181 183 387 360 462 354 28 231 263 462 360 183 134 354 181 387 231 223 263 181 134 462 183 219 439 354 28 218 181 360 263 134 462 387 231 175 81 317 263 462 181 360 317 183 134 387 218 393
[dump] L24.moe    n=40960   finite=1 absmax=0.56697      mean=0.0001809    sumsq=7.025947753        argmax=422
[dump]   top0 idx=422 val=0.28438
[dump]   top1 idx=403 val=0.08915
[dump]   top2 idx=2238 val=0.08664
[dump]   top3 idx=634 val=0.07260
[dump]   top4 idx=430 val=0.07248
[dump] L24.res    n=327680  finite=1 absmax=30.091       mean=0.014288     sumsq=200066.5615        argmax=169753
[dump]   top0 idx=169753 val=15.17015
[dump]   top1 idx=292568 val=14.15284
[dump]   top2 idx=272088 val=13.94485
[dump]   top3 idx=282328 val=13.77233
[dump]   top4 idx=261848 val=13.65914
[dump] L25.att    n=40960   finite=1 absmax=0.4336       mean=0.00085056   sumsq=95.32939133        argmax=21473
[dump]   top0 idx=21473 val=0.43360
[dump]   top1 idx=29111 val=0.40515
[dump]   top2 idx=31671 val=0.39701
[dump]   top3 idx=8673 val=0.37745
[dump]   top4 idx=422 val=0.34223
[dump] L25.fmix   n=40960   finite=1 absmax=3.5584       mean=0.030844     sumsq=13357.57856        argmax=4046
[dump]   top0 idx=4046 val=3.55837
[dump]   top1 idx=1500 val=3.02361
[dump]   top2 idx=37981 val=2.49527
[dump]   top3 idx=230 val=2.49464
[dump]   top4 idx=7573 val=2.34166
[dump] L25.mid    n=160     finite=1 absmax=0 mean=0 sumsq=0 ids: 192 218 430 150 209 322 229 376 87 369 192 376 425 369 321 466 154 430 292 209 317 382 113 205 40 209 425 20 374 371 444 425 321 374 209 218 376 430 104 371 371 276 425 115 321 417 110 374 487 218 376 371 427 425 377 73 218 361 238 142 374 371 153 425 218 369 430 330 264 321 459 430 170 427 369 153 218 321 211 370 427 430 153 488 264 374 29 370 456 295 264 374 430 370 376 427 218 321 8 59 377 321 427 445 264 376 96 218 430 374 264 374 430 153 96 142 68 376 478 495 264 374 59 478 292 68 156 275 495 142 264 142 96 376 87 430 478 153 240 427 264 430 427 376 68 374 142 240 478 153 264 59 156 275 427 142 370 374 376 495
[dump] L25.moe    n=40960   finite=1 absmax=0.047591     mean=3.7465e-05   sumsq=3.662001306        argmax=22299
[dump]   top0 idx=22299 val=0.04759
[dump]   top1 idx=8682 val=0.04489
[dump]   top2 idx=34384 val=0.04145
[dump]   top3 idx=38302 val=0.04061
[dump]   top4 idx=24921 val=0.03869
[dump] L25.res    n=327680  finite=1 absmax=31.805       mean=0.016117     sumsq=226760.3869        argmax=169753
[dump]   top0 idx=169753 val=19.29029
[dump]   top1 idx=170460 val=18.35465
[dump]   top2 idx=292568 val=16.85705
[dump]   top3 idx=272088 val=16.59986
[dump]   top4 idx=282328 val=16.41206
[dump] L26.att    n=40960   finite=1 absmax=1.1496       mean=-0.0023273   sumsq=180.3184377        argmax=39128
[dump]   top0 idx=39128 val=0.44184
[dump]   top1 idx=39534 val=0.38607
[dump]   top2 idx=784 val=0.35846
[dump]   top3 idx=5848 val=0.34942
[dump]   top4 idx=2121 val=0.33864
[dump] L26.fmix   n=40960   finite=1 absmax=2.9736       mean=0.019094     sumsq=11624.19238        argmax=7573
[dump]   top0 idx=7573 val=2.88116
[dump]   top1 idx=17813 val=2.84803
[dump]   top2 idx=788 val=2.62628
[dump]   top3 idx=12655 val=2.42909
[dump]   top4 idx=30613 val=2.35913
[dump] L26.mid    n=160     finite=1 absmax=0 mean=0 sumsq=0 ids: 461 264 107 325 508 341 164 417 379 495 264 461 417 278 341 164 58 508 355 325 461 278 264 230 17 7 243 319 123 121 264 461 278 417 379 58 508 70 341 230 187 230 461 373 97 433 17 320 264 346 461 379 508 97 278 243 355 177 433 373 417 461 464 97 230 199 355 278 40 319 97 461 455 373 464 199 243 319 278 164 461 97 164 373 423 417 243 464 304 18 423 461 97 417 18 243 384 322 164 320 278 461 97 417 18 508 322 373 7 379 355 461 417 97 18 464 278 320 322 243 461 278 355 243 18 322 417 387 203 40 355 461 320 384 495 243 203 97 322 341 355 461 97 417 267 384 320 322 18 500 97 18 355 267 373 322 461 387 416 203
[dump] L26.moe    n=40960   finite=1 absmax=0.61419      mean=-3.0755e-05  sumsq=4.682966009        argmax=11726
[dump]   top0 idx=11726 val=0.05336
[dump]   top1 idx=422 val=0.04988
[dump]   top2 idx=8028 val=0.04894
[dump]   top3 idx=2324 val=0.04737
[dump]   top4 idx=579 val=0.04658
[dump] L26.res    n=327680  finite=1 absmax=64.003       mean=0.0089972    sumsq=119214.7784        argmax=169753
[dump]   top0 idx=169753 val=17.25475
[dump]   top1 idx=170460 val=14.88739
[dump]   top2 idx=292568 val=12.54123
[dump]   top3 idx=272088 val=12.35052
[dump]   top4 idx=282328 val=12.20887
[dump] L27.att    n=40960   finite=1 absmax=3.4178       mean=0.00019942   sumsq=403.1274018        argmax=2311
[dump]   top0 idx=2311 val=3.41780
[dump]   top1 idx=47 val=1.30467
[dump]   top2 idx=1378 val=1.13045
[dump]   top3 idx=86 val=1.10750
[dump]   top4 idx=1795 val=1.06949
[dump] L27.fmix   n=40960   finite=1 absmax=3.3328       mean=0.020889     sumsq=12369.86684        argmax=4046
[dump]   top0 idx=4046 val=3.33281
[dump]   top1 idx=17813 val=2.96273
[dump]   top2 idx=16176 val=2.81967
[dump]   top3 idx=7573 val=2.77163
[dump]   top4 idx=18551 val=2.73519
[dump] L27.mid    n=160     finite=1 absmax=0 mean=0 sumsq=0 ids: 430 424 98 400 108 361 397 130 104 323 323 350 98 108 273 84 120 424 397 240 323 350 211 360 23 108 430 482 219 166 482 323 108 98 418 30 360 461 430 350 323 461 508 108 418 350 174 430 360 23 120 323 350 108 418 201 98 360 511 104 323 98 360 418 108 350 286 508 104 261 323 418 350 98 508 430 120 490 360 108 418 350 323 98 384 430 360 120 492 108 323 418 350 98 430 108 166 360 151 508 317 418 323 108 508 430 98 360 350 192 323 98 508 418 104 457 261 430 120 84 323 508 418 350 98 84 500 108 120 261 508 323 430 418 98 166 261 151 219 137 430 323 508 418 166 98 249 371 261 151 323 418 430 166 249 437 45 360 240 48
[dump] L27.moe    n=40960   finite=1 absmax=0.057945     mean=0.00024259   sumsq=4.430679356        argmax=30370
[dump]   top0 idx=30370 val=0.05618
[dump]   top1 idx=29990 val=0.05349
[dump]   top2 idx=29728 val=0.05057
[dump]   top3 idx=29282 val=0.04880
[dump]   top4 idx=29170 val=0.04790
[dump] L27.res    n=327680  finite=1 absmax=55.817       mean=0.01646      sumsq=242528.7331        argmax=170460
[dump]   top0 idx=170460 val=18.63190
[dump]   top1 idx=169753 val=18.22666
[dump]   top2 idx=292568 val=17.54537
[dump]   top3 idx=272088 val=17.27840
[dump]   top4 idx=282328 val=17.08045
[dump] L28.att    n=40960   finite=1 absmax=0.6094       mean=-0.0018898   sumsq=100.2827939        argmax=2311
[dump]   top0 idx=2311 val=0.60940
[dump]   top1 idx=914 val=0.28096
[dump]   top2 idx=4544 val=0.23297
[dump]   top3 idx=36680 val=0.22346
[dump]   top4 idx=693 val=0.21958
[dump] L28.fmix   n=40960   finite=1 absmax=3.71         mean=0.020705     sumsq=13186.25439        argmax=36536
[dump]   top0 idx=36536 val=3.39947
[dump]   top1 idx=4046 val=3.22432
[dump]   top2 idx=17813 val=3.11552
[dump]   top3 idx=9908 val=3.05140
[dump]   top4 idx=7573 val=2.84808
[dump] L28.mid    n=160     finite=1 absmax=0 mean=0 sumsq=0 ids: 28 297 139 364 433 421 300 352 164 474 352 52 139 219 297 277 474 145 86 150 352 141 110 139 52 229 136 63 130 1 297 52 139 101 352 474 219 339 147 81 52 352 101 118 282 219 139 421 297 136 52 392 150 219 277 390 9 386 352 160 52 66 433 352 408 229 63 139 469 366 52 433 352 63 219 503 172 66 130 386 52 433 66 352 219 229 469 422 189 458 433 66 390 52 63 422 229 297 277 392 421 352 52 422 54 150 0 433 297 21 421 0 433 52 63 469 229 21 352 81 421 0 433 52 214 21 63 422 297 430 421 52 0 433 297 219 63 133 275 172 52 421 0 275 182 21 297 63 460 433 0 433 421 52 21 275 352 63 366 182
[dump] L28.moe    n=40960   finite=1 absmax=0.13383      mean=-8.729e-05   sumsq=4.481046946        argmax=2311
[dump]   top0 idx=2311 val=0.13383
[dump]   top1 idx=27542 val=0.05623
[dump]   top2 idx=40853 val=0.05599
[dump]   top3 idx=23707 val=0.04917
[dump]   top4 idx=39067 val=0.04817
[dump] L28.res    n=327680  finite=1 absmax=28.225       mean=0.012476     sumsq=242340.1017        argmax=169753
[dump]   top0 idx=169753 val=16.05636
[dump]   top1 idx=170460 val=15.68950
[dump]   top2 idx=183246 val=14.04995
[dump]   top3 idx=292568 val=13.52937
[dump]   top4 idx=272088 val=13.32363
[dump] L29.att    n=40960   finite=1 absmax=0.21255      mean=0.0002662    sumsq=23.63333052        argmax=40195
[dump]   top0 idx=40195 val=0.21255
[dump]   top1 idx=39128 val=0.18035
[dump]   top2 idx=36568 val=0.16678
[dump]   top3 idx=11191 val=0.14256
[dump]   top4 idx=24835 val=0.14020
[dump] L29.fmix   n=40960   finite=1 absmax=4.0315       mean=0.0154       sumsq=14191.37758        argmax=4046
[dump]   top0 idx=4046 val=4.03150
[dump]   top1 idx=7573 val=3.98448
[dump]   top2 idx=788 val=3.76497
[dump]   top3 idx=17813 val=3.46079
[dump]   top4 idx=30613 val=3.33671
[dump] L29.mid    n=160     finite=1 absmax=0 mean=0 sumsq=0 ids: 293 466 68 387 262 400 285 337 54 451 387 290 273 148 330 93 250 504 162 337 290 148 387 273 325 16 394 250 330 93 148 290 250 387 273 330 91 265 93 267 290 118 148 273 508 250 387 265 312 259 387 290 148 93 273 317 91 296 259 118 259 387 290 265 250 118 273 325 338 296 259 387 118 273 290 265 93 325 440 274 387 259 290 265 273 22 91 312 148 118 387 259 290 273 22 148 97 265 93 91 118 387 273 290 259 265 250 148 469 93 259 387 273 290 265 97 438 325 342 453 342 438 259 265 387 273 290 451 93 468 279 259 325 389 93 273 265 185 387 97 387 273 259 93 118 265 342 290 463 438 259 438 342 279 97 265 387 468 118 22
[dump] L29.moe    n=40960   finite=1 absmax=0.14844      mean=0.00010392   sumsq=9.672633922        argmax=2311
[dump]   top0 idx=2311 val=0.14844
[dump]   top1 idx=29199 val=0.08387
[dump]   top2 idx=20969 val=0.07926
[dump]   top3 idx=21613 val=0.07758
[dump]   top4 idx=40696 val=0.07299
[dump] L29.res    n=327680  finite=1 absmax=32.069       mean=0.015079     sumsq=268312.2611        argmax=169753
[dump]   top0 idx=169753 val=18.87898
[dump]   top1 idx=323511 val=17.32892
[dump]   top2 idx=313271 val=17.32132
[dump]   top3 idx=282551 val=17.15058
[dump]   top4 idx=272311 val=16.66846
[dump] L30.att    n=40960   finite=1 absmax=1.1661       mean=-0.0005534   sumsq=113.7279903        argmax=38882
[dump]   top0 idx=38882 val=0.48476
[dump]   top1 idx=1603 val=0.42597
[dump]   top2 idx=31713 val=0.39075
[dump]   top3 idx=21431 val=0.38096
[dump]   top4 idx=26082 val=0.36702
[dump] L30.fmix   n=40960   finite=1 absmax=7.3624       mean=0.015557     sumsq=19539.83858        argmax=4046
[dump]   top0 idx=4046 val=4.93066
[dump]   top1 idx=1500 val=3.74354
[dump]   top2 idx=788 val=3.69736
[dump]   top3 idx=8681 val=3.57754
[dump]   top4 idx=30613 val=3.05156
[dump] L30.mid    n=160     finite=1 absmax=0 mean=0 sumsq=0 ids: 165 151 398 326 331 506 40 137 138 417 506 165 138 14 326 500 409 111 398 280 95 414 280 409 506 14 311 227 234 338 205 165 280 223 506 318 398 498 106 259 376 280 5 223 81 409 22 463 335 318 14 308 409 151 234 290 506 12 110 129 506 138 111 11 335 151 205 181 212 398 506 138 14 335 441 212 409 86 6 154 335 506 138 280 11 212 473 111 441 439 11 138 506 14 111 280 335 498 212 398 181 473 409 506 370 129 64 6 439 280 506 11 398 138 181 151 335 282 49 136 506 138 212 11 335 409 128 40 500 473 181 335 506 280 212 151 79 11 415 398 181 506 335 326 86 82 11 244 212 415 244 335 506 11 100 128 482 510 398 181
[dump] L30.moe    n=40960   finite=1 absmax=0.065153     mean=0.00011825   sumsq=7.921416904        argmax=36714
[dump]   top0 idx=36714 val=0.06290
[dump]   top1 idx=34729 val=0.06067
[dump]   top2 idx=17713 val=0.05821
[dump]   top3 idx=35492 val=0.05555
[dump]   top4 idx=28798 val=0.05454
[dump] L30.res    n=327680  finite=1 absmax=28.706       mean=0.010593     sumsq=120465.2234        argmax=169753
[dump]   top0 idx=169753 val=15.91403
[dump]   top1 idx=292568 val=13.63386
[dump]   top2 idx=272088 val=13.43364
[dump]   top3 idx=282328 val=13.30897
[dump]   top4 idx=261848 val=13.20058
[dump] L31.att    n=40960   finite=1 absmax=0.76626      mean=-0.002738    sumsq=166.5447069        argmax=892
[dump]   top0 idx=892 val=0.76626
[dump]   top1 idx=2311 val=0.76051
[dump]   top2 idx=1795 val=0.47187
[dump]   top3 idx=3765 val=0.42543
[dump]   top4 idx=2121 val=0.39039
[dump] L31.fmix   n=40960   finite=1 absmax=6.7076       mean=0.0070907    sumsq=29351.97747        argmax=23768
[dump]   top0 idx=23768 val=6.70760
[dump]   top1 idx=8681 val=6.04485
[dump]   top2 idx=21208 val=5.41504
[dump]   top3 idx=13528 val=4.88560
[dump]   top4 idx=9908 val=4.61397
[dump] L31.mid    n=160     finite=1 absmax=0 mean=0 sumsq=0 ids: 283 174 156 96 215 136 55 199 100 50 494 199 50 405 207 100 318 12 156 474 263 494 199 207 192 314 318 31 474 298 207 156 494 234 379 33 444 405 388 298 116 207 236 453 210 156 318 16 494 326 288 32 116 426 50 406 501 399 207 444 288 207 494 156 426 302 399 318 199 405 494 199 399 193 426 288 311 501 134 405 494 207 288 405 199 318 446 303 174 501 494 399 318 501 207 288 342 405 156 303 405 207 399 100 314 192 303 318 494 174 494 405 283 399 289 318 156 342 199 207 494 318 283 174 399 303 449 405 501 288 283 289 494 327 405 156 96 288 177 192 289 283 156 494 405 449 174 302 12 446 303 289 449 174 283 405 156 494 56 207
[dump] L31.moe    n=40960   finite=1 absmax=0.10536      mean=0.00020015   sumsq=11.65596902        argmax=2311
[dump]   top0 idx=2311 val=0.10536
[dump]   top1 idx=3022 val=0.09549
[dump]   top2 idx=8142 val=0.07689
[dump]   top3 idx=28680 val=0.07245
[dump]   top4 idx=29346 val=0.07065
[dump] L31.res    n=327680  finite=1 absmax=36.374       mean=0.011958     sumsq=309236.4817        argmax=169753
[dump]   top0 idx=169753 val=24.08734
[dump]   top1 idx=170460 val=21.13260
[dump]   top2 idx=323511 val=17.17173
[dump]   top3 idx=313271 val=17.11773
[dump]   top4 idx=282551 val=16.94919
[dump] L32.att    n=40960   finite=1 absmax=0.39551      mean=-0.00090186  sumsq=54.72966108        argmax=5081
[dump]   top0 idx=5081 val=0.39551
[dump]   top1 idx=7622 val=0.29881
[dump]   top2 idx=3553 val=0.26401
[dump]   top3 idx=33222 val=0.24238
[dump]   top4 idx=6254 val=0.23174
[dump] L32.fmix   n=40960   finite=1 absmax=5.0273       mean=0.0073551    sumsq=26634.37489        argmax=8681
[dump]   top0 idx=8681 val=5.02731
[dump]   top1 idx=14245 val=3.77546
[dump]   top2 idx=13717 val=3.76866
[dump]   top3 idx=9908 val=3.72950
[dump]   top4 idx=788 val=3.66718
[dump] L32.mid    n=160     finite=1 absmax=0 mean=0 sumsq=0 ids: 228 243 272 256 487 429 58 132 392 74 228 28 429 359 480 92 243 272 142 394 228 28 140 429 142 149 113 99 236 261 228 429 447 188 124 28 319 341 418 261 188 228 104 447 429 319 303 138 243 58 228 394 272 142 12 140 369 388 419 205 359 429 243 228 142 58 140 487 272 263 228 429 272 243 359 394 400 58 140 74 228 429 243 272 142 359 263 58 149 140 359 228 429 263 272 243 142 480 58 92 228 272 243 465 429 400 263 149 447 142 228 429 243 272 359 480 58 263 479 140 228 429 272 263 359 243 140 391 480 132 243 228 429 58 189 272 489 479 263 248 228 243 278 7 480 359 75 58 202 92 243 228 359 454 278 235 189 480 507 263
[dump] L32.moe    n=40960   finite=1 absmax=0.37396      mean=0.00011756   sumsq=14.89833516        argmax=2311
[dump]   top0 idx=2311 val=0.31289
[dump]   top1 idx=1547 val=0.10912
[dump]   top2 idx=472 val=0.10729
[dump]   top3 idx=895 val=0.10281
[dump]   top4 idx=245 val=0.09924
[dump] L32.res    n=327680  finite=1 absmax=48.624       mean=0.01292      sumsq=284570.8575        argmax=170460
[dump]   top0 idx=170460 val=20.02470
[dump]   top1 idx=169753 val=16.17556
[dump]   top2 idx=292568 val=12.40515
[dump]   top3 idx=272088 val=12.21779
[dump]   top4 idx=282328 val=12.10797
[dump] L33.att    n=40960   finite=1 absmax=0.17805      mean=-0.0012543   sumsq=28.48949729        argmax=4960
[dump]   top0 idx=4960 val=0.17805
[dump]   top1 idx=39129 val=0.15000
[dump]   top2 idx=10073 val=0.14661
[dump]   top3 idx=26593 val=0.14639
[dump]   top4 idx=32602 val=0.14505
[dump] L33.fmix   n=40960   finite=1 absmax=5.5951       mean=0.0096       sumsq=22040.79048        argmax=4046
[dump]   top0 idx=4046 val=5.59514
[dump]   top1 idx=6606 val=4.38522
[dump]   top2 idx=32206 val=3.96351
[dump]   top3 idx=788 val=3.10294
[dump]   top4 idx=13717 val=3.08095
[dump] L33.mid    n=160     finite=1 absmax=0 mean=0 sumsq=0 ids: 136 486 387 243 471 160 105 200 28 504 136 486 387 160 299 363 419 365 243 471 387 328 398 136 486 222 71 304 471 259 136 328 249 486 387 469 363 105 160 84 486 136 366 387 471 333 363 469 444 105 387 471 136 291 448 84 419 474 127 243 366 419 136 279 486 471 387 328 363 155 136 419 279 363 387 365 206 366 471 499 136 419 363 470 279 362 387 206 486 105 470 363 136 419 365 279 471 345 84 362 136 84 486 428 279 328 419 471 366 160 84 363 136 362 279 471 345 419 305 486 136 362 363 471 84 279 419 374 155 486 84 136 374 345 279 155 363 486 471 499 363 84 136 253 299 209 345 407 279 160 362 374 84 279 345 136 419 363 209 509
[dump] L33.moe    n=40960   finite=1 absmax=0.070426     mean=-3.1556e-05  sumsq=8.898105484        argmax=3119
[dump]   top0 idx=3119 val=0.06784
[dump]   top1 idx=6381 val=0.06657
[dump]   top2 idx=3777 val=0.06627
[dump]   top3 idx=8707 val=0.06501
[dump]   top4 idx=3677 val=0.06423
[dump] L33.res    n=327680  finite=1 absmax=43.005       mean=0.011613     sumsq=279905.0565        argmax=170460
[dump]   top0 idx=170460 val=19.09557
[dump]   top1 idx=292568 val=16.47841
[dump]   top2 idx=169753 val=16.27021
[dump]   top3 idx=272088 val=16.22915
[dump]   top4 idx=282328 val=16.08335
[dump] L34.att    n=40960   finite=1 absmax=0.38261      mean=-0.00067104  sumsq=58.77190811        argmax=26082
[dump]   top0 idx=26082 val=0.38261
[dump]   top1 idx=40282 val=0.31271
[dump]   top2 idx=38882 val=0.31173
[dump]   top3 idx=32602 val=0.29693
[dump]   top4 idx=30042 val=0.29070
[dump] L34.fmix   n=40960   finite=1 absmax=4.2789       mean=0.019124     sumsq=19542.5017         argmax=1500
[dump]   top0 idx=1500 val=4.27889
[dump]   top1 idx=7573 val=4.09686
[dump]   top2 idx=17813 val=3.57510
[dump]   top3 idx=28893 val=3.42961
[dump]   top4 idx=36536 val=3.41368
[dump] L34.mid    n=160     finite=1 absmax=0 mean=0 sumsq=0 ids: 449 475 275 87 496 19 101 111 24 399 111 29 101 24 275 22 119 484 460 459 131 157 29 119 111 7 173 102 33 509 29 7 459 201 185 101 299 157 119 24 440 29 157 459 111 131 190 506 201 119 87 496 277 264 88 24 101 275 399 29 111 24 131 448 101 366 29 102 119 22 131 88 22 101 29 448 24 119 111 459 29 448 24 22 102 101 460 353 119 5 29 24 448 101 102 22 353 460 131 347 111 29 299 459 201 119 24 101 366 465 131 24 101 448 111 366 102 460 22 347 111 131 366 448 101 24 22 102 460 347 131 24 101 353 448 22 29 275 102 273 131 123 22 101 24 448 150 201 29 430 448 131 24 101 22 460 247 366 275 29
[dump] L34.moe    n=40960   finite=1 absmax=0.13791      mean=0.00033506   sumsq=13.78464917        argmax=28307
[dump]   top0 idx=28307 val=0.11050
[dump]   top1 idx=28691 val=0.10621
[dump]   top2 idx=30415 val=0.10325
[dump]   top3 idx=29990 val=0.10304
[dump]   top4 idx=30391 val=0.10198
[dump] L34.res    n=327680  finite=1 absmax=23.509       mean=0.0083232    sumsq=133541.3834        argmax=169753
[dump]   top0 idx=169753 val=14.13526
[dump]   top1 idx=292568 val=13.82454
[dump]   top2 idx=272088 val=13.61530
[dump]   top3 idx=170460 val=13.51194
[dump]   top4 idx=282328 val=13.49314
[dump] L35.att    n=40960   finite=1 absmax=0.77598      mean=3.8251e-06   sumsq=140.5129313        argmax=1736
[dump]   top0 idx=1736 val=0.71066
[dump]   top1 idx=360 val=0.53090
[dump]   top2 idx=994 val=0.50682
[dump]   top3 idx=1795 val=0.49571
[dump]   top4 idx=1882 val=0.44736
[dump] L35.fmix   n=40960   finite=1 absmax=4.5529       mean=0.014447     sumsq=25191.40442        argmax=19715
[dump]   top0 idx=19715 val=3.53845
[dump]   top1 idx=12035 val=3.48907
[dump]   top2 idx=29955 val=3.34770
[dump]   top3 idx=14245 val=3.32154
[dump]   top4 idx=7971 val=3.24117
[dump] L35.mid    n=160     finite=1 absmax=0 mean=0 sumsq=0 ids: 434 31 170 360 342 472 406 372 500 403 472 161 3 222 342 375 309 434 362 31 222 309 3 161 342 56 472 162 455 362 161 472 291 222 403 70 426 309 342 353 472 161 70 3 222 31 259 342 9 345 3 368 472 453 501 74 9 8 49 434 472 3 31 121 49 453 161 375 434 70 472 3 397 31 375 315 52 453 49 434 472 375 161 3 315 31 434 222 56 121 472 161 375 3 315 31 56 372 121 434 472 500 170 222 161 31 426 315 375 372 472 31 121 375 434 315 161 3 426 277 375 472 315 31 121 3 385 434 222 342 121 31 472 490 315 56 375 161 434 162 472 31 121 315 173 490 434 161 454 372 121 472 31 315 490 56 161 375 162 434
[dump] L35.moe    n=40960   finite=1 absmax=0.17464      mean=0.0007879    sumsq=25.47334179        argmax=30042
[dump]   top0 idx=30042 val=0.16650
[dump]   top1 idx=21769 val=0.13216
[dump]   top2 idx=22362 val=0.12764
[dump]   top3 idx=21167 val=0.12290
[dump]   top4 idx=20856 val=0.12284
[dump] L35.res    n=327680  finite=1 absmax=24.226       mean=0.018316     sumsq=313017.8075        argmax=323511
[dump]   top0 idx=323511 val=19.41127
[dump]   top1 idx=313271 val=19.32269
[dump]   top2 idx=282551 val=19.14820
[dump]   top3 idx=169753 val=19.06357
[dump]   top4 idx=324798 val=18.85782
[dump] L36.att    n=40960   finite=1 absmax=6.0723       mean=0.0026784    sumsq=752.4901773        argmax=1827
[dump]   top0 idx=1827 val=3.08663
[dump]   top1 idx=2311 val=2.04483
[dump]   top2 idx=1984 val=1.95033
[dump]   top3 idx=2238 val=1.92399
[dump]   top4 idx=403 val=1.86143
[dump] L36.fmix   n=40960   finite=1 absmax=6.0988       mean=0.035999     sumsq=38545.49491        argmax=8681
[dump]   top0 idx=8681 val=5.41292
[dump]   top1 idx=4046 val=4.88340
[dump]   top2 idx=14245 val=4.55279
[dump]   top3 idx=19490 val=4.41280
[dump]   top4 idx=13717 val=4.33315
[dump] L36.mid    n=160     finite=1 absmax=0 mean=0 sumsq=0 ids: 363 78 76 429 55 210 407 265 388 45 412 396 358 102 218 25 387 490 217 269 218 412 396 233 387 429 137 105 388 96 218 308 134 76 147 388 349 146 445 439 358 134 96 369 218 396 298 76 125 233 54 491 306 55 496 363 313 219 4 481 387 313 218 358 25 429 134 396 210 258 244 387 102 306 481 341 313 218 248 485 387 296 218 258 25 102 313 341 244 210 387 258 25 218 210 296 363 76 265 102 218 339 387 293 148 140 26 363 158 388 387 218 25 485 313 494 158 243 248 210 387 25 258 330 324 388 169 40 210 485 387 185 25 258 442 218 243 410 429 168 387 278 258 25 442 179 18 314 370 262 387 179 442 258 25 168 185 410 182 307
[dump] L36.moe    n=40960   finite=1 absmax=0.22943      mean=0.00058858   sumsq=54.05041279        argmax=35107
[dump]   top0 idx=35107 val=0.21270
[dump]   top1 idx=34333 val=0.18328
[dump]   top2 idx=32840 val=0.18317
[dump]   top3 idx=29987 val=0.17327
[dump]   top4 idx=35458 val=0.17025
[dump] L36.res    n=327680  finite=1 absmax=50.374       mean=0.0252       sumsq=350257.0923        argmax=170460
[dump]   top0 idx=170460 val=27.37810
[dump]   top1 idx=169753 val=24.37147
[dump]   top2 idx=165667 val=18.65712
[dump]   top3 idx=292568 val=13.57868
[dump]   top4 idx=272088 val=13.36650
[dump] L37.att    n=40960   finite=1 absmax=2.2662       mean=-0.0010869   sumsq=127.9858814        argmax=2537
[dump]   top0 idx=2537 val=1.14541
[dump]   top1 idx=932 val=0.68177
[dump]   top2 idx=138 val=0.63429
[dump]   top3 idx=1359 val=0.55786
[dump]   top4 idx=1750 val=0.54769
[dump] L37.fmix   n=40960   finite=1 absmax=5.4607       mean=0.044305     sumsq=38419.51403        argmax=8681
[dump]   top0 idx=8681 val=4.75941
[dump]   top1 idx=12360 val=4.12800
[dump]   top2 idx=14245 val=4.10559
[dump]   top3 idx=10936 val=3.97342
[dump]   top4 idx=7573 val=3.94638
[dump] L37.mid    n=160     finite=1 absmax=0 mean=0 sumsq=0 ids: 255 72 379 304 131 25 418 420 10 324 255 19 324 304 150 369 286 379 118 451 451 286 128 350 369 118 200 435 255 197 306 255 346 19 511 359 284 265 479 128 128 346 255 187 451 150 33 379 304 131 131 297 302 25 379 255 392 134 96 142 19 29 118 346 369 57 484 304 255 313 118 19 57 360 255 25 369 197 290 27 118 19 352 346 57 369 484 155 200 255 352 19 118 57 200 306 369 346 255 326 19 317 255 369 484 346 379 118 155 326 346 255 369 131 19 200 57 379 313 155 369 57 304 264 255 19 346 118 155 477 313 57 469 369 389 346 200 326 306 128 313 346 321 19 369 469 57 326 255 118 313 346 57 369 469 304 264 19 326 243
[dump] L37.moe    n=40960   finite=1 absmax=0.16809      mean=0.00014461   sumsq=45.82988185        argmax=29042
[dump]   top0 idx=29042 val=0.16809
[dump]   top1 idx=24921 val=0.16487
[dump]   top2 idx=29424 val=0.15135
[dump]   top3 idx=28439 val=0.14779
[dump]   top4 idx=31602 val=0.14717
[dump] L37.res    n=327680  finite=1 absmax=72.828       mean=0.016331     sumsq=304995.9252        argmax=170460
[dump]   top0 idx=170460 val=28.94975
[dump]   top1 idx=169753 val=25.20715
[dump]   top2 idx=163978 val=19.00654
[dump]   top3 idx=189445 val=19.00224
[dump]   top4 idx=240645 val=18.80299
[dump] L38.att    n=40960   finite=1 absmax=0.46671      mean=-0.00063091  sumsq=108.6698749        argmax=403
[dump]   top0 idx=403 val=0.40369
[dump]   top1 idx=36753 val=0.33431
[dump]   top2 idx=34193 val=0.33397
[dump]   top3 idx=23953 val=0.29214
[dump]   top4 idx=7716 val=0.28861
[dump] L38.fmix   n=40960   finite=1 absmax=5.7766       mean=0.04413      sumsq=34875.42446        argmax=12655
[dump]   top0 idx=12655 val=5.77664
[dump]   top1 idx=10936 val=5.20640
[dump]   top2 idx=8681 val=5.01582
[dump]   top3 idx=1863 val=4.24615
[dump]   top4 idx=7573 val=4.09285
[dump] L38.mid    n=160     finite=1 absmax=0 mean=0 sumsq=0 ids: 317 456 283 345 309 41 57 287 446 205 425 96 394 164 305 438 188 275 402 483 460 188 265 96 425 402 232 187 438 504 464 352 279 145 96 376 51 54 460 164 396 460 183 96 193 202 111 356 384 306 341 347 206 235 309 104 18 462 388 345 7 206 438 460 226 116 341 50 393 483 241 425 375 124 307 259 106 291 388 438 504 460 388 96 124 50 206 400 486 279 504 460 454 355 279 438 135 486 50 206 153 87 71 226 460 454 173 452 164 350 460 206 116 226 213 7 41 117 244 483 483 226 460 206 438 486 7 117 188 50 226 412 173 206 457 287 262 460 50 483 168 173 226 370 323 483 228 287 262 254 226 287 173 483 206 260 354 76 438 457
[dump] L38.moe    n=40960   finite=1 absmax=0.1818       mean=-2.982e-05   sumsq=34.99472367        argmax=27937
[dump]   top0 idx=27937 val=0.18180
[dump]   top1 idx=8826 val=0.12970
[dump]   top2 idx=14924 val=0.12737
[dump]   top3 idx=37387 val=0.12533
[dump]   top4 idx=8177 val=0.11971
[dump] L38.res    n=327680  finite=1 absmax=29.741       mean=0.011245     sumsq=210504.7368        argmax=170460
[dump]   top0 idx=170460 val=20.33348
[dump]   top1 idx=169753 val=19.56281
[dump]   top2 idx=322565 val=15.39510
[dump]   top3 idx=271365 val=15.19255
[dump]   top4 idx=261125 val=15.15736
[dump] L39.att    n=40960   finite=1 absmax=0.55114      mean=0.00017861   sumsq=216.9850803        argmax=29052
[dump]   top0 idx=29052 val=0.55114
[dump]   top1 idx=15465 val=0.42110
[dump]   top2 idx=23839 val=0.41184
[dump]   top3 idx=31519 val=0.39633
[dump]   top4 idx=23561 val=0.39123
[dump] L39.fmix   n=40960   finite=1 absmax=8.4928       mean=0.027296     sumsq=41275.12877        argmax=8681
[dump]   top0 idx=8681 val=8.49277
[dump]   top1 idx=15939 val=5.72038
[dump]   top2 idx=8288 val=5.43617
[dump]   top3 idx=23619 val=5.15936
[dump]   top4 idx=5699 val=5.10883
[dump] L39.mid    n=160     finite=1 absmax=0 mean=0 sumsq=0 ids: 356 323 285 42 496 260 242 334 450 82 356 496 103 167 45 480 128 223 494 120 48 496 356 45 480 103 123 128 477 223 356 42 496 99 307 107 355 337 264 220 356 99 500 496 109 42 103 128 342 264 372 480 356 82 201 389 285 367 495 494 356 99 42 128 480 334 109 103 104 342 480 356 128 334 42 299 121 375 394 477 356 128 42 480 110 148 60 299 121 274 356 406 128 32 477 177 42 219 480 342 356 477 42 459 128 442 372 36 355 506 356 128 480 334 110 60 42 496 148 360 356 334 32 60 128 42 480 145 110 257 356 60 127 128 233 116 108 10 110 433 356 425 60 334 257 116 127 233 128 463 356 60 128 425 233 127 116 110 32 257
[dump] L39.moe    n=40960   finite=1 absmax=0.45664      mean=0.00024971   sumsq=101.0117583        argmax=2311
[dump]   top0 idx=2311 val=0.45664
[dump]   top1 idx=422 val=0.30746
[dump]   top2 idx=21084 val=0.27700
[dump]   top3 idx=1882 val=0.26971
[dump]   top4 idx=21597 val=0.23810
[dump] L39.res    n=327680  finite=1 absmax=40.326       mean=0.020614     sumsq=491551.286         argmax=212335
[dump]   top0 idx=212335 val=23.82797
[dump]   top1 idx=165667 val=23.53599
[dump]   top2 idx=232417 val=23.22922
[dump]   top3 idx=169753 val=21.97674
[dump]   top4 idx=170460 val=21.31570
[dump] L40.att    n=40960   finite=1 absmax=0.68974      mean=0.0025639    sumsq=201.1097814        argmax=36901
[dump]   top0 idx=36901 val=0.68974
[dump]   top1 idx=13861 val=0.61877
[dump]   top2 idx=8741 val=0.56743
[dump]   top3 idx=27937 val=0.55030
[dump]   top4 idx=18402 val=0.48754
[dump] L40.fmix   n=40960   finite=1 absmax=7.3204       mean=0.033577     sumsq=46959.09565        argmax=8681
[dump]   top0 idx=8681 val=7.32042
[dump]   top1 idx=15939 val=6.26710
[dump]   top2 idx=22718 val=5.95495
[dump]   top3 idx=25278 val=5.69955
[dump]   top4 idx=20158 val=5.57386
[dump] L40.mid    n=160     finite=1 absmax=0 mean=0 sumsq=0 ids: 280 172 309 449 178 141 428 91 103 381 280 28 141 249 332 380 135 334 311 229 280 268 282 8 218 66 502 335 332 301 280 217 380 199 111 277 461 477 334 271 268 334 217 280 160 21 391 380 199 67 36 178 428 200 280 295 127 310 60 309 335 280 334 380 141 138 217 398 160 204 280 128 188 335 295 336 237 138 50 200 335 280 138 220 261 465 282 181 398 263 204 280 52 398 335 22 250 229 465 83 307 412 170 282 301 77 351 280 178 36 172 280 335 208 138 64 374 61 178 438 335 208 172 138 280 178 465 220 240 459 240 491 204 335 435 61 155 494 212 57 240 172 491 335 470 208 212 398 61 138 335 240 172 208 491 470 497 138 435 260
[dump] L40.moe    n=40960   finite=1 absmax=0.20035      mean=9.0475e-05   sumsq=38.54964631        argmax=10697
[dump]   top0 idx=10697 val=0.20035
[dump]   top1 idx=12437 val=0.19250
[dump]   top2 idx=11959 val=0.19235
[dump]   top3 idx=12555 val=0.18587
[dump]   top4 idx=10736 val=0.17680
[dump] L40.res    n=327680  finite=1 absmax=39.011       mean=0.022475     sumsq=389198.8404        argmax=170460
[dump]   top0 idx=170460 val=17.17715
[dump]   top1 idx=165667 val=16.26149
[dump]   top2 idx=169753 val=16.18132
[dump]   top3 idx=166538 val=15.61703
[dump]   top4 idx=231031 val=14.65112
[dump] L41.att    n=40960   finite=1 absmax=0.6411       mean=0.00064132   sumsq=158.2970026        argmax=17242
[dump]   top0 idx=17242 val=0.64110
[dump]   top1 idx=30042 val=0.62132
[dump]   top2 idx=32602 val=0.55256
[dump]   top3 idx=22362 val=0.54618
[dump]   top4 idx=27482 val=0.52970
[dump] L41.fmix   n=40960   finite=1 absmax=6.8216       mean=0.037685     sumsq=49709.35369        argmax=8681
[dump]   top0 idx=8681 val=5.66632
[dump]   top1 idx=1500 val=5.42683
[dump]   top2 idx=8288 val=5.05906
[dump]   top3 idx=11929 val=4.66108
[dump]   top4 idx=25380 val=4.63271
[dump] L41.mid    n=160     finite=1 absmax=0 mean=0 sumsq=0 ids: 59 240 198 491 331 445 482 420 266 348 348 178 489 196 27 505 378 281 20 21 205 348 132 58 378 20 480 423 19 178 289 387 19 343 255 90 204 160 348 135 21 95 204 343 90 71 454 196 160 255 496 59 55 433 42 491 476 198 403 482 157 59 116 118 204 496 198 433 299 20 59 489 299 376 240 430 440 399 433 198 132 118 506 253 58 198 302 422 116 205 404 118 131 205 426 366 348 132 342 75 389 45 406 303 146 461 505 510 169 374 59 433 118 416 198 450 443 240 105 491 59 433 440 118 450 476 240 198 491 105 278 59 305 450 483 17 433 221 413 52 59 450 346 433 240 477 301 338 293 417 59 450 491 119 433 118 440 472 106 111
[dump] L41.moe    n=40960   finite=1 absmax=0.1502       mean=-0.00022464  sumsq=46.51663613        argmax=10253
[dump]   top0 idx=10253 val=0.15020
[dump]   top1 idx=30466 val=0.14197
[dump]   top2 idx=12590 val=0.13907
[dump]   top3 idx=10644 val=0.13677
[dump]   top4 idx=11879 val=0.13527
[dump] L41.res    n=327680  finite=1 absmax=36.761       mean=0.022094     sumsq=391498.441         argmax=165667
[dump]   top0 idx=165667 val=26.66051
[dump]   top1 idx=170460 val=20.37575
[dump]   top2 idx=169753 val=13.86660
[dump]   top3 idx=167332 val=13.23340
[dump]   top4 idx=177522 val=13.15483
[dump] L42.att    n=40960   finite=1 absmax=0.75965      mean=0.0010125    sumsq=138.7627133        argmax=23522
[dump]   top0 idx=23522 val=0.41248
[dump]   top1 idx=20962 val=0.38158
[dump]   top2 idx=18402 val=0.35960
[dump]   top3 idx=39393 val=0.34891
[dump]   top4 idx=10722 val=0.34594
[dump] L42.fmix   n=40960   finite=1 absmax=5.5757       mean=0.038799     sumsq=49158.60855        argmax=8681
[dump]   top0 idx=8681 val=5.57567
[dump]   top1 idx=29042 val=4.89979
[dump]   top2 idx=33683 val=4.88862
[dump]   top3 idx=27937 val=4.79636
[dump]   top4 idx=21424 val=4.77741
[dump] L42.mid    n=160     finite=1 absmax=0 mean=0 sumsq=0 ids: 294 151 366 248 283 322 212 393 83 432 455 78 357 466 293 3 341 279 250 276 357 455 279 302 495 276 341 37 14 231 474 42 21 455 39 141 105 51 414 108 39 59 455 357 65 276 21 92 414 377 53 506 215 507 151 14 276 348 140 231 3 110 310 53 140 231 357 276 90 5 310 110 140 354 3 455 276 53 357 90 310 341 3 191 455 283 182 110 136 140 341 391 3 269 278 110 357 452 283 191 310 3 227 151 105 110 333 455 72 283 3 337 212 140 193 231 5 310 451 151 3 310 5 140 151 121 212 193 466 411 212 321 446 3 6 509 399 7 341 310 212 310 494 7 3 509 358 399 498 83 212 3 509 498 310 399 140 83 290 6
[dump] L42.moe    n=40960   finite=1 absmax=0.23276      mean=0.0006391    sumsq=74.65872978        argmax=36682
[dump]   top0 idx=36682 val=0.23276
[dump]   top1 idx=38053 val=0.21635
[dump]   top2 idx=544 val=0.20445
[dump]   top3 idx=40613 val=0.19975
[dump]   top4 idx=37677 val=0.19463
[dump] L42.res    n=327680  finite=1 absmax=20.404       mean=0.011847     sumsq=127688.3375        argmax=170460
[dump]   top0 idx=170460 val=12.49079
[dump]   top1 idx=165667 val=11.71897
[dump]   top2 idx=322565 val=11.41420
[dump]   top3 idx=271365 val=11.35003
[dump]   top4 idx=261125 val=11.28539
[dump] L43.att    n=40960   finite=1 absmax=0.53261      mean=0.0031606    sumsq=187.5698502        argmax=28888
[dump]   top0 idx=28888 val=0.50453
[dump]   top1 idx=29551 val=0.49361
[dump]   top2 idx=16751 val=0.48727
[dump]   top3 idx=30398 val=0.46598
[dump]   top4 idx=11631 val=0.44776
[dump] L43.fmix   n=40960   finite=1 absmax=5.6195       mean=0.036993     sumsq=36498.43921        argmax=25380
[dump]   top0 idx=25380 val=5.61955
[dump]   top1 idx=24008 val=3.96667
[dump]   top2 idx=33683 val=3.93070
[dump]   top3 idx=9856 val=3.92679
[dump]   top4 idx=29120 val=3.87730
[dump] L43.mid    n=160     finite=1 absmax=0 mean=0 sumsq=0 ids: 300 180 86 133 13 413 91 60 64 162 44 166 300 124 471 293 24 346 363 477 293 300 417 117 124 166 505 471 44 483 300 19 439 293 189 42 371 257 221 155 300 221 257 219 376 371 439 348 243 80 300 10 499 133 331 472 337 26 286 146 300 499 462 337 363 146 64 219 293 483 300 499 146 374 86 101 337 363 462 117 300 121 97 86 499 462 451 145 483 203 300 483 266 293 462 216 270 299 324 430 300 496 323 86 90 182 64 117 278 403 300 86 499 337 0 227 61 133 272 451 300 86 499 133 462 483 363 64 337 250 300 325 248 86 202 499 133 436 355 259 300 325 86 499 4 14 146 347 117 60 300 325 86 499 436 99 462 337 98 81
[dump] L43.moe    n=40960   finite=1 absmax=0.18125      mean=0.0002543    sumsq=39.6370463         argmax=28742
[dump]   top0 idx=28742 val=0.18125
[dump]   top1 idx=31302 val=0.16908
[dump]   top2 idx=29516 val=0.14949
[dump]   top3 idx=30262 val=0.13984
[dump]   top4 idx=20711 val=0.13878
[dump] L43.res    n=327680  finite=1 absmax=48.273       mean=0.036307     sumsq=581714.7927        argmax=262128
[dump]   top0 idx=262128 val=22.17467
[dump]   top1 idx=221754 val=19.80057
[dump]   top2 idx=228833 val=18.13528
[dump]   top3 idx=166538 val=18.11713
[dump]   top4 idx=176454 val=17.96451
[dump] L44.att    n=40960   finite=1 absmax=4.7329       mean=0.0038265    sumsq=1146.054893        argmax=1827
[dump]   top0 idx=1827 val=3.86093
[dump]   top1 idx=9867 val=3.58932
[dump]   top2 idx=27787 val=3.44279
[dump]   top3 idx=2187 val=2.84236
[dump]   top4 idx=422 val=2.42238
[dump] L44.fmix   n=40960   finite=1 absmax=7.4876       mean=0.050653     sumsq=51121.52125        argmax=26903
[dump]   top0 idx=26903 val=6.11704
[dump]   top1 idx=25380 val=5.87272
[dump]   top2 idx=31821 val=5.58934
[dump]   top3 idx=1500 val=5.43777
[dump]   top4 idx=40033 val=5.18161
[dump] L44.mid    n=160     finite=1 absmax=0 mean=0 sumsq=0 ids: 56 433 263 174 405 338 51 209 277 142 505 1 472 303 402 426 39 290 441 358 39 24 285 505 472 396 287 314 441 135 24 339 27 260 117 311 422 182 417 308 117 260 24 303 133 258 466 328 308 119 174 296 248 395 169 361 59 338 433 56 117 24 87 59 260 418 174 472 303 256 87 338 81 248 395 441 59 209 37 174 283 87 287 447 135 59 501 490 21 39 472 287 447 401 190 501 45 303 39 371 416 102 24 377 87 490 56 61 338 418 87 338 433 61 207 248 24 284 209 119 87 433 338 24 248 61 207 490 284 56 437 87 61 150 340 433 207 303 248 424 61 35 424 96 150 207 87 119 209 264 87 61 119 207 174 150 209 187 248 424
[dump] L44.moe    n=40960   finite=1 absmax=0.27576      mean=-3.0806e-06  sumsq=43.76730371        argmax=17101
[dump]   top0 idx=17101 val=0.15717
[dump]   top1 idx=26838 val=0.15456
[dump]   top2 idx=14141 val=0.15442
[dump]   top3 idx=16747 val=0.14644
[dump]   top4 idx=39034 val=0.14560
[dump] L44.res    n=327680  finite=1 absmax=36.824       mean=0.029576     sumsq=401589.5432        argmax=165667
[dump]   top0 idx=165667 val=25.62528
[dump]   top1 idx=165576 val=21.69561
[dump]   top2 idx=210551 val=18.81189
[dump]   top3 idx=163978 val=18.80955
[dump]   top4 idx=190071 val=17.55316
[dump] L45.att    n=40960   finite=1 absmax=2.4907       mean=0.0057756    sumsq=2654.027813        argmax=30042
[dump]   top0 idx=30042 val=2.18728
[dump]   top1 idx=17170 val=2.16678
[dump]   top2 idx=19730 val=2.05326
[dump]   top3 idx=1810 val=1.94036
[dump]   top4 idx=40210 val=1.91518
[dump] L45.fmix   n=40960   finite=1 absmax=8.7873       mean=0.050344     sumsq=53847.26571        argmax=31821
[dump]   top0 idx=31821 val=5.97578
[dump]   top1 idx=1500 val=5.89620
[dump]   top2 idx=25380 val=5.75774
[dump]   top3 idx=6915 val=5.67341
[dump]   top4 idx=28794 val=5.48417
[dump] L45.mid    n=160     finite=1 absmax=0 mean=0 sumsq=0 ids: 237 48 475 227 22 51 303 406 215 442 237 149 222 455 269 391 223 488 231 429 316 222 237 7 391 488 231 505 87 229 237 292 274 123 371 391 263 176 332 153 263 176 68 323 391 214 492 505 237 307 198 237 152 484 169 270 22 442 51 186 237 229 51 263 235 176 391 75 231 505 237 303 51 391 152 75 22 171 283 186 237 79 29 185 229 142 51 156 219 0 131 222 156 219 185 142 338 62 385 99 237 108 303 335 51 443 127 102 22 511 237 303 443 51 87 229 235 442 22 497 237 51 229 127 443 442 22 303 75 54 443 237 277 116 393 177 303 75 51 326 443 237 389 303 393 431 486 177 257 277 443 237 51 486 393 75 431 303 218 328
[dump] L45.moe    n=40960   finite=1 absmax=0.23203      mean=-0.00057686  sumsq=63.12724895        argmax=29111
[dump]   top0 idx=29111 val=0.20560
[dump]   top1 idx=26468 val=0.19235
[dump]   top2 idx=24263 val=0.17689
[dump]   top3 idx=28159 val=0.17492
[dump]   top4 idx=27256 val=0.17486
[dump] L45.res    n=327680  finite=1 absmax=40.978       mean=0.027451     sumsq=432552.397         argmax=165667
[dump]   top0 idx=165667 val=40.97797
[dump]   top1 idx=167332 val=30.73577
[dump]   top2 idx=229650 val=26.31428
[dump]   top3 idx=168210 val=25.21446
[dump]   top4 idx=239890 val=23.62203
[dump] L46.att    n=40960   finite=1 absmax=5.6213       mean=0.0036319    sumsq=3750.242757        argmax=18554
[dump]   top0 idx=18554 val=5.59210
[dump]   top1 idx=12427 val=4.37412
[dump]   top2 idx=21114 val=4.28661
[dump]   top3 idx=26234 val=4.12816
[dump]   top4 idx=15994 val=3.80650
[dump] L46.fmix   n=40960   finite=1 absmax=8.7597       mean=0.04094      sumsq=54352.02105        argmax=26234
[dump]   top0 idx=26234 val=6.76083
[dump]   top1 idx=30042 val=6.57002
[dump]   top2 idx=5051 val=5.63623
[dump]   top3 idx=18554 val=5.54931
[dump]   top4 idx=28794 val=5.46407
[dump] L46.mid    n=160     finite=1 absmax=0 mean=0 sumsq=0 ids: 25 338 230 297 348 77 31 60 477 239 25 68 384 38 426 227 333 0 247 138 25 38 227 510 246 257 296 343 31 54 25 427 60 508 459 343 301 397 205 147 25 459 3 164 427 318 276 397 296 205 81 25 341 383 230 348 136 283 246 284 25 81 56 230 459 281 14 343 296 348 25 56 60 81 167 163 230 437 458 510 25 56 81 227 294 491 54 269 348 119 25 337 231 119 56 123 269 491 438 191 25 56 60 63 377 491 456 497 257 215 25 56 60 348 230 419 343 497 81 6 25 56 348 60 343 81 67 389 215 297 25 98 474 56 60 497 264 430 491 297 25 298 56 494 463 180 81 16 60 275 25 56 60 343 348 81 500 296 497 67
[dump] L46.moe    n=40960   finite=1 absmax=0.31377      mean=-0.00022712  sumsq=105.918088         argmax=26551
[dump]   top0 idx=26551 val=0.31377
[dump]   top1 idx=16387 val=0.27719
[dump]   top2 idx=1027 val=0.26484
[dump]   top3 idx=7257 val=0.25901
[dump]   top4 idx=17550 val=0.24547
[dump] L46.res    n=327680  finite=1 absmax=28.533       mean=0.020827     sumsq=255584.6037        argmax=165667
[dump]   top0 idx=165667 val=25.28975
[dump]   top1 idx=163978 val=16.15971
[dump]   top2 idx=196747 val=16.01901
[dump]   top3 idx=176454 val=14.05961
[dump]   top4 idx=268427 val=13.37294
[dump] L47.att    n=40960   finite=1 absmax=2.9395       mean=-0.0035887   sumsq=971.7432224        argmax=2314
[dump]   top0 idx=2314 val=2.93949
[dump]   top1 idx=722 val=1.89925
[dump]   top2 idx=579 val=1.44006
[dump]   top3 idx=1027 val=1.42590
[dump]   top4 idx=1202 val=1.35057
[dump] L47.fmix   n=2560    finite=1 absmax=6.0506       mean=0.0075611    sumsq=3313.845006        argmax=122
[dump]   top0 idx=122 val=4.92662
[dump]   top1 idx=1795 val=4.76880
[dump]   top2 idx=1429 val=4.43801
[dump]   top3 idx=1101 val=3.70161
[dump]   top4 idx=2396 val=3.58656
[dump] L47.mid    n=10      finite=1 absmax=0 mean=0 sumsq=0 ids: 352 186 95 417 422 444 179 103 70 340
[dump] L47.moe    n=2560    finite=1 absmax=0.60828      mean=-0.00095706  sumsq=19.5115738         argmax=951
[dump]   top0 idx=951 val=0.58147
[dump]   top1 idx=617 val=0.44760
[dump]   top2 idx=2213 val=0.41423
[dump]   top3 idx=192 val=0.38536
[dump]   top4 idx=92 val=0.33664
[dump] L47.res    n=20480   finite=1 absmax=67.459       mean=-0.011827    sumsq=171201.8724        argmax=20133
[dump]   top0 idx=20133 val=32.25233
[dump]   top1 idx=15242 val=31.05953
[dump]   top2 idx=15762 val=25.42074
[dump]   top3 idx=17573 val=23.38038
[dump]   top4 idx=15013 val=23.23442
[dump] L00.att    n=2560    finite=1 absmax=0.7683       mean=-0.00058846  sumsq=25.4313607         argmax=5
[dump]   top0 idx=5 val=0.76830
[dump]   top1 idx=417 val=0.74188
[dump]   top2 idx=67 val=0.67076
[dump]   top3 idx=2342 val=0.53429
[dump]   top4 idx=2325 val=0.38891
[dump] L00.fmix   n=2560    finite=1 absmax=1.9301       mean=0.015139     sumsq=403.7038477        argmax=1682
[dump]   top0 idx=1682 val=1.93007
[dump]   top1 idx=2474 val=1.87568
[dump]   top2 idx=1733 val=1.71622
[dump]   top3 idx=796 val=1.63881
[dump]   top4 idx=707 val=1.60155
[dump] L00.mid    n=10      finite=1 absmax=0 mean=0 sumsq=0 ids: 460 479 15 139 367 339 497 11 340 449
[dump] L00.moe    n=2560    finite=1 absmax=0.25278      mean=0.00049631   sumsq=2.478660716        argmax=1682
[dump]   top0 idx=1682 val=0.25278
[dump]   top1 idx=728 val=0.19798
[dump]   top2 idx=268 val=0.17653
[dump]   top3 idx=579 val=0.16937
[dump]   top4 idx=2238 val=0.16082
[dump] L00.res    n=10240   finite=1 absmax=0.22376      mean=0.00046861   sumsq=2.68966003         argmax=6802
[dump]   top0 idx=6802 val=0.22376
[dump]   top1 idx=5125 val=0.19488
[dump]   top2 idx=5187 val=0.17023
[dump]   top3 idx=5848 val=0.16976
[dump]   top4 idx=6325 val=0.14544
[dump] L01.att    n=2560    finite=1 absmax=1.8405       mean=-0.0069851   sumsq=54.58644429        argmax=331
[dump]   top0 idx=331 val=1.84052
[dump]   top1 idx=1392 val=0.83096
[dump]   top2 idx=736 val=0.58283
[dump]   top3 idx=667 val=0.56447
[dump]   top4 idx=1887 val=0.55677
[dump] L01.fmix   n=2560    finite=1 absmax=2.2863       mean=-0.0050342   sumsq=376.5618559        argmax=5
[dump]   top0 idx=5 val=1.98698
[dump]   top1 idx=227 val=1.60157
[dump]   top2 idx=588 val=1.49117
[dump]   top3 idx=631 val=1.44869
[dump]   top4 idx=533 val=1.34794
[dump] L01.mid    n=10      finite=1 absmax=0 mean=0 sumsq=0 ids: 500 69 154 19 86 306 505 349 249 67
[dump] L01.moe    n=2560    finite=1 absmax=0.037083     mean=0.00012237   sumsq=0.1316567178       argmax=855
[dump]   top0 idx=855 val=0.03708
[dump]   top1 idx=514 val=0.02290
[dump]   top2 idx=2301 val=0.02285
[dump]   top3 idx=2001 val=0.02272
[dump]   top4 idx=1039 val=0.02207
[dump] L01.res    n=20480   finite=1 absmax=17.278       mean=0.013517     sumsq=16328.92605        argmax=18251
[dump]   top0 idx=18251 val=17.27785
[dump]   top1 idx=15365 val=12.89187
[dump]   top2 idx=16454 val=11.92938
[dump]   top3 idx=19312 val=11.77100
[dump]   top4 idx=15948 val=10.22223
[dump] L02.att    n=2560    finite=1 absmax=0.53878      mean=0.0050882    sumsq=32.45874132        argmax=524
[dump]   top0 idx=524 val=0.41053
[dump]   top1 idx=253 val=0.39471
[dump]   top2 idx=1474 val=0.39031
[dump]   top3 idx=693 val=0.38356
[dump]   top4 idx=2151 val=0.38209
[dump] L02.fmix   n=2560    finite=1 absmax=2.8363       mean=0.0079854    sumsq=376.7605742        argmax=67
[dump]   top0 idx=67 val=1.40607
[dump]   top1 idx=631 val=1.38346
[dump]   top2 idx=1881 val=1.35723
[dump]   top3 idx=2342 val=1.29852
[dump]   top4 idx=2272 val=1.29142
[dump] L02.mid    n=10      finite=1 absmax=0 mean=0 sumsq=0 ids: 75 54 492 247 12 480 61 13 272 32
[dump] L02.moe    n=2560    finite=1 absmax=0.07042      mean=0.00058054   sumsq=0.2347088577       argmax=728
[dump]   top0 idx=728 val=0.07042
[dump]   top1 idx=885 val=0.06467
[dump]   top2 idx=951 val=0.06372
[dump]   top3 idx=385 val=0.05262
[dump]   top4 idx=65 val=0.05230
[dump] L02.res    n=20480   finite=1 absmax=15.26        mean=0.017461     sumsq=8234.053366        argmax=15365
[dump]   top0 idx=15365 val=15.25994
[dump]   top1 idx=16088 val=13.92859
[dump]   top2 idx=18251 val=8.66518
[dump]   top3 idx=15948 val=6.98017
[dump]   top4 idx=19312 val=6.95954
[dump] L03.att    n=2560    finite=1 absmax=0.42472      mean=-0.0039034   sumsq=17.97531486        argmax=2442
[dump]   top0 idx=2442 val=0.42472
[dump]   top1 idx=551 val=0.31679
[dump]   top2 idx=1890 val=0.28437
[dump]   top3 idx=1930 val=0.26397
[dump]   top4 idx=1395 val=0.25752
[dump] L03.fmix   n=2560    finite=1 absmax=4.2505       mean=0.0059108    sumsq=679.7076101        argmax=67
[dump]   top0 idx=67 val=2.23494
[dump]   top1 idx=728 val=1.95769
[dump]   top2 idx=1930 val=1.93334
[dump]   top3 idx=631 val=1.87196
[dump]   top4 idx=259 val=1.74235
[dump] L03.mid    n=10      finite=1 absmax=0 mean=0 sumsq=0 ids: 101 504 365 190 318 143 231 455 8 441
[dump] L03.moe    n=2560    finite=1 absmax=0.048522     mean=0.00015972   sumsq=0.2910620351       argmax=949
[dump]   top0 idx=949 val=0.04852
[dump]   top1 idx=2140 val=0.04256
[dump]   top2 idx=1096 val=0.03661
[dump]   top3 idx=2172 val=0.03392
[dump]   top4 idx=544 val=0.02992
[dump] L03.res    n=20480   finite=1 absmax=16.568       mean=0.019006     sumsq=16901.21255        argmax=15365
[dump]   top0 idx=15365 val=16.56824
[dump]   top1 idx=15948 val=12.82424
[dump]   top2 idx=16088 val=10.86131
[dump]   top3 idx=18012 val=9.84841
[dump]   top4 idx=16565 val=9.54398
[dump] L04.att    n=2560    finite=1 absmax=0.41243      mean=-0.00017957  sumsq=16.03481654        argmax=1653
[dump]   top0 idx=1653 val=0.41243
[dump]   top1 idx=631 val=0.30822
[dump]   top2 idx=2433 val=0.30150
[dump]   top3 idx=372 val=0.29795
[dump]   top4 idx=245 val=0.24612
[dump] L04.fmix   n=2560    finite=1 absmax=3.8952       mean=0.011752     sumsq=793.5820055        argmax=1521
[dump]   top0 idx=1521 val=1.99318
[dump]   top1 idx=1205 val=1.87284
[dump]   top2 idx=418 val=1.80383
[dump]   top3 idx=67 val=1.76228
[dump]   top4 idx=1930 val=1.75911
[dump] L04.mid    n=10      finite=1 absmax=0 mean=0 sumsq=0 ids: 106 41 410 496 320 500 252 209 274 453
[dump] L04.moe    n=2560    finite=1 absmax=0.063336     mean=-8.517e-06   sumsq=0.3109680228       argmax=1653
[dump]   top0 idx=1653 val=0.06334
[dump]   top1 idx=1199 val=0.04135
[dump]   top2 idx=579 val=0.03721
[dump]   top3 idx=2083 val=0.03562
[dump]   top4 idx=1185 val=0.03455
[dump] L04.res    n=20480   finite=1 absmax=22.163       mean=0.015435     sumsq=15742.34477        argmax=19573
[dump]   top0 idx=19573 val=22.16277
[dump]   top1 idx=15365 val=13.54502
[dump]   top2 idx=15948 val=12.67301
[dump]   top3 idx=16088 val=12.56291
[dump]   top4 idx=16311 val=9.74184
[dump] L05.att    n=2560    finite=1 absmax=0.46336      mean=-0.0014479   sumsq=14.95942126        argmax=593
[dump]   top0 idx=593 val=0.35201
[dump]   top1 idx=1134 val=0.32269
[dump]   top2 idx=1897 val=0.31605
[dump]   top3 idx=1205 val=0.30301
[dump]   top4 idx=1770 val=0.29176
[dump] L05.fmix   n=2560    finite=1 absmax=2.265        mean=0.010114     sumsq=622.8839063        argmax=631
[dump]   top0 idx=631 val=2.26503
[dump]   top1 idx=1205 val=1.79269
[dump]   top2 idx=753 val=1.65740
[dump]   top3 idx=1521 val=1.58471
[dump]   top4 idx=1512 val=1.49664
[dump] L05.mid    n=10      finite=1 absmax=0 mean=0 sumsq=0 ids: 446 344 169 314 236 468 471 291 302 49
[dump] L05.moe    n=2560    finite=1 absmax=0.036897     mean=0.00029038   sumsq=0.2029397574       argmax=885
[dump]   top0 idx=885 val=0.03690
[dump]   top1 idx=2533 val=0.03467
[dump]   top2 idx=2505 val=0.03156
[dump]   top3 idx=192 val=0.02935
[dump]   top4 idx=2314 val=0.02900
[dump] L05.res    n=20480   finite=1 absmax=15.893       mean=0.016846     sumsq=13841.47521        argmax=15365
[dump]   top0 idx=15365 val=15.89316
[dump]   top1 idx=16088 val=14.46950
[dump]   top2 idx=15948 val=10.42644
[dump]   top3 idx=18012 val=9.71179
[dump]   top4 idx=17702 val=9.11717
[dump] L06.att    n=2560    finite=1 absmax=1.1325       mean=-0.0013022   sumsq=54.85153691        argmax=951
[dump]   top0 idx=951 val=1.13252
[dump]   top1 idx=482 val=1.12465
[dump]   top2 idx=728 val=0.74362
[dump]   top3 idx=1682 val=0.59553
[dump]   top4 idx=1359 val=0.57153
[dump] L06.fmix   n=2560    finite=1 absmax=2.952        mean=0.015338     sumsq=898.3072051        argmax=631
[dump]   top0 idx=631 val=2.52782
[dump]   top1 idx=1521 val=2.02558
[dump]   top2 idx=1523 val=1.97205
[dump]   top3 idx=67 val=1.93949
[dump]   top4 idx=1512 val=1.81079
[dump] L06.mid    n=10      finite=1 absmax=0 mean=0 sumsq=0 ids: 51 152 159 91 432 109 165 375 123 223
[dump] L06.moe    n=2560    finite=1 absmax=0.064186     mean=0.00056675   sumsq=0.3414823734       argmax=2453
[dump]   top0 idx=2453 val=0.06419
[dump]   top1 idx=528 val=0.04678
[dump]   top2 idx=1716 val=0.04539
[dump]   top3 idx=513 val=0.04435
[dump]   top4 idx=1102 val=0.04433
[dump] L06.res    n=20480   finite=1 absmax=14.267       mean=0.014551     sumsq=7722.933262        argmax=15365
[dump]   top0 idx=15365 val=14.26680
[dump]   top1 idx=16088 val=8.81933
[dump]   top2 idx=15948 val=6.84709
[dump]   top3 idx=17702 val=6.71351
[dump]   top4 idx=10722 val=6.23505
[dump] L07.att    n=2560    finite=1 absmax=0.6869       mean=0.0011041    sumsq=30.11197116        argmax=2293
[dump]   top0 idx=2293 val=0.48984
[dump]   top1 idx=2180 val=0.45863
[dump]   top2 idx=1795 val=0.41988
[dump]   top3 idx=1076 val=0.40657
[dump]   top4 idx=47 val=0.39772
[dump] L07.fmix   n=2560    finite=1 absmax=2.206        mean=0.019248     sumsq=674.2245729        argmax=1521
[dump]   top0 idx=1521 val=1.73362
[dump]   top1 idx=2433 val=1.68189
[dump]   top2 idx=259 val=1.58990
[dump]   top3 idx=631 val=1.53331
[dump]   top4 idx=205 val=1.48502
[dump] L07.mid    n=10      finite=1 absmax=0 mean=0 sumsq=0 ids: 87 242 445 358 252 193 191 8 194 163
[dump] L07.moe    n=2560    finite=1 absmax=0.049282     mean=0.00028749   sumsq=0.2836662595       argmax=2453
[dump]   top0 idx=2453 val=0.04068
[dump]   top1 idx=757 val=0.03677
[dump]   top2 idx=2258 val=0.03584
[dump]   top3 idx=526 val=0.03426
[dump]   top4 idx=1712 val=0.03369
[dump] L07.res    n=20480   finite=1 absmax=13.416       mean=0.025297     sumsq=16817.67095        argmax=13987
[dump]   top0 idx=13987 val=10.77648
[dump]   top1 idx=16088 val=8.62989
[dump]   top2 idx=17702 val=8.04639
[dump]   top3 idx=15948 val=7.96997
[dump]   top4 idx=18551 val=7.91009
[dump] L08.att    n=2560    finite=1 absmax=0.099425     mean=0.00011476   sumsq=1.489584304        argmax=799
[dump]   top0 idx=799 val=0.09942
[dump]   top1 idx=1499 val=0.08979
[dump]   top2 idx=582 val=0.08848
[dump]   top3 idx=706 val=0.08309
[dump]   top4 idx=1043 val=0.08214
[dump] L08.fmix   n=2560    finite=1 absmax=2.4797       mean=0.026926     sumsq=685.5133484        argmax=631
[dump]   top0 idx=631 val=2.47974
[dump]   top1 idx=2433 val=1.71539
[dump]   top2 idx=1930 val=1.63571
[dump]   top3 idx=744 val=1.61197
[dump]   top4 idx=1899 val=1.54383
[dump] L08.mid    n=10      finite=1 absmax=0 mean=0 sumsq=0 ids: 263 181 134 360 462 175 46 183 219 28
[dump] L08.moe    n=2560    finite=1 absmax=0.043603     mean=-0.00037879  sumsq=0.4623271659       argmax=3
[dump]   top0 idx=3 val=0.04354
[dump]   top1 idx=1388 val=0.03980
[dump]   top2 idx=1153 val=0.03973
[dump]   top3 idx=1595 val=0.03865
[dump]   top4 idx=2075 val=0.03845
[dump] L08.res    n=20480   finite=1 absmax=11.529       mean=0.014859     sumsq=11669.04862        argmax=16088
[dump]   top0 idx=16088 val=11.52868
[dump]   top1 idx=15365 val=8.46396
[dump]   top2 idx=18012 val=7.03913
[dump]   top3 idx=16747 val=6.74979
[dump]   top4 idx=16565 val=6.28568
[dump] L09.att    n=2560    finite=1 absmax=0.34784      mean=0.0025287    sumsq=17.14986911        argmax=2393
[dump]   top0 idx=2393 val=0.34784
[dump]   top1 idx=1332 val=0.29146
[dump]   top2 idx=1378 val=0.28358
[dump]   top3 idx=1413 val=0.27881
[dump]   top4 idx=149 val=0.26060
[dump] L09.fmix   n=2560    finite=1 absmax=2.5066       mean=0.027622     sumsq=723.4705311        argmax=92
[dump]   top0 idx=92 val=2.50658
[dump]   top1 idx=1205 val=2.12946
[dump]   top2 idx=2433 val=1.91461
[dump]   top3 idx=631 val=1.70727
[dump]   top4 idx=1180 val=1.55049
[dump] L09.mid    n=10      finite=1 absmax=0 mean=0 sumsq=0 ids: 264 430 142 376 478 68 153 26 488 218
[dump] L09.moe    n=2560    finite=1 absmax=0.037123     mean=6.5407e-05   sumsq=0.2734011772       argmax=1395
[dump]   top0 idx=1395 val=0.03594
[dump]   top1 idx=105 val=0.03410
[dump]   top2 idx=1652 val=0.03274
[dump]   top3 idx=705 val=0.03154
[dump]   top4 idx=2206 val=0.03142
[dump] L09.res    n=20480   finite=1 absmax=14.512       mean=0.018994     sumsq=13386.94746        argmax=16088
[dump]   top0 idx=16088 val=14.06238
[dump]   top1 idx=15948 val=9.54474
[dump]   top2 idx=15778 val=7.92213
[dump]   top3 idx=15365 val=7.49881
[dump]   top4 idx=19715 val=7.42649
[dump] L10.att    n=2560    finite=1 absmax=0.37592      mean=-8.6407e-05  sumsq=17.28624563        argmax=728
[dump]   top0 idx=728 val=0.37592
[dump]   top1 idx=1912 val=0.34278
[dump]   top2 idx=508 val=0.33728
[dump]   top3 idx=816 val=0.32568
[dump]   top4 idx=482 val=0.29725
[dump] L10.fmix   n=2560    finite=1 absmax=1.9164       mean=0.020331     sumsq=621.1032889        argmax=631
[dump]   top0 idx=631 val=1.89628
[dump]   top1 idx=92 val=1.85887
[dump]   top2 idx=1512 val=1.65970
[dump]   top3 idx=2433 val=1.63611
[dump]   top4 idx=1225 val=1.54886
[dump] L10.mid    n=10      finite=1 absmax=0 mean=0 sumsq=0 ids: 355 461 97 495 417 387 373 322 404 18
[dump] L10.moe    n=2560    finite=1 absmax=0.03709      mean=-0.00026559  sumsq=0.2993035586       argmax=618
[dump]   top0 idx=618 val=0.03513
[dump]   top1 idx=2105 val=0.03505
[dump]   top2 idx=86 val=0.03497
[dump]   top3 idx=1253 val=0.03374
[dump]   top4 idx=2097 val=0.03239
[dump] L10.res    n=20480   finite=1 absmax=9.9819       mean=0.011272     sumsq=7153.850706        argmax=15365
[dump]   top0 idx=15365 val=9.98194
[dump]   top1 idx=16088 val=9.75290
[dump]   top2 idx=16311 val=9.18799
[dump]   top3 idx=17598 val=7.47188
[dump]   top4 idx=15778 val=6.06351
[dump] L11.att    n=2560    finite=1 absmax=0.398        mean=0.0010863    sumsq=20.51673646        argmax=2448
[dump]   top0 idx=2448 val=0.29800
[dump]   top1 idx=892 val=0.28847
[dump]   top2 idx=480 val=0.28028
[dump]   top3 idx=1913 val=0.27621
[dump]   top4 idx=2206 val=0.27481
[dump] L11.fmix   n=2560    finite=1 absmax=2.7667       mean=0.014428     sumsq=623.6530838        argmax=631
[dump]   top0 idx=631 val=2.76672
[dump]   top1 idx=2433 val=1.76421
[dump]   top2 idx=92 val=1.62301
[dump]   top3 idx=1512 val=1.57661
[dump]   top4 idx=1182 val=1.49757
[dump] L11.mid    n=10      finite=1 absmax=0 mean=0 sumsq=0 ids: 323 418 508 166 261 273 430 48 371 108
[dump] L11.moe    n=2560    finite=1 absmax=0.047939     mean=-0.00030494  sumsq=0.4360955988       argmax=1957
[dump]   top0 idx=1957 val=0.04375
[dump]   top1 idx=1642 val=0.03908
[dump]   top2 idx=1572 val=0.03828
[dump]   top3 idx=371 val=0.03623
[dump]   top4 idx=2360 val=0.03617
[dump] L11.res    n=20480   finite=1 absmax=14.159       mean=0.011206     sumsq=13744.88875        argmax=16088
[dump]   top0 idx=16088 val=14.15910
[dump]   top1 idx=15365 val=8.33190
[dump]   top2 idx=16311 val=7.54319
[dump]   top3 idx=15778 val=7.52528
[dump]   top4 idx=11422 val=6.59896
[dump] L12.att    n=2560    finite=1 absmax=0.37731      mean=-0.00066215  sumsq=18.69708925        argmax=728
[dump]   top0 idx=728 val=0.30952
[dump]   top1 idx=1432 val=0.30639
[dump]   top2 idx=539 val=0.29161
[dump]   top3 idx=729 val=0.27948
[dump]   top4 idx=1741 val=0.27750
[dump] L12.fmix   n=2560    finite=1 absmax=2.3031       mean=0.012881     sumsq=648.8796402        argmax=631
[dump]   top0 idx=631 val=2.30308
[dump]   top1 idx=2433 val=1.86731
[dump]   top2 idx=1205 val=1.83377
[dump]   top3 idx=65 val=1.77273
[dump]   top4 idx=92 val=1.74663
[dump] L12.mid    n=10      finite=1 absmax=0 mean=0 sumsq=0 ids: 421 0 433 63 277 283 390 21 52 37
[dump] L12.moe    n=2560    finite=1 absmax=0.049264     mean=-0.00020109  sumsq=0.2365887728       argmax=667
[dump]   top0 idx=667 val=0.03647
[dump]   top1 idx=915 val=0.03371
[dump]   top2 idx=761 val=0.03134
[dump]   top3 idx=235 val=0.03002
[dump]   top4 idx=2324 val=0.02878
[dump] L12.res    n=20480   finite=1 absmax=11.3         mean=0.0073004    sumsq=13745.71898        argmax=16088
[dump]   top0 idx=16088 val=11.30039
[dump]   top1 idx=17671 val=8.24285
[dump]   top2 idx=16747 val=7.42276
[dump]   top3 idx=16565 val=7.10762
[dump]   top4 idx=17101 val=6.99856
[dump] L13.att    n=2560    finite=1 absmax=0.2466       mean=0.00023897   sumsq=6.818163756        argmax=728
[dump]   top0 idx=728 val=0.24660
[dump]   top1 idx=951 val=0.23846
[dump]   top2 idx=1795 val=0.22017
[dump]   top3 idx=2445 val=0.20278
[dump]   top4 idx=788 val=0.17924
[dump] L13.fmix   n=2560    finite=1 absmax=2.1779       mean=-0.0001511   sumsq=620.4245362        argmax=728
[dump]   top0 idx=728 val=2.17786
[dump]   top1 idx=951 val=1.87572
[dump]   top2 idx=1301 val=1.75583
[dump]   top3 idx=1616 val=1.63594
[dump]   top4 idx=2453 val=1.59191
[dump] L13.mid    n=10      finite=1 absmax=0 mean=0 sumsq=0 ids: 259 387 265 97 273 357 91 468 93 224
[dump] L13.moe    n=2560    finite=1 absmax=0.066018     mean=-4.73e-05    sumsq=0.9123236816       argmax=2480
[dump]   top0 idx=2480 val=0.06568
[dump]   top1 idx=2401 val=0.05737
[dump]   top2 idx=1977 val=0.05696
[dump]   top3 idx=2378 val=0.05639
[dump]   top4 idx=2525 val=0.05636
[dump] L13.res    n=20480   finite=1 absmax=12.956       mean=0.0087228    sumsq=15344.8961         argmax=16311
[dump]   top0 idx=16311 val=12.95605
[dump]   top1 idx=16088 val=11.86575
[dump]   top2 idx=16747 val=8.24556
[dump]   top3 idx=15778 val=7.56063
[dump]   top4 idx=17671 val=7.41917
[dump] L14.att    n=2560    finite=1 absmax=0.44005      mean=0.00092531   sumsq=18.26562751        argmax=482
[dump]   top0 idx=482 val=0.44005
[dump]   top1 idx=2433 val=0.41828
[dump]   top2 idx=689 val=0.41519
[dump]   top3 idx=360 val=0.37810
[dump]   top4 idx=2215 val=0.37207
[dump] L14.fmix   n=2560    finite=1 absmax=2.1854       mean=0.0081352    sumsq=686.0750457        argmax=631
[dump]   top0 idx=631 val=2.18537
[dump]   top1 idx=728 val=2.14316
[dump]   top2 idx=1512 val=1.91019
[dump]   top3 idx=1616 val=1.78871
[dump]   top4 idx=1482 val=1.73621
[dump] L14.mid    n=10      finite=1 absmax=0 mean=0 sumsq=0 ids: 335 398 506 212 473 138 312 151 108 409
[dump] L14.moe    n=2560    finite=1 absmax=0.030436     mean=-0.0002945   sumsq=0.1239841742       argmax=1827
[dump]   top0 idx=1827 val=0.03044
[dump]   top1 idx=875 val=0.02702
[dump]   top2 idx=1039 val=0.02602
[dump]   top3 idx=1603 val=0.02481
[dump]   top4 idx=162 val=0.02199
[dump] L14.res    n=20480   finite=1 absmax=11.015       mean=0.0060857    sumsq=7343.593598        argmax=16088
[dump]   top0 idx=16088 val=11.01461
[dump]   top1 idx=15365 val=8.35504
[dump]   top2 idx=16747 val=5.36996
[dump]   top3 idx=16311 val=5.34805
[dump]   top4 idx=17598 val=5.08312
[dump] L15.att    n=2560    finite=1 absmax=0.37867      mean=-0.0027789   sumsq=14.56633601        argmax=1359
[dump]   top0 idx=1359 val=0.37867
[dump]   top1 idx=1879 val=0.31020
[dump]   top2 idx=808 val=0.28791
[dump]   top3 idx=1716 val=0.26495
[dump]   top4 idx=1227 val=0.25885
[dump] L15.fmix   n=2560    finite=1 absmax=4.4981       mean=-0.0093517   sumsq=1517.247818        argmax=728
[dump]   top0 idx=728 val=4.49814
[dump]   top1 idx=2238 val=2.85990
[dump]   top2 idx=1512 val=2.52196
[dump]   top3 idx=836 val=2.51593
[dump]   top4 idx=320 val=2.50708
[dump] L15.mid    n=10      finite=1 absmax=0 mean=0 sumsq=0 ids: 494 289 207 405 288 192 174 283 199 33
[dump] L15.moe    n=2560    finite=1 absmax=0.051647     mean=-2.4589e-05  sumsq=0.451760101        argmax=1408
[dump]   top0 idx=1408 val=0.05165
[dump]   top1 idx=158 val=0.04986
[dump]   top2 idx=652 val=0.04684
[dump]   top3 idx=654 val=0.04318
[dump]   top4 idx=282 val=0.04030
[dump] L15.res    n=20480   finite=1 absmax=13.657       mean=0.0011586    sumsq=17610.75348        argmax=16311
[dump]   top0 idx=16311 val=13.65691
[dump]   top1 idx=16088 val=10.30316
[dump]   top2 idx=17671 val=9.69000
[dump]   top3 idx=16747 val=9.49565
[dump]   top4 idx=17101 val=9.22038
[dump] L16.att    n=2560    finite=1 absmax=0.23402      mean=-0.0009374   sumsq=6.033103712        argmax=2057
[dump]   top0 idx=2057 val=0.23402
[dump]   top1 idx=2184 val=0.17764
[dump]   top2 idx=713 val=0.17603
[dump]   top3 idx=2054 val=0.16806
[dump]   top4 idx=1076 val=0.16332
[dump] L16.fmix   n=2560    finite=1 absmax=2.634        mean=-0.010588    sumsq=1243.261668        argmax=1512
[dump]   top0 idx=1512 val=2.49514
[dump]   top1 idx=320 val=2.47442
[dump]   top2 idx=836 val=2.13266
[dump]   top3 idx=667 val=2.05476
[dump]   top4 idx=2480 val=2.04478
[dump] L16.mid    n=10      finite=1 absmax=0 mean=0 sumsq=0 ids: 243 228 58 272 391 263 278 142 487 429
[dump] L16.moe    n=2560    finite=1 absmax=0.06065      mean=-4.2727e-06  sumsq=0.6339195619       argmax=2532
[dump]   top0 idx=2532 val=0.06065
[dump]   top1 idx=1058 val=0.04699
[dump]   top2 idx=333 val=0.04563
[dump]   top3 idx=812 val=0.04541
[dump]   top4 idx=1383 val=0.04469
[dump] L16.res    n=20480   finite=1 absmax=10.476       mean=0.00082752   sumsq=16535.03091        argmax=16088
[dump]   top0 idx=16088 val=10.47625
[dump]   top1 idx=15778 val=10.13343
[dump]   top2 idx=16311 val=8.34739
[dump]   top3 idx=16747 val=8.03496
[dump]   top4 idx=17598 val=7.76300
[dump] L17.att    n=2560    finite=1 absmax=0.23777      mean=0.00048587   sumsq=4.857274537        argmax=1984
[dump]   top0 idx=1984 val=0.23777
[dump]   top1 idx=394 val=0.18058
[dump]   top2 idx=871 val=0.18024
[dump]   top3 idx=177 val=0.17167
[dump]   top4 idx=223 val=0.13666
[dump] L17.fmix   n=2560    finite=1 absmax=2.1979       mean=-0.0068269   sumsq=1000.765083        argmax=1512
[dump]   top0 idx=1512 val=1.98008
[dump]   top1 idx=812 val=1.92723
[dump]   top2 idx=1482 val=1.91265
[dump]   top3 idx=788 val=1.77131
[dump]   top4 idx=793 val=1.75963
[dump] L17.mid    n=10      finite=1 absmax=0 mean=0 sumsq=0 ids: 136 499 486 363 139 209 84 471 422 365
[dump] L17.moe    n=2560    finite=1 absmax=0.038025     mean=0.00031747   sumsq=0.2532301005       argmax=946
[dump]   top0 idx=946 val=0.03802
[dump]   top1 idx=928 val=0.03613
[dump]   top2 idx=1696 val=0.03277
[dump]   top3 idx=268 val=0.03054
[dump]   top4 idx=290 val=0.03044
[dump] L17.res    n=20480   finite=1 absmax=14.088       mean=0.0074391    sumsq=16375.4759         argmax=16088
[dump]   top0 idx=16088 val=14.08794
[dump]   top1 idx=16311 val=10.83697
[dump]   top2 idx=10748 val=9.40225
[dump]   top3 idx=16747 val=8.89818
[dump]   top4 idx=16565 val=8.59186
[dump] L18.att    n=2560    finite=1 absmax=0.29639      mean=-0.00067188  sumsq=5.959524743        argmax=482
[dump]   top0 idx=482 val=0.29639
[dump]   top1 idx=167 val=0.21326
[dump]   top2 idx=1509 val=0.17961
[dump]   top3 idx=689 val=0.17756
[dump]   top4 idx=784 val=0.17524
[dump] L18.fmix   n=2560    finite=1 absmax=2.5424       mean=0.0059259    sumsq=902.4168829        argmax=65
[dump]   top0 idx=65 val=2.19697
[dump]   top1 idx=588 val=2.18371
[dump]   top2 idx=631 val=2.10496
[dump]   top3 idx=1616 val=2.05684
[dump]   top4 idx=2491 val=2.00351
[dump] L18.mid    n=10      finite=1 absmax=0 mean=0 sumsq=0 ids: 131 264 29 211 448 353 347 101 24 201
[dump] L18.moe    n=2560    finite=1 absmax=0.047186     mean=0.00014232   sumsq=0.3457273659       argmax=2356
[dump]   top0 idx=2356 val=0.04719
[dump]   top1 idx=2198 val=0.04123
[dump]   top2 idx=86 val=0.03476
[dump]   top3 idx=1180 val=0.03468
[dump]   top4 idx=964 val=0.03271
[dump] L18.res    n=20480   finite=1 absmax=11.373       mean=0.006608     sumsq=7754.552509        argmax=16088
[dump]   top0 idx=16088 val=11.37263
[dump]   top1 idx=17101 val=8.16232
[dump]   top2 idx=15365 val=7.63877
[dump]   top3 idx=16311 val=7.46597
[dump]   top4 idx=10722 val=6.97367
[dump] L19.att    n=2560    finite=1 absmax=0.45292      mean=0.0011948    sumsq=17.7674978         argmax=1227
[dump]   top0 idx=1227 val=0.43315
[dump]   top1 idx=694 val=0.35056
[dump]   top2 idx=742 val=0.34372
[dump]   top3 idx=356 val=0.33390
[dump]   top4 idx=2359 val=0.33364
[dump] L19.fmix   n=2560    finite=1 absmax=2.331        mean=0.0033224    sumsq=1171.437361        argmax=2390
[dump]   top0 idx=2390 val=2.21999
[dump]   top1 idx=2499 val=2.01053
[dump]   top2 idx=2261 val=1.97963
[dump]   top3 idx=1171 val=1.94148
[dump]   top4 idx=667 val=1.93215
[dump] L19.mid    n=10      finite=1 absmax=0 mean=0 sumsq=0 ids: 31 121 377 222 315 291 490 162 173 434
[dump] L19.moe    n=2560    finite=1 absmax=0.040375     mean=0.00054346   sumsq=0.29510473         argmax=105
[dump]   top0 idx=105 val=0.03827
[dump]   top1 idx=1466 val=0.03675
[dump]   top2 idx=1461 val=0.03509
[dump]   top3 idx=797 val=0.03459
[dump]   top4 idx=25 val=0.03417
[dump] L19.res    n=20480   finite=1 absmax=15.432       mean=0.016824     sumsq=18221.41335        argmax=16311
[dump]   top0 idx=16311 val=15.43243
[dump]   top1 idx=17598 val=12.38753
[dump]   top2 idx=16088 val=10.61857
[dump]   top3 idx=17671 val=7.29994
[dump]   top4 idx=16747 val=7.08573
[dump] L20.att    n=2560    finite=1 absmax=0.5733       mean=-0.0024393   sumsq=18.12207433        argmax=717
[dump]   top0 idx=717 val=0.41389
[dump]   top1 idx=1641 val=0.39811
[dump]   top2 idx=1132 val=0.35256
[dump]   top3 idx=2293 val=0.33288
[dump]   top4 idx=1653 val=0.31262
[dump] L20.fmix   n=2560    finite=1 absmax=3.5277       mean=0.011771     sumsq=1421.958096        argmax=1466
[dump]   top0 idx=1466 val=2.92525
[dump]   top1 idx=2481 val=2.22500
[dump]   top2 idx=1171 val=2.21019
[dump]   top3 idx=1918 val=2.14954
[dump]   top4 idx=2261 val=2.10637
[dump] L20.mid    n=10      finite=1 absmax=0 mean=0 sumsq=0 ids: 485 387 442 179 258 296 388 307 40 363
[dump] L20.moe    n=2560    finite=1 absmax=0.050947     mean=0.00056307   sumsq=0.4377206423       argmax=662
[dump]   top0 idx=662 val=0.05095
[dump]   top1 idx=391 val=0.04234
[dump]   top2 idx=1450 val=0.04078
[dump]   top3 idx=1570 val=0.03839
[dump]   top4 idx=2124 val=0.03672
[dump] L20.res    n=20480   finite=1 absmax=11.855       mean=0.019955     sumsq=20792.16123        argmax=16088
[dump]   top0 idx=16088 val=11.85543
[dump]   top1 idx=15948 val=10.11264
[dump]   top2 idx=17671 val=9.76938
[dump]   top3 idx=15755 val=9.67258
[dump]   top4 idx=16747 val=9.08648
[dump] L21.att    n=2560    finite=1 absmax=0.29191      mean=0.0013127    sumsq=2.522468116        argmax=951
[dump]   top0 idx=951 val=0.29191
[dump]   top1 idx=192 val=0.22054
[dump]   top2 idx=728 val=0.17592
[dump]   top3 idx=508 val=0.16167
[dump]   top4 idx=993 val=0.14680
[dump] L21.fmix   n=2560    finite=1 absmax=3.574        mean=0.042709     sumsq=1392.059026        argmax=65
[dump]   top0 idx=65 val=2.60419
[dump]   top1 idx=1466 val=2.51753
[dump]   top2 idx=1918 val=2.49640
[dump]   top3 idx=1696 val=2.47990
[dump]   top4 idx=524 val=2.36395
[dump] L21.mid    n=10      finite=1 absmax=0 mean=0 sumsq=0 ids: 255 25 118 346 313 418 379 369 57 306
[dump] L21.moe    n=2560    finite=1 absmax=0.049628     mean=-1.7017e-05  sumsq=0.4727265716       argmax=465
[dump]   top0 idx=465 val=0.04963
[dump]   top1 idx=2269 val=0.04426
[dump]   top2 idx=2079 val=0.04170
[dump]   top3 idx=2233 val=0.04050
[dump]   top4 idx=2429 val=0.03984
[dump] L21.res    n=20480   finite=1 absmax=17.647       mean=0.022605     sumsq=17059.96523        argmax=15365
[dump]   top0 idx=15365 val=17.64741
[dump]   top1 idx=15948 val=12.55799
[dump]   top2 idx=15991 val=10.37136
[dump]   top3 idx=17279 val=10.29832
[dump]   top4 idx=17702 val=10.04722
[dump] L22.att    n=2560    finite=1 absmax=0.65944      mean=0.00087225   sumsq=7.587612161        argmax=268
[dump]   top0 idx=268 val=0.65944
[dump]   top1 idx=2238 val=0.39474
[dump]   top2 idx=728 val=0.36148
[dump]   top3 idx=951 val=0.33610
[dump]   top4 idx=631 val=0.29780
[dump] L22.fmix   n=2560    finite=1 absmax=3.4439       mean=0.029514     sumsq=1028.490366        argmax=65
[dump]   top0 idx=65 val=2.25760
[dump]   top1 idx=67 val=2.14765
[dump]   top2 idx=631 val=2.02420
[dump]   top3 idx=1857 val=2.00893
[dump]   top4 idx=2279 val=2.00825
[dump] L22.mid    n=10      finite=1 absmax=0 mean=0 sumsq=0 ids: 279 301 504 50 364 454 460 287 355 135
[dump] L22.moe    n=2560    finite=1 absmax=0.066341     mean=-3.5924e-05  sumsq=0.5369148364       argmax=1313
[dump]   top0 idx=1313 val=0.06634
[dump]   top1 idx=227 val=0.05523
[dump]   top2 idx=1237 val=0.05389
[dump]   top3 idx=1634 val=0.05014
[dump]   top4 idx=1273 val=0.04981
[dump] L22.res    n=20480   finite=1 absmax=12.247       mean=0.015862     sumsq=10908.88727        argmax=15365
[dump]   top0 idx=15365 val=12.24676
[dump]   top1 idx=16153 val=9.42423
[dump]   top2 idx=16088 val=9.31415
[dump]   top3 idx=16311 val=8.89408
[dump]   top4 idx=17101 val=8.07218
[dump] L23.att    n=2560    finite=1 absmax=0.41673      mean=0.0011278    sumsq=13.21227193        argmax=2517
[dump]   top0 idx=2517 val=0.32069
[dump]   top1 idx=784 val=0.30439
[dump]   top2 idx=86 val=0.29913
[dump]   top3 idx=1790 val=0.28518
[dump]   top4 idx=1135 val=0.28148
[dump] L23.fmix   n=2560    finite=1 absmax=2.8785       mean=0.024655     sumsq=1573.24574         argmax=2215
[dump]   top0 idx=2215 val=2.62937
[dump]   top1 idx=1171 val=2.58773
[dump]   top2 idx=1696 val=2.50336
[dump]   top3 idx=1798 val=2.49403
[dump]   top4 idx=98 val=2.47289
[dump] L23.mid    n=10      finite=1 absmax=0 mean=0 sumsq=0 ids: 356 128 480 355 45 342 477 354 107 334
[dump] L23.moe    n=2560    finite=1 absmax=0.083491     mean=0.00019938   sumsq=1.222582944        argmax=1354
[dump]   top0 idx=1354 val=0.08349
[dump]   top1 idx=1301 val=0.07921
[dump]   top2 idx=1525 val=0.07295
[dump]   top3 idx=2139 val=0.06764
[dump]   top4 idx=2286 val=0.06260
[dump] L23.res    n=20480   finite=1 absmax=15.929       mean=0.025289     sumsq=16860.25052        argmax=15991
[dump]   top0 idx=15991 val=11.10564
[dump]   top1 idx=16088 val=10.71898
[dump]   top2 idx=16565 val=8.50717
[dump]   top3 idx=15948 val=8.43869
[dump]   top4 idx=16747 val=8.38410
[dump] L24.att    n=2560    finite=1 absmax=0.13932      mean=-0.00023076  sumsq=1.59053998         argmax=1586
[dump]   top0 idx=1586 val=0.10738
[dump]   top1 idx=895 val=0.10583
[dump]   top2 idx=799 val=0.09942
[dump]   top3 idx=92 val=0.09802
[dump]   top4 idx=36 val=0.08974
[dump] L24.fmix   n=2560    finite=1 absmax=2.6608       mean=0.024101     sumsq=834.4325368        argmax=631
[dump]   top0 idx=631 val=2.66080
[dump]   top1 idx=25 val=1.85526
[dump]   top2 idx=1466 val=1.79256
[dump]   top3 idx=65 val=1.78222
[dump]   top4 idx=1696 val=1.71918
[dump] L24.mid    n=10      finite=1 absmax=0 mean=0 sumsq=0 ids: 263 134 175 354 181 360 11 231 458 46
[dump] L24.moe    n=2560    finite=1 absmax=0.041908     mean=0.00026514   sumsq=0.2916973835       argmax=2504
[dump]   top0 idx=2504 val=0.04096
[dump]   top1 idx=288 val=0.03973
[dump]   top2 idx=81 val=0.03658
[dump]   top3 idx=1792 val=0.03619
[dump]   top4 idx=1486 val=0.03467
[dump] L24.res    n=20480   finite=1 absmax=13.847       mean=0.014511     sumsq=12806.31927        argmax=16088
[dump]   top0 idx=16088 val=13.84733
[dump]   top1 idx=17598 val=8.52157
[dump]   top2 idx=15365 val=7.88576
[dump]   top3 idx=16747 val=7.39925
[dump]   top4 idx=17116 val=6.95305
[dump] L25.att    n=2560    finite=1 absmax=0.49613      mean=-2.6745e-06  sumsq=7.407806811        argmax=951
[dump]   top0 idx=951 val=0.49613
[dump]   top1 idx=993 val=0.24200
[dump]   top2 idx=914 val=0.21324
[dump]   top3 idx=1378 val=0.20331
[dump]   top4 idx=2238 val=0.19971
[dump] L25.fmix   n=2560    finite=1 absmax=2.0469       mean=0.028782     sumsq=815.3415957        argmax=2141
[dump]   top0 idx=2141 val=2.04691
[dump]   top1 idx=25 val=1.77510
[dump]   top2 idx=1918 val=1.71634
[dump]   top3 idx=746 val=1.70819
[dump]   top4 idx=98 val=1.69576
[dump] L25.mid    n=10      finite=1 absmax=0 mean=0 sumsq=0 ids: 376 346 264 68 506 427 430 142 73 478
[dump] L25.moe    n=2560    finite=1 absmax=0.035394     mean=2.0106e-05   sumsq=0.2491525059       argmax=402
[dump]   top0 idx=402 val=0.03394
[dump]   top1 idx=2462 val=0.03075
[dump]   top2 idx=255 val=0.02888
[dump]   top3 idx=1780 val=0.02868
[dump]   top4 idx=236 val=0.02821
[dump] L25.res    n=20480   finite=1 absmax=16.508       mean=0.015201     sumsq=14837.29931        argmax=16088
[dump]   top0 idx=16088 val=16.50849
[dump]   top1 idx=17101 val=8.98077
[dump]   top2 idx=15991 val=8.97768
[dump]   top3 idx=16311 val=8.84669
[dump]   top4 idx=15948 val=8.18598
[dump] L26.att    n=2560    finite=1 absmax=0.30628      mean=-0.00070417  sumsq=9.759946576        argmax=519
[dump]   top0 idx=519 val=0.30628
[dump]   top1 idx=728 val=0.26967
[dump]   top2 idx=2203 val=0.26522
[dump]   top3 idx=177 val=0.23422
[dump]   top4 idx=1883 val=0.21450
[dump] L26.fmix   n=2560    finite=1 absmax=2.0887       mean=0.020464     sumsq=745.0037862        argmax=746
[dump]   top0 idx=746 val=2.08873
[dump]   top1 idx=849 val=1.81813
[dump]   top2 idx=2233 val=1.74747
[dump]   top3 idx=25 val=1.72301
[dump]   top4 idx=1466 val=1.65110
[dump] L26.mid    n=10      finite=1 absmax=0 mean=0 sumsq=0 ids: 461 355 97 243 296 417 313 384 320 203
[dump] L26.moe    n=2560    finite=1 absmax=0.047365     mean=-2.0407e-05  sumsq=0.459218794        argmax=1500
[dump]   top0 idx=1500 val=0.04737
[dump]   top1 idx=2054 val=0.04602
[dump]   top2 idx=1828 val=0.04351
[dump]   top3 idx=1965 val=0.04261
[dump]   top4 idx=1810 val=0.04206
[dump] L26.res    n=20480   finite=1 absmax=12.28        mean=0.010159     sumsq=7461.9299          argmax=16088
[dump]   top0 idx=16088 val=12.28009
[dump]   top1 idx=17598 val=11.66354
[dump]   top2 idx=16311 val=11.62061
[dump]   top3 idx=15365 val=9.79530
[dump]   top4 idx=17793 val=7.78639
[dump] L27.att    n=2560    finite=1 absmax=0.44999      mean=0.0025038    sumsq=14.94170168        argmax=714
[dump]   top0 idx=714 val=0.31108
[dump]   top1 idx=892 val=0.29345
[dump]   top2 idx=302 val=0.27778
[dump]   top3 idx=1404 val=0.26354
[dump]   top4 idx=1341 val=0.25775
[dump] L27.fmix   n=2560    finite=1 absmax=2.3912       mean=0.022929     sumsq=807.4614986        argmax=1500
[dump]   top0 idx=1500 val=2.39121
[dump]   top1 idx=849 val=2.00154
[dump]   top2 idx=746 val=1.82440
[dump]   top3 idx=1717 val=1.78448
[dump]   top4 idx=1905 val=1.63562
[dump] L27.mid    n=10      finite=1 absmax=0 mean=0 sumsq=0 ids: 430 323 98 508 166 151 58 108 261 418
[dump] L27.moe    n=2560    finite=1 absmax=0.033559     mean=0.00035929   sumsq=0.2448243384       argmax=960
[dump]   top0 idx=960 val=0.03356
[dump]   top1 idx=1561 val=0.03256
[dump]   top2 idx=2530 val=0.03161
[dump]   top3 idx=886 val=0.03055
[dump]   top4 idx=2196 val=0.02977
[dump] L27.res    n=20480   finite=1 absmax=17.18        mean=0.021442     sumsq=15504.88854        argmax=16088
[dump]   top0 idx=16088 val=17.17980
[dump]   top1 idx=16311 val=10.30775
[dump]   top2 idx=17598 val=9.82844
[dump]   top3 idx=15365 val=8.10221
[dump]   top4 idx=19315 val=8.01101
[dump] L28.att    n=2560    finite=1 absmax=0.22547      mean=-0.0024118   sumsq=7.32052015         argmax=186
[dump]   top0 idx=186 val=0.20896
[dump]   top1 idx=736 val=0.20730
[dump]   top2 idx=1480 val=0.18822
[dump]   top3 idx=917 val=0.16390
[dump]   top4 idx=434 val=0.16084
[dump] L28.fmix   n=2560    finite=1 absmax=2.8168       mean=0.02889      sumsq=917.8486171        argmax=1500
[dump]   top0 idx=1500 val=2.81681
[dump]   top1 idx=849 val=2.13876
[dump]   top2 idx=1905 val=2.13849
[dump]   top3 idx=65 val=2.07737
[dump]   top4 idx=631 val=2.07283
[dump] L28.mid    n=10      finite=1 absmax=0 mean=0 sumsq=0 ids: 52 219 421 469 43 229 297 21 392 63
[dump] L28.moe    n=2560    finite=1 absmax=0.051159     mean=-0.00035975  sumsq=0.3211125666       argmax=1942
[dump]   top0 idx=1942 val=0.05116
[dump]   top1 idx=1207 val=0.03897
[dump]   top2 idx=667 val=0.03803
[dump]   top3 idx=486 val=0.03785
[dump]   top4 idx=722 val=0.03651
[dump] L28.res    n=20480   finite=1 absmax=13.248       mean=0.012943     sumsq=15603.00569        argmax=16088
[dump]   top0 idx=16088 val=13.24777
[dump]   top1 idx=17671 val=9.62452
[dump]   top2 idx=17101 val=8.74078
[dump]   top3 idx=16747 val=8.25993
[dump]   top4 idx=18587 val=7.40584
[dump] L29.att    n=2560    finite=1 absmax=0.10867      mean=-0.00061371  sumsq=1.701115617        argmax=1736
[dump]   top0 idx=1736 val=0.10709
[dump]   top1 idx=1882 val=0.09985
[dump]   top2 idx=1795 val=0.09940
[dump]   top3 idx=1925 val=0.08578
[dump]   top4 idx=1205 val=0.08544
[dump] L29.fmix   n=2560    finite=1 absmax=2.2704       mean=0.011104     sumsq=950.4117588        argmax=1717
[dump]   top0 idx=1717 val=2.06550
[dump]   top1 idx=1905 val=2.05843
[dump]   top2 idx=1500 val=1.98590
[dump]   top3 idx=849 val=1.96075
[dump]   top4 idx=2499 val=1.86611
[dump] L29.mid    n=10      finite=1 absmax=0 mean=0 sumsq=0 ids: 273 387 93 265 259 290 342 118 330 148
[dump] L29.moe    n=2560    finite=1 absmax=0.049145     mean=-3.9057e-05  sumsq=0.4130456693       argmax=525
[dump]   top0 idx=525 val=0.04914
[dump]   top1 idx=1955 val=0.04478
[dump]   top2 idx=309 val=0.04025
[dump]   top3 idx=2253 val=0.03911
[dump]   top4 idx=1599 val=0.03866
[dump] L29.res    n=20480   finite=1 absmax=17.357       mean=0.010554     sumsq=17134.85013        argmax=16311
[dump]   top0 idx=16311 val=17.35746
[dump]   top1 idx=16088 val=14.00397
[dump]   top2 idx=17598 val=9.73160
[dump]   top3 idx=16747 val=9.15430
[dump]   top4 idx=17671 val=8.38054
[dump] L30.att    n=2560    finite=1 absmax=0.39858      mean=-0.00065008  sumsq=10.00374993        argmax=993
[dump]   top0 idx=993 val=0.39858
[dump]   top1 idx=2502 val=0.32189
[dump]   top2 idx=482 val=0.29979
[dump]   top3 idx=597 val=0.20751
[dump]   top4 idx=2374 val=0.20483
[dump] L30.fmix   n=2560    finite=1 absmax=3.0598       mean=0.0085072    sumsq=1355.857899        argmax=1500
[dump]   top0 idx=1500 val=2.64149
[dump]   top1 idx=1914 val=2.36905
[dump]   top2 idx=1905 val=2.29918
[dump]   top3 idx=477 val=2.24786
[dump]   top4 idx=25 val=2.24543
[dump] L30.mid    n=10      finite=1 absmax=0 mean=0 sumsq=0 ids: 506 86 151 398 11 181 335 280 409 14
[dump] L30.moe    n=2560    finite=1 absmax=0.054761     mean=0.0001647    sumsq=0.6270006698       argmax=2095
[dump]   top0 idx=2095 val=0.05476
[dump]   top1 idx=2022 val=0.05263
[dump]   top2 idx=1850 val=0.05097
[dump]   top3 idx=2030 val=0.04865
[dump]   top4 idx=835 val=0.04813
[dump] L30.res    n=20480   finite=1 absmax=13.369       mean=0.0086019    sumsq=7741.690748        argmax=16088
[dump]   top0 idx=16088 val=13.36865
[dump]   top1 idx=15365 val=8.91276
[dump]   top2 idx=10722 val=7.04409
[dump]   top3 idx=17598 val=6.93420
[dump]   top4 idx=16311 val=6.84265
[dump] L31.att    n=2560    finite=1 absmax=0.24573      mean=-0.0023527   sumsq=9.971595812        argmax=1716
[dump]   top0 idx=1716 val=0.24573
[dump]   top1 idx=1205 val=0.22043
[dump]   top2 idx=1359 val=0.21584
[dump]   top3 idx=1776 val=0.19534
[dump]   top4 idx=2371 val=0.19139
[dump] L31.fmix   n=2560    finite=1 absmax=4.8376       mean=0.00083299   sumsq=2010.087143        argmax=728
[dump]   top0 idx=728 val=4.83761
[dump]   top1 idx=2238 val=3.76667
[dump]   top2 idx=98 val=3.52886
[dump]   top3 idx=477 val=3.40148
[dump]   top4 idx=1828 val=3.05716
[dump] L31.mid    n=10      finite=1 absmax=0 mean=0 sumsq=0 ids: 494 283 289 156 405 311 399 302 207 449
[dump] L31.moe    n=2560    finite=1 absmax=0.069837     mean=0.00046673   sumsq=0.8456957956       argmax=1212
[dump]   top0 idx=1212 val=0.06984
[dump]   top1 idx=877 val=0.06785
[dump]   top2 idx=2438 val=0.06494
[dump]   top3 idx=32 val=0.06082
[dump]   top4 idx=1483 val=0.05288
[dump] L31.res    n=20480   finite=1 absmax=17.107       mean=0.009412     sumsq=20154.6492         argmax=16311
[dump]   top0 idx=16311 val=17.10703
[dump]   top1 idx=16088 val=12.06970
[dump]   top2 idx=17101 val=11.35176
[dump]   top3 idx=17671 val=10.69337
[dump]   top4 idx=16747 val=10.17438
[dump] L32.att    n=2560    finite=1 absmax=0.21025      mean=-0.0011557   sumsq=4.203117598        argmax=713
[dump]   top0 idx=713 val=0.21025
[dump]   top1 idx=1368 val=0.19169
[dump]   top2 idx=1134 val=0.15231
[dump]   top3 idx=1303 val=0.13801
[dump]   top4 idx=167 val=0.13306
[dump] L32.fmix   n=2560    finite=1 absmax=3.3759       mean=0.005682     sumsq=1841.041653        argmax=1828
[dump]   top0 idx=1828 val=2.77227
[dump]   top1 idx=2335 val=2.71384
[dump]   top2 idx=477 val=2.61131
[dump]   top3 idx=2095 val=2.58587
[dump]   top4 idx=1512 val=2.58117
[dump] L32.mid    n=10      finite=1 absmax=0 mean=0 sumsq=0 ids: 228 243 263 142 58 429 272 454 377 278
[dump] L32.moe    n=2560    finite=1 absmax=0.079508     mean=-0.00026415  sumsq=0.9639118402       argmax=198
[dump]   top0 idx=198 val=0.05718
[dump]   top1 idx=1023 val=0.05702
[dump]   top2 idx=776 val=0.05402
[dump]   top3 idx=1933 val=0.05323
[dump]   top4 idx=2120 val=0.05305
[dump] L32.res    n=20480   finite=1 absmax=12.159       mean=0.0078116    sumsq=18319.40347        argmax=16088
[dump]   top0 idx=16088 val=12.15926
[dump]   top1 idx=17598 val=11.54765
[dump]   top2 idx=15778 val=10.26150
[dump]   top3 idx=16311 val=10.08194
[dump]   top4 idx=17101 val=8.88364
[dump] L33.att    n=2560    finite=1 absmax=0.14976      mean=-0.0012947   sumsq=1.722709047        argmax=2393
[dump]   top0 idx=2393 val=0.14976
[dump]   top1 idx=192 val=0.10554
[dump]   top2 idx=634 val=0.10151
[dump]   top3 idx=1990 val=0.08927
[dump]   top4 idx=550 val=0.08785
[dump] L33.fmix   n=2560    finite=1 absmax=3.5677       mean=-0.0031517   sumsq=1464.29249         argmax=1512
[dump]   top0 idx=1512 val=2.93465
[dump]   top1 idx=2335 val=2.49608
[dump]   top2 idx=788 val=2.45911
[dump]   top3 idx=1313 val=2.30434
[dump]   top4 idx=2481 val=2.26823
[dump] L33.mid    n=10      finite=1 absmax=0 mean=0 sumsq=0 ids: 136 84 374 363 345 120 419 486 253 209
[dump] L33.moe    n=2560    finite=1 absmax=0.060828     mean=2.1461e-05   sumsq=0.5497771429       argmax=1602
[dump]   top0 idx=1602 val=0.05542
[dump]   top1 idx=371 val=0.04907
[dump]   top2 idx=399 val=0.04643
[dump]   top3 idx=776 val=0.04391
[dump]   top4 idx=1484 val=0.04265
[dump] L33.res    n=20480   finite=1 absmax=16.149       mean=0.0068096    sumsq=17913.31806        argmax=16088
[dump]   top0 idx=16088 val=16.14932
[dump]   top1 idx=16311 val=12.82643
[dump]   top2 idx=17598 val=10.75193
[dump]   top3 idx=10722 val=9.99507
[dump]   top4 idx=16747 val=9.57532
[dump] L34.att    n=2560    finite=1 absmax=0.21771      mean=-0.00099312  sumsq=3.549630097        argmax=482
[dump]   top0 idx=482 val=0.21771
[dump]   top1 idx=689 val=0.16714
[dump]   top2 idx=1882 val=0.16540
[dump]   top3 idx=624 val=0.13716
[dump]   top4 idx=951 val=0.13258
[dump] L34.fmix   n=2560    finite=1 absmax=3.0021       mean=0.0086214    sumsq=1264.574429        argmax=631
[dump]   top0 idx=631 val=2.79912
[dump]   top1 idx=1313 val=2.68887
[dump]   top2 idx=1500 val=2.55596
[dump]   top3 idx=65 val=2.40456
[dump]   top4 idx=1512 val=2.26808
[dump] L34.mid    n=10      finite=1 absmax=0 mean=0 sumsq=0 ids: 131 29 353 101 24 102 264 460 211 347
[dump] L34.moe    n=2560    finite=1 absmax=0.069393     mean=0.00055625   sumsq=0.8982130944       argmax=196
[dump]   top0 idx=196 val=0.06939
[dump]   top1 idx=1709 val=0.06616
[dump]   top2 idx=1631 val=0.06564
[dump]   top3 idx=951 val=0.05766
[dump]   top4 idx=2415 val=0.05584
[dump] L34.res    n=20480   finite=1 absmax=13.548       mean=0.0075519    sumsq=8685.740518        argmax=16088
[dump]   top0 idx=16088 val=13.54839
[dump]   top1 idx=17101 val=10.53956
[dump]   top2 idx=10722 val=10.26554
[dump]   top3 idx=16311 val=9.31684
[dump]   top4 idx=15365 val=8.04402
[dump] L35.att    n=2560    finite=1 absmax=0.41972      mean=0.00059377   sumsq=9.924710838        argmax=1882
[dump]   top0 idx=1882 val=0.30054
[dump]   top1 idx=79 val=0.23072
[dump]   top2 idx=2091 val=0.21637
[dump]   top3 idx=1341 val=0.20377
[dump]   top4 idx=694 val=0.20200
[dump] L35.fmix   n=2560    finite=1 absmax=3.333        mean=0.009076     sumsq=1634.463259        argmax=410
[dump]   top0 idx=410 val=2.65188
[dump]   top1 idx=1313 val=2.60252
[dump]   top2 idx=957 val=2.52148
[dump]   top3 idx=1283 val=2.42355
[dump]   top4 idx=1512 val=2.42105
[dump] L35.mid    n=10      finite=1 absmax=0 mean=0 sumsq=0 ids: 472 31 161 291 375 121 277 315 56 490
[dump] L35.moe    n=2560    finite=1 absmax=0.074299     mean=0.00060064   sumsq=1.193632892        argmax=687
[dump]   top0 idx=687 val=0.07430
[dump]   top1 idx=1229 val=0.07416
[dump]   top2 idx=1144 val=0.07059
[dump]   top3 idx=308 val=0.06727
[dump]   top4 idx=755 val=0.06687
[dump] L35.res    n=20480   finite=1 absmax=19.32        mean=0.015858     sumsq=20099.74656        argmax=16311
[dump]   top0 idx=16311 val=19.32014
[dump]   top1 idx=17598 val=18.80554
[dump]   top2 idx=16088 val=11.53826
[dump]   top3 idx=10722 val=7.86194
[dump]   top4 idx=16747 val=7.71650
[dump] L36.att    n=2560    finite=1 absmax=0.72506      mean=0.0021306    sumsq=36.25334809        argmax=1882
[dump]   top0 idx=1882 val=0.72506
[dump]   top1 idx=2374 val=0.69917
[dump]   top2 idx=1603 val=0.66169
[dump]   top3 idx=687 val=0.65433
[dump]   top4 idx=689 val=0.62164
[dump] L36.fmix   n=2560    finite=1 absmax=5.275        mean=0.025943     sumsq=2428.20291         argmax=1313
[dump]   top0 idx=1313 val=3.23902
[dump]   top1 idx=1905 val=3.23330
[dump]   top2 idx=2510 val=3.10394
[dump]   top3 idx=888 val=2.70141
[dump]   top4 idx=2095 val=2.67908
[dump] L36.mid    n=10      finite=1 absmax=0 mean=0 sumsq=0 ids: 387 218 169 25 296 210 363 258 179 262
[dump] L36.moe    n=2560    finite=1 absmax=0.22787      mean=-6.4671e-05  sumsq=4.689515806        argmax=1641
[dump]   top0 idx=1641 val=0.18547
[dump]   top1 idx=2128 val=0.13942
[dump]   top2 idx=2120 val=0.13672
[dump]   top3 idx=1368 val=0.13602
[dump]   top4 idx=1232 val=0.13129
[dump] L36.res    n=20480   finite=1 absmax=13.302       mean=0.017682     sumsq=22466.92695        argmax=16088
[dump]   top0 idx=16088 val=13.30246
[dump]   top1 idx=17671 val=10.62894
[dump]   top2 idx=15755 val=10.54112
[dump]   top3 idx=17598 val=10.34043
[dump]   top4 idx=16860 val=9.32587
[dump] L37.att    n=2560    finite=1 absmax=0.24199      mean=-0.00063387  sumsq=4.593646851        argmax=713
[dump]   top0 idx=713 val=0.24199
[dump]   top1 idx=1882 val=0.21463
[dump]   top2 idx=951 val=0.19862
[dump]   top3 idx=1061 val=0.19717
[dump]   top4 idx=892 val=0.17644
[dump] L37.fmix   n=2560    finite=1 absmax=4.5108       mean=0.035637     sumsq=2475.121352        argmax=1313
[dump]   top0 idx=1313 val=3.61158
[dump]   top1 idx=957 val=3.12878
[dump]   top2 idx=2510 val=2.95578
[dump]   top3 idx=1144 val=2.92986
[dump]   top4 idx=1283 val=2.91734
[dump] L37.mid    n=10      finite=1 absmax=0 mean=0 sumsq=0 ids: 306 255 313 369 19 57 200 118 494 346
[dump] L37.moe    n=2560    finite=1 absmax=0.10858      mean=0.00044757   sumsq=2.895151535        argmax=2389
[dump]   top0 idx=2389 val=0.10204
[dump]   top1 idx=582 val=0.10021
[dump]   top2 idx=2263 val=0.10005
[dump]   top3 idx=205 val=0.09929
[dump]   top4 idx=882 val=0.09686
[dump] L37.res    n=20480   finite=1 absmax=17.017       mean=0.019954     sumsq=18826.71461        argmax=15365
[dump]   top0 idx=15365 val=17.01720
[dump]   top1 idx=15991 val=13.49449
[dump]   top2 idx=17279 val=12.09497
[dump]   top3 idx=10927 val=10.92059
[dump]   top4 idx=15948 val=10.24319
[dump] L38.att    n=2560    finite=1 absmax=0.4572       mean=-0.00040606  sumsq=8.673721676        argmax=36
[dump]   top0 idx=36 val=0.28241
[dump]   top1 idx=913 val=0.27033
[dump]   top2 idx=308 val=0.26634
[dump]   top3 idx=403 val=0.23699
[dump]   top4 idx=1959 val=0.23389
[dump] L38.fmix   n=2560    finite=1 absmax=5.0222       mean=0.031865     sumsq=2359.888243        argmax=1694
[dump]   top0 idx=1694 val=2.90256
[dump]   top1 idx=1967 val=2.78838
[dump]   top2 idx=911 val=2.59346
[dump]   top3 idx=1391 val=2.58692
[dump]   top4 idx=582 val=2.55224
[dump] L38.mid    n=10      finite=1 absmax=0 mean=0 sumsq=0 ids: 279 301 206 504 460 50 486 135 7 287
[dump] L38.moe    n=2560    finite=1 absmax=0.13261      mean=-0.00045982  sumsq=3.065055928        argmax=2422
[dump]   top0 idx=2422 val=0.13261
[dump]   top1 idx=603 val=0.11578
[dump]   top2 idx=428 val=0.10838
[dump]   top3 idx=2060 val=0.10445
[dump]   top4 idx=524 val=0.10021
[dump] L38.res    n=20480   finite=1 absmax=13.423       mean=0.011813     sumsq=13335.01257        argmax=15365
[dump]   top0 idx=15365 val=13.41828
[dump]   top1 idx=15427 val=10.62029
[dump]   top2 idx=15991 val=9.98652
[dump]   top3 idx=16860 val=9.64689
[dump]   top4 idx=17702 val=8.90433
[dump] L39.att    n=2560    finite=1 absmax=0.32476      mean=0.00032745   sumsq=11.51274057        argmax=1882
[dump]   top0 idx=1882 val=0.30769
[dump]   top1 idx=2018 val=0.29028
[dump]   top2 idx=892 val=0.28763
[dump]   top3 idx=799 val=0.27548
[dump]   top4 idx=1737 val=0.27135
[dump] L39.fmix   n=2560    finite=1 absmax=5.0937       mean=0.020811     sumsq=2539.775042        argmax=67
[dump]   top0 idx=67 val=5.09373
[dump]   top1 idx=579 val=4.27182
[dump]   top2 idx=308 val=3.34670
[dump]   top3 idx=2209 val=3.21444
[dump]   top4 idx=400 val=3.18717
[dump] L39.mid    n=10      finite=1 absmax=0 mean=0 sumsq=0 ids: 356 60 128 77 32 480 177 42 496 342
[dump] L39.moe    n=2560    finite=1 absmax=0.28992      mean=-0.00062544  sumsq=11.88538949        argmax=1368
[dump]   top0 idx=1368 val=0.27604
[dump]   top1 idx=1030 val=0.22741
[dump]   top2 idx=2190 val=0.22283
[dump]   top3 idx=2356 val=0.22182
[dump]   top4 idx=1734 val=0.20681
[dump] L39.res    n=20480   finite=1 absmax=28.399       mean=0.01629      sumsq=31470.18173        argmax=15991
[dump]   top0 idx=15991 val=19.48647
[dump]   top1 idx=15427 val=16.58244
[dump]   top2 idx=17702 val=15.57931
[dump]   top3 idx=15619 val=13.61556
[dump]   top4 idx=16565 val=11.49611
[dump] L40.att    n=2560    finite=1 absmax=0.51406      mean=0.0039524    sumsq=10.33193866        argmax=1061
[dump]   top0 idx=1061 val=0.51406
[dump]   top1 idx=138 val=0.26542
[dump]   top2 idx=1116 val=0.25918
[dump]   top3 idx=482 val=0.25672
[dump]   top4 idx=882 val=0.23822
[dump] L40.fmix   n=2560    finite=1 absmax=6.3616       mean=0.020775     sumsq=2987.92473         argmax=67
[dump]   top0 idx=67 val=6.36159
[dump]   top1 idx=579 val=5.12223
[dump]   top2 idx=2238 val=4.43431
[dump]   top3 idx=1844 val=3.63086
[dump]   top4 idx=1756 val=3.50618
[dump] L40.mid    n=10      finite=1 absmax=0 mean=0 sumsq=0 ids: 232 172 335 280 138 22 398 178 208 66
[dump] L40.moe    n=2560    finite=1 absmax=0.1158       mean=0.00056391   sumsq=2.499281551        argmax=944
[dump]   top0 idx=944 val=0.11580
[dump]   top1 idx=621 val=0.09365
[dump]   top2 idx=2443 val=0.09267
[dump]   top3 idx=2360 val=0.09098
[dump]   top4 idx=2239 val=0.08971
[dump] L40.res    n=20480   finite=1 absmax=17.954       mean=0.023048     sumsq=24628.48214        argmax=15991
[dump]   top0 idx=15991 val=16.62931
[dump]   top1 idx=17598 val=9.97737
[dump]   top2 idx=13861 val=9.80102
[dump]   top3 idx=17116 val=9.51058
[dump]   top4 idx=14517 val=9.08306
[dump] L41.att    n=2560    finite=1 absmax=0.51132      mean=0.00043171   sumsq=8.914157482        argmax=1882
[dump]   top0 idx=1882 val=0.51132
[dump]   top1 idx=993 val=0.22519
[dump]   top2 idx=2234 val=0.22342
[dump]   top3 idx=562 val=0.21785
[dump]   top4 idx=1067 val=0.21554
[dump] L41.fmix   n=2560    finite=1 absmax=5.8645       mean=0.029417     sumsq=2908.017593        argmax=67
[dump]   top0 idx=67 val=5.86452
[dump]   top1 idx=579 val=4.50057
[dump]   top2 idx=2190 val=3.96474
[dump]   top3 idx=1756 val=3.83939
[dump]   top4 idx=1693 val=3.71970
[dump] L41.mid    n=10      finite=1 absmax=0 mean=0 sumsq=0 ids: 59 240 149 450 105 205 132 433 118 445
[dump] L41.moe    n=2560    finite=1 absmax=0.099442     mean=7.1628e-05   sumsq=1.616354527        argmax=1070
[dump]   top0 idx=1070 val=0.08015
[dump]   top1 idx=1603 val=0.07942
[dump]   top2 idx=2481 val=0.07758
[dump]   top3 idx=2465 val=0.07629
[dump]   top4 idx=597 val=0.07485
[dump] L41.res    n=20480   finite=1 absmax=14.731       mean=0.022933     sumsq=25053.34691        argmax=15991
[dump]   top0 idx=15991 val=12.76557
[dump]   top1 idx=16860 val=10.07945
[dump]   top2 idx=15212 val=9.71762
[dump]   top3 idx=11608 val=9.21469
[dump]   top4 idx=17598 val=8.60452
[dump] L42.att    n=2560    finite=1 absmax=0.33883      mean=-0.00085564  sumsq=6.126467521        argmax=1039
[dump]   top0 idx=1039 val=0.27335
[dump]   top1 idx=36 val=0.24146
[dump]   top2 idx=482 val=0.24022
[dump]   top3 idx=517 val=0.21722
[dump]   top4 idx=722 val=0.20725
[dump] L42.fmix   n=2560    finite=1 absmax=5.1252       mean=0.029753     sumsq=3352.952629        argmax=579
[dump]   top0 idx=579 val=4.73422
[dump]   top1 idx=67 val=4.23428
[dump]   top2 idx=1693 val=4.23173
[dump]   top3 idx=2190 val=3.85326
[dump]   top4 idx=2239 val=3.70293
[dump] L42.mid    n=10      finite=1 absmax=0 mean=0 sumsq=0 ids: 341 3 212 310 151 391 337 195 140 269
[dump] L42.moe    n=2560    finite=1 absmax=0.12117      mean=0.00034804   sumsq=2.985755562        argmax=1502
[dump]   top0 idx=1502 val=0.12117
[dump]   top1 idx=1594 val=0.11324
[dump]   top2 idx=1633 val=0.10442
[dump]   top3 idx=1733 val=0.10143
[dump]   top4 idx=615 val=0.09479
[dump] L42.res    n=20480   finite=1 absmax=11.808       mean=0.01191      sumsq=7999.540106        argmax=15365
[dump]   top0 idx=15365 val=10.00560
[dump]   top1 idx=15427 val=9.37596
[dump]   top2 idx=15991 val=8.17859
[dump]   top3 idx=17279 val=7.69087
[dump]   top4 idx=13682 val=7.06491
[dump] L43.att    n=2560    finite=1 absmax=0.54923      mean=0.0020032    sumsq=9.376926879        argmax=417
[dump]   top0 idx=417 val=0.54923
[dump]   top1 idx=67 val=0.52420
[dump]   top2 idx=1959 val=0.36971
[dump]   top3 idx=1391 val=0.33741
[dump]   top4 idx=1844 val=0.32273
[dump] L43.fmix   n=2560    finite=1 absmax=6.2696       mean=0.028236     sumsq=2508.593378        argmax=67
[dump]   top0 idx=67 val=6.26958
[dump]   top1 idx=2239 val=3.94202
[dump]   top2 idx=1844 val=3.73403
[dump]   top3 idx=579 val=3.69186
[dump]   top4 idx=1633 val=3.49420
[dump] L43.mid    n=10      finite=1 absmax=0 mean=0 sumsq=0 ids: 300 86 462 451 324 483 270 0 64 18
[dump] L43.moe    n=2560    finite=1 absmax=0.21283      mean=-0.00018289  sumsq=5.092208655        argmax=1882
[dump]   top0 idx=1882 val=0.21283
[dump]   top1 idx=944 val=0.17987
[dump]   top2 idx=283 val=0.14120
[dump]   top3 idx=200 val=0.13329
[dump]   top4 idx=315 val=0.13139
[dump] L43.res    n=20480   finite=1 absmax=22.877       mean=0.030683     sumsq=35416.21071        argmax=15991
[dump]   top0 idx=15991 val=16.45701
[dump]   top1 idx=17598 val=11.98110
[dump]   top2 idx=15994 val=11.83544
[dump]   top3 idx=17838 val=11.17339
[dump]   top4 idx=16419 val=11.14461
[dump] L44.att    n=2560    finite=1 absmax=2.2182       mean=-0.00017711  sumsq=64.85800943        argmax=1238
[dump]   top0 idx=1238 val=0.77961
[dump]   top1 idx=634 val=0.67654
[dump]   top2 idx=1882 val=0.55889
[dump]   top3 idx=181 val=0.52950
[dump]   top4 idx=1101 val=0.48080
[dump] L44.fmix   n=2560    finite=1 absmax=7.0764       mean=0.033742     sumsq=2903.551397        argmax=67
[dump]   top0 idx=67 val=7.07636
[dump]   top1 idx=1633 val=5.35591
[dump]   top2 idx=1844 val=4.98649
[dump]   top3 idx=417 val=4.56154
[dump]   top4 idx=944 val=4.34243
[dump] L44.mid    n=10      finite=1 absmax=0 mean=0 sumsq=0 ids: 287 87 190 75 192 401 61 306 301 198
[dump] L44.moe    n=2560    finite=1 absmax=0.117        mean=-3.9237e-05  sumsq=2.223230346        argmax=206
[dump]   top0 idx=206 val=0.11700
[dump]   top1 idx=728 val=0.10644
[dump]   top2 idx=2449 val=0.10342
[dump]   top3 idx=1125 val=0.10306
[dump]   top4 idx=617 val=0.08627
[dump] L44.res    n=20480   finite=1 absmax=42.613       mean=0.02117      sumsq=27383.02452        argmax=15991
[dump]   top0 idx=15991 val=22.21986
[dump]   top1 idx=16565 val=11.73888
[dump]   top2 idx=17319 val=11.01643
[dump]   top3 idx=17598 val=10.67022
[dump]   top4 idx=15212 val=10.63385
[dump] L45.att    n=2560    finite=1 absmax=1.9316       mean=0.0062952    sumsq=145.0027594        argmax=631
[dump]   top0 idx=631 val=1.46547
[dump]   top1 idx=1810 val=1.38632
[dump]   top2 idx=1882 val=1.30404
[dump]   top3 idx=1202 val=1.20357
[dump]   top4 idx=745 val=0.98235
[dump] L45.fmix   n=2560    finite=1 absmax=7.1413       mean=0.035792     sumsq=2847.690476        argmax=67
[dump]   top0 idx=67 val=7.09323
[dump]   top1 idx=1633 val=5.64062
[dump]   top2 idx=417 val=4.87395
[dump]   top3 idx=1844 val=4.65077
[dump]   top4 idx=944 val=4.06244
[dump] L45.mid    n=10      finite=1 absmax=0 mean=0 sumsq=0 ids: 237 66 343 339 85 103 303 443 280 471
[dump] L45.moe    n=2560    finite=1 absmax=0.12144      mean=-0.00055291  sumsq=2.49519519         argmax=331
[dump]   top0 idx=331 val=0.11121
[dump]   top1 idx=1410 val=0.10583
[dump]   top2 idx=1425 val=0.08696
[dump]   top3 idx=2089 val=0.08662
[dump]   top4 idx=1138 val=0.08511
[dump] L45.res    n=20480   finite=1 absmax=29.942       mean=0.022112     sumsq=29316.79711        argmax=15427
[dump]   top0 idx=15427 val=29.94222
[dump]   top1 idx=14610 val=19.53086
[dump]   top2 idx=15991 val=17.81433
[dump]   top3 idx=17204 val=15.45940
[dump]   top4 idx=17702 val=15.21773
[dump] L46.att    n=2560    finite=1 absmax=5.4879       mean=0.0037737    sumsq=242.8968554        argmax=181
[dump]   top0 idx=181 val=3.15078
[dump]   top1 idx=951 val=2.49062
[dump]   top2 idx=634 val=1.96236
[dump]   top3 idx=2502 val=1.64904
[dump]   top4 idx=1497 val=1.48215
[dump] L46.fmix   n=2560    finite=1 absmax=5.8477       mean=0.025676     sumsq=2667.911926        argmax=67
[dump]   top0 idx=67 val=5.84766
[dump]   top1 idx=1633 val=4.45955
[dump]   top2 idx=944 val=4.14979
[dump]   top3 idx=1844 val=4.06631
[dump]   top4 idx=634 val=3.92285
[dump] L46.mid    n=10      finite=1 absmax=0 mean=0 sumsq=0 ids: 25 505 56 60 264 115 258 123 281 491
[dump] L46.moe    n=2560    finite=1 absmax=0.18252      mean=-7.1526e-05  sumsq=3.612168847        argmax=1872
[dump]   top0 idx=1872 val=0.14404
[dump]   top1 idx=617 val=0.13653
[dump]   top2 idx=19 val=0.13149
[dump]   top3 idx=192 val=0.13129
[dump]   top4 idx=63 val=0.13124
[dump] L46.res    n=20480   finite=1 absmax=15.373       mean=0.014844     sumsq=16033.65811        argmax=15427
[dump]   top0 idx=15427 val=12.78536
[dump]   top1 idx=17702 val=9.39338
[dump]   top2 idx=12122 val=8.74450
[dump]   top3 idx=15991 val=8.55509
[dump]   top4 idx=17204 val=8.47546
[dump] L47.att    n=2560    finite=1 absmax=1.2522       mean=-0.0037399   sumsq=46.75572444        argmax=1027
[dump]   top0 idx=1027 val=1.25216
[dump]   top1 idx=722 val=0.72450
[dump]   top2 idx=579 val=0.69732
[dump]   top3 idx=36 val=0.68761
[dump]   top4 idx=1395 val=0.65079
[dump] L47.fmix   n=2560    finite=1 absmax=5.5727       mean=0.015223     sumsq=2517.712604        argmax=67
[dump]   top0 idx=67 val=5.57274
[dump]   top1 idx=417 val=4.30029
[dump]   top2 idx=1882 val=4.01389
[dump]   top3 idx=944 val=3.81773
[dump]   top4 idx=1844 val=3.76036
[dump] L47.mid    n=10      finite=1 absmax=0 mean=0 sumsq=0 ids: 481 186 286 354 352 316 157 196 206 367
[dump] L47.moe    n=2560    finite=1 absmax=1.0499       mean=-0.00045847  sumsq=22.81494709        argmax=181
[dump]   top0 idx=181 val=0.88793
[dump]   top1 idx=634 val=0.41803
[dump]   top2 idx=951 val=0.41423
[dump]   top3 idx=2356 val=0.32437
[dump]   top4 idx=482 val=0.31479
[dump] L47.res    n=20480   finite=1 absmax=108.63       mean=0.0060263    sumsq=198987.7789        argmax=12981
[dump]   top0 idx=12981 val=68.42161
[dump]   top1 idx=13434 val=51.67414
[dump]   top2 idx=15541 val=47.83503
[dump]   top3 idx=18101 val=45.43159
[dump]   top4 idx=15994 val=39.98565
[dump] L00.att    n=2560    finite=1 absmax=0.7683       mean=-0.00058846  sumsq=25.4313607         argmax=5
[dump]   top0 idx=5 val=0.76830
[dump]   top1 idx=417 val=0.74188
[dump]   top2 idx=67 val=0.67076
[dump]   top3 idx=2342 val=0.53429
[dump]   top4 idx=2325 val=0.38891
[dump] L00.fmix   n=2560    finite=1 absmax=1.9301       mean=0.015139     sumsq=403.7038477        argmax=1682
[dump]   top0 idx=1682 val=1.93007
[dump]   top1 idx=2474 val=1.87568
[dump]   top2 idx=1733 val=1.71622
[dump]   top3 idx=796 val=1.63881
[dump]   top4 idx=707 val=1.60155
[dump] L00.mid    n=10      finite=1 absmax=0 mean=0 sumsq=0 ids: 460 479 15 139 367 339 497 11 340 449
[dump] L00.moe    n=2560    finite=1 absmax=0.25278      mean=0.00049631   sumsq=2.478660716        argmax=1682
[dump]   top0 idx=1682 val=0.25278
[dump]   top1 idx=728 val=0.19798
[dump]   top2 idx=268 val=0.17653
[dump]   top3 idx=579 val=0.16937
[dump]   top4 idx=2238 val=0.16082
[dump] L00.res    n=10240   finite=1 absmax=0.22376      mean=0.00046861   sumsq=2.68966003         argmax=6802
[dump]   top0 idx=6802 val=0.22376
[dump]   top1 idx=5125 val=0.19488
[dump]   top2 idx=5187 val=0.17023
[dump]   top3 idx=5848 val=0.16976
[dump]   top4 idx=6325 val=0.14544
[dump] L01.att    n=2560    finite=1 absmax=1.8405       mean=-0.0069851   sumsq=54.58644429        argmax=331
[dump]   top0 idx=331 val=1.84052
[dump]   top1 idx=1392 val=0.83096
[dump]   top2 idx=736 val=0.58283
[dump]   top3 idx=667 val=0.56447
[dump]   top4 idx=1887 val=0.55677
[dump] L01.fmix   n=2560    finite=1 absmax=2.2863       mean=-0.0050342   sumsq=376.5618559        argmax=5
[dump]   top0 idx=5 val=1.98698
[dump]   top1 idx=227 val=1.60157
[dump]   top2 idx=588 val=1.49117
[dump]   top3 idx=631 val=1.44869
[dump]   top4 idx=533 val=1.34794
[dump] L01.mid    n=10      finite=1 absmax=0 mean=0 sumsq=0 ids: 500 69 154 19 86 306 505 349 249 67
[dump] L01.moe    n=2560    finite=1 absmax=0.037083     mean=0.00012237   sumsq=0.1316567178       argmax=855
[dump]   top0 idx=855 val=0.03708
[dump]   top1 idx=514 val=0.02290
[dump]   top2 idx=2301 val=0.02285
[dump]   top3 idx=2001 val=0.02272
[dump]   top4 idx=1039 val=0.02207
[dump] L01.res    n=20480   finite=1 absmax=17.278       mean=0.013517     sumsq=16328.92605        argmax=18251
[dump]   top0 idx=18251 val=17.27785
[dump]   top1 idx=15365 val=12.89187
[dump]   top2 idx=16454 val=11.92938
[dump]   top3 idx=19312 val=11.77100
[dump]   top4 idx=15948 val=10.22223
[dump] L02.att    n=2560    finite=1 absmax=0.53878      mean=0.0050882    sumsq=32.45874132        argmax=524
[dump]   top0 idx=524 val=0.41053
[dump]   top1 idx=253 val=0.39471
[dump]   top2 idx=1474 val=0.39031
[dump]   top3 idx=693 val=0.38356
[dump]   top4 idx=2151 val=0.38209
[dump] L02.fmix   n=2560    finite=1 absmax=2.8363       mean=0.0079854    sumsq=376.7605742        argmax=67
[dump]   top0 idx=67 val=1.40607
[dump]   top1 idx=631 val=1.38346
[dump]   top2 idx=1881 val=1.35723
[dump]   top3 idx=2342 val=1.29852
[dump]   top4 idx=2272 val=1.29142
[dump] L02.mid    n=10      finite=1 absmax=0 mean=0 sumsq=0 ids: 75 54 492 247 12 480 61 13 272 32
[dump] L02.moe    n=2560    finite=1 absmax=0.07042      mean=0.00058054   sumsq=0.2347088577       argmax=728
[dump]   top0 idx=728 val=0.07042
[dump]   top1 idx=885 val=0.06467
[dump]   top2 idx=951 val=0.06372
[dump]   top3 idx=385 val=0.05262
[dump]   top4 idx=65 val=0.05230
[dump] L02.res    n=20480   finite=1 absmax=15.26        mean=0.017461     sumsq=8234.053366        argmax=15365
[dump]   top0 idx=15365 val=15.25994
[dump]   top1 idx=16088 val=13.92859
[dump]   top2 idx=18251 val=8.66518
[dump]   top3 idx=15948 val=6.98017
[dump]   top4 idx=19312 val=6.95954
[dump] L03.att    n=2560    finite=1 absmax=0.42472      mean=-0.0039034   sumsq=17.97531486        argmax=2442
[dump]   top0 idx=2442 val=0.42472
[dump]   top1 idx=551 val=0.31679
[dump]   top2 idx=1890 val=0.28437
[dump]   top3 idx=1930 val=0.26397
[dump]   top4 idx=1395 val=0.25752
[dump] L03.fmix   n=2560    finite=1 absmax=4.2505       mean=0.0059108    sumsq=679.7076101        argmax=67
[dump]   top0 idx=67 val=2.23494
[dump]   top1 idx=728 val=1.95769
[dump]   top2 idx=1930 val=1.93334
[dump]   top3 idx=631 val=1.87196
[dump]   top4 idx=259 val=1.74235
[dump] L03.mid    n=10      finite=1 absmax=0 mean=0 sumsq=0 ids: 101 504 365 190 318 143 231 455 8 441
[dump] L03.moe    n=2560    finite=1 absmax=0.048522     mean=0.00015972   sumsq=0.2910620351       argmax=949
[dump]   top0 idx=949 val=0.04852
[dump]   top1 idx=2140 val=0.04256
[dump]   top2 idx=1096 val=0.03661
[dump]   top3 idx=2172 val=0.03392
[dump]   top4 idx=544 val=0.02992
[dump] L03.res    n=20480   finite=1 absmax=16.568       mean=0.019006     sumsq=16901.21255        argmax=15365
[dump]   top0 idx=15365 val=16.56824
[dump]   top1 idx=15948 val=12.82424
[dump]   top2 idx=16088 val=10.86131
[dump]   top3 idx=18012 val=9.84841
[dump]   top4 idx=16565 val=9.54398
[dump] L04.att    n=2560    finite=1 absmax=0.41243      mean=-0.00017957  sumsq=16.03481654        argmax=1653
[dump]   top0 idx=1653 val=0.41243
[dump]   top1 idx=631 val=0.30822
[dump]   top2 idx=2433 val=0.30150
[dump]   top3 idx=372 val=0.29795
[dump]   top4 idx=245 val=0.24612
[dump] L04.fmix   n=2560    finite=1 absmax=3.8952       mean=0.011752     sumsq=793.5820055        argmax=1521
[dump]   top0 idx=1521 val=1.99318
[dump]   top1 idx=1205 val=1.87284
[dump]   top2 idx=418 val=1.80383
[dump]   top3 idx=67 val=1.76228
[dump]   top4 idx=1930 val=1.75911
[dump] L04.mid    n=10      finite=1 absmax=0 mean=0 sumsq=0 ids: 106 41 410 496 320 500 252 209 274 453
[dump] L04.moe    n=2560    finite=1 absmax=0.063336     mean=-8.517e-06   sumsq=0.3109680228       argmax=1653
[dump]   top0 idx=1653 val=0.06334
[dump]   top1 idx=1199 val=0.04135
[dump]   top2 idx=579 val=0.03721
[dump]   top3 idx=2083 val=0.03562
[dump]   top4 idx=1185 val=0.03455
[dump] L04.res    n=20480   finite=1 absmax=22.163       mean=0.015435     sumsq=15742.34477        argmax=19573
[dump]   top0 idx=19573 val=22.16277
[dump]   top1 idx=15365 val=13.54502
[dump]   top2 idx=15948 val=12.67301
[dump]   top3 idx=16088 val=12.56291
[dump]   top4 idx=16311 val=9.74184
[dump] L05.att    n=2560    finite=1 absmax=0.46336      mean=-0.0014479   sumsq=14.95942126        argmax=593
[dump]   top0 idx=593 val=0.35201
[dump]   top1 idx=1134 val=0.32269
[dump]   top2 idx=1897 val=0.31605
[dump]   top3 idx=1205 val=0.30301
[dump]   top4 idx=1770 val=0.29176
[dump] L05.fmix   n=2560    finite=1 absmax=2.265        mean=0.010114     sumsq=622.8839063        argmax=631
[dump]   top0 idx=631 val=2.26503
[dump]   top1 idx=1205 val=1.79269
[dump]   top2 idx=753 val=1.65740
[dump]   top3 idx=1521 val=1.58471
[dump]   top4 idx=1512 val=1.49664
[dump] L05.mid    n=10      finite=1 absmax=0 mean=0 sumsq=0 ids: 446 344 169 314 236 468 471 291 302 49
[dump] L05.moe    n=2560    finite=1 absmax=0.036897     mean=0.00029038   sumsq=0.2029397574       argmax=885
[dump]   top0 idx=885 val=0.03690
[dump]   top1 idx=2533 val=0.03467
[dump]   top2 idx=2505 val=0.03156
[dump]   top3 idx=192 val=0.02935
[dump]   top4 idx=2314 val=0.02900
[dump] L05.res    n=20480   finite=1 absmax=15.893       mean=0.016846     sumsq=13841.47521        argmax=15365
[dump]   top0 idx=15365 val=15.89316
[dump]   top1 idx=16088 val=14.46950
[dump]   top2 idx=15948 val=10.42644
[dump]   top3 idx=18012 val=9.71179
[dump]   top4 idx=17702 val=9.11717
[dump] L06.att    n=2560    finite=1 absmax=1.1325       mean=-0.0013022   sumsq=54.85153691        argmax=951
[dump]   top0 idx=951 val=1.13252
[dump]   top1 idx=482 val=1.12465
[dump]   top2 idx=728 val=0.74362
[dump]   top3 idx=1682 val=0.59553
[dump]   top4 idx=1359 val=0.57153
[dump] L06.fmix   n=2560    finite=1 absmax=2.952        mean=0.015338     sumsq=898.3072051        argmax=631
[dump]   top0 idx=631 val=2.52782
[dump]   top1 idx=1521 val=2.02558
[dump]   top2 idx=1523 val=1.97205
[dump]   top3 idx=67 val=1.93949
[dump]   top4 idx=1512 val=1.81079
[dump] L06.mid    n=10      finite=1 absmax=0 mean=0 sumsq=0 ids: 51 152 159 91 432 109 165 375 123 223
[dump] L06.moe    n=2560    finite=1 absmax=0.064186     mean=0.00056675   sumsq=0.3414823734       argmax=2453
[dump]   top0 idx=2453 val=0.06419
[dump]   top1 idx=528 val=0.04678
[dump]   top2 idx=1716 val=0.04539
[dump]   top3 idx=513 val=0.04435
[dump]   top4 idx=1102 val=0.04433
[dump] L06.res    n=20480   finite=1 absmax=14.267       mean=0.014551     sumsq=7722.933262        argmax=15365
[dump]   top0 idx=15365 val=14.26680
[dump]   top1 idx=16088 val=8.81933
[dump]   top2 idx=15948 val=6.84709
[dump]   top3 idx=17702 val=6.71351
[dump]   top4 idx=10722 val=6.23505
[dump] L07.att    n=2560    finite=1 absmax=0.6869       mean=0.0011041    sumsq=30.11197116        argmax=2293
[dump]   top0 idx=2293 val=0.48984
[dump]   top1 idx=2180 val=0.45863
[dump]   top2 idx=1795 val=0.41988
[dump]   top3 idx=1076 val=0.40657
[dump]   top4 idx=47 val=0.39772
[dump] L07.fmix   n=2560    finite=1 absmax=2.206        mean=0.019248     sumsq=674.2245729        argmax=1521
[dump]   top0 idx=1521 val=1.73362
[dump]   top1 idx=2433 val=1.68189
[dump]   top2 idx=259 val=1.58990
[dump]   top3 idx=631 val=1.53331
[dump]   top4 idx=205 val=1.48502
[dump] L07.mid    n=10      finite=1 absmax=0 mean=0 sumsq=0 ids: 87 242 445 358 252 193 191 8 194 163
[dump] L07.moe    n=2560    finite=1 absmax=0.049282     mean=0.00028749   sumsq=0.2836662595       argmax=2453
[dump]   top0 idx=2453 val=0.04068
[dump]   top1 idx=757 val=0.03677
[dump]   top2 idx=2258 val=0.03584
[dump]   top3 idx=526 val=0.03426
[dump]   top4 idx=1712 val=0.03369
[dump] L07.res    n=20480   finite=1 absmax=13.416       mean=0.025297     sumsq=16817.67095        argmax=13987
[dump]   top0 idx=13987 val=10.77648
[dump]   top1 idx=16088 val=8.62989
[dump]   top2 idx=17702 val=8.04639
[dump]   top3 idx=15948 val=7.96997
[dump]   top4 idx=18551 val=7.91009
[dump] L08.att    n=2560    finite=1 absmax=0.099425     mean=0.00011476   sumsq=1.489584304        argmax=799
[dump]   top0 idx=799 val=0.09942
[dump]   top1 idx=1499 val=0.08979
[dump]   top2 idx=582 val=0.08848
[dump]   top3 idx=706 val=0.08309
[dump]   top4 idx=1043 val=0.08214
[dump] L08.fmix   n=2560    finite=1 absmax=2.4797       mean=0.026926     sumsq=685.5133484        argmax=631
[dump]   top0 idx=631 val=2.47974
[dump]   top1 idx=2433 val=1.71539
[dump]   top2 idx=1930 val=1.63571
[dump]   top3 idx=744 val=1.61197
[dump]   top4 idx=1899 val=1.54383
[dump] L08.mid    n=10      finite=1 absmax=0 mean=0 sumsq=0 ids: 263 181 134 360 462 175 46 183 219 28
[dump] L08.moe    n=2560    finite=1 absmax=0.043603     mean=-0.00037879  sumsq=0.4623271659       argmax=3
[dump]   top0 idx=3 val=0.04354
[dump]   top1 idx=1388 val=0.03980
[dump]   top2 idx=1153 val=0.03973
[dump]   top3 idx=1595 val=0.03865
[dump]   top4 idx=2075 val=0.03845
[dump] L08.res    n=20480   finite=1 absmax=11.529       mean=0.014859     sumsq=11669.04862        argmax=16088
[dump]   top0 idx=16088 val=11.52868
[dump]   top1 idx=15365 val=8.46396
[dump]   top2 idx=18012 val=7.03913
[dump]   top3 idx=16747 val=6.74979
[dump]   top4 idx=16565 val=6.28568
[dump] L09.att    n=2560    finite=1 absmax=0.34784      mean=0.0025287    sumsq=17.14986911        argmax=2393
[dump]   top0 idx=2393 val=0.34784
[dump]   top1 idx=1332 val=0.29146
[dump]   top2 idx=1378 val=0.28358
[dump]   top3 idx=1413 val=0.27881
[dump]   top4 idx=149 val=0.26060
[dump] L09.fmix   n=2560    finite=1 absmax=2.5066       mean=0.027622     sumsq=723.4705311        argmax=92
[dump]   top0 idx=92 val=2.50658
[dump]   top1 idx=1205 val=2.12946
[dump]   top2 idx=2433 val=1.91461
[dump]   top3 idx=631 val=1.70727
[dump]   top4 idx=1180 val=1.55049
[dump] L09.mid    n=10      finite=1 absmax=0 mean=0 sumsq=0 ids: 264 430 142 376 478 68 153 26 488 218
[dump] L09.moe    n=2560    finite=1 absmax=0.037123     mean=6.5407e-05   sumsq=0.2734011772       argmax=1395
[dump]   top0 idx=1395 val=0.03594
[dump]   top1 idx=105 val=0.03410
[dump]   top2 idx=1652 val=0.03274
[dump]   top3 idx=705 val=0.03154
[dump]   top4 idx=2206 val=0.03142
[dump] L09.res    n=20480   finite=1 absmax=14.512       mean=0.018994     sumsq=13386.94746        argmax=16088
[dump]   top0 idx=16088 val=14.06238
[dump]   top1 idx=15948 val=9.54474
[dump]   top2 idx=15778 val=7.92213
[dump]   top3 idx=15365 val=7.49881
[dump]   top4 idx=19715 val=7.42649
[dump] L10.att    n=2560    finite=1 absmax=0.37592      mean=-8.6407e-05  sumsq=17.28624563        argmax=728
[dump]   top0 idx=728 val=0.37592
[dump]   top1 idx=1912 val=0.34278
[dump]   top2 idx=508 val=0.33728
[dump]   top3 idx=816 val=0.32568
[dump]   top4 idx=482 val=0.29725
[dump] L10.fmix   n=2560    finite=1 absmax=1.9164       mean=0.020331     sumsq=621.1032889        argmax=631
[dump]   top0 idx=631 val=1.89628
[dump]   top1 idx=92 val=1.85887
[dump]   top2 idx=1512 val=1.65970
[dump]   top3 idx=2433 val=1.63611
[dump]   top4 idx=1225 val=1.54886
[dump] L10.mid    n=10      finite=1 absmax=0 mean=0 sumsq=0 ids: 355 461 97 495 417 387 373 322 404 18
[dump] L10.moe    n=2560    finite=1 absmax=0.03709      mean=-0.00026559  sumsq=0.2993035586       argmax=618
[dump]   top0 idx=618 val=0.03513
[dump]   top1 idx=2105 val=0.03505
[dump]   top2 idx=86 val=0.03497
[dump]   top3 idx=1253 val=0.03374
[dump]   top4 idx=2097 val=0.03239
[dump] L10.res    n=20480   finite=1 absmax=9.9819       mean=0.011272     sumsq=7153.850706        argmax=15365
[dump]   top0 idx=15365 val=9.98194
[dump]   top1 idx=16088 val=9.75290
[dump]   top2 idx=16311 val=9.18799
[dump]   top3 idx=17598 val=7.47188
[dump]   top4 idx=15778 val=6.06351
[dump] L11.att    n=2560    finite=1 absmax=0.398        mean=0.0010863    sumsq=20.51673646        argmax=2448
[dump]   top0 idx=2448 val=0.29800
[dump]   top1 idx=892 val=0.28847
[dump]   top2 idx=480 val=0.28028
[dump]   top3 idx=1913 val=0.27621
[dump]   top4 idx=2206 val=0.27481
[dump] L11.fmix   n=2560    finite=1 absmax=2.7667       mean=0.014428     sumsq=623.6530838        argmax=631
[dump]   top0 idx=631 val=2.76672
[dump]   top1 idx=2433 val=1.76421
[dump]   top2 idx=92 val=1.62301
[dump]   top3 idx=1512 val=1.57661
[dump]   top4 idx=1182 val=1.49757
[dump] L11.mid    n=10      finite=1 absmax=0 mean=0 sumsq=0 ids: 323 418 508 166 261 273 430 48 371 108
[dump] L11.moe    n=2560    finite=1 absmax=0.047939     mean=-0.00030494  sumsq=0.4360955988       argmax=1957
[dump]   top0 idx=1957 val=0.04375
[dump]   top1 idx=1642 val=0.03908
[dump]   top2 idx=1572 val=0.03828
[dump]   top3 idx=371 val=0.03623
[dump]   top4 idx=2360 val=0.03617
[dump] L11.res    n=20480   finite=1 absmax=14.159       mean=0.011206     sumsq=13744.88875        argmax=16088
[dump]   top0 idx=16088 val=14.15910
[dump]   top1 idx=15365 val=8.33190
[dump]   top2 idx=16311 val=7.54319
[dump]   top3 idx=15778 val=7.52528
[dump]   top4 idx=11422 val=6.59896
[dump] L12.att    n=2560    finite=1 absmax=0.37731      mean=-0.00066215  sumsq=18.69708925        argmax=728
[dump]   top0 idx=728 val=0.30952
[dump]   top1 idx=1432 val=0.30639
[dump]   top2 idx=539 val=0.29161
[dump]   top3 idx=729 val=0.27948
[dump]   top4 idx=1741 val=0.27750
[dump] L12.fmix   n=2560    finite=1 absmax=2.3031       mean=0.012881     sumsq=648.8796402        argmax=631
[dump]   top0 idx=631 val=2.30308
[dump]   top1 idx=2433 val=1.86731
[dump]   top2 idx=1205 val=1.83377
[dump]   top3 idx=65 val=1.77273
[dump]   top4 idx=92 val=1.74663
[dump] L12.mid    n=10      finite=1 absmax=0 mean=0 sumsq=0 ids: 421 0 433 63 277 283 390 21 52 37
[dump] L12.moe    n=2560    finite=1 absmax=0.049264     mean=-0.00020109  sumsq=0.2365887728       argmax=667
[dump]   top0 idx=667 val=0.03647
[dump]   top1 idx=915 val=0.03371
[dump]   top2 idx=761 val=0.03134
[dump]   top3 idx=235 val=0.03002
[dump]   top4 idx=2324 val=0.02878
[dump] L12.res    n=20480   finite=1 absmax=11.3         mean=0.0073004    sumsq=13745.71898        argmax=16088
[dump]   top0 idx=16088 val=11.30039
[dump]   top1 idx=17671 val=8.24285
[dump]   top2 idx=16747 val=7.42276
[dump]   top3 idx=16565 val=7.10762
[dump]   top4 idx=17101 val=6.99856
[dump] L13.att    n=2560    finite=1 absmax=0.2466       mean=0.00023897   sumsq=6.818163756        argmax=728
[dump]   top0 idx=728 val=0.24660
[dump]   top1 idx=951 val=0.23846
[dump]   top2 idx=1795 val=0.22017
[dump]   top3 idx=2445 val=0.20278
[dump]   top4 idx=788 val=0.17924
[dump] L13.fmix   n=2560    finite=1 absmax=2.1779       mean=-0.0001511   sumsq=620.4245362        argmax=728
[dump]   top0 idx=728 val=2.17786
[dump]   top1 idx=951 val=1.87572
[dump]   top2 idx=1301 val=1.75583
[dump]   top3 idx=1616 val=1.63594
[dump]   top4 idx=2453 val=1.59191
[dump] L13.mid    n=10      finite=1 absmax=0 mean=0 sumsq=0 ids: 259 387 265 97 273 357 91 468 93 224
[dump] L13.moe    n=2560    finite=1 absmax=0.066018     mean=-4.73e-05    sumsq=0.9123236816       argmax=2480
[dump]   top0 idx=2480 val=0.06568
[dump]   top1 idx=2401 val=0.05737
[dump]   top2 idx=1977 val=0.05696
[dump]   top3 idx=2378 val=0.05639
[dump]   top4 idx=2525 val=0.05636
[dump] L13.res    n=20480   finite=1 absmax=12.956       mean=0.0087228    sumsq=15344.8961         argmax=16311
[dump]   top0 idx=16311 val=12.95605
[dump]   top1 idx=16088 val=11.86575
[dump]   top2 idx=16747 val=8.24556
[dump]   top3 idx=15778 val=7.56063
[dump]   top4 idx=17671 val=7.41917
[dump] L14.att    n=2560    finite=1 absmax=0.44005      mean=0.00092531   sumsq=18.26562751        argmax=482
[dump]   top0 idx=482 val=0.44005
[dump]   top1 idx=2433 val=0.41828
[dump]   top2 idx=689 val=0.41519
[dump]   top3 idx=360 val=0.37810
[dump]   top4 idx=2215 val=0.37207
[dump] L14.fmix   n=2560    finite=1 absmax=2.1854       mean=0.0081352    sumsq=686.0750457        argmax=631
[dump]   top0 idx=631 val=2.18537
[dump]   top1 idx=728 val=2.14316
[dump]   top2 idx=1512 val=1.91019
[dump]   top3 idx=1616 val=1.78871
[dump]   top4 idx=1482 val=1.73621
[dump] L14.mid    n=10      finite=1 absmax=0 mean=0 sumsq=0 ids: 335 398 506 212 473 138 312 151 108 409
[dump] L14.moe    n=2560    finite=1 absmax=0.030436     mean=-0.0002945   sumsq=0.1239841742       argmax=1827
[dump]   top0 idx=1827 val=0.03044
[dump]   top1 idx=875 val=0.02702
[dump]   top2 idx=1039 val=0.02602
[dump]   top3 idx=1603 val=0.02481
[dump]   top4 idx=162 val=0.02199
[dump] L14.res    n=20480   finite=1 absmax=11.015       mean=0.0060857    sumsq=7343.593598        argmax=16088
[dump]   top0 idx=16088 val=11.01461
[dump]   top1 idx=15365 val=8.35504
[dump]   top2 idx=16747 val=5.36996
[dump]   top3 idx=16311 val=5.34805
[dump]   top4 idx=17598 val=5.08312
[dump] L15.att    n=2560    finite=1 absmax=0.37867      mean=-0.0027789   sumsq=14.56633601        argmax=1359
[dump]   top0 idx=1359 val=0.37867
[dump]   top1 idx=1879 val=0.31020
[dump]   top2 idx=808 val=0.28791
[dump]   top3 idx=1716 val=0.26495
[dump]   top4 idx=1227 val=0.25885
[dump] L15.fmix   n=2560    finite=1 absmax=4.4981       mean=-0.0093517   sumsq=1517.247818        argmax=728
[dump]   top0 idx=728 val=4.49814
[dump]   top1 idx=2238 val=2.85990
[dump]   top2 idx=1512 val=2.52196
[dump]   top3 idx=836 val=2.51593
[dump]   top4 idx=320 val=2.50708
[dump] L15.mid    n=10      finite=1 absmax=0 mean=0 sumsq=0 ids: 494 289 207 405 288 192 174 283 199 33
[dump] L15.moe    n=2560    finite=1 absmax=0.051647     mean=-2.4589e-05  sumsq=0.451760101        argmax=1408
[dump]   top0 idx=1408 val=0.05165
[dump]   top1 idx=158 val=0.04986
[dump]   top2 idx=652 val=0.04684
[dump]   top3 idx=654 val=0.04318
[dump]   top4 idx=282 val=0.04030
[dump] L15.res    n=20480   finite=1 absmax=13.657       mean=0.0011586    sumsq=17610.75348        argmax=16311
[dump]   top0 idx=16311 val=13.65691
[dump]   top1 idx=16088 val=10.30316
[dump]   top2 idx=17671 val=9.69000
[dump]   top3 idx=16747 val=9.49565
[dump]   top4 idx=17101 val=9.22038
[dump] L16.att    n=2560    finite=1 absmax=0.23402      mean=-0.0009374   sumsq=6.033103712        argmax=2057
[dump]   top0 idx=2057 val=0.23402
[dump]   top1 idx=2184 val=0.17764
[dump]   top2 idx=713 val=0.17603
[dump]   top3 idx=2054 val=0.16806
[dump]   top4 idx=1076 val=0.16332
[dump] L16.fmix   n=2560    finite=1 absmax=2.634        mean=-0.010588    sumsq=1243.261668        argmax=1512
[dump]   top0 idx=1512 val=2.49514
[dump]   top1 idx=320 val=2.47442
[dump]   top2 idx=836 val=2.13266
[dump]   top3 idx=667 val=2.05476
[dump]   top4 idx=2480 val=2.04478
[dump] L16.mid    n=10      finite=1 absmax=0 mean=0 sumsq=0 ids: 243 228 58 272 391 263 278 142 487 429
[dump] L16.moe    n=2560    finite=1 absmax=0.06065      mean=-4.2727e-06  sumsq=0.6339195619       argmax=2532
[dump]   top0 idx=2532 val=0.06065
[dump]   top1 idx=1058 val=0.04699
[dump]   top2 idx=333 val=0.04563
[dump]   top3 idx=812 val=0.04541
[dump]   top4 idx=1383 val=0.04469
[dump] L16.res    n=20480   finite=1 absmax=10.476       mean=0.00082752   sumsq=16535.03091        argmax=16088
[dump]   top0 idx=16088 val=10.47625
[dump]   top1 idx=15778 val=10.13343
[dump]   top2 idx=16311 val=8.34739
[dump]   top3 idx=16747 val=8.03496
[dump]   top4 idx=17598 val=7.76300
[dump] L17.att    n=2560    finite=1 absmax=0.23777      mean=0.00048587   sumsq=4.857274537        argmax=1984
[dump]   top0 idx=1984 val=0.23777
[dump]   top1 idx=394 val=0.18058
[dump]   top2 idx=871 val=0.18024
[dump]   top3 idx=177 val=0.17167
[dump]   top4 idx=223 val=0.13666
[dump] L17.fmix   n=2560    finite=1 absmax=2.1979       mean=-0.0068269   sumsq=1000.765083        argmax=1512
[dump]   top0 idx=1512 val=1.98008
[dump]   top1 idx=812 val=1.92723
[dump]   top2 idx=1482 val=1.91265
[dump]   top3 idx=788 val=1.77131
[dump]   top4 idx=793 val=1.75963
[dump] L17.mid    n=10      finite=1 absmax=0 mean=0 sumsq=0 ids: 136 499 486 363 139 209 84 471 422 365
[dump] L17.moe    n=2560    finite=1 absmax=0.038025     mean=0.00031747   sumsq=0.2532301005       argmax=946
[dump]   top0 idx=946 val=0.03802
[dump]   top1 idx=928 val=0.03613
[dump]   top2 idx=1696 val=0.03277
[dump]   top3 idx=268 val=0.03054
[dump]   top4 idx=290 val=0.03044
[dump] L17.res    n=20480   finite=1 absmax=14.088       mean=0.0074391    sumsq=16375.4759         argmax=16088
[dump]   top0 idx=16088 val=14.08794
[dump]   top1 idx=16311 val=10.83697
[dump]   top2 idx=10748 val=9.40225
[dump]   top3 idx=16747 val=8.89818
[dump]   top4 idx=16565 val=8.59186
[dump] L18.att    n=2560    finite=1 absmax=0.29639      mean=-0.00067188  sumsq=5.959524743        argmax=482
[dump]   top0 idx=482 val=0.29639
[dump]   top1 idx=167 val=0.21326
[dump]   top2 idx=1509 val=0.17961
[dump]   top3 idx=689 val=0.17756
[dump]   top4 idx=784 val=0.17524
[dump] L18.fmix   n=2560    finite=1 absmax=2.5424       mean=0.0059259    sumsq=902.4168829        argmax=65
[dump]   top0 idx=65 val=2.19697
[dump]   top1 idx=588 val=2.18371
[dump]   top2 idx=631 val=2.10496
[dump]   top3 idx=1616 val=2.05684
[dump]   top4 idx=2491 val=2.00351
[dump] L18.mid    n=10      finite=1 absmax=0 mean=0 sumsq=0 ids: 131 264 29 211 448 353 347 101 24 201
[dump] L18.moe    n=2560    finite=1 absmax=0.047186     mean=0.00014232   sumsq=0.3457273659       argmax=2356
[dump]   top0 idx=2356 val=0.04719
[dump]   top1 idx=2198 val=0.04123
[dump]   top2 idx=86 val=0.03476
[dump]   top3 idx=1180 val=0.03468
[dump]   top4 idx=964 val=0.03271
[dump] L18.res    n=20480   finite=1 absmax=11.373       mean=0.006608     sumsq=7754.552509        argmax=16088
[dump]   top0 idx=16088 val=11.37263
[dump]   top1 idx=17101 val=8.16232
[dump]   top2 idx=15365 val=7.63877
[dump]   top3 idx=16311 val=7.46597
[dump]   top4 idx=10722 val=6.97367
[dump] L19.att    n=2560    finite=1 absmax=0.45292      mean=0.0011948    sumsq=17.7674978         argmax=1227
[dump]   top0 idx=1227 val=0.43315
[dump]   top1 idx=694 val=0.35056
[dump]   top2 idx=742 val=0.34372
[dump]   top3 idx=356 val=0.33390
[dump]   top4 idx=2359 val=0.33364
[dump] L19.fmix   n=2560    finite=1 absmax=2.331        mean=0.0033224    sumsq=1171.437361        argmax=2390
[dump]   top0 idx=2390 val=2.21999
[dump]   top1 idx=2499 val=2.01053
[dump]   top2 idx=2261 val=1.97963
[dump]   top3 idx=1171 val=1.94148
[dump]   top4 idx=667 val=1.93215
[dump] L19.mid    n=10      finite=1 absmax=0 mean=0 sumsq=0 ids: 31 121 377 222 315 291 490 162 173 434
[dump] L19.moe    n=2560    finite=1 absmax=0.040375     mean=0.00054346   sumsq=0.29510473         argmax=105
[dump]   top0 idx=105 val=0.03827
[dump]   top1 idx=1466 val=0.03675
[dump]   top2 idx=1461 val=0.03509
[dump]   top3 idx=797 val=0.03459
[dump]   top4 idx=25 val=0.03417
[dump] L19.res    n=20480   finite=1 absmax=15.432       mean=0.016824     sumsq=18221.41335        argmax=16311
[dump]   top0 idx=16311 val=15.43243
[dump]   top1 idx=17598 val=12.38753
[dump]   top2 idx=16088 val=10.61857
[dump]   top3 idx=17671 val=7.29994
[dump]   top4 idx=16747 val=7.08573
[dump] L20.att    n=2560    finite=1 absmax=0.5733       mean=-0.0024393   sumsq=18.12207433        argmax=717
[dump]   top0 idx=717 val=0.41389
[dump]   top1 idx=1641 val=0.39811
[dump]   top2 idx=1132 val=0.35256
[dump]   top3 idx=2293 val=0.33288
[dump]   top4 idx=1653 val=0.31262
[dump] L20.fmix   n=2560    finite=1 absmax=3.5277       mean=0.011771     sumsq=1421.958096        argmax=1466
[dump]   top0 idx=1466 val=2.92525
[dump]   top1 idx=2481 val=2.22500
[dump]   top2 idx=1171 val=2.21019
[dump]   top3 idx=1918 val=2.14954
[dump]   top4 idx=2261 val=2.10637
[dump] L20.mid    n=10      finite=1 absmax=0 mean=0 sumsq=0 ids: 485 387 442 179 258 296 388 307 40 363
[dump] L20.moe    n=2560    finite=1 absmax=0.050947     mean=0.00056307   sumsq=0.4377206423       argmax=662
[dump]   top0 idx=662 val=0.05095
[dump]   top1 idx=391 val=0.04234
[dump]   top2 idx=1450 val=0.04078
[dump]   top3 idx=1570 val=0.03839
[dump]   top4 idx=2124 val=0.03672
[dump] L20.res    n=20480   finite=1 absmax=11.855       mean=0.019955     sumsq=20792.16123        argmax=16088
[dump]   top0 idx=16088 val=11.85543
[dump]   top1 idx=15948 val=10.11264
[dump]   top2 idx=17671 val=9.76938
[dump]   top3 idx=15755 val=9.67258
[dump]   top4 idx=16747 val=9.08648
[dump] L21.att    n=2560    finite=1 absmax=0.29191      mean=0.0013127    sumsq=2.522468116        argmax=951
[dump]   top0 idx=951 val=0.29191
[dump]   top1 idx=192 val=0.22054
[dump]   top2 idx=728 val=0.17592
[dump]   top3 idx=508 val=0.16167
[dump]   top4 idx=993 val=0.14680
[dump] L21.fmix   n=2560    finite=1 absmax=3.574        mean=0.042709     sumsq=1392.059026        argmax=65
[dump]   top0 idx=65 val=2.60419
[dump]   top1 idx=1466 val=2.51753
[dump]   top2 idx=1918 val=2.49640
[dump]   top3 idx=1696 val=2.47990
[dump]   top4 idx=524 val=2.36395
[dump] L21.mid    n=10      finite=1 absmax=0 mean=0 sumsq=0 ids: 255 25 118 346 313 418 379 369 57 306
[dump] L21.moe    n=2560    finite=1 absmax=0.049628     mean=-1.7017e-05  sumsq=0.4727265716       argmax=465
[dump]   top0 idx=465 val=0.04963
[dump]   top1 idx=2269 val=0.04426
[dump]   top2 idx=2079 val=0.04170
[dump]   top3 idx=2233 val=0.04050
[dump]   top4 idx=2429 val=0.03984
[dump] L21.res    n=20480   finite=1 absmax=17.647       mean=0.022605     sumsq=17059.96523        argmax=15365
[dump]   top0 idx=15365 val=17.64741
[dump]   top1 idx=15948 val=12.55799
[dump]   top2 idx=15991 val=10.37136
[dump]   top3 idx=17279 val=10.29832
[dump]   top4 idx=17702 val=10.04722
[dump] L22.att    n=2560    finite=1 absmax=0.65944      mean=0.00087225   sumsq=7.587612161        argmax=268
[dump]   top0 idx=268 val=0.65944
[dump]   top1 idx=2238 val=0.39474
[dump]   top2 idx=728 val=0.36148
[dump]   top3 idx=951 val=0.33610
[dump]   top4 idx=631 val=0.29780
[dump] L22.fmix   n=2560    finite=1 absmax=3.4439       mean=0.029514     sumsq=1028.490366        argmax=65
[dump]   top0 idx=65 val=2.25760
[dump]   top1 idx=67 val=2.14765
[dump]   top2 idx=631 val=2.02420
[dump]   top3 idx=1857 val=2.00893
[dump]   top4 idx=2279 val=2.00825
[dump] L22.mid    n=10      finite=1 absmax=0 mean=0 sumsq=0 ids: 279 301 504 50 364 454 460 287 355 135
[dump] L22.moe    n=2560    finite=1 absmax=0.066341     mean=-3.5924e-05  sumsq=0.5369148364       argmax=1313
[dump]   top0 idx=1313 val=0.06634
[dump]   top1 idx=227 val=0.05523
[dump]   top2 idx=1237 val=0.05389
[dump]   top3 idx=1634 val=0.05014
[dump]   top4 idx=1273 val=0.04981
[dump] L22.res    n=20480   finite=1 absmax=12.247       mean=0.015862     sumsq=10908.88727        argmax=15365
[dump]   top0 idx=15365 val=12.24676
[dump]   top1 idx=16153 val=9.42423
[dump]   top2 idx=16088 val=9.31415
[dump]   top3 idx=16311 val=8.89408
[dump]   top4 idx=17101 val=8.07218
[dump] L23.att    n=2560    finite=1 absmax=0.41673      mean=0.0011278    sumsq=13.21227193        argmax=2517
[dump]   top0 idx=2517 val=0.32069
[dump]   top1 idx=784 val=0.30439
[dump]   top2 idx=86 val=0.29913
[dump]   top3 idx=1790 val=0.28518
[dump]   top4 idx=1135 val=0.28148
[dump] L23.fmix   n=2560    finite=1 absmax=2.8785       mean=0.024655     sumsq=1573.24574         argmax=2215
[dump]   top0 idx=2215 val=2.62937
[dump]   top1 idx=1171 val=2.58773
[dump]   top2 idx=1696 val=2.50336
[dump]   top3 idx=1798 val=2.49403
[dump]   top4 idx=98 val=2.47289
[dump] L23.mid    n=10      finite=1 absmax=0 mean=0 sumsq=0 ids: 356 128 480 355 45 342 477 354 107 334
[dump] L23.moe    n=2560    finite=1 absmax=0.083491     mean=0.00019938   sumsq=1.222582944        argmax=1354
[dump]   top0 idx=1354 val=0.08349
[dump]   top1 idx=1301 val=0.07921
[dump]   top2 idx=1525 val=0.07295
[dump]   top3 idx=2139 val=0.06764
[dump]   top4 idx=2286 val=0.06260
[dump] L23.res    n=20480   finite=1 absmax=15.929       mean=0.025289     sumsq=16860.25052        argmax=15991
[dump]   top0 idx=15991 val=11.10564
[dump]   top1 idx=16088 val=10.71898
[dump]   top2 idx=16565 val=8.50717
[dump]   top3 idx=15948 val=8.43869
[dump]   top4 idx=16747 val=8.38410
[dump] L24.att    n=2560    finite=1 absmax=0.13932      mean=-0.00023076  sumsq=1.59053998         argmax=1586
[dump]   top0 idx=1586 val=0.10738
[dump]   top1 idx=895 val=0.10583
[dump]   top2 idx=799 val=0.09942
[dump]   top3 idx=92 val=0.09802
[dump]   top4 idx=36 val=0.08974
[dump] L24.fmix   n=2560    finite=1 absmax=2.6608       mean=0.024101     sumsq=834.4325368        argmax=631
[dump]   top0 idx=631 val=2.66080
[dump]   top1 idx=25 val=1.85526
[dump]   top2 idx=1466 val=1.79256
[dump]   top3 idx=65 val=1.78222
[dump]   top4 idx=1696 val=1.71918
[dump] L24.mid    n=10      finite=1 absmax=0 mean=0 sumsq=0 ids: 263 134 175 354 181 360 11 231 458 46
[dump] L24.moe    n=2560    finite=1 absmax=0.041908     mean=0.00026514   sumsq=0.2916973835       argmax=2504
[dump]   top0 idx=2504 val=0.04096
[dump]   top1 idx=288 val=0.03973
[dump]   top2 idx=81 val=0.03658
[dump]   top3 idx=1792 val=0.03619
[dump]   top4 idx=1486 val=0.03467
[dump] L24.res    n=20480   finite=1 absmax=13.847       mean=0.014511     sumsq=12806.31927        argmax=16088
[dump]   top0 idx=16088 val=13.84733
[dump]   top1 idx=17598 val=8.52157
[dump]   top2 idx=15365 val=7.88576
[dump]   top3 idx=16747 val=7.39925
[dump]   top4 idx=17116 val=6.95305
[dump] L25.att    n=2560    finite=1 absmax=0.49613      mean=-2.6745e-06  sumsq=7.407806811        argmax=951
[dump]   top0 idx=951 val=0.49613
[dump]   top1 idx=993 val=0.24200
[dump]   top2 idx=914 val=0.21324
[dump]   top3 idx=1378 val=0.20331
[dump]   top4 idx=2238 val=0.19971
[dump] L25.fmix   n=2560    finite=1 absmax=2.0469       mean=0.028782     sumsq=815.3415957        argmax=2141
[dump]   top0 idx=2141 val=2.04691
[dump]   top1 idx=25 val=1.77510
[dump]   top2 idx=1918 val=1.71634
[dump]   top3 idx=746 val=1.70819
[dump]   top4 idx=98 val=1.69576
[dump] L25.mid    n=10      finite=1 absmax=0 mean=0 sumsq=0 ids: 376 346 264 68 506 427 430 142 73 478
[dump] L25.moe    n=2560    finite=1 absmax=0.035394     mean=2.0106e-05   sumsq=0.2491525059       argmax=402
[dump]   top0 idx=402 val=0.03394
[dump]   top1 idx=2462 val=0.03075
[dump]   top2 idx=255 val=0.02888
[dump]   top3 idx=1780 val=0.02868
[dump]   top4 idx=236 val=0.02821
[dump] L25.res    n=20480   finite=1 absmax=16.508       mean=0.015201     sumsq=14837.29931        argmax=16088
[dump]   top0 idx=16088 val=16.50849
[dump]   top1 idx=17101 val=8.98077
[dump]   top2 idx=15991 val=8.97768
[dump]   top3 idx=16311 val=8.84669
[dump]   top4 idx=15948 val=8.18598
[dump] L26.att    n=2560    finite=1 absmax=0.30628      mean=-0.00070417  sumsq=9.759946576        argmax=519
[dump]   top0 idx=519 val=0.30628
[dump]   top1 idx=728 val=0.26967
[dump]   top2 idx=2203 val=0.26522
[dump]   top3 idx=177 val=0.23422
[dump]   top4 idx=1883 val=0.21450
[dump] L26.fmix   n=2560    finite=1 absmax=2.0887       mean=0.020464     sumsq=745.0037862        argmax=746
[dump]   top0 idx=746 val=2.08873
[dump]   top1 idx=849 val=1.81813
[dump]   top2 idx=2233 val=1.74747
[dump]   top3 idx=25 val=1.72301
[dump]   top4 idx=1466 val=1.65110
[dump] L26.mid    n=10      finite=1 absmax=0 mean=0 sumsq=0 ids: 461 355 97 243 296 417 313 384 320 203
[dump] L26.moe    n=2560    finite=1 absmax=0.047365     mean=-2.0407e-05  sumsq=0.459218794        argmax=1500
[dump]   top0 idx=1500 val=0.04737
[dump]   top1 idx=2054 val=0.04602
[dump]   top2 idx=1828 val=0.04351
[dump]   top3 idx=1965 val=0.04261
[dump]   top4 idx=1810 val=0.04206
[dump] L26.res    n=20480   finite=1 absmax=12.28        mean=0.010159     sumsq=7461.9299          argmax=16088
[dump]   top0 idx=16088 val=12.28009
[dump]   top1 idx=17598 val=11.66354
[dump]   top2 idx=16311 val=11.62061
[dump]   top3 idx=15365 val=9.79530
[dump]   top4 idx=17793 val=7.78639
[dump] L27.att    n=2560    finite=1 absmax=0.44999      mean=0.0025038    sumsq=14.94170168        argmax=714
[dump]   top0 idx=714 val=0.31108
[dump]   top1 idx=892 val=0.29345
[dump]   top2 idx=302 val=0.27778
[dump]   top3 idx=1404 val=0.26354
[dump]   top4 idx=1341 val=0.25775
[dump] L27.fmix   n=2560    finite=1 absmax=2.3912       mean=0.022929     sumsq=807.4614986        argmax=1500
[dump]   top0 idx=1500 val=2.39121
[dump]   top1 idx=849 val=2.00154
[dump]   top2 idx=746 val=1.82440
[dump]   top3 idx=1717 val=1.78448
[dump]   top4 idx=1905 val=1.63562
[dump] L27.mid    n=10      finite=1 absmax=0 mean=0 sumsq=0 ids: 430 323 98 508 166 151 58 108 261 418
[dump] L27.moe    n=2560    finite=1 absmax=0.033559     mean=0.00035929   sumsq=0.2448243384       argmax=960
[dump]   top0 idx=960 val=0.03356
[dump]   top1 idx=1561 val=0.03256
[dump]   top2 idx=2530 val=0.03161
[dump]   top3 idx=886 val=0.03055
[dump]   top4 idx=2196 val=0.02977
[dump] L27.res    n=20480   finite=1 absmax=17.18        mean=0.021442     sumsq=15504.88854        argmax=16088
[dump]   top0 idx=16088 val=17.17980
[dump]   top1 idx=16311 val=10.30775
[dump]   top2 idx=17598 val=9.82844
[dump]   top3 idx=15365 val=8.10221
[dump]   top4 idx=19315 val=8.01101
[dump] L28.att    n=2560    finite=1 absmax=0.22547      mean=-0.0024118   sumsq=7.32052015         argmax=186
[dump]   top0 idx=186 val=0.20896
[dump]   top1 idx=736 val=0.20730
[dump]   top2 idx=1480 val=0.18822
[dump]   top3 idx=917 val=0.16390
[dump]   top4 idx=434 val=0.16084
[dump] L28.fmix   n=2560    finite=1 absmax=2.8168       mean=0.02889      sumsq=917.8486171        argmax=1500
[dump]   top0 idx=1500 val=2.81681
[dump]   top1 idx=849 val=2.13876
[dump]   top2 idx=1905 val=2.13849
[dump]   top3 idx=65 val=2.07737
[dump]   top4 idx=631 val=2.07283
[dump] L28.mid    n=10      finite=1 absmax=0 mean=0 sumsq=0 ids: 52 219 421 469 43 229 297 21 392 63
[dump] L28.moe    n=2560    finite=1 absmax=0.051159     mean=-0.00035975  sumsq=0.3211125666       argmax=1942
[dump]   top0 idx=1942 val=0.05116
[dump]   top1 idx=1207 val=0.03897
[dump]   top2 idx=667 val=0.03803
[dump]   top3 idx=486 val=0.03785
[dump]   top4 idx=722 val=0.03651
[dump] L28.res    n=20480   finite=1 absmax=13.248       mean=0.012943     sumsq=15603.00569        argmax=16088
[dump]   top0 idx=16088 val=13.24777
[dump]   top1 idx=17671 val=9.62452
[dump]   top2 idx=17101 val=8.74078
[dump]   top3 idx=16747 val=8.25993
[dump]   top4 idx=18587 val=7.40584
[dump] L29.att    n=2560    finite=1 absmax=0.10867      mean=-0.00061371  sumsq=1.701115617        argmax=1736
[dump]   top0 idx=1736 val=0.10709
[dump]   top1 idx=1882 val=0.09985
[dump]   top2 idx=1795 val=0.09940
[dump]   top3 idx=1925 val=0.08578
[dump]   top4 idx=1205 val=0.08544
[dump] L29.fmix   n=2560    finite=1 absmax=2.2704       mean=0.011104     sumsq=950.4117588        argmax=1717
[dump]   top0 idx=1717 val=2.06550
[dump]   top1 idx=1905 val=2.05843
[dump]   top2 idx=1500 val=1.98590
[dump]   top3 idx=849 val=1.96075
[dump]   top4 idx=2499 val=1.86611
[dump] L29.mid    n=10      finite=1 absmax=0 mean=0 sumsq=0 ids: 273 387 93 265 259 290 342 118 330 148
[dump] L29.moe    n=2560    finite=1 absmax=0.049145     mean=-3.9057e-05  sumsq=0.4130456693       argmax=525
[dump]   top0 idx=525 val=0.04914
[dump]   top1 idx=1955 val=0.04478
[dump]   top2 idx=309 val=0.04025
[dump]   top3 idx=2253 val=0.03911
[dump]   top4 idx=1599 val=0.03866
[dump] L29.res    n=20480   finite=1 absmax=17.357       mean=0.010554     sumsq=17134.85013        argmax=16311
[dump]   top0 idx=16311 val=17.35746
[dump]   top1 idx=16088 val=14.00397
[dump]   top2 idx=17598 val=9.73160
[dump]   top3 idx=16747 val=9.15430
[dump]   top4 idx=17671 val=8.38054
[dump] L30.att    n=2560    finite=1 absmax=0.39858      mean=-0.00065008  sumsq=10.00374993        argmax=993
[dump]   top0 idx=993 val=0.39858
[dump]   top1 idx=2502 val=0.32189
[dump]   top2 idx=482 val=0.29979
[dump]   top3 idx=597 val=0.20751
[dump]   top4 idx=2374 val=0.20483
[dump] L30.fmix   n=2560    finite=1 absmax=3.0598       mean=0.0085072    sumsq=1355.857899        argmax=1500
[dump]   top0 idx=1500 val=2.64149
[dump]   top1 idx=1914 val=2.36905
[dump]   top2 idx=1905 val=2.29918
[dump]   top3 idx=477 val=2.24786
[dump]   top4 idx=25 val=2.24543
[dump] L30.mid    n=10      finite=1 absmax=0 mean=0 sumsq=0 ids: 506 86 151 398 11 181 335 280 409 14
[dump] L30.moe    n=2560    finite=1 absmax=0.054761     mean=0.0001647    sumsq=0.6270006698       argmax=2095
[dump]   top0 idx=2095 val=0.05476
[dump]   top1 idx=2022 val=0.05263
[dump]   top2 idx=1850 val=0.05097
[dump]   top3 idx=2030 val=0.04865
[dump]   top4 idx=835 val=0.04813
[dump] L30.res    n=20480   finite=1 absmax=13.369       mean=0.0086019    sumsq=7741.690748        argmax=16088
[dump]   top0 idx=16088 val=13.36865
[dump]   top1 idx=15365 val=8.91276
[dump]   top2 idx=10722 val=7.04409
[dump]   top3 idx=17598 val=6.93420
[dump]   top4 idx=16311 val=6.84265
[dump] L31.att    n=2560    finite=1 absmax=0.24573      mean=-0.0023527   sumsq=9.971595812        argmax=1716
[dump]   top0 idx=1716 val=0.24573
[dump]   top1 idx=1205 val=0.22043
[dump]   top2 idx=1359 val=0.21584
[dump]   top3 idx=1776 val=0.19534
[dump]   top4 idx=2371 val=0.19139
[dump] L31.fmix   n=2560    finite=1 absmax=4.8376       mean=0.00083299   sumsq=2010.087143        argmax=728
[dump]   top0 idx=728 val=4.83761
[dump]   top1 idx=2238 val=3.76667
[dump]   top2 idx=98 val=3.52886
[dump]   top3 idx=477 val=3.40148
[dump]   top4 idx=1828 val=3.05716
[dump] L31.mid    n=10      finite=1 absmax=0 mean=0 sumsq=0 ids: 494 283 289 156 405 311 399 302 207 449
[dump] L31.moe    n=2560    finite=1 absmax=0.069837     mean=0.00046673   sumsq=0.8456957956       argmax=1212
[dump]   top0 idx=1212 val=0.06984
[dump]   top1 idx=877 val=0.06785
[dump]   top2 idx=2438 val=0.06494
[dump]   top3 idx=32 val=0.06082
[dump]   top4 idx=1483 val=0.05288
[dump] L31.res    n=20480   finite=1 absmax=17.107       mean=0.009412     sumsq=20154.6492         argmax=16311
[dump]   top0 idx=16311 val=17.10703
[dump]   top1 idx=16088 val=12.06970
[dump]   top2 idx=17101 val=11.35176
[dump]   top3 idx=17671 val=10.69337
[dump]   top4 idx=16747 val=10.17438
[dump] L32.att    n=2560    finite=1 absmax=0.21025      mean=-0.0011557   sumsq=4.203117598        argmax=713
[dump]   top0 idx=713 val=0.21025
[dump]   top1 idx=1368 val=0.19169
[dump]   top2 idx=1134 val=0.15231
[dump]   top3 idx=1303 val=0.13801
[dump]   top4 idx=167 val=0.13306
[dump] L32.fmix   n=2560    finite=1 absmax=3.3759       mean=0.005682     sumsq=1841.041653        argmax=1828
[dump]   top0 idx=1828 val=2.77227
[dump]   top1 idx=2335 val=2.71384
[dump]   top2 idx=477 val=2.61131
[dump]   top3 idx=2095 val=2.58587
[dump]   top4 idx=1512 val=2.58117
[dump] L32.mid    n=10      finite=1 absmax=0 mean=0 sumsq=0 ids: 228 243 263 142 58 429 272 454 377 278
[dump] L32.moe    n=2560    finite=1 absmax=0.079508     mean=-0.00026415  sumsq=0.9639118402       argmax=198
[dump]   top0 idx=198 val=0.05718
[dump]   top1 idx=1023 val=0.05702
[dump]   top2 idx=776 val=0.05402
[dump]   top3 idx=1933 val=0.05323
[dump]   top4 idx=2120 val=0.05305
[dump] L32.res    n=20480   finite=1 absmax=12.159       mean=0.0078116    sumsq=18319.40347        argmax=16088
[dump]   top0 idx=16088 val=12.15926
[dump]   top1 idx=17598 val=11.54765
[dump]   top2 idx=15778 val=10.26150
[dump]   top3 idx=16311 val=10.08194
[dump]   top4 idx=17101 val=8.88364
[dump] L33.att    n=2560    finite=1 absmax=0.14976      mean=-0.0012947   sumsq=1.722709047        argmax=2393
[dump]   top0 idx=2393 val=0.14976
[dump]   top1 idx=192 val=0.10554
[dump]   top2 idx=634 val=0.10151
[dump]   top3 idx=1990 val=0.08927
[dump]   top4 idx=550 val=0.08785
[dump] L33.fmix   n=2560    finite=1 absmax=3.5677       mean=-0.0031517   sumsq=1464.29249         argmax=1512
[dump]   top0 idx=1512 val=2.93465
[dump]   top1 idx=2335 val=2.49608
[dump]   top2 idx=788 val=2.45911
[dump]   top3 idx=1313 val=2.30434
[dump]   top4 idx=2481 val=2.26823
[dump] L33.mid    n=10      finite=1 absmax=0 mean=0 sumsq=0 ids: 136 84 374 363 345 120 419 486 253 209
[dump] L33.moe    n=2560    finite=1 absmax=0.060828     mean=2.1461e-05   sumsq=0.5497771429       argmax=1602
[dump]   top0 idx=1602 val=0.05542
[dump]   top1 idx=371 val=0.04907
[dump]   top2 idx=399 val=0.04643
[dump]   top3 idx=776 val=0.04391
[dump]   top4 idx=1484 val=0.04265
[dump] L33.res    n=20480   finite=1 absmax=16.149       mean=0.0068096    sumsq=17913.31806        argmax=16088
[dump]   top0 idx=16088 val=16.14932
[dump]   top1 idx=16311 val=12.82643
[dump]   top2 idx=17598 val=10.75193
[dump]   top3 idx=10722 val=9.99507
[dump]   top4 idx=16747 val=9.57532
[dump] L34.att    n=2560    finite=1 absmax=0.21771      mean=-0.00099312  sumsq=3.549630097        argmax=482
[dump]   top0 idx=482 val=0.21771
[dump]   top1 idx=689 val=0.16714
[dump]   top2 idx=1882 val=0.16540
[dump]   top3 idx=624 val=0.13716
[dump]   top4 idx=951 val=0.13258
[dump] L34.fmix   n=2560    finite=1 absmax=3.0021       mean=0.0086214    sumsq=1264.574429        argmax=631
[dump]   top0 idx=631 val=2.79912
[dump]   top1 idx=1313 val=2.68887
[dump]   top2 idx=1500 val=2.55596
[dump]   top3 idx=65 val=2.40456
[dump]   top4 idx=1512 val=2.26808
[dump] L34.mid    n=10      finite=1 absmax=0 mean=0 sumsq=0 ids: 131 29 353 101 24 102 264 460 211 347
[dump] L34.moe    n=2560    finite=1 absmax=0.069393     mean=0.00055625   sumsq=0.8982130944       argmax=196
[dump]   top0 idx=196 val=0.06939
[dump]   top1 idx=1709 val=0.06616
[dump]   top2 idx=1631 val=0.06564
[dump]   top3 idx=951 val=0.05766
[dump]   top4 idx=2415 val=0.05584
[dump] L34.res    n=20480   finite=1 absmax=13.548       mean=0.0075519    sumsq=8685.740518        argmax=16088
[dump]   top0 idx=16088 val=13.54839
[dump]   top1 idx=17101 val=10.53956
[dump]   top2 idx=10722 val=10.26554
[dump]   top3 idx=16311 val=9.31684
[dump]   top4 idx=15365 val=8.04402
[dump] L35.att    n=2560    finite=1 absmax=0.41972      mean=0.00059377   sumsq=9.924710838        argmax=1882
[dump]   top0 idx=1882 val=0.30054
[dump]   top1 idx=79 val=0.23072
[dump]   top2 idx=2091 val=0.21637
[dump]   top3 idx=1341 val=0.20377
[dump]   top4 idx=694 val=0.20200
[dump] L35.fmix   n=2560    finite=1 absmax=3.333        mean=0.009076     sumsq=1634.463259        argmax=410
[dump]   top0 idx=410 val=2.65188
[dump]   top1 idx=1313 val=2.60252
[dump]   top2 idx=957 val=2.52148
[dump]   top3 idx=1283 val=2.42355
[dump]   top4 idx=1512 val=2.42105
[dump] L35.mid    n=10      finite=1 absmax=0 mean=0 sumsq=0 ids: 472 31 161 291 375 121 277 315 56 490
[dump] L35.moe    n=2560    finite=1 absmax=0.074299     mean=0.00060064   sumsq=1.193632892        argmax=687
[dump]   top0 idx=687 val=0.07430
[dump]   top1 idx=1229 val=0.07416
[dump]   top2 idx=1144 val=0.07059
[dump]   top3 idx=308 val=0.06727
[dump]   top4 idx=755 val=0.06687
[dump] L35.res    n=20480   finite=1 absmax=19.32        mean=0.015858     sumsq=20099.74656        argmax=16311
[dump]   top0 idx=16311 val=19.32014
[dump]   top1 idx=17598 val=18.80554
[dump]   top2 idx=16088 val=11.53826
[dump]   top3 idx=10722 val=7.86194
[dump]   top4 idx=16747 val=7.71650
[dump] L36.att    n=2560    finite=1 absmax=0.72506      mean=0.0021306    sumsq=36.25334809        argmax=1882
[dump]   top0 idx=1882 val=0.72506
[dump]   top1 idx=2374 val=0.69917
[dump]   top2 idx=1603 val=0.66169
[dump]   top3 idx=687 val=0.65433
[dump]   top4 idx=689 val=0.62164
[dump] L36.fmix   n=2560    finite=1 absmax=5.275        mean=0.025943     sumsq=2428.20291         argmax=1313
[dump]   top0 idx=1313 val=3.23902
[dump]   top1 idx=1905 val=3.23330
[dump]   top2 idx=2510 val=3.10394
[dump]   top3 idx=888 val=2.70141
[dump]   top4 idx=2095 val=2.67908
[dump] L36.mid    n=10      finite=1 absmax=0 mean=0 sumsq=0 ids: 387 218 169 25 296 210 363 258 179 262
[dump] L36.moe    n=2560    finite=1 absmax=0.22787      mean=-6.4671e-05  sumsq=4.689515806        argmax=1641
[dump]   top0 idx=1641 val=0.18547
[dump]   top1 idx=2128 val=0.13942
[dump]   top2 idx=2120 val=0.13672
[dump]   top3 idx=1368 val=0.13602
[dump]   top4 idx=1232 val=0.13129
[dump] L36.res    n=20480   finite=1 absmax=13.302       mean=0.017682     sumsq=22466.92695        argmax=16088
[dump]   top0 idx=16088 val=13.30246
[dump]   top1 idx=17671 val=10.62894
[dump]   top2 idx=15755 val=10.54112
[dump]   top3 idx=17598 val=10.34043
[dump]   top4 idx=16860 val=9.32587
[dump] L37.att    n=2560    finite=1 absmax=0.24199      mean=-0.00063387  sumsq=4.593646851        argmax=713
[dump]   top0 idx=713 val=0.24199
[dump]   top1 idx=1882 val=0.21463
[dump]   top2 idx=951 val=0.19862
[dump]   top3 idx=1061 val=0.19717
[dump]   top4 idx=892 val=0.17644
[dump] L37.fmix   n=2560    finite=1 absmax=4.5108       mean=0.035637     sumsq=2475.121352        argmax=1313
[dump]   top0 idx=1313 val=3.61158
[dump]   top1 idx=957 val=3.12878
[dump]   top2 idx=2510 val=2.95578
[dump]   top3 idx=1144 val=2.92986
[dump]   top4 idx=1283 val=2.91734
[dump] L37.mid    n=10      finite=1 absmax=0 mean=0 sumsq=0 ids: 306 255 313 369 19 57 200 118 494 346
[dump] L37.moe    n=2560    finite=1 absmax=0.10858      mean=0.00044757   sumsq=2.895151535        argmax=2389
[dump]   top0 idx=2389 val=0.10204
[dump]   top1 idx=582 val=0.10021
[dump]   top2 idx=2263 val=0.10005
[dump]   top3 idx=205 val=0.09929
[dump]   top4 idx=882 val=0.09686
[dump] L37.res    n=20480   finite=1 absmax=17.017       mean=0.019954     sumsq=18826.71461        argmax=15365
[dump]   top0 idx=15365 val=17.01720
[dump]   top1 idx=15991 val=13.49449
[dump]   top2 idx=17279 val=12.09497
[dump]   top3 idx=10927 val=10.92059
[dump]   top4 idx=15948 val=10.24319
[dump] L38.att    n=2560    finite=1 absmax=0.4572       mean=-0.00040606  sumsq=8.673721676        argmax=36
[dump]   top0 idx=36 val=0.28241
[dump]   top1 idx=913 val=0.27033
[dump]   top2 idx=308 val=0.26634
[dump]   top3 idx=403 val=0.23699
[dump]   top4 idx=1959 val=0.23389
[dump] L38.fmix   n=2560    finite=1 absmax=5.0222       mean=0.031865     sumsq=2359.888243        argmax=1694
[dump]   top0 idx=1694 val=2.90256
[dump]   top1 idx=1967 val=2.78838
[dump]   top2 idx=911 val=2.59346
[dump]   top3 idx=1391 val=2.58692
[dump]   top4 idx=582 val=2.55224
[dump] L38.mid    n=10      finite=1 absmax=0 mean=0 sumsq=0 ids: 279 301 206 504 460 50 486 135 7 287
[dump] L38.moe    n=2560    finite=1 absmax=0.13261      mean=-0.00045982  sumsq=3.065055928        argmax=2422
[dump]   top0 idx=2422 val=0.13261
[dump]   top1 idx=603 val=0.11578
[dump]   top2 idx=428 val=0.10838
[dump]   top3 idx=2060 val=0.10445
[dump]   top4 idx=524 val=0.10021
[dump] L38.res    n=20480   finite=1 absmax=13.423       mean=0.011813     sumsq=13335.01257        argmax=15365
[dump]   top0 idx=15365 val=13.41828
[dump]   top1 idx=15427 val=10.62029
[dump]   top2 idx=15991 val=9.98652
[dump]   top3 idx=16860 val=9.64689
[dump]   top4 idx=17702 val=8.90433
[dump] L39.att    n=2560    finite=1 absmax=0.32476      mean=0.00032745   sumsq=11.51274057        argmax=1882
[dump]   top0 idx=1882 val=0.30769
[dump]   top1 idx=2018 val=0.29028
[dump]   top2 idx=892 val=0.28763
[dump]   top3 idx=799 val=0.27548
[dump]   top4 idx=1737 val=0.27135
[dump] L39.fmix   n=2560    finite=1 absmax=5.0937       mean=0.020811     sumsq=2539.775042        argmax=67
[dump]   top0 idx=67 val=5.09373
[dump]   top1 idx=579 val=4.27182
[dump]   top2 idx=308 val=3.34670
[dump]   top3 idx=2209 val=3.21444
[dump]   top4 idx=400 val=3.18717
[dump] L39.mid    n=10      finite=1 absmax=0 mean=0 sumsq=0 ids: 356 60 128 77 32 480 177 42 496 342
[dump] L39.moe    n=2560    finite=1 absmax=0.28992      mean=-0.00062544  sumsq=11.88538949        argmax=1368
[dump]   top0 idx=1368 val=0.27604
[dump]   top1 idx=1030 val=0.22741
[dump]   top2 idx=2190 val=0.22283
[dump]   top3 idx=2356 val=0.22182
[dump]   top4 idx=1734 val=0.20681
[dump] L39.res    n=20480   finite=1 absmax=28.399       mean=0.01629      sumsq=31470.18173        argmax=15991
[dump]   top0 idx=15991 val=19.48647
[dump]   top1 idx=15427 val=16.58244
[dump]   top2 idx=17702 val=15.57931
[dump]   top3 idx=15619 val=13.61556
[dump]   top4 idx=16565 val=11.49611
[dump] L40.att    n=2560    finite=1 absmax=0.51406      mean=0.0039524    sumsq=10.33193866        argmax=1061
[dump]   top0 idx=1061 val=0.51406
[dump]   top1 idx=138 val=0.26542
[dump]   top2 idx=1116 val=0.25918
[dump]   top3 idx=482 val=0.25672
[dump]   top4 idx=882 val=0.23822
[dump] L40.fmix   n=2560    finite=1 absmax=6.3616       mean=0.020775     sumsq=2987.92473         argmax=67
[dump]   top0 idx=67 val=6.36159
[dump]   top1 idx=579 val=5.12223
[dump]   top2 idx=2238 val=4.43431
[dump]   top3 idx=1844 val=3.63086
[dump]   top4 idx=1756 val=3.50618
[dump] L40.mid    n=10      finite=1 absmax=0 mean=0 sumsq=0 ids: 232 172 335 280 138 22 398 178 208 66
[dump] L40.moe    n=2560    finite=1 absmax=0.1158       mean=0.00056391   sumsq=2.499281551        argmax=944
[dump]   top0 idx=944 val=0.11580
[dump]   top1 idx=621 val=0.09365
[dump]   top2 idx=2443 val=0.09267
[dump]   top3 idx=2360 val=0.09098
[dump]   top4 idx=2239 val=0.08971
[dump] L40.res    n=20480   finite=1 absmax=17.954       mean=0.023048     sumsq=24628.48214        argmax=15991
[dump]   top0 idx=15991 val=16.62931
[dump]   top1 idx=17598 val=9.97737
[dump]   top2 idx=13861 val=9.80102
[dump]   top3 idx=17116 val=9.51058
[dump]   top4 idx=14517 val=9.08306
[dump] L41.att    n=2560    finite=1 absmax=0.51132      mean=0.00043171   sumsq=8.914157482        argmax=1882
[dump]   top0 idx=1882 val=0.51132
[dump]   top1 idx=993 val=0.22519
[dump]   top2 idx=2234 val=0.22342
[dump]   top3 idx=562 val=0.21785
[dump]   top4 idx=1067 val=0.21554
[dump] L41.fmix   n=2560    finite=1 absmax=5.8645       mean=0.029417     sumsq=2908.017593        argmax=67
[dump]   top0 idx=67 val=5.86452
[dump]   top1 idx=579 val=4.50057
[dump]   top2 idx=2190 val=3.96474
[dump]   top3 idx=1756 val=3.83939
[dump]   top4 idx=1693 val=3.71970
[dump] L41.mid    n=10      finite=1 absmax=0 mean=0 sumsq=0 ids: 59 240 149 450 105 205 132 433 118 445
[dump] L41.moe    n=2560    finite=1 absmax=0.099442     mean=7.1628e-05   sumsq=1.616354527        argmax=1070
[dump]   top0 idx=1070 val=0.08015
[dump]   top1 idx=1603 val=0.07942
[dump]   top2 idx=2481 val=0.07758
[dump]   top3 idx=2465 val=0.07629
[dump]   top4 idx=597 val=0.07485
[dump] L41.res    n=20480   finite=1 absmax=14.731       mean=0.022933     sumsq=25053.34691        argmax=15991
[dump]   top0 idx=15991 val=12.76557
[dump]   top1 idx=16860 val=10.07945
[dump]   top2 idx=15212 val=9.71762
[dump]   top3 idx=11608 val=9.21469
[dump]   top4 idx=17598 val=8.60452
[dump] L42.att    n=2560    finite=1 absmax=0.33883      mean=-0.00085564  sumsq=6.126467521        argmax=1039
[dump]   top0 idx=1039 val=0.27335
[dump]   top1 idx=36 val=0.24146
[dump]   top2 idx=482 val=0.24022
[dump]   top3 idx=517 val=0.21722
[dump]   top4 idx=722 val=0.20725
[dump] L42.fmix   n=2560    finite=1 absmax=5.1252       mean=0.029753     sumsq=3352.952629        argmax=579
[dump]   top0 idx=579 val=4.73422
[dump]   top1 idx=67 val=4.23428
[dump]   top2 idx=1693 val=4.23173
[dump]   top3 idx=2190 val=3.85326
[dump]   top4 idx=2239 val=3.70293
[dump] L42.mid    n=10      finite=1 absmax=0 mean=0 sumsq=0 ids: 341 3 212 310 151 391 337 195 140 269
[dump] L42.moe    n=2560    finite=1 absmax=0.12117      mean=0.00034804   sumsq=2.985755562        argmax=1502
[dump]   top0 idx=1502 val=0.12117
[dump]   top1 idx=1594 val=0.11324
[dump]   top2 idx=1633 val=0.10442
[dump]   top3 idx=1733 val=0.10143
[dump]   top4 idx=615 val=0.09479
[dump] L42.res    n=20480   finite=1 absmax=11.808       mean=0.01191      sumsq=7999.540106        argmax=15365
[dump]   top0 idx=15365 val=10.00560
[dump]   top1 idx=15427 val=9.37596
[dump]   top2 idx=15991 val=8.17859
[dump]   top3 idx=17279 val=7.69087
[dump]   top4 idx=13682 val=7.06491
[dump] L43.att    n=2560    finite=1 absmax=0.54923      mean=0.0020032    sumsq=9.376926879        argmax=417
[dump]   top0 idx=417 val=0.54923
[dump]   top1 idx=67 val=0.52420
[dump]   top2 idx=1959 val=0.36971
[dump]   top3 idx=1391 val=0.33741
[dump]   top4 idx=1844 val=0.32273
[dump] L43.fmix   n=2560    finite=1 absmax=6.2696       mean=0.028236     sumsq=2508.593378        argmax=67
[dump]   top0 idx=67 val=6.26958
[dump]   top1 idx=2239 val=3.94202
[dump]   top2 idx=1844 val=3.73403
[dump]   top3 idx=579 val=3.69186
[dump]   top4 idx=1633 val=3.49420
[dump] L43.mid    n=10      finite=1 absmax=0 mean=0 sumsq=0 ids: 300 86 462 451 324 483 270 0 64 18
[dump] L43.moe    n=2560    finite=1 absmax=0.21283      mean=-0.00018289  sumsq=5.092208655        argmax=1882
[dump]   top0 idx=1882 val=0.21283
[dump]   top1 idx=944 val=0.17987
[dump]   top2 idx=283 val=0.14120
[dump]   top3 idx=200 val=0.13329
[dump]   top4 idx=315 val=0.13139
[dump] L43.res    n=20480   finite=1 absmax=22.877       mean=0.030683     sumsq=35416.21071        argmax=15991
[dump]   top0 idx=15991 val=16.45701
[dump]   top1 idx=17598 val=11.98110
[dump]   top2 idx=15994 val=11.83544
[dump]   top3 idx=17838 val=11.17339
[dump]   top4 idx=16419 val=11.14461
[dump] L44.att    n=2560    finite=1 absmax=2.2182       mean=-0.00017711  sumsq=64.85800943        argmax=1238
[dump]   top0 idx=1238 val=0.77961
[dump]   top1 idx=634 val=0.67654
[dump]   top2 idx=1882 val=0.55889
[dump]   top3 idx=181 val=0.52950
[dump]   top4 idx=1101 val=0.48080
[dump] L44.fmix   n=2560    finite=1 absmax=7.0764       mean=0.033742     sumsq=2903.551397        argmax=67
[dump]   top0 idx=67 val=7.07636
[dump]   top1 idx=1633 val=5.35591
[dump]   top2 idx=1844 val=4.98649
[dump]   top3 idx=417 val=4.56154
[dump]   top4 idx=944 val=4.34243
[dump] L44.mid    n=10      finite=1 absmax=0 mean=0 sumsq=0 ids: 287 87 190 75 192 401 61 306 301 198
[dump] L44.moe    n=2560    finite=1 absmax=0.117        mean=-3.9237e-05  sumsq=2.223230346        argmax=206
[dump]   top0 idx=206 val=0.11700
[dump]   top1 idx=728 val=0.10644
[dump]   top2 idx=2449 val=0.10342
[dump]   top3 idx=1125 val=0.10306
[dump]   top4 idx=617 val=0.08627
[dump] L44.res    n=20480   finite=1 absmax=42.613       mean=0.02117      sumsq=27383.02452        argmax=15991
[dump]   top0 idx=15991 val=22.21986
[dump]   top1 idx=16565 val=11.73888
[dump]   top2 idx=17319 val=11.01643
[dump]   top3 idx=17598 val=10.67022
[dump]   top4 idx=15212 val=10.63385
[dump] L45.att    n=2560    finite=1 absmax=1.9316       mean=0.0062952    sumsq=145.0027594        argmax=631
[dump]   top0 idx=631 val=1.46547
[dump]   top1 idx=1810 val=1.38632
[dump]   top2 idx=1882 val=1.30404
[dump]   top3 idx=1202 val=1.20357
[dump]   top4 idx=745 val=0.98235
[dump] L45.fmix   n=2560    finite=1 absmax=7.1413       mean=0.035792     sumsq=2847.690476        argmax=67
[dump]   top0 idx=67 val=7.09323
[dump]   top1 idx=1633 val=5.64062
[dump]   top2 idx=417 val=4.87395
[dump]   top3 idx=1844 val=4.65077
[dump]   top4 idx=944 val=4.06244
[dump] L45.mid    n=10      finite=1 absmax=0 mean=0 sumsq=0 ids: 237 66 343 339 85 103 303 443 280 471
[dump] L45.moe    n=2560    finite=1 absmax=0.12144      mean=-0.00055291  sumsq=2.49519519         argmax=331
[dump]   top0 idx=331 val=0.11121
[dump]   top1 idx=1410 val=0.10583
[dump]   top2 idx=1425 val=0.08696
[dump]   top3 idx=2089 val=0.08662
[dump]   top4 idx=1138 val=0.08511
[dump] L45.res    n=20480   finite=1 absmax=29.942       mean=0.022112     sumsq=29316.79711        argmax=15427
[dump]   top0 idx=15427 val=29.94222
[dump]   top1 idx=14610 val=19.53086
[dump]   top2 idx=15991 val=17.81433
[dump]   top3 idx=17204 val=15.45940
[dump]   top4 idx=17702 val=15.21773
[dump] L46.att    n=2560    finite=1 absmax=5.4879       mean=0.0037737    sumsq=242.8968554        argmax=181
[dump]   top0 idx=181 val=3.15078
[dump]   top1 idx=951 val=2.49062
[dump]   top2 idx=634 val=1.96236
[dump]   top3 idx=2502 val=1.64904
[dump]   top4 idx=1497 val=1.48215
[dump] L46.fmix   n=2560    finite=1 absmax=5.8477       mean=0.025676     sumsq=2667.911926        argmax=67
[dump]   top0 idx=67 val=5.84766
[dump]   top1 idx=1633 val=4.45955
[dump]   top2 idx=944 val=4.14979
[dump]   top3 idx=1844 val=4.06631
[dump]   top4 idx=634 val=3.92285
[dump] L46.mid    n=10      finite=1 absmax=0 mean=0 sumsq=0 ids: 25 505 56 60 264 115 258 123 281 491
[dump] L46.moe    n=2560    finite=1 absmax=0.18252      mean=-7.1526e-05  sumsq=3.612168847        argmax=1872
[dump]   top0 idx=1872 val=0.14404
[dump]   top1 idx=617 val=0.13653
[dump]   top2 idx=19 val=0.13149
[dump]   top3 idx=192 val=0.13129
[dump]   top4 idx=63 val=0.13124
[dump] L46.res    n=20480   finite=1 absmax=15.373       mean=0.014844     sumsq=16033.65811        argmax=15427
[dump]   top0 idx=15427 val=12.78536
[dump]   top1 idx=17702 val=9.39338
[dump]   top2 idx=12122 val=8.74450
[dump]   top3 idx=15991 val=8.55509
[dump]   top4 idx=17204 val=8.47546
[dump] L47.att    n=2560    finite=1 absmax=1.2522       mean=-0.0037399   sumsq=46.75572444        argmax=1027
[dump]   top0 idx=1027 val=1.25216
[dump]   top1 idx=722 val=0.72450
[dump]   top2 idx=579 val=0.69732
[dump]   top3 idx=36 val=0.68761
[dump]   top4 idx=1395 val=0.65079
[dump] L47.fmix   n=2560    finite=1 absmax=5.5727       mean=0.015223     sumsq=2517.712604        argmax=67
[dump]   top0 idx=67 val=5.57274
[dump]   top1 idx=417 val=4.30029
[dump]   top2 idx=1882 val=4.01389
[dump]   top3 idx=944 val=3.81773
[dump]   top4 idx=1844 val=3.76036
[dump] L47.mid    n=10      finite=1 absmax=0 mean=0 sumsq=0 ids: 481 186 286 354 352 316 157 196 206 367
[dump] L47.moe    n=2560    finite=1 absmax=1.0499       mean=-0.00045847  sumsq=22.81494709        argmax=181
[dump]   top0 idx=181 val=0.88793
[dump]   top1 idx=634 val=0.41803
[dump]   top2 idx=951 val=0.41423
[dump]   top3 idx=2356 val=0.32437
[dump]   top4 idx=482 val=0.31479
[dump] L47.res    n=20480   finite=1 absmax=108.63       mean=0.0060263    sumsq=198987.7789        argmax=12981
[dump]   top0 idx=12981 val=68.42161
[dump]   top1 idx=13434 val=51.67414
[dump]   top2 idx=15541 val=47.83503
[dump]   top3 idx=18101 val=45.43159
[dump]   top4 idx=15994 val=39.98565
[dump] L00.att    n=2560    finite=1 absmax=0.7683       mean=-0.00058846  sumsq=25.4313607         argmax=5
[dump]   top0 idx=5 val=0.76830
[dump]   top1 idx=417 val=0.74188
[dump]   top2 idx=67 val=0.67076
[dump]   top3 idx=2342 val=0.53429
[dump]   top4 idx=2325 val=0.38891
[dump] L00.fmix   n=2560    finite=1 absmax=1.9301       mean=0.015139     sumsq=403.7038477        argmax=1682
[dump]   top0 idx=1682 val=1.93007
[dump]   top1 idx=2474 val=1.87568
[dump]   top2 idx=1733 val=1.71622
[dump]   top3 idx=796 val=1.63881
[dump]   top4 idx=707 val=1.60155
[dump] L00.mid    n=10      finite=1 absmax=0 mean=0 sumsq=0 ids: 460 479 15 139 367 339 497 11 340 449
[dump] L00.moe    n=2560    finite=1 absmax=0.25278      mean=0.00049631   sumsq=2.478660716        argmax=1682
[dump]   top0 idx=1682 val=0.25278
[dump]   top1 idx=728 val=0.19798
[dump]   top2 idx=268 val=0.17653
[dump]   top3 idx=579 val=0.16937
[dump]   top4 idx=2238 val=0.16082
[dump] L00.res    n=10240   finite=1 absmax=0.22376      mean=0.00046861   sumsq=2.68966003         argmax=6802
[dump]   top0 idx=6802 val=0.22376
[dump]   top1 idx=5125 val=0.19488
[dump]   top2 idx=5187 val=0.17023
[dump]   top3 idx=5848 val=0.16976
[dump]   top4 idx=6325 val=0.14544
[dump] L01.att    n=2560    finite=1 absmax=1.8405       mean=-0.0069851   sumsq=54.58644429        argmax=331
[dump]   top0 idx=331 val=1.84052
[dump]   top1 idx=1392 val=0.83096
[dump]   top2 idx=736 val=0.58283
[dump]   top3 idx=667 val=0.56447
[dump]   top4 idx=1887 val=0.55677
[dump] L01.fmix   n=2560    finite=1 absmax=2.2863       mean=-0.0050342   sumsq=376.5618559        argmax=5
[dump]   top0 idx=5 val=1.98698
[dump]   top1 idx=227 val=1.60157
[dump]   top2 idx=588 val=1.49117
[dump]   top3 idx=631 val=1.44869
[dump]   top4 idx=533 val=1.34794
[dump] L01.mid    n=10      finite=1 absmax=0 mean=0 sumsq=0 ids: 500 69 154 19 86 306 505 349 249 67
[dump] L01.moe    n=2560    finite=1 absmax=0.037083     mean=0.00012237   sumsq=0.1316567178       argmax=855
[dump]   top0 idx=855 val=0.03708
[dump]   top1 idx=514 val=0.02290
[dump]   top2 idx=2301 val=0.02285
[dump]   top3 idx=2001 val=0.02272
[dump]   top4 idx=1039 val=0.02207
[dump] L01.res    n=20480   finite=1 absmax=17.278       mean=0.013517     sumsq=16328.92605        argmax=18251
[dump]   top0 idx=18251 val=17.27785
[dump]   top1 idx=15365 val=12.89187
[dump]   top2 idx=16454 val=11.92938
[dump]   top3 idx=19312 val=11.77100
[dump]   top4 idx=15948 val=10.22223
[dump] L02.att    n=2560    finite=1 absmax=0.53878      mean=0.0050882    sumsq=32.45874132        argmax=524
[dump]   top0 idx=524 val=0.41053
[dump]   top1 idx=253 val=0.39471
[dump]   top2 idx=1474 val=0.39031
[dump]   top3 idx=693 val=0.38356
[dump]   top4 idx=2151 val=0.38209
[dump] L02.fmix   n=2560    finite=1 absmax=2.8363       mean=0.0079854    sumsq=376.7605742        argmax=67
[dump]   top0 idx=67 val=1.40607
[dump]   top1 idx=631 val=1.38346
[dump]   top2 idx=1881 val=1.35723
[dump]   top3 idx=2342 val=1.29852
[dump]   top4 idx=2272 val=1.29142
[dump] L02.mid    n=10      finite=1 absmax=0 mean=0 sumsq=0 ids: 75 54 492 247 12 480 61 13 272 32
[dump] L02.moe    n=2560    finite=1 absmax=0.07042      mean=0.00058054   sumsq=0.2347088577       argmax=728
[dump]   top0 idx=728 val=0.07042
[dump]   top1 idx=885 val=0.06467
[dump]   top2 idx=951 val=0.06372
[dump]   top3 idx=385 val=0.05262
[dump]   top4 idx=65 val=0.05230
[dump] L02.res    n=20480   finite=1 absmax=15.26        mean=0.017461     sumsq=8234.053366        argmax=15365
[dump]   top0 idx=15365 val=15.25994
[dump]   top1 idx=16088 val=13.92859
[dump]   top2 idx=18251 val=8.66518
[dump]   top3 idx=15948 val=6.98017
[dump]   top4 idx=19312 val=6.95954
[dump] L03.att    n=2560    finite=1 absmax=0.42472      mean=-0.0039034   sumsq=17.97531486        argmax=2442
[dump]   top0 idx=2442 val=0.42472
[dump]   top1 idx=551 val=0.31679
[dump]   top2 idx=1890 val=0.28437
[dump]   top3 idx=1930 val=0.26397
[dump]   top4 idx=1395 val=0.25752
[dump] L03.fmix   n=2560    finite=1 absmax=4.2505       mean=0.0059108    sumsq=679.7076101        argmax=67
[dump]   top0 idx=67 val=2.23494
[dump]   top1 idx=728 val=1.95769
[dump]   top2 idx=1930 val=1.93334
[dump]   top3 idx=631 val=1.87196
[dump]   top4 idx=259 val=1.74235
[dump] L03.mid    n=10      finite=1 absmax=0 mean=0 sumsq=0 ids: 101 504 365 190 318 143 231 455 8 441
[dump] L03.moe    n=2560    finite=1 absmax=0.048522     mean=0.00015972   sumsq=0.2910620351       argmax=949
[dump]   top0 idx=949 val=0.04852
[dump]   top1 idx=2140 val=0.04256
[dump]   top2 idx=1096 val=0.03661
[dump]   top3 idx=2172 val=0.03392
[dump]   top4 idx=544 val=0.02992
[dump] L03.res    n=20480   finite=1 absmax=16.568       mean=0.019006     sumsq=16901.21255        argmax=15365
[dump]   top0 idx=15365 val=16.56824
[dump]   top1 idx=15948 val=12.82424
[dump]   top2 idx=16088 val=10.86131
[dump]   top3 idx=18012 val=9.84841
[dump]   top4 idx=16565 val=9.54398
[dump] L04.att    n=2560    finite=1 absmax=0.41243      mean=-0.00017957  sumsq=16.03481654        argmax=1653
[dump]   top0 idx=1653 val=0.41243
[dump]   top1 idx=631 val=0.30822
[dump]   top2 idx=2433 val=0.30150
[dump]   top3 idx=372 val=0.29795
[dump]   top4 idx=245 val=0.24612
[dump] L04.fmix   n=2560    finite=1 absmax=3.8952       mean=0.011752     sumsq=793.5820055        argmax=1521
[dump]   top0 idx=1521 val=1.99318
[dump]   top1 idx=1205 val=1.87284
[dump]   top2 idx=418 val=1.80383
[dump]   top3 idx=67 val=1.76228
[dump]   top4 idx=1930 val=1.75911
[dump] L04.mid    n=10      finite=1 absmax=0 mean=0 sumsq=0 ids: 106 41 410 496 320 500 252 209 274 453
[dump] L04.moe    n=2560    finite=1 absmax=0.063336     mean=-8.517e-06   sumsq=0.3109680228       argmax=1653
[dump]   top0 idx=1653 val=0.06334
[dump]   top1 idx=1199 val=0.04135
[dump]   top2 idx=579 val=0.03721
[dump]   top3 idx=2083 val=0.03562
[dump]   top4 idx=1185 val=0.03455
[dump] L04.res    n=20480   finite=1 absmax=22.163       mean=0.015435     sumsq=15742.34477        argmax=19573
[dump]   top0 idx=19573 val=22.16277
[dump]   top1 idx=15365 val=13.54502
[dump]   top2 idx=15948 val=12.67301
[dump]   top3 idx=16088 val=12.56291
[dump]   top4 idx=16311 val=9.74184
[dump] L05.att    n=2560    finite=1 absmax=0.46336      mean=-0.0014479   sumsq=14.95942126        argmax=593
[dump]   top0 idx=593 val=0.35201
[dump]   top1 idx=1134 val=0.32269
[dump]   top2 idx=1897 val=0.31605
[dump]   top3 idx=1205 val=0.30301
[dump]   top4 idx=1770 val=0.29176
[dump] L05.fmix   n=2560    finite=1 absmax=2.265        mean=0.010114     sumsq=622.8839063        argmax=631
[dump]   top0 idx=631 val=2.26503
[dump]   top1 idx=1205 val=1.79269
[dump]   top2 idx=753 val=1.65740
[dump]   top3 idx=1521 val=1.58471
[dump]   top4 idx=1512 val=1.49664
[dump] L05.mid    n=10      finite=1 absmax=0 mean=0 sumsq=0 ids: 446 344 169 314 236 468 471 291 302 49
[dump] L05.moe    n=2560    finite=1 absmax=0.036897     mean=0.00029038   sumsq=0.2029397574       argmax=885
[dump]   top0 idx=885 val=0.03690
[dump]   top1 idx=2533 val=0.03467
[dump]   top2 idx=2505 val=0.03156
[dump]   top3 idx=192 val=0.02935
[dump]   top4 idx=2314 val=0.02900
[dump] L05.res    n=20480   finite=1 absmax=15.893       mean=0.016846     sumsq=13841.47521        argmax=15365
[dump]   top0 idx=15365 val=15.89316
[dump]   top1 idx=16088 val=14.46950
[dump]   top2 idx=15948 val=10.42644
[dump]   top3 idx=18012 val=9.71179
[dump]   top4 idx=17702 val=9.11717
[dump] L06.att    n=2560    finite=1 absmax=1.1325       mean=-0.0013022   sumsq=54.85153691        argmax=951
[dump]   top0 idx=951 val=1.13252
[dump]   top1 idx=482 val=1.12465
[dump]   top2 idx=728 val=0.74362
[dump]   top3 idx=1682 val=0.59553
[dump]   top4 idx=1359 val=0.57153
[dump] L06.fmix   n=2560    finite=1 absmax=2.952        mean=0.015338     sumsq=898.3072051        argmax=631
[dump]   top0 idx=631 val=2.52782
[dump]   top1 idx=1521 val=2.02558
[dump]   top2 idx=1523 val=1.97205
[dump]   top3 idx=67 val=1.93949
[dump]   top4 idx=1512 val=1.81079
[dump] L06.mid    n=10      finite=1 absmax=0 mean=0 sumsq=0 ids: 51 152 159 91 432 109 165 375 123 223
[dump] L06.moe    n=2560    finite=1 absmax=0.064186     mean=0.00056675   sumsq=0.3414823734       argmax=2453
[dump]   top0 idx=2453 val=0.06419
[dump]   top1 idx=528 val=0.04678
[dump]   top2 idx=1716 val=0.04539
[dump]   top3 idx=513 val=0.04435
[dump]   top4 idx=1102 val=0.04433
[dump] L06.res    n=20480   finite=1 absmax=14.267       mean=0.014551     sumsq=7722.933262        argmax=15365
[dump]   top0 idx=15365 val=14.26680
[dump]   top1 idx=16088 val=8.81933
[dump]   top2 idx=15948 val=6.84709
[dump]   top3 idx=17702 val=6.71351
[dump]   top4 idx=10722 val=6.23505
[dump] L07.att    n=2560    finite=1 absmax=0.6869       mean=0.0011041    sumsq=30.11197116        argmax=2293
[dump]   top0 idx=2293 val=0.48984
[dump]   top1 idx=2180 val=0.45863
[dump]   top2 idx=1795 val=0.41988
[dump]   top3 idx=1076 val=0.40657
[dump]   top4 idx=47 val=0.39772
[dump] L07.fmix   n=2560    finite=1 absmax=2.206        mean=0.019248     sumsq=674.2245729        argmax=1521
[dump]   top0 idx=1521 val=1.73362
[dump]   top1 idx=2433 val=1.68189
[dump]   top2 idx=259 val=1.58990
[dump]   top3 idx=631 val=1.53331
[dump]   top4 idx=205 val=1.48502
[dump] L07.mid    n=10      finite=1 absmax=0 mean=0 sumsq=0 ids: 87 242 445 358 252 193 191 8 194 163
[dump] L07.moe    n=2560    finite=1 absmax=0.049282     mean=0.00028749   sumsq=0.2836662595       argmax=2453
[dump]   top0 idx=2453 val=0.04068
[dump]   top1 idx=757 val=0.03677
[dump]   top2 idx=2258 val=0.03584
[dump]   top3 idx=526 val=0.03426
[dump]   top4 idx=1712 val=0.03369
[dump] L07.res    n=20480   finite=1 absmax=13.416       mean=0.025297     sumsq=16817.67095        argmax=13987
[dump]   top0 idx=13987 val=10.77648
[dump]   top1 idx=16088 val=8.62989
[dump]   top2 idx=17702 val=8.04639
[dump]   top3 idx=15948 val=7.96997
[dump]   top4 idx=18551 val=7.91009
[dump] L08.att    n=2560    finite=1 absmax=0.099425     mean=0.00011476   sumsq=1.489584304        argmax=799
[dump]   top0 idx=799 val=0.09942
[dump]   top1 idx=1499 val=0.08979
[dump]   top2 idx=582 val=0.08848
[dump]   top3 idx=706 val=0.08309
[dump]   top4 idx=1043 val=0.08214
[dump] L08.fmix   n=2560    finite=1 absmax=2.4797       mean=0.026926     sumsq=685.5133484        argmax=631
[dump]   top0 idx=631 val=2.47974
[dump]   top1 idx=2433 val=1.71539
[dump]   top2 idx=1930 val=1.63571
[dump]   top3 idx=744 val=1.61197
[dump]   top4 idx=1899 val=1.54383
[dump] L08.mid    n=10      finite=1 absmax=0 mean=0 sumsq=0 ids: 263 181 134 360 462 175 46 183 219 28
[dump] L08.moe    n=2560    finite=1 absmax=0.043603     mean=-0.00037879  sumsq=0.4623271659       argmax=3
[dump]   top0 idx=3 val=0.04354
[dump]   top1 idx=1388 val=0.03980
[dump]   top2 idx=1153 val=0.03973
[dump]   top3 idx=1595 val=0.03865
[dump]   top4 idx=2075 val=0.03845
[dump] L08.res    n=20480   finite=1 absmax=11.529       mean=0.014859     sumsq=11669.04862        argmax=16088
[dump]   top0 idx=16088 val=11.52868
[dump]   top1 idx=15365 val=8.46396
[dump]   top2 idx=18012 val=7.03913
[dump]   top3 idx=16747 val=6.74979
[dump]   top4 idx=16565 val=6.28568
[dump] L09.att    n=2560    finite=1 absmax=0.34784      mean=0.0025287    sumsq=17.14986911        argmax=2393
[dump]   top0 idx=2393 val=0.34784
[dump]   top1 idx=1332 val=0.29146
[dump]   top2 idx=1378 val=0.28358
[dump]   top3 idx=1413 val=0.27881
[dump]   top4 idx=149 val=0.26060
[dump] L09.fmix   n=2560    finite=1 absmax=2.5066       mean=0.027622     sumsq=723.4705311        argmax=92
[dump]   top0 idx=92 val=2.50658
[dump]   top1 idx=1205 val=2.12946
[dump]   top2 idx=2433 val=1.91461
[dump]   top3 idx=631 val=1.70727
[dump]   top4 idx=1180 val=1.55049
[dump] L09.mid    n=10      finite=1 absmax=0 mean=0 sumsq=0 ids: 264 430 142 376 478 68 153 26 488 218
[dump] L09.moe    n=2560    finite=1 absmax=0.037123     mean=6.5407e-05   sumsq=0.2734011772       argmax=1395
[dump]   top0 idx=1395 val=0.03594
[dump]   top1 idx=105 val=0.03410
[dump]   top2 idx=1652 val=0.03274
[dump]   top3 idx=705 val=0.03154
[dump]   top4 idx=2206 val=0.03142
[dump] L09.res    n=20480   finite=1 absmax=14.512       mean=0.018994     sumsq=13386.94746        argmax=16088
[dump]   top0 idx=16088 val=14.06238
[dump]   top1 idx=15948 val=9.54474
[dump]   top2 idx=15778 val=7.92213
[dump]   top3 idx=15365 val=7.49881
[dump]   top4 idx=19715 val=7.42649
[dump] L10.att    n=2560    finite=1 absmax=0.37592      mean=-8.6407e-05  sumsq=17.28624563        argmax=728
[dump]   top0 idx=728 val=0.37592
[dump]   top1 idx=1912 val=0.34278
[dump]   top2 idx=508 val=0.33728
[dump]   top3 idx=816 val=0.32568
[dump]   top4 idx=482 val=0.29725
[dump] L10.fmix   n=2560    finite=1 absmax=1.9164       mean=0.020331     sumsq=621.1032889        argmax=631
[dump]   top0 idx=631 val=1.89628
[dump]   top1 idx=92 val=1.85887
[dump]   top2 idx=1512 val=1.65970
[dump]   top3 idx=2433 val=1.63611
[dump]   top4 idx=1225 val=1.54886
[dump] L10.mid    n=10      finite=1 absmax=0 mean=0 sumsq=0 ids: 355 461 97 495 417 387 373 322 404 18
[dump] L10.moe    n=2560    finite=1 absmax=0.03709      mean=-0.00026559  sumsq=0.2993035586       argmax=618
[dump]   top0 idx=618 val=0.03513
[dump]   top1 idx=2105 val=0.03505
[dump]   top2 idx=86 val=0.03497
[dump]   top3 idx=1253 val=0.03374
[dump]   top4 idx=2097 val=0.03239
[dump] L10.res    n=20480   finite=1 absmax=9.9819       mean=0.011272     sumsq=7153.850706        argmax=15365
[dump]   top0 idx=15365 val=9.98194
[dump]   top1 idx=16088 val=9.75290
[dump]   top2 idx=16311 val=9.18799
[dump]   top3 idx=17598 val=7.47188
[dump]   top4 idx=15778 val=6.06351
[dump] L11.att    n=2560    finite=1 absmax=0.398        mean=0.0010863    sumsq=20.51673646        argmax=2448
[dump]   top0 idx=2448 val=0.29800
[dump]   top1 idx=892 val=0.28847
[dump]   top2 idx=480 val=0.28028
[dump]   top3 idx=1913 val=0.27621
[dump]   top4 idx=2206 val=0.27481
[dump] L11.fmix   n=2560    finite=1 absmax=2.7667       mean=0.014428     sumsq=623.6530838        argmax=631
[dump]   top0 idx=631 val=2.76672
[dump]   top1 idx=2433 val=1.76421
[dump]   top2 idx=92 val=1.62301
[dump]   top3 idx=1512 val=1.57661
[dump]   top4 idx=1182 val=1.49757
[dump] L11.mid    n=10      finite=1 absmax=0 mean=0 sumsq=0 ids: 323 418 508 166 261 273 430 48 371 108
[dump] L11.moe    n=2560    finite=1 absmax=0.047939     mean=-0.00030494  sumsq=0.4360955988       argmax=1957
[dump]   top0 idx=1957 val=0.04375
[dump]   top1 idx=1642 val=0.03908
[dump]   top2 idx=1572 val=0.03828
[dump]   top3 idx=371 val=0.03623
[dump]   top4 idx=2360 val=0.03617
[dump] L11.res    n=20480   finite=1 absmax=14.159       mean=0.011206     sumsq=13744.88875        argmax=16088
[dump]   top0 idx=16088 val=14.15910
[dump]   top1 idx=15365 val=8.33190
[dump]   top2 idx=16311 val=7.54319
[dump]   top3 idx=15778 val=7.52528
[dump]   top4 idx=11422 val=6.59896
[dump] L12.att    n=2560    finite=1 absmax=0.37731      mean=-0.00066215  sumsq=18.69708925        argmax=728
[dump]   top0 idx=728 val=0.30952
[dump]   top1 idx=1432 val=0.30639
[dump]   top2 idx=539 val=0.29161
[dump]   top3 idx=729 val=0.27948
[dump]   top4 idx=1741 val=0.27750
[dump] L12.fmix   n=2560    finite=1 absmax=2.3031       mean=0.012881     sumsq=648.8796402        argmax=631
[dump]   top0 idx=631 val=2.30308
[dump]   top1 idx=2433 val=1.86731
[dump]   top2 idx=1205 val=1.83377
[dump]   top3 idx=65 val=1.77273
[dump]   top4 idx=92 val=1.74663
[dump] L12.mid    n=10      finite=1 absmax=0 mean=0 sumsq=0 ids: 421 0 433 63 277 283 390 21 52 37
[dump] L12.moe    n=2560    finite=1 absmax=0.049264     mean=-0.00020109  sumsq=0.2365887728       argmax=667
[dump]   top0 idx=667 val=0.03647
[dump]   top1 idx=915 val=0.03371
[dump]   top2 idx=761 val=0.03134
[dump]   top3 idx=235 val=0.03002
[dump]   top4 idx=2324 val=0.02878
[dump] L12.res    n=20480   finite=1 absmax=11.3         mean=0.0073004    sumsq=13745.71898        argmax=16088
[dump]   top0 idx=16088 val=11.30039
[dump]   top1 idx=17671 val=8.24285
[dump]   top2 idx=16747 val=7.42276
[dump]   top3 idx=16565 val=7.10762
[dump]   top4 idx=17101 val=6.99856
[dump] L13.att    n=2560    finite=1 absmax=0.2466       mean=0.00023897   sumsq=6.818163756        argmax=728
[dump]   top0 idx=728 val=0.24660
[dump]   top1 idx=951 val=0.23846
[dump]   top2 idx=1795 val=0.22017
[dump]   top3 idx=2445 val=0.20278
[dump]   top4 idx=788 val=0.17924
[dump] L13.fmix   n=2560    finite=1 absmax=2.1779       mean=-0.0001511   sumsq=620.4245362        argmax=728
[dump]   top0 idx=728 val=2.17786
[dump]   top1 idx=951 val=1.87572
[dump]   top2 idx=1301 val=1.75583
[dump]   top3 idx=1616 val=1.63594
[dump]   top4 idx=2453 val=1.59191
[dump] L13.mid    n=10      finite=1 absmax=0 mean=0 sumsq=0 ids: 259 387 265 97 273 357 91 468 93 224
[dump] L13.moe    n=2560    finite=1 absmax=0.066018     mean=-4.73e-05    sumsq=0.9123236816       argmax=2480
[dump]   top0 idx=2480 val=0.06568
[dump]   top1 idx=2401 val=0.05737
[dump]   top2 idx=1977 val=0.05696
[dump]   top3 idx=2378 val=0.05639
[dump]   top4 idx=2525 val=0.05636
[dump] L13.res    n=20480   finite=1 absmax=12.956       mean=0.0087228    sumsq=15344.8961         argmax=16311
[dump]   top0 idx=16311 val=12.95605
[dump]   top1 idx=16088 val=11.86575
[dump]   top2 idx=16747 val=8.24556
[dump]   top3 idx=15778 val=7.56063
[dump]   top4 idx=17671 val=7.41917
[dump] L14.att    n=2560    finite=1 absmax=0.44005      mean=0.00092531   sumsq=18.26562751        argmax=482
[dump]   top0 idx=482 val=0.44005
[dump]   top1 idx=2433 val=0.41828
[dump]   top2 idx=689 val=0.41519
[dump]   top3 idx=360 val=0.37810
[dump]   top4 idx=2215 val=0.37207
[dump] L14.fmix   n=2560    finite=1 absmax=2.1854       mean=0.0081352    sumsq=686.0750457        argmax=631
[dump]   top0 idx=631 val=2.18537
[dump]   top1 idx=728 val=2.14316
[dump]   top2 idx=1512 val=1.91019
[dump]   top3 idx=1616 val=1.78871
[dump]   top4 idx=1482 val=1.73621
[dump] L14.mid    n=10      finite=1 absmax=0 mean=0 sumsq=0 ids: 335 398 506 212 473 138 312 151 108 409
[dump] L14.moe    n=2560    finite=1 absmax=0.030436     mean=-0.0002945   sumsq=0.1239841742       argmax=1827
[dump]   top0 idx=1827 val=0.03044
[dump]   top1 idx=875 val=0.02702
[dump]   top2 idx=1039 val=0.02602
[dump]   top3 idx=1603 val=0.02481
[dump]   top4 idx=162 val=0.02199
[dump] L14.res    n=20480   finite=1 absmax=11.015       mean=0.0060857    sumsq=7343.593598        argmax=16088
[dump]   top0 idx=16088 val=11.01461
[dump]   top1 idx=15365 val=8.35504
[dump]   top2 idx=16747 val=5.36996
[dump]   top3 idx=16311 val=5.34805
[dump]   top4 idx=17598 val=5.08312
[dump] L15.att    n=2560    finite=1 absmax=0.37867      mean=-0.0027789   sumsq=14.56633601        argmax=1359
[dump]   top0 idx=1359 val=0.37867
[dump]   top1 idx=1879 val=0.31020
[dump]   top2 idx=808 val=0.28791
[dump]   top3 idx=1716 val=0.26495
[dump]   top4 idx=1227 val=0.25885
[dump] L15.fmix   n=2560    finite=1 absmax=4.4981       mean=-0.0093517   sumsq=1517.247818        argmax=728
[dump]   top0 idx=728 val=4.49814
[dump]   top1 idx=2238 val=2.85990
[dump]   top2 idx=1512 val=2.52196
[dump]   top3 idx=836 val=2.51593
[dump]   top4 idx=320 val=2.50708
[dump] L15.mid    n=10      finite=1 absmax=0 mean=0 sumsq=0 ids: 494 289 207 405 288 192 174 283 199 33
[dump] L15.moe    n=2560    finite=1 absmax=0.051647     mean=-2.4589e-05  sumsq=0.451760101        argmax=1408
[dump]   top0 idx=1408 val=0.05165
[dump]   top1 idx=158 val=0.04986
[dump]   top2 idx=652 val=0.04684
[dump]   top3 idx=654 val=0.04318
[dump]   top4 idx=282 val=0.04030
[dump] L15.res    n=20480   finite=1 absmax=13.657       mean=0.0011586    sumsq=17610.75348        argmax=16311
[dump]   top0 idx=16311 val=13.65691
[dump]   top1 idx=16088 val=10.30316
[dump]   top2 idx=17671 val=9.69000
[dump]   top3 idx=16747 val=9.49565
[dump]   top4 idx=17101 val=9.22038
[dump] L16.att    n=2560    finite=1 absmax=0.23402      mean=-0.0009374   sumsq=6.033103712        argmax=2057
[dump]   top0 idx=2057 val=0.23402
[dump]   top1 idx=2184 val=0.17764
[dump]   top2 idx=713 val=0.17603
[dump]   top3 idx=2054 val=0.16806
[dump]   top4 idx=1076 val=0.16332
[dump] L16.fmix   n=2560    finite=1 absmax=2.634        mean=-0.010588    sumsq=1243.261668        argmax=1512
[dump]   top0 idx=1512 val=2.49514
[dump]   top1 idx=320 val=2.47442
[dump]   top2 idx=836 val=2.13266
[dump]   top3 idx=667 val=2.05476
[dump]   top4 idx=2480 val=2.04478
[dump] L16.mid    n=10      finite=1 absmax=0 mean=0 sumsq=0 ids: 243 228 58 272 391 263 278 142 487 429
[dump] L16.moe    n=2560    finite=1 absmax=0.06065      mean=-4.2727e-06  sumsq=0.6339195619       argmax=2532
[dump]   top0 idx=2532 val=0.06065
[dump]   top1 idx=1058 val=0.04699
[dump]   top2 idx=333 val=0.04563
[dump]   top3 idx=812 val=0.04541
[dump]   top4 idx=1383 val=0.04469
[dump] L16.res    n=20480   finite=1 absmax=10.476       mean=0.00082752   sumsq=16535.03091        argmax=16088
[dump]   top0 idx=16088 val=10.47625
[dump]   top1 idx=15778 val=10.13343
[dump]   top2 idx=16311 val=8.34739
[dump]   top3 idx=16747 val=8.03496
[dump]   top4 idx=17598 val=7.76300
[dump] L17.att    n=2560    finite=1 absmax=0.23777      mean=0.00048587   sumsq=4.857274537        argmax=1984
[dump]   top0 idx=1984 val=0.23777
[dump]   top1 idx=394 val=0.18058
[dump]   top2 idx=871 val=0.18024
[dump]   top3 idx=177 val=0.17167
[dump]   top4 idx=223 val=0.13666
[dump] L17.fmix   n=2560    finite=1 absmax=2.1979       mean=-0.0068269   sumsq=1000.765083        argmax=1512
[dump]   top0 idx=1512 val=1.98008
[dump]   top1 idx=812 val=1.92723
[dump]   top2 idx=1482 val=1.91265
[dump]   top3 idx=788 val=1.77131
[dump]   top4 idx=793 val=1.75963
[dump] L17.mid    n=10      finite=1 absmax=0 mean=0 sumsq=0 ids: 136 499 486 363 139 209 84 471 422 365
[dump] L17.moe    n=2560    finite=1 absmax=0.038025     mean=0.00031747   sumsq=0.2532301005       argmax=946
[dump]   top0 idx=946 val=0.03802
[dump]   top1 idx=928 val=0.03613
[dump]   top2 idx=1696 val=0.03277
[dump]   top3 idx=268 val=0.03054
[dump]   top4 idx=290 val=0.03044
[dump] L17.res    n=20480   finite=1 absmax=14.088       mean=0.0074391    sumsq=16375.4759         argmax=16088
[dump]   top0 idx=16088 val=14.08794
[dump]   top1 idx=16311 val=10.83697
[dump]   top2 idx=10748 val=9.40225
[dump]   top3 idx=16747 val=8.89818
[dump]   top4 idx=16565 val=8.59186
[dump] L18.att    n=2560    finite=1 absmax=0.29639      mean=-0.00067188  sumsq=5.959524743        argmax=482
[dump]   top0 idx=482 val=0.29639
[dump]   top1 idx=167 val=0.21326
[dump]   top2 idx=1509 val=0.17961
[dump]   top3 idx=689 val=0.17756
[dump]   top4 idx=784 val=0.17524
[dump] L18.fmix   n=2560    finite=1 absmax=2.5424       mean=0.0059259    sumsq=902.4168829        argmax=65
[dump]   top0 idx=65 val=2.19697
[dump]   top1 idx=588 val=2.18371
[dump]   top2 idx=631 val=2.10496
[dump]   top3 idx=1616 val=2.05684
[dump]   top4 idx=2491 val=2.00351
[dump] L18.mid    n=10      finite=1 absmax=0 mean=0 sumsq=0 ids: 131 264 29 211 448 353 347 101 24 201
[dump] L18.moe    n=2560    finite=1 absmax=0.047186     mean=0.00014232   sumsq=0.3457273659       argmax=2356
[dump]   top0 idx=2356 val=0.04719
[dump]   top1 idx=2198 val=0.04123
[dump]   top2 idx=86 val=0.03476
[dump]   top3 idx=1180 val=0.03468
[dump]   top4 idx=964 val=0.03271
[dump] L18.res    n=20480   finite=1 absmax=11.373       mean=0.006608     sumsq=7754.552509        argmax=16088
[dump]   top0 idx=16088 val=11.37263
[dump]   top1 idx=17101 val=8.16232
[dump]   top2 idx=15365 val=7.63877
[dump]   top3 idx=16311 val=7.46597
[dump]   top4 idx=10722 val=6.97367
[dump] L19.att    n=2560    finite=1 absmax=0.45292      mean=0.0011948    sumsq=17.7674978         argmax=1227
[dump]   top0 idx=1227 val=0.43315
[dump]   top1 idx=694 val=0.35056
[dump]   top2 idx=742 val=0.34372
[dump]   top3 idx=356 val=0.33390
[dump]   top4 idx=2359 val=0.33364
[dump] L19.fmix   n=2560    finite=1 absmax=2.331        mean=0.0033224    sumsq=1171.437361        argmax=2390
[dump]   top0 idx=2390 val=2.21999
[dump]   top1 idx=2499 val=2.01053
[dump]   top2 idx=2261 val=1.97963
[dump]   top3 idx=1171 val=1.94148
[dump]   top4 idx=667 val=1.93215
[dump] L19.mid    n=10      finite=1 absmax=0 mean=0 sumsq=0 ids: 31 121 377 222 315 291 490 162 173 434
[dump] L19.moe    n=2560    finite=1 absmax=0.040375     mean=0.00054346   sumsq=0.29510473         argmax=105
[dump]   top0 idx=105 val=0.03827
[dump]   top1 idx=1466 val=0.03675
[dump]   top2 idx=1461 val=0.03509
[dump]   top3 idx=797 val=0.03459
[dump]   top4 idx=25 val=0.03417
[dump] L19.res    n=20480   finite=1 absmax=15.432       mean=0.016824     sumsq=18221.41335        argmax=16311
[dump]   top0 idx=16311 val=15.43243
[dump]   top1 idx=17598 val=12.38753
[dump]   top2 idx=16088 val=10.61857
[dump]   top3 idx=17671 val=7.29994
[dump]   top4 idx=16747 val=7.08573
[dump] L20.att    n=2560    finite=1 absmax=0.5733       mean=-0.0024393   sumsq=18.12207433        argmax=717
[dump]   top0 idx=717 val=0.41389
[dump]   top1 idx=1641 val=0.39811
[dump]   top2 idx=1132 val=0.35256
[dump]   top3 idx=2293 val=0.33288
[dump]   top4 idx=1653 val=0.31262
[dump] L20.fmix   n=2560    finite=1 absmax=3.5277       mean=0.011771     sumsq=1421.958096        argmax=1466
[dump]   top0 idx=1466 val=2.92525
[dump]   top1 idx=2481 val=2.22500
[dump]   top2 idx=1171 val=2.21019
[dump]   top3 idx=1918 val=2.14954
[dump]   top4 idx=2261 val=2.10637
[dump] L20.mid    n=10      finite=1 absmax=0 mean=0 sumsq=0 ids: 485 387 442 179 258 296 388 307 40 363
[dump] L20.moe    n=2560    finite=1 absmax=0.050947     mean=0.00056307   sumsq=0.4377206423       argmax=662
[dump]   top0 idx=662 val=0.05095
[dump]   top1 idx=391 val=0.04234
[dump]   top2 idx=1450 val=0.04078
[dump]   top3 idx=1570 val=0.03839
[dump]   top4 idx=2124 val=0.03672
[dump] L20.res    n=20480   finite=1 absmax=11.855       mean=0.019955     sumsq=20792.16123        argmax=16088
[dump]   top0 idx=16088 val=11.85543
[dump]   top1 idx=15948 val=10.11264
[dump]   top2 idx=17671 val=9.76938
[dump]   top3 idx=15755 val=9.67258
[dump]   top4 idx=16747 val=9.08648
[dump] L21.att    n=2560    finite=1 absmax=0.29191      mean=0.0013127    sumsq=2.522468116        argmax=951
[dump]   top0 idx=951 val=0.29191
[dump]   top1 idx=192 val=0.22054
[dump]   top2 idx=728 val=0.17592
[dump]   top3 idx=508 val=0.16167
[dump]   top4 idx=993 val=0.14680
[dump] L21.fmix   n=2560    finite=1 absmax=3.574        mean=0.042709     sumsq=1392.059026        argmax=65
[dump]   top0 idx=65 val=2.60419
[dump]   top1 idx=1466 val=2.51753
[dump]   top2 idx=1918 val=2.49640
[dump]   top3 idx=1696 val=2.47990
[dump]   top4 idx=524 val=2.36395
[dump] L21.mid    n=10      finite=1 absmax=0 mean=0 sumsq=0 ids: 255 25 118 346 313 418 379 369 57 306
[dump] L21.moe    n=2560    finite=1 absmax=0.049628     mean=-1.7017e-05  sumsq=0.4727265716       argmax=465
[dump]   top0 idx=465 val=0.04963
[dump]   top1 idx=2269 val=0.04426
[dump]   top2 idx=2079 val=0.04170
[dump]   top3 idx=2233 val=0.04050
[dump]   top4 idx=2429 val=0.03984
[dump] L21.res    n=20480   finite=1 absmax=17.647       mean=0.022605     sumsq=17059.96523        argmax=15365
[dump]   top0 idx=15365 val=17.64741
[dump]   top1 idx=15948 val=12.55799
[dump]   top2 idx=15991 val=10.37136
[dump]   top3 idx=17279 val=10.29832
[dump]   top4 idx=17702 val=10.04722
[dump] L22.att    n=2560    finite=1 absmax=0.65944      mean=0.00087225   sumsq=7.587612161        argmax=268
[dump]   top0 idx=268 val=0.65944
[dump]   top1 idx=2238 val=0.39474
[dump]   top2 idx=728 val=0.36148
[dump]   top3 idx=951 val=0.33610
[dump]   top4 idx=631 val=0.29780
[dump] L22.fmix   n=2560    finite=1 absmax=3.4439       mean=0.029514     sumsq=1028.490366        argmax=65
[dump]   top0 idx=65 val=2.25760
[dump]   top1 idx=67 val=2.14765
[dump]   top2 idx=631 val=2.02420
[dump]   top3 idx=1857 val=2.00893
[dump]   top4 idx=2279 val=2.00825
[dump] L22.mid    n=10      finite=1 absmax=0 mean=0 sumsq=0 ids: 279 301 504 50 364 454 460 287 355 135
[dump] L22.moe    n=2560    finite=1 absmax=0.066341     mean=-3.5924e-05  sumsq=0.5369148364       argmax=1313
[dump]   top0 idx=1313 val=0.06634
[dump]   top1 idx=227 val=0.05523
[dump]   top2 idx=1237 val=0.05389
[dump]   top3 idx=1634 val=0.05014
[dump]   top4 idx=1273 val=0.04981
[dump] L22.res    n=20480   finite=1 absmax=12.247       mean=0.015862     sumsq=10908.88727        argmax=15365
[dump]   top0 idx=15365 val=12.24676
[dump]   top1 idx=16153 val=9.42423
[dump]   top2 idx=16088 val=9.31415
[dump]   top3 idx=16311 val=8.89408
[dump]   top4 idx=17101 val=8.07218
[dump] L23.att    n=2560    finite=1 absmax=0.41673      mean=0.0011278    sumsq=13.21227193        argmax=2517
[dump]   top0 idx=2517 val=0.32069
[dump]   top1 idx=784 val=0.30439
[dump]   top2 idx=86 val=0.29913
[dump]   top3 idx=1790 val=0.28518
[dump]   top4 idx=1135 val=0.28148
[dump] L23.fmix   n=2560    finite=1 absmax=2.8785       mean=0.024655     sumsq=1573.24574         argmax=2215
[dump]   top0 idx=2215 val=2.62937
[dump]   top1 idx=1171 val=2.58773
[dump]   top2 idx=1696 val=2.50336
[dump]   top3 idx=1798 val=2.49403
[dump]   top4 idx=98 val=2.47289
[dump] L23.mid    n=10      finite=1 absmax=0 mean=0 sumsq=0 ids: 356 128 480 355 45 342 477 354 107 334
[dump] L23.moe    n=2560    finite=1 absmax=0.083491     mean=0.00019938   sumsq=1.222582944        argmax=1354
[dump]   top0 idx=1354 val=0.08349
[dump]   top1 idx=1301 val=0.07921
[dump]   top2 idx=1525 val=0.07295
[dump]   top3 idx=2139 val=0.06764
[dump]   top4 idx=2286 val=0.06260
[dump] L23.res    n=20480   finite=1 absmax=15.929       mean=0.025289     sumsq=16860.25052        argmax=15991
[dump]   top0 idx=15991 val=11.10564
[dump]   top1 idx=16088 val=10.71898
[dump]   top2 idx=16565 val=8.50717
[dump]   top3 idx=15948 val=8.43869
[dump]   top4 idx=16747 val=8.38410
[dump] L24.att    n=2560    finite=1 absmax=0.13932      mean=-0.00023076  sumsq=1.59053998         argmax=1586
[dump]   top0 idx=1586 val=0.10738
[dump]   top1 idx=895 val=0.10583
[dump]   top2 idx=799 val=0.09942
[dump]   top3 idx=92 val=0.09802
[dump]   top4 idx=36 val=0.08974
[dump] L24.fmix   n=2560    finite=1 absmax=2.6608       mean=0.024101     sumsq=834.4325368        argmax=631
[dump]   top0 idx=631 val=2.66080
[dump]   top1 idx=25 val=1.85526
[dump]   top2 idx=1466 val=1.79256
[dump]   top3 idx=65 val=1.78222
[dump]   top4 idx=1696 val=1.71918
[dump] L24.mid    n=10      finite=1 absmax=0 mean=0 sumsq=0 ids: 263 134 175 354 181 360 11 231 458 46
[dump] L24.moe    n=2560    finite=1 absmax=0.041908     mean=0.00026514   sumsq=0.2916973835       argmax=2504
[dump]   top0 idx=2504 val=0.04096
[dump]   top1 idx=288 val=0.03973
[dump]   top2 idx=81 val=0.03658
[dump]   top3 idx=1792 val=0.03619
[dump]   top4 idx=1486 val=0.03467
[dump] L24.res    n=20480   finite=1 absmax=13.847       mean=0.014511     sumsq=12806.31927        argmax=16088
[dump]   top0 idx=16088 val=13.84733
[dump]   top1 idx=17598 val=8.52157
[dump]   top2 idx=15365 val=7.88576
[dump]   top3 idx=16747 val=7.39925
[dump]   top4 idx=17116 val=6.95305
[dump] L25.att    n=2560    finite=1 absmax=0.49613      mean=-2.6745e-06  sumsq=7.407806811        argmax=951
[dump]   top0 idx=951 val=0.49613
[dump]   top1 idx=993 val=0.24200
[dump]   top2 idx=914 val=0.21324
[dump]   top3 idx=1378 val=0.20331
[dump]   top4 idx=2238 val=0.19971
[dump] L25.fmix   n=2560    finite=1 absmax=2.0469       mean=0.028782     sumsq=815.3415957        argmax=2141
[dump]   top0 idx=2141 val=2.04691
[dump]   top1 idx=25 val=1.77510
[dump]   top2 idx=1918 val=1.71634
[dump]   top3 idx=746 val=1.70819
[dump]   top4 idx=98 val=1.69576
[dump] L25.mid    n=10      finite=1 absmax=0 mean=0 sumsq=0 ids: 376 346 264 68 506 427 430 142 73 478
[dump] L25.moe    n=2560    finite=1 absmax=0.035394     mean=2.0106e-05   sumsq=0.2491525059       argmax=402
[dump]   top0 idx=402 val=0.03394
[dump]   top1 idx=2462 val=0.03075
[dump]   top2 idx=255 val=0.02888
[dump]   top3 idx=1780 val=0.02868
[dump]   top4 idx=236 val=0.02821
[dump] L25.res    n=20480   finite=1 absmax=16.508       mean=0.015201     sumsq=14837.29931        argmax=16088
[dump]   top0 idx=16088 val=16.50849
[dump]   top1 idx=17101 val=8.98077
[dump]   top2 idx=15991 val=8.97768
[dump]   top3 idx=16311 val=8.84669
[dump]   top4 idx=15948 val=8.18598
[dump] L26.att    n=2560    finite=1 absmax=0.30628      mean=-0.00070417  sumsq=9.759946576        argmax=519
[dump]   top0 idx=519 val=0.30628
[dump]   top1 idx=728 val=0.26967
[dump]   top2 idx=2203 val=0.26522
[dump]   top3 idx=177 val=0.23422
[dump]   top4 idx=1883 val=0.21450
[dump] L26.fmix   n=2560    finite=1 absmax=2.0887       mean=0.020464     sumsq=745.0037862        argmax=746
[dump]   top0 idx=746 val=2.08873
[dump]   top1 idx=849 val=1.81813
[dump]   top2 idx=2233 val=1.74747
[dump]   top3 idx=25 val=1.72301
[dump]   top4 idx=1466 val=1.65110
[dump] L26.mid    n=10      finite=1 absmax=0 mean=0 sumsq=0 ids: 461 355 97 243 296 417 313 384 320 203
[dump] L26.moe    n=2560    finite=1 absmax=0.047365     mean=-2.0407e-05  sumsq=0.459218794        argmax=1500
[dump]   top0 idx=1500 val=0.04737
[dump]   top1 idx=2054 val=0.04602
[dump]   top2 idx=1828 val=0.04351
[dump]   top3 idx=1965 val=0.04261
[dump]   top4 idx=1810 val=0.04206
[dump] L26.res    n=20480   finite=1 absmax=12.28        mean=0.010159     sumsq=7461.9299          argmax=16088
[dump]   top0 idx=16088 val=12.28009
[dump]   top1 idx=17598 val=11.66354
[dump]   top2 idx=16311 val=11.62061
[dump]   top3 idx=15365 val=9.79530
[dump]   top4 idx=17793 val=7.78639
[dump] L27.att    n=2560    finite=1 absmax=0.44999      mean=0.0025038    sumsq=14.94170168        argmax=714
[dump]   top0 idx=714 val=0.31108
[dump]   top1 idx=892 val=0.29345
[dump]   top2 idx=302 val=0.27778
[dump]   top3 idx=1404 val=0.26354
[dump]   top4 idx=1341 val=0.25775
[dump] L27.fmix   n=2560    finite=1 absmax=2.3912       mean=0.022929     sumsq=807.4614986        argmax=1500
[dump]   top0 idx=1500 val=2.39121
[dump]   top1 idx=849 val=2.00154
[dump]   top2 idx=746 val=1.82440
[dump]   top3 idx=1717 val=1.78448
[dump]   top4 idx=1905 val=1.63562
[dump] L27.mid    n=10      finite=1 absmax=0 mean=0 sumsq=0 ids: 430 323 98 508 166 151 58 108 261 418
[dump] L27.moe    n=2560    finite=1 absmax=0.033559     mean=0.00035929   sumsq=0.2448243384       argmax=960
[dump]   top0 idx=960 val=0.03356
[dump]   top1 idx=1561 val=0.03256
[dump]   top2 idx=2530 val=0.03161
[dump]   top3 idx=886 val=0.03055
[dump]   top4 idx=2196 val=0.02977
[dump] L27.res    n=20480   finite=1 absmax=17.18        mean=0.021442     sumsq=15504.88854        argmax=16088
[dump]   top0 idx=16088 val=17.17980
[dump]   top1 idx=16311 val=10.30775
[dump]   top2 idx=17598 val=9.82844
[dump]   top3 idx=15365 val=8.10221
[dump]   top4 idx=19315 val=8.01101
[dump] L28.att    n=2560    finite=1 absmax=0.22547      mean=-0.0024118   sumsq=7.32052015         argmax=186
[dump]   top0 idx=186 val=0.20896
[dump]   top1 idx=736 val=0.20730
[dump]   top2 idx=1480 val=0.18822
[dump]   top3 idx=917 val=0.16390
[dump]   top4 idx=434 val=0.16084
[dump] L28.fmix   n=2560    finite=1 absmax=2.8168       mean=0.02889      sumsq=917.8486171        argmax=1500
[dump]   top0 idx=1500 val=2.81681
[dump]   top1 idx=849 val=2.13876
[dump]   top2 idx=1905 val=2.13849
[dump]   top3 idx=65 val=2.07737
[dump]   top4 idx=631 val=2.07283
[dump] L28.mid    n=10      finite=1 absmax=0 mean=0 sumsq=0 ids: 52 219 421 469 43 229 297 21 392 63
[dump] L28.moe    n=2560    finite=1 absmax=0.051159     mean=-0.00035975  sumsq=0.3211125666       argmax=1942
[dump]   top0 idx=1942 val=0.05116
[dump]   top1 idx=1207 val=0.03897
[dump]   top2 idx=667 val=0.03803
[dump]   top3 idx=486 val=0.03785
[dump]   top4 idx=722 val=0.03651
[dump] L28.res    n=20480   finite=1 absmax=13.248       mean=0.012943     sumsq=15603.00569        argmax=16088
[dump]   top0 idx=16088 val=13.24777
[dump]   top1 idx=17671 val=9.62452
[dump]   top2 idx=17101 val=8.74078
[dump]   top3 idx=16747 val=8.25993
[dump]   top4 idx=18587 val=7.40584
[dump] L29.att    n=2560    finite=1 absmax=0.10867      mean=-0.00061371  sumsq=1.701115617        argmax=1736
[dump]   top0 idx=1736 val=0.10709
[dump]   top1 idx=1882 val=0.09985
[dump]   top2 idx=1795 val=0.09940
[dump]   top3 idx=1925 val=0.08578
[dump]   top4 idx=1205 val=0.08544
[dump] L29.fmix   n=2560    finite=1 absmax=2.2704       mean=0.011104     sumsq=950.4117588        argmax=1717
[dump]   top0 idx=1717 val=2.06550
[dump]   top1 idx=1905 val=2.05843
[dump]   top2 idx=1500 val=1.98590
[dump]   top3 idx=849 val=1.96075
[dump]   top4 idx=2499 val=1.86611
[dump] L29.mid    n=10      finite=1 absmax=0 mean=0 sumsq=0 ids: 273 387 93 265 259 290 342 118 330 148
[dump] L29.moe    n=2560    finite=1 absmax=0.049145     mean=-3.9057e-05  sumsq=0.4130456693       argmax=525
[dump]   top0 idx=525 val=0.04914
[dump]   top1 idx=1955 val=0.04478
[dump]   top2 idx=309 val=0.04025
[dump]   top3 idx=2253 val=0.03911
[dump]   top4 idx=1599 val=0.03866
[dump] L29.res    n=20480   finite=1 absmax=17.357       mean=0.010554     sumsq=17134.85013        argmax=16311
[dump]   top0 idx=16311 val=17.35746
[dump]   top1 idx=16088 val=14.00397
[dump]   top2 idx=17598 val=9.73160
[dump]   top3 idx=16747 val=9.15430
[dump]   top4 idx=17671 val=8.38054
[dump] L30.att    n=2560    finite=1 absmax=0.39858      mean=-0.00065008  sumsq=10.00374993        argmax=993
[dump]   top0 idx=993 val=0.39858
[dump]   top1 idx=2502 val=0.32189
[dump]   top2 idx=482 val=0.29979
[dump]   top3 idx=597 val=0.20751
[dump]   top4 idx=2374 val=0.20483
[dump] L30.fmix   n=2560    finite=1 absmax=3.0598       mean=0.0085072    sumsq=1355.857899        argmax=1500
[dump]   top0 idx=1500 val=2.64149
[dump]   top1 idx=1914 val=2.36905
[dump]   top2 idx=1905 val=2.29918
[dump]   top3 idx=477 val=2.24786
[dump]   top4 idx=25 val=2.24543
[dump] L30.mid    n=10      finite=1 absmax=0 mean=0 sumsq=0 ids: 506 86 151 398 11 181 335 280 409 14
[dump] L30.moe    n=2560    finite=1 absmax=0.054761     mean=0.0001647    sumsq=0.6270006698       argmax=2095
[dump]   top0 idx=2095 val=0.05476
[dump]   top1 idx=2022 val=0.05263
[dump]   top2 idx=1850 val=0.05097
[dump]   top3 idx=2030 val=0.04865
[dump]   top4 idx=835 val=0.04813
[dump] L30.res    n=20480   finite=1 absmax=13.369       mean=0.0086019    sumsq=7741.690748        argmax=16088
[dump]   top0 idx=16088 val=13.36865
[dump]   top1 idx=15365 val=8.91276
[dump]   top2 idx=10722 val=7.04409
[dump]   top3 idx=17598 val=6.93420
[dump]   top4 idx=16311 val=6.84265
[dump] L31.att    n=2560    finite=1 absmax=0.24573      mean=-0.0023527   sumsq=9.971595812        argmax=1716
[dump]   top0 idx=1716 val=0.24573
[dump]   top1 idx=1205 val=0.22043
[dump]   top2 idx=1359 val=0.21584
[dump]   top3 idx=1776 val=0.19534
[dump]   top4 idx=2371 val=0.19139
[dump] L31.fmix   n=2560    finite=1 absmax=4.8376       mean=0.00083299   sumsq=2010.087143        argmax=728
[dump]   top0 idx=728 val=4.83761
[dump]   top1 idx=2238 val=3.76667
[dump]   top2 idx=98 val=3.52886
[dump]   top3 idx=477 val=3.40148
[dump]   top4 idx=1828 val=3.05716
[dump] L31.mid    n=10      finite=1 absmax=0 mean=0 sumsq=0 ids: 494 283 289 156 405 311 399 302 207 449
[dump] L31.moe    n=2560    finite=1 absmax=0.069837     mean=0.00046673   sumsq=0.8456957956       argmax=1212
[dump]   top0 idx=1212 val=0.06984
[dump]   top1 idx=877 val=0.06785
[dump]   top2 idx=2438 val=0.06494
[dump]   top3 idx=32 val=0.06082
[dump]   top4 idx=1483 val=0.05288
[dump] L31.res    n=20480   finite=1 absmax=17.107       mean=0.009412     sumsq=20154.6492         argmax=16311
[dump]   top0 idx=16311 val=17.10703
[dump]   top1 idx=16088 val=12.06970
[dump]   top2 idx=17101 val=11.35176
[dump]   top3 idx=17671 val=10.69337
[dump]   top4 idx=16747 val=10.17438
[dump] L32.att    n=2560    finite=1 absmax=0.21025      mean=-0.0011557   sumsq=4.203117598        argmax=713
[dump]   top0 idx=713 val=0.21025
[dump]   top1 idx=1368 val=0.19169
[dump]   top2 idx=1134 val=0.15231
[dump]   top3 idx=1303 val=0.13801
[dump]   top4 idx=167 val=0.13306
[dump] L32.fmix   n=2560    finite=1 absmax=3.3759       mean=0.005682     sumsq=1841.041653        argmax=1828
[dump]   top0 idx=1828 val=2.77227
[dump]   top1 idx=2335 val=2.71384
[dump]   top2 idx=477 val=2.61131
[dump]   top3 idx=2095 val=2.58587
[dump]   top4 idx=1512 val=2.58117
[dump] L32.mid    n=10      finite=1 absmax=0 mean=0 sumsq=0 ids: 228 243 263 142 58 429 272 454 377 278
[dump] L32.moe    n=2560    finite=1 absmax=0.079508     mean=-0.00026415  sumsq=0.9639118402       argmax=198
[dump]   top0 idx=198 val=0.05718
[dump]   top1 idx=1023 val=0.05702
[dump]   top2 idx=776 val=0.05402
[dump]   top3 idx=1933 val=0.05323
[dump]   top4 idx=2120 val=0.05305
[dump] L32.res    n=20480   finite=1 absmax=12.159       mean=0.0078116    sumsq=18319.40347        argmax=16088
[dump]   top0 idx=16088 val=12.15926
[dump]   top1 idx=17598 val=11.54765
[dump]   top2 idx=15778 val=10.26150
[dump]   top3 idx=16311 val=10.08194
[dump]   top4 idx=17101 val=8.88364
[dump] L33.att    n=2560    finite=1 absmax=0.14976      mean=-0.0012947   sumsq=1.722709047        argmax=2393
[dump]   top0 idx=2393 val=0.14976
[dump]   top1 idx=192 val=0.10554
[dump]   top2 idx=634 val=0.10151
[dump]   top3 idx=1990 val=0.08927
[dump]   top4 idx=550 val=0.08785
[dump] L33.fmix   n=2560    finite=1 absmax=3.5677       mean=-0.0031517   sumsq=1464.29249         argmax=1512
[dump]   top0 idx=1512 val=2.93465
[dump]   top1 idx=2335 val=2.49608
[dump]   top2 idx=788 val=2.45911
[dump]   top3 idx=1313 val=2.30434
[dump]   top4 idx=2481 val=2.26823
[dump] L33.mid    n=10      finite=1 absmax=0 mean=0 sumsq=0 ids: 136 84 374 363 345 120 419 486 253 209
[dump] L33.moe    n=2560    finite=1 absmax=0.060828     mean=2.1461e-05   sumsq=0.5497771429       argmax=1602
[dump]   top0 idx=1602 val=0.05542
[dump]   top1 idx=371 val=0.04907
[dump]   top2 idx=399 val=0.04643
[dump]   top3 idx=776 val=0.04391
[dump]   top4 idx=1484 val=0.04265
[dump] L33.res    n=20480   finite=1 absmax=16.149       mean=0.0068096    sumsq=17913.31806        argmax=16088
[dump]   top0 idx=16088 val=16.14932
[dump]   top1 idx=16311 val=12.82643
[dump]   top2 idx=17598 val=10.75193
[dump]   top3 idx=10722 val=9.99507
[dump]   top4 idx=16747 val=9.57532
[dump] L34.att    n=2560    finite=1 absmax=0.21771      mean=-0.00099312  sumsq=3.549630097        argmax=482
[dump]   top0 idx=482 val=0.21771
[dump]   top1 idx=689 val=0.16714
[dump]   top2 idx=1882 val=0.16540
[dump]   top3 idx=624 val=0.13716
[dump]   top4 idx=951 val=0.13258
[dump] L34.fmix   n=2560    finite=1 absmax=3.0021       mean=0.0086214    sumsq=1264.574429        argmax=631
[dump]   top0 idx=631 val=2.79912
[dump]   top1 idx=1313 val=2.68887
[dump]   top2 idx=1500 val=2.55596
[dump]   top3 idx=65 val=2.40456
[dump]   top4 idx=1512 val=2.26808
[dump] L34.mid    n=10      finite=1 absmax=0 mean=0 sumsq=0 ids: 131 29 353 101 24 102 264 460 211 347
[dump] L34.moe    n=2560    finite=1 absmax=0.069393     mean=0.00055625   sumsq=0.8982130944       argmax=196
[dump]   top0 idx=196 val=0.06939
[dump]   top1 idx=1709 val=0.06616
[dump]   top2 idx=1631 val=0.06564
[dump]   top3 idx=951 val=0.05766
[dump]   top4 idx=2415 val=0.05584
[dump] L34.res    n=20480   finite=1 absmax=13.548       mean=0.0075519    sumsq=8685.740518        argmax=16088
[dump]   top0 idx=16088 val=13.54839
[dump]   top1 idx=17101 val=10.53956
[dump]   top2 idx=10722 val=10.26554
[dump]   top3 idx=16311 val=9.31684
[dump]   top4 idx=15365 val=8.04402
[dump] L35.att    n=2560    finite=1 absmax=0.41972      mean=0.00059377   sumsq=9.924710838        argmax=1882
[dump]   top0 idx=1882 val=0.30054
[dump]   top1 idx=79 val=0.23072
[dump]   top2 idx=2091 val=0.21637
[dump]   top3 idx=1341 val=0.20377
[dump]   top4 idx=694 val=0.20200
[dump] L35.fmix   n=2560    finite=1 absmax=3.333        mean=0.009076     sumsq=1634.463259        argmax=410
[dump]   top0 idx=410 val=2.65188
[dump]   top1 idx=1313 val=2.60252
[dump]   top2 idx=957 val=2.52148
[dump]   top3 idx=1283 val=2.42355
[dump]   top4 idx=1512 val=2.42105
[dump] L35.mid    n=10      finite=1 absmax=0 mean=0 sumsq=0 ids: 472 31 161 291 375 121 277 315 56 490
[dump] L35.moe    n=2560    finite=1 absmax=0.074299     mean=0.00060064   sumsq=1.193632892        argmax=687
[dump]   top0 idx=687 val=0.07430
[dump]   top1 idx=1229 val=0.07416
[dump]   top2 idx=1144 val=0.07059
[dump]   top3 idx=308 val=0.06727
[dump]   top4 idx=755 val=0.06687
[dump] L35.res    n=20480   finite=1 absmax=19.32        mean=0.015858     sumsq=20099.74656        argmax=16311
[dump]   top0 idx=16311 val=19.32014
[dump]   top1 idx=17598 val=18.80554
[dump]   top2 idx=16088 val=11.53826
[dump]   top3 idx=10722 val=7.86194
[dump]   top4 idx=16747 val=7.71650
[dump] L36.att    n=2560    finite=1 absmax=0.72506      mean=0.0021306    sumsq=36.25334809        argmax=1882
[dump]   top0 idx=1882 val=0.72506
[dump]   top1 idx=2374 val=0.69917
[dump]   top2 idx=1603 val=0.66169
[dump]   top3 idx=687 val=0.65433
[dump]   top4 idx=689 val=0.62164
[dump] L36.fmix   n=2560    finite=1 absmax=5.275        mean=0.025943     sumsq=2428.20291         argmax=1313
[dump]   top0 idx=1313 val=3.23902
[dump]   top1 idx=1905 val=3.23330
[dump]   top2 idx=2510 val=3.10394
[dump]   top3 idx=888 val=2.70141
[dump]   top4 idx=2095 val=2.67908
[dump] L36.mid    n=10      finite=1 absmax=0 mean=0 sumsq=0 ids: 387 218 169 25 296 210 363 258 179 262
[dump] L36.moe    n=2560    finite=1 absmax=0.22787      mean=-6.4671e-05  sumsq=4.689515806        argmax=1641
[dump]   top0 idx=1641 val=0.18547
[dump]   top1 idx=2128 val=0.13942
[dump]   top2 idx=2120 val=0.13672
[dump]   top3 idx=1368 val=0.13602
[dump]   top4 idx=1232 val=0.13129
[dump] L36.res    n=20480   finite=1 absmax=13.302       mean=0.017682     sumsq=22466.92695        argmax=16088
[dump]   top0 idx=16088 val=13.30246
[dump]   top1 idx=17671 val=10.62894
[dump]   top2 idx=15755 val=10.54112
[dump]   top3 idx=17598 val=10.34043
[dump]   top4 idx=16860 val=9.32587
[dump] L37.att    n=2560    finite=1 absmax=0.24199      mean=-0.00063387  sumsq=4.593646851        argmax=713
[dump]   top0 idx=713 val=0.24199
[dump]   top1 idx=1882 val=0.21463
[dump]   top2 idx=951 val=0.19862
[dump]   top3 idx=1061 val=0.19717
[dump]   top4 idx=892 val=0.17644
[dump] L37.fmix   n=2560    finite=1 absmax=4.5108       mean=0.035637     sumsq=2475.121352        argmax=1313
[dump]   top0 idx=1313 val=3.61158
[dump]   top1 idx=957 val=3.12878
[dump]   top2 idx=2510 val=2.95578
[dump]   top3 idx=1144 val=2.92986
[dump]   top4 idx=1283 val=2.91734
[dump] L37.mid    n=10      finite=1 absmax=0 mean=0 sumsq=0 ids: 306 255 313 369 19 57 200 118 494 346
[dump] L37.moe    n=2560    finite=1 absmax=0.10858      mean=0.00044757   sumsq=2.895151535        argmax=2389
[dump]   top0 idx=2389 val=0.10204
[dump]   top1 idx=582 val=0.10021
[dump]   top2 idx=2263 val=0.10005
[dump]   top3 idx=205 val=0.09929
[dump]   top4 idx=882 val=0.09686
[dump] L37.res    n=20480   finite=1 absmax=17.017       mean=0.019954     sumsq=18826.71461        argmax=15365
[dump]   top0 idx=15365 val=17.01720
[dump]   top1 idx=15991 val=13.49449
[dump]   top2 idx=17279 val=12.09497
[dump]   top3 idx=10927 val=10.92059
[dump]   top4 idx=15948 val=10.24319
[dump] L38.att    n=2560    finite=1 absmax=0.4572       mean=-0.00040606  sumsq=8.673721676        argmax=36
[dump]   top0 idx=36 val=0.28241
[dump]   top1 idx=913 val=0.27033
[dump]   top2 idx=308 val=0.26634
[dump]   top3 idx=403 val=0.23699
[dump]   top4 idx=1959 val=0.23389
[dump] L38.fmix   n=2560    finite=1 absmax=5.0222       mean=0.031865     sumsq=2359.888243        argmax=1694
[dump]   top0 idx=1694 val=2.90256
[dump]   top1 idx=1967 val=2.78838
[dump]   top2 idx=911 val=2.59346
[dump]   top3 idx=1391 val=2.58692
[dump]   top4 idx=582 val=2.55224
[dump] L38.mid    n=10      finite=1 absmax=0 mean=0 sumsq=0 ids: 279 301 206 504 460 50 486 135 7 287
[dump] L38.moe    n=2560    finite=1 absmax=0.13261      mean=-0.00045982  sumsq=3.065055928        argmax=2422
[dump]   top0 idx=2422 val=0.13261
[dump]   top1 idx=603 val=0.11578
[dump]   top2 idx=428 val=0.10838
[dump]   top3 idx=2060 val=0.10445
[dump]   top4 idx=524 val=0.10021
[dump] L38.res    n=20480   finite=1 absmax=13.423       mean=0.011813     sumsq=13335.01257        argmax=15365
[dump]   top0 idx=15365 val=13.41828
[dump]   top1 idx=15427 val=10.62029
[dump]   top2 idx=15991 val=9.98652
[dump]   top3 idx=16860 val=9.64689
[dump]   top4 idx=17702 val=8.90433
[dump] L39.att    n=2560    finite=1 absmax=0.32476      mean=0.00032745   sumsq=11.51274057        argmax=1882
[dump]   top0 idx=1882 val=0.30769
[dump]   top1 idx=2018 val=0.29028
[dump]   top2 idx=892 val=0.28763
[dump]   top3 idx=799 val=0.27548
[dump]   top4 idx=1737 val=0.27135
[dump] L39.fmix   n=2560    finite=1 absmax=5.0937       mean=0.020811     sumsq=2539.775042        argmax=67
[dump]   top0 idx=67 val=5.09373
[dump]   top1 idx=579 val=4.27182
[dump]   top2 idx=308 val=3.34670
[dump]   top3 idx=2209 val=3.21444
[dump]   top4 idx=400 val=3.18717
[dump] L39.mid    n=10      finite=1 absmax=0 mean=0 sumsq=0 ids: 356 60 128 77 32 480 177 42 496 342
[dump] L39.moe    n=2560    finite=1 absmax=0.28992      mean=-0.00062544  sumsq=11.88538949        argmax=1368
[dump]   top0 idx=1368 val=0.27604
[dump]   top1 idx=1030 val=0.22741
[dump]   top2 idx=2190 val=0.22283
[dump]   top3 idx=2356 val=0.22182
[dump]   top4 idx=1734 val=0.20681
[dump] L39.res    n=20480   finite=1 absmax=28.399       mean=0.01629      sumsq=31470.18173        argmax=15991
[dump]   top0 idx=15991 val=19.48647
[dump]   top1 idx=15427 val=16.58244
[dump]   top2 idx=17702 val=15.57931
[dump]   top3 idx=15619 val=13.61556
[dump]   top4 idx=16565 val=11.49611
[dump] L40.att    n=2560    finite=1 absmax=0.51406      mean=0.0039524    sumsq=10.33193866        argmax=1061
[dump]   top0 idx=1061 val=0.51406
[dump]   top1 idx=138 val=0.26542
[dump]   top2 idx=1116 val=0.25918
[dump]   top3 idx=482 val=0.25672
[dump]   top4 idx=882 val=0.23822
[dump] L40.fmix   n=2560    finite=1 absmax=6.3616       mean=0.020775     sumsq=2987.92473         argmax=67
[dump]   top0 idx=67 val=6.36159
[dump]   top1 idx=579 val=5.12223
[dump]   top2 idx=2238 val=4.43431
[dump]   top3 idx=1844 val=3.63086
[dump]   top4 idx=1756 val=3.50618
[dump] L40.mid    n=10      finite=1 absmax=0 mean=0 sumsq=0 ids: 232 172 335 280 138 22 398 178 208 66
[dump] L40.moe    n=2560    finite=1 absmax=0.1158       mean=0.00056391   sumsq=2.499281551        argmax=944
[dump]   top0 idx=944 val=0.11580
[dump]   top1 idx=621 val=0.09365
[dump]   top2 idx=2443 val=0.09267
[dump]   top3 idx=2360 val=0.09098
[dump]   top4 idx=2239 val=0.08971
[dump] L40.res    n=20480   finite=1 absmax=17.954       mean=0.023048     sumsq=24628.48214        argmax=15991
[dump]   top0 idx=15991 val=16.62931
[dump]   top1 idx=17598 val=9.97737
[dump]   top2 idx=13861 val=9.80102
[dump]   top3 idx=17116 val=9.51058
[dump]   top4 idx=14517 val=9.08306
[dump] L41.att    n=2560    finite=1 absmax=0.51132      mean=0.00043171   sumsq=8.914157482        argmax=1882
[dump]   top0 idx=1882 val=0.51132
[dump]   top1 idx=993 val=0.22519
[dump]   top2 idx=2234 val=0.22342
[dump]   top3 idx=562 val=0.21785
[dump]   top4 idx=1067 val=0.21554
[dump] L41.fmix   n=2560    finite=1 absmax=5.8645       mean=0.029417     sumsq=2908.017593        argmax=67
[dump]   top0 idx=67 val=5.86452
[dump]   top1 idx=579 val=4.50057
[dump]   top2 idx=2190 val=3.96474
[dump]   top3 idx=1756 val=3.83939
[dump]   top4 idx=1693 val=3.71970
[dump] L41.mid    n=10      finite=1 absmax=0 mean=0 sumsq=0 ids: 59 240 149 450 105 205 132 433 118 445
[dump] L41.moe    n=2560    finite=1 absmax=0.099442     mean=7.1628e-05   sumsq=1.616354527        argmax=1070
[dump]   top0 idx=1070 val=0.08015
[dump]   top1 idx=1603 val=0.07942
[dump]   top2 idx=2481 val=0.07758
[dump]   top3 idx=2465 val=0.07629
[dump]   top4 idx=597 val=0.07485
[dump] L41.res    n=20480   finite=1 absmax=14.731       mean=0.022933     sumsq=25053.34691        argmax=15991
[dump]   top0 idx=15991 val=12.76557
[dump]   top1 idx=16860 val=10.07945
[dump]   top2 idx=15212 val=9.71762
[dump]   top3 idx=11608 val=9.21469
[dump]   top4 idx=17598 val=8.60452
[dump] L42.att    n=2560    finite=1 absmax=0.33883      mean=-0.00085564  sumsq=6.126467521        argmax=1039
[dump]   top0 idx=1039 val=0.27335
[dump]   top1 idx=36 val=0.24146
[dump]   top2 idx=482 val=0.24022
[dump]   top3 idx=517 val=0.21722
[dump]   top4 idx=722 val=0.20725
[dump] L42.fmix   n=2560    finite=1 absmax=5.1252       mean=0.029753     sumsq=3352.952629        argmax=579
[dump]   top0 idx=579 val=4.73422
[dump]   top1 idx=67 val=4.23428
[dump]   top2 idx=1693 val=4.23173
[dump]   top3 idx=2190 val=3.85326
[dump]   top4 idx=2239 val=3.70293
[dump] L42.mid    n=10      finite=1 absmax=0 mean=0 sumsq=0 ids: 341 3 212 310 151 391 337 195 140 269
[dump] L42.moe    n=2560    finite=1 absmax=0.12117      mean=0.00034804   sumsq=2.985755562        argmax=1502
[dump]   top0 idx=1502 val=0.12117
[dump]   top1 idx=1594 val=0.11324
[dump]   top2 idx=1633 val=0.10442
[dump]   top3 idx=1733 val=0.10143
[dump]   top4 idx=615 val=0.09479
[dump] L42.res    n=20480   finite=1 absmax=11.808       mean=0.01191      sumsq=7999.540106        argmax=15365
[dump]   top0 idx=15365 val=10.00560
[dump]   top1 idx=15427 val=9.37596
[dump]   top2 idx=15991 val=8.17859
[dump]   top3 idx=17279 val=7.69087
[dump]   top4 idx=13682 val=7.06491
[dump] L43.att    n=2560    finite=1 absmax=0.54923      mean=0.0020032    sumsq=9.376926879        argmax=417
[dump]   top0 idx=417 val=0.54923
[dump]   top1 idx=67 val=0.52420
[dump]   top2 idx=1959 val=0.36971
[dump]   top3 idx=1391 val=0.33741
[dump]   top4 idx=1844 val=0.32273
[dump] L43.fmix   n=2560    finite=1 absmax=6.2696       mean=0.028236     sumsq=2508.593378        argmax=67
[dump]   top0 idx=67 val=6.26958
[dump]   top1 idx=2239 val=3.94202
[dump]   top2 idx=1844 val=3.73403
[dump]   top3 idx=579 val=3.69186
[dump]   top4 idx=1633 val=3.49420
[dump] L43.mid    n=10      finite=1 absmax=0 mean=0 sumsq=0 ids: 300 86 462 451 324 483 270 0 64 18
[dump] L43.moe    n=2560    finite=1 absmax=0.21283      mean=-0.00018289  sumsq=5.092208655        argmax=1882
[dump]   top0 idx=1882 val=0.21283
[dump]   top1 idx=944 val=0.17987
[dump]   top2 idx=283 val=0.14120
[dump]   top3 idx=200 val=0.13329
[dump]   top4 idx=315 val=0.13139
[dump] L43.res    n=20480   finite=1 absmax=22.877       mean=0.030683     sumsq=35416.21071        argmax=15991
[dump]   top0 idx=15991 val=16.45701
[dump]   top1 idx=17598 val=11.98110
[dump]   top2 idx=15994 val=11.83544
[dump]   top3 idx=17838 val=11.17339
[dump]   top4 idx=16419 val=11.14461
[dump] L44.att    n=2560    finite=1 absmax=2.2182       mean=-0.00017711  sumsq=64.85800943        argmax=1238
[dump]   top0 idx=1238 val=0.77961
[dump]   top1 idx=634 val=0.67654
[dump]   top2 idx=1882 val=0.55889
[dump]   top3 idx=181 val=0.52950
[dump]   top4 idx=1101 val=0.48080
[dump] L44.fmix   n=2560    finite=1 absmax=7.0764       mean=0.033742     sumsq=2903.551397        argmax=67
[dump]   top0 idx=67 val=7.07636
[dump]   top1 idx=1633 val=5.35591
[dump]   top2 idx=1844 val=4.98649
[dump]   top3 idx=417 val=4.56154
[dump]   top4 idx=944 val=4.34243
[dump] L44.mid    n=10      finite=1 absmax=0 mean=0 sumsq=0 ids: 287 87 190 75 192 401 61 306 301 198
[dump] L44.moe    n=2560    finite=1 absmax=0.117        mean=-3.9237e-05  sumsq=2.223230346        argmax=206
[dump]   top0 idx=206 val=0.11700
[dump]   top1 idx=728 val=0.10644
[dump]   top2 idx=2449 val=0.10342
[dump]   top3 idx=1125 val=0.10306
[dump]   top4 idx=617 val=0.08627
[dump] L44.res    n=20480   finite=1 absmax=42.613       mean=0.02117      sumsq=27383.02452        argmax=15991
[dump]   top0 idx=15991 val=22.21986
[dump]   top1 idx=16565 val=11.73888
[dump]   top2 idx=17319 val=11.01643
[dump]   top3 idx=17598 val=10.67022
[dump]   top4 idx=15212 val=10.63385
[dump] L45.att    n=2560    finite=1 absmax=1.9316       mean=0.0062952    sumsq=145.0027594        argmax=631
[dump]   top0 idx=631 val=1.46547
[dump]   top1 idx=1810 val=1.38632
[dump]   top2 idx=1882 val=1.30404
[dump]   top3 idx=1202 val=1.20357
[dump]   top4 idx=745 val=0.98235
[dump] L45.fmix   n=2560    finite=1 absmax=7.1413       mean=0.035792     sumsq=2847.690476        argmax=67
[dump]   top0 idx=67 val=7.09323
[dump]   top1 idx=1633 val=5.64062
[dump]   top2 idx=417 val=4.87395
[dump]   top3 idx=1844 val=4.65077
[dump]   top4 idx=944 val=4.06244
[dump] L45.mid    n=10      finite=1 absmax=0 mean=0 sumsq=0 ids: 237 66 343 339 85 103 303 443 280 471
[dump] L45.moe    n=2560    finite=1 absmax=0.12144      mean=-0.00055291  sumsq=2.49519519         argmax=331
[dump]   top0 idx=331 val=0.11121
[dump]   top1 idx=1410 val=0.10583
[dump]   top2 idx=1425 val=0.08696
[dump]   top3 idx=2089 val=0.08662
[dump]   top4 idx=1138 val=0.08511
[dump] L45.res    n=20480   finite=1 absmax=29.942       mean=0.022112     sumsq=29316.79711        argmax=15427
[dump]   top0 idx=15427 val=29.94222
[dump]   top1 idx=14610 val=19.53086
[dump]   top2 idx=15991 val=17.81433
[dump]   top3 idx=17204 val=15.45940
[dump]   top4 idx=17702 val=15.21773
[dump] L46.att    n=2560    finite=1 absmax=5.4879       mean=0.0037737    sumsq=242.8968554        argmax=181
[dump]   top0 idx=181 val=3.15078
[dump]   top1 idx=951 val=2.49062
[dump]   top2 idx=634 val=1.96236
[dump]   top3 idx=2502 val=1.64904
[dump]   top4 idx=1497 val=1.48215
[dump] L46.fmix   n=2560    finite=1 absmax=5.8477       mean=0.025676     sumsq=2667.911926        argmax=67
[dump]   top0 idx=67 val=5.84766
[dump]   top1 idx=1633 val=4.45955
[dump]   top2 idx=944 val=4.14979
[dump]   top3 idx=1844 val=4.06631
[dump]   top4 idx=634 val=3.92285
[dump] L46.mid    n=10      finite=1 absmax=0 mean=0 sumsq=0 ids: 25 505 56 60 264 115 258 123 281 491
[dump] L46.moe    n=2560    finite=1 absmax=0.18252      mean=-7.1526e-05  sumsq=3.612168847        argmax=1872
[dump]   top0 idx=1872 val=0.14404
[dump]   top1 idx=617 val=0.13653
[dump]   top2 idx=19 val=0.13149
[dump]   top3 idx=192 val=0.13129
[dump]   top4 idx=63 val=0.13124
[dump] L46.res    n=20480   finite=1 absmax=15.373       mean=0.014844     sumsq=16033.65811        argmax=15427
[dump]   top0 idx=15427 val=12.78536
[dump]   top1 idx=17702 val=9.39338
[dump]   top2 idx=12122 val=8.74450
[dump]   top3 idx=15991 val=8.55509
[dump]   top4 idx=17204 val=8.47546
[dump] L47.att    n=2560    finite=1 absmax=1.2522       mean=-0.0037399   sumsq=46.75572444        argmax=1027
[dump]   top0 idx=1027 val=1.25216
[dump]   top1 idx=722 val=0.72450
[dump]   top2 idx=579 val=0.69732
[dump]   top3 idx=36 val=0.68761
[dump]   top4 idx=1395 val=0.65079
[dump] L47.fmix   n=2560    finite=1 absmax=5.5727       mean=0.015223     sumsq=2517.712604        argmax=67
[dump]   top0 idx=67 val=5.57274
[dump]   top1 idx=417 val=4.30029
[dump]   top2 idx=1882 val=4.01389
[dump]   top3 idx=944 val=3.81773
[dump]   top4 idx=1844 val=3.76036
[dump] L47.mid    n=10      finite=1 absmax=0 mean=0 sumsq=0 ids: 481 186 286 354 352 316 157 196 206 367
[dump] L47.moe    n=2560    finite=1 absmax=1.0499       mean=-0.00045847  sumsq=22.81494709        argmax=181
[dump]   top0 idx=181 val=0.88793
[dump]   top1 idx=634 val=0.41803
[dump]   top2 idx=951 val=0.41423
[dump]   top3 idx=2356 val=0.32437
[dump]   top4 idx=482 val=0.31479
[dump] L47.res    n=20480   finite=1 absmax=108.63       mean=0.0060263    sumsq=198987.7789        argmax=12981
[dump]   top0 idx=12981 val=68.42161
[dump]   top1 idx=13434 val=51.67414
[dump]   top2 idx=15541 val=47.83503
[dump]   top3 idx=18101 val=45.43159
[dump]   top4 idx=15994 val=39.98565
[dump] L00.att    n=2560    finite=1 absmax=0.7683       mean=-0.00058846  sumsq=25.4313607         argmax=5
[dump]   top0 idx=5 val=0.76830
[dump]   top1 idx=417 val=0.74188
[dump]   top2 idx=67 val=0.67076
[dump]   top3 idx=2342 val=0.53429
[dump]   top4 idx=2325 val=0.38891
[dump] L00.fmix   n=2560    finite=1 absmax=1.9301       mean=0.015139     sumsq=403.7038477        argmax=1682
[dump]   top0 idx=1682 val=1.93007
[dump]   top1 idx=2474 val=1.87568
[dump]   top2 idx=1733 val=1.71622
[dump]   top3 idx=796 val=1.63881
[dump]   top4 idx=707 val=1.60155
[dump] L00.mid    n=10      finite=1 absmax=0 mean=0 sumsq=0 ids: 460 479 15 139 367 339 497 11 340 449
[dump] L00.moe    n=2560    finite=1 absmax=0.25278      mean=0.00049631   sumsq=2.478660716        argmax=1682
[dump]   top0 idx=1682 val=0.25278
[dump]   top1 idx=728 val=0.19798
[dump]   top2 idx=268 val=0.17653
[dump]   top3 idx=579 val=0.16937
[dump]   top4 idx=2238 val=0.16082
[dump] L00.res    n=10240   finite=1 absmax=0.22376      mean=0.00046861   sumsq=2.68966003         argmax=6802
[dump]   top0 idx=6802 val=0.22376
[dump]   top1 idx=5125 val=0.19488
[dump]   top2 idx=5187 val=0.17023
[dump]   top3 idx=5848 val=0.16976
[dump]   top4 idx=6325 val=0.14544
[dump] L01.att    n=2560    finite=1 absmax=1.8405       mean=-0.0069851   sumsq=54.58644429        argmax=331
[dump]   top0 idx=331 val=1.84052
[dump]   top1 idx=1392 val=0.83096
[dump]   top2 idx=736 val=0.58283
[dump]   top3 idx=667 val=0.56447
[dump]   top4 idx=1887 val=0.55677
[dump] L01.fmix   n=2560    finite=1 absmax=2.2863       mean=-0.0050342   sumsq=376.5618559        argmax=5
[dump]   top0 idx=5 val=1.98698
[dump]   top1 idx=227 val=1.60157
[dump]   top2 idx=588 val=1.49117
[dump]   top3 idx=631 val=1.44869
[dump]   top4 idx=533 val=1.34794
[dump] L01.mid    n=10      finite=1 absmax=0 mean=0 sumsq=0 ids: 500 69 154 19 86 306 505 349 249 67
[dump] L01.moe    n=2560    finite=1 absmax=0.037083     mean=0.00012237   sumsq=0.1316567178       argmax=855
[dump]   top0 idx=855 val=0.03708
[dump]   top1 idx=514 val=0.02290
[dump]   top2 idx=2301 val=0.02285
[dump]   top3 idx=2001 val=0.02272
[dump]   top4 idx=1039 val=0.02207
[dump] L01.res    n=20480   finite=1 absmax=17.278       mean=0.013517     sumsq=16328.92605        argmax=18251
[dump]   top0 idx=18251 val=17.27785
[dump]   top1 idx=15365 val=12.89187
[dump]   top2 idx=16454 val=11.92938
[dump]   top3 idx=19312 val=11.77100
[dump]   top4 idx=15948 val=10.22223
[dump] L02.att    n=2560    finite=1 absmax=0.53878      mean=0.0050882    sumsq=32.45874132        argmax=524
[dump]   top0 idx=524 val=0.41053
[dump]   top1 idx=253 val=0.39471
[dump]   top2 idx=1474 val=0.39031
[dump]   top3 idx=693 val=0.38356
[dump]   top4 idx=2151 val=0.38209
[dump] L02.fmix   n=2560    finite=1 absmax=2.8363       mean=0.0079854    sumsq=376.7605742        argmax=67
[dump]   top0 idx=67 val=1.40607
[dump]   top1 idx=631 val=1.38346
[dump]   top2 idx=1881 val=1.35723
[dump]   top3 idx=2342 val=1.29852
[dump]   top4 idx=2272 val=1.29142
[dump] L02.mid    n=10      finite=1 absmax=0 mean=0 sumsq=0 ids: 75 54 492 247 12 480 61 13 272 32
[dump] L02.moe    n=2560    finite=1 absmax=0.07042      mean=0.00058054   sumsq=0.2347088577       argmax=728
[dump]   top0 idx=728 val=0.07042
[dump]   top1 idx=885 val=0.06467
[dump]   top2 idx=951 val=0.06372
[dump]   top3 idx=385 val=0.05262
[dump]   top4 idx=65 val=0.05230
[dump] L02.res    n=20480   finite=1 absmax=15.26        mean=0.017461     sumsq=8234.053366        argmax=15365
[dump]   top0 idx=15365 val=15.25994
[dump]   top1 idx=16088 val=13.92859
[dump]   top2 idx=18251 val=8.66518
[dump]   top3 idx=15948 val=6.98017
[dump]   top4 idx=19312 val=6.95954
[dump] L03.att    n=2560    finite=1 absmax=0.42472      mean=-0.0039034   sumsq=17.97531486        argmax=2442
[dump]   top0 idx=2442 val=0.42472
[dump]   top1 idx=551 val=0.31679
[dump]   top2 idx=1890 val=0.28437
[dump]   top3 idx=1930 val=0.26397
[dump]   top4 idx=1395 val=0.25752
[dump] L03.fmix   n=2560    finite=1 absmax=4.2505       mean=0.0059108    sumsq=679.7076101        argmax=67
[dump]   top0 idx=67 val=2.23494
[dump]   top1 idx=728 val=1.95769
[dump]   top2 idx=1930 val=1.93334
[dump]   top3 idx=631 val=1.87196
[dump]   top4 idx=259 val=1.74235
[dump] L03.mid    n=10      finite=1 absmax=0 mean=0 sumsq=0 ids: 101 504 365 190 318 143 231 455 8 441
[dump] L03.moe    n=2560    finite=1 absmax=0.048522     mean=0.00015972   sumsq=0.2910620351       argmax=949
[dump]   top0 idx=949 val=0.04852
[dump]   top1 idx=2140 val=0.04256
[dump]   top2 idx=1096 val=0.03661
[dump]   top3 idx=2172 val=0.03392
[dump]   top4 idx=544 val=0.02992
[dump] L03.res    n=20480   finite=1 absmax=16.568       mean=0.019006     sumsq=16901.21255        argmax=15365
[dump]   top0 idx=15365 val=16.56824
[dump]   top1 idx=15948 val=12.82424
[dump]   top2 idx=16088 val=10.86131
[dump]   top3 idx=18012 val=9.84841
[dump]   top4 idx=16565 val=9.54398
[dump] L04.att    n=2560    finite=1 absmax=0.41243      mean=-0.00017957  sumsq=16.03481654        argmax=1653
[dump]   top0 idx=1653 val=0.41243
[dump]   top1 idx=631 val=0.30822
[dump]   top2 idx=2433 val=0.30150
[dump]   top3 idx=372 val=0.29795
[dump]   top4 idx=245 val=0.24612
[dump] L04.fmix   n=2560    finite=1 absmax=3.8952       mean=0.011752     sumsq=793.5820055        argmax=1521
[dump]   top0 idx=1521 val=1.99318
[dump]   top1 idx=1205 val=1.87284
[dump]   top2 idx=418 val=1.80383
[dump]   top3 idx=67 val=1.76228
[dump]   top4 idx=1930 val=1.75911
[dump] L04.mid    n=10      finite=1 absmax=0 mean=0 sumsq=0 ids: 106 41 410 496 320 500 252 209 274 453
[dump] L04.moe    n=2560    finite=1 absmax=0.063336     mean=-8.517e-06   sumsq=0.3109680228       argmax=1653
[dump]   top0 idx=1653 val=0.06334
[dump]   top1 idx=1199 val=0.04135
[dump]   top2 idx=579 val=0.03721
[dump]   top3 idx=2083 val=0.03562
[dump]   top4 idx=1185 val=0.03455
[dump] L04.res    n=20480   finite=1 absmax=22.163       mean=0.015435     sumsq=15742.34477        argmax=19573
[dump]   top0 idx=19573 val=22.16277
[dump]   top1 idx=15365 val=13.54502
[dump]   top2 idx=15948 val=12.67301
[dump]   top3 idx=16088 val=12.56291
[dump]   top4 idx=16311 val=9.74184
[dump] L05.att    n=2560    finite=1 absmax=0.46336      mean=-0.0014479   sumsq=14.95942126        argmax=593
[dump]   top0 idx=593 val=0.35201
[dump]   top1 idx=1134 val=0.32269
[dump]   top2 idx=1897 val=0.31605
[dump]   top3 idx=1205 val=0.30301
[dump]   top4 idx=1770 val=0.29176
[dump] L05.fmix   n=2560    finite=1 absmax=2.265        mean=0.010114     sumsq=622.8839063        argmax=631
[dump]   top0 idx=631 val=2.26503
[dump]   top1 idx=1205 val=1.79269
[dump]   top2 idx=753 val=1.65740
[dump]   top3 idx=1521 val=1.58471
[dump]   top4 idx=1512 val=1.49664
[dump] L05.mid    n=10      finite=1 absmax=0 mean=0 sumsq=0 ids: 446 344 169 314 236 468 471 291 302 49
[dump] L05.moe    n=2560    finite=1 absmax=0.036897     mean=0.00029038   sumsq=0.2029397574       argmax=885
[dump]   top0 idx=885 val=0.03690
[dump]   top1 idx=2533 val=0.03467
[dump]   top2 idx=2505 val=0.03156
[dump]   top3 idx=192 val=0.02935
[dump]   top4 idx=2314 val=0.02900
[dump] L05.res    n=20480   finite=1 absmax=15.893       mean=0.016846     sumsq=13841.47521        argmax=15365
[dump]   top0 idx=15365 val=15.89316
[dump]   top1 idx=16088 val=14.46950
[dump]   top2 idx=15948 val=10.42644
[dump]   top3 idx=18012 val=9.71179
[dump]   top4 idx=17702 val=9.11717
[dump] L06.att    n=2560    finite=1 absmax=1.1325       mean=-0.0013022   sumsq=54.85153691        argmax=951
[dump]   top0 idx=951 val=1.13252
[dump]   top1 idx=482 val=1.12465
[dump]   top2 idx=728 val=0.74362
[dump]   top3 idx=1682 val=0.59553
[dump]   top4 idx=1359 val=0.57153
[dump] L06.fmix   n=2560    finite=1 absmax=2.952        mean=0.015338     sumsq=898.3072051        argmax=631
[dump]   top0 idx=631 val=2.52782
[dump]   top1 idx=1521 val=2.02558
[dump]   top2 idx=1523 val=1.97205
[dump]   top3 idx=67 val=1.93949
[dump]   top4 idx=1512 val=1.81079
[dump] L06.mid    n=10      finite=1 absmax=0 mean=0 sumsq=0 ids: 51 152 159 91 432 109 165 375 123 223
[dump] L06.moe    n=2560    finite=1 absmax=0.064186     mean=0.00056675   sumsq=0.3414823734       argmax=2453
[dump]   top0 idx=2453 val=0.06419
[dump]   top1 idx=528 val=0.04678
[dump]   top2 idx=1716 val=0.04539
[dump]   top3 idx=513 val=0.04435
[dump]   top4 idx=1102 val=0.04433
[dump] L06.res    n=20480   finite=1 absmax=14.267       mean=0.014551     sumsq=7722.933262        argmax=15365
[dump]   top0 idx=15365 val=14.26680
[dump]   top1 idx=16088 val=8.81933
[dump]   top2 idx=15948 val=6.84709
[dump]   top3 idx=17702 val=6.71351
[dump]   top4 idx=10722 val=6.23505
[dump] L07.att    n=2560    finite=1 absmax=0.6869       mean=0.0011041    sumsq=30.11197116        argmax=2293
[dump]   top0 idx=2293 val=0.48984
[dump]   top1 idx=2180 val=0.45863
[dump]   top2 idx=1795 val=0.41988
[dump]   top3 idx=1076 val=0.40657
[dump]   top4 idx=47 val=0.39772
[dump] L07.fmix   n=2560    finite=1 absmax=2.206        mean=0.019248     sumsq=674.2245729        argmax=1521
[dump]   top0 idx=1521 val=1.73362
[dump]   top1 idx=2433 val=1.68189
[dump]   top2 idx=259 val=1.58990
[dump]   top3 idx=631 val=1.53331
[dump]   top4 idx=205 val=1.48502
[dump] L07.mid    n=10      finite=1 absmax=0 mean=0 sumsq=0 ids: 87 242 445 358 252 193 191 8 194 163
[dump] L07.moe    n=2560    finite=1 absmax=0.049282     mean=0.00028749   sumsq=0.2836662595       argmax=2453
[dump]   top0 idx=2453 val=0.04068
[dump]   top1 idx=757 val=0.03677
[dump]   top2 idx=2258 val=0.03584
[dump]   top3 idx=526 val=0.03426
[dump]   top4 idx=1712 val=0.03369
[dump] L07.res    n=20480   finite=1 absmax=13.416       mean=0.025297     sumsq=16817.67095        argmax=13987
[dump]   top0 idx=13987 val=10.77648
[dump]   top1 idx=16088 val=8.62989
[dump]   top2 idx=17702 val=8.04639
[dump]   top3 idx=15948 val=7.96997
[dump]   top4 idx=18551 val=7.91009
[dump] L08.att    n=2560    finite=1 absmax=0.099425     mean=0.00011476   sumsq=1.489584304        argmax=799
[dump]   top0 idx=799 val=0.09942
[dump]   top1 idx=1499 val=0.08979
[dump]   top2 idx=582 val=0.08848
[dump]   top3 idx=706 val=0.08309
[dump]   top4 idx=1043 val=0.08214
[dump] L08.fmix   n=2560    finite=1 absmax=2.4797       mean=0.026926     sumsq=685.5133484        argmax=631
[dump]   top0 idx=631 val=2.47974
[dump]   top1 idx=2433 val=1.71539
[dump]   top2 idx=1930 val=1.63571
[dump]   top3 idx=744 val=1.61197
[dump]   top4 idx=1899 val=1.54383
[dump] L08.mid    n=10      finite=1 absmax=0 mean=0 sumsq=0 ids: 263 181 134 360 462 175 46 183 219 28
[dump] L08.moe    n=2560    finite=1 absmax=0.043603     mean=-0.00037879  sumsq=0.4623271659       argmax=3
[dump]   top0 idx=3 val=0.04354
[dump]   top1 idx=1388 val=0.03980
[dump]   top2 idx=1153 val=0.03973
[dump]   top3 idx=1595 val=0.03865
[dump]   top4 idx=2075 val=0.03845
[dump] L08.res    n=20480   finite=1 absmax=11.529       mean=0.014859     sumsq=11669.04862        argmax=16088
[dump]   top0 idx=16088 val=11.52868
[dump]   top1 idx=15365 val=8.46396
[dump]   top2 idx=18012 val=7.03913
[dump]   top3 idx=16747 val=6.74979
[dump]   top4 idx=16565 val=6.28568
[dump] L09.att    n=2560    finite=1 absmax=0.34784      mean=0.0025287    sumsq=17.14986911        argmax=2393
[dump]   top0 idx=2393 val=0.34784
[dump]   top1 idx=1332 val=0.29146
[dump]   top2 idx=1378 val=0.28358
[dump]   top3 idx=1413 val=0.27881
[dump]   top4 idx=149 val=0.26060
[dump] L09.fmix   n=2560    finite=1 absmax=2.5066       mean=0.027622     sumsq=723.4705311        argmax=92
[dump]   top0 idx=92 val=2.50658
[dump]   top1 idx=1205 val=2.12946
[dump]   top2 idx=2433 val=1.91461
[dump]   top3 idx=631 val=1.70727
[dump]   top4 idx=1180 val=1.55049
[dump] L09.mid    n=10      finite=1 absmax=0 mean=0 sumsq=0 ids: 264 430 142 376 478 68 153 26 488 218
[dump] L09.moe    n=2560    finite=1 absmax=0.037123     mean=6.5407e-05   sumsq=0.2734011772       argmax=1395
[dump]   top0 idx=1395 val=0.03594
[dump]   top1 idx=105 val=0.03410
[dump]   top2 idx=1652 val=0.03274
[dump]   top3 idx=705 val=0.03154
[dump]   top4 idx=2206 val=0.03142
[dump] L09.res    n=20480   finite=1 absmax=14.512       mean=0.018994     sumsq=13386.94746        argmax=16088
[dump]   top0 idx=16088 val=14.06238
[dump]   top1 idx=15948 val=9.54474
[dump]   top2 idx=15778 val=7.92213
[dump]   top3 idx=15365 val=7.49881
[dump]   top4 idx=19715 val=7.42649
[dump] L10.att    n=2560    finite=1 absmax=0.37592      mean=-8.6407e-05  sumsq=17.28624563        argmax=728
[dump]   top0 idx=728 val=0.37592
[dump]   top1 idx=1912 val=0.34278
[dump]   top2 idx=508 val=0.33728
[dump]   top3 idx=816 val=0.32568
[dump]   top4 idx=482 val=0.29725
[dump] L10.fmix   n=2560    finite=1 absmax=1.9164       mean=0.020331     sumsq=621.1032889        argmax=631
[dump]   top0 idx=631 val=1.89628
[dump]   top1 idx=92 val=1.85887
[dump]   top2 idx=1512 val=1.65970
[dump]   top3 idx=2433 val=1.63611
[dump]   top4 idx=1225 val=1.54886
[dump] L10.mid    n=10      finite=1 absmax=0 mean=0 sumsq=0 ids: 355 461 97 495 417 387 373 322 404 18
[dump] L10.moe    n=2560    finite=1 absmax=0.03709      mean=-0.00026559  sumsq=0.2993035586       argmax=618
[dump]   top0 idx=618 val=0.03513
[dump]   top1 idx=2105 val=0.03505
[dump]   top2 idx=86 val=0.03497
[dump]   top3 idx=1253 val=0.03374
[dump]   top4 idx=2097 val=0.03239
[dump] L10.res    n=20480   finite=1 absmax=9.9819       mean=0.011272     sumsq=7153.850706        argmax=15365
[dump]   top0 idx=15365 val=9.98194
[dump]   top1 idx=16088 val=9.75290
[dump]   top2 idx=16311 val=9.18799
[dump]   top3 idx=17598 val=7.47188
[dump]   top4 idx=15778 val=6.06351
[dump] L11.att    n=2560    finite=1 absmax=0.398        mean=0.0010863    sumsq=20.51673646        argmax=2448
[dump]   top0 idx=2448 val=0.29800
[dump]   top1 idx=892 val=0.28847
[dump]   top2 idx=480 val=0.28028
[dump]   top3 idx=1913 val=0.27621
[dump]   top4 idx=2206 val=0.27481
[dump] L11.fmix   n=2560    finite=1 absmax=2.7667       mean=0.014428     sumsq=623.6530838        argmax=631
[dump]   top0 idx=631 val=2.76672
[dump]   top1 idx=2433 val=1.76421
[dump]   top2 idx=92 val=1.62301
[dump]   top3 idx=1512 val=1.57661
[dump]   top4 idx=1182 val=1.49757
[dump] L11.mid    n=10      finite=1 absmax=0 mean=0 sumsq=0 ids: 323 418 508 166 261 273 430 48 371 108
[dump] L11.moe    n=2560    finite=1 absmax=0.047939     mean=-0.00030494  sumsq=0.4360955988       argmax=1957
[dump]   top0 idx=1957 val=0.04375
[dump]   top1 idx=1642 val=0.03908
[dump]   top2 idx=1572 val=0.03828
[dump]   top3 idx=371 val=0.03623
[dump]   top4 idx=2360 val=0.03617
[dump] L11.res    n=20480   finite=1 absmax=14.159       mean=0.011206     sumsq=13744.88875        argmax=16088
[dump]   top0 idx=16088 val=14.15910
[dump]   top1 idx=15365 val=8.33190
[dump]   top2 idx=16311 val=7.54319
[dump]   top3 idx=15778 val=7.52528
[dump]   top4 idx=11422 val=6.59896
[dump] L12.att    n=2560    finite=1 absmax=0.37731      mean=-0.00066215  sumsq=18.69708925        argmax=728
[dump]   top0 idx=728 val=0.30952
[dump]   top1 idx=1432 val=0.30639
[dump]   top2 idx=539 val=0.29161
[dump]   top3 idx=729 val=0.27948
[dump]   top4 idx=1741 val=0.27750
[dump] L12.fmix   n=2560    finite=1 absmax=2.3031       mean=0.012881     sumsq=648.8796402        argmax=631
[dump]   top0 idx=631 val=2.30308
[dump]   top1 idx=2433 val=1.86731
[dump]   top2 idx=1205 val=1.83377
[dump]   top3 idx=65 val=1.77273
[dump]   top4 idx=92 val=1.74663
[dump] L12.mid    n=10      finite=1 absmax=0 mean=0 sumsq=0 ids: 421 0 433 63 277 283 390 21 52 37
[dump] L12.moe    n=2560    finite=1 absmax=0.049264     mean=-0.00020109  sumsq=0.2365887728       argmax=667
[dump]   top0 idx=667 val=0.03647
[dump]   top1 idx=915 val=0.03371
[dump]   top2 idx=761 val=0.03134
[dump]   top3 idx=235 val=0.03002
[dump]   top4 idx=2324 val=0.02878
[dump] L12.res    n=20480   finite=1 absmax=11.3         mean=0.0073004    sumsq=13745.71898        argmax=16088
[dump]   top0 idx=16088 val=11.30039
[dump]   top1 idx=17671 val=8.24285
[dump]   top2 idx=16747 val=7.42276
[dump]   top3 idx=16565 val=7.10762
[dump]   top4 idx=17101 val=6.99856
[dump] L13.att    n=2560    finite=1 absmax=0.2466       mean=0.00023897   sumsq=6.818163756        argmax=728
[dump]   top0 idx=728 val=0.24660
[dump]   top1 idx=951 val=0.23846
[dump]   top2 idx=1795 val=0.22017
[dump]   top3 idx=2445 val=0.20278
[dump]   top4 idx=788 val=0.17924
[dump] L13.fmix   n=2560    finite=1 absmax=2.1779       mean=-0.0001511   sumsq=620.4245362        argmax=728
[dump]   top0 idx=728 val=2.17786
[dump]   top1 idx=951 val=1.87572
[dump]   top2 idx=1301 val=1.75583
[dump]   top3 idx=1616 val=1.63594
[dump]   top4 idx=2453 val=1.59191
[dump] L13.mid    n=10      finite=1 absmax=0 mean=0 sumsq=0 ids: 259 387 265 97 273 357 91 468 93 224
[dump] L13.moe    n=2560    finite=1 absmax=0.066018     mean=-4.73e-05    sumsq=0.9123236816       argmax=2480
[dump]   top0 idx=2480 val=0.06568
[dump]   top1 idx=2401 val=0.05737
[dump]   top2 idx=1977 val=0.05696
[dump]   top3 idx=2378 val=0.05639
[dump]   top4 idx=2525 val=0.05636
[dump] L13.res    n=20480   finite=1 absmax=12.956       mean=0.0087228    sumsq=15344.8961         argmax=16311
[dump]   top0 idx=16311 val=12.95605
[dump]   top1 idx=16088 val=11.86575
[dump]   top2 idx=16747 val=8.24556
[dump]   top3 idx=15778 val=7.56063
[dump]   top4 idx=17671 val=7.41917
[dump] L14.att    n=2560    finite=1 absmax=0.44005      mean=0.00092531   sumsq=18.26562751        argmax=482
[dump]   top0 idx=482 val=0.44005
[dump]   top1 idx=2433 val=0.41828
[dump]   top2 idx=689 val=0.41519
[dump]   top3 idx=360 val=0.37810
[dump]   top4 idx=2215 val=0.37207
[dump] L14.fmix   n=2560    finite=1 absmax=2.1854       mean=0.0081352    sumsq=686.0750457        argmax=631
[dump]   top0 idx=631 val=2.18537
[dump]   top1 idx=728 val=2.14316
[dump]   top2 idx=1512 val=1.91019
[dump]   top3 idx=1616 val=1.78871
[dump]   top4 idx=1482 val=1.73621
[dump] L14.mid    n=10      finite=1 absmax=0 mean=0 sumsq=0 ids: 335 398 506 212 473 138 312 151 108 409
[dump] L14.moe    n=2560    finite=1 absmax=0.030436     mean=-0.0002945   sumsq=0.1239841742       argmax=1827
[dump]   top0 idx=1827 val=0.03044
[dump]   top1 idx=875 val=0.02702
[dump]   top2 idx=1039 val=0.02602
[dump]   top3 idx=1603 val=0.02481
[dump]   top4 idx=162 val=0.02199
[dump] L14.res    n=20480   finite=1 absmax=11.015       mean=0.0060857    sumsq=7343.593598        argmax=16088
[dump]   top0 idx=16088 val=11.01461
[dump]   top1 idx=15365 val=8.35504
[dump]   top2 idx=16747 val=5.36996
[dump]   top3 idx=16311 val=5.34805
[dump]   top4 idx=17598 val=5.08312
[dump] L15.att    n=2560    finite=1 absmax=0.37867      mean=-0.0027789   sumsq=14.56633601        argmax=1359
[dump]   top0 idx=1359 val=0.37867
[dump]   top1 idx=1879 val=0.31020
[dump]   top2 idx=808 val=0.28791
[dump]   top3 idx=1716 val=0.26495
[dump]   top4 idx=1227 val=0.25885
[dump] L15.fmix   n=2560    finite=1 absmax=4.4981       mean=-0.0093517   sumsq=1517.247818        argmax=728
[dump]   top0 idx=728 val=4.49814
[dump]   top1 idx=2238 val=2.85990
[dump]   top2 idx=1512 val=2.52196
[dump]   top3 idx=836 val=2.51593
[dump]   top4 idx=320 val=2.50708
[dump] L15.mid    n=10      finite=1 absmax=0 mean=0 sumsq=0 ids: 494 289 207 405 288 192 174 283 199 33
[dump] L15.moe    n=2560    finite=1 absmax=0.051647     mean=-2.4589e-05  sumsq=0.451760101        argmax=1408
[dump]   top0 idx=1408 val=0.05165
[dump]   top1 idx=158 val=0.04986
[dump]   top2 idx=652 val=0.04684
[dump]   top3 idx=654 val=0.04318
[dump]   top4 idx=282 val=0.04030
[dump] L15.res    n=20480   finite=1 absmax=13.657       mean=0.0011586    sumsq=17610.75348        argmax=16311
[dump]   top0 idx=16311 val=13.65691
[dump]   top1 idx=16088 val=10.30316
[dump]   top2 idx=17671 val=9.69000
[dump]   top3 idx=16747 val=9.49565
[dump]   top4 idx=17101 val=9.22038
[dump] L16.att    n=2560    finite=1 absmax=0.23402      mean=-0.0009374   sumsq=6.033103712        argmax=2057
[dump]   top0 idx=2057 val=0.23402
[dump]   top1 idx=2184 val=0.17764
[dump]   top2 idx=713 val=0.17603
[dump]   top3 idx=2054 val=0.16806
[dump]   top4 idx=1076 val=0.16332
[dump] L16.fmix   n=2560    finite=1 absmax=2.634        mean=-0.010588    sumsq=1243.261668        argmax=1512
[dump]   top0 idx=1512 val=2.49514
[dump]   top1 idx=320 val=2.47442
[dump]   top2 idx=836 val=2.13266
[dump]   top3 idx=667 val=2.05476
[dump]   top4 idx=2480 val=2.04478
[dump] L16.mid    n=10      finite=1 absmax=0 mean=0 sumsq=0 ids: 243 228 58 272 391 263 278 142 487 429
[dump] L16.moe    n=2560    finite=1 absmax=0.06065      mean=-4.2727e-06  sumsq=0.6339195619       argmax=2532
[dump]   top0 idx=2532 val=0.06065
[dump]   top1 idx=1058 val=0.04699
[dump]   top2 idx=333 val=0.04563
[dump]   top3 idx=812 val=0.04541
[dump]   top4 idx=1383 val=0.04469
[dump] L16.res    n=20480   finite=1 absmax=10.476       mean=0.00082752   sumsq=16535.03091        argmax=16088
[dump]   top0 idx=16088 val=10.47625
[dump]   top1 idx=15778 val=10.13343
[dump]   top2 idx=16311 val=8.34739
[dump]   top3 idx=16747 val=8.03496
[dump]   top4 idx=17598 val=7.76300
[dump] L17.att    n=2560    finite=1 absmax=0.23777      mean=0.00048587   sumsq=4.857274537        argmax=1984
[dump]   top0 idx=1984 val=0.23777
[dump]   top1 idx=394 val=0.18058
[dump]   top2 idx=871 val=0.18024
[dump]   top3 idx=177 val=0.17167
[dump]   top4 idx=223 val=0.13666
[dump] L17.fmix   n=2560    finite=1 absmax=2.1979       mean=-0.0068269   sumsq=1000.765083        argmax=1512
[dump]   top0 idx=1512 val=1.98008
[dump]   top1 idx=812 val=1.92723
[dump]   top2 idx=1482 val=1.91265
[dump]   top3 idx=788 val=1.77131
[dump]   top4 idx=793 val=1.75963
[dump] L17.mid    n=10      finite=1 absmax=0 mean=0 sumsq=0 ids: 136 499 486 363 139 209 84 471 422 365
[dump] L17.moe    n=2560    finite=1 absmax=0.038025     mean=0.00031747   sumsq=0.2532301005       argmax=946
[dump]   top0 idx=946 val=0.03802
[dump]   top1 idx=928 val=0.03613
[dump]   top2 idx=1696 val=0.03277
[dump]   top3 idx=268 val=0.03054
[dump]   top4 idx=290 val=0.03044
[dump] L17.res    n=20480   finite=1 absmax=14.088       mean=0.0074391    sumsq=16375.4759         argmax=16088
[dump]   top0 idx=16088 val=14.08794
[dump]   top1 idx=16311 val=10.83697
[dump]   top2 idx=10748 val=9.40225
[dump]   top3 idx=16747 val=8.89818
[dump]   top4 idx=16565 val=8.59186
[dump] L18.att    n=2560    finite=1 absmax=0.29639      mean=-0.00067188  sumsq=5.959524743        argmax=482
[dump]   top0 idx=482 val=0.29639
[dump]   top1 idx=167 val=0.21326
[dump]   top2 idx=1509 val=0.17961
[dump]   top3 idx=689 val=0.17756
[dump]   top4 idx=784 val=0.17524
[dump] L18.fmix   n=2560    finite=1 absmax=2.5424       mean=0.0059259    sumsq=902.4168829        argmax=65
[dump]   top0 idx=65 val=2.19697
[dump]   top1 idx=588 val=2.18371
[dump]   top2 idx=631 val=2.10496
[dump]   top3 idx=1616 val=2.05684
[dump]   top4 idx=2491 val=2.00351
[dump] L18.mid    n=10      finite=1 absmax=0 mean=0 sumsq=0 ids: 131 264 29 211 448 353 347 101 24 201
[dump] L18.moe    n=2560    finite=1 absmax=0.047186     mean=0.00014232   sumsq=0.3457273659       argmax=2356
[dump]   top0 idx=2356 val=0.04719
[dump]   top1 idx=2198 val=0.04123
[dump]   top2 idx=86 val=0.03476
[dump]   top3 idx=1180 val=0.03468
[dump]   top4 idx=964 val=0.03271
[dump] L18.res    n=20480   finite=1 absmax=11.373       mean=0.006608     sumsq=7754.552509        argmax=16088
[dump]   top0 idx=16088 val=11.37263
[dump]   top1 idx=17101 val=8.16232
[dump]   top2 idx=15365 val=7.63877
[dump]   top3 idx=16311 val=7.46597
[dump]   top4 idx=10722 val=6.97367
[dump] L19.att    n=2560    finite=1 absmax=0.45292      mean=0.0011948    sumsq=17.7674978         argmax=1227
[dump]   top0 idx=1227 val=0.43315
[dump]   top1 idx=694 val=0.35056
[dump]   top2 idx=742 val=0.34372
[dump]   top3 idx=356 val=0.33390
[dump]   top4 idx=2359 val=0.33364
[dump] L19.fmix   n=2560    finite=1 absmax=2.331        mean=0.0033224    sumsq=1171.437361        argmax=2390
[dump]   top0 idx=2390 val=2.21999
[dump]   top1 idx=2499 val=2.01053
[dump]   top2 idx=2261 val=1.97963
[dump]   top3 idx=1171 val=1.94148
[dump]   top4 idx=667 val=1.93215
[dump] L19.mid    n=10      finite=1 absmax=0 mean=0 sumsq=0 ids: 31 121 377 222 315 291 490 162 173 434
[dump] L19.moe    n=2560    finite=1 absmax=0.040375     mean=0.00054346   sumsq=0.29510473         argmax=105
[dump]   top0 idx=105 val=0.03827
[dump]   top1 idx=1466 val=0.03675
[dump]   top2 idx=1461 val=0.03509
[dump]   top3 idx=797 val=0.03459
[dump]   top4 idx=25 val=0.03417
[dump] L19.res    n=20480   finite=1 absmax=15.432       mean=0.016824     sumsq=18221.41335        argmax=16311
[dump]   top0 idx=16311 val=15.43243
[dump]   top1 idx=17598 val=12.38753
[dump]   top2 idx=16088 val=10.61857
[dump]   top3 idx=17671 val=7.29994
[dump]   top4 idx=16747 val=7.08573
[dump] L20.att    n=2560    finite=1 absmax=0.5733       mean=-0.0024393   sumsq=18.12207433        argmax=717
[dump]   top0 idx=717 val=0.41389
[dump]   top1 idx=1641 val=0.39811
[dump]   top2 idx=1132 val=0.35256
[dump]   top3 idx=2293 val=0.33288
[dump]   top4 idx=1653 val=0.31262
[dump] L20.fmix   n=2560    finite=1 absmax=3.5277       mean=0.011771     sumsq=1421.958096        argmax=1466
[dump]   top0 idx=1466 val=2.92525
[dump]   top1 idx=2481 val=2.22500
[dump]   top2 idx=1171 val=2.21019
[dump]   top3 idx=1918 val=2.14954
[dump]   top4 idx=2261 val=2.10637
[dump] L20.mid    n=10      finite=1 absmax=0 mean=0 sumsq=0 ids: 485 387 442 179 258 296 388 307 40 363
[dump] L20.moe    n=2560    finite=1 absmax=0.050947     mean=0.00056307   sumsq=0.4377206423       argmax=662
[dump]   top0 idx=662 val=0.05095
[dump]   top1 idx=391 val=0.04234
[dump]   top2 idx=1450 val=0.04078
[dump]   top3 idx=1570 val=0.03839
[dump]   top4 idx=2124 val=0.03672
[dump] L20.res    n=20480   finite=1 absmax=11.855       mean=0.019955     sumsq=20792.16123        argmax=16088
[dump]   top0 idx=16088 val=11.85543
[dump]   top1 idx=15948 val=10.11264
[dump]   top2 idx=17671 val=9.76938
[dump]   top3 idx=15755 val=9.67258
[dump]   top4 idx=16747 val=9.08648
[dump] L21.att    n=2560    finite=1 absmax=0.29191      mean=0.0013127    sumsq=2.522468116        argmax=951
[dump]   top0 idx=951 val=0.29191
[dump]   top1 idx=192 val=0.22054
[dump]   top2 idx=728 val=0.17592
[dump]   top3 idx=508 val=0.16167
[dump]   top4 idx=993 val=0.14680
[dump] L21.fmix   n=2560    finite=1 absmax=3.574        mean=0.042709     sumsq=1392.059026        argmax=65
[dump]   top0 idx=65 val=2.60419
[dump]   top1 idx=1466 val=2.51753
[dump]   top2 idx=1918 val=2.49640
[dump]   top3 idx=1696 val=2.47990
[dump]   top4 idx=524 val=2.36395
[dump] L21.mid    n=10      finite=1 absmax=0 mean=0 sumsq=0 ids: 255 25 118 346 313 418 379 369 57 306
[dump] L21.moe    n=2560    finite=1 absmax=0.049628     mean=-1.7017e-05  sumsq=0.4727265716       argmax=465
[dump]   top0 idx=465 val=0.04963
[dump]   top1 idx=2269 val=0.04426
[dump]   top2 idx=2079 val=0.04170
[dump]   top3 idx=2233 val=0.04050
[dump]   top4 idx=2429 val=0.03984
[dump] L21.res    n=20480   finite=1 absmax=17.647       mean=0.022605     sumsq=17059.96523        argmax=15365
[dump]   top0 idx=15365 val=17.64741
[dump]   top1 idx=15948 val=12.55799
[dump]   top2 idx=15991 val=10.37136
[dump]   top3 idx=17279 val=10.29832
[dump]   top4 idx=17702 val=10.04722
[dump] L22.att    n=2560    finite=1 absmax=0.65944      mean=0.00087225   sumsq=7.587612161        argmax=268
[dump]   top0 idx=268 val=0.65944
[dump]   top1 idx=2238 val=0.39474
[dump]   top2 idx=728 val=0.36148
[dump]   top3 idx=951 val=0.33610
[dump]   top4 idx=631 val=0.29780
[dump] L22.fmix   n=2560    finite=1 absmax=3.4439       mean=0.029514     sumsq=1028.490366        argmax=65
[dump]   top0 idx=65 val=2.25760
[dump]   top1 idx=67 val=2.14765
[dump]   top2 idx=631 val=2.02420
[dump]   top3 idx=1857 val=2.00893
[dump]   top4 idx=2279 val=2.00825
[dump] L22.mid    n=10      finite=1 absmax=0 mean=0 sumsq=0 ids: 279 301 504 50 364 454 460 287 355 135
[dump] L22.moe    n=2560    finite=1 absmax=0.066341     mean=-3.5924e-05  sumsq=0.5369148364       argmax=1313
[dump]   top0 idx=1313 val=0.06634
[dump]   top1 idx=227 val=0.05523
[dump]   top2 idx=1237 val=0.05389
[dump]   top3 idx=1634 val=0.05014
[dump]   top4 idx=1273 val=0.04981
[dump] L22.res    n=20480   finite=1 absmax=12.247       mean=0.015862     sumsq=10908.88727        argmax=15365
[dump]   top0 idx=15365 val=12.24676
[dump]   top1 idx=16153 val=9.42423
[dump]   top2 idx=16088 val=9.31415
[dump]   top3 idx=16311 val=8.89408
[dump]   top4 idx=17101 val=8.07218
[dump] L23.att    n=2560    finite=1 absmax=0.41673      mean=0.0011278    sumsq=13.21227193        argmax=2517
[dump]   top0 idx=2517 val=0.32069
[dump]   top1 idx=784 val=0.30439
[dump]   top2 idx=86 val=0.29913
[dump]   top3 idx=1790 val=0.28518
[dump]   top4 idx=1135 val=0.28148
[dump] L23.fmix   n=2560    finite=1 absmax=2.8785       mean=0.024655     sumsq=1573.24574         argmax=2215
[dump]   top0 idx=2215 val=2.62937
[dump]   top1 idx=1171 val=2.58773
[dump]   top2 idx=1696 val=2.50336
[dump]   top3 idx=1798 val=2.49403
[dump]   top4 idx=98 val=2.47289
[dump] L23.mid    n=10      finite=1 absmax=0 mean=0 sumsq=0 ids: 356 128 480 355 45 342 477 354 107 334
[dump] L23.moe    n=2560    finite=1 absmax=0.083491     mean=0.00019938   sumsq=1.222582944        argmax=1354
[dump]   top0 idx=1354 val=0.08349
[dump]   top1 idx=1301 val=0.07921
[dump]   top2 idx=1525 val=0.07295
[dump]   top3 idx=2139 val=0.06764
[dump]   top4 idx=2286 val=0.06260
[dump] L23.res    n=20480   finite=1 absmax=15.929       mean=0.025289     sumsq=16860.25052        argmax=15991
[dump]   top0 idx=15991 val=11.10564
[dump]   top1 idx=16088 val=10.71898
[dump]   top2 idx=16565 val=8.50717
[dump]   top3 idx=15948 val=8.43869
[dump]   top4 idx=16747 val=8.38410
[dump] L24.att    n=2560    finite=1 absmax=0.13932      mean=-0.00023076  sumsq=1.59053998         argmax=1586
[dump]   top0 idx=1586 val=0.10738
[dump]   top1 idx=895 val=0.10583
[dump]   top2 idx=799 val=0.09942
[dump]   top3 idx=92 val=0.09802
[dump]   top4 idx=36 val=0.08974
[dump] L24.fmix   n=2560    finite=1 absmax=2.6608       mean=0.024101     sumsq=834.4325368        argmax=631
[dump]   top0 idx=631 val=2.66080
[dump]   top1 idx=25 val=1.85526
[dump]   top2 idx=1466 val=1.79256
[dump]   top3 idx=65 val=1.78222
[dump]   top4 idx=1696 val=1.71918
[dump] L24.mid    n=10      finite=1 absmax=0 mean=0 sumsq=0 ids: 263 134 175 354 181 360 11 231 458 46
[dump] L24.moe    n=2560    finite=1 absmax=0.041908     mean=0.00026514   sumsq=0.2916973835       argmax=2504
[dump]   top0 idx=2504 val=0.04096
[dump]   top1 idx=288 val=0.03973
[dump]   top2 idx=81 val=0.03658
[dump]   top3 idx=1792 val=0.03619
[dump]   top4 idx=1486 val=0.03467
[dump] L24.res    n=20480   finite=1 absmax=13.847       mean=0.014511     sumsq=12806.31927        argmax=16088
[dump]   top0 idx=16088 val=13.84733
[dump]   top1 idx=17598 val=8.52157
[dump]   top2 idx=15365 val=7.88576
[dump]   top3 idx=16747 val=7.39925
[dump]   top4 idx=17116 val=6.95305
[dump] L25.att    n=2560    finite=1 absmax=0.49613      mean=-2.6745e-06  sumsq=7.407806811        argmax=951
[dump]   top0 idx=951 val=0.49613
[dump]   top1 idx=993 val=0.24200
[dump]   top2 idx=914 val=0.21324
[dump]   top3 idx=1378 val=0.20331
[dump]   top4 idx=2238 val=0.19971
[dump] L25.fmix   n=2560    finite=1 absmax=2.0469       mean=0.028782     sumsq=815.3415957        argmax=2141
[dump]   top0 idx=2141 val=2.04691
[dump]   top1 idx=25 val=1.77510
[dump]   top2 idx=1918 val=1.71634
[dump]   top3 idx=746 val=1.70819
[dump]   top4 idx=98 val=1.69576
[dump] L25.mid    n=10      finite=1 absmax=0 mean=0 sumsq=0 ids: 376 346 264 68 506 427 430 142 73 478
[dump] L25.moe    n=2560    finite=1 absmax=0.035394     mean=2.0106e-05   sumsq=0.2491525059       argmax=402
[dump]   top0 idx=402 val=0.03394
[dump]   top1 idx=2462 val=0.03075
[dump]   top2 idx=255 val=0.02888
[dump]   top3 idx=1780 val=0.02868
[dump]   top4 idx=236 val=0.02821
[dump] L25.res    n=20480   finite=1 absmax=16.508       mean=0.015201     sumsq=14837.29931        argmax=16088
[dump]   top0 idx=16088 val=16.50849
[dump]   top1 idx=17101 val=8.98077
[dump]   top2 idx=15991 val=8.97768
[dump]   top3 idx=16311 val=8.84669
[dump]   top4 idx=15948 val=8.18598
[dump] L26.att    n=2560    finite=1 absmax=0.30628      mean=-0.00070417  sumsq=9.759946576        argmax=519
[dump]   top0 idx=519 val=0.30628
[dump]   top1 idx=728 val=0.26967
[dump]   top2 idx=2203 val=0.26522
[dump]   top3 idx=177 val=0.23422
[dump]   top4 idx=1883 val=0.21450
[dump] L26.fmix   n=2560    finite=1 absmax=2.0887       mean=0.020464     sumsq=745.0037862        argmax=746
[dump]   top0 idx=746 val=2.08873
[dump]   top1 idx=849 val=1.81813
[dump]   top2 idx=2233 val=1.74747
[dump]   top3 idx=25 val=1.72301
[dump]   top4 idx=1466 val=1.65110
[dump] L26.mid    n=10      finite=1 absmax=0 mean=0 sumsq=0 ids: 461 355 97 243 296 417 313 384 320 203
[dump] L26.moe    n=2560    finite=1 absmax=0.047365     mean=-2.0407e-05  sumsq=0.459218794        argmax=1500
[dump]   top0 idx=1500 val=0.04737
[dump]   top1 idx=2054 val=0.04602
[dump]   top2 idx=1828 val=0.04351
[dump]   top3 idx=1965 val=0.04261
[dump]   top4 idx=1810 val=0.04206
[dump] L26.res    n=20480   finite=1 absmax=12.28        mean=0.010159     sumsq=7461.9299          argmax=16088
[dump]   top0 idx=16088 val=12.28009
[dump]   top1 idx=17598 val=11.66354
[dump]   top2 idx=16311 val=11.62061
[dump]   top3 idx=15365 val=9.79530
[dump]   top4 idx=17793 val=7.78639
[dump] L27.att    n=2560    finite=1 absmax=0.44999      mean=0.0025038    sumsq=14.94170168        argmax=714
[dump]   top0 idx=714 val=0.31108
[dump]   top1 idx=892 val=0.29345
[dump]   top2 idx=302 val=0.27778
[dump]   top3 idx=1404 val=0.26354
[dump]   top4 idx=1341 val=0.25775
[dump] L27.fmix   n=2560    finite=1 absmax=2.3912       mean=0.022929     sumsq=807.4614986        argmax=1500
[dump]   top0 idx=1500 val=2.39121
[dump]   top1 idx=849 val=2.00154
[dump]   top2 idx=746 val=1.82440
[dump]   top3 idx=1717 val=1.78448
[dump]   top4 idx=1905 val=1.63562
[dump] L27.mid    n=10      finite=1 absmax=0 mean=0 sumsq=0 ids: 430 323 98 508 166 151 58 108 261 418
[dump] L27.moe    n=2560    finite=1 absmax=0.033559     mean=0.00035929   sumsq=0.2448243384       argmax=960
[dump]   top0 idx=960 val=0.03356
[dump]   top1 idx=1561 val=0.03256
[dump]   top2 idx=2530 val=0.03161
[dump]   top3 idx=886 val=0.03055
[dump]   top4 idx=2196 val=0.02977
[dump] L27.res    n=20480   finite=1 absmax=17.18        mean=0.021442     sumsq=15504.88854        argmax=16088
[dump]   top0 idx=16088 val=17.17980
[dump]   top1 idx=16311 val=10.30775
[dump]   top2 idx=17598 val=9.82844
[dump]   top3 idx=15365 val=8.10221
[dump]   top4 idx=19315 val=8.01101
[dump] L28.att    n=2560    finite=1 absmax=0.22547      mean=-0.0024118   sumsq=7.32052015         argmax=186
[dump]   top0 idx=186 val=0.20896
[dump]   top1 idx=736 val=0.20730
[dump]   top2 idx=1480 val=0.18822
[dump]   top3 idx=917 val=0.16390
[dump]   top4 idx=434 val=0.16084
[dump] L28.fmix   n=2560    finite=1 absmax=2.8168       mean=0.02889      sumsq=917.8486171        argmax=1500
[dump]   top0 idx=1500 val=2.81681
[dump]   top1 idx=849 val=2.13876
[dump]   top2 idx=1905 val=2.13849
[dump]   top3 idx=65 val=2.07737
[dump]   top4 idx=631 val=2.07283
[dump] L28.mid    n=10      finite=1 absmax=0 mean=0 sumsq=0 ids: 52 219 421 469 43 229 297 21 392 63
[dump] L28.moe    n=2560    finite=1 absmax=0.051159     mean=-0.00035975  sumsq=0.3211125666       argmax=1942
[dump]   top0 idx=1942 val=0.05116
[dump]   top1 idx=1207 val=0.03897
[dump]   top2 idx=667 val=0.03803
[dump]   top3 idx=486 val=0.03785
[dump]   top4 idx=722 val=0.03651
[dump] L28.res    n=20480   finite=1 absmax=13.248       mean=0.012943     sumsq=15603.00569        argmax=16088
[dump]   top0 idx=16088 val=13.24777
[dump]   top1 idx=17671 val=9.62452
[dump]   top2 idx=17101 val=8.74078
[dump]   top3 idx=16747 val=8.25993
[dump]   top4 idx=18587 val=7.40584
[dump] L29.att    n=2560    finite=1 absmax=0.10867      mean=-0.00061371  sumsq=1.701115617        argmax=1736
[dump]   top0 idx=1736 val=0.10709
[dump]   top1 idx=1882 val=0.09985
[dump]   top2 idx=1795 val=0.09940
[dump]   top3 idx=1925 val=0.08578
[dump]   top4 idx=1205 val=0.08544
[dump] L29.fmix   n=2560    finite=1 absmax=2.2704       mean=0.011104     sumsq=950.4117588        argmax=1717
[dump]   top0 idx=1717 val=2.06550
[dump]   top1 idx=1905 val=2.05843
[dump]   top2 idx=1500 val=1.98590
[dump]   top3 idx=849 val=1.96075
[dump]   top4 idx=2499 val=1.86611
[dump] L29.mid    n=10      finite=1 absmax=0 mean=0 sumsq=0 ids: 273 387 93 265 259 290 342 118 330 148
[dump] L29.moe    n=2560    finite=1 absmax=0.049145     mean=-3.9057e-05  sumsq=0.4130456693       argmax=525
[dump]   top0 idx=525 val=0.04914
[dump]   top1 idx=1955 val=0.04478
[dump]   top2 idx=309 val=0.04025
[dump]   top3 idx=2253 val=0.03911
[dump]   top4 idx=1599 val=0.03866
[dump] L29.res    n=20480   finite=1 absmax=17.357       mean=0.010554     sumsq=17134.85013        argmax=16311
[dump]   top0 idx=16311 val=17.35746
[dump]   top1 idx=16088 val=14.00397
[dump]   top2 idx=17598 val=9.73160
[dump]   top3 idx=16747 val=9.15430
[dump]   top4 idx=17671 val=8.38054
[dump] L30.att    n=2560    finite=1 absmax=0.39858      mean=-0.00065008  sumsq=10.00374993        argmax=993
[dump]   top0 idx=993 val=0.39858
[dump]   top1 idx=2502 val=0.32189
[dump]   top2 idx=482 val=0.29979
[dump]   top3 idx=597 val=0.20751
[dump]   top4 idx=2374 val=0.20483
[dump] L30.fmix   n=2560    finite=1 absmax=3.0598       mean=0.0085072    sumsq=1355.857899        argmax=1500
[dump]   top0 idx=1500 val=2.64149
[dump]   top1 idx=1914 val=2.36905
[dump]   top2 idx=1905 val=2.29918
[dump]   top3 idx=477 val=2.24786
[dump]   top4 idx=25 val=2.24543
[dump] L30.mid    n=10      finite=1 absmax=0 mean=0 sumsq=0 ids: 506 86 151 398 11 181 335 280 409 14
[dump] L30.moe    n=2560    finite=1 absmax=0.054761     mean=0.0001647    sumsq=0.6270006698       argmax=2095
[dump]   top0 idx=2095 val=0.05476
[dump]   top1 idx=2022 val=0.05263
[dump]   top2 idx=1850 val=0.05097
[dump]   top3 idx=2030 val=0.04865
[dump]   top4 idx=835 val=0.04813
[dump] L30.res    n=20480   finite=1 absmax=13.369       mean=0.0086019    sumsq=7741.690748        argmax=16088
[dump]   top0 idx=16088 val=13.36865
[dump]   top1 idx=15365 val=8.91276
[dump]   top2 idx=10722 val=7.04409
[dump]   top3 idx=17598 val=6.93420
[dump]   top4 idx=16311 val=6.84265
[dump] L31.att    n=2560    finite=1 absmax=0.24573      mean=-0.0023527   sumsq=9.971595812        argmax=1716
[dump]   top0 idx=1716 val=0.24573
[dump]   top1 idx=1205 val=0.22043
[dump]   top2 idx=1359 val=0.21584
[dump]   top3 idx=1776 val=0.19534
[dump]   top4 idx=2371 val=0.19139
[dump] L31.fmix   n=2560    finite=1 absmax=4.8376       mean=0.00083299   sumsq=2010.087143        argmax=728
[dump]   top0 idx=728 val=4.83761
[dump]   top1 idx=2238 val=3.76667
[dump]   top2 idx=98 val=3.52886
[dump]   top3 idx=477 val=3.40148
[dump]   top4 idx=1828 val=3.05716
[dump] L31.mid    n=10      finite=1 absmax=0 mean=0 sumsq=0 ids: 494 283 289 156 405 311 399 302 207 449
[dump] L31.moe    n=2560    finite=1 absmax=0.069837     mean=0.00046673   sumsq=0.8456957956       argmax=1212
[dump]   top0 idx=1212 val=0.06984
[dump]   top1 idx=877 val=0.06785
[dump]   top2 idx=2438 val=0.06494
[dump]   top3 idx=32 val=0.06082
[dump]   top4 idx=1483 val=0.05288
[dump] L31.res    n=20480   finite=1 absmax=17.107       mean=0.009412     sumsq=20154.6492         argmax=16311
[dump]   top0 idx=16311 val=17.10703
[dump]   top1 idx=16088 val=12.06970
[dump]   top2 idx=17101 val=11.35176
[dump]   top3 idx=17671 val=10.69337
[dump]   top4 idx=16747 val=10.17438
[dump] L32.att    n=2560    finite=1 absmax=0.21025      mean=-0.0011557   sumsq=4.203117598        argmax=713
[dump]   top0 idx=713 val=0.21025
[dump]   top1 idx=1368 val=0.19169
[dump]   top2 idx=1134 val=0.15231
[dump]   top3 idx=1303 val=0.13801
[dump]   top4 idx=167 val=0.13306
[dump] L32.fmix   n=2560    finite=1 absmax=3.3759       mean=0.005682     sumsq=1841.041653        argmax=1828
[dump]   top0 idx=1828 val=2.77227
[dump]   top1 idx=2335 val=2.71384
[dump]   top2 idx=477 val=2.61131
[dump]   top3 idx=2095 val=2.58587
[dump]   top4 idx=1512 val=2.58117
[dump] L32.mid    n=10      finite=1 absmax=0 mean=0 sumsq=0 ids: 228 243 263 142 58 429 272 454 377 278
[dump] L32.moe    n=2560    finite=1 absmax=0.079508     mean=-0.00026415  sumsq=0.9639118402       argmax=198
[dump]   top0 idx=198 val=0.05718
[dump]   top1 idx=1023 val=0.05702
[dump]   top2 idx=776 val=0.05402
[dump]   top3 idx=1933 val=0.05323
[dump]   top4 idx=2120 val=0.05305
[dump] L32.res    n=20480   finite=1 absmax=12.159       mean=0.0078116    sumsq=18319.40347        argmax=16088
[dump]   top0 idx=16088 val=12.15926
[dump]   top1 idx=17598 val=11.54765
[dump]   top2 idx=15778 val=10.26150
[dump]   top3 idx=16311 val=10.08194
[dump]   top4 idx=17101 val=8.88364
[dump] L33.att    n=2560    finite=1 absmax=0.14976      mean=-0.0012947   sumsq=1.722709047        argmax=2393
[dump]   top0 idx=2393 val=0.14976
[dump]   top1 idx=192 val=0.10554
[dump]   top2 idx=634 val=0.10151
[dump]   top3 idx=1990 val=0.08927
[dump]   top4 idx=550 val=0.08785
[dump] L33.fmix   n=2560    finite=1 absmax=3.5677       mean=-0.0031517   sumsq=1464.29249         argmax=1512
[dump]   top0 idx=1512 val=2.93465
[dump]   top1 idx=2335 val=2.49608
[dump]   top2 idx=788 val=2.45911
[dump]   top3 idx=1313 val=2.30434
[dump]   top4 idx=2481 val=2.26823
[dump] L33.mid    n=10      finite=1 absmax=0 mean=0 sumsq=0 ids: 136 84 374 363 345 120 419 486 253 209
[dump] L33.moe    n=2560    finite=1 absmax=0.060828     mean=2.1461e-05   sumsq=0.5497771429       argmax=1602
[dump]   top0 idx=1602 val=0.05542
[dump]   top1 idx=371 val=0.04907
[dump]   top2 idx=399 val=0.04643
[dump]   top3 idx=776 val=0.04391
[dump]   top4 idx=1484 val=0.04265
[dump] L33.res    n=20480   finite=1 absmax=16.149       mean=0.0068096    sumsq=17913.31806        argmax=16088
[dump]   top0 idx=16088 val=16.14932
[dump]   top1 idx=16311 val=12.82643
[dump]   top2 idx=17598 val=10.75193
[dump]   top3 idx=10722 val=9.99507
[dump]   top4 idx=16747 val=9.57532
[dump] L34.att    n=2560    finite=1 absmax=0.21771      mean=-0.00099312  sumsq=3.549630097        argmax=482
[dump]   top0 idx=482 val=0.21771
[dump]   top1 idx=689 val=0.16714
[dump]   top2 idx=1882 val=0.16540
[dump]   top3 idx=624 val=0.13716
[dump]   top4 idx=951 val=0.13258
[dump] L34.fmix   n=2560    finite=1 absmax=3.0021       mean=0.0086214    sumsq=1264.574429        argmax=631
[dump]   top0 idx=631 val=2.79912
[dump]   top1 idx=1313 val=2.68887
[dump]   top2 idx=1500 val=2.55596
[dump]   top3 idx=65 val=2.40456
[dump]   top4 idx=1512 val=2.26808
[dump] L34.mid    n=10      finite=1 absmax=0 mean=0 sumsq=0 ids: 131 29 353 101 24 102 264 460 211 347
[dump] L34.moe    n=2560    finite=1 absmax=0.069393     mean=0.00055625   sumsq=0.8982130944       argmax=196
[dump]   top0 idx=196 val=0.06939
[dump]   top1 idx=1709 val=0.06616
[dump]   top2 idx=1631 val=0.06564
[dump]   top3 idx=951 val=0.05766
[dump]   top4 idx=2415 val=0.05584
[dump] L34.res    n=20480   finite=1 absmax=13.548       mean=0.0075519    sumsq=8685.740518        argmax=16088
[dump]   top0 idx=16088 val=13.54839
[dump]   top1 idx=17101 val=10.53956
[dump]   top2 idx=10722 val=10.26554
[dump]   top3 idx=16311 val=9.31684
[dump]   top4 idx=15365 val=8.04402
[dump] L35.att    n=2560    finite=1 absmax=0.41972      mean=0.00059377   sumsq=9.924710838        argmax=1882
[dump]   top0 idx=1882 val=0.30054
[dump]   top1 idx=79 val=0.23072
[dump]   top2 idx=2091 val=0.21637
[dump]   top3 idx=1341 val=0.20377
[dump]   top4 idx=694 val=0.20200
[dump] L35.fmix   n=2560    finite=1 absmax=3.333        mean=0.009076     sumsq=1634.463259        argmax=410
[dump]   top0 idx=410 val=2.65188
[dump]   top1 idx=1313 val=2.60252
[dump]   top2 idx=957 val=2.52148
[dump]   top3 idx=1283 val=2.42355
[dump]   top4 idx=1512 val=2.42105
[dump] L35.mid    n=10      finite=1 absmax=0 mean=0 sumsq=0 ids: 472 31 161 291 375 121 277 315 56 490
[dump] L35.moe    n=2560    finite=1 absmax=0.074299     mean=0.00060064   sumsq=1.193632892        argmax=687
[dump]   top0 idx=687 val=0.07430
[dump]   top1 idx=1229 val=0.07416
[dump]   top2 idx=1144 val=0.07059
[dump]   top3 idx=308 val=0.06727
[dump]   top4 idx=755 val=0.06687
[dump] L35.res    n=20480   finite=1 absmax=19.32        mean=0.015858     sumsq=20099.74656        argmax=16311
[dump]   top0 idx=16311 val=19.32014
[dump]   top1 idx=17598 val=18.80554
[dump]   top2 idx=16088 val=11.53826
[dump]   top3 idx=10722 val=7.86194
[dump]   top4 idx=16747 val=7.71650
[dump] L36.att    n=2560    finite=1 absmax=0.72506      mean=0.0021306    sumsq=36.25334809        argmax=1882
[dump]   top0 idx=1882 val=0.72506
[dump]   top1 idx=2374 val=0.69917
[dump]   top2 idx=1603 val=0.66169
[dump]   top3 idx=687 val=0.65433
[dump]   top4 idx=689 val=0.62164
[dump] L36.fmix   n=2560    finite=1 absmax=5.275        mean=0.025943     sumsq=2428.20291         argmax=1313
[dump]   top0 idx=1313 val=3.23902
[dump]   top1 idx=1905 val=3.23330
[dump]   top2 idx=2510 val=3.10394
[dump]   top3 idx=888 val=2.70141
[dump]   top4 idx=2095 val=2.67908
[dump] L36.mid    n=10      finite=1 absmax=0 mean=0 sumsq=0 ids: 387 218 169 25 296 210 363 258 179 262
[dump] L36.moe    n=2560    finite=1 absmax=0.22787      mean=-6.4671e-05  sumsq=4.689515806        argmax=1641
[dump]   top0 idx=1641 val=0.18547
[dump]   top1 idx=2128 val=0.13942
[dump]   top2 idx=2120 val=0.13672
[dump]   top3 idx=1368 val=0.13602
[dump]   top4 idx=1232 val=0.13129
[dump] L36.res    n=20480   finite=1 absmax=13.302       mean=0.017682     sumsq=22466.92695        argmax=16088
[dump]   top0 idx=16088 val=13.30246
[dump]   top1 idx=17671 val=10.62894
[dump]   top2 idx=15755 val=10.54112
[dump]   top3 idx=17598 val=10.34043
[dump]   top4 idx=16860 val=9.32587
[dump] L37.att    n=2560    finite=1 absmax=0.24199      mean=-0.00063387  sumsq=4.593646851        argmax=713
[dump]   top0 idx=713 val=0.24199
[dump]   top1 idx=1882 val=0.21463
[dump]   top2 idx=951 val=0.19862
[dump]   top3 idx=1061 val=0.19717
[dump]   top4 idx=892 val=0.17644
[dump] L37.fmix   n=2560    finite=1 absmax=4.5108       mean=0.035637     sumsq=2475.121352        argmax=1313
[dump]   top0 idx=1313 val=3.61158
[dump]   top1 idx=957 val=3.12878
[dump]   top2 idx=2510 val=2.95578
[dump]   top3 idx=1144 val=2.92986
[dump]   top4 idx=1283 val=2.91734
[dump] L37.mid    n=10      finite=1 absmax=0 mean=0 sumsq=0 ids: 306 255 313 369 19 57 200 118 494 346
[dump] L37.moe    n=2560    finite=1 absmax=0.10858      mean=0.00044757   sumsq=2.895151535        argmax=2389
[dump]   top0 idx=2389 val=0.10204
[dump]   top1 idx=582 val=0.10021
[dump]   top2 idx=2263 val=0.10005
[dump]   top3 idx=205 val=0.09929
[dump]   top4 idx=882 val=0.09686
[dump] L37.res    n=20480   finite=1 absmax=17.017       mean=0.019954     sumsq=18826.71461        argmax=15365
[dump]   top0 idx=15365 val=17.01720
[dump]   top1 idx=15991 val=13.49449
[dump]   top2 idx=17279 val=12.09497
[dump]   top3 idx=10927 val=10.92059
[dump]   top4 idx=15948 val=10.24319
[dump] L38.att    n=2560    finite=1 absmax=0.4572       mean=-0.00040606  sumsq=8.673721676        argmax=36
[dump]   top0 idx=36 val=0.28241
[dump]   top1 idx=913 val=0.27033
[dump]   top2 idx=308 val=0.26634
[dump]   top3 idx=403 val=0.23699
[dump]   top4 idx=1959 val=0.23389
[dump] L38.fmix   n=2560    finite=1 absmax=5.0222       mean=0.031865     sumsq=2359.888243        argmax=1694
[dump]   top0 idx=1694 val=2.90256
[dump]   top1 idx=1967 val=2.78838
[dump]   top2 idx=911 val=2.59346
[dump]   top3 idx=1391 val=2.58692
[dump]   top4 idx=582 val=2.55224
[dump] L38.mid    n=10      finite=1 absmax=0 mean=0 sumsq=0 ids: 279 301 206 504 460 50 486 135 7 287
[dump] L38.moe    n=2560    finite=1 absmax=0.13261      mean=-0.00045982  sumsq=3.065055928        argmax=2422
[dump]   top0 idx=2422 val=0.13261
[dump]   top1 idx=603 val=0.11578
[dump]   top2 idx=428 val=0.10838
[dump]   top3 idx=2060 val=0.10445
[dump]   top4 idx=524 val=0.10021
[dump] L38.res    n=20480   finite=1 absmax=13.423       mean=0.011813     sumsq=13335.01257        argmax=15365
[dump]   top0 idx=15365 val=13.41828
[dump]   top1 idx=15427 val=10.62029
[dump]   top2 idx=15991 val=9.98652
[dump]   top3 idx=16860 val=9.64689
[dump]   top4 idx=17702 val=8.90433
[dump] L39.att    n=2560    finite=1 absmax=0.32476      mean=0.00032745   sumsq=11.51274057        argmax=1882
[dump]   top0 idx=1882 val=0.30769
[dump]   top1 idx=2018 val=0.29028
[dump]   top2 idx=892 val=0.28763
[dump]   top3 idx=799 val=0.27548
[dump]   top4 idx=1737 val=0.27135
[dump] L39.fmix   n=2560    finite=1 absmax=5.0937       mean=0.020811     sumsq=2539.775042        argmax=67
[dump]   top0 idx=67 val=5.09373
[dump]   top1 idx=579 val=4.27182
[dump]   top2 idx=308 val=3.34670
[dump]   top3 idx=2209 val=3.21444
[dump]   top4 idx=400 val=3.18717
[dump] L39.mid    n=10      finite=1 absmax=0 mean=0 sumsq=0 ids: 356 60 128 77 32 480 177 42 496 342
[dump] L39.moe    n=2560    finite=1 absmax=0.28992      mean=-0.00062544  sumsq=11.88538949        argmax=1368
[dump]   top0 idx=1368 val=0.27604
[dump]   top1 idx=1030 val=0.22741
[dump]   top2 idx=2190 val=0.22283
[dump]   top3 idx=2356 val=0.22182
[dump]   top4 idx=1734 val=0.20681
[dump] L39.res    n=20480   finite=1 absmax=28.399       mean=0.01629      sumsq=31470.18173        argmax=15991
[dump]   top0 idx=15991 val=19.48647
[dump]   top1 idx=15427 val=16.58244
[dump]   top2 idx=17702 val=15.57931
[dump]   top3 idx=15619 val=13.61556
[dump]   top4 idx=16565 val=11.49611
[dump] L40.att    n=2560    finite=1 absmax=0.51406      mean=0.0039524    sumsq=10.33193866        argmax=1061
[dump]   top0 idx=1061 val=0.51406
[dump]   top1 idx=138 val=0.26542
[dump]   top2 idx=1116 val=0.25918
[dump]   top3 idx=482 val=0.25672
[dump]   top4 idx=882 val=0.23822
[dump] L40.fmix   n=2560    finite=1 absmax=6.3616       mean=0.020775     sumsq=2987.92473         argmax=67
[dump]   top0 idx=67 val=6.36159
[dump]   top1 idx=579 val=5.12223
[dump]   top2 idx=2238 val=4.43431
[dump]   top3 idx=1844 val=3.63086
[dump]   top4 idx=1756 val=3.50618
[dump] L40.mid    n=10      finite=1 absmax=0 mean=0 sumsq=0 ids: 232 172 335 280 138 22 398 178 208 66
[dump] L40.moe    n=2560    finite=1 absmax=0.1158       mean=0.00056391   sumsq=2.499281551        argmax=944
[dump]   top0 idx=944 val=0.11580
[dump]   top1 idx=621 val=0.09365
[dump]   top2 idx=2443 val=0.09267
[dump]   top3 idx=2360 val=0.09098
[dump]   top4 idx=2239 val=0.08971
[dump] L40.res    n=20480   finite=1 absmax=17.954       mean=0.023048     sumsq=24628.48214        argmax=15991
[dump]   top0 idx=15991 val=16.62931
[dump]   top1 idx=17598 val=9.97737
[dump]   top2 idx=13861 val=9.80102
[dump]   top3 idx=17116 val=9.51058
[dump]   top4 idx=14517 val=9.08306
[dump] L41.att    n=2560    finite=1 absmax=0.51132      mean=0.00043171   sumsq=8.914157482        argmax=1882
[dump]   top0 idx=1882 val=0.51132
[dump]   top1 idx=993 val=0.22519
[dump]   top2 idx=2234 val=0.22342
[dump]   top3 idx=562 val=0.21785
[dump]   top4 idx=1067 val=0.21554
[dump] L41.fmix   n=2560    finite=1 absmax=5.8645       mean=0.029417     sumsq=2908.017593        argmax=67
[dump]   top0 idx=67 val=5.86452
[dump]   top1 idx=579 val=4.50057
[dump]   top2 idx=2190 val=3.96474
[dump]   top3 idx=1756 val=3.83939
[dump]   top4 idx=1693 val=3.71970
[dump] L41.mid    n=10      finite=1 absmax=0 mean=0 sumsq=0 ids: 59 240 149 450 105 205 132 433 118 445
[dump] L41.moe    n=2560    finite=1 absmax=0.099442     mean=7.1628e-05   sumsq=1.616354527        argmax=1070
[dump]   top0 idx=1070 val=0.08015
[dump]   top1 idx=1603 val=0.07942
[dump]   top2 idx=2481 val=0.07758
[dump]   top3 idx=2465 val=0.07629
[dump]   top4 idx=597 val=0.07485
[dump] L41.res    n=20480   finite=1 absmax=14.731       mean=0.022933     sumsq=25053.34691        argmax=15991
[dump]   top0 idx=15991 val=12.76557
[dump]   top1 idx=16860 val=10.07945
[dump]   top2 idx=15212 val=9.71762
[dump]   top3 idx=11608 val=9.21469
[dump]   top4 idx=17598 val=8.60452
[dump] L42.att    n=2560    finite=1 absmax=0.33883      mean=-0.00085564  sumsq=6.126467521        argmax=1039
[dump]   top0 idx=1039 val=0.27335
[dump]   top1 idx=36 val=0.24146
[dump]   top2 idx=482 val=0.24022
[dump]   top3 idx=517 val=0.21722
[dump]   top4 idx=722 val=0.20725
[dump] L42.fmix   n=2560    finite=1 absmax=5.1252       mean=0.029753     sumsq=3352.952629        argmax=579
[dump]   top0 idx=579 val=4.73422
[dump]   top1 idx=67 val=4.23428
[dump]   top2 idx=1693 val=4.23173
[dump]   top3 idx=2190 val=3.85326
[dump]   top4 idx=2239 val=3.70293
[dump] L42.mid    n=10      finite=1 absmax=0 mean=0 sumsq=0 ids: 341 3 212 310 151 391 337 195 140 269
[dump] L42.moe    n=2560    finite=1 absmax=0.12117      mean=0.00034804   sumsq=2.985755562        argmax=1502
[dump]   top0 idx=1502 val=0.12117
[dump]   top1 idx=1594 val=0.11324
[dump]   top2 idx=1633 val=0.10442
[dump]   top3 idx=1733 val=0.10143
[dump]   top4 idx=615 val=0.09479
[dump] L42.res    n=20480   finite=1 absmax=11.808       mean=0.01191      sumsq=7999.540106        argmax=15365
[dump]   top0 idx=15365 val=10.00560
[dump]   top1 idx=15427 val=9.37596
[dump]   top2 idx=15991 val=8.17859
[dump]   top3 idx=17279 val=7.69087
[dump]   top4 idx=13682 val=7.06491
[dump] L43.att    n=2560    finite=1 absmax=0.54923      mean=0.0020032    sumsq=9.376926879        argmax=417
[dump]   top0 idx=417 val=0.54923
[dump]   top1 idx=67 val=0.52420
[dump]   top2 idx=1959 val=0.36971
[dump]   top3 idx=1391 val=0.33741
[dump]   top4 idx=1844 val=0.32273
[dump] L43.fmix   n=2560    finite=1 absmax=6.2696       mean=0.028236     sumsq=2508.593378        argmax=67
[dump]   top0 idx=67 val=6.26958
[dump]   top1 idx=2239 val=3.94202
[dump]   top2 idx=1844 val=3.73403
[dump]   top3 idx=579 val=3.69186
[dump]   top4 idx=1633 val=3.49420
[dump] L43.mid    n=10      finite=1 absmax=0 mean=0 sumsq=0 ids: 300 86 462 451 324 483 270 0 64 18
[dump] L43.moe    n=2560    finite=1 absmax=0.21283      mean=-0.00018289  sumsq=5.092208655        argmax=1882
[dump]   top0 idx=1882 val=0.21283
[dump]   top1 idx=944 val=0.17987
[dump]   top2 idx=283 val=0.14120
[dump]   top3 idx=200 val=0.13329
[dump]   top4 idx=315 val=0.13139
[dump] L43.res    n=20480   finite=1 absmax=22.877       mean=0.030683     sumsq=35416.21071        argmax=15991
[dump]   top0 idx=15991 val=16.45701
[dump]   top1 idx=17598 val=11.98110
[dump]   top2 idx=15994 val=11.83544
[dump]   top3 idx=17838 val=11.17339
[dump]   top4 idx=16419 val=11.14461
[dump] L44.att    n=2560    finite=1 absmax=2.2182       mean=-0.00017711  sumsq=64.85800943        argmax=1238
[dump]   top0 idx=1238 val=0.77961
[dump]   top1 idx=634 val=0.67654
[dump]   top2 idx=1882 val=0.55889
[dump]   top3 idx=181 val=0.52950
[dump]   top4 idx=1101 val=0.48080
[dump] L44.fmix   n=2560    finite=1 absmax=7.0764       mean=0.033742     sumsq=2903.551397        argmax=67
[dump]   top0 idx=67 val=7.07636
[dump]   top1 idx=1633 val=5.35591
[dump]   top2 idx=1844 val=4.98649
[dump]   top3 idx=417 val=4.56154
[dump]   top4 idx=944 val=4.34243
[dump] L44.mid    n=10      finite=1 absmax=0 mean=0 sumsq=0 ids: 287 87 190 75 192 401 61 306 301 198
[dump] L44.moe    n=2560    finite=1 absmax=0.117        mean=-3.9237e-05  sumsq=2.223230346        argmax=206
[dump]   top0 idx=206 val=0.11700
[dump]   top1 idx=728 val=0.10644
[dump]   top2 idx=2449 val=0.10342
[dump]   top3 idx=1125 val=0.10306
[dump]   top4 idx=617 val=0.08627
[dump] L44.res    n=20480   finite=1 absmax=42.613       mean=0.02117      sumsq=27383.02452        argmax=15991
[dump]   top0 idx=15991 val=22.21986
[dump]   top1 idx=16565 val=11.73888
[dump]   top2 idx=17319 val=11.01643
[dump]   top3 idx=17598 val=10.67022
[dump]   top4 idx=15212 val=10.63385
[dump] L45.att    n=2560    finite=1 absmax=1.9316       mean=0.0062952    sumsq=145.0027594        argmax=631
[dump]   top0 idx=631 val=1.46547
[dump]   top1 idx=1810 val=1.38632
[dump]   top2 idx=1882 val=1.30404
[dump]   top3 idx=1202 val=1.20357
[dump]   top4 idx=745 val=0.98235
[dump] L45.fmix   n=2560    finite=1 absmax=7.1413       mean=0.035792     sumsq=2847.690476        argmax=67
[dump]   top0 idx=67 val=7.09323
[dump]   top1 idx=1633 val=5.64062
[dump]   top2 idx=417 val=4.87395
[dump]   top3 idx=1844 val=4.65077
[dump]   top4 idx=944 val=4.06244
[dump] L45.mid    n=10      finite=1 absmax=0 mean=0 sumsq=0 ids: 237 66 343 339 85 103 303 443 280 471
[dump] L45.moe    n=2560    finite=1 absmax=0.12144      mean=-0.00055291  sumsq=2.49519519         argmax=331
[dump]   top0 idx=331 val=0.11121
[dump]   top1 idx=1410 val=0.10583
[dump]   top2 idx=1425 val=0.08696
[dump]   top3 idx=2089 val=0.08662
[dump]   top4 idx=1138 val=0.08511
[dump] L45.res    n=20480   finite=1 absmax=29.942       mean=0.022112     sumsq=29316.79711        argmax=15427
[dump]   top0 idx=15427 val=29.94222
[dump]   top1 idx=14610 val=19.53086
[dump]   top2 idx=15991 val=17.81433
[dump]   top3 idx=17204 val=15.45940
[dump]   top4 idx=17702 val=15.21773
[dump] L46.att    n=2560    finite=1 absmax=5.4879       mean=0.0037737    sumsq=242.8968554        argmax=181
[dump]   top0 idx=181 val=3.15078
[dump]   top1 idx=951 val=2.49062
[dump]   top2 idx=634 val=1.96236
[dump]   top3 idx=2502 val=1.64904
[dump]   top4 idx=1497 val=1.48215
[dump] L46.fmix   n=2560    finite=1 absmax=5.8477       mean=0.025676     sumsq=2667.911926        argmax=67
[dump]   top0 idx=67 val=5.84766
[dump]   top1 idx=1633 val=4.45955
[dump]   top2 idx=944 val=4.14979
[dump]   top3 idx=1844 val=4.06631
[dump]   top4 idx=634 val=3.92285
[dump] L46.mid    n=10      finite=1 absmax=0 mean=0 sumsq=0 ids: 25 505 56 60 264 115 258 123 281 491
[dump] L46.moe    n=2560    finite=1 absmax=0.18252      mean=-7.1526e-05  sumsq=3.612168847        argmax=1872
[dump]   top0 idx=1872 val=0.14404
[dump]   top1 idx=617 val=0.13653
[dump]   top2 idx=19 val=0.13149
[dump]   top3 idx=192 val=0.13129
[dump]   top4 idx=63 val=0.13124
[dump] L46.res    n=20480   finite=1 absmax=15.373       mean=0.014844     sumsq=16033.65811        argmax=15427
[dump]   top0 idx=15427 val=12.78536
[dump]   top1 idx=17702 val=9.39338
[dump]   top2 idx=12122 val=8.74450
[dump]   top3 idx=15991 val=8.55509
[dump]   top4 idx=17204 val=8.47546
[dump] L47.att    n=2560    finite=1 absmax=1.2522       mean=-0.0037399   sumsq=46.75572444        argmax=1027
[dump]   top0 idx=1027 val=1.25216
[dump]   top1 idx=722 val=0.72450
[dump]   top2 idx=579 val=0.69732
[dump]   top3 idx=36 val=0.68761
[dump]   top4 idx=1395 val=0.65079
[dump] L47.fmix   n=2560    finite=1 absmax=5.5727       mean=0.015223     sumsq=2517.712604        argmax=67
[dump]   top0 idx=67 val=5.57274
[dump]   top1 idx=417 val=4.30029
[dump]   top2 idx=1882 val=4.01389
[dump]   top3 idx=944 val=3.81773
[dump]   top4 idx=1844 val=3.76036
[dump] L47.mid    n=10      finite=1 absmax=0 mean=0 sumsq=0 ids: 481 186 286 354 352 316 157 196 206 367
[dump] L47.moe    n=2560    finite=1 absmax=1.0499       mean=-0.00045847  sumsq=22.81494709        argmax=181
[dump]   top0 idx=181 val=0.88793
[dump]   top1 idx=634 val=0.41803
[dump]   top2 idx=951 val=0.41423
[dump]   top3 idx=2356 val=0.32437
[dump]   top4 idx=482 val=0.31479
[dump] L47.res    n=20480   finite=1 absmax=108.63       mean=0.0060263    sumsq=198987.7789        argmax=12981
[dump]   top0 idx=12981 val=68.42161
[dump]   top1 idx=13434 val=51.67414
[dump]   top2 idx=15541 val=47.83503
[dump]   top3 idx=18101 val=45.43159
[dump]   top4 idx=15994 val=39.98565
[dump] L00.att    n=2560    finite=1 absmax=0.7683       mean=-0.00058846  sumsq=25.4313607         argmax=5
[dump]   top0 idx=5 val=0.76830
[dump]   top1 idx=417 val=0.74188
[dump]   top2 idx=67 val=0.67076
[dump]   top3 idx=2342 val=0.53429
[dump]   top4 idx=2325 val=0.38891
[dump] L00.fmix   n=2560    finite=1 absmax=1.9301       mean=0.015139     sumsq=403.7038477        argmax=1682
[dump]   top0 idx=1682 val=1.93007
[dump]   top1 idx=2474 val=1.87568
[dump]   top2 idx=1733 val=1.71622
[dump]   top3 idx=796 val=1.63881
[dump]   top4 idx=707 val=1.60155
[dump] L00.mid    n=10      finite=1 absmax=0 mean=0 sumsq=0 ids: 460 479 15 139 367 339 497 11 340 449
[dump] L00.moe    n=2560    finite=1 absmax=0.25278      mean=0.00049631   sumsq=2.478660716        argmax=1682
[dump]   top0 idx=1682 val=0.25278
[dump]   top1 idx=728 val=0.19798
[dump]   top2 idx=268 val=0.17653
[dump]   top3 idx=579 val=0.16937
[dump]   top4 idx=2238 val=0.16082
[dump] L00.res    n=10240   finite=1 absmax=0.22376      mean=0.00046861   sumsq=2.68966003         argmax=6802
[dump]   top0 idx=6802 val=0.22376
[dump]   top1 idx=5125 val=0.19488
[dump]   top2 idx=5187 val=0.17023
[dump]   top3 idx=5848 val=0.16976
[dump]   top4 idx=6325 val=0.14544
[dump] L01.att    n=2560    finite=1 absmax=1.8405       mean=-0.0069851   sumsq=54.58644429        argmax=331
[dump]   top0 idx=331 val=1.84052
[dump]   top1 idx=1392 val=0.83096
[dump]   top2 idx=736 val=0.58283
[dump]   top3 idx=667 val=0.56447
[dump]   top4 idx=1887 val=0.55677
[dump] L01.fmix   n=2560    finite=1 absmax=2.2863       mean=-0.0050342   sumsq=376.5618559        argmax=5
[dump]   top0 idx=5 val=1.98698
[dump]   top1 idx=227 val=1.60157
[dump]   top2 idx=588 val=1.49117
[dump]   top3 idx=631 val=1.44869
[dump]   top4 idx=533 val=1.34794
[dump] L01.mid    n=10      finite=1 absmax=0 mean=0 sumsq=0 ids: 500 69 154 19 86 306 505 349 249 67
[dump] L01.moe    n=2560    finite=1 absmax=0.037083     mean=0.00012237   sumsq=0.1316567178       argmax=855
[dump]   top0 idx=855 val=0.03708
[dump]   top1 idx=514 val=0.02290
[dump]   top2 idx=2301 val=0.02285
[dump]   top3 idx=2001 val=0.02272
[dump]   top4 idx=1039 val=0.02207
[dump] L01.res    n=20480   finite=1 absmax=17.278       mean=0.013517     sumsq=16328.92605        argmax=18251
[dump]   top0 idx=18251 val=17.27785
[dump]   top1 idx=15365 val=12.89187
[dump]   top2 idx=16454 val=11.92938
[dump]   top3 idx=19312 val=11.77100
[dump]   top4 idx=15948 val=10.22223
[dump] L02.att    n=2560    finite=1 absmax=0.53878      mean=0.0050882    sumsq=32.45874132        argmax=524
[dump]   top0 idx=524 val=0.41053
[dump]   top1 idx=253 val=0.39471
[dump]   top2 idx=1474 val=0.39031
[dump]   top3 idx=693 val=0.38356
[dump]   top4 idx=2151 val=0.38209
[dump] L02.fmix   n=2560    finite=1 absmax=2.8363       mean=0.0079854    sumsq=376.7605742        argmax=67
[dump]   top0 idx=67 val=1.40607
[dump]   top1 idx=631 val=1.38346
[dump]   top2 idx=1881 val=1.35723
[dump]   top3 idx=2342 val=1.29852
[dump]   top4 idx=2272 val=1.29142
[dump] L02.mid    n=10      finite=1 absmax=0 mean=0 sumsq=0 ids: 75 54 492 247 12 480 61 13 272 32
[dump] L02.moe    n=2560    finite=1 absmax=0.07042      mean=0.00058054   sumsq=0.2347088577       argmax=728
[dump]   top0 idx=728 val=0.07042
[dump]   top1 idx=885 val=0.06467
[dump]   top2 idx=951 val=0.06372
[dump]   top3 idx=385 val=0.05262
[dump]   top4 idx=65 val=0.05230
[dump] L02.res    n=20480   finite=1 absmax=15.26        mean=0.017461     sumsq=8234.053366        argmax=15365
[dump]   top0 idx=15365 val=15.25994
[dump]   top1 idx=16088 val=13.92859
[dump]   top2 idx=18251 val=8.66518
[dump]   top3 idx=15948 val=6.98017
[dump]   top4 idx=19312 val=6.95954
[dump] L03.att    n=2560    finite=1 absmax=0.42472      mean=-0.0039034   sumsq=17.97531486        argmax=2442
[dump]   top0 idx=2442 val=0.42472
[dump]   top1 idx=551 val=0.31679
[dump]   top2 idx=1890 val=0.28437
[dump]   top3 idx=1930 val=0.26397
[dump]   top4 idx=1395 val=0.25752
[dump] L03.fmix   n=2560    finite=1 absmax=4.2505       mean=0.0059108    sumsq=679.7076101        argmax=67
[dump]   top0 idx=67 val=2.23494
[dump]   top1 idx=728 val=1.95769
[dump]   top2 idx=1930 val=1.93334
[dump]   top3 idx=631 val=1.87196
[dump]   top4 idx=259 val=1.74235
[dump] L03.mid    n=10      finite=1 absmax=0 mean=0 sumsq=0 ids: 101 504 365 190 318 143 231 455 8 441
[dump] L03.moe    n=2560    finite=1 absmax=0.048522     mean=0.00015972   sumsq=0.2910620351       argmax=949
[dump]   top0 idx=949 val=0.04852
[dump]   top1 idx=2140 val=0.04256
[dump]   top2 idx=1096 val=0.03661
[dump]   top3 idx=2172 val=0.03392
[dump]   top4 idx=544 val=0.02992
[dump] L03.res    n=20480   finite=1 absmax=16.568       mean=0.019006     sumsq=16901.21255        argmax=15365
[dump]   top0 idx=15365 val=16.56824
[dump]   top1 idx=15948 val=12.82424
[dump]   top2 idx=16088 val=10.86131
[dump]   top3 idx=18012 val=9.84841
[dump]   top4 idx=16565 val=9.54398
[dump] L04.att    n=2560    finite=1 absmax=0.41243      mean=-0.00017957  sumsq=16.03481654        argmax=1653
[dump]   top0 idx=1653 val=0.41243
[dump]   top1 idx=631 val=0.30822
[dump]   top2 idx=2433 val=0.30150
[dump]   top3 idx=372 val=0.29795
[dump]   top4 idx=245 val=0.24612
[dump] L04.fmix   n=2560    finite=1 absmax=3.8952       mean=0.011752     sumsq=793.5820055        argmax=1521
[dump]   top0 idx=1521 val=1.99318
[dump]   top1 idx=1205 val=1.87284
[dump]   top2 idx=418 val=1.80383
[dump]   top3 idx=67 val=1.76228
[dump]   top4 idx=1930 val=1.75911
[dump] L04.mid    n=10      finite=1 absmax=0 mean=0 sumsq=0 ids: 106 41 410 496 320 500 252 209 274 453
[dump] L04.moe    n=2560    finite=1 absmax=0.063336     mean=-8.517e-06   sumsq=0.3109680228       argmax=1653
[dump]   top0 idx=1653 val=0.06334
[dump]   top1 idx=1199 val=0.04135
[dump]   top2 idx=579 val=0.03721
[dump]   top3 idx=2083 val=0.03562
[dump]   top4 idx=1185 val=0.03455
[dump] L04.res    n=20480   finite=1 absmax=22.163       mean=0.015435     sumsq=15742.34477        argmax=19573
[dump]   top0 idx=19573 val=22.16277
[dump]   top1 idx=15365 val=13.54502
[dump]   top2 idx=15948 val=12.67301
[dump]   top3 idx=16088 val=12.56291
[dump]   top4 idx=16311 val=9.74184
[dump] L05.att    n=2560    finite=1 absmax=0.46336      mean=-0.0014479   sumsq=14.95942126        argmax=593
[dump]   top0 idx=593 val=0.35201
[dump]   top1 idx=1134 val=0.32269
[dump]   top2 idx=1897 val=0.31605
[dump]   top3 idx=1205 val=0.30301
[dump]   top4 idx=1770 val=0.29176
[dump] L05.fmix   n=2560    finite=1 absmax=2.265        mean=0.010114     sumsq=622.8839063        argmax=631
[dump]   top0 idx=631 val=2.26503
[dump]   top1 idx=1205 val=1.79269
[dump]   top2 idx=753 val=1.65740
[dump]   top3 idx=1521 val=1.58471
[dump]   top4 idx=1512 val=1.49664
[dump] L05.mid    n=10      finite=1 absmax=0 mean=0 sumsq=0 ids: 446 344 169 314 236 468 471 291 302 49
[dump] L05.moe    n=2560    finite=1 absmax=0.036897     mean=0.00029038   sumsq=0.2029397574       argmax=885
[dump]   top0 idx=885 val=0.03690
[dump]   top1 idx=2533 val=0.03467
[dump]   top2 idx=2505 val=0.03156
[dump]   top3 idx=192 val=0.02935
[dump]   top4 idx=2314 val=0.02900
[dump] L05.res    n=20480   finite=1 absmax=15.893       mean=0.016846     sumsq=13841.47521        argmax=15365
[dump]   top0 idx=15365 val=15.89316
[dump]   top1 idx=16088 val=14.46950
[dump]   top2 idx=15948 val=10.42644
[dump]   top3 idx=18012 val=9.71179
[dump]   top4 idx=17702 val=9.11717
[dump] L06.att    n=2560    finite=1 absmax=1.1325       mean=-0.0013022   sumsq=54.85153691        argmax=951
[dump]   top0 idx=951 val=1.13252
[dump]   top1 idx=482 val=1.12465
[dump]   top2 idx=728 val=0.74362
[dump]   top3 idx=1682 val=0.59553
[dump]   top4 idx=1359 val=0.57153
[dump] L06.fmix   n=2560    finite=1 absmax=2.952        mean=0.015338     sumsq=898.3072051        argmax=631
[dump]   top0 idx=631 val=2.52782
[dump]   top1 idx=1521 val=2.02558
[dump]   top2 idx=1523 val=1.97205
[dump]   top3 idx=67 val=1.93949
[dump]   top4 idx=1512 val=1.81079
[dump] L06.mid    n=10      finite=1 absmax=0 mean=0 sumsq=0 ids: 51 152 159 91 432 109 165 375 123 223
[dump] L06.moe    n=2560    finite=1 absmax=0.064186     mean=0.00056675   sumsq=0.3414823734       argmax=2453
[dump]   top0 idx=2453 val=0.06419
[dump]   top1 idx=528 val=0.04678
[dump]   top2 idx=1716 val=0.04539
[dump]   top3 idx=513 val=0.04435
[dump]   top4 idx=1102 val=0.04433
[dump] L06.res    n=20480   finite=1 absmax=14.267       mean=0.014551     sumsq=7722.933262        argmax=15365
[dump]   top0 idx=15365 val=14.26680
[dump]   top1 idx=16088 val=8.81933
[dump]   top2 idx=15948 val=6.84709
[dump]   top3 idx=17702 val=6.71351
[dump]   top4 idx=10722 val=6.23505
[dump] L07.att    n=2560    finite=1 absmax=0.6869       mean=0.0011041    sumsq=30.11197116        argmax=2293
[dump]   top0 idx=2293 val=0.48984
[dump]   top1 idx=2180 val=0.45863
[dump]   top2 idx=1795 val=0.41988
[dump]   top3 idx=1076 val=0.40657
[dump]   top4 idx=47 val=0.39772
[dump] L07.fmix   n=2560    finite=1 absmax=2.206        mean=0.019248     sumsq=674.2245729        argmax=1521
[dump]   top0 idx=1521 val=1.73362
[dump]   top1 idx=2433 val=1.68189
[dump]   top2 idx=259 val=1.58990
[dump]   top3 idx=631 val=1.53331
[dump]   top4 idx=205 val=1.48502
[dump] L07.mid    n=10      finite=1 absmax=0 mean=0 sumsq=0 ids: 87 242 445 358 252 193 191 8 194 163
[dump] L07.moe    n=2560    finite=1 absmax=0.049282     mean=0.00028749   sumsq=0.2836662595       argmax=2453
[dump]   top0 idx=2453 val=0.04068
[dump]   top1 idx=757 val=0.03677
[dump]   top2 idx=2258 val=0.03584
[dump]   top3 idx=526 val=0.03426
[dump]   top4 idx=1712 val=0.03369
[dump] L07.res    n=20480   finite=1 absmax=13.416       mean=0.025297     sumsq=16817.67095        argmax=13987
[dump]   top0 idx=13987 val=10.77648
[dump]   top1 idx=16088 val=8.62989
[dump]   top2 idx=17702 val=8.04639
[dump]   top3 idx=15948 val=7.96997
[dump]   top4 idx=18551 val=7.91009
[dump] L08.att    n=2560    finite=1 absmax=0.099425     mean=0.00011476   sumsq=1.489584304        argmax=799
[dump]   top0 idx=799 val=0.09942
[dump]   top1 idx=1499 val=0.08979
[dump]   top2 idx=582 val=0.08848
[dump]   top3 idx=706 val=0.08309
[dump]   top4 idx=1043 val=0.08214
[dump] L08.fmix   n=2560    finite=1 absmax=2.4797       mean=0.026926     sumsq=685.5133484        argmax=631
[dump]   top0 idx=631 val=2.47974
[dump]   top1 idx=2433 val=1.71539
[dump]   top2 idx=1930 val=1.63571
[dump]   top3 idx=744 val=1.61197
[dump]   top4 idx=1899 val=1.54383
[dump] L08.mid    n=10      finite=1 absmax=0 mean=0 sumsq=0 ids: 263 181 134 360 462 175 46 183 219 28
[dump] L08.moe    n=2560    finite=1 absmax=0.043603     mean=-0.00037879  sumsq=0.4623271659       argmax=3
[dump]   top0 idx=3 val=0.04354
[dump]   top1 idx=1388 val=0.03980
[dump]   top2 idx=1153 val=0.03973
[dump]   top3 idx=1595 val=0.03865
[dump]   top4 idx=2075 val=0.03845
[dump] L08.res    n=20480   finite=1 absmax=11.529       mean=0.014859     sumsq=11669.04862        argmax=16088
[dump]   top0 idx=16088 val=11.52868
[dump]   top1 idx=15365 val=8.46396
[dump]   top2 idx=18012 val=7.03913
[dump]   top3 idx=16747 val=6.74979
[dump]   top4 idx=16565 val=6.28568
[dump] L09.att    n=2560    finite=1 absmax=0.34784      mean=0.0025287    sumsq=17.14986911        argmax=2393
[dump]   top0 idx=2393 val=0.34784
[dump]   top1 idx=1332 val=0.29146
[dump]   top2 idx=1378 val=0.28358
[dump]   top3 idx=1413 val=0.27881
[dump]   top4 idx=149 val=0.26060
[dump] L09.fmix   n=2560    finite=1 absmax=2.5066       mean=0.027622     sumsq=723.4705311        argmax=92
[dump]   top0 idx=92 val=2.50658
[dump]   top1 idx=1205 val=2.12946
[dump]   top2 idx=2433 val=1.91461
[dump]   top3 idx=631 val=1.70727
[dump]   top4 idx=1180 val=1.55049
[dump] L09.mid    n=10      finite=1 absmax=0 mean=0 sumsq=0 ids: 264 430 142 376 478 68 153 26 488 218
[dump] L09.moe    n=2560    finite=1 absmax=0.037123     mean=6.5407e-05   sumsq=0.2734011772       argmax=1395
[dump]   top0 idx=1395 val=0.03594
[dump]   top1 idx=105 val=0.03410
[dump]   top2 idx=1652 val=0.03274
[dump]   top3 idx=705 val=0.03154
[dump]   top4 idx=2206 val=0.03142
[dump] L09.res    n=20480   finite=1 absmax=14.512       mean=0.018994     sumsq=13386.94746        argmax=16088
[dump]   top0 idx=16088 val=14.06238
[dump]   top1 idx=15948 val=9.54474
[dump]   top2 idx=15778 val=7.92213
[dump]   top3 idx=15365 val=7.49881
[dump]   top4 idx=19715 val=7.42649
[dump] L10.att    n=2560    finite=1 absmax=0.37592      mean=-8.6407e-05  sumsq=17.28624563        argmax=728
[dump]   top0 idx=728 val=0.37592
[dump]   top1 idx=1912 val=0.34278
[dump]   top2 idx=508 val=0.33728
[dump]   top3 idx=816 val=0.32568
[dump]   top4 idx=482 val=0.29725
[dump] L10.fmix   n=2560    finite=1 absmax=1.9164       mean=0.020331     sumsq=621.1032889        argmax=631
[dump]   top0 idx=631 val=1.89628
[dump]   top1 idx=92 val=1.85887
[dump]   top2 idx=1512 val=1.65970
[dump]   top3 idx=2433 val=1.63611
[dump]   top4 idx=1225 val=1.54886
[dump] L10.mid    n=10      finite=1 absmax=0 mean=0 sumsq=0 ids: 355 461 97 495 417 387 373 322 404 18
[dump] L10.moe    n=2560    finite=1 absmax=0.03709      mean=-0.00026559  sumsq=0.2993035586       argmax=618
[dump]   top0 idx=618 val=0.03513
[dump]   top1 idx=2105 val=0.03505
[dump]   top2 idx=86 val=0.03497
[dump]   top3 idx=1253 val=0.03374
[dump]   top4 idx=2097 val=0.03239
[dump] L10.res    n=20480   finite=1 absmax=9.9819       mean=0.011272     sumsq=7153.850706        argmax=15365
[dump]   top0 idx=15365 val=9.98194
[dump]   top1 idx=16088 val=9.75290
[dump]   top2 idx=16311 val=9.18799
[dump]   top3 idx=17598 val=7.47188
[dump]   top4 idx=15778 val=6.06351
[dump] L11.att    n=2560    finite=1 absmax=0.398        mean=0.0010863    sumsq=20.51673646        argmax=2448
[dump]   top0 idx=2448 val=0.29800
[dump]   top1 idx=892 val=0.28847
[dump]   top2 idx=480 val=0.28028
[dump]   top3 idx=1913 val=0.27621
[dump]   top4 idx=2206 val=0.27481
[dump] L11.fmix   n=2560    finite=1 absmax=2.7667       mean=0.014428     sumsq=623.6530838        argmax=631
[dump]   top0 idx=631 val=2.76672
[dump]   top1 idx=2433 val=1.76421
[dump]   top2 idx=92 val=1.62301
[dump]   top3 idx=1512 val=1.57661
[dump]   top4 idx=1182 val=1.49757
[dump] L11.mid    n=10      finite=1 absmax=0 mean=0 sumsq=0 ids: 323 418 508 166 261 273 430 48 371 108
[dump] L11.moe    n=2560    finite=1 absmax=0.047939     mean=-0.00030494  sumsq=0.4360955988       argmax=1957
[dump]   top0 idx=1957 val=0.04375
[dump]   top1 idx=1642 val=0.03908
[dump]   top2 idx=1572 val=0.03828
[dump]   top3 idx=371 val=0.03623
[dump]   top4 idx=2360 val=0.03617
[dump] L11.res    n=20480   finite=1 absmax=14.159       mean=0.011206     sumsq=13744.88875        argmax=16088
[dump]   top0 idx=16088 val=14.15910
[dump]   top1 idx=15365 val=8.33190
[dump]   top2 idx=16311 val=7.54319
[dump]   top3 idx=15778 val=7.52528
[dump]   top4 idx=11422 val=6.59896
[dump] L12.att    n=2560    finite=1 absmax=0.37731      mean=-0.00066215  sumsq=18.69708925        argmax=728
[dump]   top0 idx=728 val=0.30952
[dump]   top1 idx=1432 val=0.30639
[dump]   top2 idx=539 val=0.29161
[dump]   top3 idx=729 val=0.27948
[dump]   top4 idx=1741 val=0.27750
[dump] L12.fmix   n=2560    finite=1 absmax=2.3031       mean=0.012881     sumsq=648.8796402        argmax=631
[dump]   top0 idx=631 val=2.30308
[dump]   top1 idx=2433 val=1.86731
[dump]   top2 idx=1205 val=1.83377
[dump]   top3 idx=65 val=1.77273
[dump]   top4 idx=92 val=1.74663
[dump] L12.mid    n=10      finite=1 absmax=0 mean=0 sumsq=0 ids: 421 0 433 63 277 283 390 21 52 37
[dump] L12.moe    n=2560    finite=1 absmax=0.049264     mean=-0.00020109  sumsq=0.2365887728       argmax=667
[dump]   top0 idx=667 val=0.03647
[dump]   top1 idx=915 val=0.03371
[dump]   top2 idx=761 val=0.03134
[dump]   top3 idx=235 val=0.03002
[dump]   top4 idx=2324 val=0.02878
[dump] L12.res    n=20480   finite=1 absmax=11.3         mean=0.0073004    sumsq=13745.71898        argmax=16088
[dump]   top0 idx=16088 val=11.30039
[dump]   top1 idx=17671 val=8.24285
[dump]   top2 idx=16747 val=7.42276
[dump]   top3 idx=16565 val=7.10762
[dump]   top4 idx=17101 val=6.99856
[dump] L13.att    n=2560    finite=1 absmax=0.2466       mean=0.00023897   sumsq=6.818163756        argmax=728
[dump]   top0 idx=728 val=0.24660
[dump]   top1 idx=951 val=0.23846
[dump]   top2 idx=1795 val=0.22017
[dump]   top3 idx=2445 val=0.20278
[dump]   top4 idx=788 val=0.17924
[dump] L13.fmix   n=2560    finite=1 absmax=2.1779       mean=-0.0001511   sumsq=620.4245362        argmax=728
[dump]   top0 idx=728 val=2.17786
[dump]   top1 idx=951 val=1.87572
[dump]   top2 idx=1301 val=1.75583
[dump]   top3 idx=1616 val=1.63594
[dump]   top4 idx=2453 val=1.59191
[dump] L13.mid    n=10      finite=1 absmax=0 mean=0 sumsq=0 ids: 259 387 265 97 273 357 91 468 93 224
[dump] L13.moe    n=2560    finite=1 absmax=0.066018     mean=-4.73e-05    sumsq=0.9123236816       argmax=2480
[dump]   top0 idx=2480 val=0.06568
[dump]   top1 idx=2401 val=0.05737
[dump]   top2 idx=1977 val=0.05696
[dump]   top3 idx=2378 val=0.05639
[dump]   top4 idx=2525 val=0.05636
[dump] L13.res    n=20480   finite=1 absmax=12.956       mean=0.0087228    sumsq=15344.8961         argmax=16311
[dump]   top0 idx=16311 val=12.95605
[dump]   top1 idx=16088 val=11.86575
[dump]   top2 idx=16747 val=8.24556
[dump]   top3 idx=15778 val=7.56063
[dump]   top4 idx=17671 val=7.41917
[dump] L14.att    n=2560    finite=1 absmax=0.44005      mean=0.00092531   sumsq=18.26562751        argmax=482
[dump]   top0 idx=482 val=0.44005
[dump]   top1 idx=2433 val=0.41828
[dump]   top2 idx=689 val=0.41519
[dump]   top3 idx=360 val=0.37810
[dump]   top4 idx=2215 val=0.37207
[dump] L14.fmix   n=2560    finite=1 absmax=2.1854       mean=0.0081352    sumsq=686.0750457        argmax=631
[dump]   top0 idx=631 val=2.18537
[dump]   top1 idx=728 val=2.14316
[dump]   top2 idx=1512 val=1.91019
[dump]   top3 idx=1616 val=1.78871
[dump]   top4 idx=1482 val=1.73621
[dump] L14.mid    n=10      finite=1 absmax=0 mean=0 sumsq=0 ids: 335 398 506 212 473 138 312 151 108 409
[dump] L14.moe    n=2560    finite=1 absmax=0.030436     mean=-0.0002945   sumsq=0.1239841742       argmax=1827
[dump]   top0 idx=1827 val=0.03044
[dump]   top1 idx=875 val=0.02702
[dump]   top2 idx=1039 val=0.02602
[dump]   top3 idx=1603 val=0.02481
[dump]   top4 idx=162 val=0.02199
[dump] L14.res    n=20480   finite=1 absmax=11.015       mean=0.0060857    sumsq=7343.593598        argmax=16088
[dump]   top0 idx=16088 val=11.01461
[dump]   top1 idx=15365 val=8.35504
[dump]   top2 idx=16747 val=5.36996
[dump]   top3 idx=16311 val=5.34805
[dump]   top4 idx=17598 val=5.08312
[dump] L15.att    n=2560    finite=1 absmax=0.37867      mean=-0.0027789   sumsq=14.56633601        argmax=1359
[dump]   top0 idx=1359 val=0.37867
[dump]   top1 idx=1879 val=0.31020
[dump]   top2 idx=808 val=0.28791
[dump]   top3 idx=1716 val=0.26495
[dump]   top4 idx=1227 val=0.25885
[dump] L15.fmix   n=2560    finite=1 absmax=4.4981       mean=-0.0093517   sumsq=1517.247818        argmax=728
[dump]   top0 idx=728 val=4.49814
[dump]   top1 idx=2238 val=2.85990
[dump]   top2 idx=1512 val=2.52196
[dump]   top3 idx=836 val=2.51593
[dump]   top4 idx=320 val=2.50708
[dump] L15.mid    n=10      finite=1 absmax=0 mean=0 sumsq=0 ids: 494 289 207 405 288 192 174 283 199 33
[dump] L15.moe    n=2560    finite=1 absmax=0.051647     mean=-2.4589e-05  sumsq=0.451760101        argmax=1408
[dump]   top0 idx=1408 val=0.05165
[dump]   top1 idx=158 val=0.04986
[dump]   top2 idx=652 val=0.04684
[dump]   top3 idx=654 val=0.04318
[dump]   top4 idx=282 val=0.04030
[dump] L15.res    n=20480   finite=1 absmax=13.657       mean=0.0011586    sumsq=17610.75348        argmax=16311
[dump]   top0 idx=16311 val=13.65691
[dump]   top1 idx=16088 val=10.30316
[dump]   top2 idx=17671 val=9.69000
[dump]   top3 idx=16747 val=9.49565
[dump]   top4 idx=17101 val=9.22038
[dump] L16.att    n=2560    finite=1 absmax=0.23402      mean=-0.0009374   sumsq=6.033103712        argmax=2057
[dump]   top0 idx=2057 val=0.23402
[dump]   top1 idx=2184 val=0.17764
[dump]   top2 idx=713 val=0.17603
[dump]   top3 idx=2054 val=0.16806
[dump]   top4 idx=1076 val=0.16332
[dump] L16.fmix   n=2560    finite=1 absmax=2.634        mean=-0.010588    sumsq=1243.261668        argmax=1512
[dump]   top0 idx=1512 val=2.49514
[dump]   top1 idx=320 val=2.47442
[dump]   top2 idx=836 val=2.13266
[dump]   top3 idx=667 val=2.05476
[dump]   top4 idx=2480 val=2.04478
[dump] L16.mid    n=10      finite=1 absmax=0 mean=0 sumsq=0 ids: 243 228 58 272 391 263 278 142 487 429
[dump] L16.moe    n=2560    finite=1 absmax=0.06065      mean=-4.2727e-06  sumsq=0.6339195619       argmax=2532
[dump]   top0 idx=2532 val=0.06065
[dump]   top1 idx=1058 val=0.04699
[dump]   top2 idx=333 val=0.04563
[dump]   top3 idx=812 val=0.04541
[dump]   top4 idx=1383 val=0.04469
[dump] L16.res    n=20480   finite=1 absmax=10.476       mean=0.00082752   sumsq=16535.03091        argmax=16088
[dump]   top0 idx=16088 val=10.47625
[dump]   top1 idx=15778 val=10.13343
[dump]   top2 idx=16311 val=8.34739
[dump]   top3 idx=16747 val=8.03496
[dump]   top4 idx=17598 val=7.76300
[dump] L17.att    n=2560    finite=1 absmax=0.23777      mean=0.00048587   sumsq=4.857274537        argmax=1984
[dump]   top0 idx=1984 val=0.23777
[dump]   top1 idx=394 val=0.18058
[dump]   top2 idx=871 val=0.18024
[dump]   top3 idx=177 val=0.17167
[dump]   top4 idx=223 val=0.13666
[dump] L17.fmix   n=2560    finite=1 absmax=2.1979       mean=-0.0068269   sumsq=1000.765083        argmax=1512
[dump]   top0 idx=1512 val=1.98008
[dump]   top1 idx=812 val=1.92723
[dump]   top2 idx=1482 val=1.91265
[dump]   top3 idx=788 val=1.77131
[dump]   top4 idx=793 val=1.75963
[dump] L17.mid    n=10      finite=1 absmax=0 mean=0 sumsq=0 ids: 136 499 486 363 139 209 84 471 422 365
[dump] L17.moe    n=2560    finite=1 absmax=0.038025     mean=0.00031747   sumsq=0.2532301005       argmax=946
[dump]   top0 idx=946 val=0.03802
[dump]   top1 idx=928 val=0.03613
[dump]   top2 idx=1696 val=0.03277
[dump]   top3 idx=268 val=0.03054
[dump]   top4 idx=290 val=0.03044
[dump] L17.res    n=20480   finite=1 absmax=14.088       mean=0.0074391    sumsq=16375.4759         argmax=16088
[dump]   top0 idx=16088 val=14.08794
[dump]   top1 idx=16311 val=10.83697
[dump]   top2 idx=10748 val=9.40225
[dump]   top3 idx=16747 val=8.89818
[dump]   top4 idx=16565 val=8.59186
[dump] L18.att    n=2560    finite=1 absmax=0.29639      mean=-0.00067188  sumsq=5.959524743        argmax=482
[dump]   top0 idx=482 val=0.29639
[dump]   top1 idx=167 val=0.21326
[dump]   top2 idx=1509 val=0.17961
[dump]   top3 idx=689 val=0.17756
[dump]   top4 idx=784 val=0.17524
[dump] L18.fmix   n=2560    finite=1 absmax=2.5424       mean=0.0059259    sumsq=902.4168829        argmax=65
[dump]   top0 idx=65 val=2.19697
[dump]   top1 idx=588 val=2.18371
[dump]   top2 idx=631 val=2.10496
[dump]   top3 idx=1616 val=2.05684
[dump]   top4 idx=2491 val=2.00351
[dump] L18.mid    n=10      finite=1 absmax=0 mean=0 sumsq=0 ids: 131 264 29 211 448 353 347 101 24 201
[dump] L18.moe    n=2560    finite=1 absmax=0.047186     mean=0.00014232   sumsq=0.3457273659       argmax=2356
[dump]   top0 idx=2356 val=0.04719
[dump]   top1 idx=2198 val=0.04123
[dump]   top2 idx=86 val=0.03476
[dump]   top3 idx=1180 val=0.03468
[dump]   top4 idx=964 val=0.03271
[dump] L18.res    n=20480   finite=1 absmax=11.373       mean=0.006608     sumsq=7754.552509        argmax=16088
[dump]   top0 idx=16088 val=11.37263
[dump]   top1 idx=17101 val=8.16232
[dump]   top2 idx=15365 val=7.63877
[dump]   top3 idx=16311 val=7.46597
[dump]   top4 idx=10722 val=6.97367
[dump] L19.att    n=2560    finite=1 absmax=0.45292      mean=0.0011948    sumsq=17.7674978         argmax=1227
[dump]   top0 idx=1227 val=0.43315
[dump]   top1 idx=694 val=0.35056
[dump]   top2 idx=742 val=0.34372
[dump]   top3 idx=356 val=0.33390
[dump]   top4 idx=2359 val=0.33364
[dump] L19.fmix   n=2560    finite=1 absmax=2.331        mean=0.0033224    sumsq=1171.437361        argmax=2390
[dump]   top0 idx=2390 val=2.21999
[dump]   top1 idx=2499 val=2.01053
[dump]   top2 idx=2261 val=1.97963
[dump]   top3 idx=1171 val=1.94148
[dump]   top4 idx=667 val=1.93215
[dump] L19.mid    n=10      finite=1 absmax=0 mean=0 sumsq=0 ids: 31 121 377 222 315 291 490 162 173 434
[dump] L19.moe    n=2560    finite=1 absmax=0.040375     mean=0.00054346   sumsq=0.29510473         argmax=105
[dump]   top0 idx=105 val=0.03827
[dump]   top1 idx=1466 val=0.03675
[dump]   top2 idx=1461 val=0.03509
[dump]   top3 idx=797 val=0.03459
[dump]   top4 idx=25 val=0.03417
[dump] L19.res    n=20480   finite=1 absmax=15.432       mean=0.016824     sumsq=18221.41335        argmax=16311
[dump]   top0 idx=16311 val=15.43243
[dump]   top1 idx=17598 val=12.38753
[dump]   top2 idx=16088 val=10.61857
[dump]   top3 idx=17671 val=7.29994
[dump]   top4 idx=16747 val=7.08573
[dump] L20.att    n=2560    finite=1 absmax=0.5733       mean=-0.0024393   sumsq=18.12207433        argmax=717
[dump]   top0 idx=717 val=0.41389
[dump]   top1 idx=1641 val=0.39811
[dump]   top2 idx=1132 val=0.35256
[dump]   top3 idx=2293 val=0.33288
[dump]   top4 idx=1653 val=0.31262
[dump] L20.fmix   n=2560    finite=1 absmax=3.5277       mean=0.011771     sumsq=1421.958096        argmax=1466
[dump]   top0 idx=1466 val=2.92525
[dump]   top1 idx=2481 val=2.22500
[dump]   top2 idx=1171 val=2.21019
[dump]   top3 idx=1918 val=2.14954
[dump]   top4 idx=2261 val=2.10637
[dump] L20.mid    n=10      finite=1 absmax=0 mean=0 sumsq=0 ids: 485 387 442 179 258 296 388 307 40 363
[dump] L20.moe    n=2560    finite=1 absmax=0.050947     mean=0.00056307   sumsq=0.4377206423       argmax=662
[dump]   top0 idx=662 val=0.05095
[dump]   top1 idx=391 val=0.04234
[dump]   top2 idx=1450 val=0.04078
[dump]   top3 idx=1570 val=0.03839
[dump]   top4 idx=2124 val=0.03672
[dump] L20.res    n=20480   finite=1 absmax=11.855       mean=0.019955     sumsq=20792.16123        argmax=16088
[dump]   top0 idx=16088 val=11.85543
[dump]   top1 idx=15948 val=10.11264
[dump]   top2 idx=17671 val=9.76938
[dump]   top3 idx=15755 val=9.67258
[dump]   top4 idx=16747 val=9.08648
[dump] L21.att    n=2560    finite=1 absmax=0.29191      mean=0.0013127    sumsq=2.522468116        argmax=951
[dump]   top0 idx=951 val=0.29191
[dump]   top1 idx=192 val=0.22054
[dump]   top2 idx=728 val=0.17592
[dump]   top3 idx=508 val=0.16167
[dump]   top4 idx=993 val=0.14680
[dump] L21.fmix   n=2560    finite=1 absmax=3.574        mean=0.042709     sumsq=1392.059026        argmax=65
[dump]   top0 idx=65 val=2.60419
[dump]   top1 idx=1466 val=2.51753
[dump]   top2 idx=1918 val=2.49640
[dump]   top3 idx=1696 val=2.47990
[dump]   top4 idx=524 val=2.36395
[dump] L21.mid    n=10      finite=1 absmax=0 mean=0 sumsq=0 ids: 255 25 118 346 313 418 379 369 57 306
[dump] L21.moe    n=2560    finite=1 absmax=0.049628     mean=-1.7017e-05  sumsq=0.4727265716       argmax=465
[dump]   top0 idx=465 val=0.04963
[dump]   top1 idx=2269 val=0.04426
[dump]   top2 idx=2079 val=0.04170
[dump]   top3 idx=2233 val=0.04050
[dump]   top4 idx=2429 val=0.03984
[dump] L21.res    n=20480   finite=1 absmax=17.647       mean=0.022605     sumsq=17059.96523        argmax=15365
[dump]   top0 idx=15365 val=17.64741
[dump]   top1 idx=15948 val=12.55799
[dump]   top2 idx=15991 val=10.37136
[dump]   top3 idx=17279 val=10.29832
[dump]   top4 idx=17702 val=10.04722
[dump] L22.att    n=2560    finite=1 absmax=0.65944      mean=0.00087225   sumsq=7.587612161        argmax=268
[dump]   top0 idx=268 val=0.65944
[dump]   top1 idx=2238 val=0.39474
[dump]   top2 idx=728 val=0.36148
[dump]   top3 idx=951 val=0.33610
[dump]   top4 idx=631 val=0.29780
[dump] L22.fmix   n=2560    finite=1 absmax=3.4439       mean=0.029514     sumsq=1028.490366        argmax=65
[dump]   top0 idx=65 val=2.25760
[dump]   top1 idx=67 val=2.14765
[dump]   top2 idx=631 val=2.02420
[dump]   top3 idx=1857 val=2.00893
[dump]   top4 idx=2279 val=2.00825
[dump] L22.mid    n=10      finite=1 absmax=0 mean=0 sumsq=0 ids: 279 301 504 50 364 454 460 287 355 135
[dump] L22.moe    n=2560    finite=1 absmax=0.066341     mean=-3.5924e-05  sumsq=0.5369148364       argmax=1313
[dump]   top0 idx=1313 val=0.06634
[dump]   top1 idx=227 val=0.05523
[dump]   top2 idx=1237 val=0.05389
[dump]   top3 idx=1634 val=0.05014
[dump]   top4 idx=1273 val=0.04981
[dump] L22.res    n=20480   finite=1 absmax=12.247       mean=0.015862     sumsq=10908.88727        argmax=15365
[dump]   top0 idx=15365 val=12.24676
[dump]   top1 idx=16153 val=9.42423
[dump]   top2 idx=16088 val=9.31415
[dump]   top3 idx=16311 val=8.89408
[dump]   top4 idx=17101 val=8.07218
[dump] L23.att    n=2560    finite=1 absmax=0.41673      mean=0.0011278    sumsq=13.21227193        argmax=2517
[dump]   top0 idx=2517 val=0.32069
[dump]   top1 idx=784 val=0.30439
[dump]   top2 idx=86 val=0.29913
[dump]   top3 idx=1790 val=0.28518
[dump]   top4 idx=1135 val=0.28148
[dump] L23.fmix   n=2560    finite=1 absmax=2.8785       mean=0.024655     sumsq=1573.24574         argmax=2215
[dump]   top0 idx=2215 val=2.62937
[dump]   top1 idx=1171 val=2.58773
[dump]   top2 idx=1696 val=2.50336
[dump]   top3 idx=1798 val=2.49403
[dump]   top4 idx=98 val=2.47289
[dump] L23.mid    n=10      finite=1 absmax=0 mean=0 sumsq=0 ids: 356 128 480 355 45 342 477 354 107 334
[dump] L23.moe    n=2560    finite=1 absmax=0.083491     mean=0.00019938   sumsq=1.222582944        argmax=1354
[dump]   top0 idx=1354 val=0.08349
[dump]   top1 idx=1301 val=0.07921
[dump]   top2 idx=1525 val=0.07295
[dump]   top3 idx=2139 val=0.06764
[dump]   top4 idx=2286 val=0.06260
[dump] L23.res    n=20480   finite=1 absmax=15.929       mean=0.025289     sumsq=16860.25052        argmax=15991
[dump]   top0 idx=15991 val=11.10564
[dump]   top1 idx=16088 val=10.71898
[dump]   top2 idx=16565 val=8.50717
[dump]   top3 idx=15948 val=8.43869
[dump]   top4 idx=16747 val=8.38410
[dump] L24.att    n=2560    finite=1 absmax=0.13932      mean=-0.00023076  sumsq=1.59053998         argmax=1586
[dump]   top0 idx=1586 val=0.10738
[dump]   top1 idx=895 val=0.10583
[dump]   top2 idx=799 val=0.09942
[dump]   top3 idx=92 val=0.09802
[dump]   top4 idx=36 val=0.08974
[dump] L24.fmix   n=2560    finite=1 absmax=2.6608       mean=0.024101     sumsq=834.4325368        argmax=631
[dump]   top0 idx=631 val=2.66080
[dump]   top1 idx=25 val=1.85526
[dump]   top2 idx=1466 val=1.79256
[dump]   top3 idx=65 val=1.78222
[dump]   top4 idx=1696 val=1.71918
[dump] L24.mid    n=10      finite=1 absmax=0 mean=0 sumsq=0 ids: 263 134 175 354 181 360 11 231 458 46
[dump] L24.moe    n=2560    finite=1 absmax=0.041908     mean=0.00026514   sumsq=0.2916973835       argmax=2504
[dump]   top0 idx=2504 val=0.04096
[dump]   top1 idx=288 val=0.03973
[dump]   top2 idx=81 val=0.03658
[dump]   top3 idx=1792 val=0.03619
[dump]   top4 idx=1486 val=0.03467
[dump] L24.res    n=20480   finite=1 absmax=13.847       mean=0.014511     sumsq=12806.31927        argmax=16088
[dump]   top0 idx=16088 val=13.84733
[dump]   top1 idx=17598 val=8.52157
[dump]   top2 idx=15365 val=7.88576
[dump]   top3 idx=16747 val=7.39925
[dump]   top4 idx=17116 val=6.95305
[dump] L25.att    n=2560    finite=1 absmax=0.49613      mean=-2.6745e-06  sumsq=7.407806811        argmax=951
[dump]   top0 idx=951 val=0.49613
[dump]   top1 idx=993 val=0.24200
[dump]   top2 idx=914 val=0.21324
[dump]   top3 idx=1378 val=0.20331
[dump]   top4 idx=2238 val=0.19971
[dump] L25.fmix   n=2560    finite=1 absmax=2.0469       mean=0.028782     sumsq=815.3415957        argmax=2141
[dump]   top0 idx=2141 val=2.04691
[dump]   top1 idx=25 val=1.77510
[dump]   top2 idx=1918 val=1.71634
[dump]   top3 idx=746 val=1.70819
[dump]   top4 idx=98 val=1.69576
[dump] L25.mid    n=10      finite=1 absmax=0 mean=0 sumsq=0 ids: 376 346 264 68 506 427 430 142 73 478
[dump] L25.moe    n=2560    finite=1 absmax=0.035394     mean=2.0106e-05   sumsq=0.2491525059       argmax=402
[dump]   top0 idx=402 val=0.03394
[dump]   top1 idx=2462 val=0.03075
[dump]   top2 idx=255 val=0.02888
[dump]   top3 idx=1780 val=0.02868
[dump]   top4 idx=236 val=0.02821
[dump] L25.res    n=20480   finite=1 absmax=16.508       mean=0.015201     sumsq=14837.29931        argmax=16088
[dump]   top0 idx=16088 val=16.50849
[dump]   top1 idx=17101 val=8.98077
[dump]   top2 idx=15991 val=8.97768
[dump]   top3 idx=16311 val=8.84669
[dump]   top4 idx=15948 val=8.18598
[dump] L26.att    n=2560    finite=1 absmax=0.30628      mean=-0.00070417  sumsq=9.759946576        argmax=519
[dump]   top0 idx=519 val=0.30628
[dump]   top1 idx=728 val=0.26967
[dump]   top2 idx=2203 val=0.26522
[dump]   top3 idx=177 val=0.23422
[dump]   top4 idx=1883 val=0.21450
[dump] L26.fmix   n=2560    finite=1 absmax=2.0887       mean=0.020464     sumsq=745.0037862        argmax=746
[dump]   top0 idx=746 val=2.08873
[dump]   top1 idx=849 val=1.81813
[dump]   top2 idx=2233 val=1.74747
[dump]   top3 idx=25 val=1.72301
[dump]   top4 idx=1466 val=1.65110
[dump] L26.mid    n=10      finite=1 absmax=0 mean=0 sumsq=0 ids: 461 355 97 243 296 417 313 384 320 203
[dump] L26.moe    n=2560    finite=1 absmax=0.047365     mean=-2.0407e-05  sumsq=0.459218794        argmax=1500
[dump]   top0 idx=1500 val=0.04737
[dump]   top1 idx=2054 val=0.04602
[dump]   top2 idx=1828 val=0.04351
[dump]   top3 idx=1965 val=0.04261
[dump]   top4 idx=1810 val=0.04206
[dump] L26.res    n=20480   finite=1 absmax=12.28        mean=0.010159     sumsq=7461.9299          argmax=16088
[dump]   top0 idx=16088 val=12.28009
[dump]   top1 idx=17598 val=11.66354
[dump]   top2 idx=16311 val=11.62061
[dump]   top3 idx=15365 val=9.79530
[dump]   top4 idx=17793 val=7.78639
[dump] L27.att    n=2560    finite=1 absmax=0.44999      mean=0.0025038    sumsq=14.94170168        argmax=714
[dump]   top0 idx=714 val=0.31108
[dump]   top1 idx=892 val=0.29345
[dump]   top2 idx=302 val=0.27778
[dump]   top3 idx=1404 val=0.26354
[dump]   top4 idx=1341 val=0.25775
[dump] L27.fmix   n=2560    finite=1 absmax=2.3912       mean=0.022929     sumsq=807.4614986        argmax=1500
[dump]   top0 idx=1500 val=2.39121
[dump]   top1 idx=849 val=2.00154
[dump]   top2 idx=746 val=1.82440
[dump]   top3 idx=1717 val=1.78448
[dump]   top4 idx=1905 val=1.63562
[dump] L27.mid    n=10      finite=1 absmax=0 mean=0 sumsq=0 ids: 430 323 98 508 166 151 58 108 261 418
[dump] L27.moe    n=2560    finite=1 absmax=0.033559     mean=0.00035929   sumsq=0.2448243384       argmax=960
[dump]   top0 idx=960 val=0.03356
[dump]   top1 idx=1561 val=0.03256
[dump]   top2 idx=2530 val=0.03161
[dump]   top3 idx=886 val=0.03055
[dump]   top4 idx=2196 val=0.02977
[dump] L27.res    n=20480   finite=1 absmax=17.18        mean=0.021442     sumsq=15504.88854        argmax=16088
[dump]   top0 idx=16088 val=17.17980
[dump]   top1 idx=16311 val=10.30775
[dump]   top2 idx=17598 val=9.82844
[dump]   top3 idx=15365 val=8.10221
[dump]   top4 idx=19315 val=8.01101
[dump] L28.att    n=2560    finite=1 absmax=0.22547      mean=-0.0024118   sumsq=7.32052015         argmax=186
[dump]   top0 idx=186 val=0.20896
[dump]   top1 idx=736 val=0.20730
[dump]   top2 idx=1480 val=0.18822
[dump]   top3 idx=917 val=0.16390
[dump]   top4 idx=434 val=0.16084
[dump] L28.fmix   n=2560    finite=1 absmax=2.8168       mean=0.02889      sumsq=917.8486171        argmax=1500
[dump]   top0 idx=1500 val=2.81681
[dump]   top1 idx=849 val=2.13876
[dump]   top2 idx=1905 val=2.13849
[dump]   top3 idx=65 val=2.07737
[dump]   top4 idx=631 val=2.07283
[dump] L28.mid    n=10      finite=1 absmax=0 mean=0 sumsq=0 ids: 52 219 421 469 43 229 297 21 392 63
[dump] L28.moe    n=2560    finite=1 absmax=0.051159     mean=-0.00035975  sumsq=0.3211125666       argmax=1942
[dump]   top0 idx=1942 val=0.05116
[dump]   top1 idx=1207 val=0.03897
[dump]   top2 idx=667 val=0.03803
[dump]   top3 idx=486 val=0.03785
[dump]   top4 idx=722 val=0.03651
[dump] L28.res    n=20480   finite=1 absmax=13.248       mean=0.012943     sumsq=15603.00569        argmax=16088
[dump]   top0 idx=16088 val=13.24777
[dump]   top1 idx=17671 val=9.62452
[dump]   top2 idx=17101 val=8.74078
[dump]   top3 idx=16747 val=8.25993
[dump]   top4 idx=18587 val=7.40584
[dump] L29.att    n=2560    finite=1 absmax=0.10867      mean=-0.00061371  sumsq=1.701115617        argmax=1736
[dump]   top0 idx=1736 val=0.10709
[dump]   top1 idx=1882 val=0.09985
[dump]   top2 idx=1795 val=0.09940
[dump]   top3 idx=1925 val=0.08578
[dump]   top4 idx=1205 val=0.08544
[dump] L29.fmix   n=2560    finite=1 absmax=2.2704       mean=0.011104     sumsq=950.4117588        argmax=1717
[dump]   top0 idx=1717 val=2.06550
[dump]   top1 idx=1905 val=2.05843
[dump]   top2 idx=1500 val=1.98590
[dump]   top3 idx=849 val=1.96075
[dump]   top4 idx=2499 val=1.86611
[dump] L29.mid    n=10      finite=1 absmax=0 mean=0 sumsq=0 ids: 273 387 93 265 259 290 342 118 330 148
[dump] L29.moe    n=2560    finite=1 absmax=0.049145     mean=-3.9057e-05  sumsq=0.4130456693       argmax=525
[dump]   top0 idx=525 val=0.04914
[dump]   top1 idx=1955 val=0.04478
[dump]   top2 idx=309 val=0.04025
[dump]   top3 idx=2253 val=0.03911
[dump]   top4 idx=1599 val=0.03866
[dump] L29.res    n=20480   finite=1 absmax=17.357       mean=0.010554     sumsq=17134.85013        argmax=16311
[dump]   top0 idx=16311 val=17.35746
[dump]   top1 idx=16088 val=14.00397
[dump]   top2 idx=17598 val=9.73160
[dump]   top3 idx=16747 val=9.15430
[dump]   top4 idx=17671 val=8.38054
[dump] L30.att    n=2560    finite=1 absmax=0.39858      mean=-0.00065008  sumsq=10.00374993        argmax=993
[dump]   top0 idx=993 val=0.39858
[dump]   top1 idx=2502 val=0.32189
[dump]   top2 idx=482 val=0.29979
[dump]   top3 idx=597 val=0.20751
[dump]   top4 idx=2374 val=0.20483
[dump] L30.fmix   n=2560    finite=1 absmax=3.0598       mean=0.0085072    sumsq=1355.857899        argmax=1500
[dump]   top0 idx=1500 val=2.64149
[dump]   top1 idx=1914 val=2.36905
[dump]   top2 idx=1905 val=2.29918
[dump]   top3 idx=477 val=2.24786
[dump]   top4 idx=25 val=2.24543
[dump] L30.mid    n=10      finite=1 absmax=0 mean=0 sumsq=0 ids: 506 86 151 398 11 181 335 280 409 14
[dump] L30.moe    n=2560    finite=1 absmax=0.054761     mean=0.0001647    sumsq=0.6270006698       argmax=2095
[dump]   top0 idx=2095 val=0.05476
[dump]   top1 idx=2022 val=0.05263
[dump]   top2 idx=1850 val=0.05097
[dump]   top3 idx=2030 val=0.04865
[dump]   top4 idx=835 val=0.04813
[dump] L30.res    n=20480   finite=1 absmax=13.369       mean=0.0086019    sumsq=7741.690748        argmax=16088
[dump]   top0 idx=16088 val=13.36865
[dump]   top1 idx=15365 val=8.91276
[dump]   top2 idx=10722 val=7.04409
[dump]   top3 idx=17598 val=6.93420
[dump]   top4 idx=16311 val=6.84265
[dump] L31.att    n=2560    finite=1 absmax=0.24573      mean=-0.0023527   sumsq=9.971595812        argmax=1716
[dump]   top0 idx=1716 val=0.24573
[dump]   top1 idx=1205 val=0.22043
[dump]   top2 idx=1359 val=0.21584
[dump]   top3 idx=1776 val=0.19534
[dump]   top4 idx=2371 val=0.19139
[dump] L31.fmix   n=2560    finite=1 absmax=4.8376       mean=0.00083299   sumsq=2010.087143        argmax=728
[dump]   top0 idx=728 val=4.83761
[dump]   top1 idx=2238 val=3.76667
[dump]   top2 idx=98 val=3.52886
[dump]   top3 idx=477 val=3.40148
[dump]   top4 idx=1828 val=3.05716
[dump] L31.mid    n=10      finite=1 absmax=0 mean=0 sumsq=0 ids: 494 283 289 156 405 311 399 302 207 449
[dump] L31.moe    n=2560    finite=1 absmax=0.069837     mean=0.00046673   sumsq=0.8456957956       argmax=1212
[dump]   top0 idx=1212 val=0.06984
[dump]   top1 idx=877 val=0.06785
[dump]   top2 idx=2438 val=0.06494
[dump]   top3 idx=32 val=0.06082
[dump]   top4 idx=1483 val=0.05288
[dump] L31.res    n=20480   finite=1 absmax=17.107       mean=0.009412     sumsq=20154.6492         argmax=16311
[dump]   top0 idx=16311 val=17.10703
[dump]   top1 idx=16088 val=12.06970
[dump]   top2 idx=17101 val=11.35176
[dump]   top3 idx=17671 val=10.69337
[dump]   top4 idx=16747 val=10.17438
[dump] L32.att    n=2560    finite=1 absmax=0.21025      mean=-0.0011557   sumsq=4.203117598        argmax=713
[dump]   top0 idx=713 val=0.21025
[dump]   top1 idx=1368 val=0.19169
[dump]   top2 idx=1134 val=0.15231
[dump]   top3 idx=1303 val=0.13801
[dump]   top4 idx=167 val=0.13306
[dump] L32.fmix   n=2560    finite=1 absmax=3.3759       mean=0.005682     sumsq=1841.041653        argmax=1828
[dump]   top0 idx=1828 val=2.77227
[dump]   top1 idx=2335 val=2.71384
[dump]   top2 idx=477 val=2.61131
[dump]   top3 idx=2095 val=2.58587
[dump]   top4 idx=1512 val=2.58117
[dump] L32.mid    n=10      finite=1 absmax=0 mean=0 sumsq=0 ids: 228 243 263 142 58 429 272 454 377 278
[dump] L32.moe    n=2560    finite=1 absmax=0.079508     mean=-0.00026415  sumsq=0.9639118402       argmax=198
[dump]   top0 idx=198 val=0.05718
[dump]   top1 idx=1023 val=0.05702
[dump]   top2 idx=776 val=0.05402
[dump]   top3 idx=1933 val=0.05323
[dump]   top4 idx=2120 val=0.05305
[dump] L32.res    n=20480   finite=1 absmax=12.159       mean=0.0078116    sumsq=18319.40347        argmax=16088
[dump]   top0 idx=16088 val=12.15926
[dump]   top1 idx=17598 val=11.54765
[dump]   top2 idx=15778 val=10.26150
[dump]   top3 idx=16311 val=10.08194
[dump]   top4 idx=17101 val=8.88364
[dump] L33.att    n=2560    finite=1 absmax=0.14976      mean=-0.0012947   sumsq=1.722709047        argmax=2393
[dump]   top0 idx=2393 val=0.14976
[dump]   top1 idx=192 val=0.10554
[dump]   top2 idx=634 val=0.10151
[dump]   top3 idx=1990 val=0.08927
[dump]   top4 idx=550 val=0.08785
[dump] L33.fmix   n=2560    finite=1 absmax=3.5677       mean=-0.0031517   sumsq=1464.29249         argmax=1512
[dump]   top0 idx=1512 val=2.93465
[dump]   top1 idx=2335 val=2.49608
[dump]   top2 idx=788 val=2.45911
[dump]   top3 idx=1313 val=2.30434
[dump]   top4 idx=2481 val=2.26823
[dump] L33.mid    n=10      finite=1 absmax=0 mean=0 sumsq=0 ids: 136 84 374 363 345 120 419 486 253 209
[dump] L33.moe    n=2560    finite=1 absmax=0.060828     mean=2.1461e-05   sumsq=0.5497771429       argmax=1602
[dump]   top0 idx=1602 val=0.05542
[dump]   top1 idx=371 val=0.04907
[dump]   top2 idx=399 val=0.04643
[dump]   top3 idx=776 val=0.04391
[dump]   top4 idx=1484 val=0.04265
[dump] L33.res    n=20480   finite=1 absmax=16.149       mean=0.0068096    sumsq=17913.31806        argmax=16088
[dump]   top0 idx=16088 val=16.14932
[dump]   top1 idx=16311 val=12.82643
[dump]   top2 idx=17598 val=10.75193
[dump]   top3 idx=10722 val=9.99507
[dump]   top4 idx=16747 val=9.57532
[dump] L34.att    n=2560    finite=1 absmax=0.21771      mean=-0.00099312  sumsq=3.549630097        argmax=482
[dump]   top0 idx=482 val=0.21771
[dump]   top1 idx=689 val=0.16714
[dump]   top2 idx=1882 val=0.16540
[dump]   top3 idx=624 val=0.13716
[dump]   top4 idx=951 val=0.13258
[dump] L34.fmix   n=2560    finite=1 absmax=3.0021       mean=0.0086214    sumsq=1264.574429        argmax=631
[dump]   top0 idx=631 val=2.79912
[dump]   top1 idx=1313 val=2.68887
[dump]   top2 idx=1500 val=2.55596
[dump]   top3 idx=65 val=2.40456
[dump]   top4 idx=1512 val=2.26808
[dump] L34.mid    n=10      finite=1 absmax=0 mean=0 sumsq=0 ids: 131 29 353 101 24 102 264 460 211 347
[dump] L34.moe    n=2560    finite=1 absmax=0.069393     mean=0.00055625   sumsq=0.8982130944       argmax=196
[dump]   top0 idx=196 val=0.06939
[dump]   top1 idx=1709 val=0.06616
[dump]   top2 idx=1631 val=0.06564
[dump]   top3 idx=951 val=0.05766
[dump]   top4 idx=2415 val=0.05584
[dump] L34.res    n=20480   finite=1 absmax=13.548       mean=0.0075519    sumsq=8685.740518        argmax=16088
[dump]   top0 idx=16088 val=13.54839
[dump]   top1 idx=17101 val=10.53956
[dump]   top2 idx=10722 val=10.26554
[dump]   top3 idx=16311 val=9.31684
[dump]   top4 idx=15365 val=8.04402
[dump] L35.att    n=2560    finite=1 absmax=0.41972      mean=0.00059377   sumsq=9.924710838        argmax=1882
[dump]   top0 idx=1882 val=0.30054
[dump]   top1 idx=79 val=0.23072
[dump]   top2 idx=2091 val=0.21637
[dump]   top3 idx=1341 val=0.20377
[dump]   top4 idx=694 val=0.20200
[dump] L35.fmix   n=2560    finite=1 absmax=3.333        mean=0.009076     sumsq=1634.463259        argmax=410
[dump]   top0 idx=410 val=2.65188
[dump]   top1 idx=1313 val=2.60252
[dump]   top2 idx=957 val=2.52148
[dump]   top3 idx=1283 val=2.42355
[dump]   top4 idx=1512 val=2.42105
[dump] L35.mid    n=10      finite=1 absmax=0 mean=0 sumsq=0 ids: 472 31 161 291 375 121 277 315 56 490
[dump] L35.moe    n=2560    finite=1 absmax=0.074299     mean=0.00060064   sumsq=1.193632892        argmax=687
[dump]   top0 idx=687 val=0.07430
[dump]   top1 idx=1229 val=0.07416
[dump]   top2 idx=1144 val=0.07059
[dump]   top3 idx=308 val=0.06727
[dump]   top4 idx=755 val=0.06687
[dump] L35.res    n=20480   finite=1 absmax=19.32        mean=0.015858     sumsq=20099.74656        argmax=16311
[dump]   top0 idx=16311 val=19.32014
[dump]   top1 idx=17598 val=18.80554
[dump]   top2 idx=16088 val=11.53826
[dump]   top3 idx=10722 val=7.86194
[dump]   top4 idx=16747 val=7.71650
[dump] L36.att    n=2560    finite=1 absmax=0.72506      mean=0.0021306    sumsq=36.25334809        argmax=1882
[dump]   top0 idx=1882 val=0.72506
[dump]   top1 idx=2374 val=0.69917
[dump]   top2 idx=1603 val=0.66169
[dump]   top3 idx=687 val=0.65433
[dump]   top4 idx=689 val=0.62164
[dump] L36.fmix   n=2560    finite=1 absmax=5.275        mean=0.025943     sumsq=2428.20291         argmax=1313
[dump]   top0 idx=1313 val=3.23902
[dump]   top1 idx=1905 val=3.23330
[dump]   top2 idx=2510 val=3.10394
[dump]   top3 idx=888 val=2.70141
[dump]   top4 idx=2095 val=2.67908
[dump] L36.mid    n=10      finite=1 absmax=0 mean=0 sumsq=0 ids: 387 218 169 25 296 210 363 258 179 262
[dump] L36.moe    n=2560    finite=1 absmax=0.22787      mean=-6.4671e-05  sumsq=4.689515806        argmax=1641
[dump]   top0 idx=1641 val=0.18547
[dump]   top1 idx=2128 val=0.13942
[dump]   top2 idx=2120 val=0.13672
[dump]   top3 idx=1368 val=0.13602
[dump]   top4 idx=1232 val=0.13129
[dump] L36.res    n=20480   finite=1 absmax=13.302       mean=0.017682     sumsq=22466.92695        argmax=16088
[dump]   top0 idx=16088 val=13.30246
[dump]   top1 idx=17671 val=10.62894
[dump]   top2 idx=15755 val=10.54112
[dump]   top3 idx=17598 val=10.34043
[dump]   top4 idx=16860 val=9.32587
[dump] L37.att    n=2560    finite=1 absmax=0.24199      mean=-0.00063387  sumsq=4.593646851        argmax=713
[dump]   top0 idx=713 val=0.24199
[dump]   top1 idx=1882 val=0.21463
[dump]   top2 idx=951 val=0.19862
[dump]   top3 idx=1061 val=0.19717
[dump]   top4 idx=892 val=0.17644
[dump] L37.fmix   n=2560    finite=1 absmax=4.5108       mean=0.035637     sumsq=2475.121352        argmax=1313
[dump]   top0 idx=1313 val=3.61158
[dump]   top1 idx=957 val=3.12878
[dump]   top2 idx=2510 val=2.95578
[dump]   top3 idx=1144 val=2.92986
[dump]   top4 idx=1283 val=2.91734
[dump] L37.mid    n=10      finite=1 absmax=0 mean=0 sumsq=0 ids: 306 255 313 369 19 57 200 118 494 346
[dump] L37.moe    n=2560    finite=1 absmax=0.10858      mean=0.00044757   sumsq=2.895151535        argmax=2389
[dump]   top0 idx=2389 val=0.10204
[dump]   top1 idx=582 val=0.10021
[dump]   top2 idx=2263 val=0.10005
[dump]   top3 idx=205 val=0.09929
[dump]   top4 idx=882 val=0.09686
[dump] L37.res    n=20480   finite=1 absmax=17.017       mean=0.019954     sumsq=18826.71461        argmax=15365
[dump]   top0 idx=15365 val=17.01720
[dump]   top1 idx=15991 val=13.49449
[dump]   top2 idx=17279 val=12.09497
[dump]   top3 idx=10927 val=10.92059
[dump]   top4 idx=15948 val=10.24319
[dump] L38.att    n=2560    finite=1 absmax=0.4572       mean=-0.00040606  sumsq=8.673721676        argmax=36
[dump]   top0 idx=36 val=0.28241
[dump]   top1 idx=913 val=0.27033
[dump]   top2 idx=308 val=0.26634
[dump]   top3 idx=403 val=0.23699
[dump]   top4 idx=1959 val=0.23389
[dump] L38.fmix   n=2560    finite=1 absmax=5.0222       mean=0.031865     sumsq=2359.888243        argmax=1694
[dump]   top0 idx=1694 val=2.90256
[dump]   top1 idx=1967 val=2.78838
[dump]   top2 idx=911 val=2.59346
[dump]   top3 idx=1391 val=2.58692
[dump]   top4 idx=582 val=2.55224
[dump] L38.mid    n=10      finite=1 absmax=0 mean=0 sumsq=0 ids: 279 301 206 504 460 50 486 135 7 287
[dump] L38.moe    n=2560    finite=1 absmax=0.13261      mean=-0.00045982  sumsq=3.065055928        argmax=2422
[dump]   top0 idx=2422 val=0.13261
[dump]   top1 idx=603 val=0.11578
[dump]   top2 idx=428 val=0.10838
[dump]   top3 idx=2060 val=0.10445
[dump]   top4 idx=524 val=0.10021
[dump] L38.res    n=20480   finite=1 absmax=13.423       mean=0.011813     sumsq=13335.01257        argmax=15365
[dump]   top0 idx=15365 val=13.41828
[dump]   top1 idx=15427 val=10.62029
[dump]   top2 idx=15991 val=9.98652
[dump]   top3 idx=16860 val=9.64689
[dump]   top4 idx=17702 val=8.90433
[dump] L39.att    n=2560    finite=1 absmax=0.32476      mean=0.00032745   sumsq=11.51274057        argmax=1882
[dump]   top0 idx=1882 val=0.30769
[dump]   top1 idx=2018 val=0.29028
[dump]   top2 idx=892 val=0.28763
[dump]   top3 idx=799 val=0.27548
[dump]   top4 idx=1737 val=0.27135
[dump] L39.fmix   n=2560    finite=1 absmax=5.0937       mean=0.020811     sumsq=2539.775042        argmax=67
[dump]   top0 idx=67 val=5.09373
[dump]   top1 idx=579 val=4.27182
[dump]   top2 idx=308 val=3.34670
[dump]   top3 idx=2209 val=3.21444
[dump]   top4 idx=400 val=3.18717
[dump] L39.mid    n=10      finite=1 absmax=0 mean=0 sumsq=0 ids: 356 60 128 77 32 480 177 42 496 342
[dump] L39.moe    n=2560    finite=1 absmax=0.28992      mean=-0.00062544  sumsq=11.88538949        argmax=1368
[dump]   top0 idx=1368 val=0.27604
[dump]   top1 idx=1030 val=0.22741
[dump]   top2 idx=2190 val=0.22283
[dump]   top3 idx=2356 val=0.22182
[dump]   top4 idx=1734 val=0.20681
[dump] L39.res    n=20480   finite=1 absmax=28.399       mean=0.01629      sumsq=31470.18173        argmax=15991
[dump]   top0 idx=15991 val=19.48647
[dump]   top1 idx=15427 val=16.58244
[dump]   top2 idx=17702 val=15.57931
[dump]   top3 idx=15619 val=13.61556
[dump]   top4 idx=16565 val=11.49611
[dump] L40.att    n=2560    finite=1 absmax=0.51406      mean=0.0039524    sumsq=10.33193866        argmax=1061
[dump]   top0 idx=1061 val=0.51406
[dump]   top1 idx=138 val=0.26542
[dump]   top2 idx=1116 val=0.25918
[dump]   top3 idx=482 val=0.25672
[dump]   top4 idx=882 val=0.23822
[dump] L40.fmix   n=2560    finite=1 absmax=6.3616       mean=0.020775     sumsq=2987.92473         argmax=67
[dump]   top0 idx=67 val=6.36159
[dump]   top1 idx=579 val=5.12223
[dump]   top2 idx=2238 val=4.43431
[dump]   top3 idx=1844 val=3.63086
[dump]   top4 idx=1756 val=3.50618
[dump] L40.mid    n=10      finite=1 absmax=0 mean=0 sumsq=0 ids: 232 172 335 280 138 22 398 178 208 66
[dump] L40.moe    n=2560    finite=1 absmax=0.1158       mean=0.00056391   sumsq=2.499281551        argmax=944
[dump]   top0 idx=944 val=0.11580
[dump]   top1 idx=621 val=0.09365
[dump]   top2 idx=2443 val=0.09267
[dump]   top3 idx=2360 val=0.09098
[dump]   top4 idx=2239 val=0.08971
[dump] L40.res    n=20480   finite=1 absmax=17.954       mean=0.023048     sumsq=24628.48214        argmax=15991
[dump]   top0 idx=15991 val=16.62931
[dump]   top1 idx=17598 val=9.97737
[dump]   top2 idx=13861 val=9.80102
[dump]   top3 idx=17116 val=9.51058
[dump]   top4 idx=14517 val=9.08306
[dump] L41.att    n=2560    finite=1 absmax=0.51132      mean=0.00043171   sumsq=8.914157482        argmax=1882
[dump]   top0 idx=1882 val=0.51132
[dump]   top1 idx=993 val=0.22519
[dump]   top2 idx=2234 val=0.22342
[dump]   top3 idx=562 val=0.21785
[dump]   top4 idx=1067 val=0.21554
[dump] L41.fmix   n=2560    finite=1 absmax=5.8645       mean=0.029417     sumsq=2908.017593        argmax=67
[dump]   top0 idx=67 val=5.86452
[dump]   top1 idx=579 val=4.50057
[dump]   top2 idx=2190 val=3.96474
[dump]   top3 idx=1756 val=3.83939
[dump]   top4 idx=1693 val=3.71970
[dump] L41.mid    n=10      finite=1 absmax=0 mean=0 sumsq=0 ids: 59 240 149 450 105 205 132 433 118 445
[dump] L41.moe    n=2560    finite=1 absmax=0.099442     mean=7.1628e-05   sumsq=1.616354527        argmax=1070
[dump]   top0 idx=1070 val=0.08015
[dump]   top1 idx=1603 val=0.07942
[dump]   top2 idx=2481 val=0.07758
[dump]   top3 idx=2465 val=0.07629
[dump]   top4 idx=597 val=0.07485
[dump] L41.res    n=20480   finite=1 absmax=14.731       mean=0.022933     sumsq=25053.34691        argmax=15991
[dump]   top0 idx=15991 val=12.76557
[dump]   top1 idx=16860 val=10.07945
[dump]   top2 idx=15212 val=9.71762
[dump]   top3 idx=11608 val=9.21469
[dump]   top4 idx=17598 val=8.60452
[dump] L42.att    n=2560    finite=1 absmax=0.33883      mean=-0.00085564  sumsq=6.126467521        argmax=1039
[dump]   top0 idx=1039 val=0.27335
[dump]   top1 idx=36 val=0.24146
[dump]   top2 idx=482 val=0.24022
[dump]   top3 idx=517 val=0.21722
[dump]   top4 idx=722 val=0.20725
[dump] L42.fmix   n=2560    finite=1 absmax=5.1252       mean=0.029753     sumsq=3352.952629        argmax=579
[dump]   top0 idx=579 val=4.73422
[dump]   top1 idx=67 val=4.23428
[dump]   top2 idx=1693 val=4.23173
[dump]   top3 idx=2190 val=3.85326
[dump]   top4 idx=2239 val=3.70293
[dump] L42.mid    n=10      finite=1 absmax=0 mean=0 sumsq=0 ids: 341 3 212 310 151 391 337 195 140 269
[dump] L42.moe    n=2560    finite=1 absmax=0.12117      mean=0.00034804   sumsq=2.985755562        argmax=1502
[dump]   top0 idx=1502 val=0.12117
[dump]   top1 idx=1594 val=0.11324
[dump]   top2 idx=1633 val=0.10442
[dump]   top3 idx=1733 val=0.10143
[dump]   top4 idx=615 val=0.09479
[dump] L42.res    n=20480   finite=1 absmax=11.808       mean=0.01191      sumsq=7999.540106        argmax=15365
[dump]   top0 idx=15365 val=10.00560
[dump]   top1 idx=15427 val=9.37596
[dump]   top2 idx=15991 val=8.17859
[dump]   top3 idx=17279 val=7.69087
[dump]   top4 idx=13682 val=7.06491
[dump] L43.att    n=2560    finite=1 absmax=0.54923      mean=0.0020032    sumsq=9.376926879        argmax=417
[dump]   top0 idx=417 val=0.54923
[dump]   top1 idx=67 val=0.52420
[dump]   top2 idx=1959 val=0.36971
[dump]   top3 idx=1391 val=0.33741
[dump]   top4 idx=1844 val=0.32273
[dump] L43.fmix   n=2560    finite=1 absmax=6.2696       mean=0.028236     sumsq=2508.593378        argmax=67
[dump]   top0 idx=67 val=6.26958
[dump]   top1 idx=2239 val=3.94202
[dump]   top2 idx=1844 val=3.73403
[dump]   top3 idx=579 val=3.69186
[dump]   top4 idx=1633 val=3.49420
[dump] L43.mid    n=10      finite=1 absmax=0 mean=0 sumsq=0 ids: 300 86 462 451 324 483 270 0 64 18
[dump] L43.moe    n=2560    finite=1 absmax=0.21283      mean=-0.00018289  sumsq=5.092208655        argmax=1882
[dump]   top0 idx=1882 val=0.21283
[dump]   top1 idx=944 val=0.17987
[dump]   top2 idx=283 val=0.14120
[dump]   top3 idx=200 val=0.13329
[dump]   top4 idx=315 val=0.13139
[dump] L43.res    n=20480   finite=1 absmax=22.877       mean=0.030683     sumsq=35416.21071        argmax=15991
[dump]   top0 idx=15991 val=16.45701
[dump]   top1 idx=17598 val=11.98110
[dump]   top2 idx=15994 val=11.83544
[dump]   top3 idx=17838 val=11.17339
[dump]   top4 idx=16419 val=11.14461
[dump] L44.att    n=2560    finite=1 absmax=2.2182       mean=-0.00017711  sumsq=64.85800943        argmax=1238
[dump]   top0 idx=1238 val=0.77961
[dump]   top1 idx=634 val=0.67654
[dump]   top2 idx=1882 val=0.55889
[dump]   top3 idx=181 val=0.52950
[dump]   top4 idx=1101 val=0.48080
[dump] L44.fmix   n=2560    finite=1 absmax=7.0764       mean=0.033742     sumsq=2903.551397        argmax=67
[dump]   top0 idx=67 val=7.07636
[dump]   top1 idx=1633 val=5.35591
[dump]   top2 idx=1844 val=4.98649
[dump]   top3 idx=417 val=4.56154
[dump]   top4 idx=944 val=4.34243
[dump] L44.mid    n=10      finite=1 absmax=0 mean=0 sumsq=0 ids: 287 87 190 75 192 401 61 306 301 198
[dump] L44.moe    n=2560    finite=1 absmax=0.117        mean=-3.9237e-05  sumsq=2.223230346        argmax=206
[dump]   top0 idx=206 val=0.11700
[dump]   top1 idx=728 val=0.10644
[dump]   top2 idx=2449 val=0.10342
[dump]   top3 idx=1125 val=0.10306
[dump]   top4 idx=617 val=0.08627
[dump] L44.res    n=20480   finite=1 absmax=42.613       mean=0.02117      sumsq=27383.02452        argmax=15991
[dump]   top0 idx=15991 val=22.21986
[dump]   top1 idx=16565 val=11.73888
[dump]   top2 idx=17319 val=11.01643
[dump]   top3 idx=17598 val=10.67022
[dump]   top4 idx=15212 val=10.63385
[dump] L45.att    n=2560    finite=1 absmax=1.9316       mean=0.0062952    sumsq=145.0027594        argmax=631
[dump]   top0 idx=631 val=1.46547
[dump]   top1 idx=1810 val=1.38632
[dump]   top2 idx=1882 val=1.30404
[dump]   top3 idx=1202 val=1.20357
[dump]   top4 idx=745 val=0.98235
[dump] L45.fmix   n=2560    finite=1 absmax=7.1413       mean=0.035792     sumsq=2847.690476        argmax=67
[dump]   top0 idx=67 val=7.09323
[dump]   top1 idx=1633 val=5.64062
[dump]   top2 idx=417 val=4.87395
[dump]   top3 idx=1844 val=4.65077
[dump]   top4 idx=944 val=4.06244
[dump] L45.mid    n=10      finite=1 absmax=0 mean=0 sumsq=0 ids: 237 66 343 339 85 103 303 443 280 471
[dump] L45.moe    n=2560    finite=1 absmax=0.12144      mean=-0.00055291  sumsq=2.49519519         argmax=331
[dump]   top0 idx=331 val=0.11121
[dump]   top1 idx=1410 val=0.10583
[dump]   top2 idx=1425 val=0.08696
[dump]   top3 idx=2089 val=0.08662
[dump]   top4 idx=1138 val=0.08511
[dump] L45.res    n=20480   finite=1 absmax=29.942       mean=0.022112     sumsq=29316.79711        argmax=15427
[dump]   top0 idx=15427 val=29.94222
[dump]   top1 idx=14610 val=19.53086
[dump]   top2 idx=15991 val=17.81433
[dump]   top3 idx=17204 val=15.45940
[dump]   top4 idx=17702 val=15.21773
[dump] L46.att    n=2560    finite=1 absmax=5.4879       mean=0.0037737    sumsq=242.8968554        argmax=181
[dump]   top0 idx=181 val=3.15078
[dump]   top1 idx=951 val=2.49062
[dump]   top2 idx=634 val=1.96236
[dump]   top3 idx=2502 val=1.64904
[dump]   top4 idx=1497 val=1.48215
[dump] L46.fmix   n=2560    finite=1 absmax=5.8477       mean=0.025676     sumsq=2667.911926        argmax=67
[dump]   top0 idx=67 val=5.84766
[dump]   top1 idx=1633 val=4.45955
[dump]   top2 idx=944 val=4.14979
[dump]   top3 idx=1844 val=4.06631
[dump]   top4 idx=634 val=3.92285
[dump] L46.mid    n=10      finite=1 absmax=0 mean=0 sumsq=0 ids: 25 505 56 60 264 115 258 123 281 491
[dump] L46.moe    n=2560    finite=1 absmax=0.18252      mean=-7.1526e-05  sumsq=3.612168847        argmax=1872
[dump]   top0 idx=1872 val=0.14404
[dump]   top1 idx=617 val=0.13653
[dump]   top2 idx=19 val=0.13149
[dump]   top3 idx=192 val=0.13129
[dump]   top4 idx=63 val=0.13124
[dump] L46.res    n=20480   finite=1 absmax=15.373       mean=0.014844     sumsq=16033.65811        argmax=15427
[dump]   top0 idx=15427 val=12.78536
[dump]   top1 idx=17702 val=9.39338
[dump]   top2 idx=12122 val=8.74450
[dump]   top3 idx=15991 val=8.55509
[dump]   top4 idx=17204 val=8.47546
[dump] L47.att    n=2560    finite=1 absmax=1.2522       mean=-0.0037399   sumsq=46.75572444        argmax=1027
[dump]   top0 idx=1027 val=1.25216
[dump]   top1 idx=722 val=0.72450
[dump]   top2 idx=579 val=0.69732
[dump]   top3 idx=36 val=0.68761
[dump]   top4 idx=1395 val=0.65079
[dump] L47.fmix   n=2560    finite=1 absmax=5.5727       mean=0.015223     sumsq=2517.712604        argmax=67
[dump]   top0 idx=67 val=5.57274
[dump]   top1 idx=417 val=4.30029
[dump]   top2 idx=1882 val=4.01389
[dump]   top3 idx=944 val=3.81773
[dump]   top4 idx=1844 val=3.76036
[dump] L47.mid    n=10      finite=1 absmax=0 mean=0 sumsq=0 ids: 481 186 286 354 352 316 157 196 206 367
[dump] L47.moe    n=2560    finite=1 absmax=1.0499       mean=-0.00045847  sumsq=22.81494709        argmax=181
[dump]   top0 idx=181 val=0.88793
[dump]   top1 idx=634 val=0.41803
[dump]   top2 idx=951 val=0.41423
[dump]   top3 idx=2356 val=0.32437
[dump]   top4 idx=482 val=0.31479
[dump] L47.res    n=20480   finite=1 absmax=108.63       mean=0.0060263    sumsq=198987.7789        argmax=12981
[dump]   top0 idx=12981 val=68.42161
[dump]   top1 idx=13434 val=51.67414
[dump]   top2 idx=15541 val=47.83503
[dump]   top3 idx=18101 val=45.43159
[dump]   top4 idx=15994 val=39.98565
[dump] L00.att    n=2560    finite=1 absmax=0.7683       mean=-0.00058846  sumsq=25.4313607         argmax=5
[dump]   top0 idx=5 val=0.76830
[dump]   top1 idx=417 val=0.74188
[dump]   top2 idx=67 val=0.67076
[dump]   top3 idx=2342 val=0.53429
[dump]   top4 idx=2325 val=0.38891
[dump] L00.fmix   n=2560    finite=1 absmax=1.9301       mean=0.015139     sumsq=403.7038477        argmax=1682
[dump]   top0 idx=1682 val=1.93007
[dump]   top1 idx=2474 val=1.87568
[dump]   top2 idx=1733 val=1.71622
[dump]   top3 idx=796 val=1.63881
[dump]   top4 idx=707 val=1.60155
[dump] L00.mid    n=10      finite=1 absmax=0 mean=0 sumsq=0 ids: 460 479 15 139 367 339 497 11 340 449
[dump] L00.moe    n=2560    finite=1 absmax=0.25278      mean=0.00049631   sumsq=2.478660716        argmax=1682
[dump]   top0 idx=1682 val=0.25278
[dump]   top1 idx=728 val=0.19798
[dump]   top2 idx=268 val=0.17653
[dump]   top3 idx=579 val=0.16937
[dump]   top4 idx=2238 val=0.16082
[dump] L00.res    n=10240   finite=1 absmax=0.22376      mean=0.00046861   sumsq=2.68966003         argmax=6802
[dump]   top0 idx=6802 val=0.22376
[dump]   top1 idx=5125 val=0.19488
[dump]   top2 idx=5187 val=0.17023
[dump]   top3 idx=5848 val=0.16976
[dump]   top4 idx=6325 val=0.14544
[dump] L01.att    n=2560    finite=1 absmax=1.8405       mean=-0.0069851   sumsq=54.58644429        argmax=331
[dump]   top0 idx=331 val=1.84052
[dump]   top1 idx=1392 val=0.83096
[dump]   top2 idx=736 val=0.58283
[dump]   top3 idx=667 val=0.56447
[dump]   top4 idx=1887 val=0.55677
[dump] L01.fmix   n=2560    finite=1 absmax=2.2863       mean=-0.0050342   sumsq=376.5618559        argmax=5
[dump]   top0 idx=5 val=1.98698
[dump]   top1 idx=227 val=1.60157
[dump]   top2 idx=588 val=1.49117
[dump]   top3 idx=631 val=1.44869
[dump]   top4 idx=533 val=1.34794
[dump] L01.mid    n=10      finite=1 absmax=0 mean=0 sumsq=0 ids: 500 69 154 19 86 306 505 349 249 67
[dump] L01.moe    n=2560    finite=1 absmax=0.037083     mean=0.00012237   sumsq=0.1316567178       argmax=855
[dump]   top0 idx=855 val=0.03708
[dump]   top1 idx=514 val=0.02290
[dump]   top2 idx=2301 val=0.02285
[dump]   top3 idx=2001 val=0.02272
[dump]   top4 idx=1039 val=0.02207
[dump] L01.res    n=20480   finite=1 absmax=17.278       mean=0.013517     sumsq=16328.92605        argmax=18251
[dump]   top0 idx=18251 val=17.27785
[dump]   top1 idx=15365 val=12.89187
[dump]   top2 idx=16454 val=11.92938
[dump]   top3 idx=19312 val=11.77100
[dump]   top4 idx=15948 val=10.22223
[dump] L02.att    n=2560    finite=1 absmax=0.53878      mean=0.0050882    sumsq=32.45874132        argmax=524
[dump]   top0 idx=524 val=0.41053
[dump]   top1 idx=253 val=0.39471
[dump]   top2 idx=1474 val=0.39031
[dump]   top3 idx=693 val=0.38356
[dump]   top4 idx=2151 val=0.38209
[dump] L02.fmix   n=2560    finite=1 absmax=2.8363       mean=0.0079854    sumsq=376.7605742        argmax=67
[dump]   top0 idx=67 val=1.40607
[dump]   top1 idx=631 val=1.38346
[dump]   top2 idx=1881 val=1.35723
[dump]   top3 idx=2342 val=1.29852
[dump]   top4 idx=2272 val=1.29142
[dump] L02.mid    n=10      finite=1 absmax=0 mean=0 sumsq=0 ids: 75 54 492 247 12 480 61 13 272 32
[dump] L02.moe    n=2560    finite=1 absmax=0.07042      mean=0.00058054   sumsq=0.2347088577       argmax=728
[dump]   top0 idx=728 val=0.07042
[dump]   top1 idx=885 val=0.06467
[dump]   top2 idx=951 val=0.06372
[dump]   top3 idx=385 val=0.05262
[dump]   top4 idx=65 val=0.05230
[dump] L02.res    n=20480   finite=1 absmax=15.26        mean=0.017461     sumsq=8234.053366        argmax=15365
[dump]   top0 idx=15365 val=15.25994
[dump]   top1 idx=16088 val=13.92859
[dump]   top2 idx=18251 val=8.66518
[dump]   top3 idx=15948 val=6.98017
[dump]   top4 idx=19312 val=6.95954
[dump] L03.att    n=2560    finite=1 absmax=0.42472      mean=-0.0039034   sumsq=17.97531486        argmax=2442
[dump]   top0 idx=2442 val=0.42472
[dump]   top1 idx=551 val=0.31679
[dump]   top2 idx=1890 val=0.28437
[dump]   top3 idx=1930 val=0.26397
[dump]   top4 idx=1395 val=0.25752
[dump] L03.fmix   n=2560    finite=1 absmax=4.2505       mean=0.0059108    sumsq=679.7076101        argmax=67
[dump]   top0 idx=67 val=2.23494
[dump]   top1 idx=728 val=1.95769
[dump]   top2 idx=1930 val=1.93334
[dump]   top3 idx=631 val=1.87196
[dump]   top4 idx=259 val=1.74235
[dump] L03.mid    n=10      finite=1 absmax=0 mean=0 sumsq=0 ids: 101 504 365 190 318 143 231 455 8 441
[dump] L03.moe    n=2560    finite=1 absmax=0.048522     mean=0.00015972   sumsq=0.2910620351       argmax=949
[dump]   top0 idx=949 val=0.04852
[dump]   top1 idx=2140 val=0.04256
[dump]   top2 idx=1096 val=0.03661
[dump]   top3 idx=2172 val=0.03392
[dump]   top4 idx=544 val=0.02992
[dump] L03.res    n=20480   finite=1 absmax=16.568       mean=0.019006     sumsq=16901.21255        argmax=15365
[dump]   top0 idx=15365 val=16.56824
[dump]   top1 idx=15948 val=12.82424
[dump]   top2 idx=16088 val=10.86131
[dump]   top3 idx=18012 val=9.84841
[dump]   top4 idx=16565 val=9.54398
[dump] L04.att    n=2560    finite=1 absmax=0.41243      mean=-0.00017957  sumsq=16.03481654        argmax=1653
[dump]   top0 idx=1653 val=0.41243
[dump]   top1 idx=631 val=0.30822
[dump]   top2 idx=2433 val=0.30150
[dump]   top3 idx=372 val=0.29795
[dump]   top4 idx=245 val=0.24612
[dump] L04.fmix   n=2560    finite=1 absmax=3.8952       mean=0.011752     sumsq=793.5820055        argmax=1521
[dump]   top0 idx=1521 val=1.99318
[dump]   top1 idx=1205 val=1.87284
[dump]   top2 idx=418 val=1.80383
[dump]   top3 idx=67 val=1.76228
[dump]   top4 idx=1930 val=1.75911
[dump] L04.mid    n=10      finite=1 absmax=0 mean=0 sumsq=0 ids: 106 41 410 496 320 500 252 209 274 453
[dump] L04.moe    n=2560    finite=1 absmax=0.063336     mean=-8.517e-06   sumsq=0.3109680228       argmax=1653
[dump]   top0 idx=1653 val=0.06334
[dump]   top1 idx=1199 val=0.04135
[dump]   top2 idx=579 val=0.03721
[dump]   top3 idx=2083 val=0.03562
[dump]   top4 idx=1185 val=0.03455
[dump] L04.res    n=20480   finite=1 absmax=22.163       mean=0.015435     sumsq=15742.34477        argmax=19573
[dump]   top0 idx=19573 val=22.16277
[dump]   top1 idx=15365 val=13.54502
[dump]   top2 idx=15948 val=12.67301
[dump]   top3 idx=16088 val=12.56291
[dump]   top4 idx=16311 val=9.74184
[dump] L05.att    n=2560    finite=1 absmax=0.46336      mean=-0.0014479   sumsq=14.95942126        argmax=593
[dump]   top0 idx=593 val=0.35201
[dump]   top1 idx=1134 val=0.32269
[dump]   top2 idx=1897 val=0.31605
[dump]   top3 idx=1205 val=0.30301
[dump]   top4 idx=1770 val=0.29176
[dump] L05.fmix   n=2560    finite=1 absmax=2.265        mean=0.010114     sumsq=622.8839063        argmax=631
[dump]   top0 idx=631 val=2.26503
[dump]   top1 idx=1205 val=1.79269
[dump]   top2 idx=753 val=1.65740
[dump]   top3 idx=1521 val=1.58471
[dump]   top4 idx=1512 val=1.49664
[dump] L05.mid    n=10      finite=1 absmax=0 mean=0 sumsq=0 ids: 446 344 169 314 236 468 471 291 302 49
[dump] L05.moe    n=2560    finite=1 absmax=0.036897     mean=0.00029038   sumsq=0.2029397574       argmax=885
[dump]   top0 idx=885 val=0.03690
[dump]   top1 idx=2533 val=0.03467
[dump]   top2 idx=2505 val=0.03156
[dump]   top3 idx=192 val=0.02935
[dump]   top4 idx=2314 val=0.02900
[dump] L05.res    n=20480   finite=1 absmax=15.893       mean=0.016846     sumsq=13841.47521        argmax=15365
[dump]   top0 idx=15365 val=15.89316
[dump]   top1 idx=16088 val=14.46950
[dump]   top2 idx=15948 val=10.42644
[dump]   top3 idx=18012 val=9.71179
[dump]   top4 idx=17702 val=9.11717
[dump] L06.att    n=2560    finite=1 absmax=1.1325       mean=-0.0013022   sumsq=54.85153691        argmax=951
[dump]   top0 idx=951 val=1.13252
[dump]   top1 idx=482 val=1.12465
[dump]   top2 idx=728 val=0.74362
[dump]   top3 idx=1682 val=0.59553
[dump]   top4 idx=1359 val=0.57153
[dump] L06.fmix   n=2560    finite=1 absmax=2.952        mean=0.015338     sumsq=898.3072051        argmax=631
[dump]   top0 idx=631 val=2.52782
[dump]   top1 idx=1521 val=2.02558
[dump]   top2 idx=1523 val=1.97205
[dump]   top3 idx=67 val=1.93949
[dump]   top4 idx=1512 val=1.81079
[dump] L06.mid    n=10      finite=1 absmax=0 mean=0 sumsq=0 ids: 51 152 159 91 432 109 165 375 123 223
[dump] L06.moe    n=2560    finite=1 absmax=0.064186     mean=0.00056675   sumsq=0.3414823734       argmax=2453
[dump]   top0 idx=2453 val=0.06419
[dump]   top1 idx=528 val=0.04678
[dump]   top2 idx=1716 val=0.04539
[dump]   top3 idx=513 val=0.04435
[dump]   top4 idx=1102 val=0.04433
[dump] L06.res    n=20480   finite=1 absmax=14.267       mean=0.014551     sumsq=7722.933262        argmax=15365
[dump]   top0 idx=15365 val=14.26680
[dump]   top1 idx=16088 val=8.81933
[dump]   top2 idx=15948 val=6.84709
[dump]   top3 idx=17702 val=6.71351
[dump]   top4 idx=10722 val=6.23505
[dump] L07.att    n=2560    finite=1 absmax=0.6869       mean=0.0011041    sumsq=30.11197116        argmax=2293
[dump]   top0 idx=2293 val=0.48984
[dump]   top1 idx=2180 val=0.45863
[dump]   top2 idx=1795 val=0.41988
[dump]   top3 idx=1076 val=0.40657
[dump]   top4 idx=47 val=0.39772
[dump] L07.fmix   n=2560    finite=1 absmax=2.206        mean=0.019248     sumsq=674.2245729        argmax=1521
[dump]   top0 idx=1521 val=1.73362
[dump]   top1 idx=2433 val=1.68189
[dump]   top2 idx=259 val=1.58990
[dump]   top3 idx=631 val=1.53331
[dump]   top4 idx=205 val=1.48502
[dump] L07.mid    n=10      finite=1 absmax=0 mean=0 sumsq=0 ids: 87 242 445 358 252 193 191 8 194 163
[dump] L07.moe    n=2560    finite=1 absmax=0.049282     mean=0.00028749   sumsq=0.2836662595       argmax=2453
[dump]   top0 idx=2453 val=0.04068
[dump]   top1 idx=757 val=0.03677
[dump]   top2 idx=2258 val=0.03584
[dump]   top3 idx=526 val=0.03426
[dump]   top4 idx=1712 val=0.03369
[dump] L07.res    n=20480   finite=1 absmax=13.416       mean=0.025297     sumsq=16817.67095        argmax=13987
[dump]   top0 idx=13987 val=10.77648
[dump]   top1 idx=16088 val=8.62989
[dump]   top2 idx=17702 val=8.04639
[dump]   top3 idx=15948 val=7.96997
[dump]   top4 idx=18551 val=7.91009
[dump] L08.att    n=2560    finite=1 absmax=0.099425     mean=0.00011476   sumsq=1.489584304        argmax=799
[dump]   top0 idx=799 val=0.09942
[dump]   top1 idx=1499 val=0.08979
[dump]   top2 idx=582 val=0.08848
[dump]   top3 idx=706 val=0.08309
[dump]   top4 idx=1043 val=0.08214
[dump] L08.fmix   n=2560    finite=1 absmax=2.4797       mean=0.026926     sumsq=685.5133484        argmax=631
[dump]   top0 idx=631 val=2.47974
[dump]   top1 idx=2433 val=1.71539
[dump]   top2 idx=1930 val=1.63571
[dump]   top3 idx=744 val=1.61197
[dump]   top4 idx=1899 val=1.54383
[dump] L08.mid    n=10      finite=1 absmax=0 mean=0 sumsq=0 ids: 263 181 134 360 462 175 46 183 219 28
[dump] L08.moe    n=2560    finite=1 absmax=0.043603     mean=-0.00037879  sumsq=0.4623271659       argmax=3
[dump]   top0 idx=3 val=0.04354
[dump]   top1 idx=1388 val=0.03980
[dump]   top2 idx=1153 val=0.03973
[dump]   top3 idx=1595 val=0.03865
[dump]   top4 idx=2075 val=0.03845
[dump] L08.res    n=20480   finite=1 absmax=11.529       mean=0.014859     sumsq=11669.04862        argmax=16088
[dump]   top0 idx=16088 val=11.52868
[dump]   top1 idx=15365 val=8.46396
[dump]   top2 idx=18012 val=7.03913
[dump]   top3 idx=16747 val=6.74979
[dump]   top4 idx=16565 val=6.28568
[dump] L09.att    n=2560    finite=1 absmax=0.34784      mean=0.0025287    sumsq=17.14986911        argmax=2393
[dump]   top0 idx=2393 val=0.34784
[dump]   top1 idx=1332 val=0.29146
[dump]   top2 idx=1378 val=0.28358
[dump]   top3 idx=1413 val=0.27881
[dump]   top4 idx=149 val=0.26060
[dump] L09.fmix   n=2560    finite=1 absmax=2.5066       mean=0.027622     sumsq=723.4705311        argmax=92
[dump]   top0 idx=92 val=2.50658
[dump]   top1 idx=1205 val=2.12946
[dump]   top2 idx=2433 val=1.91461
[dump]   top3 idx=631 val=1.70727
[dump]   top4 idx=1180 val=1.55049
[dump] L09.mid    n=10      finite=1 absmax=0 mean=0 sumsq=0 ids: 264 430 142 376 478 68 153 26 488 218
[dump] L09.moe    n=2560    finite=1 absmax=0.037123     mean=6.5407e-05   sumsq=0.2734011772       argmax=1395
[dump]   top0 idx=1395 val=0.03594
[dump]   top1 idx=105 val=0.03410
[dump]   top2 idx=1652 val=0.03274
[dump]   top3 idx=705 val=0.03154
[dump]   top4 idx=2206 val=0.03142
[dump] L09.res    n=20480   finite=1 absmax=14.512       mean=0.018994     sumsq=13386.94746        argmax=16088
[dump]   top0 idx=16088 val=14.06238
[dump]   top1 idx=15948 val=9.54474
[dump]   top2 idx=15778 val=7.92213
[dump]   top3 idx=15365 val=7.49881
[dump]   top4 idx=19715 val=7.42649
[dump] L10.att    n=2560    finite=1 absmax=0.37592      mean=-8.6407e-05  sumsq=17.28624563        argmax=728
[dump]   top0 idx=728 val=0.37592
[dump]   top1 idx=1912 val=0.34278
[dump]   top2 idx=508 val=0.33728
[dump]   top3 idx=816 val=0.32568
[dump]   top4 idx=482 val=0.29725
[dump] L10.fmix   n=2560    finite=1 absmax=1.9164       mean=0.020331     sumsq=621.1032889        argmax=631
[dump]   top0 idx=631 val=1.89628
[dump]   top1 idx=92 val=1.85887
[dump]   top2 idx=1512 val=1.65970
[dump]   top3 idx=2433 val=1.63611
[dump]   top4 idx=1225 val=1.54886
[dump] L10.mid    n=10      finite=1 absmax=0 mean=0 sumsq=0 ids: 355 461 97 495 417 387 373 322 404 18
[dump] L10.moe    n=2560    finite=1 absmax=0.03709      mean=-0.00026559  sumsq=0.2993035586       argmax=618
[dump]   top0 idx=618 val=0.03513
[dump]   top1 idx=2105 val=0.03505
[dump]   top2 idx=86 val=0.03497
[dump]   top3 idx=1253 val=0.03374
[dump]   top4 idx=2097 val=0.03239
[dump] L10.res    n=20480   finite=1 absmax=9.9819       mean=0.011272     sumsq=7153.850706        argmax=15365
[dump]   top0 idx=15365 val=9.98194
[dump]   top1 idx=16088 val=9.75290
[dump]   top2 idx=16311 val=9.18799
[dump]   top3 idx=17598 val=7.47188
[dump]   top4 idx=15778 val=6.06351
[dump] L11.att    n=2560    finite=1 absmax=0.398        mean=0.0010863    sumsq=20.51673646        argmax=2448
[dump]   top0 idx=2448 val=0.29800
[dump]   top1 idx=892 val=0.28847
[dump]   top2 idx=480 val=0.28028
[dump]   top3 idx=1913 val=0.27621
[dump]   top4 idx=2206 val=0.27481
[dump] L11.fmix   n=2560    finite=1 absmax=2.7667       mean=0.014428     sumsq=623.6530838        argmax=631
[dump]   top0 idx=631 val=2.76672
[dump]   top1 idx=2433 val=1.76421
[dump]   top2 idx=92 val=1.62301
[dump]   top3 idx=1512 val=1.57661
[dump]   top4 idx=1182 val=1.49757
[dump] L11.mid    n=10      finite=1 absmax=0 mean=0 sumsq=0 ids: 323 418 508 166 261 273 430 48 371 108
[dump] L11.moe    n=2560    finite=1 absmax=0.047939     mean=-0.00030494  sumsq=0.4360955988       argmax=1957
[dump]   top0 idx=1957 val=0.04375
[dump]   top1 idx=1642 val=0.03908
[dump]   top2 idx=1572 val=0.03828
[dump]   top3 idx=371 val=0.03623
[dump]   top4 idx=2360 val=0.03617
[dump] L11.res    n=20480   finite=1 absmax=14.159       mean=0.011206     sumsq=13744.88875        argmax=16088
[dump]   top0 idx=16088 val=14.15910
[dump]   top1 idx=15365 val=8.33190
[dump]   top2 idx=16311 val=7.54319
[dump]   top3 idx=15778 val=7.52528
[dump]   top4 idx=11422 val=6.59896
[dump] L12.att    n=2560    finite=1 absmax=0.37731      mean=-0.00066215  sumsq=18.69708925        argmax=728
[dump]   top0 idx=728 val=0.30952
[dump]   top1 idx=1432 val=0.30639
[dump]   top2 idx=539 val=0.29161
[dump]   top3 idx=729 val=0.27948
[dump]   top4 idx=1741 val=0.27750
[dump] L12.fmix   n=2560    finite=1 absmax=2.3031       mean=0.012881     sumsq=648.8796402        argmax=631
[dump]   top0 idx=631 val=2.30308
[dump]   top1 idx=2433 val=1.86731
[dump]   top2 idx=1205 val=1.83377
[dump]   top3 idx=65 val=1.77273
[dump]   top4 idx=92 val=1.74663
[dump] L12.mid    n=10      finite=1 absmax=0 mean=0 sumsq=0 ids: 421 0 433 63 277 283 390 21 52 37
[dump] L12.moe    n=2560    finite=1 absmax=0.049264     mean=-0.00020109  sumsq=0.2365887728       argmax=667
[dump]   top0 idx=667 val=0.03647
[dump]   top1 idx=915 val=0.03371
[dump]   top2 idx=761 val=0.03134
[dump]   top3 idx=235 val=0.03002
[dump]   top4 idx=2324 val=0.02878
[dump] L12.res    n=20480   finite=1 absmax=11.3         mean=0.0073004    sumsq=13745.71898        argmax=16088
[dump]   top0 idx=16088 val=11.30039
[dump]   top1 idx=17671 val=8.24285
[dump]   top2 idx=16747 val=7.42276
[dump]   top3 idx=16565 val=7.10762
[dump]   top4 idx=17101 val=6.99856
[dump] L13.att    n=2560    finite=1 absmax=0.2466       mean=0.00023897   sumsq=6.818163756        argmax=728
[dump]   top0 idx=728 val=0.24660
[dump]   top1 idx=951 val=0.23846
[dump]   top2 idx=1795 val=0.22017
[dump]   top3 idx=2445 val=0.20278
[dump]   top4 idx=788 val=0.17924
[dump] L13.fmix   n=2560    finite=1 absmax=2.1779       mean=-0.0001511   sumsq=620.4245362        argmax=728
[dump]   top0 idx=728 val=2.17786
[dump]   top1 idx=951 val=1.87572
[dump]   top2 idx=1301 val=1.75583
[dump]   top3 idx=1616 val=1.63594
[dump]   top4 idx=2453 val=1.59191
[dump] L13.mid    n=10      finite=1 absmax=0 mean=0 sumsq=0 ids: 259 387 265 97 273 357 91 468 93 224
[dump] L13.moe    n=2560    finite=1 absmax=0.066018     mean=-4.73e-05    sumsq=0.9123236816       argmax=2480
[dump]   top0 idx=2480 val=0.06568
[dump]   top1 idx=2401 val=0.05737
[dump]   top2 idx=1977 val=0.05696
[dump]   top3 idx=2378 val=0.05639
[dump]   top4 idx=2525 val=0.05636
[dump] L13.res    n=20480   finite=1 absmax=12.956       mean=0.0087228    sumsq=15344.8961         argmax=16311
[dump]   top0 idx=16311 val=12.95605
[dump]   top1 idx=16088 val=11.86575
[dump]   top2 idx=16747 val=8.24556
[dump]   top3 idx=15778 val=7.56063
[dump]   top4 idx=17671 val=7.41917
[dump] L14.att    n=2560    finite=1 absmax=0.44005      mean=0.00092531   sumsq=18.26562751        argmax=482
[dump]   top0 idx=482 val=0.44005
[dump]   top1 idx=2433 val=0.41828
[dump]   top2 idx=689 val=0.41519
[dump]   top3 idx=360 val=0.37810
[dump]   top4 idx=2215 val=0.37207
[dump] L14.fmix   n=2560    finite=1 absmax=2.1854       mean=0.0081352    sumsq=686.0750457        argmax=631
[dump]   top0 idx=631 val=2.18537
[dump]   top1 idx=728 val=2.14316
[dump]   top2 idx=1512 val=1.91019
[dump]   top3 idx=1616 val=1.78871
[dump]   top4 idx=1482 val=1.73621
[dump] L14.mid    n=10      finite=1 absmax=0 mean=0 sumsq=0 ids: 335 398 506 212 473 138 312 151 108 409
[dump] L14.moe    n=2560    finite=1 absmax=0.030436     mean=-0.0002945   sumsq=0.1239841742       argmax=1827
[dump]   top0 idx=1827 val=0.03044
[dump]   top1 idx=875 val=0.02702
[dump]   top2 idx=1039 val=0.02602
[dump]   top3 idx=1603 val=0.02481
[dump]   top4 idx=162 val=0.02199
[dump] L14.res    n=20480   finite=1 absmax=11.015       mean=0.0060857    sumsq=7343.593598        argmax=16088
[dump]   top0 idx=16088 val=11.01461
[dump]   top1 idx=15365 val=8.35504
[dump]   top2 idx=16747 val=5.36996
[dump]   top3 idx=16311 val=5.34805
[dump]   top4 idx=17598 val=5.08312
[dump] L15.att    n=2560    finite=1 absmax=0.37867      mean=-0.0027789   sumsq=14.56633601        argmax=1359
[dump]   top0 idx=1359 val=0.37867
[dump]   top1 idx=1879 val=0.31020
[dump]   top2 idx=808 val=0.28791
[dump]   top3 idx=1716 val=0.26495
[dump]   top4 idx=1227 val=0.25885
[dump] L15.fmix   n=2560    finite=1 absmax=4.4981       mean=-0.0093517   sumsq=1517.247818        argmax=728
[dump]   top0 idx=728 val=4.49814
[dump]   top1 idx=2238 val=2.85990
[dump]   top2 idx=1512 val=2.52196
[dump]   top3 idx=836 val=2.51593
[dump]   top4 idx=320 val=2.50708
[dump] L15.mid    n=10      finite=1 absmax=0 mean=0 sumsq=0 ids: 494 289 207 405 288 192 174 283 199 33
[dump] L15.moe    n=2560    finite=1 absmax=0.051647     mean=-2.4589e-05  sumsq=0.451760101        argmax=1408
[dump]   top0 idx=1408 val=0.05165
[dump]   top1 idx=158 val=0.04986
[dump]   top2 idx=652 val=0.04684
[dump]   top3 idx=654 val=0.04318
[dump]   top4 idx=282 val=0.04030
[dump] L15.res    n=20480   finite=1 absmax=13.657       mean=0.0011586    sumsq=17610.75348        argmax=16311
[dump]   top0 idx=16311 val=13.65691
[dump]   top1 idx=16088 val=10.30316
[dump]   top2 idx=17671 val=9.69000
[dump]   top3 idx=16747 val=9.49565
[dump]   top4 idx=17101 val=9.22038
[dump] L16.att    n=2560    finite=1 absmax=0.23402      mean=-0.0009374   sumsq=6.033103712        argmax=2057
[dump]   top0 idx=2057 val=0.23402
[dump]   top1 idx=2184 val=0.17764
[dump]   top2 idx=713 val=0.17603
[dump]   top3 idx=2054 val=0.16806
[dump]   top4 idx=1076 val=0.16332
[dump] L16.fmix   n=2560    finite=1 absmax=2.634        mean=-0.010588    sumsq=1243.261668        argmax=1512
[dump]   top0 idx=1512 val=2.49514
[dump]   top1 idx=320 val=2.47442
[dump]   top2 idx=836 val=2.13266
[dump]   top3 idx=667 val=2.05476
[dump]   top4 idx=2480 val=2.04478
[dump] L16.mid    n=10      finite=1 absmax=0 mean=0 sumsq=0 ids: 243 228 58 272 391 263 278 142 487 429
[dump] L16.moe    n=2560    finite=1 absmax=0.06065      mean=-4.2727e-06  sumsq=0.6339195619       argmax=2532
[dump]   top0 idx=2532 val=0.06065
[dump]   top1 idx=1058 val=0.04699
[dump]   top2 idx=333 val=0.04563
[dump]   top3 idx=812 val=0.04541
[dump]   top4 idx=1383 val=0.04469
[dump] L16.res    n=20480   finite=1 absmax=10.476       mean=0.00082752   sumsq=16535.03091        argmax=16088
[dump]   top0 idx=16088 val=10.47625
[dump]   top1 idx=15778 val=10.13343
[dump]   top2 idx=16311 val=8.34739
[dump]   top3 idx=16747 val=8.03496
[dump]   top4 idx=17598 val=7.76300
[dump] L17.att    n=2560    finite=1 absmax=0.23777      mean=0.00048587   sumsq=4.857274537        argmax=1984
[dump]   top0 idx=1984 val=0.23777
[dump]   top1 idx=394 val=0.18058
[dump]   top2 idx=871 val=0.18024
[dump]   top3 idx=177 val=0.17167
[dump]   top4 idx=223 val=0.13666
[dump] L17.fmix   n=2560    finite=1 absmax=2.1979       mean=-0.0068269   sumsq=1000.765083        argmax=1512
[dump]   top0 idx=1512 val=1.98008
[dump]   top1 idx=812 val=1.92723
[dump]   top2 idx=1482 val=1.91265
[dump]   top3 idx=788 val=1.77131
[dump]   top4 idx=793 val=1.75963
[dump] L17.mid    n=10      finite=1 absmax=0 mean=0 sumsq=0 ids: 136 499 486 363 139 209 84 471 422 365
[dump] L17.moe    n=2560    finite=1 absmax=0.038025     mean=0.00031747   sumsq=0.2532301005       argmax=946
[dump]   top0 idx=946 val=0.03802
[dump]   top1 idx=928 val=0.03613
[dump]   top2 idx=1696 val=0.03277
[dump]   top3 idx=268 val=0.03054
[dump]   top4 idx=290 val=0.03044
[dump] L17.res    n=20480   finite=1 absmax=14.088       mean=0.0074391    sumsq=16375.4759         argmax=16088
[dump]   top0 idx=16088 val=14.08794
[dump]   top1 idx=16311 val=10.83697
[dump]   top2 idx=10748 val=9.40225
[dump]   top3 idx=16747 val=8.89818
[dump]   top4 idx=16565 val=8.59186
[dump] L18.att    n=2560    finite=1 absmax=0.29639      mean=-0.00067188  sumsq=5.959524743        argmax=482
[dump]   top0 idx=482 val=0.29639
[dump]   top1 idx=167 val=0.21326
[dump]   top2 idx=1509 val=0.17961
[dump]   top3 idx=689 val=0.17756
[dump]   top4 idx=784 val=0.17524
[dump] L18.fmix   n=2560    finite=1 absmax=2.5424       mean=0.0059259    sumsq=902.4168829        argmax=65
[dump]   top0 idx=65 val=2.19697
[dump]   top1 idx=588 val=2.18371
[dump]   top2 idx=631 val=2.10496
[dump]   top3 idx=1616 val=2.05684
[dump]   top4 idx=2491 val=2.00351
[dump] L18.mid    n=10      finite=1 absmax=0 mean=0 sumsq=0 ids: 131 264 29 211 448 353 347 101 24 201
[dump] L18.moe    n=2560    finite=1 absmax=0.047186     mean=0.00014232   sumsq=0.3457273659       argmax=2356
[dump]   top0 idx=2356 val=0.04719
[dump]   top1 idx=2198 val=0.04123
[dump]   top2 idx=86 val=0.03476
[dump]   top3 idx=1180 val=0.03468
[dump]   top4 idx=964 val=0.03271
[dump] L18.res    n=20480   finite=1 absmax=11.373       mean=0.006608     sumsq=7754.552509        argmax=16088
[dump]   top0 idx=16088 val=11.37263
[dump]   top1 idx=17101 val=8.16232
[dump]   top2 idx=15365 val=7.63877
[dump]   top3 idx=16311 val=7.46597
[dump]   top4 idx=10722 val=6.97367
[dump] L19.att    n=2560    finite=1 absmax=0.45292      mean=0.0011948    sumsq=17.7674978         argmax=1227
[dump]   top0 idx=1227 val=0.43315
[dump]   top1 idx=694 val=0.35056
[dump]   top2 idx=742 val=0.34372
[dump]   top3 idx=356 val=0.33390
[dump]   top4 idx=2359 val=0.33364
[dump] L19.fmix   n=2560    finite=1 absmax=2.331        mean=0.0033224    sumsq=1171.437361        argmax=2390
[dump]   top0 idx=2390 val=2.21999
[dump]   top1 idx=2499 val=2.01053
[dump]   top2 idx=2261 val=1.97963
[dump]   top3 idx=1171 val=1.94148
[dump]   top4 idx=667 val=1.93215
[dump] L19.mid    n=10      finite=1 absmax=0 mean=0 sumsq=0 ids: 31 121 377 222 315 291 490 162 173 434
[dump] L19.moe    n=2560    finite=1 absmax=0.040375     mean=0.00054346   sumsq=0.29510473         argmax=105
[dump]   top0 idx=105 val=0.03827
[dump]   top1 idx=1466 val=0.03675
[dump]   top2 idx=1461 val=0.03509
[dump]   top3 idx=797 val=0.03459
[dump]   top4 idx=25 val=0.03417
[dump] L19.res    n=20480   finite=1 absmax=15.432       mean=0.016824     sumsq=18221.41335        argmax=16311
[dump]   top0 idx=16311 val=15.43243
[dump]   top1 idx=17598 val=12.38753
[dump]   top2 idx=16088 val=10.61857
[dump]   top3 idx=17671 val=7.29994
[dump]   top4 idx=16747 val=7.08573
[dump] L20.att    n=2560    finite=1 absmax=0.5733       mean=-0.0024393   sumsq=18.12207433        argmax=717
[dump]   top0 idx=717 val=0.41389
[dump]   top1 idx=1641 val=0.39811
[dump]   top2 idx=1132 val=0.35256
[dump]   top3 idx=2293 val=0.33288
[dump]   top4 idx=1653 val=0.31262
[dump] L20.fmix   n=2560    finite=1 absmax=3.5277       mean=0.011771     sumsq=1421.958096        argmax=1466
[dump]   top0 idx=1466 val=2.92525
[dump]   top1 idx=2481 val=2.22500
[dump]   top2 idx=1171 val=2.21019
[dump]   top3 idx=1918 val=2.14954
[dump]   top4 idx=2261 val=2.10637
[dump] L20.mid    n=10      finite=1 absmax=0 mean=0 sumsq=0 ids: 485 387 442 179 258 296 388 307 40 363
[dump] L20.moe    n=2560    finite=1 absmax=0.050947     mean=0.00056307   sumsq=0.4377206423       argmax=662
[dump]   top0 idx=662 val=0.05095
[dump]   top1 idx=391 val=0.04234
[dump]   top2 idx=1450 val=0.04078
[dump]   top3 idx=1570 val=0.03839
[dump]   top4 idx=2124 val=0.03672
[dump] L20.res    n=20480   finite=1 absmax=11.855       mean=0.019955     sumsq=20792.16123        argmax=16088
[dump]   top0 idx=16088 val=11.85543
[dump]   top1 idx=15948 val=10.11264
[dump]   top2 idx=17671 val=9.76938
[dump]   top3 idx=15755 val=9.67258
[dump]   top4 idx=16747 val=9.08648
[dump] L21.att    n=2560    finite=1 absmax=0.29191      mean=0.0013127    sumsq=2.522468116        argmax=951
[dump]   top0 idx=951 val=0.29191
[dump]   top1 idx=192 val=0.22054
[dump]   top2 idx=728 val=0.17592
[dump]   top3 idx=508 val=0.16167
[dump]   top4 idx=993 val=0.14680
[dump] L21.fmix   n=2560    finite=1 absmax=3.574        mean=0.042709     sumsq=1392.059026        argmax=65
[dump]   top0 idx=65 val=2.60419
[dump]   top1 idx=1466 val=2.51753
[dump]   top2 idx=1918 val=2.49640
[dump]   top3 idx=1696 val=2.47990
[dump]   top4 idx=524 val=2.36395
[dump] L21.mid    n=10      finite=1 absmax=0 mean=0 sumsq=0 ids: 255 25 118 346 313 418 379 369 57 306
[dump] L21.moe    n=2560    finite=1 absmax=0.049628     mean=-1.7017e-05  sumsq=0.4727265716       argmax=465
[dump]   top0 idx=465 val=0.04963
[dump]   top1 idx=2269 val=0.04426
[dump]   top2 idx=2079 val=0.04170
[dump]   top3 idx=2233 val=0.04050
[dump]   top4 idx=2429 val=0.03984
[dump] L21.res    n=20480   finite=1 absmax=17.647       mean=0.022605     sumsq=17059.96523        argmax=15365
[dump]   top0 idx=15365 val=17.64741
[dump]   top1 idx=15948 val=12.55799
[dump]   top2 idx=15991 val=10.37136
[dump]   top3 idx=17279 val=10.29832
[dump]   top4 idx=17702 val=10.04722
[dump] L22.att    n=2560    finite=1 absmax=0.65944      mean=0.00087225   sumsq=7.587612161        argmax=268
[dump]   top0 idx=268 val=0.65944
[dump]   top1 idx=2238 val=0.39474
[dump]   top2 idx=728 val=0.36148
[dump]   top3 idx=951 val=0.33610
[dump]   top4 idx=631 val=0.29780
[dump] L22.fmix   n=2560    finite=1 absmax=3.4439       mean=0.029514     sumsq=1028.490366        argmax=65
[dump]   top0 idx=65 val=2.25760
[dump]   top1 idx=67 val=2.14765
[dump]   top2 idx=631 val=2.02420
[dump]   top3 idx=1857 val=2.00893
[dump]   top4 idx=2279 val=2.00825
[dump] L22.mid    n=10      finite=1 absmax=0 mean=0 sumsq=0 ids: 279 301 504 50 364 454 460 287 355 135
[dump] L22.moe    n=2560    finite=1 absmax=0.066341     mean=-3.5924e-05  sumsq=0.5369148364       argmax=1313
[dump]   top0 idx=1313 val=0.06634
[dump]   top1 idx=227 val=0.05523
[dump]   top2 idx=1237 val=0.05389
[dump]   top3 idx=1634 val=0.05014
[dump]   top4 idx=1273 val=0.04981
[dump] L22.res    n=20480   finite=1 absmax=12.247       mean=0.015862     sumsq=10908.88727        argmax=15365
[dump]   top0 idx=15365 val=12.24676
[dump]   top1 idx=16153 val=9.42423
[dump]   top2 idx=16088 val=9.31415
[dump]   top3 idx=16311 val=8.89408
[dump]   top4 idx=17101 val=8.07218
[dump] L23.att    n=2560    finite=1 absmax=0.41673      mean=0.0011278    sumsq=13.21227193        argmax=2517
[dump]   top0 idx=2517 val=0.32069
[dump]   top1 idx=784 val=0.30439
[dump]   top2 idx=86 val=0.29913
[dump]   top3 idx=1790 val=0.28518
[dump]   top4 idx=1135 val=0.28148
[dump] L23.fmix   n=2560    finite=1 absmax=2.8785       mean=0.024655     sumsq=1573.24574         argmax=2215
[dump]   top0 idx=2215 val=2.62937
[dump]   top1 idx=1171 val=2.58773
[dump]   top2 idx=1696 val=2.50336
[dump]   top3 idx=1798 val=2.49403
[dump]   top4 idx=98 val=2.47289
[dump] L23.mid    n=10      finite=1 absmax=0 mean=0 sumsq=0 ids: 356 128 480 355 45 342 477 354 107 334
[dump] L23.moe    n=2560    finite=1 absmax=0.083491     mean=0.00019938   sumsq=1.222582944        argmax=1354
[dump]   top0 idx=1354 val=0.08349
[dump]   top1 idx=1301 val=0.07921
[dump]   top2 idx=1525 val=0.07295
[dump]   top3 idx=2139 val=0.06764
[dump]   top4 idx=2286 val=0.06260
[dump] L23.res    n=20480   finite=1 absmax=15.929       mean=0.025289     sumsq=16860.25052        argmax=15991
[dump]   top0 idx=15991 val=11.10564
[dump]   top1 idx=16088 val=10.71898
[dump]   top2 idx=16565 val=8.50717
[dump]   top3 idx=15948 val=8.43869
[dump]   top4 idx=16747 val=8.38410
[dump] L24.att    n=2560    finite=1 absmax=0.13932      mean=-0.00023076  sumsq=1.59053998         argmax=1586
[dump]   top0 idx=1586 val=0.10738
[dump]   top1 idx=895 val=0.10583
[dump]   top2 idx=799 val=0.09942
[dump]   top3 idx=92 val=0.09802
[dump]   top4 idx=36 val=0.08974
[dump] L24.fmix   n=2560    finite=1 absmax=2.6608       mean=0.024101     sumsq=834.4325368        argmax=631
[dump]   top0 idx=631 val=2.66080
[dump]   top1 idx=25 val=1.85526
[dump]   top2 idx=1466 val=1.79256
[dump]   top3 idx=65 val=1.78222
[dump]   top4 idx=1696 val=1.71918
[dump] L24.mid    n=10      finite=1 absmax=0 mean=0 sumsq=0 ids: 263 134 175 354 181 360 11 231 458 46
[dump] L24.moe    n=2560    finite=1 absmax=0.041908     mean=0.00026514   sumsq=0.2916973835       argmax=2504
[dump]   top0 idx=2504 val=0.04096
[dump]   top1 idx=288 val=0.03973
[dump]   top2 idx=81 val=0.03658
[dump]   top3 idx=1792 val=0.03619
[dump]   top4 idx=1486 val=0.03467
[dump] L24.res    n=20480   finite=1 absmax=13.847       mean=0.014511     sumsq=12806.31927        argmax=16088
[dump]   top0 idx=16088 val=13.84733
[dump]   top1 idx=17598 val=8.52157
[dump]   top2 idx=15365 val=7.88576
[dump]   top3 idx=16747 val=7.39925
[dump]   top4 idx=17116 val=6.95305
[dump] L25.att    n=2560    finite=1 absmax=0.49613      mean=-2.6745e-06  sumsq=7.407806811        argmax=951
[dump]   top0 idx=951 val=0.49613
[dump]   top1 idx=993 val=0.24200
[dump]   top2 idx=914 val=0.21324
[dump]   top3 idx=1378 val=0.20331
[dump]   top4 idx=2238 val=0.19971
[dump] L25.fmix   n=2560    finite=1 absmax=2.0469       mean=0.028782     sumsq=815.3415957        argmax=2141
[dump]   top0 idx=2141 val=2.04691
[dump]   top1 idx=25 val=1.77510
[dump]   top2 idx=1918 val=1.71634
[dump]   top3 idx=746 val=1.70819
[dump]   top4 idx=98 val=1.69576
[dump] L25.mid    n=10      finite=1 absmax=0 mean=0 sumsq=0 ids: 376 346 264 68 506 427 430 142 73 478
[dump] L25.moe    n=2560    finite=1 absmax=0.035394     mean=2.0106e-05   sumsq=0.2491525059       argmax=402
[dump]   top0 idx=402 val=0.03394
[dump]   top1 idx=2462 val=0.03075
[dump]   top2 idx=255 val=0.02888
[dump]   top3 idx=1780 val=0.02868
[dump]   top4 idx=236 val=0.02821
[dump] L25.res    n=20480   finite=1 absmax=16.508       mean=0.015201     sumsq=14837.29931        argmax=16088
[dump]   top0 idx=16088 val=16.50849
[dump]   top1 idx=17101 val=8.98077
[dump]   top2 idx=15991 val=8.97768
[dump]   top3 idx=16311 val=8.84669
[dump]   top4 idx=15948 val=8.18598
[dump] L26.att    n=2560    finite=1 absmax=0.30628      mean=-0.00070417  sumsq=9.759946576        argmax=519
[dump]   top0 idx=519 val=0.30628
[dump]   top1 idx=728 val=0.26967
[dump]   top2 idx=2203 val=0.26522
[dump]   top3 idx=177 val=0.23422
[dump]   top4 idx=1883 val=0.21450
[dump] L26.fmix   n=2560    finite=1 absmax=2.0887       mean=0.020464     sumsq=745.0037862        argmax=746
[dump]   top0 idx=746 val=2.08873
[dump]   top1 idx=849 val=1.81813
[dump]   top2 idx=2233 val=1.74747
[dump]   top3 idx=25 val=1.72301
[dump]   top4 idx=1466 val=1.65110
[dump] L26.mid    n=10      finite=1 absmax=0 mean=0 sumsq=0 ids: 461 355 97 243 296 417 313 384 320 203
[dump] L26.moe    n=2560    finite=1 absmax=0.047365     mean=-2.0407e-05  sumsq=0.459218794        argmax=1500
[dump]   top0 idx=1500 val=0.04737
[dump]   top1 idx=2054 val=0.04602
[dump]   top2 idx=1828 val=0.04351
[dump]   top3 idx=1965 val=0.04261
[dump]   top4 idx=1810 val=0.04206
[dump] L26.res    n=20480   finite=1 absmax=12.28        mean=0.010159     sumsq=7461.9299          argmax=16088
[dump]   top0 idx=16088 val=12.28009
[dump]   top1 idx=17598 val=11.66354
[dump]   top2 idx=16311 val=11.62061
[dump]   top3 idx=15365 val=9.79530
[dump]   top4 idx=17793 val=7.78639
[dump] L27.att    n=2560    finite=1 absmax=0.44999      mean=0.0025038    sumsq=14.94170168        argmax=714
[dump]   top0 idx=714 val=0.31108
[dump]   top1 idx=892 val=0.29345
[dump]   top2 idx=302 val=0.27778
[dump]   top3 idx=1404 val=0.26354
[dump]   top4 idx=1341 val=0.25775
[dump] L27.fmix   n=2560    finite=1 absmax=2.3912       mean=0.022929     sumsq=807.4614986        argmax=1500
[dump]   top0 idx=1500 val=2.39121
[dump]   top1 idx=849 val=2.00154
[dump]   top2 idx=746 val=1.82440
[dump]   top3 idx=1717 val=1.78448
[dump]   top4 idx=1905 val=1.63562
[dump] L27.mid    n=10      finite=1 absmax=0 mean=0 sumsq=0 ids: 430 323 98 508 166 151 58 108 261 418
[dump] L27.moe    n=2560    finite=1 absmax=0.033559     mean=0.00035929   sumsq=0.2448243384       argmax=960
[dump]   top0 idx=960 val=0.03356
[dump]   top1 idx=1561 val=0.03256
[dump]   top2 idx=2530 val=0.03161
[dump]   top3 idx=886 val=0.03055
[dump]   top4 idx=2196 val=0.02977
[dump] L27.res    n=20480   finite=1 absmax=17.18        mean=0.021442     sumsq=15504.88854        argmax=16088
[dump]   top0 idx=16088 val=17.17980
[dump]   top1 idx=16311 val=10.30775
[dump]   top2 idx=17598 val=9.82844
[dump]   top3 idx=15365 val=8.10221
[dump]   top4 idx=19315 val=8.01101
[dump] L28.att    n=2560    finite=1 absmax=0.22547      mean=-0.0024118   sumsq=7.32052015         argmax=186
[dump]   top0 idx=186 val=0.20896
[dump]   top1 idx=736 val=0.20730
[dump]   top2 idx=1480 val=0.18822
[dump]   top3 idx=917 val=0.16390
[dump]   top4 idx=434 val=0.16084
[dump] L28.fmix   n=2560    finite=1 absmax=2.8168       mean=0.02889      sumsq=917.8486171        argmax=1500
[dump]   top0 idx=1500 val=2.81681
[dump]   top1 idx=849 val=2.13876
[dump]   top2 idx=1905 val=2.13849
[dump]   top3 idx=65 val=2.07737
[dump]   top4 idx=631 val=2.07283
[dump] L28.mid    n=10      finite=1 absmax=0 mean=0 sumsq=0 ids: 52 219 421 469 43 229 297 21 392 63
[dump] L28.moe    n=2560    finite=1 absmax=0.051159     mean=-0.00035975  sumsq=0.3211125666       argmax=1942
[dump]   top0 idx=1942 val=0.05116
[dump]   top1 idx=1207 val=0.03897
[dump]   top2 idx=667 val=0.03803
[dump]   top3 idx=486 val=0.03785
[dump]   top4 idx=722 val=0.03651
[dump] L28.res    n=20480   finite=1 absmax=13.248       mean=0.012943     sumsq=15603.00569        argmax=16088
[dump]   top0 idx=16088 val=13.24777
[dump]   top1 idx=17671 val=9.62452
[dump]   top2 idx=17101 val=8.74078
[dump]   top3 idx=16747 val=8.25993
[dump]   top4 idx=18587 val=7.40584
[dump] L29.att    n=2560    finite=1 absmax=0.10867      mean=-0.00061371  sumsq=1.701115617        argmax=1736
[dump]   top0 idx=1736 val=0.10709
[dump]   top1 idx=1882 val=0.09985
[dump]   top2 idx=1795 val=0.09940
[dump]   top3 idx=1925 val=0.08578
[dump]   top4 idx=1205 val=0.08544
[dump] L29.fmix   n=2560    finite=1 absmax=2.2704       mean=0.011104     sumsq=950.4117588        argmax=1717
[dump]   top0 idx=1717 val=2.06550
[dump]   top1 idx=1905 val=2.05843
[dump]   top2 idx=1500 val=1.98590
[dump]   top3 idx=849 val=1.96075
[dump]   top4 idx=2499 val=1.86611
[dump] L29.mid    n=10      finite=1 absmax=0 mean=0 sumsq=0 ids: 273 387 93 265 259 290 342 118 330 148
[dump] L29.moe    n=2560    finite=1 absmax=0.049145     mean=-3.9057e-05  sumsq=0.4130456693       argmax=525
[dump]   top0 idx=525 val=0.04914
[dump]   top1 idx=1955 val=0.04478
[dump]   top2 idx=309 val=0.04025
[dump]   top3 idx=2253 val=0.03911
[dump]   top4 idx=1599 val=0.03866
[dump] L29.res    n=20480   finite=1 absmax=17.357       mean=0.010554     sumsq=17134.85013        argmax=16311
[dump]   top0 idx=16311 val=17.35746
[dump]   top1 idx=16088 val=14.00397
[dump]   top2 idx=17598 val=9.73160
[dump]   top3 idx=16747 val=9.15430
[dump]   top4 idx=17671 val=8.38054
[dump] L30.att    n=2560    finite=1 absmax=0.39858      mean=-0.00065008  sumsq=10.00374993        argmax=993
[dump]   top0 idx=993 val=0.39858
[dump]   top1 idx=2502 val=0.32189
[dump]   top2 idx=482 val=0.29979
[dump]   top3 idx=597 val=0.20751
[dump]   top4 idx=2374 val=0.20483
[dump] L30.fmix   n=2560    finite=1 absmax=3.0598       mean=0.0085072    sumsq=1355.857899        argmax=1500
[dump]   top0 idx=1500 val=2.64149
[dump]   top1 idx=1914 val=2.36905
[dump]   top2 idx=1905 val=2.29918
[dump]   top3 idx=477 val=2.24786
[dump]   top4 idx=25 val=2.24543
[dump] L30.mid    n=10      finite=1 absmax=0 mean=0 sumsq=0 ids: 506 86 151 398 11 181 335 280 409 14
[dump] L30.moe    n=2560    finite=1 absmax=0.054761     mean=0.0001647    sumsq=0.6270006698       argmax=2095
[dump]   top0 idx=2095 val=0.05476
[dump]   top1 idx=2022 val=0.05263
[dump]   top2 idx=1850 val=0.05097
[dump]   top3 idx=2030 val=0.04865
[dump]   top4 idx=835 val=0.04813
[dump] L30.res    n=20480   finite=1 absmax=13.369       mean=0.0086019    sumsq=7741.690748        argmax=16088
[dump]   top0 idx=16088 val=13.36865
[dump]   top1 idx=15365 val=8.91276
[dump]   top2 idx=10722 val=7.04409
[dump]   top3 idx=17598 val=6.93420
[dump]   top4 idx=16311 val=6.84265
[dump] L31.att    n=2560    finite=1 absmax=0.24573      mean=-0.0023527   sumsq=9.971595812        argmax=1716
[dump]   top0 idx=1716 val=0.24573
[dump]   top1 idx=1205 val=0.22043
[dump]   top2 idx=1359 val=0.21584
[dump]   top3 idx=1776 val=0.19534
[dump]   top4 idx=2371 val=0.19139
[dump] L31.fmix   n=2560    finite=1 absmax=4.8376       mean=0.00083299   sumsq=2010.087143        argmax=728
[dump]   top0 idx=728 val=4.83761
[dump]   top1 idx=2238 val=3.76667
[dump]   top2 idx=98 val=3.52886
[dump]   top3 idx=477 val=3.40148
[dump]   top4 idx=1828 val=3.05716
[dump] L31.mid    n=10      finite=1 absmax=0 mean=0 sumsq=0 ids: 494 283 289 156 405 311 399 302 207 449
[dump] L31.moe    n=2560    finite=1 absmax=0.069837     mean=0.00046673   sumsq=0.8456957956       argmax=1212
[dump]   top0 idx=1212 val=0.06984
[dump]   top1 idx=877 val=0.06785
[dump]   top2 idx=2438 val=0.06494
[dump]   top3 idx=32 val=0.06082
[dump]   top4 idx=1483 val=0.05288
[dump] L31.res    n=20480   finite=1 absmax=17.107       mean=0.009412     sumsq=20154.6492         argmax=16311
[dump]   top0 idx=16311 val=17.10703
[dump]   top1 idx=16088 val=12.06970
[dump]   top2 idx=17101 val=11.35176
[dump]   top3 idx=17671 val=10.69337
[dump]   top4 idx=16747 val=10.17438
[dump] L32.att    n=2560    finite=1 absmax=0.21025      mean=-0.0011557   sumsq=4.203117598        argmax=713
[dump]   top0 idx=713 val=0.21025
[dump]   top1 idx=1368 val=0.19169
[dump]   top2 idx=1134 val=0.15231
[dump]   top3 idx=1303 val=0.13801
[dump]   top4 idx=167 val=0.13306
[dump] L32.fmix   n=2560    finite=1 absmax=3.3759       mean=0.005682     sumsq=1841.041653        argmax=1828
[dump]   top0 idx=1828 val=2.77227
[dump]   top1 idx=2335 val=2.71384
[dump]   top2 idx=477 val=2.61131
[dump]   top3 idx=2095 val=2.58587
[dump]   top4 idx=1512 val=2.58117
[dump] L32.mid    n=10      finite=1 absmax=0 mean=0 sumsq=0 ids: 228 243 263 142 58 429 272 454 377 278
[dump] L32.moe    n=2560    finite=1 absmax=0.079508     mean=-0.00026415  sumsq=0.9639118402       argmax=198
[dump]   top0 idx=198 val=0.05718
[dump]   top1 idx=1023 val=0.05702
[dump]   top2 idx=776 val=0.05402
[dump]   top3 idx=1933 val=0.05323
[dump]   top4 idx=2120 val=0.05305
[dump] L32.res    n=20480   finite=1 absmax=12.159       mean=0.0078116    sumsq=18319.40347        argmax=16088
[dump]   top0 idx=16088 val=12.15926
[dump]   top1 idx=17598 val=11.54765
[dump]   top2 idx=15778 val=10.26150
[dump]   top3 idx=16311 val=10.08194
[dump]   top4 idx=17101 val=8.88364
[dump] L33.att    n=2560    finite=1 absmax=0.14976      mean=-0.0012947   sumsq=1.722709047        argmax=2393
[dump]   top0 idx=2393 val=0.14976
[dump]   top1 idx=192 val=0.10554
[dump]   top2 idx=634 val=0.10151
[dump]   top3 idx=1990 val=0.08927
[dump]   top4 idx=550 val=0.08785
[dump] L33.fmix   n=2560    finite=1 absmax=3.5677       mean=-0.0031517   sumsq=1464.29249         argmax=1512
[dump]   top0 idx=1512 val=2.93465
[dump]   top1 idx=2335 val=2.49608
[dump]   top2 idx=788 val=2.45911
[dump]   top3 idx=1313 val=2.30434
[dump]   top4 idx=2481 val=2.26823
[dump] L33.mid    n=10      finite=1 absmax=0 mean=0 sumsq=0 ids: 136 84 374 363 345 120 419 486 253 209
[dump] L33.moe    n=2560    finite=1 absmax=0.060828     mean=2.1461e-05   sumsq=0.5497771429       argmax=1602
[dump]   top0 idx=1602 val=0.05542
[dump]   top1 idx=371 val=0.04907
[dump]   top2 idx=399 val=0.04643
[dump]   top3 idx=776 val=0.04391
[dump]   top4 idx=1484 val=0.04265
[dump] L33.res    n=20480   finite=1 absmax=16.149       mean=0.0068096    sumsq=17913.31806        argmax=16088
[dump]   top0 idx=16088 val=16.14932
[dump]   top1 idx=16311 val=12.82643
[dump]   top2 idx=17598 val=10.75193
[dump]   top3 idx=10722 val=9.99507
[dump]   top4 idx=16747 val=9.57532
[dump] L34.att    n=2560    finite=1 absmax=0.21771      mean=-0.00099312  sumsq=3.549630097        argmax=482
[dump]   top0 idx=482 val=0.21771
[dump]   top1 idx=689 val=0.16714
[dump]   top2 idx=1882 val=0.16540
[dump]   top3 idx=624 val=0.13716
[dump]   top4 idx=951 val=0.13258
[dump] L34.fmix   n=2560    finite=1 absmax=3.0021       mean=0.0086214    sumsq=1264.574429        argmax=631
[dump]   top0 idx=631 val=2.79912
[dump]   top1 idx=1313 val=2.68887
[dump]   top2 idx=1500 val=2.55596
[dump]   top3 idx=65 val=2.40456
[dump]   top4 idx=1512 val=2.26808
[dump] L34.mid    n=10      finite=1 absmax=0 mean=0 sumsq=0 ids: 131 29 353 101 24 102 264 460 211 347
[dump] L34.moe    n=2560    finite=1 absmax=0.069393     mean=0.00055625   sumsq=0.8982130944       argmax=196
[dump]   top0 idx=196 val=0.06939
[dump]   top1 idx=1709 val=0.06616
[dump]   top2 idx=1631 val=0.06564
[dump]   top3 idx=951 val=0.05766
[dump]   top4 idx=2415 val=0.05584
[dump] L34.res    n=20480   finite=1 absmax=13.548       mean=0.0075519    sumsq=8685.740518        argmax=16088
[dump]   top0 idx=16088 val=13.54839
[dump]   top1 idx=17101 val=10.53956
[dump]   top2 idx=10722 val=10.26554
[dump]   top3 idx=16311 val=9.31684
[dump]   top4 idx=15365 val=8.04402
[dump] L35.att    n=2560    finite=1 absmax=0.41972      mean=0.00059377   sumsq=9.924710838        argmax=1882
[dump]   top0 idx=1882 val=0.30054
[dump]   top1 idx=79 val=0.23072
[dump]   top2 idx=2091 val=0.21637
[dump]   top3 idx=1341 val=0.20377
[dump]   top4 idx=694 val=0.20200
[dump] L35.fmix   n=2560    finite=1 absmax=3.333        mean=0.009076     sumsq=1634.463259        argmax=410
[dump]   top0 idx=410 val=2.65188
[dump]   top1 idx=1313 val=2.60252
[dump]   top2 idx=957 val=2.52148
[dump]   top3 idx=1283 val=2.42355
[dump]   top4 idx=1512 val=2.42105
[dump] L35.mid    n=10      finite=1 absmax=0 mean=0 sumsq=0 ids: 472 31 161 291 375 121 277 315 56 490
[dump] L35.moe    n=2560    finite=1 absmax=0.074299     mean=0.00060064   sumsq=1.193632892        argmax=687
[dump]   top0 idx=687 val=0.07430
[dump]   top1 idx=1229 val=0.07416
[dump]   top2 idx=1144 val=0.07059
[dump]   top3 idx=308 val=0.06727
[dump]   top4 idx=755 val=0.06687
[dump] L35.res    n=20480   finite=1 absmax=19.32        mean=0.015858     sumsq=20099.74656        argmax=16311
[dump]   top0 idx=16311 val=19.32014
[dump]   top1 idx=17598 val=18.80554
[dump]   top2 idx=16088 val=11.53826
[dump]   top3 idx=10722 val=7.86194
[dump]   top4 idx=16747 val=7.71650
[dump] L36.att    n=2560    finite=1 absmax=0.72506      mean=0.0021306    sumsq=36.25334809        argmax=1882
[dump]   top0 idx=1882 val=0.72506
[dump]   top1 idx=2374 val=0.69917
[dump]   top2 idx=1603 val=0.66169
[dump]   top3 idx=687 val=0.65433
[dump]   top4 idx=689 val=0.62164
[dump] L36.fmix   n=2560    finite=1 absmax=5.275        mean=0.025943     sumsq=2428.20291         argmax=1313
[dump]   top0 idx=1313 val=3.23902
[dump]   top1 idx=1905 val=3.23330
[dump]   top2 idx=2510 val=3.10394
[dump]   top3 idx=888 val=2.70141
[dump]   top4 idx=2095 val=2.67908
[dump] L36.mid    n=10      finite=1 absmax=0 mean=0 sumsq=0 ids: 387 218 169 25 296 210 363 258 179 262
[dump] L36.moe    n=2560    finite=1 absmax=0.22787      mean=-6.4671e-05  sumsq=4.689515806        argmax=1641
[dump]   top0 idx=1641 val=0.18547
[dump]   top1 idx=2128 val=0.13942
[dump]   top2 idx=2120 val=0.13672
[dump]   top3 idx=1368 val=0.13602
[dump]   top4 idx=1232 val=0.13129
[dump] L36.res    n=20480   finite=1 absmax=13.302       mean=0.017682     sumsq=22466.92695        argmax=16088
[dump]   top0 idx=16088 val=13.30246
[dump]   top1 idx=17671 val=10.62894
[dump]   top2 idx=15755 val=10.54112
[dump]   top3 idx=17598 val=10.34043
[dump]   top4 idx=16860 val=9.32587
[dump] L37.att    n=2560    finite=1 absmax=0.24199      mean=-0.00063387  sumsq=4.593646851        argmax=713
[dump]   top0 idx=713 val=0.24199
[dump]   top1 idx=1882 val=0.21463
[dump]   top2 idx=951 val=0.19862
[dump]   top3 idx=1061 val=0.19717
[dump]   top4 idx=892 val=0.17644
[dump] L37.fmix   n=2560    finite=1 absmax=4.5108       mean=0.035637     sumsq=2475.121352        argmax=1313
[dump]   top0 idx=1313 val=3.61158
[dump]   top1 idx=957 val=3.12878
[dump]   top2 idx=2510 val=2.95578
[dump]   top3 idx=1144 val=2.92986
[dump]   top4 idx=1283 val=2.91734
[dump] L37.mid    n=10      finite=1 absmax=0 mean=0 sumsq=0 ids: 306 255 313 369 19 57 200 118 494 346
[dump] L37.moe    n=2560    finite=1 absmax=0.10858      mean=0.00044757   sumsq=2.895151535        argmax=2389
[dump]   top0 idx=2389 val=0.10204
[dump]   top1 idx=582 val=0.10021
[dump]   top2 idx=2263 val=0.10005
[dump]   top3 idx=205 val=0.09929
[dump]   top4 idx=882 val=0.09686
[dump] L37.res    n=20480   finite=1 absmax=17.017       mean=0.019954     sumsq=18826.71461        argmax=15365
[dump]   top0 idx=15365 val=17.01720
[dump]   top1 idx=15991 val=13.49449
[dump]   top2 idx=17279 val=12.09497
[dump]   top3 idx=10927 val=10.92059
[dump]   top4 idx=15948 val=10.24319
[dump] L38.att    n=2560    finite=1 absmax=0.4572       mean=-0.00040606  sumsq=8.673721676        argmax=36
[dump]   top0 idx=36 val=0.28241
[dump]   top1 idx=913 val=0.27033
[dump]   top2 idx=308 val=0.26634
[dump]   top3 idx=403 val=0.23699
[dump]   top4 idx=1959 val=0.23389
[dump] L38.fmix   n=2560    finite=1 absmax=5.0222       mean=0.031865     sumsq=2359.888243        argmax=1694
[dump]   top0 idx=1694 val=2.90256
[dump]   top1 idx=1967 val=2.78838
[dump]   top2 idx=911 val=2.59346
[dump]   top3 idx=1391 val=2.58692
[dump]   top4 idx=582 val=2.55224
[dump] L38.mid    n=10      finite=1 absmax=0 mean=0 sumsq=0 ids: 279 301 206 504 460 50 486 135 7 287
[dump] L38.moe    n=2560    finite=1 absmax=0.13261      mean=-0.00045982  sumsq=3.065055928        argmax=2422
[dump]   top0 idx=2422 val=0.13261
[dump]   top1 idx=603 val=0.11578
[dump]   top2 idx=428 val=0.10838
[dump]   top3 idx=2060 val=0.10445
[dump]   top4 idx=524 val=0.10021
[dump] L38.res    n=20480   finite=1 absmax=13.423       mean=0.011813     sumsq=13335.01257        argmax=15365
[dump]   top0 idx=15365 val=13.41828
[dump]   top1 idx=15427 val=10.62029
[dump]   top2 idx=15991 val=9.98652
[dump]   top3 idx=16860 val=9.64689
[dump]   top4 idx=17702 val=8.90433
[dump] L39.att    n=2560    finite=1 absmax=0.32476      mean=0.00032745   sumsq=11.51274057        argmax=1882
[dump]   top0 idx=1882 val=0.30769
[dump]   top1 idx=2018 val=0.29028
[dump]   top2 idx=892 val=0.28763
[dump]   top3 idx=799 val=0.27548
[dump]   top4 idx=1737 val=0.27135
[dump] L39.fmix   n=2560    finite=1 absmax=5.0937       mean=0.020811     sumsq=2539.775042        argmax=67
[dump]   top0 idx=67 val=5.09373
[dump]   top1 idx=579 val=4.27182
[dump]   top2 idx=308 val=3.34670
[dump]   top3 idx=2209 val=3.21444
[dump]   top4 idx=400 val=3.18717
[dump] L39.mid    n=10      finite=1 absmax=0 mean=0 sumsq=0 ids: 356 60 128 77 32 480 177 42 496 342
[dump] L39.moe    n=2560    finite=1 absmax=0.28992      mean=-0.00062544  sumsq=11.88538949        argmax=1368
[dump]   top0 idx=1368 val=0.27604
[dump]   top1 idx=1030 val=0.22741
[dump]   top2 idx=2190 val=0.22283
[dump]   top3 idx=2356 val=0.22182
[dump]   top4 idx=1734 val=0.20681
[dump] L39.res    n=20480   finite=1 absmax=28.399       mean=0.01629      sumsq=31470.18173        argmax=15991
[dump]   top0 idx=15991 val=19.48647
[dump]   top1 idx=15427 val=16.58244
[dump]   top2 idx=17702 val=15.57931
[dump]   top3 idx=15619 val=13.61556
[dump]   top4 idx=16565 val=11.49611
[dump] L40.att    n=2560    finite=1 absmax=0.51406      mean=0.0039524    sumsq=10.33193866        argmax=1061
[dump]   top0 idx=1061 val=0.51406
[dump]   top1 idx=138 val=0.26542
[dump]   top2 idx=1116 val=0.25918
[dump]   top3 idx=482 val=0.25672
[dump]   top4 idx=882 val=0.23822
[dump] L40.fmix   n=2560    finite=1 absmax=6.3616       mean=0.020775     sumsq=2987.92473         argmax=67
[dump]   top0 idx=67 val=6.36159
[dump]   top1 idx=579 val=5.12223
[dump]   top2 idx=2238 val=4.43431
[dump]   top3 idx=1844 val=3.63086
[dump]   top4 idx=1756 val=3.50618
[dump] L40.mid    n=10      finite=1 absmax=0 mean=0 sumsq=0 ids: 232 172 335 280 138 22 398 178 208 66
[dump] L40.moe    n=2560    finite=1 absmax=0.1158       mean=0.00056391   sumsq=2.499281551        argmax=944
[dump]   top0 idx=944 val=0.11580
[dump]   top1 idx=621 val=0.09365
[dump]   top2 idx=2443 val=0.09267
[dump]   top3 idx=2360 val=0.09098
[dump]   top4 idx=2239 val=0.08971
[dump] L40.res    n=20480   finite=1 absmax=17.954       mean=0.023048     sumsq=24628.48214        argmax=15991
[dump]   top0 idx=15991 val=16.62931
[dump]   top1 idx=17598 val=9.97737
[dump]   top2 idx=13861 val=9.80102
[dump]   top3 idx=17116 val=9.51058
[dump]   top4 idx=14517 val=9.08306
[dump] L41.att    n=2560    finite=1 absmax=0.51132      mean=0.00043171   sumsq=8.914157482        argmax=1882
[dump]   top0 idx=1882 val=0.51132
[dump]   top1 idx=993 val=0.22519
[dump]   top2 idx=2234 val=0.22342
[dump]   top3 idx=562 val=0.21785
[dump]   top4 idx=1067 val=0.21554
[dump] L41.fmix   n=2560    finite=1 absmax=5.8645       mean=0.029417     sumsq=2908.017593        argmax=67
[dump]   top0 idx=67 val=5.86452
[dump]   top1 idx=579 val=4.50057
[dump]   top2 idx=2190 val=3.96474
[dump]   top3 idx=1756 val=3.83939
[dump]   top4 idx=1693 val=3.71970
[dump] L41.mid    n=10      finite=1 absmax=0 mean=0 sumsq=0 ids: 59 240 149 450 105 205 132 433 118 445
[dump] L41.moe    n=2560    finite=1 absmax=0.099442     mean=7.1628e-05   sumsq=1.616354527        argmax=1070
[dump]   top0 idx=1070 val=0.08015
[dump]   top1 idx=1603 val=0.07942
[dump]   top2 idx=2481 val=0.07758
[dump]   top3 idx=2465 val=0.07629
[dump]   top4 idx=597 val=0.07485
[dump] L41.res    n=20480   finite=1 absmax=14.731       mean=0.022933     sumsq=25053.34691        argmax=15991
[dump]   top0 idx=15991 val=12.76557
[dump]   top1 idx=16860 val=10.07945
[dump]   top2 idx=15212 val=9.71762
[dump]   top3 idx=11608 val=9.21469
[dump]   top4 idx=17598 val=8.60452
[dump] L42.att    n=2560    finite=1 absmax=0.33883      mean=-0.00085564  sumsq=6.126467521        argmax=1039
[dump]   top0 idx=1039 val=0.27335
[dump]   top1 idx=36 val=0.24146
[dump]   top2 idx=482 val=0.24022
[dump]   top3 idx=517 val=0.21722
[dump]   top4 idx=722 val=0.20725
[dump] L42.fmix   n=2560    finite=1 absmax=5.1252       mean=0.029753     sumsq=3352.952629        argmax=579
[dump]   top0 idx=579 val=4.73422
[dump]   top1 idx=67 val=4.23428
[dump]   top2 idx=1693 val=4.23173
[dump]   top3 idx=2190 val=3.85326
[dump]   top4 idx=2239 val=3.70293
[dump] L42.mid    n=10      finite=1 absmax=0 mean=0 sumsq=0 ids: 341 3 212 310 151 391 337 195 140 269
[dump] L42.moe    n=2560    finite=1 absmax=0.12117      mean=0.00034804   sumsq=2.985755562        argmax=1502
[dump]   top0 idx=1502 val=0.12117
[dump]   top1 idx=1594 val=0.11324
[dump]   top2 idx=1633 val=0.10442
[dump]   top3 idx=1733 val=0.10143
[dump]   top4 idx=615 val=0.09479
[dump] L42.res    n=20480   finite=1 absmax=11.808       mean=0.01191      sumsq=7999.540106        argmax=15365
[dump]   top0 idx=15365 val=10.00560
[dump]   top1 idx=15427 val=9.37596
[dump]   top2 idx=15991 val=8.17859
[dump]   top3 idx=17279 val=7.69087
[dump]   top4 idx=13682 val=7.06491
[dump] L43.att    n=2560    finite=1 absmax=0.54923      mean=0.0020032    sumsq=9.376926879        argmax=417
[dump]   top0 idx=417 val=0.54923
[dump]   top1 idx=67 val=0.52420
[dump]   top2 idx=1959 val=0.36971
[dump]   top3 idx=1391 val=0.33741
[dump]   top4 idx=1844 val=0.32273
[dump] L43.fmix   n=2560    finite=1 absmax=6.2696       mean=0.028236     sumsq=2508.593378        argmax=67
[dump]   top0 idx=67 val=6.26958
[dump]   top1 idx=2239 val=3.94202
[dump]   top2 idx=1844 val=3.73403
[dump]   top3 idx=579 val=3.69186
[dump]   top4 idx=1633 val=3.49420
[dump] L43.mid    n=10      finite=1 absmax=0 mean=0 sumsq=0 ids: 300 86 462 451 324 483 270 0 64 18
[dump] L43.moe    n=2560    finite=1 absmax=0.21283      mean=-0.00018289  sumsq=5.092208655        argmax=1882
[dump]   top0 idx=1882 val=0.21283
[dump]   top1 idx=944 val=0.17987
[dump]   top2 idx=283 val=0.14120
[dump]   top3 idx=200 val=0.13329
[dump]   top4 idx=315 val=0.13139
[dump] L43.res    n=20480   finite=1 absmax=22.877       mean=0.030683     sumsq=35416.21071        argmax=15991
[dump]   top0 idx=15991 val=16.45701
[dump]   top1 idx=17598 val=11.98110
[dump]   top2 idx=15994 val=11.83544
[dump]   top3 idx=17838 val=11.17339
[dump]   top4 idx=16419 val=11.14461
[dump] L44.att    n=2560    finite=1 absmax=2.2182       mean=-0.00017711  sumsq=64.85800943        argmax=1238
[dump]   top0 idx=1238 val=0.77961
[dump]   top1 idx=634 val=0.67654
[dump]   top2 idx=1882 val=0.55889
[dump]   top3 idx=181 val=0.52950
[dump]   top4 idx=1101 val=0.48080
[dump] L44.fmix   n=2560    finite=1 absmax=7.0764       mean=0.033742     sumsq=2903.551397        argmax=67
[dump]   top0 idx=67 val=7.07636
[dump]   top1 idx=1633 val=5.35591
[dump]   top2 idx=1844 val=4.98649
[dump]   top3 idx=417 val=4.56154
[dump]   top4 idx=944 val=4.34243
[dump] L44.mid    n=10      finite=1 absmax=0 mean=0 sumsq=0 ids: 287 87 190 75 192 401 61 306 301 198
[dump] L44.moe    n=2560    finite=1 absmax=0.117        mean=-3.9237e-05  sumsq=2.223230346        argmax=206
[dump]   top0 idx=206 val=0.11700
[dump]   top1 idx=728 val=0.10644
[dump]   top2 idx=2449 val=0.10342
[dump]   top3 idx=1125 val=0.10306
[dump]   top4 idx=617 val=0.08627
[dump] L44.res    n=20480   finite=1 absmax=42.613       mean=0.02117      sumsq=27383.02452        argmax=15991
[dump]   top0 idx=15991 val=22.21986
[dump]   top1 idx=16565 val=11.73888
[dump]   top2 idx=17319 val=11.01643
[dump]   top3 idx=17598 val=10.67022
[dump]   top4 idx=15212 val=10.63385
[dump] L45.att    n=2560    finite=1 absmax=1.9316       mean=0.0062952    sumsq=145.0027594        argmax=631
[dump]   top0 idx=631 val=1.46547
[dump]   top1 idx=1810 val=1.38632
[dump]   top2 idx=1882 val=1.30404
[dump]   top3 idx=1202 val=1.20357
[dump]   top4 idx=745 val=0.98235
[dump] L45.fmix   n=2560    finite=1 absmax=7.1413       mean=0.035792     sumsq=2847.690476        argmax=67
[dump]   top0 idx=67 val=7.09323
[dump]   top1 idx=1633 val=5.64062
[dump]   top2 idx=417 val=4.87395
[dump]   top3 idx=1844 val=4.65077
[dump]   top4 idx=944 val=4.06244
[dump] L45.mid    n=10      finite=1 absmax=0 mean=0 sumsq=0 ids: 237 66 343 339 85 103 303 443 280 471
[dump] L45.moe    n=2560    finite=1 absmax=0.12144      mean=-0.00055291  sumsq=2.49519519         argmax=331
[dump]   top0 idx=331 val=0.11121
[dump]   top1 idx=1410 val=0.10583
[dump]   top2 idx=1425 val=0.08696
[dump]   top3 idx=2089 val=0.08662
[dump]   top4 idx=1138 val=0.08511
[dump] L45.res    n=20480   finite=1 absmax=29.942       mean=0.022112     sumsq=29316.79711        argmax=15427
[dump]   top0 idx=15427 val=29.94222
[dump]   top1 idx=14610 val=19.53086
[dump]   top2 idx=15991 val=17.81433
[dump]   top3 idx=17204 val=15.45940
[dump]   top4 idx=17702 val=15.21773
[dump] L46.att    n=2560    finite=1 absmax=5.4879       mean=0.0037737    sumsq=242.8968554        argmax=181
[dump]   top0 idx=181 val=3.15078
[dump]   top1 idx=951 val=2.49062
[dump]   top2 idx=634 val=1.96236
[dump]   top3 idx=2502 val=1.64904
[dump]   top4 idx=1497 val=1.48215
[dump] L46.fmix   n=2560    finite=1 absmax=5.8477       mean=0.025676     sumsq=2667.911926        argmax=67
[dump]   top0 idx=67 val=5.84766
[dump]   top1 idx=1633 val=4.45955
[dump]   top2 idx=944 val=4.14979
[dump]   top3 idx=1844 val=4.06631
[dump]   top4 idx=634 val=3.92285
[dump] L46.mid    n=10      finite=1 absmax=0 mean=0 sumsq=0 ids: 25 505 56 60 264 115 258 123 281 491
[dump] L46.moe    n=2560    finite=1 absmax=0.18252      mean=-7.1526e-05  sumsq=3.612168847        argmax=1872
[dump]   top0 idx=1872 val=0.14404
[dump]   top1 idx=617 val=0.13653
[dump]   top2 idx=19 val=0.13149
[dump]   top3 idx=192 val=0.13129
[dump]   top4 idx=63 val=0.13124
[dump] L46.res    n=20480   finite=1 absmax=15.373       mean=0.014844     sumsq=16033.65811        argmax=15427
[dump]   top0 idx=15427 val=12.78536
[dump]   top1 idx=17702 val=9.39338
[dump]   top2 idx=12122 val=8.74450
[dump]   top3 idx=15991 val=8.55509
[dump]   top4 idx=17204 val=8.47546
[dump] L47.att    n=2560    finite=1 absmax=1.2522       mean=-0.0037399   sumsq=46.75572444        argmax=1027
[dump]   top0 idx=1027 val=1.25216
[dump]   top1 idx=722 val=0.72450
[dump]   top2 idx=579 val=0.69732
[dump]   top3 idx=36 val=0.68761
[dump]   top4 idx=1395 val=0.65079
[dump] L47.fmix   n=2560    finite=1 absmax=5.5727       mean=0.015223     sumsq=2517.712604        argmax=67
[dump]   top0 idx=67 val=5.57274
[dump]   top1 idx=417 val=4.30029
[dump]   top2 idx=1882 val=4.01389
[dump]   top3 idx=944 val=3.81773
[dump]   top4 idx=1844 val=3.76036
[dump] L47.mid    n=10      finite=1 absmax=0 mean=0 sumsq=0 ids: 481 186 286 354 352 316 157 196 206 367
[dump] L47.moe    n=2560    finite=1 absmax=1.0499       mean=-0.00045847  sumsq=22.81494709        argmax=181
[dump]   top0 idx=181 val=0.88793
[dump]   top1 idx=634 val=0.41803
[dump]   top2 idx=951 val=0.41423
[dump]   top3 idx=2356 val=0.32437
[dump]   top4 idx=482 val=0.31479
[dump] L47.res    n=20480   finite=1 absmax=108.63       mean=0.0060263    sumsq=198987.7789        argmax=12981
[dump]   top0 idx=12981 val=68.42161
[dump]   top1 idx=13434 val=51.67414
[dump]   top2 idx=15541 val=47.83503
[dump]   top3 idx=18101 val=45.43159
[dump]   top4 idx=15994 val=39.98565
[batch-probe] N=1-single-path=PASS
[batch-probe] phase=identical N=4 ctx=32768 prefill=16
[batch-probe] phase=identical step=0 slot=0 max_abs_delta=2.48869896 solo=13868 batch=13868 top2_margin=0.785589218 gate=pass
[batch-probe] phase=identical step=0 slot=1 max_abs_delta=2.48869896 solo=13868 batch=13868 top2_margin=0.785589218 gate=pass
[batch-probe] phase=identical step=0 slot=2 max_abs_delta=2.48869896 solo=13868 batch=13868 top2_margin=0.785589218 gate=pass
[batch-probe] phase=identical step=0 slot=3 max_abs_delta=2.48869896 solo=13868 batch=13868 top2_margin=0.785589218 gate=pass
[batch-probe] phase=identical step=0 epsilon_max=2.48869896
