ggml_cuda_init: found 1 ROCm devices (Total VRAM: 98304 MiB):
  Device 0: Radeon 8060S Graphics, gfx1151 (0x1151), VMM: no, Wave Size: 32, VRAM: 98304 MiB
[qwen4exp] qwen4exp trunk loaded: 48 layers (36 linear + 12 full), 1222 tensors 66.24 GiB from 3 shard(s), experts=10/512 hc=4/320 ple_layers=1 ngram=3 heads_per_ngram=8 table_rows=320001536 eos=248046
[qwen4exp] cache: integrated GPU detected, graph inputs will be ring-buffered in pinned host memory (LUCE_HIP_NO_UMA_RING=1 to disable)
[qwen4exp] cache: 12 full + 36 linear layers, kv=f16 768.00 MiB @ ctx=32768, ssm_state 108.0 MiB, conv_state 4.2 MiB
[qwen4exp] cache: integrated GPU detected, graph inputs will be ring-buffered in pinned host memory (LUCE_HIP_NO_UMA_RING=1 to disable)
[qwen4exp] cache: 12 full + 36 linear layers, kv=f16 768.00 MiB @ ctx=32768, ssm_state 108.0 MiB, conv_state 4.2 MiB
[qwen4exp] cache: integrated GPU detected, graph inputs will be ring-buffered in pinned host memory (LUCE_HIP_NO_UMA_RING=1 to disable)
[qwen4exp] cache: 12 full + 36 linear layers, kv=f16 768.00 MiB @ ctx=32768, ssm_state 108.0 MiB, conv_state 4.2 MiB
[qwen4exp] cache: integrated GPU detected, graph inputs will be ring-buffered in pinned host memory (LUCE_HIP_NO_UMA_RING=1 to disable)
[qwen4exp] cache: 12 full + 36 linear layers, kv=f16 768.00 MiB @ ctx=32768, ssm_state 108.0 MiB, conv_state 4.2 MiB
[dump] L00.hcmix  n=40960   finite=1 absmax=11.76        mean=0.030367     sumsq=31742.15024        argmax=37477
[dump]   top0 idx=37477 val=8.54350
[dump]   top1 idx=28717 val=7.80254
[dump]   top2 idx=37232 val=7.59833
[dump]   top3 idx=40037 val=7.40860
[dump]   top4 idx=38321 val=7.01997
[dump] L00.att    n=40960   finite=1 absmax=1.0866       mean=0.00022953   sumsq=449.7347614        argmax=2565
[dump]   top0 idx=2565 val=1.08664
[dump]   top1 idx=5 val=1.00970
[dump]   top2 idx=12805 val=0.94685
[dump]   top3 idx=5125 val=0.92478
[dump]   top4 idx=7685 val=0.91633
[dump] L00.fmix   n=40960   finite=1 absmax=2.7863       mean=0.0034925    sumsq=7318.779532        argmax=231
[dump]   top0 idx=231 val=2.36255
[dump]   top1 idx=268 val=2.32700
[dump]   top2 idx=22265 val=2.27917
[dump]   top3 idx=34347 val=2.24170
[dump]   top4 idx=37661 val=2.07894
[dump] L00.mid    n=160     finite=1 absmax=0 mean=0 sumsq=0 ids: 215 372 109 371 90 453 220 28 396 205 459 95 348 432 352 403 394 327 237 43 24 164 270 350 368 418 54 317 459 501 173 15 386 492 253 68 503 291 37 222 479 10 175 322 501 66 376 64 7 350 128 465 108 496 494 206 442 74 504 94 118 481 174 89 253 2 113 197 147 138 232 99 39 291 132 187 346 24 53 27 468 174 367 377 15 500 505 339 399 37 138 147 367 174 15 37 432 119 500 399 226 9 270 425 290 176 247 136 102 198 507 30 462 226 24 221 8 368 54 441 49 221 73 129 11 113 382 117 106 237 226 40 490 146 344 488 483 122 374 397 56 226 288 135 201 96 124 405 34 310 226 487 469 490 146 51 355 365 344 284
[dump] L00.moe    n=40960   finite=1 absmax=0.35476      mean=0.00043193   sumsq=37.30712321        argmax=1682
[dump]   top0 idx=1682 val=0.35476
[dump]   top1 idx=579 val=0.29842
[dump]   top2 idx=5 val=0.28178
[dump]   top3 idx=1500 val=0.27366
[dump]   top4 idx=23768 val=0.24801
[dump] L00.res    n=163840  finite=1 absmax=0.37763      mean=0.00038182   sumsq=75.25109259        argmax=46085
[dump]   top0 idx=46085 val=0.37763
[dump]   top1 idx=15365 val=0.32708
[dump]   top2 idx=76805 val=0.32478
[dump]   top3 idx=56325 val=0.31184
[dump]   top4 idx=138245 val=0.29906
[dump] L01.hcmix  n=40960   finite=1 absmax=3.5828       mean=0.01128      sumsq=8006.503246        argmax=7685
[dump]   top0 idx=7685 val=3.58278
[dump]   top1 idx=2565 val=3.39217
[dump]   top2 idx=17925 val=3.19455
[dump]   top3 idx=23045 val=3.18298
[dump]   top4 idx=10245 val=3.12179
[dump] L01.att    n=40960   finite=1 absmax=1.309        mean=-0.0039659   sumsq=774.8562845        argmax=14273
[dump]   top0 idx=14273 val=1.30900
[dump]   top1 idx=11713 val=1.15927
[dump]   top2 idx=6593 val=1.15191
[dump]   top3 idx=28491 val=1.12951
[dump]   top4 idx=5451 val=1.11806
[dump] L01.fmix   n=40960   finite=1 absmax=3.3254       mean=0.00018787   sumsq=6641.800838        argmax=4046
[dump]   top0 idx=4046 val=3.32542
[dump]   top1 idx=33285 val=2.60666
[dump]   top2 idx=25605 val=2.55110
[dump]   top3 idx=17925 val=2.52035
[dump]   top4 idx=35845 val=2.36411
[dump] L01.mid    n=160     finite=1 absmax=0 mean=0 sumsq=0 ids: 19 320 157 131 165 225 345 205 446 186 131 10 128 348 486 500 103 19 303 196 168 210 381 441 458 81 289 207 27 445 86 91 500 341 19 447 67 41 425 348 326 429 499 441 458 233 319 296 313 81 282 5 382 500 101 443 349 177 307 425 151 54 253 473 41 282 425 117 139 140 372 103 431 64 1 196 409 348 345 286 496 21 372 371 431 500 409 314 44 1 496 122 44 371 20 163 41 169 54 78 149 377 496 98 500 81 86 289 425 507 81 168 458 54 139 507 377 169 121 98 500 118 377 81 323 54 289 425 98 131 500 140 149 127 205 67 249 412 289 425 149 500 205 280 19 26 265 87 306 412 330 385 285 323 459 311 495 450 369 22
[dump] L01.moe    n=40960   finite=1 absmax=0.22226      mean=0.00012883   sumsq=2.859981822        argmax=1832
[dump]   top0 idx=1832 val=0.06782
[dump]   top1 idx=2010 val=0.05540
[dump]   top2 idx=1531 val=0.05507
[dump]   top3 idx=855 val=0.05451
[dump]   top4 idx=26455 val=0.05410
[dump] L01.res    n=163840  finite=1 absmax=0.44665      mean=0.00086498   sumsq=141.6774625        argmax=46085
[dump]   top0 idx=46085 val=0.37544
[dump]   top1 idx=15365 val=0.32875
[dump]   top2 idx=76805 val=0.32445
[dump]   top3 idx=56325 val=0.31175
[dump]   top4 idx=138245 val=0.29960
[dump] L02.hcmix  n=40960   finite=1 absmax=10.696       mean=0.010413     sumsq=12275.60743        argmax=10245
[dump]   top0 idx=10245 val=4.40305
[dump]   top1 idx=3415 val=4.22272
[dump]   top2 idx=25605 val=4.20525
[dump]   top3 idx=17925 val=4.19925
[dump]   top4 idx=15365 val=4.19056
[dump] L02.att    n=40960   finite=1 absmax=3.0882       mean=0.0049858    sumsq=524.4504985        argmax=2010
[dump]   top0 idx=2010 val=1.25582
[dump]   top1 idx=403 val=0.80978
[dump]   top2 idx=2293 val=0.75753
[dump]   top3 idx=348 val=0.70048
[dump]   top4 idx=913 val=0.68048
[dump] L02.fmix   n=40960   finite=1 absmax=5.2914       mean=0.010458     sumsq=6600.394119        argmax=12655
[dump]   top0 idx=12655 val=2.07445
[dump]   top1 idx=24008 val=1.87715
[dump]   top2 idx=15072 val=1.85464
[dump]   top3 idx=7392 val=1.82036
[dump]   top4 idx=4046 val=1.78313
[dump] L02.mid    n=160     finite=1 absmax=0 mean=0 sumsq=0 ids: 75 12 209 68 137 403 257 272 87 255 75 42 169 139 22 479 356 192 61 376 75 141 42 169 13 61 355 356 430 102 75 259 427 32 440 61 466 371 12 356 410 433 355 124 252 407 75 133 76 341 32 103 123 75 9 22 285 259 426 69 70 124 75 165 402 355 133 191 356 52 22 75 69 170 145 35 430 61 356 180 230 22 75 480 260 356 102 285 61 506 75 230 22 356 152 61 285 260 431 480 75 61 185 431 459 482 385 22 52 319 430 75 385 52 421 13 316 88 388 275 75 70 385 72 503 205 376 382 16 133 75 275 187 61 32 13 272 12 420 31 75 507 399 225 129 275 272 161 495 61 265 397 309 352 167 275 406 165 75 173
[dump] L02.moe    n=40960   finite=1 absmax=0.10461      mean=0.00031603   sumsq=3.1998533          argmax=23308
[dump]   top0 idx=23308 val=0.10461
[dump]   top1 idx=20748 val=0.09189
[dump]   top2 idx=3288 val=0.09056
[dump]   top3 idx=5388 val=0.08286
[dump]   top4 idx=951 val=0.08256
[dump] L02.res    n=163840  finite=1 absmax=0.4129       mean=0.0011668    sumsq=163.6232107        argmax=46085
[dump]   top0 idx=46085 val=0.38493
[dump]   top1 idx=46808 val=0.37678
[dump]   top2 idx=98008 val=0.35875
[dump]   top3 idx=15365 val=0.35526
[dump]   top4 idx=128728 val=0.34225
[dump] L03.hcmix  n=40960   finite=1 absmax=6.2113       mean=0.014091     sumsq=4463.860869        argmax=5908
[dump]   top0 idx=5908 val=4.58499
[dump]   top1 idx=16148 val=4.44777
[dump]   top2 idx=13588 val=4.39623
[dump]   top3 idx=25605 val=4.24316
[dump]   top4 idx=10245 val=4.22451
[dump] L03.att    n=40960   finite=1 absmax=0.91906      mean=-0.0026557   sumsq=293.3046845        argmax=522
[dump]   top0 idx=522 val=0.77064
[dump]   top1 idx=1832 val=0.64989
[dump]   top2 idx=667 val=0.56205
[dump]   top3 idx=983 val=0.55267
[dump]   top4 idx=1578 val=0.55263
[dump] L03.fmix   n=40960   finite=1 absmax=3.3338       mean=0.01641      sumsq=12570.28249        argmax=4046
[dump]   top0 idx=4046 val=3.19382
[dump]   top1 idx=10968 val=3.14982
[dump]   top2 idx=33997 val=2.99111
[dump]   top3 idx=3288 val=2.91259
[dump]   top4 idx=8408 val=2.67275
[dump] L03.mid    n=160     finite=1 absmax=0 mean=0 sumsq=0 ids: 243 143 190 405 470 223 205 253 371 231 476 47 405 231 228 343 441 473 243 277 343 112 47 71 146 21 405 486 231 470 231 190 441 228 418 146 470 504 101 484 146 299 419 406 451 254 484 169 228 27 441 443 418 190 156 494 231 347 228 149 296 146 396 193 189 21 307 467 419 77 17 296 193 189 32 231 190 485 295 200 365 190 396 296 295 271 200 307 509 449 189 296 190 307 101 149 365 295 418 480 74 418 231 190 104 365 228 257 449 152 74 71 257 81 112 190 91 365 262 101 74 257 190 277 365 101 146 224 83 343 441 504 194 315 190 101 231 206 318 418 315 364 86 185 104 101 194 441 31 184 467 396 101 218 472 271 441 365 102 104
[dump] L03.moe    n=40960   finite=1 absmax=0.054291     mean=6.2659e-05   sumsq=3.685493666        argmax=22718
[dump]   top0 idx=22718 val=0.04624
[dump]   top1 idx=29614 val=0.04608
[dump]   top2 idx=28855 val=0.04391
[dump]   top3 idx=11687 val=0.03954
[dump]   top4 idx=29681 val=0.03932
[dump] L03.res    n=163840  finite=1 absmax=0.3948       mean=0.0011196    sumsq=169.5547157        argmax=46085
[dump]   top0 idx=46085 val=0.38633
[dump]   top1 idx=46808 val=0.37749
[dump]   top2 idx=98008 val=0.35741
[dump]   top3 idx=15365 val=0.35423
[dump]   top4 idx=128728 val=0.34237
[dump] L04.hcmix  n=40960   finite=1 absmax=8.561        mean=0.020301     sumsq=13130.85366        argmax=25605
[dump]   top0 idx=25605 val=5.11239
[dump]   top1 idx=15365 val=5.00641
[dump]   top2 idx=5 val=4.83528
[dump]   top3 idx=17925 val=4.83223
[dump]   top4 idx=10245 val=4.81897
[dump] L04.att    n=40960   finite=1 absmax=0.65504      mean=-0.0015018   sumsq=208.3007554        argmax=29813
[dump]   top0 idx=29813 val=0.65504
[dump]   top1 idx=9333 val=0.50399
[dump]   top2 idx=32373 val=0.49995
[dump]   top3 idx=34933 val=0.47614
[dump]   top4 idx=10871 val=0.46336
[dump] L04.fmix   n=40960   finite=1 absmax=3.2783       mean=0.014709     sumsq=14265.67683        argmax=4046
[dump]   top0 idx=4046 val=3.27826
[dump]   top1 idx=22230 val=2.98050
[dump]   top2 idx=22265 val=2.85323
[dump]   top3 idx=22766 val=2.74341
[dump]   top4 idx=22718 val=2.73873
[dump] L04.mid    n=160     finite=1 absmax=0 mean=0 sumsq=0 ids: 3 309 119 392 252 307 486 106 41 453 309 385 274 453 402 410 252 277 123 62 309 505 385 41 293 479 414 251 299 36 309 410 421 414 252 204 496 500 453 454 204 36 309 378 414 333 72 366 159 379 153 41 274 410 207 491 259 204 106 36 455 479 36 16 303 321 413 204 174 91 41 21 309 134 282 453 410 106 312 500 504 21 177 134 41 282 351 150 221 309 256 309 504 491 221 293 500 21 436 453 453 293 309 436 410 299 500 375 445 69 425 309 204 252 36 483 476 12 41 504 500 309 150 345 282 136 410 453 323 174 106 309 274 453 41 410 186 252 259 496 395 468 391 309 306 192 274 324 106 89 177 309 186 172 244 467 80 89 100 193
[dump] L04.moe    n=40960   finite=1 absmax=0.094853     mean=0.00010768   sumsq=7.236647098        argmax=13437
[dump]   top0 idx=13437 val=0.09097
[dump]   top1 idx=14936 val=0.09017
[dump]   top2 idx=13941 val=0.08637
[dump]   top3 idx=13197 val=0.08188
[dump]   top4 idx=14939 val=0.07711
[dump] L04.res    n=163840  finite=1 absmax=0.40569      mean=0.0010942    sumsq=190.623862         argmax=46085
[dump]   top0 idx=46085 val=0.38587
[dump]   top1 idx=46808 val=0.37782
[dump]   top2 idx=98008 val=0.35448
[dump]   top3 idx=15365 val=0.35411
[dump]   top4 idx=128728 val=0.34228
[dump] L05.hcmix  n=40960   finite=1 absmax=12.036       mean=0.01242      sumsq=12780.68641        argmax=29813
[dump]   top0 idx=29813 val=9.54170
[dump]   top1 idx=34933 val=5.66853
[dump]   top2 idx=1653 val=5.35198
[dump]   top3 idx=14453 val=4.34024
[dump]   top4 idx=1500 val=4.24022
[dump] L05.att    n=40960   finite=1 absmax=7.0958       mean=-0.0013874   sumsq=328.7917062        argmax=1500
[dump]   top0 idx=1500 val=1.98728
[dump]   top1 idx=788 val=0.90195
[dump]   top2 idx=5751 val=0.78471
[dump]   top3 idx=2121 val=0.78230
[dump]   top4 idx=1787 val=0.69985
[dump] L05.fmix   n=40960   finite=1 absmax=2.6418       mean=0.0089663    sumsq=10632.88049        argmax=10596
[dump]   top0 idx=10596 val=2.64184
[dump]   top1 idx=1009 val=2.55169
[dump]   top2 idx=11241 val=2.51275
[dump]   top3 idx=21685 val=2.44670
[dump]   top4 idx=37045 val=2.43323
[dump] L05.mid    n=160     finite=1 absmax=0 mean=0 sumsq=0 ids: 392 42 56 353 386 291 236 175 228 98 104 505 439 274 216 268 81 220 402 420 497 269 400 136 126 274 347 380 130 422 395 140 118 216 169 236 417 200 400 224 497 200 269 227 365 77 323 440 338 400 310 142 228 468 1 140 236 124 98 436 269 418 36 210 360 400 18 67 77 38 314 291 102 390 239 124 2 224 364 14 390 452 280 102 449 291 191 120 140 169 140 452 291 169 102 420 328 390 344 38 328 192 177 344 505 418 429 302 314 291 291 314 38 177 269 344 216 136 440 239 104 38 291 216 177 344 402 418 134 395 288 140 104 236 344 446 14 142 326 291 53 344 116 133 298 288 2 177 291 114 418 17 18 177 344 404 269 451 61 453
[dump] L05.moe    n=40960   finite=1 absmax=0.093729     mean=0.00058545   sumsq=3.79127964         argmax=3139
[dump]   top0 idx=3139 val=0.04785
[dump]   top1 idx=7573 val=0.04517
[dump]   top2 idx=34165 val=0.04471
[dump]   top3 idx=524 val=0.04385
[dump]   top4 idx=24581 val=0.04346
[dump] L05.res    n=163840  finite=1 absmax=2.8828       mean=0.0012195    sumsq=227.9563507        argmax=1500
[dump]   top0 idx=1500 val=0.78902
[dump]   top1 idx=46085 val=0.38468
[dump]   top2 idx=46808 val=0.37843
[dump]   top3 idx=788 val=0.35696
[dump]   top4 idx=98008 val=0.35364
[dump] L06.hcmix  n=40960   finite=1 absmax=18.795       mean=0.014719     sumsq=11124.34685        argmax=1500
[dump]   top0 idx=1500 val=8.34621
[dump]   top1 idx=5 val=4.89325
[dump]   top2 idx=25605 val=4.81562
[dump]   top3 idx=15365 val=4.74748
[dump]   top4 idx=17925 val=4.65971
[dump] L06.att    n=40960   finite=1 absmax=1.5857       mean=-0.0023752   sumsq=1053.452674        argmax=3042
[dump]   top0 idx=3042 val=1.58574
[dump]   top1 idx=5602 val=1.46480
[dump]   top2 idx=8162 val=1.31939
[dump]   top3 idx=8631 val=1.31064
[dump]   top4 idx=10722 val=1.30950
[dump] L06.fmix   n=40960   finite=1 absmax=3.4986       mean=0.016114     sumsq=13950.46851        argmax=11241
[dump]   top0 idx=11241 val=3.12045
[dump]   top1 idx=11585 val=2.62623
[dump]   top2 idx=35985 val=2.60289
[dump]   top3 idx=10936 val=2.57513
[dump]   top4 idx=17377 val=2.54552
[dump] L06.mid    n=160     finite=1 absmax=0 mean=0 sumsq=0 ids: 223 33 283 394 379 40 439 159 256 152 394 40 67 439 94 474 409 329 346 172 89 71 380 244 367 206 55 43 202 387 197 244 352 398 59 267 43 433 305 149 278 212 486 503 89 423 197 82 300 45 97 152 67 191 227 144 295 91 398 503 502 348 323 314 273 107 315 312 450 2 295 408 172 496 227 304 503 184 333 461 295 210 290 77 209 387 411 464 54 191 295 503 299 39 77 431 95 411 290 282 95 282 245 477 475 71 163 431 485 141 69 440 245 477 91 295 467 89 107 256 413 492 123 270 75 503 40 486 261 494 152 326 127 159 375 123 278 69 133 390 63 307 275 488 173 157 352 130 78 356 212 341 353 85 278 337 486 275 300 393
[dump] L06.moe    n=40960   finite=1 absmax=0.082402     mean=0.00012753   sumsq=7.076680384        argmax=33173
[dump]   top0 idx=33173 val=0.08240
[dump]   top1 idx=39402 val=0.06619
[dump]   top2 idx=7546 val=0.06572
[dump]   top3 idx=39934 val=0.06477
[dump]   top4 idx=39261 val=0.06384
[dump] L06.res    n=163840  finite=1 absmax=2.9109       mean=0.0012192    sumsq=251.5253322        argmax=1500
[dump]   top0 idx=1500 val=0.79903
[dump]   top1 idx=46085 val=0.38222
[dump]   top2 idx=46808 val=0.37837
[dump]   top3 idx=98008 val=0.35403
[dump]   top4 idx=788 val=0.35141
[dump] L07.hcmix  n=40960   finite=1 absmax=15.225       mean=0.0080373    sumsq=5495.608562        argmax=17925
[dump]   top0 idx=17925 val=4.19831
[dump]   top1 idx=15365 val=4.16074
[dump]   top2 idx=25605 val=4.11541
[dump]   top3 idx=10245 val=4.02381
[dump]   top4 idx=12805 val=3.99489
[dump] L07.att    n=40960   finite=1 absmax=2.4507       mean=0.00045698   sumsq=708.3449096        argmax=951
[dump]   top0 idx=951 val=2.45072
[dump]   top1 idx=1736 val=1.79691
[dump]   top2 idx=1134 val=1.68544
[dump]   top3 idx=1795 val=1.61694
[dump]   top4 idx=47 val=1.38509
[dump] L07.fmix   n=40960   finite=1 absmax=2.828        mean=0.017065     sumsq=11518.17722        argmax=32106
[dump]   top0 idx=32106 val=2.30598
[dump]   top1 idx=11241 val=2.24127
[dump]   top2 idx=11675 val=2.22641
[dump]   top3 idx=10871 val=2.14818
[dump]   top4 idx=17974 val=2.11296
[dump] L07.mid    n=160     finite=1 absmax=0 mean=0 sumsq=0 ids: 165 351 159 346 432 455 242 8 163 303 159 367 486 194 346 351 366 325 50 8 256 456 340 369 486 265 50 203 403 502 486 301 156 504 445 242 179 303 340 472 203 83 393 71 149 504 146 293 194 358 242 165 84 287 60 451 445 22 303 169 502 486 194 50 309 69 403 198 237 297 411 296 159 358 227 256 223 340 304 464 70 411 152 403 294 359 368 462 188 169 70 403 411 194 294 142 152 252 368 359 41 369 194 8 411 498 456 486 87 338 358 455 87 464 194 411 203 363 50 456 50 511 87 82 369 281 403 486 194 69 358 445 87 509 50 252 471 159 242 498 365 77 194 196 405 117 328 279 8 5 418 400 502 3 501 124 198 313 511 48
[dump] L07.moe    n=40960   finite=1 absmax=0.091976     mean=0.00027203   sumsq=4.958082043        argmax=30613
[dump]   top0 idx=30613 val=0.07852
[dump]   top1 idx=17813 val=0.07288
[dump]   top2 idx=13324 val=0.06248
[dump]   top3 idx=18569 val=0.05716
[dump]   top4 idx=29365 val=0.05514
[dump] L07.res    n=163840  finite=1 absmax=2.8856       mean=0.0013506    sumsq=266.7187266        argmax=1500
[dump]   top0 idx=1500 val=0.79593
[dump]   top1 idx=71573 val=0.42303
[dump]   top2 idx=46085 val=0.38286
[dump]   top3 idx=46808 val=0.37466
[dump]   top4 idx=122773 val=0.35343
[dump] L08.hcmix  n=40960   finite=1 absmax=5.3422       mean=0.024059     sumsq=10151.83154        argmax=17813
[dump]   top0 idx=17813 val=5.34221
[dump]   top1 idx=30613 val=4.56126
[dump]   top2 idx=28791 val=4.41088
[dump]   top3 idx=10871 val=3.86267
[dump]   top4 idx=7573 val=3.81015
[dump] L08.att    n=40960   finite=1 absmax=0.1946       mean=0.00090985   sumsq=30.57609161        argmax=38756
[dump]   top0 idx=38756 val=0.19460
[dump]   top1 idx=16565 val=0.16426
[dump]   top2 idx=39605 val=0.16027
[dump]   top3 idx=40195 val=0.14586
[dump]   top4 idx=37045 val=0.14460
[dump] L08.fmix   n=40960   finite=1 absmax=4.8824       mean=0.022405     sumsq=11123.68356        argmax=1500
[dump]   top0 idx=1500 val=4.88235
[dump]   top1 idx=4046 val=3.23057
[dump]   top2 idx=28791 val=3.11810
[dump]   top3 idx=10871 val=2.77453
[dump]   top4 idx=15991 val=2.74512
[dump] L08.mid    n=160     finite=1 absmax=0 mean=0 sumsq=0 ids: 308 456 387 175 181 439 263 370 219 46 219 263 462 183 387 231 308 121 175 81 134 263 74 99 212 371 436 308 364 124 263 360 342 308 99 175 46 11 387 62 263 157 128 217 342 134 74 360 83 22 175 263 308 206 360 46 439 387 394 473 134 263 387 99 74 157 360 114 183 277 387 134 263 46 204 1 360 261 175 223 360 252 263 313 66 295 163 367 1 46 263 360 46 308 354 370 175 27 387 395 263 360 181 308 370 46 175 105 264 164 134 263 181 183 387 66 462 360 218 308 263 183 360 218 462 308 354 114 46 99 263 181 134 183 462 360 392 175 308 206 263 181 360 387 102 462 46 308 392 183 317 465 192 263 436 102 196 462 17 299
[dump] L08.moe    n=40960   finite=1 absmax=0.10862      mean=-9.75e-05    sumsq=5.952894959        argmax=1500
[dump]   top0 idx=1500 val=0.08902
[dump]   top1 idx=32897 val=0.07685
[dump]   top2 idx=32045 val=0.07482
[dump]   top3 idx=30 val=0.07252
[dump]   top4 idx=32409 val=0.06927
[dump] L08.res    n=163840  finite=1 absmax=2.9322       mean=0.0014355    sumsq=281.6983733        argmax=1500
[dump]   top0 idx=1500 val=0.83615
[dump]   top1 idx=71573 val=0.44052
[dump]   top2 idx=46085 val=0.38286
[dump]   top3 idx=122773 val=0.37719
[dump]   top4 idx=46808 val=0.37469
[dump] L09.hcmix  n=40960   finite=1 absmax=11.636       mean=0.018479     sumsq=12117.07718        argmax=1500
[dump]   top0 idx=1500 val=6.88558
[dump]   top1 idx=17813 val=5.00994
[dump]   top2 idx=30613 val=4.70954
[dump]   top3 idx=26805 val=3.70446
[dump]   top4 idx=21685 val=3.67952
[dump] L09.att    n=40960   finite=1 absmax=0.66025      mean=0.00029001   sumsq=164.2060261        argmax=9166
[dump]   top0 idx=9166 val=0.66025
[dump]   top1 idx=3511 val=0.37294
[dump]   top2 idx=11191 val=0.34398
[dump]   top3 idx=23753 val=0.28388
[dump]   top4 idx=9362 val=0.28384
[dump] L09.fmix   n=40960   finite=1 absmax=4.0026       mean=0.023026     sumsq=11813.25232        argmax=1500
[dump]   top0 idx=1500 val=4.00264
[dump]   top1 idx=4046 val=2.73209
[dump]   top2 idx=11241 val=2.43132
[dump]   top3 idx=681 val=2.28352
[dump]   top4 idx=30613 val=2.22117
[dump] L09.mid    n=160     finite=1 absmax=0 mean=0 sumsq=0 ids: 218 369 68 368 430 96 376 209 142 229 292 425 40 430 17 396 369 321 218 113 113 382 425 428 266 317 40 402 205 321 425 321 444 218 68 430 209 477 376 205 371 425 276 382 115 201 321 417 91 336 425 238 376 218 427 371 292 230 361 377 427 148 425 18 374 371 382 428 430 369 459 427 430 218 211 456 491 209 170 376 10 90 459 426 456 55 479 11 427 14 459 370 20 377 73 264 218 141 90 430 377 70 409 218 205 427 382 506 154 321 430 264 374 153 321 369 370 218 456 230 370 264 430 321 276 153 374 218 488 230 264 478 292 370 427 430 376 230 276 218 264 478 427 230 376 370 71 68 378 374 18 468 339 237 146 399 230 148 15 138
[dump] L09.moe    n=40960   finite=1 absmax=0.060128     mean=1.4691e-05   sumsq=4.015797573        argmax=36471
[dump]   top0 idx=36471 val=0.06013
[dump]   top1 idx=38650 val=0.04654
[dump]   top2 idx=28055 val=0.04583
[dump]   top3 idx=21725 val=0.04292
[dump]   top4 idx=29027 val=0.04240
[dump] L09.res    n=163840  finite=1 absmax=2.9297       mean=0.0014525    sumsq=285.6633506        argmax=1500
[dump]   top0 idx=1500 val=0.83930
[dump]   top1 idx=71573 val=0.43159
[dump]   top2 idx=46085 val=0.38286
[dump]   top3 idx=46808 val=0.37465
[dump]   top4 idx=122773 val=0.36676
[dump] L10.hcmix  n=40960   finite=1 absmax=11.844       mean=0.018914     sumsq=12754.35034        argmax=1500
[dump]   top0 idx=1500 val=7.98367
[dump]   top1 idx=17813 val=4.60060
[dump]   top2 idx=30613 val=4.18631
[dump]   top3 idx=26805 val=3.78086
[dump]   top4 idx=28791 val=3.65299
[dump] L10.att    n=40960   finite=1 absmax=0.99781      mean=-0.00049815  sumsq=298.0835989        argmax=9166
[dump]   top0 idx=9166 val=0.99781
[dump]   top1 idx=26593 val=0.63093
[dump]   top2 idx=5848 val=0.52760
[dump]   top3 idx=18871 val=0.51442
[dump]   top4 idx=39393 val=0.50892
[dump] L10.fmix   n=40960   finite=1 absmax=2.8313       mean=0.014156     sumsq=9946.258099        argmax=4046
[dump]   top0 idx=4046 val=2.44744
[dump]   top1 idx=15991 val=2.44103
[dump]   top2 idx=10936 val=2.41872
[dump]   top3 idx=10871 val=2.41816
[dump]   top4 idx=33911 val=2.17634
[dump] L10.mid    n=160     finite=1 absmax=0 mean=0 sumsq=0 ids: 461 325 107 264 164 508 495 278 355 322 264 461 278 325 417 58 341 355 164 296 461 278 17 230 325 187 40 264 121 319 264 461 278 341 58 508 417 379 70 230 187 373 25 167 288 461 87 264 433 346 461 508 373 97 379 433 264 278 355 164 461 230 464 97 373 278 70 417 508 355 461 97 455 373 508 379 28 319 164 177 461 398 143 509 501 97 508 423 321 271 461 423 508 97 501 417 373 379 18 58 461 97 17 373 423 58 508 379 33 343 97 355 373 461 278 17 417 69 464 40 18 278 97 461 355 69 387 508 336 40 355 461 495 97 69 387 404 278 341 379 97 461 355 373 417 88 322 500 247 416 373 103 459 302 97 322 500 356 164 416
[dump] L10.moe    n=40960   finite=1 absmax=0.31673      mean=-8.9537e-05  sumsq=4.088764987        argmax=21
[dump]   top0 idx=21 val=0.08778
[dump]   top1 idx=1912 val=0.08326
[dump]   top2 idx=579 val=0.06385
[dump]   top3 idx=1500 val=0.06264
[dump]   top4 idx=788 val=0.05862
[dump] L10.res    n=163840  finite=1 absmax=2.9974       mean=0.0014075    sumsq=293.0769665        argmax=1500
[dump]   top0 idx=1500 val=0.86547
[dump]   top1 idx=71573 val=0.42935
[dump]   top2 idx=50435 val=0.38698
[dump]   top3 idx=46085 val=0.38293
[dump]   top4 idx=46808 val=0.37481
[dump] L11.hcmix  n=40960   finite=1 absmax=19.146       mean=0.0112       sumsq=5322.596783        argmax=12805
[dump]   top0 idx=12805 val=2.98387
[dump]   top1 idx=25605 val=2.88399
[dump]   top2 idx=1500 val=2.83848
[dump]   top3 idx=7685 val=2.83715
[dump]   top4 idx=17925 val=2.81610
[dump] L11.att    n=40960   finite=1 absmax=2.7981       mean=0.0011997    sumsq=560.3650853        argmax=2311
[dump]   top0 idx=2311 val=2.79811
[dump]   top1 idx=47 val=2.36484
[dump]   top2 idx=1795 val=1.75390
[dump]   top3 idx=2307 val=1.60283
[dump]   top4 idx=86 val=1.42826
[dump] L11.fmix   n=40960   finite=1 absmax=2.6933       mean=0.016579     sumsq=9666.499532        argmax=4046
[dump]   top0 idx=4046 val=2.69328
[dump]   top1 idx=17813 val=2.47328
[dump]   top2 idx=33911 val=2.31048
[dump]   top3 idx=30613 val=2.23685
[dump]   top4 idx=4060 val=2.00135
[dump] L11.mid    n=160     finite=1 absmax=0 mean=0 sumsq=0 ids: 130 163 104 393 430 108 268 361 424 417 418 350 163 261 273 240 30 477 108 397 240 323 163 223 268 30 418 23 238 508 482 108 418 323 430 350 461 163 268 84 285 461 323 174 108 23 418 36 430 211 108 201 323 350 418 120 508 500 461 104 323 108 36 482 418 27 360 211 219 166 323 108 418 120 350 384 7 430 268 492 418 120 323 350 360 430 384 108 35 490 418 108 323 120 350 384 35 97 164 430 418 108 23 430 323 485 508 317 273 350 323 418 508 120 261 98 166 268 273 163 323 418 508 108 457 261 273 166 120 163 323 418 508 166 430 249 273 500 261 371 166 418 430 323 508 249 371 108 151 273 166 418 240 430 323 6 453 249 151 46
[dump] L11.moe    n=40960   finite=1 absmax=0.060751     mean=-5.6697e-05  sumsq=3.493390797        argmax=29177
[dump]   top0 idx=29177 val=0.05533
[dump]   top1 idx=30507 val=0.04789
[dump]   top2 idx=33138 val=0.04650
[dump]   top3 idx=28783 val=0.04618
[dump]   top4 idx=29275 val=0.04590
[dump] L11.res    n=163840  finite=1 absmax=2.8931       mean=0.0014173    sumsq=299.1731177        argmax=1500
[dump]   top0 idx=1500 val=0.85678
[dump]   top1 idx=71573 val=0.42628
[dump]   top2 idx=2121 val=0.39856
[dump]   top3 idx=50435 val=0.39003
[dump]   top4 idx=46085 val=0.38292
[dump] L12.hcmix  n=40960   finite=1 absmax=19.022       mean=0.01589      sumsq=12192.20547        argmax=1500
[dump]   top0 idx=1500 val=9.07660
[dump]   top1 idx=17813 val=3.74446
[dump]   top2 idx=10157 val=3.36586
[dump]   top3 idx=7573 val=3.29438
[dump]   top4 idx=26805 val=3.29312
[dump] L12.att    n=40960   finite=1 absmax=0.60577      mean=-0.0014849   sumsq=177.0167125        argmax=2311
[dump]   top0 idx=2311 val=0.60577
[dump]   top1 idx=16353 val=0.55612
[dump]   top2 idx=914 val=0.50777
[dump]   top3 idx=359 val=0.42052
[dump]   top4 idx=34008 val=0.38091
[dump] L12.fmix   n=40960   finite=1 absmax=3.1078       mean=0.014095     sumsq=10078.74316        argmax=36536
[dump]   top0 idx=36536 val=2.42871
[dump]   top1 idx=7573 val=2.28154
[dump]   top2 idx=10171 val=2.27257
[dump]   top3 idx=27994 val=2.20269
[dump]   top4 idx=10074 val=2.05597
[dump] L12.mid    n=160     finite=1 absmax=0 mean=0 sumsq=0 ids: 28 139 433 283 201 386 300 474 421 277 352 139 229 52 421 277 214 474 101 433 141 352 120 18 139 110 496 136 307 1 352 101 52 139 277 81 390 381 150 327 118 352 393 282 101 165 52 433 422 242 52 277 352 390 386 219 9 421 150 392 214 229 52 352 133 504 141 43 139 381 352 52 503 386 130 451 393 215 139 200 352 52 189 43 139 381 422 133 126 229 52 43 352 139 366 170 381 421 448 229 421 352 52 54 161 45 286 422 136 433 421 0 422 368 52 433 81 352 366 21 0 421 366 214 433 133 52 368 352 283 0 421 433 366 21 63 172 368 52 201 421 0 52 433 460 63 275 256 114 368 352 433 275 0 504 282 368 482 52 214
[dump] L12.moe    n=40960   finite=1 absmax=0.053011     mean=1.7484e-05   sumsq=3.291323395        argmax=13467
[dump]   top0 idx=13467 val=0.05301
[dump]   top1 idx=40853 val=0.05033
[dump]   top2 idx=30613 val=0.04763
[dump]   top3 idx=39383 val=0.04726
[dump]   top4 idx=7573 val=0.04697
[dump] L12.res    n=163840  finite=1 absmax=2.837        mean=0.00136      sumsq=315.0344348        argmax=1500
[dump]   top0 idx=1500 val=0.84331
[dump]   top1 idx=71573 val=0.46553
[dump]   top2 idx=122773 val=0.43278
[dump]   top3 idx=2121 val=0.41608
[dump]   top4 idx=30613 val=0.40778
[dump] L13.hcmix  n=40960   finite=1 absmax=4.8815       mean=0.01324      sumsq=12728.42816        argmax=7573
[dump]   top0 idx=7573 val=4.76027
[dump]   top1 idx=12693 val=4.28448
[dump]   top2 idx=17813 val=4.18689
[dump]   top3 idx=30613 val=3.55975
[dump]   top4 idx=20373 val=3.36292
[dump] L13.att    n=40960   finite=1 absmax=0.32089      mean=-0.00091955  sumsq=72.99069813        argmax=39351
[dump]   top0 idx=39351 val=0.32089
[dump]   top1 idx=23991 val=0.26548
[dump]   top2 idx=26551 val=0.26220
[dump]   top3 idx=28888 val=0.24866
[dump]   top4 idx=9475 val=0.23821
[dump] L13.fmix   n=40960   finite=1 absmax=3.1227       mean=0.0043912    sumsq=8960.041693        argmax=7573
[dump]   top0 idx=7573 val=3.12274
[dump]   top1 idx=17813 val=3.05642
[dump]   top2 idx=1500 val=2.97087
[dump]   top3 idx=30613 val=2.86455
[dump]   top4 idx=4046 val=2.62253
[dump] L13.mid    n=160     finite=1 absmax=0 mean=0 sumsq=0 ids: 293 68 466 366 268 219 145 67 224 400 387 273 148 290 91 50 93 468 250 162 290 387 394 148 250 468 36 64 330 273 387 273 148 290 93 91 221 267 354 368 290 148 250 118 508 64 273 394 81 66 387 273 290 148 118 468 508 93 296 338 118 394 290 325 338 148 185 508 273 453 118 273 387 265 290 93 325 259 451 81 290 273 387 504 118 93 16 485 346 259 273 387 118 265 91 290 93 259 389 148 273 290 387 118 148 91 64 259 265 470 259 265 387 273 274 97 91 468 290 118 259 265 438 387 118 468 91 97 290 451 259 468 387 265 97 357 273 93 451 418 259 265 468 387 118 273 91 385 357 399 259 265 338 118 468 290 249 91 387 273
[dump] L13.moe    n=40960   finite=1 absmax=0.1578       mean=0.0001322    sumsq=5.459041961        argmax=1716
[dump]   top0 idx=1716 val=0.09561
[dump]   top1 idx=1301 val=0.08816
[dump]   top2 idx=2035 val=0.07952
[dump]   top3 idx=1912 val=0.06910
[dump]   top4 idx=579 val=0.06907
[dump] L13.res    n=163840  finite=1 absmax=2.8733       mean=0.0013456    sumsq=331.4854054        argmax=1500
[dump]   top0 idx=1500 val=0.84892
[dump]   top1 idx=71573 val=0.46476
[dump]   top2 idx=122773 val=0.43478
[dump]   top3 idx=2121 val=0.41033
[dump]   top4 idx=30613 val=0.40665
[dump] L14.hcmix  n=40960   finite=1 absmax=7.9375       mean=0.016761     sumsq=11347.26848        argmax=1500
[dump]   top0 idx=1500 val=7.93752
[dump]   top1 idx=17813 val=4.77383
[dump]   top2 idx=12035 val=3.50041
[dump]   top3 idx=27395 val=3.38727
[dump]   top4 idx=15277 val=3.36218
[dump] L14.att    n=40960   finite=1 absmax=2.0683       mean=-0.0011166   sumsq=225.4570592        argmax=138
[dump]   top0 idx=138 val=0.79392
[dump]   top1 idx=788 val=0.75655
[dump]   top2 idx=679 val=0.66369
[dump]   top3 idx=2162 val=0.64824
[dump]   top4 idx=1603 val=0.64614
[dump] L14.fmix   n=40960   finite=1 absmax=6.5924       mean=0.007397     sumsq=9937.83354         argmax=1500
[dump]   top0 idx=1500 val=3.68555
[dump]   top1 idx=4046 val=3.08852
[dump]   top2 idx=788 val=2.73228
[dump]   top3 idx=47 val=2.58458
[dump]   top4 idx=11241 val=2.48157
[dump] L14.mid    n=160     finite=1 absmax=0 mean=0 sumsq=0 ids: 398 165 326 266 29 17 151 40 138 339 506 138 165 409 14 40 417 398 326 473 227 40 463 372 370 414 246 459 407 244 165 409 14 473 506 205 417 138 308 326 376 290 280 223 22 5 463 360 162 385 409 14 12 417 290 398 506 308 138 464 339 40 488 9 495 266 136 2 49 108 409 234 14 473 290 506 12 398 441 138 339 40 29 176 266 488 280 495 9 180 180 266 40 495 108 312 492 9 2 280 409 473 498 280 370 506 227 439 14 460 40 49 339 266 282 495 252 244 136 2 40 49 244 168 136 409 108 138 500 506 244 335 506 473 151 100 409 108 398 482 335 244 100 506 482 473 151 409 510 402 244 100 482 40 266 29 407 168 510 67
[dump] L14.moe    n=40960   finite=1 absmax=0.13373      mean=3.8346e-06   sumsq=2.972969538        argmax=1500
[dump]   top0 idx=1500 val=0.13373
[dump]   top1 idx=793 val=0.07445
[dump]   top2 idx=788 val=0.06826
[dump]   top3 idx=1094 val=0.06823
[dump]   top4 idx=2433 val=0.05360
[dump] L14.res    n=163840  finite=1 absmax=2.9035       mean=0.0012936    sumsq=344.5119586        argmax=1500
[dump]   top0 idx=1500 val=0.88192
[dump]   top1 idx=71573 val=0.46638
[dump]   top2 idx=2121 val=0.46463
[dump]   top3 idx=788 val=0.46297
[dump]   top4 idx=122773 val=0.43646
[dump] L15.hcmix  n=40960   finite=1 absmax=10.49        mean=0.0056406    sumsq=3102.602702        argmax=1500
[dump]   top0 idx=1500 val=1.90077
[dump]   top1 idx=17813 val=1.78012
[dump]   top2 idx=27395 val=1.58444
[dump]   top3 idx=33947 val=1.55059
[dump]   top4 idx=15277 val=1.52312
[dump] L15.att    n=40960   finite=1 absmax=1.3206       mean=-0.0036068   sumsq=248.4284032        argmax=2311
[dump]   top0 idx=2311 val=1.32059
[dump]   top1 idx=892 val=1.01441
[dump]   top2 idx=2307 val=0.68065
[dump]   top3 idx=1795 val=0.55404
[dump]   top4 idx=1947 val=0.49737
[dump] L15.fmix   n=40960   finite=1 absmax=6.8289       mean=0.0026997    sumsq=21312.16797        argmax=5848
[dump]   top0 idx=5848 val=6.82894
[dump]   top1 idx=10968 val=5.50390
[dump]   top2 idx=28888 val=5.41575
[dump]   top3 idx=21208 val=5.06387
[dump]   top4 idx=18648 val=4.86763
[dump] L15.mid    n=160     finite=1 absmax=0 mean=0 sumsq=0 ids: 283 174 188 38 342 103 215 330 177 107 494 207 501 199 50 39 156 263 303 318 207 219 453 31 53 455 263 127 23 236 207 61 405 399 219 288 303 302 406 426 207 236 453 116 388 16 405 406 319 326 207 50 426 32 406 302 219 192 288 399 302 207 280 453 388 246 288 236 179 134 134 406 32 207 426 219 314 192 399 281 343 134 119 263 487 426 427 511 405 311 405 207 303 311 426 343 446 134 494 174 228 405 303 343 406 53 192 263 311 408 405 207 174 494 311 204 134 289 50 303 174 303 288 405 423 311 192 50 39 446 174 303 289 207 405 494 192 283 50 288 289 405 174 494 322 156 303 192 177 33 174 303 405 12 289 423 156 432 71 280
[dump] L15.moe    n=40960   finite=1 absmax=0.29283      mean=3.0927e-05   sumsq=8.66363423         argmax=1716
[dump]   top0 idx=1716 val=0.14291
[dump]   top1 idx=138 val=0.11802
[dump]   top2 idx=1736 val=0.08320
[dump]   top3 idx=1984 val=0.08050
[dump]   top4 idx=562 val=0.07877
[dump] L15.res    n=163840  finite=1 absmax=2.8397       mean=0.0011262    sumsq=334.5351995        argmax=1500
[dump]   top0 idx=1500 val=0.88067
[dump]   top1 idx=2121 val=0.48567
[dump]   top2 idx=71573 val=0.46318
[dump]   top3 idx=788 val=0.44049
[dump]   top4 idx=122773 val=0.43395
[dump] L16.hcmix  n=40960   finite=1 absmax=15.833       mean=0.0017455    sumsq=13027.91707        argmax=1500
[dump]   top0 idx=1500 val=9.39717
[dump]   top1 idx=7573 val=3.96654
[dump]   top2 idx=788 val=3.90528
[dump]   top3 idx=20373 val=3.62922
[dump]   top4 idx=1912 val=3.23530
[dump] L16.att    n=40960   finite=1 absmax=0.45988      mean=-0.00052189  sumsq=66.18912339        argmax=5081
[dump]   top0 idx=5081 val=0.33597
[dump]   top1 idx=16311 val=0.29178
[dump]   top2 idx=3553 val=0.28569
[dump]   top3 idx=11374 val=0.28289
[dump]   top4 idx=32111 val=0.26119
[dump] L16.fmix   n=40960   finite=1 absmax=3.9244       mean=0.00014652   sumsq=16689.30552        argmax=1500
[dump]   top0 idx=1500 val=3.92440
[dump]   top1 idx=5848 val=3.08060
[dump]   top2 idx=11241 val=2.91711
[dump]   top3 idx=788 val=2.87556
[dump]   top4 idx=20158 val=2.80214
[dump] L16.mid    n=160     finite=1 absmax=0 mean=0 sumsq=0 ids: 228 487 243 272 132 473 142 259 361 32 228 272 429 243 142 140 447 479 58 487 228 457 319 398 140 303 124 447 370 145 228 272 142 447 140 479 26 278 400 429 188 228 104 138 447 319 303 479 124 270 228 140 272 142 447 26 278 394 205 243 228 303 64 188 26 447 429 319 272 341 400 272 394 228 140 369 26 278 113 479 400 228 140 272 393 394 282 61 278 149 140 228 272 243 142 263 400 278 429 487 272 228 400 236 140 465 243 142 263 26 243 272 228 263 142 58 429 140 487 61 228 243 272 142 140 429 487 263 278 58 243 228 58 263 142 278 272 479 487 489 243 228 58 278 272 263 134 202 480 487 243 228 278 202 272 58 392 475 352 25
[dump] L16.moe    n=40960   finite=1 absmax=0.69301      mean=7.3966e-05   sumsq=11.69660942        argmax=2311
[dump]   top0 idx=2311 val=0.27359
[dump]   top1 idx=2366 val=0.20689
[dump]   top2 idx=472 val=0.18741
[dump]   top3 idx=138 val=0.18653
[dump]   top4 idx=627 val=0.17752
[dump] L16.res    n=163840  finite=1 absmax=2.6858       mean=0.0011105    sumsq=342.2988889        argmax=1500
[dump]   top0 idx=1500 val=0.84820
[dump]   top1 idx=2121 val=0.51347
[dump]   top2 idx=1580 val=0.48750
[dump]   top3 idx=2366 val=0.47721
[dump]   top4 idx=1787 val=0.47669
[dump] L17.hcmix  n=40960   finite=1 absmax=6.2646       mean=0.0082611    sumsq=13385.46238        argmax=17813
[dump]   top0 idx=17813 val=4.71451
[dump]   top1 idx=1500 val=4.13544
[dump]   top2 idx=7573 val=3.71279
[dump]   top3 idx=12693 val=3.54580
[dump]   top4 idx=10157 val=3.48275
[dump] L17.att    n=40960   finite=1 absmax=0.42022      mean=-0.00098706  sumsq=54.58034688        argmax=40384
[dump]   top0 idx=40384 val=0.21847
[dump]   top1 idx=39558 val=0.19892
[dump]   top2 idx=28337 val=0.19438
[dump]   top3 idx=2521 val=0.19082
[dump]   top4 idx=39204 val=0.19048
[dump] L17.fmix   n=40960   finite=1 absmax=3.581        mean=-0.00024272  sumsq=12442.92604        argmax=4046
[dump]   top0 idx=4046 val=3.58104
[dump]   top1 idx=39912 val=2.79785
[dump]   top2 idx=788 val=2.66597
[dump]   top3 idx=32206 val=2.51942
[dump]   top4 idx=39148 val=2.44868
[dump] L17.mid    n=160     finite=1 absmax=0 mean=0 sumsq=0 ids: 486 136 510 84 209 135 330 15 274 243 136 486 471 499 328 305 84 105 469 365 469 328 127 486 26 285 366 358 136 71 136 486 471 328 387 127 469 249 84 467 366 486 444 97 136 333 374 471 18 4 136 84 486 471 127 328 419 386 1 474 328 444 486 136 97 84 374 471 71 464 8 387 136 419 328 448 181 471 486 470 8 470 181 136 404 304 328 398 486 311 470 136 471 486 328 374 362 366 419 127 136 486 84 8 127 327 328 387 471 195 136 471 84 486 419 374 499 498 139 363 471 136 366 486 374 139 362 419 363 499 84 363 209 486 471 136 139 374 366 499 209 84 139 363 499 486 136 419 422 253 139 209 363 471 486 136 345 498 221 274
[dump] L17.moe    n=40960   finite=1 absmax=0.18888      mean=0.00010943   sumsq=2.997430383        argmax=1716
[dump]   top0 idx=1716 val=0.08721
[dump]   top1 idx=138 val=0.05628
[dump]   top2 idx=230 val=0.03856
[dump]   top3 idx=38713 val=0.03731
[dump]   top4 idx=15207 val=0.03509
[dump] L17.res    n=163840  finite=1 absmax=2.7044       mean=0.0010579    sumsq=338.0921097        argmax=1500
[dump]   top0 idx=1500 val=0.85378
[dump]   top1 idx=2121 val=0.50192
[dump]   top2 idx=1580 val=0.48954
[dump]   top3 idx=788 val=0.47779
[dump]   top4 idx=2366 val=0.46625
[dump] L18.hcmix  n=40960   finite=1 absmax=18.646       mean=0.0099845    sumsq=13528.316          argmax=1500
[dump]   top0 idx=1500 val=7.92328
[dump]   top1 idx=21685 val=4.06174
[dump]   top2 idx=26805 val=3.96575
[dump]   top3 idx=30613 val=3.93309
[dump]   top4 idx=17813 val=3.89016
[dump] L18.att    n=40960   finite=1 absmax=0.41088      mean=-0.00049425  sumsq=84.88828242        argmax=634
[dump]   top0 idx=634 val=0.41088
[dump]   top1 idx=38882 val=0.37701
[dump]   top2 idx=10722 val=0.36600
[dump]   top3 idx=5602 val=0.33782
[dump]   top4 idx=33762 val=0.33469
[dump] L18.fmix   n=40960   finite=1 absmax=3.8968       mean=0.0091286    sumsq=11056.16084        argmax=17813
[dump]   top0 idx=17813 val=3.89683
[dump]   top1 idx=1500 val=3.48022
[dump]   top2 idx=7573 val=3.23255
[dump]   top3 idx=10936 val=2.99699
[dump]   top4 idx=30613 val=2.96048
[dump] L18.mid    n=160     finite=1 absmax=0 mean=0 sumsq=0 ids: 449 475 399 87 275 411 35 24 211 264 111 29 264 185 201 459 135 87 325 119 131 157 459 106 506 111 29 366 201 437 264 29 7 201 185 135 405 101 299 87 440 131 29 459 201 190 398 111 151 299 87 264 88 277 29 411 297 24 275 185 131 102 111 24 29 366 7 101 157 459 469 88 131 264 101 87 185 119 325 496 29 5 157 119 469 7 459 353 448 88 29 448 102 353 264 24 7 201 5 101 111 29 299 185 459 201 106 74 238 157 131 24 448 101 111 29 347 264 366 201 111 29 448 24 366 102 201 157 101 459 24 131 29 448 101 201 211 347 353 264 201 448 101 150 24 29 185 123 131 310 207 448 201 29 474 266 116 270 459 247
[dump] L18.moe    n=40960   finite=1 absmax=0.062349     mean=-0.00015164  sumsq=4.742547496        argmax=27086
[dump]   top0 idx=27086 val=0.06235
[dump]   top1 idx=22933 val=0.05092
[dump]   top2 idx=35645 val=0.05040
[dump]   top3 idx=35544 val=0.05020
[dump]   top4 idx=35081 val=0.04883
[dump] L18.res    n=163840  finite=1 absmax=2.7062       mean=0.00088801   sumsq=361.6155405        argmax=1500
[dump]   top0 idx=1500 val=0.84618
[dump]   top1 idx=2121 val=0.49820
[dump]   top2 idx=1580 val=0.49574
[dump]   top3 idx=71573 val=0.47186
[dump]   top4 idx=788 val=0.46187
[dump] L19.hcmix  n=40960   finite=1 absmax=11.298       mean=0.0043666    sumsq=4869.994804        argmax=17813
[dump]   top0 idx=17813 val=2.63548
[dump]   top1 idx=30613 val=2.62230
[dump]   top2 idx=7573 val=2.38827
[dump]   top3 idx=15842 val=2.03929
[dump]   top4 idx=38882 val=2.02434
[dump] L19.att    n=40960   finite=1 absmax=1.6895       mean=-0.00065784  sumsq=348.1728067        argmax=892
[dump]   top0 idx=892 val=1.54127
[dump]   top1 idx=1736 val=1.17620
[dump]   top2 idx=2238 val=1.15235
[dump]   top3 idx=2307 val=1.01915
[dump]   top4 idx=1795 val=0.83388
[dump] L19.fmix   n=40960   finite=1 absmax=4.0689       mean=0.0026636    sumsq=14699.2075         argmax=4046
[dump]   top0 idx=4046 val=4.06892
[dump]   top1 idx=12035 val=3.10933
[dump]   top2 idx=6606 val=2.95642
[dump]   top3 idx=3873 val=2.83127
[dump]   top4 idx=14245 val=2.80057
[dump] L19.mid    n=160     finite=1 absmax=0 mean=0 sumsq=0 ids: 406 360 413 162 170 434 31 173 293 377 434 3 377 161 342 472 9 453 188 277 56 259 222 455 309 161 434 70 229 91 3 357 31 377 70 170 472 161 222 342 70 161 259 472 74 381 375 56 434 364 3 368 357 9 74 501 150 222 375 377 472 375 161 34 56 49 364 434 70 3 3 368 397 86 472 31 222 455 103 9 397 291 161 222 193 472 368 3 455 357 375 472 3 291 222 9 397 193 434 31 222 375 170 472 31 357 455 161 377 397 222 472 31 150 375 267 121 3 315 173 375 472 315 3 121 31 222 434 377 397 31 121 490 162 470 173 3 103 377 472 31 173 121 472 162 388 14 377 490 103 31 375 472 121 315 162 434 161 56 173
[dump] L19.moe    n=40960   finite=1 absmax=0.08494      mean=0.00034834   sumsq=6.613572588        argmax=29940
[dump]   top0 idx=29940 val=0.08494
[dump]   top1 idx=29672 val=0.07936
[dump]   top2 idx=29931 val=0.07702
[dump]   top3 idx=28571 val=0.07524
[dump]   top4 idx=30058 val=0.07173
[dump] L19.res    n=163840  finite=1 absmax=2.7309       mean=0.0010973    sumsq=370.9041756        argmax=1500
[dump]   top0 idx=1500 val=0.84745
[dump]   top1 idx=2121 val=0.52409
[dump]   top2 idx=1580 val=0.48212
[dump]   top3 idx=138 val=0.47722
[dump]   top4 idx=71573 val=0.46933
[dump] L20.hcmix  n=40960   finite=1 absmax=20.891       mean=0.0026064    sumsq=12638.07           argmax=1500
[dump]   top0 idx=1500 val=7.04213
[dump]   top1 idx=1736 val=4.44992
[dump]   top2 idx=47 val=3.67218
[dump]   top3 idx=29111 val=3.26695
[dump]   top4 idx=788 val=3.23131
[dump] L20.att    n=40960   finite=1 absmax=5.798        mean=0.00039579   sumsq=439.5785052        argmax=2238
[dump]   top0 idx=2238 val=3.24774
[dump]   top1 idx=403 val=3.01959
[dump]   top2 idx=1500 val=2.59842
[dump]   top3 idx=1827 val=1.77876
[dump]   top4 idx=1132 val=1.47810
[dump] L20.fmix   n=40960   finite=1 absmax=6.3032       mean=0.014757     sumsq=19807.50777        argmax=4046
[dump]   top0 idx=4046 val=6.30323
[dump]   top1 idx=6606 val=4.52170
[dump]   top2 idx=32206 val=4.09203
[dump]   top3 idx=16846 val=3.67283
[dump]   top4 idx=14245 val=3.54562
[dump] L20.mid    n=160     finite=1 absmax=0 mean=0 sumsq=0 ids: 429 363 39 439 407 179 485 307 169 55 387 363 109 76 388 439 429 25 485 258 122 494 218 326 26 158 154 216 488 388 363 40 485 110 242 109 134 146 387 105 146 358 187 134 109 40 39 242 369 96 491 54 4 485 363 306 481 242 219 39 146 243 485 387 134 218 369 39 229 445 491 481 244 387 485 306 341 54 59 39 387 59 49 481 137 491 63 110 341 485 387 258 485 59 330 168 25 233 243 491 387 339 363 109 495 26 485 218 148 309 387 168 258 25 39 485 154 442 248 330 387 25 258 168 330 485 358 442 344 265 387 168 442 485 179 185 258 25 410 307 387 442 179 168 278 18 485 265 370 26 387 262 179 442 25 168 125 258 185 119
[dump] L20.moe    n=40960   finite=1 absmax=0.091472     mean=2.8445e-05   sumsq=8.023768244        argmax=35401
[dump]   top0 idx=35401 val=0.07573
[dump]   top1 idx=29228 val=0.06648
[dump]   top2 idx=39632 val=0.06209
[dump]   top3 idx=30636 val=0.06158
[dump]   top4 idx=32702 val=0.06104
[dump] L20.res    n=163840  finite=1 absmax=2.6644       mean=0.0011267    sumsq=382.6864327        argmax=1500
[dump]   top0 idx=1500 val=1.21917
[dump]   top1 idx=138 val=0.61461
[dump]   top2 idx=1827 val=0.58241
[dump]   top3 idx=1580 val=0.58091
[dump]   top4 idx=1787 val=0.52501
[dump] L21.hcmix  n=40960   finite=1 absmax=14.316       mean=0.032067     sumsq=13812.54205        argmax=1500
[dump]   top0 idx=1500 val=7.37152
[dump]   top1 idx=1736 val=4.73019
[dump]   top2 idx=1827 val=4.46291
[dump]   top3 idx=21685 val=4.11458
[dump]   top4 idx=1912 val=4.09203
[dump] L21.att    n=40960   finite=1 absmax=0.85583      mean=0.00041392   sumsq=33.73789269        argmax=2238
[dump]   top0 idx=2238 val=0.53748
[dump]   top1 idx=30912 val=0.33721
[dump]   top2 idx=33472 val=0.31721
[dump]   top3 idx=2537 val=0.30290
[dump]   top4 idx=16353 val=0.29501
[dump] L21.fmix   n=40960   finite=1 absmax=4.6129       mean=0.031269     sumsq=17784.34135        argmax=4046
[dump]   top0 idx=4046 val=4.61288
[dump]   top1 idx=10871 val=4.23734
[dump]   top2 idx=10936 val=3.98260
[dump]   top3 idx=3873 val=3.71124
[dump]   top4 idx=5751 val=3.64329
[dump] L21.mid    n=160     finite=1 absmax=0 mean=0 sumsq=0 ids: 72 255 379 25 267 297 190 128 507 420 255 379 128 25 306 369 426 19 118 150 128 451 372 64 312 25 306 153 507 200 255 306 379 265 511 278 25 150 128 19 128 48 278 51 25 60 484 346 359 181 25 302 379 255 131 297 134 406 142 472 128 19 25 484 29 302 278 385 346 313 25 480 297 51 302 446 360 19 427 64 352 118 166 306 25 19 484 85 57 33 352 57 118 25 369 19 313 306 346 166 25 255 379 317 128 19 118 278 191 346 369 19 346 25 57 128 313 118 131 507 369 57 19 118 128 346 484 153 142 25 346 313 469 369 420 255 57 131 498 418 346 313 321 420 369 418 255 57 469 118 369 313 346 57 420 321 471 118 469 128
[dump] L21.moe    n=40960   finite=1 absmax=0.078085     mean=0.00018335   sumsq=7.105847518        argmax=24921
[dump]   top0 idx=24921 val=0.07809
[dump]   top1 idx=30592 val=0.06448
[dump]   top2 idx=28558 val=0.06013
[dump]   top3 idx=40723 val=0.05980
[dump]   top4 idx=37212 val=0.05830
[dump] L21.res    n=163840  finite=1 absmax=2.6856       mean=0.0012997    sumsq=402.7470524        argmax=1500
[dump]   top0 idx=1500 val=1.21971
[dump]   top1 idx=138 val=0.61628
[dump]   top2 idx=1827 val=0.58062
[dump]   top3 idx=1580 val=0.57706
[dump]   top4 idx=1787 val=0.52584
[dump] L22.hcmix  n=40960   finite=1 absmax=22.866       mean=0.017336     sumsq=12448.38566        argmax=1500
[dump]   top0 idx=1500 val=9.62982
[dump]   top1 idx=5 val=4.85503
[dump]   top2 idx=17925 val=4.78057
[dump]   top3 idx=25605 val=4.77841
[dump]   top4 idx=10245 val=4.59998
[dump] L22.att    n=40960   finite=1 absmax=1.9402       mean=0.00064829   sumsq=136.1158193        argmax=793
[dump]   top0 idx=793 val=1.94015
[dump]   top1 idx=1500 val=1.34008
[dump]   top2 idx=25868 val=1.04080
[dump]   top3 idx=23308 val=0.94654
[dump]   top4 idx=28428 val=0.93821
[dump] L22.fmix   n=40960   finite=1 absmax=4.8999       mean=0.030116     sumsq=16184.60103        argmax=10936
[dump]   top0 idx=10936 val=4.45273
[dump]   top1 idx=36536 val=4.42788
[dump]   top2 idx=12655 val=4.08989
[dump]   top3 idx=10871 val=3.53969
[dump]   top4 idx=17813 val=3.36764
[dump] L22.mid    n=160     finite=1 absmax=0 mean=0 sumsq=0 ids: 317 309 283 32 456 206 205 57 446 287 305 188 402 376 164 279 425 51 483 484 188 460 488 13 187 396 318 265 454 50 464 51 352 384 145 488 425 396 460 244 460 13 244 306 183 396 384 482 193 32 235 341 309 206 205 347 462 104 425 393 454 460 488 396 7 27 487 50 117 136 241 291 106 425 124 83 360 375 365 388 504 50 425 400 365 83 488 265 388 96 504 460 50 279 454 400 438 301 487 425 153 87 117 55 173 71 329 452 89 341 460 117 244 331 483 116 239 164 50 153 483 188 117 51 164 454 438 113 13 116 173 287 483 355 412 457 143 262 301 170 370 168 459 429 323 254 262 137 173 320 286 260 354 483 209 25 173 44 14 94
[dump] L22.moe    n=40960   finite=1 absmax=0.11423      mean=1.7672e-05   sumsq=6.314386206        argmax=26320
[dump]   top0 idx=26320 val=0.11243
[dump]   top1 idx=27937 val=0.09890
[dump]   top2 idx=26399 val=0.08422
[dump]   top3 idx=26441 val=0.06111
[dump]   top4 idx=28880 val=0.06012
[dump] L22.res    n=163840  finite=1 absmax=2.6853       mean=0.0013668    sumsq=440.1517756        argmax=1500
[dump]   top0 idx=1500 val=1.22135
[dump]   top1 idx=138 val=0.61584
[dump]   top2 idx=1827 val=0.58064
[dump]   top3 idx=1580 val=0.57724
[dump]   top4 idx=1787 val=0.52671
[dump] L23.hcmix  n=40960   finite=1 absmax=7.8482       mean=0.011362     sumsq=4333.551438        argmax=1500
[dump]   top0 idx=1500 val=7.84822
[dump]   top1 idx=793 val=6.70578
[dump]   top2 idx=17925 val=3.30388
[dump]   top3 idx=5125 val=3.22599
[dump]   top4 idx=38405 val=3.21155
[dump] L23.att    n=40960   finite=1 absmax=0.68187      mean=0.0051975    sumsq=299.4124661        argmax=21537
[dump]   top0 idx=21537 val=0.58622
[dump]   top1 idx=12104 val=0.57475
[dump]   top2 idx=28719 val=0.55831
[dump]   top3 idx=32542 val=0.55708
[dump]   top4 idx=28932 val=0.53852
[dump] L23.fmix   n=40960   finite=1 absmax=5.8046       mean=0.02166      sumsq=24545.50657        argmax=8681
[dump]   top0 idx=8681 val=5.80462
[dump]   top1 idx=25380 val=3.85761
[dump]   top2 idx=21886 val=3.69223
[dump]   top3 idx=1500 val=3.64280
[dump]   top4 idx=11929 val=3.60750
[dump] L23.mid    n=160     finite=1 absmax=0 mean=0 sumsq=0 ids: 356 285 389 299 430 244 334 494 42 457 356 42 506 285 99 199 299 354 61 53 356 99 506 45 48 385 355 371 161 459 356 307 99 264 42 355 349 306 161 376 356 99 367 342 109 500 53 61 264 128 356 480 372 82 336 314 36 494 367 45 99 104 228 297 53 109 219 356 349 50 356 480 375 314 367 45 161 21 128 372 356 128 21 355 320 375 171 480 307 354 356 406 128 480 219 273 164 375 477 355 356 128 477 442 161 21 297 506 355 199 356 318 215 128 110 61 353 297 334 477 356 128 32 53 353 110 477 342 89 297 356 128 127 233 480 110 334 477 492 56 356 128 233 425 110 127 354 451 60 334 356 233 109 128 166 340 12 41 180 110
[dump] L23.moe    n=40960   finite=1 absmax=0.086501     mean=-3.0808e-05  sumsq=12.92847932        argmax=3023
[dump]   top0 idx=3023 val=0.08528
[dump]   top1 idx=2949 val=0.08373
[dump]   top2 idx=3575 val=0.08359
[dump]   top3 idx=5037 val=0.07922
[dump]   top4 idx=3282 val=0.07833
[dump] L23.res    n=163840  finite=1 absmax=2.689        mean=0.0016569    sumsq=449.5611923        argmax=1500
[dump]   top0 idx=1500 val=1.22054
[dump]   top1 idx=138 val=0.60772
[dump]   top2 idx=1827 val=0.57361
[dump]   top3 idx=1580 val=0.57306
[dump]   top4 idx=1787 val=0.53007
[dump] L24.hcmix  n=40960   finite=1 absmax=7.2276       mean=0.032571     sumsq=12634.82017        argmax=17813
[dump]   top0 idx=17813 val=5.19813
[dump]   top1 idx=7573 val=4.66218
[dump]   top2 idx=5751 val=4.06013
[dump]   top3 idx=1500 val=3.88062
[dump]   top4 idx=21685 val=3.68555
[dump] L24.att    n=40960   finite=1 absmax=0.20437      mean=-5.5387e-05  sumsq=26.98551271        argmax=11445
[dump]   top0 idx=11445 val=0.20437
[dump]   top1 idx=21685 val=0.20278
[dump]   top2 idx=22911 val=0.16188
[dump]   top3 idx=39693 val=0.16187
[dump]   top4 idx=29365 val=0.15670
[dump] L24.fmix   n=40960   finite=1 absmax=5.609        mean=0.026106     sumsq=12807.09169        argmax=1500
[dump]   top0 idx=1500 val=5.60904
[dump]   top1 idx=4046 val=2.99200
[dump]   top2 idx=17813 val=2.64236
[dump]   top3 idx=7573 val=2.58819
[dump]   top4 idx=3873 val=2.55571
[dump] L24.mid    n=160     finite=1 absmax=0 mean=0 sumsq=0 ids: 308 387 456 219 175 439 46 263 181 370 263 387 175 219 462 354 446 183 231 46 134 99 263 36 320 446 498 212 308 387 263 99 360 308 342 387 46 433 175 74 263 360 308 342 157 128 82 99 134 121 206 360 395 175 308 263 387 46 394 458 263 134 99 387 223 277 308 446 360 183 134 387 223 446 90 360 313 263 204 323 360 354 263 387 295 99 252 46 446 150 263 360 354 387 462 183 66 208 446 46 181 263 360 46 308 387 446 175 99 134 263 134 181 183 387 360 462 354 28 231 263 462 360 183 354 134 181 387 231 223 263 181 134 462 183 219 439 354 28 218 181 360 263 134 462 387 231 175 81 317 263 462 181 360 317 183 134 218 387 231
[dump] L24.moe    n=40960   finite=1 absmax=0.56522      mean=0.00017022   sumsq=7.006668732        argmax=422
[dump]   top0 idx=422 val=0.28328
[dump]   top1 idx=403 val=0.08910
[dump]   top2 idx=2238 val=0.08671
[dump]   top3 idx=634 val=0.07228
[dump]   top4 idx=430 val=0.07212
[dump] L24.res    n=163840  finite=1 absmax=3.4692       mean=0.0018279    sumsq=510.70662          argmax=1500
[dump]   top0 idx=1500 val=1.18470
[dump]   top1 idx=1787 val=0.57824
[dump]   top2 idx=71573 val=0.55847
[dump]   top3 idx=30613 val=0.55691
[dump]   top4 idx=788 val=0.52893
[dump] L25.hcmix  n=40960   finite=1 absmax=12.959       mean=0.022062     sumsq=13269.31104        argmax=1500
[dump]   top0 idx=1500 val=7.93189
[dump]   top1 idx=7573 val=4.91454
[dump]   top2 idx=17813 val=4.30918
[dump]   top3 idx=21685 val=3.86254
[dump]   top4 idx=12693 val=3.76193
[dump] L25.att    n=40960   finite=1 absmax=0.40186      mean=0.00089526   sumsq=95.02853921        argmax=8673
[dump]   top0 idx=8673 val=0.40186
[dump]   top1 idx=29111 val=0.39792
[dump]   top2 idx=31671 val=0.39392
[dump]   top3 idx=422 val=0.34153
[dump]   top4 idx=13751 val=0.34125
[dump] L25.fmix   n=40960   finite=1 absmax=3.681        mean=0.031266     sumsq=13377.7205         argmax=4046
[dump]   top0 idx=4046 val=3.46923
[dump]   top1 idx=1500 val=3.04526
[dump]   top2 idx=37981 val=2.51263
[dump]   top3 idx=230 val=2.46177
[dump]   top4 idx=7573 val=2.44750
[dump] L25.mid    n=160     finite=1 absmax=0 mean=0 sumsq=0 ids: 192 218 430 150 209 322 229 376 87 369 192 376 369 292 425 321 430 154 264 466 317 113 382 205 40 425 209 20 374 428 444 425 321 209 374 218 376 104 430 272 371 276 115 425 321 417 218 110 374 487 376 427 73 371 425 377 361 478 218 141 374 153 369 425 218 430 371 264 330 321 430 459 170 427 369 153 211 321 218 370 430 427 153 264 488 374 321 29 370 426 264 374 430 370 218 59 376 292 427 321 377 321 445 264 427 376 96 218 430 374 264 374 430 153 96 142 68 376 478 495 264 374 59 478 292 68 156 321 275 142 264 142 96 376 87 430 153 478 240 427 264 430 427 376 374 68 240 142 478 153 264 59 156 275 427 142 370 374 376 495
[dump] L25.moe    n=40960   finite=1 absmax=0.044996     mean=3.7449e-05   sumsq=3.656153512        argmax=22299
[dump]   top0 idx=22299 val=0.04500
[dump]   top1 idx=8682 val=0.04146
[dump]   top2 idx=34384 val=0.04129
[dump]   top3 idx=38302 val=0.04078
[dump]   top4 idx=24921 val=0.03864
[dump] L25.res    n=163840  finite=1 absmax=3.505        mean=0.0019895    sumsq=504.2282482        argmax=1500
[dump]   top0 idx=1500 val=1.16065
[dump]   top1 idx=1787 val=0.56688
[dump]   top2 idx=71573 val=0.55301
[dump]   top3 idx=30613 val=0.54768
[dump]   top4 idx=788 val=0.53281
[dump] L26.hcmix  n=40960   finite=1 absmax=14.449       mean=0.023822     sumsq=14366.37839        argmax=1500
[dump]   top0 idx=1500 val=9.84113
[dump]   top1 idx=793 val=4.93446
[dump]   top2 idx=17813 val=4.75792
[dump]   top3 idx=7573 val=4.33885
[dump]   top4 idx=30613 val=3.74245
[dump] L26.att    n=40960   finite=1 absmax=1.1472       mean=-0.0022473   sumsq=180.367575         argmax=39128
[dump]   top0 idx=39128 val=0.44502
[dump]   top1 idx=39534 val=0.38285
[dump]   top2 idx=784 val=0.35629
[dump]   top3 idx=6071 val=0.35418
[dump]   top4 idx=5848 val=0.34215
[dump] L26.fmix   n=40960   finite=1 absmax=3.1415       mean=0.019468     sumsq=11602.63446        argmax=7573
[dump]   top0 idx=7573 val=2.93577
[dump]   top1 idx=17813 val=2.86798
[dump]   top2 idx=788 val=2.62583
[dump]   top3 idx=12655 val=2.50205
[dump]   top4 idx=30613 val=2.37901
[dump] L26.mid    n=160     finite=1 absmax=0 mean=0 sumsq=0 ids: 461 264 107 325 508 341 164 417 379 495 264 461 417 278 341 164 58 508 355 325 461 278 264 17 230 7 243 319 123 121 264 461 278 417 379 58 508 70 230 341 187 230 461 373 97 433 17 320 346 264 461 379 508 97 355 243 278 433 177 373 417 461 464 97 355 230 199 40 278 319 97 461 455 464 373 199 319 278 417 243 461 97 164 373 417 423 464 18 304 320 461 423 417 97 243 18 322 384 320 495 278 461 97 417 373 508 18 322 355 7 355 461 417 97 464 18 278 320 322 267 461 278 355 18 243 417 387 322 203 40 355 461 320 384 495 243 203 97 322 267 355 461 97 417 267 384 320 322 500 18 97 18 355 267 373 322 461 387 416 320
[dump] L26.moe    n=40960   finite=1 absmax=0.61263      mean=-4.3584e-05  sumsq=4.730515751        argmax=11726
[dump]   top0 idx=11726 val=0.05635
[dump]   top1 idx=422 val=0.04992
[dump]   top2 idx=8028 val=0.04930
[dump]   top3 idx=2324 val=0.04702
[dump]   top4 idx=579 val=0.04640
[dump] L26.res    n=163840  finite=1 absmax=4.6274       mean=0.0017028    sumsq=535.9968105        argmax=1500
[dump]   top0 idx=1500 val=1.20551
[dump]   top1 idx=788 val=0.63698
[dump]   top2 idx=1787 val=0.60523
[dump]   top3 idx=784 val=0.56430
[dump]   top4 idx=2366 val=0.56384
[dump] L27.hcmix  n=40960   finite=1 absmax=30.75        mean=0.011376     sumsq=6172.431815        argmax=2565
[dump]   top0 idx=2565 val=2.75454
[dump]   top1 idx=10245 val=2.69246
[dump]   top2 idx=5125 val=2.66455
[dump]   top3 idx=39128 val=2.55737
[dump]   top4 idx=17925 val=2.55478
[dump] L27.att    n=40960   finite=1 absmax=3.422        mean=-0.001075    sumsq=401.5140717        argmax=2311
[dump]   top0 idx=2311 val=3.42199
[dump]   top1 idx=47 val=1.31899
[dump]   top2 idx=1378 val=1.14412
[dump]   top3 idx=86 val=1.11349
[dump]   top4 idx=1795 val=1.07804
[dump] L27.fmix   n=40960   finite=1 absmax=3.296        mean=0.01822      sumsq=12374.20381        argmax=4046
[dump]   top0 idx=4046 val=3.29600
[dump]   top1 idx=17813 val=2.94264
[dump]   top2 idx=7573 val=2.79910
[dump]   top3 idx=16176 val=2.78574
[dump]   top4 idx=6606 val=2.63908
[dump] L27.mid    n=160     finite=1 absmax=0 mean=0 sumsq=0 ids: 430 424 98 400 108 361 130 397 104 323 350 98 323 108 424 273 84 120 240 104 323 350 211 360 23 108 430 482 166 219 482 323 108 98 418 30 360 461 430 350 323 461 508 108 418 350 174 430 360 23 120 323 108 350 418 360 201 98 511 104 323 98 360 418 108 350 508 286 104 97 323 418 98 350 508 430 120 490 360 268 418 350 98 323 360 430 384 120 108 261 323 418 350 98 108 430 166 360 151 261 317 418 323 108 508 430 98 360 350 192 323 98 508 418 104 457 430 261 120 360 323 418 508 350 98 108 84 500 120 261 508 323 430 418 98 166 261 219 151 137 430 323 508 418 166 98 249 371 261 151 323 418 430 166 249 437 45 360 240 48
[dump] L27.moe    n=40960   finite=1 absmax=0.054333     mean=0.00025783   sumsq=4.430122212        argmax=29990
[dump]   top0 idx=29990 val=0.05295
[dump]   top1 idx=30370 val=0.05258
[dump]   top2 idx=29282 val=0.04868
[dump]   top3 idx=29093 val=0.04743
[dump]   top4 idx=29728 val=0.04696
[dump] L27.res    n=163840  finite=1 absmax=4.2455       mean=0.0018851    sumsq=553.0012764        argmax=1500
[dump]   top0 idx=1500 val=1.24467
[dump]   top1 idx=2366 val=0.66741
[dump]   top2 idx=788 val=0.65183
[dump]   top3 idx=2121 val=0.64902
[dump]   top4 idx=784 val=0.62660
[dump] L28.hcmix  n=40960   finite=1 absmax=30.947       mean=0.019182     sumsq=14573.63861        argmax=1500
[dump]   top0 idx=1500 val=10.73333
[dump]   top1 idx=788 val=4.31856
[dump]   top2 idx=47 val=3.78113
[dump]   top3 idx=7573 val=3.73941
[dump]   top4 idx=21685 val=3.37061
[dump] L28.att    n=40960   finite=1 absmax=0.60902      mean=-0.0019886   sumsq=100.3510986        argmax=2311
[dump]   top0 idx=2311 val=0.60902
[dump]   top1 idx=914 val=0.28007
[dump]   top2 idx=4544 val=0.24581
[dump]   top3 idx=36680 val=0.22234
[dump]   top4 idx=693 val=0.21867
[dump] L28.fmix   n=40960   finite=1 absmax=3.7579       mean=0.018881     sumsq=13166.23635        argmax=36536
[dump]   top0 idx=36536 val=3.38435
[dump]   top1 idx=4046 val=3.26805
[dump]   top2 idx=17813 val=3.16207
[dump]   top3 idx=9908 val=3.09233
[dump]   top4 idx=7573 val=2.82334
[dump] L28.mid    n=160     finite=1 absmax=0 mean=0 sumsq=0 ids: 28 297 139 364 433 300 421 352 164 474 352 52 139 297 219 86 277 150 145 474 352 141 110 139 52 63 130 1 229 136 297 52 101 139 352 474 219 147 81 339 352 52 101 118 282 219 139 297 421 368 52 392 150 277 390 219 9 386 352 160 52 433 66 352 408 229 139 63 43 469 52 433 352 63 219 172 66 503 130 386 52 66 433 352 219 229 150 189 469 172 66 433 390 52 63 297 277 170 392 229 421 352 52 422 54 0 150 433 390 450 421 0 433 52 63 21 469 229 352 81 421 0 52 433 214 63 21 66 297 422 421 52 0 219 433 297 275 133 63 172 52 421 0 275 182 21 297 63 460 114 0 421 433 52 21 275 182 352 63 366
[dump] L28.moe    n=40960   finite=1 absmax=0.13332      mean=-7.5619e-05  sumsq=4.463482324        argmax=2311
[dump]   top0 idx=2311 val=0.13332
[dump]   top1 idx=27542 val=0.05989
[dump]   top2 idx=40853 val=0.05496
[dump]   top3 idx=22878 val=0.04975
[dump]   top4 idx=5388 val=0.04906
[dump] L28.res    n=163840  finite=1 absmax=3.9698       mean=0.0015221    sumsq=593.6071373        argmax=1500
[dump]   top0 idx=1500 val=1.17906
[dump]   top1 idx=2366 val=0.69552
[dump]   top2 idx=2121 val=0.68525
[dump]   top3 idx=788 val=0.65347
[dump]   top4 idx=1787 val=0.63393
[dump] L29.hcmix  n=40960   finite=1 absmax=5.8205       mean=0.014166     sumsq=15166.85091        argmax=7573
[dump]   top0 idx=7573 val=4.79203
[dump]   top1 idx=17813 val=4.02279
[dump]   top2 idx=12693 val=3.82257
[dump]   top3 idx=788 val=3.50994
[dump]   top4 idx=10157 val=3.32688
[dump] L29.att    n=40960   finite=1 absmax=0.21076      mean=0.0002211    sumsq=23.96630886        argmax=40195
[dump]   top0 idx=40195 val=0.21076
[dump]   top1 idx=39128 val=0.17545
[dump]   top2 idx=36568 val=0.16161
[dump]   top3 idx=13751 val=0.13832
[dump]   top4 idx=11191 val=0.13778
[dump] L29.fmix   n=40960   finite=1 absmax=4.0805       mean=0.013311     sumsq=14173.5853         argmax=4046
[dump]   top0 idx=4046 val=4.08047
[dump]   top1 idx=7573 val=3.86730
[dump]   top2 idx=788 val=3.76426
[dump]   top3 idx=17813 val=3.49201
[dump]   top4 idx=30613 val=3.29542
[dump] L29.mid    n=160     finite=1 absmax=0 mean=0 sumsq=0 ids: 293 466 68 387 262 400 285 337 54 451 387 290 273 148 330 93 250 504 337 338 290 387 148 273 16 325 93 346 394 330 290 148 250 387 273 330 91 267 265 93 290 148 118 508 273 250 387 265 267 312 387 290 148 93 273 91 317 330 118 259 259 387 290 265 118 250 273 325 338 296 259 387 273 118 290 265 93 440 325 148 387 259 290 265 118 273 451 312 91 440 387 259 290 273 22 97 148 265 91 93 387 118 273 290 265 259 250 148 330 93 259 387 290 273 265 97 438 325 342 162 438 342 259 265 387 273 290 93 118 468 279 259 325 389 93 265 273 185 453 97 387 273 259 93 265 118 342 463 290 148 259 438 342 265 279 97 387 118 468 22
[dump] L29.moe    n=40960   finite=1 absmax=0.15123      mean=0.0001299    sumsq=9.985355485        argmax=2311
[dump]   top0 idx=2311 val=0.15123
[dump]   top1 idx=21613 val=0.08848
[dump]   top2 idx=20902 val=0.08375
[dump]   top3 idx=29199 val=0.08083
[dump]   top4 idx=20969 val=0.07588
[dump] L29.res    n=163840  finite=1 absmax=3.7504       mean=0.0017054    sumsq=677.892786         argmax=1500
[dump]   top0 idx=1500 val=1.21370
[dump]   top1 idx=2366 val=0.67916
[dump]   top2 idx=2121 val=0.67628
[dump]   top3 idx=1787 val=0.66170
[dump]   top4 idx=788 val=0.65494
[dump] L30.hcmix  n=40960   finite=1 absmax=8.8748       mean=0.017369     sumsq=13433.78353        argmax=1500
[dump]   top0 idx=1500 val=8.87476
[dump]   top1 idx=788 val=4.46222
[dump]   top2 idx=12693 val=3.52163
[dump]   top3 idx=7573 val=3.46249
[dump]   top4 idx=1787 val=3.42113
[dump] L30.att    n=40960   finite=1 absmax=1.166        mean=-0.00053877  sumsq=114.5345633        argmax=38882
[dump]   top0 idx=38882 val=0.47666
[dump]   top1 idx=1603 val=0.42570
[dump]   top2 idx=21431 val=0.37305
[dump]   top3 idx=31713 val=0.36631
[dump]   top4 idx=26082 val=0.34613
[dump] L30.fmix   n=40960   finite=1 absmax=7.3777       mean=0.014309     sumsq=19589.78609        argmax=4046
[dump]   top0 idx=4046 val=4.99256
[dump]   top1 idx=1500 val=3.78171
[dump]   top2 idx=788 val=3.68939
[dump]   top3 idx=6606 val=3.46449
[dump]   top4 idx=8681 val=3.30468
[dump] L30.mid    n=160     finite=1 absmax=0 mean=0 sumsq=0 ids: 165 151 398 326 331 506 40 137 138 417 165 506 138 14 326 409 111 500 106 335 95 414 409 280 506 14 311 234 227 338 205 165 223 280 506 318 398 433 409 151 376 280 5 223 81 335 409 22 318 463 14 308 151 409 234 506 290 12 110 129 506 138 111 335 11 151 212 181 205 398 506 138 335 14 212 441 409 154 6 280 335 506 280 138 498 473 439 212 64 11 11 506 138 335 14 498 280 111 212 173 181 473 506 409 370 129 237 64 439 280 11 506 398 138 181 151 335 282 136 111 506 138 212 11 409 335 40 128 500 129 181 335 280 506 212 79 151 11 415 398 181 506 335 326 86 82 11 244 212 415 244 335 506 11 100 128 482 181 398 510
[dump] L30.moe    n=40960   finite=1 absmax=0.065388     mean=0.0001027    sumsq=7.8623366          argmax=36714
[dump]   top0 idx=36714 val=0.06539
[dump]   top1 idx=27827 val=0.06058
[dump]   top2 idx=35492 val=0.05690
[dump]   top3 idx=21651 val=0.05648
[dump]   top4 idx=17713 val=0.05589
[dump] L30.res    n=163840  finite=1 absmax=3.734        mean=0.0017187    sumsq=750.9441245        argmax=1500
[dump]   top0 idx=1500 val=1.21919
[dump]   top1 idx=2121 val=0.80149
[dump]   top2 idx=788 val=0.75497
[dump]   top3 idx=2366 val=0.68963
[dump]   top4 idx=1787 val=0.66660
[dump] L31.hcmix  n=40960   finite=1 absmax=10.168       mean=0.0056677    sumsq=3514.734666        argmax=28888
[dump]   top0 idx=28888 val=2.17508
[dump]   top1 idx=3288 val=2.13021
[dump]   top2 idx=16088 val=2.12155
[dump]   top3 idx=23768 val=2.02599
[dump]   top4 idx=34008 val=1.88910
[dump] L31.att    n=40960   finite=1 absmax=0.76234      mean=-0.0030001   sumsq=165.5963908        argmax=892
[dump]   top0 idx=892 val=0.76234
[dump]   top1 idx=2311 val=0.75799
[dump]   top2 idx=1795 val=0.46809
[dump]   top3 idx=3765 val=0.40413
[dump]   top4 idx=2121 val=0.38924
[dump] L31.fmix   n=40960   finite=1 absmax=6.8419       mean=0.0054032    sumsq=29378.98233        argmax=23768
[dump]   top0 idx=23768 val=6.84190
[dump]   top1 idx=8681 val=5.91825
[dump]   top2 idx=21208 val=4.93558
[dump]   top3 idx=28888 val=4.76857
[dump]   top4 idx=9908 val=4.52889
[dump] L31.mid    n=160     finite=1 absmax=0 mean=0 sumsq=0 ids: 283 174 156 96 215 136 55 199 50 100 494 199 50 405 100 207 501 318 174 12 494 263 199 207 192 318 314 298 475 31 207 156 494 234 379 33 405 388 444 38 116 207 236 453 210 16 318 156 326 246 116 288 426 32 50 406 501 399 207 199 288 207 494 156 426 302 399 405 318 199 494 199 426 399 193 311 134 288 156 501 494 288 207 405 199 318 303 174 446 399 494 399 318 501 207 303 174 405 342 288 405 207 399 192 100 494 314 156 318 406 494 405 283 399 289 156 318 207 199 342 494 318 174 283 399 303 449 405 501 288 283 289 494 327 405 156 96 177 207 192 289 283 156 494 405 449 174 302 12 446 303 289 449 174 283 156 405 56 207 494
[dump] L31.moe    n=40960   finite=1 absmax=0.12323      mean=0.00022971   sumsq=11.69007967        argmax=3022
[dump]   top0 idx=3022 val=0.12323
[dump]   top1 idx=2311 val=0.10387
[dump]   top2 idx=8142 val=0.09588
[dump]   top3 idx=9966 val=0.07960
[dump]   top4 idx=29346 val=0.07276
[dump] L31.res    n=163840  finite=1 absmax=3.501        mean=0.0015389    sumsq=733.0418667        argmax=1500
[dump]   top0 idx=1500 val=1.18621
[dump]   top1 idx=2121 val=0.88929
[dump]   top2 idx=788 val=0.71130
[dump]   top3 idx=2366 val=0.68716
[dump]   top4 idx=138 val=0.66835
[dump] L32.hcmix  n=40960   finite=1 absmax=15.765       mean=0.0091327    sumsq=14714.58657        argmax=1500
[dump]   top0 idx=1500 val=10.29299
[dump]   top1 idx=788 val=5.01225
[dump]   top2 idx=4060 val=3.80734
[dump]   top3 idx=38631 val=3.63224
[dump]   top4 idx=579 val=3.58542
[dump] L32.att    n=40960   finite=1 absmax=0.38972      mean=-0.0010416   sumsq=52.70755549        argmax=5081
[dump]   top0 idx=5081 val=0.38972
[dump]   top1 idx=7622 val=0.29527
[dump]   top2 idx=3553 val=0.26841
[dump]   top3 idx=3942 val=0.22537
[dump]   top4 idx=13513 val=0.22502
[dump] L32.fmix   n=40960   finite=1 absmax=4.9768       mean=0.0055094    sumsq=26778.55503        argmax=8681
[dump]   top0 idx=8681 val=4.97685
[dump]   top1 idx=14245 val=3.86230
[dump]   top2 idx=13717 val=3.84268
[dump]   top3 idx=9908 val=3.73634
[dump]   top4 idx=788 val=3.68213
[dump] L32.mid    n=160     finite=1 absmax=0 mean=0 sumsq=0 ids: 228 243 272 256 487 429 58 132 392 74 228 28 429 359 480 92 272 140 61 263 28 228 140 149 429 99 113 261 236 191 228 429 447 188 124 319 28 479 341 418 228 188 447 104 429 319 303 138 243 58 228 394 142 272 140 12 388 369 205 419 429 359 243 228 58 142 140 487 263 366 228 429 243 272 359 394 58 92 400 140 228 243 429 272 359 142 263 140 149 58 263 228 359 429 272 243 142 480 92 149 228 272 243 429 465 263 400 149 447 92 228 429 243 272 359 480 58 7 479 140 429 228 263 272 359 243 140 132 480 391 243 429 228 58 489 272 189 479 263 7 228 243 7 278 480 359 58 75 202 429 243 228 359 454 278 235 480 189 263 507
[dump] L32.moe    n=40960   finite=1 absmax=0.37363      mean=0.00011152   sumsq=14.9318383         argmax=2311
[dump]   top0 idx=2311 val=0.31074
[dump]   top1 idx=1547 val=0.10827
[dump]   top2 idx=472 val=0.10710
[dump]   top3 idx=29802 val=0.10477
[dump]   top4 idx=895 val=0.10210
[dump] L32.res    n=163840  finite=1 absmax=2.881        mean=0.0014728    sumsq=807.1887646        argmax=1500
[dump]   top0 idx=1500 val=1.22104
[dump]   top1 idx=2121 val=0.99886
[dump]   top2 idx=2366 val=0.84569
[dump]   top3 idx=138 val=0.79867
[dump]   top4 idx=788 val=0.76408
[dump] L33.hcmix  n=40960   finite=1 absmax=5.909        mean=0.017019     sumsq=16070.58757        argmax=7573
[dump]   top0 idx=7573 val=4.53617
[dump]   top1 idx=788 val=4.50708
[dump]   top2 idx=17813 val=4.21109
[dump]   top3 idx=12693 val=3.98132
[dump]   top4 idx=1500 val=3.77811
[dump] L33.att    n=40960   finite=1 absmax=0.17836      mean=-0.00122     sumsq=27.58853281        argmax=4960
[dump]   top0 idx=4960 val=0.17836
[dump]   top1 idx=32602 val=0.15875
[dump]   top2 idx=24922 val=0.14712
[dump]   top3 idx=39129 val=0.14476
[dump]   top4 idx=28889 val=0.14052
[dump] L33.fmix   n=40960   finite=1 absmax=5.4228       mean=0.0081209    sumsq=22137.96889        argmax=4046
[dump]   top0 idx=4046 val=5.42283
[dump]   top1 idx=6606 val=4.64995
[dump]   top2 idx=32206 val=3.79220
[dump]   top3 idx=7971 val=3.13444
[dump]   top4 idx=13717 val=3.12126
[dump] L33.mid    n=160     finite=1 absmax=0 mean=0 sumsq=0 ids: 136 486 387 243 471 105 160 200 28 504 136 387 486 363 160 299 471 419 365 243 387 398 328 486 136 304 222 259 471 71 136 328 486 387 249 469 363 105 160 366 486 136 366 387 471 333 469 363 444 105 387 471 136 419 84 448 291 127 474 386 419 136 279 366 471 486 387 363 328 155 136 279 419 363 387 365 366 206 471 362 136 419 470 363 279 362 486 105 206 366 363 470 136 419 279 362 471 365 84 347 136 84 486 428 279 328 419 363 160 299 84 363 136 362 279 471 345 419 155 374 136 362 363 84 279 374 471 419 486 155 84 374 136 345 279 363 155 486 471 499 363 84 136 253 299 345 209 279 362 407 362 374 279 84 136 345 419 363 299 209
[dump] L33.moe    n=40960   finite=1 absmax=0.072537     mean=-5.6572e-05  sumsq=8.957432409        argmax=5731
[dump]   top0 idx=5731 val=0.07254
[dump]   top1 idx=3119 val=0.07081
[dump]   top2 idx=5252 val=0.07050
[dump]   top3 idx=6381 val=0.06788
[dump]   top4 idx=13755 val=0.06696
[dump] L33.res    n=163840  finite=1 absmax=2.816        mean=0.00096286   sumsq=855.5446483        argmax=1500
[dump]   top0 idx=1500 val=1.18222
[dump]   top1 idx=2121 val=0.97766
[dump]   top2 idx=138 val=0.83470
[dump]   top3 idx=2366 val=0.81382
[dump]   top4 idx=788 val=0.73195
[dump] L34.hcmix  n=40960   finite=1 absmax=17.237       mean=0.012471     sumsq=15901.22916        argmax=1500
[dump]   top0 idx=1500 val=8.51403
[dump]   top1 idx=793 val=4.87822
[dump]   top2 idx=788 val=4.40568
[dump]   top3 idx=1912 val=3.82952
[dump]   top4 idx=34485 val=3.78559
[dump] L34.att    n=40960   finite=1 absmax=0.36239      mean=-0.00073518  sumsq=57.42076455        argmax=26082
[dump]   top0 idx=26082 val=0.36239
[dump]   top1 idx=40282 val=0.31641
[dump]   top2 idx=38882 val=0.31327
[dump]   top3 idx=36322 val=0.29584
[dump]   top4 idx=32602 val=0.27030
[dump] L34.fmix   n=40960   finite=1 absmax=4.2807       mean=0.017374     sumsq=19585.54677        argmax=1500
[dump]   top0 idx=1500 val=4.28066
[dump]   top1 idx=7573 val=4.08928
[dump]   top2 idx=17813 val=3.44165
[dump]   top3 idx=10936 val=3.43257
[dump]   top4 idx=28893 val=3.40357
[dump] L34.mid    n=160     finite=1 absmax=0 mean=0 sumsq=0 ids: 449 475 275 87 496 19 101 111 399 24 111 29 101 22 460 484 275 24 119 13 131 157 29 119 111 7 173 33 509 102 29 7 201 459 185 101 299 157 24 264 440 29 157 459 111 190 506 131 201 119 87 277 496 88 264 24 275 101 29 399 131 111 24 448 101 119 366 102 29 87 131 88 22 101 29 119 448 24 111 459 29 448 24 102 22 101 460 353 119 5 448 24 29 22 101 102 353 460 264 347 111 29 299 459 201 119 101 24 46 106 131 24 101 448 111 102 366 460 22 347 111 131 366 448 101 24 22 102 460 347 131 24 101 353 448 29 22 275 102 247 131 123 22 101 24 448 150 201 29 430 448 131 24 101 22 460 247 366 275 211
[dump] L34.moe    n=40960   finite=1 absmax=0.14148      mean=0.00032459   sumsq=13.73219263        argmax=29990
[dump]   top0 idx=29990 val=0.11053
[dump]   top1 idx=28691 val=0.10708
[dump]   top2 idx=30415 val=0.10273
[dump]   top3 idx=28307 val=0.09948
[dump]   top4 idx=2311 val=0.09446
[dump] L34.res    n=163840  finite=1 absmax=2.791        mean=0.0010311    sumsq=1003.820523        argmax=1500
[dump]   top0 idx=1500 val=1.17674
[dump]   top1 idx=2121 val=0.97064
[dump]   top2 idx=138 val=0.86688
[dump]   top3 idx=2366 val=0.80412
[dump]   top4 idx=51682 val=0.80182
[dump] L35.hcmix  n=40960   finite=1 absmax=8.5671       mean=0.008799     sumsq=5335.943661        argmax=13282
[dump]   top0 idx=13282 val=2.30852
[dump]   top1 idx=23522 val=2.30056
[dump]   top2 idx=8162 val=2.29675
[dump]   top3 idx=34008 val=2.24262
[dump]   top4 idx=38882 val=2.19416
[dump] L35.att    n=40960   finite=1 absmax=0.77429      mean=0.00092245   sumsq=142.3679486        argmax=1736
[dump]   top0 idx=1736 val=0.71083
[dump]   top1 idx=360 val=0.52767
[dump]   top2 idx=994 val=0.50615
[dump]   top3 idx=1795 val=0.49769
[dump]   top4 idx=1882 val=0.44941
[dump] L35.fmix   n=40960   finite=1 absmax=4.6788       mean=0.01542      sumsq=25234.08303        argmax=29955
[dump]   top0 idx=29955 val=3.53160
[dump]   top1 idx=7971 val=3.50432
[dump]   top2 idx=12035 val=3.44362
[dump]   top3 idx=14245 val=3.38098
[dump]   top4 idx=19715 val=3.37337
[dump] L35.mid    n=160     finite=1 absmax=0 mean=0 sumsq=0 ids: 434 31 360 170 342 472 406 500 372 403 472 161 3 222 309 342 362 315 31 434 222 309 3 161 56 472 342 362 307 162 161 70 472 403 291 222 426 309 353 342 70 472 161 3 31 259 222 342 9 345 3 368 453 472 9 501 74 8 397 434 472 3 31 121 453 49 161 434 362 375 472 3 397 31 375 453 52 315 49 434 472 161 375 3 31 434 315 222 121 56 472 3 161 375 315 31 56 372 434 121 472 500 170 161 222 31 426 372 315 357 472 31 121 375 434 315 161 3 277 192 375 472 121 31 315 385 3 434 222 342 121 31 472 490 315 56 375 161 162 434 472 31 121 315 490 173 161 372 434 454 472 121 31 315 490 375 162 56 161 434
[dump] L35.moe    n=40960   finite=1 absmax=0.18141      mean=0.00074966   sumsq=23.98693825        argmax=30042
[dump]   top0 idx=30042 val=0.18141
[dump]   top1 idx=21769 val=0.11448
[dump]   top2 idx=37722 val=0.11095
[dump]   top3 idx=21167 val=0.11093
[dump]   top4 idx=20756 val=0.10817
[dump] L35.res    n=163840  finite=1 absmax=2.8242       mean=0.0020788    sumsq=1195.027089        argmax=1500
[dump]   top0 idx=1500 val=1.15501
[dump]   top1 idx=2121 val=1.00062
[dump]   top2 idx=83802 val=0.97370
[dump]   top3 idx=63322 val=0.96914
[dump]   top4 idx=114522 val=0.93560
[dump] L36.hcmix  n=40960   finite=1 absmax=12.353       mean=0.015452     sumsq=14544.51211        argmax=1500
[dump]   top0 idx=1500 val=6.49436
[dump]   top1 idx=793 val=5.30921
[dump]   top2 idx=788 val=3.87449
[dump]   top3 idx=1736 val=3.78190
[dump]   top4 idx=3511 val=3.50364
[dump] L36.att    n=40960   finite=1 absmax=6.0774       mean=0.0025692    sumsq=742.5437321        argmax=1827
[dump]   top0 idx=1827 val=3.08731
[dump]   top1 idx=2311 val=2.04460
[dump]   top2 idx=1984 val=1.95058
[dump]   top3 idx=2238 val=1.92563
[dump]   top4 idx=403 val=1.85943
[dump] L36.fmix   n=40960   finite=1 absmax=6.1479       mean=0.03541      sumsq=38444.57076        argmax=8681
[dump]   top0 idx=8681 val=5.45026
[dump]   top1 idx=4046 val=5.06319
[dump]   top2 idx=14245 val=4.62131
[dump]   top3 idx=13717 val=4.32266
[dump]   top4 idx=19490 val=3.90021
[dump] L36.mid    n=160     finite=1 absmax=0 mean=0 sumsq=0 ids: 363 78 76 429 55 210 407 265 388 45 396 412 358 102 217 25 218 387 490 269 396 218 412 233 429 341 387 22 96 137 218 134 308 76 147 388 349 146 439 105 358 134 96 369 218 76 396 298 125 137 54 491 55 306 313 363 210 114 496 219 387 313 218 358 429 25 210 243 134 396 244 387 102 306 248 341 481 218 313 491 387 218 296 25 341 244 102 258 313 210 387 25 258 218 296 210 217 76 102 363 218 339 387 293 148 140 26 363 158 76 387 218 25 494 158 485 313 122 210 243 387 25 258 388 324 330 296 169 40 485 387 185 218 258 25 442 243 179 410 429 387 278 25 258 179 442 18 370 314 262 387 179 442 258 25 168 410 182 185 125
[dump] L36.moe    n=40960   finite=1 absmax=0.22464      mean=0.00061633   sumsq=53.49742945        argmax=35107
[dump]   top0 idx=35107 val=0.20853
[dump]   top1 idx=32840 val=0.17831
[dump]   top2 idx=34333 val=0.17564
[dump]   top3 idx=29987 val=0.17304
[dump]   top4 idx=32935 val=0.15587
[dump] L36.res    n=163840  finite=1 absmax=6.3818       mean=0.0030093    sumsq=2317.169796        argmax=1827
[dump]   top0 idx=1827 val=2.88384
[dump]   top1 idx=138 val=2.25911
[dump]   top2 idx=63322 val=1.74053
[dump]   top3 idx=1736 val=1.71406
[dump]   top4 idx=1984 val=1.71382
[dump] L37.hcmix  n=40960   finite=1 absmax=16.865       mean=0.032111     sumsq=14255.09566        argmax=1500
[dump]   top0 idx=1500 val=7.83555
[dump]   top1 idx=1827 val=6.64687
[dump]   top2 idx=19715 val=4.33185
[dump]   top3 idx=138 val=4.15264
[dump]   top4 idx=1736 val=4.03567
[dump] L37.att    n=40960   finite=1 absmax=2.2612       mean=-0.001049    sumsq=127.661168         argmax=2537
[dump]   top0 idx=2537 val=1.14224
[dump]   top1 idx=932 val=0.68007
[dump]   top2 idx=138 val=0.63122
[dump]   top3 idx=1359 val=0.55618
[dump]   top4 idx=1750 val=0.54589
[dump] L37.fmix   n=40960   finite=1 absmax=5.4249       mean=0.044599     sumsq=38355.25355        argmax=8681
[dump]   top0 idx=8681 val=4.67674
[dump]   top1 idx=12655 val=4.16662
[dump]   top2 idx=14245 val=4.16320
[dump]   top3 idx=23252 val=4.13724
[dump]   top4 idx=7573 val=4.10635
[dump] L37.mid    n=160     finite=1 absmax=0 mean=0 sumsq=0 ids: 255 72 379 304 131 25 418 420 10 324 255 324 19 304 369 286 150 457 379 128 451 128 286 369 118 350 197 200 435 255 346 306 284 255 359 479 187 19 511 265 346 128 187 255 379 451 324 511 304 359 131 302 297 25 255 392 379 96 24 134 19 29 346 118 484 57 369 304 324 255 19 118 57 255 360 25 484 369 197 155 19 352 346 118 369 484 57 200 255 155 352 118 19 57 369 200 306 255 346 326 19 255 317 484 379 346 191 155 128 369 255 346 369 19 131 57 200 155 379 313 369 57 264 304 255 19 346 118 155 484 313 57 369 469 346 389 200 326 128 306 313 346 321 19 369 469 57 326 255 118 313 346 57 369 469 304 264 19 131 326
[dump] L37.moe    n=40960   finite=1 absmax=0.17187      mean=0.00022083   sumsq=49.53192441        argmax=31602
[dump]   top0 idx=31602 val=0.16823
[dump]   top1 idx=28439 val=0.15542
[dump]   top2 idx=29042 val=0.15484
[dump]   top3 idx=20916 val=0.14881
[dump]   top4 idx=19206 val=0.14615
[dump] L37.res    n=163840  finite=1 absmax=6.7359       mean=0.0028235    sumsq=2794.126096        argmax=1827
[dump]   top0 idx=1827 val=2.93053
[dump]   top1 idx=138 val=2.36047
[dump]   top2 idx=1984 val=1.81162
[dump]   top3 idx=63322 val=1.71561
[dump]   top4 idx=1736 val=1.70504
[dump] L38.hcmix  n=40960   finite=1 absmax=34.037       mean=0.021683     sumsq=14848.23651        argmax=1500
[dump]   top0 idx=1500 val=9.63130
[dump]   top1 idx=1827 val=5.85183
[dump]   top2 idx=138 val=5.76097
[dump]   top3 idx=793 val=5.15136
[dump]   top4 idx=17925 val=4.68026
[dump] L38.att    n=40960   finite=1 absmax=0.46871      mean=-0.00059418  sumsq=108.3171035        argmax=403
[dump]   top0 idx=403 val=0.40282
[dump]   top1 idx=36753 val=0.33830
[dump]   top2 idx=34193 val=0.33504
[dump]   top3 idx=23953 val=0.29740
[dump]   top4 idx=7716 val=0.28423
[dump] L38.fmix   n=40960   finite=1 absmax=5.9764       mean=0.044266     sumsq=34534.05892        argmax=12655
[dump]   top0 idx=12655 val=5.97642
[dump]   top1 idx=10936 val=5.30620
[dump]   top2 idx=8681 val=4.98864
[dump]   top3 idx=1863 val=4.23659
[dump]   top4 idx=7573 val=4.01508
[dump] L38.mid    n=160     finite=1 absmax=0 mean=0 sumsq=0 ids: 317 456 283 345 309 41 57 446 287 205 425 96 305 394 164 188 483 438 402 275 460 188 265 96 402 394 425 232 187 438 464 352 279 51 145 376 96 396 460 244 396 460 183 96 202 193 356 310 384 111 341 206 347 235 309 104 18 388 462 345 7 206 460 438 226 116 341 393 396 134 241 375 425 307 124 106 259 206 360 438 504 460 96 206 50 388 400 279 124 7 504 460 454 438 355 135 279 486 206 50 153 87 226 452 71 173 454 460 164 350 460 206 116 226 213 7 41 117 244 287 483 226 206 438 460 7 486 117 188 50 226 173 412 206 457 287 262 460 50 483 168 173 370 226 323 287 228 483 320 262 226 287 173 206 483 354 260 76 438 14
[dump] L38.moe    n=40960   finite=1 absmax=0.19374      mean=3.8063e-05   sumsq=35.27656095        argmax=27937
[dump]   top0 idx=27937 val=0.19374
[dump]   top1 idx=11484 val=0.13182
[dump]   top2 idx=11657 val=0.13026
[dump]   top3 idx=11913 val=0.12810
[dump]   top4 idx=10787 val=0.12437
[dump] L38.res    n=163840  finite=1 absmax=6.7279       mean=0.0027688    sumsq=3065.687538        argmax=1827
[dump]   top0 idx=1827 val=2.92785
[dump]   top1 idx=138 val=2.36227
[dump]   top2 idx=1984 val=1.81003
[dump]   top3 idx=63322 val=1.72339
[dump]   top4 idx=1736 val=1.70070
[dump] L39.hcmix  n=40960   finite=1 absmax=4.8347       mean=0.0090875    sumsq=5549.551583        argmax=793
[dump]   top0 idx=793 val=4.83471
[dump]   top1 idx=23045 val=3.41643
[dump]   top2 idx=38405 val=3.30402
[dump]   top3 idx=30725 val=3.17280
[dump]   top4 idx=25605 val=3.15616
[dump] L39.att    n=40960   finite=1 absmax=0.55624      mean=0.0015317    sumsq=214.8829811        argmax=29052
[dump]   top0 idx=29052 val=0.55624
[dump]   top1 idx=15465 val=0.48147
[dump]   top2 idx=21372 val=0.39843
[dump]   top3 idx=23839 val=0.39386
[dump]   top4 idx=36732 val=0.38836
[dump] L39.fmix   n=40960   finite=1 absmax=8.5391       mean=0.033382     sumsq=41094.08121        argmax=8681
[dump]   top0 idx=8681 val=8.53908
[dump]   top1 idx=15939 val=6.03204
[dump]   top2 idx=8288 val=5.48823
[dump]   top3 idx=23619 val=5.44893
[dump]   top4 idx=5699 val=5.23722
[dump] L39.mid    n=160     finite=1 absmax=0 mean=0 sumsq=0 ids: 356 323 285 42 496 260 242 334 450 82 356 496 103 167 45 480 128 120 494 477 48 496 45 356 477 123 480 128 42 103 356 42 99 496 307 107 264 355 220 248 356 99 42 109 496 103 500 264 342 128 480 372 356 82 285 201 36 389 494 495 356 99 128 42 480 109 103 334 104 299 356 480 128 42 334 477 299 394 375 110 356 128 42 299 110 148 480 199 60 274 356 406 128 32 477 177 480 42 219 126 356 477 42 459 128 372 355 36 45 442 356 128 60 480 334 110 42 391 496 148 356 32 128 334 60 480 42 110 145 299 356 127 60 128 233 108 116 10 433 110 356 425 60 334 116 257 127 233 128 463 356 60 425 128 233 127 110 116 32 257
[dump] L39.moe    n=40960   finite=1 absmax=0.44783      mean=0.000283     sumsq=97.41856327        argmax=2311
[dump]   top0 idx=2311 val=0.44783
[dump]   top1 idx=422 val=0.30217
[dump]   top2 idx=21084 val=0.27799
[dump]   top3 idx=1882 val=0.26794
[dump]   top4 idx=21597 val=0.24123
[dump] L39.res    n=163840  finite=1 absmax=6.0575       mean=0.003384     sumsq=3873.334813        argmax=1827
[dump]   top0 idx=1827 val=2.91925
[dump]   top1 idx=138 val=2.37646
[dump]   top2 idx=114522 val=2.21984
[dump]   top3 idx=1984 val=1.99047
[dump]   top4 idx=63322 val=1.96795
[dump] L40.hcmix  n=40960   finite=1 absmax=20.012       mean=0.035839     sumsq=27405.67615        argmax=138
[dump]   top0 idx=138 val=7.87454
[dump]   top1 idx=1827 val=7.00929
[dump]   top2 idx=12655 val=6.19892
[dump]   top3 idx=472 val=4.90850
[dump]   top4 idx=1984 val=4.80283
[dump] L40.att    n=40960   finite=1 absmax=0.63297      mean=0.0025849    sumsq=205.2560011        argmax=8741
[dump]   top0 idx=8741 val=0.63297
[dump]   top1 idx=27937 val=0.61280
[dump]   top2 idx=13861 val=0.60338
[dump]   top3 idx=36901 val=0.57167
[dump]   top4 idx=29221 val=0.52387
[dump] L40.fmix   n=40960   finite=1 absmax=7.2464       mean=0.03947      sumsq=47084.6842         argmax=8681
[dump]   top0 idx=8681 val=7.24643
[dump]   top1 idx=15939 val=6.58148
[dump]   top2 idx=22718 val=5.85381
[dump]   top3 idx=27838 val=5.65762
[dump]   top4 idx=13379 val=5.59221
[dump] L40.mid    n=160     finite=1 absmax=0 mean=0 sumsq=0 ids: 280 172 309 449 178 141 428 91 103 381 280 28 141 249 332 380 135 334 311 362 280 268 282 8 218 66 502 332 380 219 280 217 199 380 461 111 334 477 277 67 268 334 217 280 160 21 67 199 391 380 36 178 280 428 200 295 127 310 309 317 280 335 334 380 141 138 160 217 398 204 280 335 128 336 295 188 398 395 138 200 280 335 220 138 261 465 263 492 411 206 204 280 398 52 335 22 229 250 465 83 307 170 412 280 351 282 77 178 301 479 172 335 280 208 138 64 61 374 178 398 335 208 280 172 138 178 465 240 141 220 240 204 491 335 435 494 385 155 61 57 240 172 491 212 470 335 208 61 398 485 335 240 172 208 470 491 497 138 61 260
[dump] L40.moe    n=40960   finite=1 absmax=0.19036      mean=7.5548e-05   sumsq=38.20308981        argmax=11959
[dump]   top0 idx=11959 val=0.19036
[dump]   top1 idx=10697 val=0.18687
[dump]   top2 idx=12555 val=0.18312
[dump]   top3 idx=12437 val=0.18297
[dump]   top4 idx=10736 val=0.18207
[dump] L40.res    n=163840  finite=1 absmax=6.0679       mean=0.0041438    sumsq=4391.498971        argmax=1827
[dump]   top0 idx=1827 val=2.93596
[dump]   top1 idx=114522 val=2.47004
[dump]   top2 idx=138 val=2.41685
[dump]   top3 idx=63322 val=2.08386
[dump]   top4 idx=1984 val=1.97100
[dump] L41.hcmix  n=40960   finite=1 absmax=19.278       mean=0.031574     sumsq=20960.37324        argmax=138
[dump]   top0 idx=138 val=7.25885
[dump]   top1 idx=1827 val=5.80033
[dump]   top2 idx=1500 val=5.50993
[dump]   top3 idx=1984 val=4.93418
[dump]   top4 idx=27937 val=4.61426
[dump] L41.att    n=40960   finite=1 absmax=0.68918      mean=0.00063076   sumsq=161.7364463        argmax=17242
[dump]   top0 idx=17242 val=0.68918
[dump]   top1 idx=30042 val=0.67577
[dump]   top2 idx=32602 val=0.62706
[dump]   top3 idx=14682 val=0.54790
[dump]   top4 idx=27482 val=0.52999
[dump] L41.fmix   n=40960   finite=1 absmax=7.2183       mean=0.042281     sumsq=49969.95512        argmax=1500
[dump]   top0 idx=1500 val=5.50674
[dump]   top1 idx=8681 val=5.47994
[dump]   top2 idx=8288 val=5.37866
[dump]   top3 idx=15939 val=4.91566
[dump]   top4 idx=11929 val=4.81749
[dump] L41.mid    n=160     finite=1 absmax=0 mean=0 sumsq=0 ids: 59 240 198 491 331 445 482 420 266 348 348 178 489 27 196 505 378 410 20 281 205 348 132 20 378 58 480 423 19 178 289 387 19 343 255 90 204 160 135 348 21 204 95 343 160 90 196 71 454 255 496 59 55 42 433 476 491 493 348 482 157 116 59 204 198 348 433 118 496 20 59 299 489 433 376 240 440 430 332 465 132 506 118 253 58 302 198 442 489 404 118 404 131 205 426 366 348 342 132 79 389 303 406 45 146 505 169 461 374 118 59 433 118 450 416 198 443 240 105 491 59 433 118 450 440 476 240 491 198 149 305 278 450 59 17 483 221 433 413 205 59 450 433 346 240 301 293 338 417 477 59 450 491 119 433 118 440 346 111 106
[dump] L41.moe    n=40960   finite=1 absmax=0.15527      mean=-0.00019932  sumsq=46.45420841        argmax=30466
[dump]   top0 idx=30466 val=0.15378
[dump]   top1 idx=10644 val=0.14412
[dump]   top2 idx=12702 val=0.13981
[dump]   top3 idx=10253 val=0.13871
[dump]   top4 idx=11879 val=0.13792
[dump] L41.res    n=163840  finite=1 absmax=5.9993       mean=0.0042344    sumsq=4916.632218        argmax=1827
[dump]   top0 idx=1827 val=3.06421
[dump]   top1 idx=114522 val=2.86822
[dump]   top2 idx=138 val=2.51215
[dump]   top3 idx=63322 val=2.46057
[dump]   top4 idx=1984 val=2.17648
[dump] L42.hcmix  n=40960   finite=1 absmax=12.721       mean=0.032159     sumsq=21787.54328        argmax=1984
[dump]   top0 idx=1984 val=6.10186
[dump]   top1 idx=138 val=5.70046
[dump]   top2 idx=30042 val=4.61682
[dump]   top3 idx=14422 val=4.49260
[dump]   top4 idx=37858 val=3.57335
[dump] L42.att    n=40960   finite=1 absmax=0.732        mean=0.00091517   sumsq=138.7267527        argmax=23522
[dump]   top0 idx=23522 val=0.40365
[dump]   top1 idx=20962 val=0.36965
[dump]   top2 idx=18402 val=0.35753
[dump]   top3 idx=39393 val=0.35649
[dump]   top4 idx=10722 val=0.33714
[dump] L42.fmix   n=40960   finite=1 absmax=5.5598       mean=0.041987     sumsq=49492.31221        argmax=8681
[dump]   top0 idx=8681 val=5.55975
[dump]   top1 idx=33683 val=5.09431
[dump]   top2 idx=21424 val=4.94228
[dump]   top3 idx=29042 val=4.81067
[dump]   top4 idx=31664 val=4.78676
[dump] L42.mid    n=160     finite=1 absmax=0 mean=0 sumsq=0 ids: 294 151 366 248 283 322 212 393 83 53 455 78 357 3 466 250 293 276 279 319 357 455 279 302 14 276 495 341 53 78 474 42 21 39 141 455 105 414 51 108 39 59 455 21 92 414 65 78 276 490 53 506 215 507 151 14 276 248 348 357 310 3 110 140 231 53 276 357 5 90 140 310 3 110 455 354 53 276 357 248 310 341 3 191 110 182 283 455 140 136 341 391 3 110 269 278 310 357 283 191 310 3 151 105 227 333 110 455 6 78 3 337 212 140 193 310 451 5 308 117 3 310 140 5 466 151 110 121 212 411 321 212 446 3 399 6 509 7 341 310 212 310 7 494 3 399 509 358 498 83 212 3 509 310 498 140 83 290 399 6
[dump] L42.moe    n=40960   finite=1 absmax=0.25308      mean=0.00063481   sumsq=76.86019182        argmax=36682
[dump]   top0 idx=36682 val=0.25308
[dump]   top1 idx=38053 val=0.21151
[dump]   top2 idx=37677 val=0.21111
[dump]   top3 idx=544 val=0.20877
[dump]   top4 idx=36044 val=0.19917
[dump] L42.res    n=163840  finite=1 absmax=6.0126       mean=0.0053171    sumsq=6173.454621        argmax=1827
[dump]   top0 idx=1827 val=3.15821
[dump]   top1 idx=114522 val=2.94281
[dump]   top2 idx=138 val=2.65442
[dump]   top3 idx=63322 val=2.55773
[dump]   top4 idx=1984 val=2.28109
[dump] L43.hcmix  n=40960   finite=1 absmax=4.0981       mean=0.0073622    sumsq=2809.064659        argmax=21362
[dump]   top0 idx=21362 val=4.09814
[dump]   top1 idx=23922 val=4.02097
[dump]   top2 idx=29042 val=3.77687
[dump]   top3 idx=31602 val=3.70165
[dump]   top4 idx=39282 val=3.63304
[dump] L43.att    n=40960   finite=1 absmax=0.54649      mean=0.0026689    sumsq=188.8763243        argmax=28888
[dump]   top0 idx=28888 val=0.50528
[dump]   top1 idx=16751 val=0.50317
[dump]   top2 idx=29551 val=0.48429
[dump]   top3 idx=16088 val=0.45906
[dump]   top4 idx=30398 val=0.45486
[dump] L43.fmix   n=40960   finite=1 absmax=5.4473       mean=0.039605     sumsq=36413.75235        argmax=25380
[dump]   top0 idx=25380 val=5.44731
[dump]   top1 idx=33683 val=4.15908
[dump]   top2 idx=29120 val=4.10660
[dump]   top3 idx=23020 val=4.07166
[dump]   top4 idx=36999 val=3.96108
[dump] L43.mid    n=160     finite=1 absmax=0 mean=0 sumsq=0 ids: 300 180 86 133 13 91 413 60 64 278 44 300 166 124 471 293 24 266 363 499 293 117 300 417 124 505 166 499 483 471 300 439 371 293 19 257 42 189 221 70 300 221 257 219 371 376 439 80 348 132 300 10 499 133 331 337 472 26 146 286 300 499 462 146 64 337 219 293 363 483 300 499 86 146 374 101 117 337 462 363 300 121 86 97 451 499 145 462 120 293 300 483 266 462 293 270 216 299 430 18 300 496 323 86 90 182 117 278 293 64 300 86 499 0 227 337 61 272 451 133 300 86 499 462 133 483 363 64 417 436 300 325 248 86 202 436 499 133 355 259 300 325 86 499 14 146 337 347 117 4 300 86 325 499 436 99 462 98 337 483
[dump] L43.moe    n=40960   finite=1 absmax=0.25764      mean=0.00023644   sumsq=42.3842838         argmax=28742
[dump]   top0 idx=28742 val=0.25764
[dump]   top1 idx=29516 val=0.19642
[dump]   top2 idx=31302 val=0.17903
[dump]   top3 idx=30262 val=0.17708
[dump]   top4 idx=28436 val=0.15718
[dump] L43.res    n=163840  finite=1 absmax=6.0328       mean=0.0062511    sumsq=6779.68229         argmax=114522
[dump]   top0 idx=114522 val=3.19166
[dump]   top1 idx=1827 val=3.01680
[dump]   top2 idx=63322 val=2.66003
[dump]   top3 idx=138 val=2.64816
[dump]   top4 idx=51682 val=2.24945
[dump] L44.hcmix  n=40960   finite=1 absmax=23.091       mean=0.030834     sumsq=19451.16861        argmax=138
[dump]   top0 idx=138 val=8.64497
[dump]   top1 idx=1984 val=7.70815
[dump]   top2 idx=13282 val=6.94090
[dump]   top3 idx=1827 val=6.31882
[dump]   top4 idx=8162 val=6.07689
[dump] L44.att    n=40960   finite=1 absmax=4.7302       mean=0.0050013    sumsq=1182.053936        argmax=9867
[dump]   top0 idx=9867 val=4.01652
[dump]   top1 idx=1827 val=3.85764
[dump]   top2 idx=27787 val=3.22398
[dump]   top3 idx=2187 val=2.85052
[dump]   top4 idx=12427 val=2.69198
[dump] L44.fmix   n=40960   finite=1 absmax=7.872        mean=0.052873     sumsq=51097.23873        argmax=26903
[dump]   top0 idx=26903 val=5.73613
[dump]   top1 idx=25380 val=5.55464
[dump]   top2 idx=31821 val=5.47597
[dump]   top3 idx=1500 val=5.47140
[dump]   top4 idx=29261 val=5.44108
[dump] L44.mid    n=160     finite=1 absmax=0 mean=0 sumsq=0 ids: 56 433 263 174 338 405 51 209 277 142 505 1 472 441 303 402 426 39 290 358 39 24 285 472 505 287 103 396 441 135 24 339 27 260 117 311 182 422 25 417 117 260 303 24 133 258 328 466 414 119 174 296 248 169 395 59 56 172 361 433 117 24 260 87 59 303 472 418 174 213 87 395 338 248 59 81 433 209 441 174 283 59 501 87 287 447 21 490 371 135 472 287 190 303 45 447 401 501 371 39 416 102 24 377 61 56 490 87 338 476 87 338 433 61 207 248 209 284 24 119 87 433 24 338 248 61 207 213 209 119 437 87 61 150 340 303 433 207 386 209 61 35 96 424 150 207 87 209 56 119 87 61 119 207 150 174 209 187 424 435
[dump] L44.moe    n=40960   finite=1 absmax=0.30549      mean=7.6502e-05   sumsq=44.36643112        argmax=14141
[dump]   top0 idx=14141 val=0.18080
[dump]   top1 idx=17101 val=0.17071
[dump]   top2 idx=13915 val=0.16216
[dump]   top3 idx=9067 val=0.15934
[dump]   top4 idx=15138 val=0.14934
[dump] L44.res    n=163840  finite=1 absmax=10.173       mean=0.0082126    sumsq=10797.6899         argmax=1827
[dump]   top0 idx=1827 val=8.51951
[dump]   top1 idx=138 val=5.86072
[dump]   top2 idx=32907 val=5.69874
[dump]   top3 idx=1736 val=4.51206
[dump]   top4 idx=104587 val=4.04418
[dump] L45.hcmix  n=40960   finite=1 absmax=11.487       mean=0.032936     sumsq=19583.60509        argmax=138
[dump]   top0 idx=138 val=9.30841
[dump]   top1 idx=1736 val=5.60012
[dump]   top2 idx=1500 val=4.68793
[dump]   top3 idx=18802 val=4.12085
[dump]   top4 idx=11122 val=3.84814
[dump] L45.att    n=40960   finite=1 absmax=2.5677       mean=0.0057472    sumsq=2709.970647        argmax=30042
[dump]   top0 idx=30042 val=2.26438
[dump]   top1 idx=17170 val=2.19833
[dump]   top2 idx=19730 val=2.06849
[dump]   top3 idx=32602 val=2.05129
[dump]   top4 idx=27482 val=1.94443
[dump] L45.fmix   n=40960   finite=1 absmax=8.7678       mean=0.051282     sumsq=54099.69988        argmax=28794
[dump]   top0 idx=28794 val=6.09905
[dump]   top1 idx=31821 val=6.08172
[dump]   top2 idx=1500 val=5.88578
[dump]   top3 idx=19715 val=5.56403
[dump]   top4 idx=29261 val=5.46814
[dump] L45.mid    n=160     finite=1 absmax=0 mean=0 sumsq=0 ids: 237 48 475 227 22 51 303 406 215 442 237 149 269 222 455 223 488 391 156 231 316 222 237 488 7 505 391 231 385 87 237 292 274 332 263 176 123 68 60 371 176 263 68 323 391 214 237 505 492 443 198 237 152 484 169 270 442 235 51 22 237 229 263 235 51 176 391 75 505 225 237 303 51 152 75 186 391 22 235 442 237 29 79 156 185 229 12 142 219 0 131 222 156 219 185 142 62 385 99 338 237 108 303 443 335 51 127 102 220 511 237 303 87 51 443 497 235 220 22 229 237 51 229 127 443 75 22 442 235 303 443 237 277 116 393 177 257 75 385 51 443 237 389 303 393 431 486 257 177 461 443 237 51 486 393 75 431 303 218 257
[dump] L45.moe    n=40960   finite=1 absmax=0.23726      mean=-0.00052134  sumsq=63.55381457        argmax=28159
[dump]   top0 idx=28159 val=0.23726
[dump]   top1 idx=29111 val=0.22718
[dump]   top2 idx=26468 val=0.19321
[dump]   top3 idx=24263 val=0.18236
[dump]   top4 idx=36097 val=0.18004
[dump] L45.res    n=163840  finite=1 absmax=10.253       mean=0.010546     sumsq=19254.16275        argmax=1827
[dump]   top0 idx=1827 val=8.45811
[dump]   top1 idx=138 val=5.98988
[dump]   top2 idx=32907 val=5.98463
[dump]   top3 idx=117082 val=5.04080
[dump]   top4 idx=114522 val=4.91952
[dump] L46.hcmix  n=40960   finite=1 absmax=9.1138       mean=0.033995     sumsq=27335.88703        argmax=932
[dump]   top0 idx=932 val=9.11376
[dump]   top1 idx=138 val=7.75672
[dump]   top2 idx=30042 val=6.82781
[dump]   top3 idx=1810 val=6.81343
[dump]   top4 idx=17170 val=6.72845
[dump] L46.att    n=40960   finite=1 absmax=5.5333       mean=0.0041479    sumsq=3875.958748        argmax=18554
[dump]   top0 idx=18554 val=5.53334
[dump]   top1 idx=12427 val=4.88318
[dump]   top2 idx=21114 val=4.62154
[dump]   top3 idx=26234 val=4.38133
[dump]   top4 idx=15994 val=4.04463
[dump] L46.fmix   n=40960   finite=1 absmax=7.9584       mean=0.042801     sumsq=54784.148          argmax=26234
[dump]   top0 idx=26234 val=7.05242
[dump]   top1 idx=30042 val=6.85339
[dump]   top2 idx=5051 val=5.91662
[dump]   top3 idx=28794 val=5.89024
[dump]   top4 idx=31354 val=5.72642
[dump] L46.mid    n=160     finite=1 absmax=0 mean=0 sumsq=0 ids: 25 338 230 297 348 77 31 60 239 477 25 384 68 38 426 227 333 247 230 138 25 38 227 510 246 257 296 31 219 54 25 427 459 508 397 60 343 301 361 147 459 25 3 427 318 276 397 122 205 164 81 25 341 230 383 348 283 246 284 389 25 81 56 459 230 281 296 343 419 14 25 56 60 81 230 163 437 167 383 348 25 56 81 294 227 54 269 119 491 165 25 337 56 231 123 119 269 191 491 438 25 56 60 63 377 456 491 19 257 67 25 56 60 348 230 67 419 6 497 81 25 56 60 348 81 67 343 215 389 230 25 98 474 60 56 497 491 105 430 264 25 298 56 494 81 463 60 16 275 180 25 56 60 343 81 67 348 500 297 497
[dump] L46.moe    n=40960   finite=1 absmax=0.31002      mean=-0.0003249   sumsq=114.1006936        argmax=16387
[dump]   top0 idx=16387 val=0.31002
[dump]   top1 idx=26551 val=0.30755
[dump]   top2 idx=7257 val=0.27558
[dump]   top3 idx=29111 val=0.27529
[dump]   top4 idx=1027 val=0.26103
[dump] L46.res    n=163840  finite=1 absmax=10.271       mean=0.011856     sumsq=27737.68074        argmax=74874
[dump]   top0 idx=74874 val=9.20126
[dump]   top1 idx=1827 val=8.54908
[dump]   top2 idx=45707 val=8.36361
[dump]   top3 idx=85114 val=8.21744
[dump]   top4 idx=105594 val=7.74718
[dump] L47.hcmix  n=40960   finite=1 absmax=8.1732       mean=0.014858     sumsq=11411.75662        argmax=1827
[dump]   top0 idx=1827 val=6.31016
[dump]   top1 idx=30042 val=4.08138
[dump]   top2 idx=138 val=4.02722
[dump]   top3 idx=2682 val=3.32712
[dump]   top4 idx=18402 val=3.15439
[dump] L47.att    n=40960   finite=1 absmax=2.9165       mean=-0.0031115   sumsq=986.0462677        argmax=2314
[dump]   top0 idx=2314 val=2.91650
[dump]   top1 idx=722 val=1.89671
[dump]   top2 idx=579 val=1.43426
[dump]   top3 idx=1027 val=1.41638
[dump]   top4 idx=1202 val=1.34442
[dump] L47.fmix   n=2560    finite=1 absmax=6.1581       mean=0.0079572    sumsq=3262.252192        argmax=122
[dump]   top0 idx=122 val=4.92528
[dump]   top1 idx=1795 val=4.60743
[dump]   top2 idx=1429 val=4.39342
[dump]   top3 idx=2396 val=3.42688
[dump]   top4 idx=1101 val=3.37638
[dump] L47.mid    n=10      finite=1 absmax=0 mean=0 sumsq=0 ids: 186 352 95 417 422 103 179 444 450 340
[dump] L47.moe    n=2560    finite=1 absmax=0.64076      mean=-0.00060783  sumsq=17.17483696        argmax=951
[dump]   top0 idx=951 val=0.64076
[dump]   top1 idx=617 val=0.46671
[dump]   top2 idx=192 val=0.37967
[dump]   top3 idx=2213 val=0.35919
[dump]   top4 idx=92 val=0.33668
[dump] L47.res    n=10240   finite=1 absmax=5.1319       mean=0.0024789    sumsq=1507.496158        argmax=4370
[dump]   top0 idx=4370 val=3.13652
[dump]   top1 idx=5002 val=2.46195
[dump]   top2 idx=1882 val=2.31195
[dump]   top3 idx=4442 val=2.01993
[dump]   top4 idx=3353 val=2.00001
[dump] L00.hcmix  n=40960   finite=1 absmax=11.76        mean=0.030367     sumsq=31742.15024        argmax=37477
[dump]   top0 idx=37477 val=8.54350
[dump]   top1 idx=28717 val=7.80254
[dump]   top2 idx=37232 val=7.59833
[dump]   top3 idx=40037 val=7.40860
[dump]   top4 idx=38321 val=7.01997
[dump] L00.att    n=40960   finite=1 absmax=1.0866       mean=0.00022953   sumsq=449.7347614        argmax=2565
[dump]   top0 idx=2565 val=1.08664
[dump]   top1 idx=5 val=1.00970
[dump]   top2 idx=12805 val=0.94685
[dump]   top3 idx=5125 val=0.92478
[dump]   top4 idx=7685 val=0.91633
[dump] L00.fmix   n=40960   finite=1 absmax=2.7863       mean=0.0034925    sumsq=7318.779532        argmax=231
[dump]   top0 idx=231 val=2.36255
[dump]   top1 idx=268 val=2.32700
[dump]   top2 idx=22265 val=2.27917
[dump]   top3 idx=34347 val=2.24170
[dump]   top4 idx=37661 val=2.07894
[dump] L00.mid    n=160     finite=1 absmax=0 mean=0 sumsq=0 ids: 215 372 109 371 90 453 220 28 396 205 459 95 348 432 352 403 394 327 237 43 24 164 270 350 368 418 54 317 459 501 173 15 386 492 253 68 503 291 37 222 479 10 175 322 501 66 376 64 7 350 128 465 108 496 494 206 442 74 504 94 118 481 174 89 253 2 113 197 147 138 232 99 39 291 132 187 346 24 53 27 468 174 367 377 15 500 505 339 399 37 138 147 367 174 15 37 432 119 500 399 226 9 270 425 290 176 247 136 102 198 507 30 462 226 24 221 8 368 54 441 49 221 73 129 11 113 382 117 106 237 226 40 490 146 344 488 483 122 374 397 56 226 288 135 201 96 124 405 34 310 226 487 469 490 146 51 355 365 344 284
[dump] L00.moe    n=40960   finite=1 absmax=0.35476      mean=0.00043193   sumsq=37.30712321        argmax=1682
[dump]   top0 idx=1682 val=0.35476
[dump]   top1 idx=579 val=0.29842
[dump]   top2 idx=5 val=0.28178
[dump]   top3 idx=1500 val=0.27366
[dump]   top4 idx=23768 val=0.24801
[dump] L00.res    n=163840  finite=1 absmax=0.37763      mean=0.00038182   sumsq=75.25109259        argmax=46085
[dump]   top0 idx=46085 val=0.37763
[dump]   top1 idx=15365 val=0.32708
[dump]   top2 idx=76805 val=0.32478
[dump]   top3 idx=56325 val=0.31184
[dump]   top4 idx=138245 val=0.29906
[dump] L01.hcmix  n=40960   finite=1 absmax=3.5828       mean=0.01128      sumsq=8006.503246        argmax=7685
[dump]   top0 idx=7685 val=3.58278
[dump]   top1 idx=2565 val=3.39217
[dump]   top2 idx=17925 val=3.19455
[dump]   top3 idx=23045 val=3.18298
[dump]   top4 idx=10245 val=3.12179
[dump] L01.att    n=40960   finite=1 absmax=1.309        mean=-0.0039659   sumsq=774.8562845        argmax=14273
[dump]   top0 idx=14273 val=1.30900
[dump]   top1 idx=11713 val=1.15927
[dump]   top2 idx=6593 val=1.15191
[dump]   top3 idx=28491 val=1.12951
[dump]   top4 idx=5451 val=1.11806
[dump] L01.fmix   n=40960   finite=1 absmax=3.3254       mean=0.00018787   sumsq=6641.800838        argmax=4046
[dump]   top0 idx=4046 val=3.32542
[dump]   top1 idx=33285 val=2.60666
[dump]   top2 idx=25605 val=2.55110
[dump]   top3 idx=17925 val=2.52035
[dump]   top4 idx=35845 val=2.36411
[dump] L01.mid    n=160     finite=1 absmax=0 mean=0 sumsq=0 ids: 19 320 157 131 165 225 345 205 446 186 131 10 128 348 486 500 103 19 303 196 168 210 381 441 458 81 289 207 27 445 86 91 500 341 19 447 67 41 425 348 326 429 499 441 458 233 319 296 313 81 282 5 382 500 101 443 349 177 307 425 151 54 253 473 41 282 425 117 139 140 372 103 431 64 1 196 409 348 345 286 496 21 372 371 431 500 409 314 44 1 496 122 44 371 20 163 41 169 54 78 149 377 496 98 500 81 86 289 425 507 81 168 458 54 139 507 377 169 121 98 500 118 377 81 323 54 289 425 98 131 500 140 149 127 205 67 249 412 289 425 149 500 205 280 19 26 265 87 306 412 330 385 285 323 459 311 495 450 369 22
[dump] L01.moe    n=40960   finite=1 absmax=0.22226      mean=0.00012883   sumsq=2.859981822        argmax=1832
[dump]   top0 idx=1832 val=0.06782
[dump]   top1 idx=2010 val=0.05540
[dump]   top2 idx=1531 val=0.05507
[dump]   top3 idx=855 val=0.05451
[dump]   top4 idx=26455 val=0.05410
[dump] L01.res    n=163840  finite=1 absmax=0.44665      mean=0.00086498   sumsq=141.6774625        argmax=46085
[dump]   top0 idx=46085 val=0.37544
[dump]   top1 idx=15365 val=0.32875
[dump]   top2 idx=76805 val=0.32445
[dump]   top3 idx=56325 val=0.31175
[dump]   top4 idx=138245 val=0.29960
[dump] L02.hcmix  n=40960   finite=1 absmax=10.696       mean=0.010413     sumsq=12275.60743        argmax=10245
[dump]   top0 idx=10245 val=4.40305
[dump]   top1 idx=3415 val=4.22272
[dump]   top2 idx=25605 val=4.20525
[dump]   top3 idx=17925 val=4.19925
[dump]   top4 idx=15365 val=4.19056
[dump] L02.att    n=40960   finite=1 absmax=3.0882       mean=0.0049858    sumsq=524.4504985        argmax=2010
[dump]   top0 idx=2010 val=1.25582
[dump]   top1 idx=403 val=0.80978
[dump]   top2 idx=2293 val=0.75753
[dump]   top3 idx=348 val=0.70048
[dump]   top4 idx=913 val=0.68048
[dump] L02.fmix   n=40960   finite=1 absmax=5.2914       mean=0.010458     sumsq=6600.394119        argmax=12655
[dump]   top0 idx=12655 val=2.07445
[dump]   top1 idx=24008 val=1.87715
[dump]   top2 idx=15072 val=1.85464
[dump]   top3 idx=7392 val=1.82036
[dump]   top4 idx=4046 val=1.78313
[dump] L02.mid    n=160     finite=1 absmax=0 mean=0 sumsq=0 ids: 75 12 209 68 137 403 257 272 87 255 75 42 169 139 22 479 356 192 61 376 75 141 42 169 13 61 355 356 430 102 75 259 427 32 440 61 466 371 12 356 410 433 355 124 252 407 75 133 76 341 32 103 123 75 9 22 285 259 426 69 70 124 75 165 402 355 133 191 356 52 22 75 69 170 145 35 430 61 356 180 230 22 75 480 260 356 102 285 61 506 75 230 22 356 152 61 285 260 431 480 75 61 185 431 459 482 385 22 52 319 430 75 385 52 421 13 316 88 388 275 75 70 385 72 503 205 376 382 16 133 75 275 187 61 32 13 272 12 420 31 75 507 399 225 129 275 272 161 495 61 265 397 309 352 167 275 406 165 75 173
[dump] L02.moe    n=40960   finite=1 absmax=0.10461      mean=0.00031603   sumsq=3.1998533          argmax=23308
[dump]   top0 idx=23308 val=0.10461
[dump]   top1 idx=20748 val=0.09189
[dump]   top2 idx=3288 val=0.09056
[dump]   top3 idx=5388 val=0.08286
[dump]   top4 idx=951 val=0.08256
[dump] L02.res    n=163840  finite=1 absmax=0.4129       mean=0.0011668    sumsq=163.6232107        argmax=46085
[dump]   top0 idx=46085 val=0.38493
[dump]   top1 idx=46808 val=0.37678
[dump]   top2 idx=98008 val=0.35875
[dump]   top3 idx=15365 val=0.35526
[dump]   top4 idx=128728 val=0.34225
[dump] L03.hcmix  n=40960   finite=1 absmax=6.2113       mean=0.014091     sumsq=4463.860869        argmax=5908
[dump]   top0 idx=5908 val=4.58499
[dump]   top1 idx=16148 val=4.44777
[dump]   top2 idx=13588 val=4.39623
[dump]   top3 idx=25605 val=4.24316
[dump]   top4 idx=10245 val=4.22451
[dump] L03.att    n=40960   finite=1 absmax=0.91906      mean=-0.0026557   sumsq=293.3046845        argmax=522
[dump]   top0 idx=522 val=0.77064
[dump]   top1 idx=1832 val=0.64989
[dump]   top2 idx=667 val=0.56205
[dump]   top3 idx=983 val=0.55267
[dump]   top4 idx=1578 val=0.55263
[dump] L03.fmix   n=40960   finite=1 absmax=3.3338       mean=0.01641      sumsq=12570.28249        argmax=4046
[dump]   top0 idx=4046 val=3.19382
[dump]   top1 idx=10968 val=3.14982
[dump]   top2 idx=33997 val=2.99111
[dump]   top3 idx=3288 val=2.91259
[dump]   top4 idx=8408 val=2.67275
[dump] L03.mid    n=160     finite=1 absmax=0 mean=0 sumsq=0 ids: 243 143 190 405 470 223 205 253 371 231 476 47 405 231 228 343 441 473 243 277 343 112 47 71 146 21 405 486 231 470 231 190 441 228 418 146 470 504 101 484 146 299 419 406 451 254 484 169 228 27 441 443 418 190 156 494 231 347 228 149 296 146 396 193 189 21 307 467 419 77 17 296 193 189 32 231 190 485 295 200 365 190 396 296 295 271 200 307 509 449 189 296 190 307 101 149 365 295 418 480 74 418 231 190 104 365 228 257 449 152 74 71 257 81 112 190 91 365 262 101 74 257 190 277 365 101 146 224 83 343 441 504 194 315 190 101 231 206 318 418 315 364 86 185 104 101 194 441 31 184 467 396 101 218 472 271 441 365 102 104
[dump] L03.moe    n=40960   finite=1 absmax=0.054291     mean=6.2659e-05   sumsq=3.685493666        argmax=22718
[dump]   top0 idx=22718 val=0.04624
[dump]   top1 idx=29614 val=0.04608
[dump]   top2 idx=28855 val=0.04391
[dump]   top3 idx=11687 val=0.03954
[dump]   top4 idx=29681 val=0.03932
[dump] L03.res    n=163840  finite=1 absmax=0.3948       mean=0.0011196    sumsq=169.5547157        argmax=46085
[dump]   top0 idx=46085 val=0.38633
[dump]   top1 idx=46808 val=0.37749
[dump]   top2 idx=98008 val=0.35741
[dump]   top3 idx=15365 val=0.35423
[dump]   top4 idx=128728 val=0.34237
[dump] L04.hcmix  n=40960   finite=1 absmax=8.561        mean=0.020301     sumsq=13130.85366        argmax=25605
[dump]   top0 idx=25605 val=5.11239
[dump]   top1 idx=15365 val=5.00641
[dump]   top2 idx=5 val=4.83528
[dump]   top3 idx=17925 val=4.83223
[dump]   top4 idx=10245 val=4.81897
[dump] L04.att    n=40960   finite=1 absmax=0.65504      mean=-0.0015018   sumsq=208.3007554        argmax=29813
[dump]   top0 idx=29813 val=0.65504
[dump]   top1 idx=9333 val=0.50399
[dump]   top2 idx=32373 val=0.49995
[dump]   top3 idx=34933 val=0.47614
[dump]   top4 idx=10871 val=0.46336
[dump] L04.fmix   n=40960   finite=1 absmax=3.2783       mean=0.014709     sumsq=14265.67683        argmax=4046
[dump]   top0 idx=4046 val=3.27826
[dump]   top1 idx=22230 val=2.98050
[dump]   top2 idx=22265 val=2.85323
[dump]   top3 idx=22766 val=2.74341
[dump]   top4 idx=22718 val=2.73873
[dump] L04.mid    n=160     finite=1 absmax=0 mean=0 sumsq=0 ids: 3 309 119 392 252 307 486 106 41 453 309 385 274 453 402 410 252 277 123 62 309 505 385 41 293 479 414 251 299 36 309 410 421 414 252 204 496 500 453 454 204 36 309 378 414 333 72 366 159 379 153 41 274 410 207 491 259 204 106 36 455 479 36 16 303 321 413 204 174 91 41 21 309 134 282 453 410 106 312 500 504 21 177 134 41 282 351 150 221 309 256 309 504 491 221 293 500 21 436 453 453 293 309 436 410 299 500 375 445 69 425 309 204 252 36 483 476 12 41 504 500 309 150 345 282 136 410 453 323 174 106 309 274 453 41 410 186 252 259 496 395 468 391 309 306 192 274 324 106 89 177 309 186 172 244 467 80 89 100 193
[dump] L04.moe    n=40960   finite=1 absmax=0.094853     mean=0.00010768   sumsq=7.236647098        argmax=13437
[dump]   top0 idx=13437 val=0.09097
[dump]   top1 idx=14936 val=0.09017
[dump]   top2 idx=13941 val=0.08637
[dump]   top3 idx=13197 val=0.08188
[dump]   top4 idx=14939 val=0.07711
[dump] L04.res    n=163840  finite=1 absmax=0.40569      mean=0.0010942    sumsq=190.623862         argmax=46085
[dump]   top0 idx=46085 val=0.38587
[dump]   top1 idx=46808 val=0.37782
[dump]   top2 idx=98008 val=0.35448
[dump]   top3 idx=15365 val=0.35411
[dump]   top4 idx=128728 val=0.34228
[dump] L05.hcmix  n=40960   finite=1 absmax=12.036       mean=0.01242      sumsq=12780.68641        argmax=29813
[dump]   top0 idx=29813 val=9.54170
[dump]   top1 idx=34933 val=5.66853
[dump]   top2 idx=1653 val=5.35198
[dump]   top3 idx=14453 val=4.34024
[dump]   top4 idx=1500 val=4.24022
[dump] L05.att    n=40960   finite=1 absmax=7.0958       mean=-0.0013874   sumsq=328.7917062        argmax=1500
[dump]   top0 idx=1500 val=1.98728
[dump]   top1 idx=788 val=0.90195
[dump]   top2 idx=5751 val=0.78471
[dump]   top3 idx=2121 val=0.78230
[dump]   top4 idx=1787 val=0.69985
[dump] L05.fmix   n=40960   finite=1 absmax=2.6418       mean=0.0089663    sumsq=10632.88049        argmax=10596
[dump]   top0 idx=10596 val=2.64184
[dump]   top1 idx=1009 val=2.55169
[dump]   top2 idx=11241 val=2.51275
[dump]   top3 idx=21685 val=2.44670
[dump]   top4 idx=37045 val=2.43323
[dump] L05.mid    n=160     finite=1 absmax=0 mean=0 sumsq=0 ids: 392 42 56 353 386 291 236 175 228 98 104 505 439 274 216 268 81 220 402 420 497 269 400 136 126 274 347 380 130 422 395 140 118 216 169 236 417 200 400 224 497 200 269 227 365 77 323 440 338 400 310 142 228 468 1 140 236 124 98 436 269 418 36 210 360 400 18 67 77 38 314 291 102 390 239 124 2 224 364 14 390 452 280 102 449 291 191 120 140 169 140 452 291 169 102 420 328 390 344 38 328 192 177 344 505 418 429 302 314 291 291 314 38 177 269 344 216 136 440 239 104 38 291 216 177 344 402 418 134 395 288 140 104 236 344 446 14 142 326 291 53 344 116 133 298 288 2 177 291 114 418 17 18 177 344 404 269 451 61 453
[dump] L05.moe    n=40960   finite=1 absmax=0.093729     mean=0.00058545   sumsq=3.79127964         argmax=3139
[dump]   top0 idx=3139 val=0.04785
[dump]   top1 idx=7573 val=0.04517
[dump]   top2 idx=34165 val=0.04471
[dump]   top3 idx=524 val=0.04385
[dump]   top4 idx=24581 val=0.04346
[dump] L05.res    n=163840  finite=1 absmax=2.8828       mean=0.0012195    sumsq=227.9563507        argmax=1500
[dump]   top0 idx=1500 val=0.78902
[dump]   top1 idx=46085 val=0.38468
[dump]   top2 idx=46808 val=0.37843
[dump]   top3 idx=788 val=0.35696
[dump]   top4 idx=98008 val=0.35364
[dump] L06.hcmix  n=40960   finite=1 absmax=18.795       mean=0.014719     sumsq=11124.34685        argmax=1500
[dump]   top0 idx=1500 val=8.34621
[dump]   top1 idx=5 val=4.89325
[dump]   top2 idx=25605 val=4.81562
[dump]   top3 idx=15365 val=4.74748
[dump]   top4 idx=17925 val=4.65971
[dump] L06.att    n=40960   finite=1 absmax=1.5857       mean=-0.0023752   sumsq=1053.452674        argmax=3042
[dump]   top0 idx=3042 val=1.58574
[dump]   top1 idx=5602 val=1.46480
[dump]   top2 idx=8162 val=1.31939
[dump]   top3 idx=8631 val=1.31064
[dump]   top4 idx=10722 val=1.30950
[dump] L06.fmix   n=40960   finite=1 absmax=3.4986       mean=0.016114     sumsq=13950.46851        argmax=11241
[dump]   top0 idx=11241 val=3.12045
[dump]   top1 idx=11585 val=2.62623
[dump]   top2 idx=35985 val=2.60289
[dump]   top3 idx=10936 val=2.57513
[dump]   top4 idx=17377 val=2.54552
[dump] L06.mid    n=160     finite=1 absmax=0 mean=0 sumsq=0 ids: 223 33 283 394 379 40 439 159 256 152 394 40 67 439 94 474 409 329 346 172 89 71 380 244 367 206 55 43 202 387 197 244 352 398 59 267 43 433 305 149 278 212 486 503 89 423 197 82 300 45 97 152 67 191 227 144 295 91 398 503 502 348 323 314 273 107 315 312 450 2 295 408 172 496 227 304 503 184 333 461 295 210 290 77 209 387 411 464 54 191 295 503 299 39 77 431 95 411 290 282 95 282 245 477 475 71 163 431 485 141 69 440 245 477 91 295 467 89 107 256 413 492 123 270 75 503 40 486 261 494 152 326 127 159 375 123 278 69 133 390 63 307 275 488 173 157 352 130 78 356 212 341 353 85 278 337 486 275 300 393
[dump] L06.moe    n=40960   finite=1 absmax=0.082402     mean=0.00012753   sumsq=7.076680384        argmax=33173
[dump]   top0 idx=33173 val=0.08240
[dump]   top1 idx=39402 val=0.06619
[dump]   top2 idx=7546 val=0.06572
[dump]   top3 idx=39934 val=0.06477
[dump]   top4 idx=39261 val=0.06384
[dump] L06.res    n=163840  finite=1 absmax=2.9109       mean=0.0012192    sumsq=251.5253322        argmax=1500
[dump]   top0 idx=1500 val=0.79903
[dump]   top1 idx=46085 val=0.38222
[dump]   top2 idx=46808 val=0.37837
[dump]   top3 idx=98008 val=0.35403
[dump]   top4 idx=788 val=0.35141
[dump] L07.hcmix  n=40960   finite=1 absmax=15.225       mean=0.0080373    sumsq=5495.608562        argmax=17925
[dump]   top0 idx=17925 val=4.19831
[dump]   top1 idx=15365 val=4.16074
[dump]   top2 idx=25605 val=4.11541
[dump]   top3 idx=10245 val=4.02381
[dump]   top4 idx=12805 val=3.99489
[dump] L07.att    n=40960   finite=1 absmax=2.4507       mean=0.00045698   sumsq=708.3449096        argmax=951
[dump]   top0 idx=951 val=2.45072
[dump]   top1 idx=1736 val=1.79691
[dump]   top2 idx=1134 val=1.68544
[dump]   top3 idx=1795 val=1.61694
[dump]   top4 idx=47 val=1.38509
[dump] L07.fmix   n=40960   finite=1 absmax=2.828        mean=0.017065     sumsq=11518.17722        argmax=32106
[dump]   top0 idx=32106 val=2.30598
[dump]   top1 idx=11241 val=2.24127
[dump]   top2 idx=11675 val=2.22641
[dump]   top3 idx=10871 val=2.14818
[dump]   top4 idx=17974 val=2.11296
[dump] L07.mid    n=160     finite=1 absmax=0 mean=0 sumsq=0 ids: 165 351 159 346 432 455 242 8 163 303 159 367 486 194 346 351 366 325 50 8 256 456 340 369 486 265 50 203 403 502 486 301 156 504 445 242 179 303 340 472 203 83 393 71 149 504 146 293 194 358 242 165 84 287 60 451 445 22 303 169 502 486 194 50 309 69 403 198 237 297 411 296 159 358 227 256 223 340 304 464 70 411 152 403 294 359 368 462 188 169 70 403 411 194 294 142 152 252 368 359 41 369 194 8 411 498 456 486 87 338 358 455 87 464 194 411 203 363 50 456 50 511 87 82 369 281 403 486 194 69 358 445 87 509 50 252 471 159 242 498 365 77 194 196 405 117 328 279 8 5 418 400 502 3 501 124 198 313 511 48
[dump] L07.moe    n=40960   finite=1 absmax=0.091976     mean=0.00027203   sumsq=4.958082043        argmax=30613
[dump]   top0 idx=30613 val=0.07852
[dump]   top1 idx=17813 val=0.07288
[dump]   top2 idx=13324 val=0.06248
[dump]   top3 idx=18569 val=0.05716
[dump]   top4 idx=29365 val=0.05514
[dump] L07.res    n=163840  finite=1 absmax=2.8856       mean=0.0013506    sumsq=266.7187266        argmax=1500
[dump]   top0 idx=1500 val=0.79593
[dump]   top1 idx=71573 val=0.42303
[dump]   top2 idx=46085 val=0.38286
[dump]   top3 idx=46808 val=0.37466
[dump]   top4 idx=122773 val=0.35343
[dump] L08.hcmix  n=40960   finite=1 absmax=5.3422       mean=0.024059     sumsq=10151.83154        argmax=17813
[dump]   top0 idx=17813 val=5.34221
[dump]   top1 idx=30613 val=4.56126
[dump]   top2 idx=28791 val=4.41088
[dump]   top3 idx=10871 val=3.86267
[dump]   top4 idx=7573 val=3.81015
[dump] L08.att    n=40960   finite=1 absmax=0.1946       mean=0.00090985   sumsq=30.57609161        argmax=38756
[dump]   top0 idx=38756 val=0.19460
[dump]   top1 idx=16565 val=0.16426
[dump]   top2 idx=39605 val=0.16027
[dump]   top3 idx=40195 val=0.14586
[dump]   top4 idx=37045 val=0.14460
[dump] L08.fmix   n=40960   finite=1 absmax=4.8824       mean=0.022405     sumsq=11123.68356        argmax=1500
[dump]   top0 idx=1500 val=4.88235
[dump]   top1 idx=4046 val=3.23057
[dump]   top2 idx=28791 val=3.11810
[dump]   top3 idx=10871 val=2.77453
[dump]   top4 idx=15991 val=2.74512
[dump] L08.mid    n=160     finite=1 absmax=0 mean=0 sumsq=0 ids: 308 456 387 175 181 439 263 370 219 46 219 263 462 183 387 231 308 121 175 81 134 263 74 99 212 371 436 308 364 124 263 360 342 308 99 175 46 11 387 62 263 157 128 217 342 134 74 360 83 22 175 263 308 206 360 46 439 387 394 473 134 263 387 99 74 157 360 114 183 277 387 134 263 46 204 1 360 261 175 223 360 252 263 313 66 295 163 367 1 46 263 360 46 308 354 370 175 27 387 395 263 360 181 308 370 46 175 105 264 164 134 263 181 183 387 66 462 360 218 308 263 183 360 218 462 308 354 114 46 99 263 181 134 183 462 360 392 175 308 206 263 181 360 387 102 462 46 308 392 183 317 465 192 263 436 102 196 462 17 299
[dump] L08.moe    n=40960   finite=1 absmax=0.10862      mean=-9.75e-05    sumsq=5.952894959        argmax=1500
[dump]   top0 idx=1500 val=0.08902
[dump]   top1 idx=32897 val=0.07685
[dump]   top2 idx=32045 val=0.07482
[dump]   top3 idx=30 val=0.07252
[dump]   top4 idx=32409 val=0.06927
[dump] L08.res    n=163840  finite=1 absmax=2.9322       mean=0.0014355    sumsq=281.6983733        argmax=1500
[dump]   top0 idx=1500 val=0.83615
[dump]   top1 idx=71573 val=0.44052
[dump]   top2 idx=46085 val=0.38286
[dump]   top3 idx=122773 val=0.37719
[dump]   top4 idx=46808 val=0.37469
[dump] L09.hcmix  n=40960   finite=1 absmax=11.636       mean=0.018479     sumsq=12117.07718        argmax=1500
[dump]   top0 idx=1500 val=6.88558
[dump]   top1 idx=17813 val=5.00994
[dump]   top2 idx=30613 val=4.70954
[dump]   top3 idx=26805 val=3.70446
[dump]   top4 idx=21685 val=3.67952
[dump] L09.att    n=40960   finite=1 absmax=0.66025      mean=0.00029001   sumsq=164.2060261        argmax=9166
[dump]   top0 idx=9166 val=0.66025
[dump]   top1 idx=3511 val=0.37294
[dump]   top2 idx=11191 val=0.34398
[dump]   top3 idx=23753 val=0.28388
[dump]   top4 idx=9362 val=0.28384
[dump] L09.fmix   n=40960   finite=1 absmax=4.0026       mean=0.023026     sumsq=11813.25232        argmax=1500
[dump]   top0 idx=1500 val=4.00264
[dump]   top1 idx=4046 val=2.73209
[dump]   top2 idx=11241 val=2.43132
[dump]   top3 idx=681 val=2.28352
[dump]   top4 idx=30613 val=2.22117
[dump] L09.mid    n=160     finite=1 absmax=0 mean=0 sumsq=0 ids: 218 369 68 368 430 96 376 209 142 229 292 425 40 430 17 396 369 321 218 113 113 382 425 428 266 317 40 402 205 321 425 321 444 218 68 430 209 477 376 205 371 425 276 382 115 201 321 417 91 336 425 238 376 218 427 371 292 230 361 377 427 148 425 18 374 371 382 428 430 369 459 427 430 218 211 456 491 209 170 376 10 90 459 426 456 55 479 11 427 14 459 370 20 377 73 264 218 141 90 430 377 70 409 218 205 427 382 506 154 321 430 264 374 153 321 369 370 218 456 230 370 264 430 321 276 153 374 218 488 230 264 478 292 370 427 430 376 230 276 218 264 478 427 230 376 370 71 68 378 374 18 468 339 237 146 399 230 148 15 138
[dump] L09.moe    n=40960   finite=1 absmax=0.060128     mean=1.4691e-05   sumsq=4.015797573        argmax=36471
[dump]   top0 idx=36471 val=0.06013
[dump]   top1 idx=38650 val=0.04654
[dump]   top2 idx=28055 val=0.04583
[dump]   top3 idx=21725 val=0.04292
[dump]   top4 idx=29027 val=0.04240
[dump] L09.res    n=163840  finite=1 absmax=2.9297       mean=0.0014525    sumsq=285.6633506        argmax=1500
[dump]   top0 idx=1500 val=0.83930
[dump]   top1 idx=71573 val=0.43159
[dump]   top2 idx=46085 val=0.38286
[dump]   top3 idx=46808 val=0.37465
[dump]   top4 idx=122773 val=0.36676
[dump] L10.hcmix  n=40960   finite=1 absmax=11.844       mean=0.018914     sumsq=12754.35034        argmax=1500
[dump]   top0 idx=1500 val=7.98367
[dump]   top1 idx=17813 val=4.60060
[dump]   top2 idx=30613 val=4.18631
[dump]   top3 idx=26805 val=3.78086
[dump]   top4 idx=28791 val=3.65299
[dump] L10.att    n=40960   finite=1 absmax=0.99781      mean=-0.00049815  sumsq=298.0835989        argmax=9166
[dump]   top0 idx=9166 val=0.99781
[dump]   top1 idx=26593 val=0.63093
[dump]   top2 idx=5848 val=0.52760
[dump]   top3 idx=18871 val=0.51442
[dump]   top4 idx=39393 val=0.50892
[dump] L10.fmix   n=40960   finite=1 absmax=2.8313       mean=0.014156     sumsq=9946.258099        argmax=4046
[dump]   top0 idx=4046 val=2.44744
[dump]   top1 idx=15991 val=2.44103
[dump]   top2 idx=10936 val=2.41872
[dump]   top3 idx=10871 val=2.41816
[dump]   top4 idx=33911 val=2.17634
[dump] L10.mid    n=160     finite=1 absmax=0 mean=0 sumsq=0 ids: 461 325 107 264 164 508 495 278 355 322 264 461 278 325 417 58 341 355 164 296 461 278 17 230 325 187 40 264 121 319 264 461 278 341 58 508 417 379 70 230 187 373 25 167 288 461 87 264 433 346 461 508 373 97 379 433 264 278 355 164 461 230 464 97 373 278 70 417 508 355 461 97 455 373 508 379 28 319 164 177 461 398 143 509 501 97 508 423 321 271 461 423 508 97 501 417 373 379 18 58 461 97 17 373 423 58 508 379 33 343 97 355 373 461 278 17 417 69 464 40 18 278 97 461 355 69 387 508 336 40 355 461 495 97 69 387 404 278 341 379 97 461 355 373 417 88 322 500 247 416 373 103 459 302 97 322 500 356 164 416
[dump] L10.moe    n=40960   finite=1 absmax=0.31673      mean=-8.9537e-05  sumsq=4.088764987        argmax=21
[dump]   top0 idx=21 val=0.08778
[dump]   top1 idx=1912 val=0.08326
[dump]   top2 idx=579 val=0.06385
[dump]   top3 idx=1500 val=0.06264
[dump]   top4 idx=788 val=0.05862
[dump] L10.res    n=163840  finite=1 absmax=2.9974       mean=0.0014075    sumsq=293.0769665        argmax=1500
[dump]   top0 idx=1500 val=0.86547
[dump]   top1 idx=71573 val=0.42935
[dump]   top2 idx=50435 val=0.38698
[dump]   top3 idx=46085 val=0.38293
[dump]   top4 idx=46808 val=0.37481
[dump] L11.hcmix  n=40960   finite=1 absmax=19.146       mean=0.0112       sumsq=5322.596783        argmax=12805
[dump]   top0 idx=12805 val=2.98387
[dump]   top1 idx=25605 val=2.88399
[dump]   top2 idx=1500 val=2.83848
[dump]   top3 idx=7685 val=2.83715
[dump]   top4 idx=17925 val=2.81610
[dump] L11.att    n=40960   finite=1 absmax=2.7981       mean=0.0011997    sumsq=560.3650853        argmax=2311
[dump]   top0 idx=2311 val=2.79811
[dump]   top1 idx=47 val=2.36484
[dump]   top2 idx=1795 val=1.75390
[dump]   top3 idx=2307 val=1.60283
[dump]   top4 idx=86 val=1.42826
[dump] L11.fmix   n=40960   finite=1 absmax=2.6933       mean=0.016579     sumsq=9666.499532        argmax=4046
[dump]   top0 idx=4046 val=2.69328
[dump]   top1 idx=17813 val=2.47328
[dump]   top2 idx=33911 val=2.31048
[dump]   top3 idx=30613 val=2.23685
[dump]   top4 idx=4060 val=2.00135
[dump] L11.mid    n=160     finite=1 absmax=0 mean=0 sumsq=0 ids: 130 163 104 393 430 108 268 361 424 417 418 350 163 261 273 240 30 477 108 397 240 323 163 223 268 30 418 23 238 508 482 108 418 323 430 350 461 163 268 84 285 461 323 174 108 23 418 36 430 211 108 201 323 350 418 120 508 500 461 104 323 108 36 482 418 27 360 211 219 166 323 108 418 120 350 384 7 430 268 492 418 120 323 350 360 430 384 108 35 490 418 108 323 120 350 384 35 97 164 430 418 108 23 430 323 485 508 317 273 350 323 418 508 120 261 98 166 268 273 163 323 418 508 108 457 261 273 166 120 163 323 418 508 166 430 249 273 500 261 371 166 418 430 323 508 249 371 108 151 273 166 418 240 430 323 6 453 249 151 46
[dump] L11.moe    n=40960   finite=1 absmax=0.060751     mean=-5.6697e-05  sumsq=3.493390797        argmax=29177
[dump]   top0 idx=29177 val=0.05533
[dump]   top1 idx=30507 val=0.04789
[dump]   top2 idx=33138 val=0.04650
[dump]   top3 idx=28783 val=0.04618
[dump]   top4 idx=29275 val=0.04590
[dump] L11.res    n=163840  finite=1 absmax=2.8931       mean=0.0014173    sumsq=299.1731177        argmax=1500
[dump]   top0 idx=1500 val=0.85678
[dump]   top1 idx=71573 val=0.42628
[dump]   top2 idx=2121 val=0.39856
[dump]   top3 idx=50435 val=0.39003
[dump]   top4 idx=46085 val=0.38292
[dump] L12.hcmix  n=40960   finite=1 absmax=19.022       mean=0.01589      sumsq=12192.20547        argmax=1500
[dump]   top0 idx=1500 val=9.07660
[dump]   top1 idx=17813 val=3.74446
[dump]   top2 idx=10157 val=3.36586
[dump]   top3 idx=7573 val=3.29438
[dump]   top4 idx=26805 val=3.29312
[dump] L12.att    n=40960   finite=1 absmax=0.60577      mean=-0.0014849   sumsq=177.0167125        argmax=2311
[dump]   top0 idx=2311 val=0.60577
[dump]   top1 idx=16353 val=0.55612
[dump]   top2 idx=914 val=0.50777
[dump]   top3 idx=359 val=0.42052
[dump]   top4 idx=34008 val=0.38091
[dump] L12.fmix   n=40960   finite=1 absmax=3.1078       mean=0.014095     sumsq=10078.74316        argmax=36536
[dump]   top0 idx=36536 val=2.42871
[dump]   top1 idx=7573 val=2.28154
[dump]   top2 idx=10171 val=2.27257
[dump]   top3 idx=27994 val=2.20269
[dump]   top4 idx=10074 val=2.05597
[dump] L12.mid    n=160     finite=1 absmax=0 mean=0 sumsq=0 ids: 28 139 433 283 201 386 300 474 421 277 352 139 229 52 421 277 214 474 101 433 141 352 120 18 139 110 496 136 307 1 352 101 52 139 277 81 390 381 150 327 118 352 393 282 101 165 52 433 422 242 52 277 352 390 386 219 9 421 150 392 214 229 52 352 133 504 141 43 139 381 352 52 503 386 130 451 393 215 139 200 352 52 189 43 139 381 422 133 126 229 52 43 352 139 366 170 381 421 448 229 421 352 52 54 161 45 286 422 136 433 421 0 422 368 52 433 81 352 366 21 0 421 366 214 433 133 52 368 352 283 0 421 433 366 21 63 172 368 52 201 421 0 52 433 460 63 275 256 114 368 352 433 275 0 504 282 368 482 52 214
[dump] L12.moe    n=40960   finite=1 absmax=0.053011     mean=1.7484e-05   sumsq=3.291323395        argmax=13467
[dump]   top0 idx=13467 val=0.05301
[dump]   top1 idx=40853 val=0.05033
[dump]   top2 idx=30613 val=0.04763
[dump]   top3 idx=39383 val=0.04726
[dump]   top4 idx=7573 val=0.04697
[dump] L12.res    n=163840  finite=1 absmax=2.837        mean=0.00136      sumsq=315.0344348        argmax=1500
[dump]   top0 idx=1500 val=0.84331
[dump]   top1 idx=71573 val=0.46553
[dump]   top2 idx=122773 val=0.43278
[dump]   top3 idx=2121 val=0.41608
[dump]   top4 idx=30613 val=0.40778
[dump] L13.hcmix  n=40960   finite=1 absmax=4.8815       mean=0.01324      sumsq=12728.42816        argmax=7573
[dump]   top0 idx=7573 val=4.76027
[dump]   top1 idx=12693 val=4.28448
[dump]   top2 idx=17813 val=4.18689
[dump]   top3 idx=30613 val=3.55975
[dump]   top4 idx=20373 val=3.36292
[dump] L13.att    n=40960   finite=1 absmax=0.32089      mean=-0.00091955  sumsq=72.99069813        argmax=39351
[dump]   top0 idx=39351 val=0.32089
[dump]   top1 idx=23991 val=0.26548
[dump]   top2 idx=26551 val=0.26220
[dump]   top3 idx=28888 val=0.24866
[dump]   top4 idx=9475 val=0.23821
[dump] L13.fmix   n=40960   finite=1 absmax=3.1227       mean=0.0043912    sumsq=8960.041693        argmax=7573
[dump]   top0 idx=7573 val=3.12274
[dump]   top1 idx=17813 val=3.05642
[dump]   top2 idx=1500 val=2.97087
[dump]   top3 idx=30613 val=2.86455
[dump]   top4 idx=4046 val=2.62253
[dump] L13.mid    n=160     finite=1 absmax=0 mean=0 sumsq=0 ids: 293 68 466 366 268 219 145 67 224 400 387 273 148 290 91 50 93 468 250 162 290 387 394 148 250 468 36 64 330 273 387 273 148 290 93 91 221 267 354 368 290 148 250 118 508 64 273 394 81 66 387 273 290 148 118 468 508 93 296 338 118 394 290 325 338 148 185 508 273 453 118 273 387 265 290 93 325 259 451 81 290 273 387 504 118 93 16 485 346 259 273 387 118 265 91 290 93 259 389 148 273 290 387 118 148 91 64 259 265 470 259 265 387 273 274 97 91 468 290 118 259 265 438 387 118 468 91 97 290 451 259 468 387 265 97 357 273 93 451 418 259 265 468 387 118 273 91 385 357 399 259 265 338 118 468 290 249 91 387 273
[dump] L13.moe    n=40960   finite=1 absmax=0.1578       mean=0.0001322    sumsq=5.459041961        argmax=1716
[dump]   top0 idx=1716 val=0.09561
[dump]   top1 idx=1301 val=0.08816
[dump]   top2 idx=2035 val=0.07952
[dump]   top3 idx=1912 val=0.06910
[dump]   top4 idx=579 val=0.06907
[dump] L13.res    n=163840  finite=1 absmax=2.8733       mean=0.0013456    sumsq=331.4854054        argmax=1500
[dump]   top0 idx=1500 val=0.84892
[dump]   top1 idx=71573 val=0.46476
[dump]   top2 idx=122773 val=0.43478
[dump]   top3 idx=2121 val=0.41033
[dump]   top4 idx=30613 val=0.40665
[dump] L14.hcmix  n=40960   finite=1 absmax=7.9375       mean=0.016761     sumsq=11347.26848        argmax=1500
[dump]   top0 idx=1500 val=7.93752
[dump]   top1 idx=17813 val=4.77383
[dump]   top2 idx=12035 val=3.50041
[dump]   top3 idx=27395 val=3.38727
[dump]   top4 idx=15277 val=3.36218
[dump] L14.att    n=40960   finite=1 absmax=2.0683       mean=-0.0011166   sumsq=225.4570592        argmax=138
[dump]   top0 idx=138 val=0.79392
[dump]   top1 idx=788 val=0.75655
[dump]   top2 idx=679 val=0.66369
[dump]   top3 idx=2162 val=0.64824
[dump]   top4 idx=1603 val=0.64614
[dump] L14.fmix   n=40960   finite=1 absmax=6.5924       mean=0.007397     sumsq=9937.83354         argmax=1500
[dump]   top0 idx=1500 val=3.68555
[dump]   top1 idx=4046 val=3.08852
[dump]   top2 idx=788 val=2.73228
[dump]   top3 idx=47 val=2.58458
[dump]   top4 idx=11241 val=2.48157
[dump] L14.mid    n=160     finite=1 absmax=0 mean=0 sumsq=0 ids: 398 165 326 266 29 17 151 40 138 339 506 138 165 409 14 40 417 398 326 473 227 40 463 372 370 414 246 459 407 244 165 409 14 473 506 205 417 138 308 326 376 290 280 223 22 5 463 360 162 385 409 14 12 417 290 398 506 308 138 464 339 40 488 9 495 266 136 2 49 108 409 234 14 473 290 506 12 398 441 138 339 40 29 176 266 488 280 495 9 180 180 266 40 495 108 312 492 9 2 280 409 473 498 280 370 506 227 439 14 460 40 49 339 266 282 495 252 244 136 2 40 49 244 168 136 409 108 138 500 506 244 335 506 473 151 100 409 108 398 482 335 244 100 506 482 473 151 409 510 402 244 100 482 40 266 29 407 168 510 67
[dump] L14.moe    n=40960   finite=1 absmax=0.13373      mean=3.8346e-06   sumsq=2.972969538        argmax=1500
[dump]   top0 idx=1500 val=0.13373
[dump]   top1 idx=793 val=0.07445
[dump]   top2 idx=788 val=0.06826
[dump]   top3 idx=1094 val=0.06823
[dump]   top4 idx=2433 val=0.05360
[dump] L14.res    n=163840  finite=1 absmax=2.9035       mean=0.0012936    sumsq=344.5119586        argmax=1500
[dump]   top0 idx=1500 val=0.88192
[dump]   top1 idx=71573 val=0.46638
[dump]   top2 idx=2121 val=0.46463
[dump]   top3 idx=788 val=0.46297
[dump]   top4 idx=122773 val=0.43646
[dump] L15.hcmix  n=40960   finite=1 absmax=10.49        mean=0.0056406    sumsq=3102.602702        argmax=1500
[dump]   top0 idx=1500 val=1.90077
[dump]   top1 idx=17813 val=1.78012
[dump]   top2 idx=27395 val=1.58444
[dump]   top3 idx=33947 val=1.55059
[dump]   top4 idx=15277 val=1.52312
[dump] L15.att    n=40960   finite=1 absmax=1.3206       mean=-0.0036068   sumsq=248.4284032        argmax=2311
[dump]   top0 idx=2311 val=1.32059
[dump]   top1 idx=892 val=1.01441
[dump]   top2 idx=2307 val=0.68065
[dump]   top3 idx=1795 val=0.55404
[dump]   top4 idx=1947 val=0.49737
[dump] L15.fmix   n=40960   finite=1 absmax=6.8289       mean=0.0026997    sumsq=21312.16797        argmax=5848
[dump]   top0 idx=5848 val=6.82894
[dump]   top1 idx=10968 val=5.50390
[dump]   top2 idx=28888 val=5.41575
[dump]   top3 idx=21208 val=5.06387
[dump]   top4 idx=18648 val=4.86763
[dump] L15.mid    n=160     finite=1 absmax=0 mean=0 sumsq=0 ids: 283 174 188 38 342 103 215 330 177 107 494 207 501 199 50 39 156 263 303 318 207 219 453 31 53 455 263 127 23 236 207 61 405 399 219 288 303 302 406 426 207 236 453 116 388 16 405 406 319 326 207 50 426 32 406 302 219 192 288 399 302 207 280 453 388 246 288 236 179 134 134 406 32 207 426 219 314 192 399 281 343 134 119 263 487 426 427 511 405 311 405 207 303 311 426 343 446 134 494 174 228 405 303 343 406 53 192 263 311 408 405 207 174 494 311 204 134 289 50 303 174 303 288 405 423 311 192 50 39 446 174 303 289 207 405 494 192 283 50 288 289 405 174 494 322 156 303 192 177 33 174 303 405 12 289 423 156 432 71 280
[dump] L15.moe    n=40960   finite=1 absmax=0.29283      mean=3.0927e-05   sumsq=8.66363423         argmax=1716
[dump]   top0 idx=1716 val=0.14291
[dump]   top1 idx=138 val=0.11802
[dump]   top2 idx=1736 val=0.08320
[dump]   top3 idx=1984 val=0.08050
[dump]   top4 idx=562 val=0.07877
[dump] L15.res    n=163840  finite=1 absmax=2.8397       mean=0.0011262    sumsq=334.5351995        argmax=1500
[dump]   top0 idx=1500 val=0.88067
[dump]   top1 idx=2121 val=0.48567
[dump]   top2 idx=71573 val=0.46318
[dump]   top3 idx=788 val=0.44049
[dump]   top4 idx=122773 val=0.43395
[dump] L16.hcmix  n=40960   finite=1 absmax=15.833       mean=0.0017455    sumsq=13027.91707        argmax=1500
[dump]   top0 idx=1500 val=9.39717
[dump]   top1 idx=7573 val=3.96654
[dump]   top2 idx=788 val=3.90528
[dump]   top3 idx=20373 val=3.62922
[dump]   top4 idx=1912 val=3.23530
[dump] L16.att    n=40960   finite=1 absmax=0.45988      mean=-0.00052189  sumsq=66.18912339        argmax=5081
[dump]   top0 idx=5081 val=0.33597
[dump]   top1 idx=16311 val=0.29178
[dump]   top2 idx=3553 val=0.28569
[dump]   top3 idx=11374 val=0.28289
[dump]   top4 idx=32111 val=0.26119
[dump] L16.fmix   n=40960   finite=1 absmax=3.9244       mean=0.00014652   sumsq=16689.30552        argmax=1500
[dump]   top0 idx=1500 val=3.92440
[dump]   top1 idx=5848 val=3.08060
[dump]   top2 idx=11241 val=2.91711
[dump]   top3 idx=788 val=2.87556
[dump]   top4 idx=20158 val=2.80214
[dump] L16.mid    n=160     finite=1 absmax=0 mean=0 sumsq=0 ids: 228 487 243 272 132 473 142 259 361 32 228 272 429 243 142 140 447 479 58 487 228 457 319 398 140 303 124 447 370 145 228 272 142 447 140 479 26 278 400 429 188 228 104 138 447 319 303 479 124 270 228 140 272 142 447 26 278 394 205 243 228 303 64 188 26 447 429 319 272 341 400 272 394 228 140 369 26 278 113 479 400 228 140 272 393 394 282 61 278 149 140 228 272 243 142 263 400 278 429 487 272 228 400 236 140 465 243 142 263 26 243 272 228 263 142 58 429 140 487 61 228 243 272 142 140 429 487 263 278 58 243 228 58 263 142 278 272 479 487 489 243 228 58 278 272 263 134 202 480 487 243 228 278 202 272 58 392 475 352 25
[dump] L16.moe    n=40960   finite=1 absmax=0.69301      mean=7.3966e-05   sumsq=11.69660942        argmax=2311
[dump]   top0 idx=2311 val=0.27359
[dump]   top1 idx=2366 val=0.20689
[dump]   top2 idx=472 val=0.18741
[dump]   top3 idx=138 val=0.18653
[dump]   top4 idx=627 val=0.17752
[dump] L16.res    n=163840  finite=1 absmax=2.6858       mean=0.0011105    sumsq=342.2988889        argmax=1500
[dump]   top0 idx=1500 val=0.84820
[dump]   top1 idx=2121 val=0.51347
[dump]   top2 idx=1580 val=0.48750
[dump]   top3 idx=2366 val=0.47721
[dump]   top4 idx=1787 val=0.47669
[dump] L17.hcmix  n=40960   finite=1 absmax=6.2646       mean=0.0082611    sumsq=13385.46238        argmax=17813
[dump]   top0 idx=17813 val=4.71451
[dump]   top1 idx=1500 val=4.13544
[dump]   top2 idx=7573 val=3.71279
[dump]   top3 idx=12693 val=3.54580
[dump]   top4 idx=10157 val=3.48275
[dump] L17.att    n=40960   finite=1 absmax=0.42022      mean=-0.00098706  sumsq=54.58034688        argmax=40384
[dump]   top0 idx=40384 val=0.21847
[dump]   top1 idx=39558 val=0.19892
[dump]   top2 idx=28337 val=0.19438
[dump]   top3 idx=2521 val=0.19082
[dump]   top4 idx=39204 val=0.19048
[dump] L17.fmix   n=40960   finite=1 absmax=3.581        mean=-0.00024272  sumsq=12442.92604        argmax=4046
[dump]   top0 idx=4046 val=3.58104
[dump]   top1 idx=39912 val=2.79785
[dump]   top2 idx=788 val=2.66597
[dump]   top3 idx=32206 val=2.51942
[dump]   top4 idx=39148 val=2.44868
[dump] L17.mid    n=160     finite=1 absmax=0 mean=0 sumsq=0 ids: 486 136 510 84 209 135 330 15 274 243 136 486 471 499 328 305 84 105 469 365 469 328 127 486 26 285 366 358 136 71 136 486 471 328 387 127 469 249 84 467 366 486 444 97 136 333 374 471 18 4 136 84 486 471 127 328 419 386 1 474 328 444 486 136 97 84 374 471 71 464 8 387 136 419 328 448 181 471 486 470 8 470 181 136 404 304 328 398 486 311 470 136 471 486 328 374 362 366 419 127 136 486 84 8 127 327 328 387 471 195 136 471 84 486 419 374 499 498 139 363 471 136 366 486 374 139 362 419 363 499 84 363 209 486 471 136 139 374 366 499 209 84 139 363 499 486 136 419 422 253 139 209 363 471 486 136 345 498 221 274
[dump] L17.moe    n=40960   finite=1 absmax=0.18888      mean=0.00010943   sumsq=2.997430383        argmax=1716
[dump]   top0 idx=1716 val=0.08721
[dump]   top1 idx=138 val=0.05628
[dump]   top2 idx=230 val=0.03856
[dump]   top3 idx=38713 val=0.03731
[dump]   top4 idx=15207 val=0.03509
[dump] L17.res    n=163840  finite=1 absmax=2.7044       mean=0.0010579    sumsq=338.0921097        argmax=1500
[dump]   top0 idx=1500 val=0.85378
[dump]   top1 idx=2121 val=0.50192
[dump]   top2 idx=1580 val=0.48954
[dump]   top3 idx=788 val=0.47779
[dump]   top4 idx=2366 val=0.46625
[dump] L18.hcmix  n=40960   finite=1 absmax=18.646       mean=0.0099845    sumsq=13528.316          argmax=1500
[dump]   top0 idx=1500 val=7.92328
[dump]   top1 idx=21685 val=4.06174
[dump]   top2 idx=26805 val=3.96575
[dump]   top3 idx=30613 val=3.93309
[dump]   top4 idx=17813 val=3.89016
[dump] L18.att    n=40960   finite=1 absmax=0.41088      mean=-0.00049425  sumsq=84.88828242        argmax=634
[dump]   top0 idx=634 val=0.41088
[dump]   top1 idx=38882 val=0.37701
[dump]   top2 idx=10722 val=0.36600
[dump]   top3 idx=5602 val=0.33782
[dump]   top4 idx=33762 val=0.33469
[dump] L18.fmix   n=40960   finite=1 absmax=3.8968       mean=0.0091286    sumsq=11056.16084        argmax=17813
[dump]   top0 idx=17813 val=3.89683
[dump]   top1 idx=1500 val=3.48022
[dump]   top2 idx=7573 val=3.23255
[dump]   top3 idx=10936 val=2.99699
[dump]   top4 idx=30613 val=2.96048
[dump] L18.mid    n=160     finite=1 absmax=0 mean=0 sumsq=0 ids: 449 475 399 87 275 411 35 24 211 264 111 29 264 185 201 459 135 87 325 119 131 157 459 106 506 111 29 366 201 437 264 29 7 201 185 135 405 101 299 87 440 131 29 459 201 190 398 111 151 299 87 264 88 277 29 411 297 24 275 185 131 102 111 24 29 366 7 101 157 459 469 88 131 264 101 87 185 119 325 496 29 5 157 119 469 7 459 353 448 88 29 448 102 353 264 24 7 201 5 101 111 29 299 185 459 201 106 74 238 157 131 24 448 101 111 29 347 264 366 201 111 29 448 24 366 102 201 157 101 459 24 131 29 448 101 201 211 347 353 264 201 448 101 150 24 29 185 123 131 310 207 448 201 29 474 266 116 270 459 247
[dump] L18.moe    n=40960   finite=1 absmax=0.062349     mean=-0.00015164  sumsq=4.742547496        argmax=27086
[dump]   top0 idx=27086 val=0.06235
[dump]   top1 idx=22933 val=0.05092
[dump]   top2 idx=35645 val=0.05040
[dump]   top3 idx=35544 val=0.05020
[dump]   top4 idx=35081 val=0.04883
[dump] L18.res    n=163840  finite=1 absmax=2.7062       mean=0.00088801   sumsq=361.6155405        argmax=1500
[dump]   top0 idx=1500 val=0.84618
[dump]   top1 idx=2121 val=0.49820
[dump]   top2 idx=1580 val=0.49574
[dump]   top3 idx=71573 val=0.47186
[dump]   top4 idx=788 val=0.46187
[dump] L19.hcmix  n=40960   finite=1 absmax=11.298       mean=0.0043666    sumsq=4869.994804        argmax=17813
[dump]   top0 idx=17813 val=2.63548
[dump]   top1 idx=30613 val=2.62230
[dump]   top2 idx=7573 val=2.38827
[dump]   top3 idx=15842 val=2.03929
[dump]   top4 idx=38882 val=2.02434
[dump] L19.att    n=40960   finite=1 absmax=1.6895       mean=-0.00065784  sumsq=348.1728067        argmax=892
[dump]   top0 idx=892 val=1.54127
[dump]   top1 idx=1736 val=1.17620
[dump]   top2 idx=2238 val=1.15235
[dump]   top3 idx=2307 val=1.01915
[dump]   top4 idx=1795 val=0.83388
[dump] L19.fmix   n=40960   finite=1 absmax=4.0689       mean=0.0026636    sumsq=14699.2075         argmax=4046
[dump]   top0 idx=4046 val=4.06892
[dump]   top1 idx=12035 val=3.10933
[dump]   top2 idx=6606 val=2.95642
[dump]   top3 idx=3873 val=2.83127
[dump]   top4 idx=14245 val=2.80057
[dump] L19.mid    n=160     finite=1 absmax=0 mean=0 sumsq=0 ids: 406 360 413 162 170 434 31 173 293 377 434 3 377 161 342 472 9 453 188 277 56 259 222 455 309 161 434 70 229 91 3 357 31 377 70 170 472 161 222 342 70 161 259 472 74 381 375 56 434 364 3 368 357 9 74 501 150 222 375 377 472 375 161 34 56 49 364 434 70 3 3 368 397 86 472 31 222 455 103 9 397 291 161 222 193 472 368 3 455 357 375 472 3 291 222 9 397 193 434 31 222 375 170 472 31 357 455 161 377 397 222 472 31 150 375 267 121 3 315 173 375 472 315 3 121 31 222 434 377 397 31 121 490 162 470 173 3 103 377 472 31 173 121 472 162 388 14 377 490 103 31 375 472 121 315 162 434 161 56 173
[dump] L19.moe    n=40960   finite=1 absmax=0.08494      mean=0.00034834   sumsq=6.613572588        argmax=29940
[dump]   top0 idx=29940 val=0.08494
[dump]   top1 idx=29672 val=0.07936
[dump]   top2 idx=29931 val=0.07702
[dump]   top3 idx=28571 val=0.07524
[dump]   top4 idx=30058 val=0.07173
[dump] L19.res    n=163840  finite=1 absmax=2.7309       mean=0.0010973    sumsq=370.9041756        argmax=1500
[dump]   top0 idx=1500 val=0.84745
[dump]   top1 idx=2121 val=0.52409
[dump]   top2 idx=1580 val=0.48212
[dump]   top3 idx=138 val=0.47722
[dump]   top4 idx=71573 val=0.46933
[dump] L20.hcmix  n=40960   finite=1 absmax=20.891       mean=0.0026064    sumsq=12638.07           argmax=1500
[dump]   top0 idx=1500 val=7.04213
[dump]   top1 idx=1736 val=4.44992
[dump]   top2 idx=47 val=3.67218
[dump]   top3 idx=29111 val=3.26695
[dump]   top4 idx=788 val=3.23131
[dump] L20.att    n=40960   finite=1 absmax=5.798        mean=0.00039579   sumsq=439.5785052        argmax=2238
[dump]   top0 idx=2238 val=3.24774
[dump]   top1 idx=403 val=3.01959
[dump]   top2 idx=1500 val=2.59842
[dump]   top3 idx=1827 val=1.77876
[dump]   top4 idx=1132 val=1.47810
[dump] L20.fmix   n=40960   finite=1 absmax=6.3032       mean=0.014757     sumsq=19807.50777        argmax=4046
[dump]   top0 idx=4046 val=6.30323
[dump]   top1 idx=6606 val=4.52170
[dump]   top2 idx=32206 val=4.09203
[dump]   top3 idx=16846 val=3.67283
[dump]   top4 idx=14245 val=3.54562
[dump] L20.mid    n=160     finite=1 absmax=0 mean=0 sumsq=0 ids: 429 363 39 439 407 179 485 307 169 55 387 363 109 76 388 439 429 25 485 258 122 494 218 326 26 158 154 216 488 388 363 40 485 110 242 109 134 146 387 105 146 358 187 134 109 40 39 242 369 96 491 54 4 485 363 306 481 242 219 39 146 243 485 387 134 218 369 39 229 445 491 481 244 387 485 306 341 54 59 39 387 59 49 481 137 491 63 110 341 485 387 258 485 59 330 168 25 233 243 491 387 339 363 109 495 26 485 218 148 309 387 168 258 25 39 485 154 442 248 330 387 25 258 168 330 485 358 442 344 265 387 168 442 485 179 185 258 25 410 307 387 442 179 168 278 18 485 265 370 26 387 262 179 442 25 168 125 258 185 119
[dump] L20.moe    n=40960   finite=1 absmax=0.091472     mean=2.8445e-05   sumsq=8.023768244        argmax=35401
[dump]   top0 idx=35401 val=0.07573
[dump]   top1 idx=29228 val=0.06648
[dump]   top2 idx=39632 val=0.06209
[dump]   top3 idx=30636 val=0.06158
[dump]   top4 idx=32702 val=0.06104
[dump] L20.res    n=163840  finite=1 absmax=2.6644       mean=0.0011267    sumsq=382.6864327        argmax=1500
[dump]   top0 idx=1500 val=1.21917
[dump]   top1 idx=138 val=0.61461
[dump]   top2 idx=1827 val=0.58241
[dump]   top3 idx=1580 val=0.58091
[dump]   top4 idx=1787 val=0.52501
[dump] L21.hcmix  n=40960   finite=1 absmax=14.316       mean=0.032067     sumsq=13812.54205        argmax=1500
[dump]   top0 idx=1500 val=7.37152
[dump]   top1 idx=1736 val=4.73019
[dump]   top2 idx=1827 val=4.46291
[dump]   top3 idx=21685 val=4.11458
[dump]   top4 idx=1912 val=4.09203
[dump] L21.att    n=40960   finite=1 absmax=0.85583      mean=0.00041392   sumsq=33.73789269        argmax=2238
[dump]   top0 idx=2238 val=0.53748
[dump]   top1 idx=30912 val=0.33721
[dump]   top2 idx=33472 val=0.31721
[dump]   top3 idx=2537 val=0.30290
[dump]   top4 idx=16353 val=0.29501
[dump] L21.fmix   n=40960   finite=1 absmax=4.6129       mean=0.031269     sumsq=17784.34135        argmax=4046
[dump]   top0 idx=4046 val=4.61288
[dump]   top1 idx=10871 val=4.23734
[dump]   top2 idx=10936 val=3.98260
[dump]   top3 idx=3873 val=3.71124
[dump]   top4 idx=5751 val=3.64329
[dump] L21.mid    n=160     finite=1 absmax=0 mean=0 sumsq=0 ids: 72 255 379 25 267 297 190 128 507 420 255 379 128 25 306 369 426 19 118 150 128 451 372 64 312 25 306 153 507 200 255 306 379 265 511 278 25 150 128 19 128 48 278 51 25 60 484 346 359 181 25 302 379 255 131 297 134 406 142 472 128 19 25 484 29 302 278 385 346 313 25 480 297 51 302 446 360 19 427 64 352 118 166 306 25 19 484 85 57 33 352 57 118 25 369 19 313 306 346 166 25 255 379 317 128 19 118 278 191 346 369 19 346 25 57 128 313 118 131 507 369 57 19 118 128 346 484 153 142 25 346 313 469 369 420 255 57 131 498 418 346 313 321 420 369 418 255 57 469 118 369 313 346 57 420 321 471 118 469 128
[dump] L21.moe    n=40960   finite=1 absmax=0.078085     mean=0.00018335   sumsq=7.105847518        argmax=24921
[dump]   top0 idx=24921 val=0.07809
[dump]   top1 idx=30592 val=0.06448
[dump]   top2 idx=28558 val=0.06013
[dump]   top3 idx=40723 val=0.05980
[dump]   top4 idx=37212 val=0.05830
[dump] L21.res    n=163840  finite=1 absmax=2.6856       mean=0.0012997    sumsq=402.7470524        argmax=1500
[dump]   top0 idx=1500 val=1.21971
[dump]   top1 idx=138 val=0.61628
[dump]   top2 idx=1827 val=0.58062
[dump]   top3 idx=1580 val=0.57706
[dump]   top4 idx=1787 val=0.52584
[dump] L22.hcmix  n=40960   finite=1 absmax=22.866       mean=0.017336     sumsq=12448.38566        argmax=1500
[dump]   top0 idx=1500 val=9.62982
[dump]   top1 idx=5 val=4.85503
[dump]   top2 idx=17925 val=4.78057
[dump]   top3 idx=25605 val=4.77841
[dump]   top4 idx=10245 val=4.59998
[dump] L22.att    n=40960   finite=1 absmax=1.9402       mean=0.00064829   sumsq=136.1158193        argmax=793
[dump]   top0 idx=793 val=1.94015
[dump]   top1 idx=1500 val=1.34008
[dump]   top2 idx=25868 val=1.04080
[dump]   top3 idx=23308 val=0.94654
[dump]   top4 idx=28428 val=0.93821
[dump] L22.fmix   n=40960   finite=1 absmax=4.8999       mean=0.030116     sumsq=16184.60103        argmax=10936
[dump]   top0 idx=10936 val=4.45273
[dump]   top1 idx=36536 val=4.42788
[dump]   top2 idx=12655 val=4.08989
[dump]   top3 idx=10871 val=3.53969
[dump]   top4 idx=17813 val=3.36764
[dump] L22.mid    n=160     finite=1 absmax=0 mean=0 sumsq=0 ids: 317 309 283 32 456 206 205 57 446 287 305 188 402 376 164 279 425 51 483 484 188 460 488 13 187 396 318 265 454 50 464 51 352 384 145 488 425 396 460 244 460 13 244 306 183 396 384 482 193 32 235 341 309 206 205 347 462 104 425 393 454 460 488 396 7 27 487 50 117 136 241 291 106 425 124 83 360 375 365 388 504 50 425 400 365 83 488 265 388 96 504 460 50 279 454 400 438 301 487 425 153 87 117 55 173 71 329 452 89 341 460 117 244 331 483 116 239 164 50 153 483 188 117 51 164 454 438 113 13 116 173 287 483 355 412 457 143 262 301 170 370 168 459 429 323 254 262 137 173 320 286 260 354 483 209 25 173 44 14 94
[dump] L22.moe    n=40960   finite=1 absmax=0.11423      mean=1.7672e-05   sumsq=6.314386206        argmax=26320
[dump]   top0 idx=26320 val=0.11243
[dump]   top1 idx=27937 val=0.09890
[dump]   top2 idx=26399 val=0.08422
[dump]   top3 idx=26441 val=0.06111
[dump]   top4 idx=28880 val=0.06012
[dump] L22.res    n=163840  finite=1 absmax=2.6853       mean=0.0013668    sumsq=440.1517756        argmax=1500
[dump]   top0 idx=1500 val=1.22135
[dump]   top1 idx=138 val=0.61584
[dump]   top2 idx=1827 val=0.58064
[dump]   top3 idx=1580 val=0.57724
[dump]   top4 idx=1787 val=0.52671
[dump] L23.hcmix  n=40960   finite=1 absmax=7.8482       mean=0.011362     sumsq=4333.551438        argmax=1500
[dump]   top0 idx=1500 val=7.84822
[dump]   top1 idx=793 val=6.70578
[dump]   top2 idx=17925 val=3.30388
[dump]   top3 idx=5125 val=3.22599
[dump]   top4 idx=38405 val=3.21155
[dump] L23.att    n=40960   finite=1 absmax=0.68187      mean=0.0051975    sumsq=299.4124661        argmax=21537
[dump]   top0 idx=21537 val=0.58622
[dump]   top1 idx=12104 val=0.57475
[dump]   top2 idx=28719 val=0.55831
[dump]   top3 idx=32542 val=0.55708
[dump]   top4 idx=28932 val=0.53852
[dump] L23.fmix   n=40960   finite=1 absmax=5.8046       mean=0.02166      sumsq=24545.50657        argmax=8681
[dump]   top0 idx=8681 val=5.80462
[dump]   top1 idx=25380 val=3.85761
[dump]   top2 idx=21886 val=3.69223
[dump]   top3 idx=1500 val=3.64280
[dump]   top4 idx=11929 val=3.60750
[dump] L23.mid    n=160     finite=1 absmax=0 mean=0 sumsq=0 ids: 356 285 389 299 430 244 334 494 42 457 356 42 506 285 99 199 299 354 61 53 356 99 506 45 48 385 355 371 161 459 356 307 99 264 42 355 349 306 161 376 356 99 367 342 109 500 53 61 264 128 356 480 372 82 336 314 36 494 367 45 99 104 228 297 53 109 219 356 349 50 356 480 375 314 367 45 161 21 128 372 356 128 21 355 320 375 171 480 307 354 356 406 128 480 219 273 164 375 477 355 356 128 477 442 161 21 297 506 355 199 356 318 215 128 110 61 353 297 334 477 356 128 32 53 353 110 477 342 89 297 356 128 127 233 480 110 334 477 492 56 356 128 233 425 110 127 354 451 60 334 356 233 109 128 166 340 12 41 180 110
[dump] L23.moe    n=40960   finite=1 absmax=0.086501     mean=-3.0808e-05  sumsq=12.92847932        argmax=3023
[dump]   top0 idx=3023 val=0.08528
[dump]   top1 idx=2949 val=0.08373
[dump]   top2 idx=3575 val=0.08359
[dump]   top3 idx=5037 val=0.07922
[dump]   top4 idx=3282 val=0.07833
[dump] L23.res    n=163840  finite=1 absmax=2.689        mean=0.0016569    sumsq=449.5611923        argmax=1500
[dump]   top0 idx=1500 val=1.22054
[dump]   top1 idx=138 val=0.60772
[dump]   top2 idx=1827 val=0.57361
[dump]   top3 idx=1580 val=0.57306
[dump]   top4 idx=1787 val=0.53007
[dump] L24.hcmix  n=40960   finite=1 absmax=7.2276       mean=0.032571     sumsq=12634.82017        argmax=17813
[dump]   top0 idx=17813 val=5.19813
[dump]   top1 idx=7573 val=4.66218
[dump]   top2 idx=5751 val=4.06013
[dump]   top3 idx=1500 val=3.88062
[dump]   top4 idx=21685 val=3.68555
[dump] L24.att    n=40960   finite=1 absmax=0.20437      mean=-5.5387e-05  sumsq=26.98551271        argmax=11445
[dump]   top0 idx=11445 val=0.20437
[dump]   top1 idx=21685 val=0.20278
[dump]   top2 idx=22911 val=0.16188
[dump]   top3 idx=39693 val=0.16187
[dump]   top4 idx=29365 val=0.15670
[dump] L24.fmix   n=40960   finite=1 absmax=5.609        mean=0.026106     sumsq=12807.09169        argmax=1500
[dump]   top0 idx=1500 val=5.60904
[dump]   top1 idx=4046 val=2.99200
[dump]   top2 idx=17813 val=2.64236
[dump]   top3 idx=7573 val=2.58819
[dump]   top4 idx=3873 val=2.55571
[dump] L24.mid    n=160     finite=1 absmax=0 mean=0 sumsq=0 ids: 308 387 456 219 175 439 46 263 181 370 263 387 175 219 462 354 446 183 231 46 134 99 263 36 320 446 498 212 308 387 263 99 360 308 342 387 46 433 175 74 263 360 308 342 157 128 82 99 134 121 206 360 395 175 308 263 387 46 394 458 263 134 99 387 223 277 308 446 360 183 134 387 223 446 90 360 313 263 204 323 360 354 263 387 295 99 252 46 446 150 263 360 354 387 462 183 66 208 446 46 181 263 360 46 308 387 446 175 99 134 263 134 181 183 387 360 462 354 28 231 263 462 360 183 354 134 181 387 231 223 263 181 134 462 183 219 439 354 28 218 181 360 263 134 462 387 231 175 81 317 263 462 181 360 317 183 134 218 387 231
[dump] L24.moe    n=40960   finite=1 absmax=0.56522      mean=0.00017022   sumsq=7.006668732        argmax=422
[dump]   top0 idx=422 val=0.28328
[dump]   top1 idx=403 val=0.08910
[dump]   top2 idx=2238 val=0.08671
[dump]   top3 idx=634 val=0.07228
[dump]   top4 idx=430 val=0.07212
[dump] L24.res    n=163840  finite=1 absmax=3.4692       mean=0.0018279    sumsq=510.70662          argmax=1500
[dump]   top0 idx=1500 val=1.18470
[dump]   top1 idx=1787 val=0.57824
[dump]   top2 idx=71573 val=0.55847
[dump]   top3 idx=30613 val=0.55691
[dump]   top4 idx=788 val=0.52893
[dump] L25.hcmix  n=40960   finite=1 absmax=12.959       mean=0.022062     sumsq=13269.31104        argmax=1500
[dump]   top0 idx=1500 val=7.93189
[dump]   top1 idx=7573 val=4.91454
[dump]   top2 idx=17813 val=4.30918
[dump]   top3 idx=21685 val=3.86254
[dump]   top4 idx=12693 val=3.76193
[dump] L25.att    n=40960   finite=1 absmax=0.40186      mean=0.00089526   sumsq=95.02853921        argmax=8673
[dump]   top0 idx=8673 val=0.40186
[dump]   top1 idx=29111 val=0.39792
[dump]   top2 idx=31671 val=0.39392
[dump]   top3 idx=422 val=0.34153
[dump]   top4 idx=13751 val=0.34125
[dump] L25.fmix   n=40960   finite=1 absmax=3.681        mean=0.031266     sumsq=13377.7205         argmax=4046
[dump]   top0 idx=4046 val=3.46923
[dump]   top1 idx=1500 val=3.04526
[dump]   top2 idx=37981 val=2.51263
[dump]   top3 idx=230 val=2.46177
[dump]   top4 idx=7573 val=2.44750
[dump] L25.mid    n=160     finite=1 absmax=0 mean=0 sumsq=0 ids: 192 218 430 150 209 322 229 376 87 369 192 376 369 292 425 321 430 154 264 466 317 113 382 205 40 425 209 20 374 428 444 425 321 209 374 218 376 104 430 272 371 276 115 425 321 417 218 110 374 487 376 427 73 371 425 377 361 478 218 141 374 153 369 425 218 430 371 264 330 321 430 459 170 427 369 153 211 321 218 370 430 427 153 264 488 374 321 29 370 426 264 374 430 370 218 59 376 292 427 321 377 321 445 264 427 376 96 218 430 374 264 374 430 153 96 142 68 376 478 495 264 374 59 478 292 68 156 321 275 142 264 142 96 376 87 430 153 478 240 427 264 430 427 376 374 68 240 142 478 153 264 59 156 275 427 142 370 374 376 495
[dump] L25.moe    n=40960   finite=1 absmax=0.044996     mean=3.7449e-05   sumsq=3.656153512        argmax=22299
[dump]   top0 idx=22299 val=0.04500
[dump]   top1 idx=8682 val=0.04146
[dump]   top2 idx=34384 val=0.04129
[dump]   top3 idx=38302 val=0.04078
[dump]   top4 idx=24921 val=0.03864
[dump] L25.res    n=163840  finite=1 absmax=3.505        mean=0.0019895    sumsq=504.2282482        argmax=1500
[dump]   top0 idx=1500 val=1.16065
[dump]   top1 idx=1787 val=0.56688
[dump]   top2 idx=71573 val=0.55301
[dump]   top3 idx=30613 val=0.54768
[dump]   top4 idx=788 val=0.53281
[dump] L26.hcmix  n=40960   finite=1 absmax=14.449       mean=0.023822     sumsq=14366.37839        argmax=1500
[dump]   top0 idx=1500 val=9.84113
[dump]   top1 idx=793 val=4.93446
[dump]   top2 idx=17813 val=4.75792
[dump]   top3 idx=7573 val=4.33885
[dump]   top4 idx=30613 val=3.74245
[dump] L26.att    n=40960   finite=1 absmax=1.1472       mean=-0.0022473   sumsq=180.367575         argmax=39128
[dump]   top0 idx=39128 val=0.44502
[dump]   top1 idx=39534 val=0.38285
[dump]   top2 idx=784 val=0.35629
[dump]   top3 idx=6071 val=0.35418
[dump]   top4 idx=5848 val=0.34215
[dump] L26.fmix   n=40960   finite=1 absmax=3.1415       mean=0.019468     sumsq=11602.63446        argmax=7573
[dump]   top0 idx=7573 val=2.93577
[dump]   top1 idx=17813 val=2.86798
[dump]   top2 idx=788 val=2.62583
[dump]   top3 idx=12655 val=2.50205
[dump]   top4 idx=30613 val=2.37901
[dump] L26.mid    n=160     finite=1 absmax=0 mean=0 sumsq=0 ids: 461 264 107 325 508 341 164 417 379 495 264 461 417 278 341 164 58 508 355 325 461 278 264 17 230 7 243 319 123 121 264 461 278 417 379 58 508 70 230 341 187 230 461 373 97 433 17 320 346 264 461 379 508 97 355 243 278 433 177 373 417 461 464 97 355 230 199 40 278 319 97 461 455 464 373 199 319 278 417 243 461 97 164 373 417 423 464 18 304 320 461 423 417 97 243 18 322 384 320 495 278 461 97 417 373 508 18 322 355 7 355 461 417 97 464 18 278 320 322 267 461 278 355 18 243 417 387 322 203 40 355 461 320 384 495 243 203 97 322 267 355 461 97 417 267 384 320 322 500 18 97 18 355 267 373 322 461 387 416 320
[dump] L26.moe    n=40960   finite=1 absmax=0.61263      mean=-4.3584e-05  sumsq=4.730515751        argmax=11726
[dump]   top0 idx=11726 val=0.05635
[dump]   top1 idx=422 val=0.04992
[dump]   top2 idx=8028 val=0.04930
[dump]   top3 idx=2324 val=0.04702
[dump]   top4 idx=579 val=0.04640
[dump] L26.res    n=163840  finite=1 absmax=4.6274       mean=0.0017028    sumsq=535.9968105        argmax=1500
[dump]   top0 idx=1500 val=1.20551
[dump]   top1 idx=788 val=0.63698
[dump]   top2 idx=1787 val=0.60523
[dump]   top3 idx=784 val=0.56430
[dump]   top4 idx=2366 val=0.56384
[dump] L27.hcmix  n=40960   finite=1 absmax=30.75        mean=0.011376     sumsq=6172.431815        argmax=2565
[dump]   top0 idx=2565 val=2.75454
[dump]   top1 idx=10245 val=2.69246
[dump]   top2 idx=5125 val=2.66455
[dump]   top3 idx=39128 val=2.55737
[dump]   top4 idx=17925 val=2.55478
[dump] L27.att    n=40960   finite=1 absmax=3.422        mean=-0.001075    sumsq=401.5140717        argmax=2311
[dump]   top0 idx=2311 val=3.42199
[dump]   top1 idx=47 val=1.31899
[dump]   top2 idx=1378 val=1.14412
[dump]   top3 idx=86 val=1.11349
[dump]   top4 idx=1795 val=1.07804
[dump] L27.fmix   n=40960   finite=1 absmax=3.296        mean=0.01822      sumsq=12374.20381        argmax=4046
[dump]   top0 idx=4046 val=3.29600
[dump]   top1 idx=17813 val=2.94264
[dump]   top2 idx=7573 val=2.79910
[dump]   top3 idx=16176 val=2.78574
[dump]   top4 idx=6606 val=2.63908
[dump] L27.mid    n=160     finite=1 absmax=0 mean=0 sumsq=0 ids: 430 424 98 400 108 361 130 397 104 323 350 98 323 108 424 273 84 120 240 104 323 350 211 360 23 108 430 482 166 219 482 323 108 98 418 30 360 461 430 350 323 461 508 108 418 350 174 430 360 23 120 323 108 350 418 360 201 98 511 104 323 98 360 418 108 350 508 286 104 97 323 418 98 350 508 430 120 490 360 268 418 350 98 323 360 430 384 120 108 261 323 418 350 98 108 430 166 360 151 261 317 418 323 108 508 430 98 360 350 192 323 98 508 418 104 457 430 261 120 360 323 418 508 350 98 108 84 500 120 261 508 323 430 418 98 166 261 219 151 137 430 323 508 418 166 98 249 371 261 151 323 418 430 166 249 437 45 360 240 48
[dump] L27.moe    n=40960   finite=1 absmax=0.054333     mean=0.00025783   sumsq=4.430122212        argmax=29990
[dump]   top0 idx=29990 val=0.05295
[dump]   top1 idx=30370 val=0.05258
[dump]   top2 idx=29282 val=0.04868
[dump]   top3 idx=29093 val=0.04743
[dump]   top4 idx=29728 val=0.04696
[dump] L27.res    n=163840  finite=1 absmax=4.2455       mean=0.0018851    sumsq=553.0012764        argmax=1500
[dump]   top0 idx=1500 val=1.24467
[dump]   top1 idx=2366 val=0.66741
[dump]   top2 idx=788 val=0.65183
[dump]   top3 idx=2121 val=0.64902
[dump]   top4 idx=784 val=0.62660
[dump] L28.hcmix  n=40960   finite=1 absmax=30.947       mean=0.019182     sumsq=14573.63861        argmax=1500
[dump]   top0 idx=1500 val=10.73333
[dump]   top1 idx=788 val=4.31856
[dump]   top2 idx=47 val=3.78113
[dump]   top3 idx=7573 val=3.73941
[dump]   top4 idx=21685 val=3.37061
[dump] L28.att    n=40960   finite=1 absmax=0.60902      mean=-0.0019886   sumsq=100.3510986        argmax=2311
[dump]   top0 idx=2311 val=0.60902
[dump]   top1 idx=914 val=0.28007
[dump]   top2 idx=4544 val=0.24581
[dump]   top3 idx=36680 val=0.22234
[dump]   top4 idx=693 val=0.21867
[dump] L28.fmix   n=40960   finite=1 absmax=3.7579       mean=0.018881     sumsq=13166.23635        argmax=36536
[dump]   top0 idx=36536 val=3.38435
[dump]   top1 idx=4046 val=3.26805
[dump]   top2 idx=17813 val=3.16207
[dump]   top3 idx=9908 val=3.09233
[dump]   top4 idx=7573 val=2.82334
[dump] L28.mid    n=160     finite=1 absmax=0 mean=0 sumsq=0 ids: 28 297 139 364 433 300 421 352 164 474 352 52 139 297 219 86 277 150 145 474 352 141 110 139 52 63 130 1 229 136 297 52 101 139 352 474 219 147 81 339 352 52 101 118 282 219 139 297 421 368 52 392 150 277 390 219 9 386 352 160 52 433 66 352 408 229 139 63 43 469 52 433 352 63 219 172 66 503 130 386 52 66 433 352 219 229 150 189 469 172 66 433 390 52 63 297 277 170 392 229 421 352 52 422 54 0 150 433 390 450 421 0 433 52 63 21 469 229 352 81 421 0 52 433 214 63 21 66 297 422 421 52 0 219 433 297 275 133 63 172 52 421 0 275 182 21 297 63 460 114 0 421 433 52 21 275 182 352 63 366
[dump] L28.moe    n=40960   finite=1 absmax=0.13332      mean=-7.5619e-05  sumsq=4.463482324        argmax=2311
[dump]   top0 idx=2311 val=0.13332
[dump]   top1 idx=27542 val=0.05989
[dump]   top2 idx=40853 val=0.05496
[dump]   top3 idx=22878 val=0.04975
[dump]   top4 idx=5388 val=0.04906
[dump] L28.res    n=163840  finite=1 absmax=3.9698       mean=0.0015221    sumsq=593.6071373        argmax=1500
[dump]   top0 idx=1500 val=1.17906
[dump]   top1 idx=2366 val=0.69552
[dump]   top2 idx=2121 val=0.68525
[dump]   top3 idx=788 val=0.65347
[dump]   top4 idx=1787 val=0.63393
[dump] L29.hcmix  n=40960   finite=1 absmax=5.8205       mean=0.014166     sumsq=15166.85091        argmax=7573
[dump]   top0 idx=7573 val=4.79203
[dump]   top1 idx=17813 val=4.02279
[dump]   top2 idx=12693 val=3.82257
[dump]   top3 idx=788 val=3.50994
[dump]   top4 idx=10157 val=3.32688
[dump] L29.att    n=40960   finite=1 absmax=0.21076      mean=0.0002211    sumsq=23.96630886        argmax=40195
[dump]   top0 idx=40195 val=0.21076
[dump]   top1 idx=39128 val=0.17545
[dump]   top2 idx=36568 val=0.16161
[dump]   top3 idx=13751 val=0.13832
[dump]   top4 idx=11191 val=0.13778
[dump] L29.fmix   n=40960   finite=1 absmax=4.0805       mean=0.013311     sumsq=14173.5853         argmax=4046
[dump]   top0 idx=4046 val=4.08047
[dump]   top1 idx=7573 val=3.86730
[dump]   top2 idx=788 val=3.76426
[dump]   top3 idx=17813 val=3.49201
[dump]   top4 idx=30613 val=3.29542
[dump] L29.mid    n=160     finite=1 absmax=0 mean=0 sumsq=0 ids: 293 466 68 387 262 400 285 337 54 451 387 290 273 148 330 93 250 504 337 338 290 387 148 273 16 325 93 346 394 330 290 148 250 387 273 330 91 267 265 93 290 148 118 508 273 250 387 265 267 312 387 290 148 93 273 91 317 330 118 259 259 387 290 265 118 250 273 325 338 296 259 387 273 118 290 265 93 440 325 148 387 259 290 265 118 273 451 312 91 440 387 259 290 273 22 97 148 265 91 93 387 118 273 290 265 259 250 148 330 93 259 387 290 273 265 97 438 325 342 162 438 342 259 265 387 273 290 93 118 468 279 259 325 389 93 265 273 185 453 97 387 273 259 93 265 118 342 463 290 148 259 438 342 265 279 97 387 118 468 22
[dump] L29.moe    n=40960   finite=1 absmax=0.15123      mean=0.0001299    sumsq=9.985355485        argmax=2311
[dump]   top0 idx=2311 val=0.15123
[dump]   top1 idx=21613 val=0.08848
[dump]   top2 idx=20902 val=0.08375
[dump]   top3 idx=29199 val=0.08083
[dump]   top4 idx=20969 val=0.07588
[dump] L29.res    n=163840  finite=1 absmax=3.7504       mean=0.0017054    sumsq=677.892786         argmax=1500
[dump]   top0 idx=1500 val=1.21370
[dump]   top1 idx=2366 val=0.67916
[dump]   top2 idx=2121 val=0.67628
[dump]   top3 idx=1787 val=0.66170
[dump]   top4 idx=788 val=0.65494
[dump] L30.hcmix  n=40960   finite=1 absmax=8.8748       mean=0.017369     sumsq=13433.78353        argmax=1500
[dump]   top0 idx=1500 val=8.87476
[dump]   top1 idx=788 val=4.46222
[dump]   top2 idx=12693 val=3.52163
[dump]   top3 idx=7573 val=3.46249
[dump]   top4 idx=1787 val=3.42113
[dump] L30.att    n=40960   finite=1 absmax=1.166        mean=-0.00053877  sumsq=114.5345633        argmax=38882
[dump]   top0 idx=38882 val=0.47666
[dump]   top1 idx=1603 val=0.42570
[dump]   top2 idx=21431 val=0.37305
[dump]   top3 idx=31713 val=0.36631
[dump]   top4 idx=26082 val=0.34613
[dump] L30.fmix   n=40960   finite=1 absmax=7.3777       mean=0.014309     sumsq=19589.78609        argmax=4046
[dump]   top0 idx=4046 val=4.99256
[dump]   top1 idx=1500 val=3.78171
[dump]   top2 idx=788 val=3.68939
[dump]   top3 idx=6606 val=3.46449
[dump]   top4 idx=8681 val=3.30468
[dump] L30.mid    n=160     finite=1 absmax=0 mean=0 sumsq=0 ids: 165 151 398 326 331 506 40 137 138 417 165 506 138 14 326 409 111 500 106 335 95 414 409 280 506 14 311 234 227 338 205 165 223 280 506 318 398 433 409 151 376 280 5 223 81 335 409 22 318 463 14 308 151 409 234 506 290 12 110 129 506 138 111 335 11 151 212 181 205 398 506 138 335 14 212 441 409 154 6 280 335 506 280 138 498 473 439 212 64 11 11 506 138 335 14 498 280 111 212 173 181 473 506 409 370 129 237 64 439 280 11 506 398 138 181 151 335 282 136 111 506 138 212 11 409 335 40 128 500 129 181 335 280 506 212 79 151 11 415 398 181 506 335 326 86 82 11 244 212 415 244 335 506 11 100 128 482 181 398 510
[dump] L30.moe    n=40960   finite=1 absmax=0.065388     mean=0.0001027    sumsq=7.8623366          argmax=36714
[dump]   top0 idx=36714 val=0.06539
[dump]   top1 idx=27827 val=0.06058
[dump]   top2 idx=35492 val=0.05690
[dump]   top3 idx=21651 val=0.05648
[dump]   top4 idx=17713 val=0.05589
[dump] L30.res    n=163840  finite=1 absmax=3.734        mean=0.0017187    sumsq=750.9441245        argmax=1500
[dump]   top0 idx=1500 val=1.21919
[dump]   top1 idx=2121 val=0.80149
[dump]   top2 idx=788 val=0.75497
[dump]   top3 idx=2366 val=0.68963
[dump]   top4 idx=1787 val=0.66660
[dump] L31.hcmix  n=40960   finite=1 absmax=10.168       mean=0.0056677    sumsq=3514.734666        argmax=28888
[dump]   top0 idx=28888 val=2.17508
[dump]   top1 idx=3288 val=2.13021
[dump]   top2 idx=16088 val=2.12155
[dump]   top3 idx=23768 val=2.02599
[dump]   top4 idx=34008 val=1.88910
[dump] L31.att    n=40960   finite=1 absmax=0.76234      mean=-0.0030001   sumsq=165.5963908        argmax=892
[dump]   top0 idx=892 val=0.76234
[dump]   top1 idx=2311 val=0.75799
[dump]   top2 idx=1795 val=0.46809
[dump]   top3 idx=3765 val=0.40413
[dump]   top4 idx=2121 val=0.38924
[dump] L31.fmix   n=40960   finite=1 absmax=6.8419       mean=0.0054032    sumsq=29378.98233        argmax=23768
[dump]   top0 idx=23768 val=6.84190
[dump]   top1 idx=8681 val=5.91825
[dump]   top2 idx=21208 val=4.93558
[dump]   top3 idx=28888 val=4.76857
[dump]   top4 idx=9908 val=4.52889
[dump] L31.mid    n=160     finite=1 absmax=0 mean=0 sumsq=0 ids: 283 174 156 96 215 136 55 199 50 100 494 199 50 405 100 207 501 318 174 12 494 263 199 207 192 318 314 298 475 31 207 156 494 234 379 33 405 388 444 38 116 207 236 453 210 16 318 156 326 246 116 288 426 32 50 406 501 399 207 199 288 207 494 156 426 302 399 405 318 199 494 199 426 399 193 311 134 288 156 501 494 288 207 405 199 318 303 174 446 399 494 399 318 501 207 303 174 405 342 288 405 207 399 192 100 494 314 156 318 406 494 405 283 399 289 156 318 207 199 342 494 318 174 283 399 303 449 405 501 288 283 289 494 327 405 156 96 177 207 192 289 283 156 494 405 449 174 302 12 446 303 289 449 174 283 156 405 56 207 494
[dump] L31.moe    n=40960   finite=1 absmax=0.12323      mean=0.00022971   sumsq=11.69007967        argmax=3022
[dump]   top0 idx=3022 val=0.12323
[dump]   top1 idx=2311 val=0.10387
[dump]   top2 idx=8142 val=0.09588
[dump]   top3 idx=9966 val=0.07960
[dump]   top4 idx=29346 val=0.07276
[dump] L31.res    n=163840  finite=1 absmax=3.501        mean=0.0015389    sumsq=733.0418667        argmax=1500
[dump]   top0 idx=1500 val=1.18621
[dump]   top1 idx=2121 val=0.88929
[dump]   top2 idx=788 val=0.71130
[dump]   top3 idx=2366 val=0.68716
[dump]   top4 idx=138 val=0.66835
[dump] L32.hcmix  n=40960   finite=1 absmax=15.765       mean=0.0091327    sumsq=14714.58657        argmax=1500
[dump]   top0 idx=1500 val=10.29299
[dump]   top1 idx=788 val=5.01225
[dump]   top2 idx=4060 val=3.80734
[dump]   top3 idx=38631 val=3.63224
[dump]   top4 idx=579 val=3.58542
[dump] L32.att    n=40960   finite=1 absmax=0.38972      mean=-0.0010416   sumsq=52.70755549        argmax=5081
[dump]   top0 idx=5081 val=0.38972
[dump]   top1 idx=7622 val=0.29527
[dump]   top2 idx=3553 val=0.26841
[dump]   top3 idx=3942 val=0.22537
[dump]   top4 idx=13513 val=0.22502
[dump] L32.fmix   n=40960   finite=1 absmax=4.9768       mean=0.0055094    sumsq=26778.55503        argmax=8681
[dump]   top0 idx=8681 val=4.97685
[dump]   top1 idx=14245 val=3.86230
[dump]   top2 idx=13717 val=3.84268
[dump]   top3 idx=9908 val=3.73634
[dump]   top4 idx=788 val=3.68213
[dump] L32.mid    n=160     finite=1 absmax=0 mean=0 sumsq=0 ids: 228 243 272 256 487 429 58 132 392 74 228 28 429 359 480 92 272 140 61 263 28 228 140 149 429 99 113 261 236 191 228 429 447 188 124 319 28 479 341 418 228 188 447 104 429 319 303 138 243 58 228 394 142 272 140 12 388 369 205 419 429 359 243 228 58 142 140 487 263 366 228 429 243 272 359 394 58 92 400 140 228 243 429 272 359 142 263 140 149 58 263 228 359 429 272 243 142 480 92 149 228 272 243 429 465 263 400 149 447 92 228 429 243 272 359 480 58 7 479 140 429 228 263 272 359 243 140 132 480 391 243 429 228 58 489 272 189 479 263 7 228 243 7 278 480 359 58 75 202 429 243 228 359 454 278 235 480 189 263 507
[dump] L32.moe    n=40960   finite=1 absmax=0.37363      mean=0.00011152   sumsq=14.9318383         argmax=2311
[dump]   top0 idx=2311 val=0.31074
[dump]   top1 idx=1547 val=0.10827
[dump]   top2 idx=472 val=0.10710
[dump]   top3 idx=29802 val=0.10477
[dump]   top4 idx=895 val=0.10210
[dump] L32.res    n=163840  finite=1 absmax=2.881        mean=0.0014728    sumsq=807.1887646        argmax=1500
[dump]   top0 idx=1500 val=1.22104
[dump]   top1 idx=2121 val=0.99886
[dump]   top2 idx=2366 val=0.84569
[dump]   top3 idx=138 val=0.79867
[dump]   top4 idx=788 val=0.76408
[dump] L33.hcmix  n=40960   finite=1 absmax=5.909        mean=0.017019     sumsq=16070.58757        argmax=7573
[dump]   top0 idx=7573 val=4.53617
[dump]   top1 idx=788 val=4.50708
[dump]   top2 idx=17813 val=4.21109
[dump]   top3 idx=12693 val=3.98132
[dump]   top4 idx=1500 val=3.77811
[dump] L33.att    n=40960   finite=1 absmax=0.17836      mean=-0.00122     sumsq=27.58853281        argmax=4960
[dump]   top0 idx=4960 val=0.17836
[dump]   top1 idx=32602 val=0.15875
[dump]   top2 idx=24922 val=0.14712
[dump]   top3 idx=39129 val=0.14476
[dump]   top4 idx=28889 val=0.14052
[dump] L33.fmix   n=40960   finite=1 absmax=5.4228       mean=0.0081209    sumsq=22137.96889        argmax=4046
[dump]   top0 idx=4046 val=5.42283
[dump]   top1 idx=6606 val=4.64995
[dump]   top2 idx=32206 val=3.79220
[dump]   top3 idx=7971 val=3.13444
[dump]   top4 idx=13717 val=3.12126
[dump] L33.mid    n=160     finite=1 absmax=0 mean=0 sumsq=0 ids: 136 486 387 243 471 105 160 200 28 504 136 387 486 363 160 299 471 419 365 243 387 398 328 486 136 304 222 259 471 71 136 328 486 387 249 469 363 105 160 366 486 136 366 387 471 333 469 363 444 105 387 471 136 419 84 448 291 127 474 386 419 136 279 366 471 486 387 363 328 155 136 279 419 363 387 365 366 206 471 362 136 419 470 363 279 362 486 105 206 366 363 470 136 419 279 362 471 365 84 347 136 84 486 428 279 328 419 363 160 299 84 363 136 362 279 471 345 419 155 374 136 362 363 84 279 374 471 419 486 155 84 374 136 345 279 363 155 486 471 499 363 84 136 253 299 345 209 279 362 407 362 374 279 84 136 345 419 363 299 209
[dump] L33.moe    n=40960   finite=1 absmax=0.072537     mean=-5.6572e-05  sumsq=8.957432409        argmax=5731
[dump]   top0 idx=5731 val=0.07254
[dump]   top1 idx=3119 val=0.07081
[dump]   top2 idx=5252 val=0.07050
[dump]   top3 idx=6381 val=0.06788
[dump]   top4 idx=13755 val=0.06696
[dump] L33.res    n=163840  finite=1 absmax=2.816        mean=0.00096286   sumsq=855.5446483        argmax=1500
[dump]   top0 idx=1500 val=1.18222
[dump]   top1 idx=2121 val=0.97766
[dump]   top2 idx=138 val=0.83470
[dump]   top3 idx=2366 val=0.81382
[dump]   top4 idx=788 val=0.73195
[dump] L34.hcmix  n=40960   finite=1 absmax=17.237       mean=0.012471     sumsq=15901.22916        argmax=1500
[dump]   top0 idx=1500 val=8.51403
[dump]   top1 idx=793 val=4.87822
[dump]   top2 idx=788 val=4.40568
[dump]   top3 idx=1912 val=3.82952
[dump]   top4 idx=34485 val=3.78559
[dump] L34.att    n=40960   finite=1 absmax=0.36239      mean=-0.00073518  sumsq=57.42076455        argmax=26082
[dump]   top0 idx=26082 val=0.36239
[dump]   top1 idx=40282 val=0.31641
[dump]   top2 idx=38882 val=0.31327
[dump]   top3 idx=36322 val=0.29584
[dump]   top4 idx=32602 val=0.27030
[dump] L34.fmix   n=40960   finite=1 absmax=4.2807       mean=0.017374     sumsq=19585.54677        argmax=1500
[dump]   top0 idx=1500 val=4.28066
[dump]   top1 idx=7573 val=4.08928
[dump]   top2 idx=17813 val=3.44165
[dump]   top3 idx=10936 val=3.43257
[dump]   top4 idx=28893 val=3.40357
[dump] L34.mid    n=160     finite=1 absmax=0 mean=0 sumsq=0 ids: 449 475 275 87 496 19 101 111 399 24 111 29 101 22 460 484 275 24 119 13 131 157 29 119 111 7 173 33 509 102 29 7 201 459 185 101 299 157 24 264 440 29 157 459 111 190 506 131 201 119 87 277 496 88 264 24 275 101 29 399 131 111 24 448 101 119 366 102 29 87 131 88 22 101 29 119 448 24 111 459 29 448 24 102 22 101 460 353 119 5 448 24 29 22 101 102 353 460 264 347 111 29 299 459 201 119 101 24 46 106 131 24 101 448 111 102 366 460 22 347 111 131 366 448 101 24 22 102 460 347 131 24 101 353 448 29 22 275 102 247 131 123 22 101 24 448 150 201 29 430 448 131 24 101 22 460 247 366 275 211
[dump] L34.moe    n=40960   finite=1 absmax=0.14148      mean=0.00032459   sumsq=13.73219263        argmax=29990
[dump]   top0 idx=29990 val=0.11053
[dump]   top1 idx=28691 val=0.10708
[dump]   top2 idx=30415 val=0.10273
[dump]   top3 idx=28307 val=0.09948
[dump]   top4 idx=2311 val=0.09446
[dump] L34.res    n=163840  finite=1 absmax=2.791        mean=0.0010311    sumsq=1003.820523        argmax=1500
[dump]   top0 idx=1500 val=1.17674
[dump]   top1 idx=2121 val=0.97064
[dump]   top2 idx=138 val=0.86688
[dump]   top3 idx=2366 val=0.80412
[dump]   top4 idx=51682 val=0.80182
[dump] L35.hcmix  n=40960   finite=1 absmax=8.5671       mean=0.008799     sumsq=5335.943661        argmax=13282
[dump]   top0 idx=13282 val=2.30852
[dump]   top1 idx=23522 val=2.30056
[dump]   top2 idx=8162 val=2.29675
[dump]   top3 idx=34008 val=2.24262
[dump]   top4 idx=38882 val=2.19416
[dump] L35.att    n=40960   finite=1 absmax=0.77429      mean=0.00092245   sumsq=142.3679486        argmax=1736
[dump]   top0 idx=1736 val=0.71083
[dump]   top1 idx=360 val=0.52767
[dump]   top2 idx=994 val=0.50615
[dump]   top3 idx=1795 val=0.49769
[dump]   top4 idx=1882 val=0.44941
[dump] L35.fmix   n=40960   finite=1 absmax=4.6788       mean=0.01542      sumsq=25234.08303        argmax=29955
[dump]   top0 idx=29955 val=3.53160
[dump]   top1 idx=7971 val=3.50432
[dump]   top2 idx=12035 val=3.44362
[dump]   top3 idx=14245 val=3.38098
[dump]   top4 idx=19715 val=3.37337
[dump] L35.mid    n=160     finite=1 absmax=0 mean=0 sumsq=0 ids: 434 31 360 170 342 472 406 500 372 403 472 161 3 222 309 342 362 315 31 434 222 309 3 161 56 472 342 362 307 162 161 70 472 403 291 222 426 309 353 342 70 472 161 3 31 259 222 342 9 345 3 368 453 472 9 501 74 8 397 434 472 3 31 121 453 49 161 434 362 375 472 3 397 31 375 453 52 315 49 434 472 161 375 3 31 434 315 222 121 56 472 3 161 375 315 31 56 372 434 121 472 500 170 161 222 31 426 372 315 357 472 31 121 375 434 315 161 3 277 192 375 472 121 31 315 385 3 434 222 342 121 31 472 490 315 56 375 161 162 434 472 31 121 315 490 173 161 372 434 454 472 121 31 315 490 375 162 56 161 434
[dump] L35.moe    n=40960   finite=1 absmax=0.18141      mean=0.00074966   sumsq=23.98693825        argmax=30042
[dump]   top0 idx=30042 val=0.18141
[dump]   top1 idx=21769 val=0.11448
[dump]   top2 idx=37722 val=0.11095
[dump]   top3 idx=21167 val=0.11093
[dump]   top4 idx=20756 val=0.10817
[dump] L35.res    n=163840  finite=1 absmax=2.8242       mean=0.0020788    sumsq=1195.027089        argmax=1500
[dump]   top0 idx=1500 val=1.15501
[dump]   top1 idx=2121 val=1.00062
[dump]   top2 idx=83802 val=0.97370
[dump]   top3 idx=63322 val=0.96914
[dump]   top4 idx=114522 val=0.93560
[dump] L36.hcmix  n=40960   finite=1 absmax=12.353       mean=0.015452     sumsq=14544.51211        argmax=1500
[dump]   top0 idx=1500 val=6.49436
[dump]   top1 idx=793 val=5.30921
[dump]   top2 idx=788 val=3.87449
[dump]   top3 idx=1736 val=3.78190
[dump]   top4 idx=3511 val=3.50364
[dump] L36.att    n=40960   finite=1 absmax=6.0774       mean=0.0025692    sumsq=742.5437321        argmax=1827
[dump]   top0 idx=1827 val=3.08731
[dump]   top1 idx=2311 val=2.04460
[dump]   top2 idx=1984 val=1.95058
[dump]   top3 idx=2238 val=1.92563
[dump]   top4 idx=403 val=1.85943
[dump] L36.fmix   n=40960   finite=1 absmax=6.1479       mean=0.03541      sumsq=38444.57076        argmax=8681
[dump]   top0 idx=8681 val=5.45026
[dump]   top1 idx=4046 val=5.06319
[dump]   top2 idx=14245 val=4.62131
[dump]   top3 idx=13717 val=4.32266
[dump]   top4 idx=19490 val=3.90021
[dump] L36.mid    n=160     finite=1 absmax=0 mean=0 sumsq=0 ids: 363 78 76 429 55 210 407 265 388 45 396 412 358 102 217 25 218 387 490 269 396 218 412 233 429 341 387 22 96 137 218 134 308 76 147 388 349 146 439 105 358 134 96 369 218 76 396 298 125 137 54 491 55 306 313 363 210 114 496 219 387 313 218 358 429 25 210 243 134 396 244 387 102 306 248 341 481 218 313 491 387 218 296 25 341 244 102 258 313 210 387 25 258 218 296 210 217 76 102 363 218 339 387 293 148 140 26 363 158 76 387 218 25 494 158 485 313 122 210 243 387 25 258 388 324 330 296 169 40 485 387 185 218 258 25 442 243 179 410 429 387 278 25 258 179 442 18 370 314 262 387 179 442 258 25 168 410 182 185 125
[dump] L36.moe    n=40960   finite=1 absmax=0.22464      mean=0.00061633   sumsq=53.49742945        argmax=35107
[dump]   top0 idx=35107 val=0.20853
[dump]   top1 idx=32840 val=0.17831
[dump]   top2 idx=34333 val=0.17564
[dump]   top3 idx=29987 val=0.17304
[dump]   top4 idx=32935 val=0.15587
[dump] L36.res    n=163840  finite=1 absmax=6.3818       mean=0.0030093    sumsq=2317.169796        argmax=1827
[dump]   top0 idx=1827 val=2.88384
[dump]   top1 idx=138 val=2.25911
[dump]   top2 idx=63322 val=1.74053
[dump]   top3 idx=1736 val=1.71406
[dump]   top4 idx=1984 val=1.71382
[dump] L37.hcmix  n=40960   finite=1 absmax=16.865       mean=0.032111     sumsq=14255.09566        argmax=1500
[dump]   top0 idx=1500 val=7.83555
[dump]   top1 idx=1827 val=6.64687
[dump]   top2 idx=19715 val=4.33185
[dump]   top3 idx=138 val=4.15264
[dump]   top4 idx=1736 val=4.03567
[dump] L37.att    n=40960   finite=1 absmax=2.2612       mean=-0.001049    sumsq=127.661168         argmax=2537
[dump]   top0 idx=2537 val=1.14224
[dump]   top1 idx=932 val=0.68007
[dump]   top2 idx=138 val=0.63122
[dump]   top3 idx=1359 val=0.55618
[dump]   top4 idx=1750 val=0.54589
[dump] L37.fmix   n=40960   finite=1 absmax=5.4249       mean=0.044599     sumsq=38355.25355        argmax=8681
[dump]   top0 idx=8681 val=4.67674
[dump]   top1 idx=12655 val=4.16662
[dump]   top2 idx=14245 val=4.16320
[dump]   top3 idx=23252 val=4.13724
[dump]   top4 idx=7573 val=4.10635
[dump] L37.mid    n=160     finite=1 absmax=0 mean=0 sumsq=0 ids: 255 72 379 304 131 25 418 420 10 324 255 324 19 304 369 286 150 457 379 128 451 128 286 369 118 350 197 200 435 255 346 306 284 255 359 479 187 19 511 265 346 128 187 255 379 451 324 511 304 359 131 302 297 25 255 392 379 96 24 134 19 29 346 118 484 57 369 304 324 255 19 118 57 255 360 25 484 369 197 155 19 352 346 118 369 484 57 200 255 155 352 118 19 57 369 200 306 255 346 326 19 255 317 484 379 346 191 155 128 369 255 346 369 19 131 57 200 155 379 313 369 57 264 304 255 19 346 118 155 484 313 57 369 469 346 389 200 326 128 306 313 346 321 19 369 469 57 326 255 118 313 346 57 369 469 304 264 19 131 326
[dump] L37.moe    n=40960   finite=1 absmax=0.17187      mean=0.00022083   sumsq=49.53192441        argmax=31602
[dump]   top0 idx=31602 val=0.16823
[dump]   top1 idx=28439 val=0.15542
[dump]   top2 idx=29042 val=0.15484
[dump]   top3 idx=20916 val=0.14881
[dump]   top4 idx=19206 val=0.14615
[dump] L37.res    n=163840  finite=1 absmax=6.7359       mean=0.0028235    sumsq=2794.126096        argmax=1827
[dump]   top0 idx=1827 val=2.93053
[dump]   top1 idx=138 val=2.36047
[dump]   top2 idx=1984 val=1.81162
[dump]   top3 idx=63322 val=1.71561
[dump]   top4 idx=1736 val=1.70504
[dump] L38.hcmix  n=40960   finite=1 absmax=34.037       mean=0.021683     sumsq=14848.23651        argmax=1500
[dump]   top0 idx=1500 val=9.63130
[dump]   top1 idx=1827 val=5.85183
[dump]   top2 idx=138 val=5.76097
[dump]   top3 idx=793 val=5.15136
[dump]   top4 idx=17925 val=4.68026
[dump] L38.att    n=40960   finite=1 absmax=0.46871      mean=-0.00059418  sumsq=108.3171035        argmax=403
[dump]   top0 idx=403 val=0.40282
[dump]   top1 idx=36753 val=0.33830
[dump]   top2 idx=34193 val=0.33504
[dump]   top3 idx=23953 val=0.29740
[dump]   top4 idx=7716 val=0.28423
[dump] L38.fmix   n=40960   finite=1 absmax=5.9764       mean=0.044266     sumsq=34534.05892        argmax=12655
[dump]   top0 idx=12655 val=5.97642
[dump]   top1 idx=10936 val=5.30620
[dump]   top2 idx=8681 val=4.98864
[dump]   top3 idx=1863 val=4.23659
[dump]   top4 idx=7573 val=4.01508
[dump] L38.mid    n=160     finite=1 absmax=0 mean=0 sumsq=0 ids: 317 456 283 345 309 41 57 446 287 205 425 96 305 394 164 188 483 438 402 275 460 188 265 96 402 394 425 232 187 438 464 352 279 51 145 376 96 396 460 244 396 460 183 96 202 193 356 310 384 111 341 206 347 235 309 104 18 388 462 345 7 206 460 438 226 116 341 393 396 134 241 375 425 307 124 106 259 206 360 438 504 460 96 206 50 388 400 279 124 7 504 460 454 438 355 135 279 486 206 50 153 87 226 452 71 173 454 460 164 350 460 206 116 226 213 7 41 117 244 287 483 226 206 438 460 7 486 117 188 50 226 173 412 206 457 287 262 460 50 483 168 173 370 226 323 287 228 483 320 262 226 287 173 206 483 354 260 76 438 14
[dump] L38.moe    n=40960   finite=1 absmax=0.19374      mean=3.8063e-05   sumsq=35.27656095        argmax=27937
[dump]   top0 idx=27937 val=0.19374
[dump]   top1 idx=11484 val=0.13182
[dump]   top2 idx=11657 val=0.13026
[dump]   top3 idx=11913 val=0.12810
[dump]   top4 idx=10787 val=0.12437
[dump] L38.res    n=163840  finite=1 absmax=6.7279       mean=0.0027688    sumsq=3065.687538        argmax=1827
[dump]   top0 idx=1827 val=2.92785
[dump]   top1 idx=138 val=2.36227
[dump]   top2 idx=1984 val=1.81003
[dump]   top3 idx=63322 val=1.72339
[dump]   top4 idx=1736 val=1.70070
[dump] L39.hcmix  n=40960   finite=1 absmax=4.8347       mean=0.0090875    sumsq=5549.551583        argmax=793
[dump]   top0 idx=793 val=4.83471
[dump]   top1 idx=23045 val=3.41643
[dump]   top2 idx=38405 val=3.30402
[dump]   top3 idx=30725 val=3.17280
[dump]   top4 idx=25605 val=3.15616
[dump] L39.att    n=40960   finite=1 absmax=0.55624      mean=0.0015317    sumsq=214.8829811        argmax=29052
[dump]   top0 idx=29052 val=0.55624
[dump]   top1 idx=15465 val=0.48147
[dump]   top2 idx=21372 val=0.39843
[dump]   top3 idx=23839 val=0.39386
[dump]   top4 idx=36732 val=0.38836
[dump] L39.fmix   n=40960   finite=1 absmax=8.5391       mean=0.033382     sumsq=41094.08121        argmax=8681
[dump]   top0 idx=8681 val=8.53908
[dump]   top1 idx=15939 val=6.03204
[dump]   top2 idx=8288 val=5.48823
[dump]   top3 idx=23619 val=5.44893
[dump]   top4 idx=5699 val=5.23722
[dump] L39.mid    n=160     finite=1 absmax=0 mean=0 sumsq=0 ids: 356 323 285 42 496 260 242 334 450 82 356 496 103 167 45 480 128 120 494 477 48 496 45 356 477 123 480 128 42 103 356 42 99 496 307 107 264 355 220 248 356 99 42 109 496 103 500 264 342 128 480 372 356 82 285 201 36 389 494 495 356 99 128 42 480 109 103 334 104 299 356 480 128 42 334 477 299 394 375 110 356 128 42 299 110 148 480 199 60 274 356 406 128 32 477 177 480 42 219 126 356 477 42 459 128 372 355 36 45 442 356 128 60 480 334 110 42 391 496 148 356 32 128 334 60 480 42 110 145 299 356 127 60 128 233 108 116 10 433 110 356 425 60 334 116 257 127 233 128 463 356 60 425 128 233 127 110 116 32 257
[dump] L39.moe    n=40960   finite=1 absmax=0.44783      mean=0.000283     sumsq=97.41856327        argmax=2311
[dump]   top0 idx=2311 val=0.44783
[dump]   top1 idx=422 val=0.30217
[dump]   top2 idx=21084 val=0.27799
[dump]   top3 idx=1882 val=0.26794
[dump]   top4 idx=21597 val=0.24123
[dump] L39.res    n=163840  finite=1 absmax=6.0575       mean=0.003384     sumsq=3873.334813        argmax=1827
[dump]   top0 idx=1827 val=2.91925
[dump]   top1 idx=138 val=2.37646
[dump]   top2 idx=114522 val=2.21984
[dump]   top3 idx=1984 val=1.99047
[dump]   top4 idx=63322 val=1.96795
[dump] L40.hcmix  n=40960   finite=1 absmax=20.012       mean=0.035839     sumsq=27405.67615        argmax=138
[dump]   top0 idx=138 val=7.87454
[dump]   top1 idx=1827 val=7.00929
[dump]   top2 idx=12655 val=6.19892
[dump]   top3 idx=472 val=4.90850
[dump]   top4 idx=1984 val=4.80283
[dump] L40.att    n=40960   finite=1 absmax=0.63297      mean=0.0025849    sumsq=205.2560011        argmax=8741
[dump]   top0 idx=8741 val=0.63297
[dump]   top1 idx=27937 val=0.61280
[dump]   top2 idx=13861 val=0.60338
[dump]   top3 idx=36901 val=0.57167
[dump]   top4 idx=29221 val=0.52387
[dump] L40.fmix   n=40960   finite=1 absmax=7.2464       mean=0.03947      sumsq=47084.6842         argmax=8681
[dump]   top0 idx=8681 val=7.24643
[dump]   top1 idx=15939 val=6.58148
[dump]   top2 idx=22718 val=5.85381
[dump]   top3 idx=27838 val=5.65762
[dump]   top4 idx=13379 val=5.59221
[dump] L40.mid    n=160     finite=1 absmax=0 mean=0 sumsq=0 ids: 280 172 309 449 178 141 428 91 103 381 280 28 141 249 332 380 135 334 311 362 280 268 282 8 218 66 502 332 380 219 280 217 199 380 461 111 334 477 277 67 268 334 217 280 160 21 67 199 391 380 36 178 280 428 200 295 127 310 309 317 280 335 334 380 141 138 160 217 398 204 280 335 128 336 295 188 398 395 138 200 280 335 220 138 261 465 263 492 411 206 204 280 398 52 335 22 229 250 465 83 307 170 412 280 351 282 77 178 301 479 172 335 280 208 138 64 61 374 178 398 335 208 280 172 138 178 465 240 141 220 240 204 491 335 435 494 385 155 61 57 240 172 491 212 470 335 208 61 398 485 335 240 172 208 470 491 497 138 61 260
[dump] L40.moe    n=40960   finite=1 absmax=0.19036      mean=7.5548e-05   sumsq=38.20308981        argmax=11959
[dump]   top0 idx=11959 val=0.19036
[dump]   top1 idx=10697 val=0.18687
[dump]   top2 idx=12555 val=0.18312
[dump]   top3 idx=12437 val=0.18297
[dump]   top4 idx=10736 val=0.18207
[dump] L40.res    n=163840  finite=1 absmax=6.0679       mean=0.0041438    sumsq=4391.498971        argmax=1827
[dump]   top0 idx=1827 val=2.93596
[dump]   top1 idx=114522 val=2.47004
[dump]   top2 idx=138 val=2.41685
[dump]   top3 idx=63322 val=2.08386
[dump]   top4 idx=1984 val=1.97100
[dump] L41.hcmix  n=40960   finite=1 absmax=19.278       mean=0.031574     sumsq=20960.37324        argmax=138
[dump]   top0 idx=138 val=7.25885
[dump]   top1 idx=1827 val=5.80033
[dump]   top2 idx=1500 val=5.50993
[dump]   top3 idx=1984 val=4.93418
[dump]   top4 idx=27937 val=4.61426
[dump] L41.att    n=40960   finite=1 absmax=0.68918      mean=0.00063076   sumsq=161.7364463        argmax=17242
[dump]   top0 idx=17242 val=0.68918
[dump]   top1 idx=30042 val=0.67577
[dump]   top2 idx=32602 val=0.62706
[dump]   top3 idx=14682 val=0.54790
[dump]   top4 idx=27482 val=0.52999
[dump] L41.fmix   n=40960   finite=1 absmax=7.2183       mean=0.042281     sumsq=49969.95512        argmax=1500
[dump]   top0 idx=1500 val=5.50674
[dump]   top1 idx=8681 val=5.47994
[dump]   top2 idx=8288 val=5.37866
[dump]   top3 idx=15939 val=4.91566
[dump]   top4 idx=11929 val=4.81749
[dump] L41.mid    n=160     finite=1 absmax=0 mean=0 sumsq=0 ids: 59 240 198 491 331 445 482 420 266 348 348 178 489 27 196 505 378 410 20 281 205 348 132 20 378 58 480 423 19 178 289 387 19 343 255 90 204 160 135 348 21 204 95 343 160 90 196 71 454 255 496 59 55 42 433 476 491 493 348 482 157 116 59 204 198 348 433 118 496 20 59 299 489 433 376 240 440 430 332 465 132 506 118 253 58 302 198 442 489 404 118 404 131 205 426 366 348 342 132 79 389 303 406 45 146 505 169 461 374 118 59 433 118 450 416 198 443 240 105 491 59 433 118 450 440 476 240 491 198 149 305 278 450 59 17 483 221 433 413 205 59 450 433 346 240 301 293 338 417 477 59 450 491 119 433 118 440 346 111 106
[dump] L41.moe    n=40960   finite=1 absmax=0.15527      mean=-0.00019932  sumsq=46.45420841        argmax=30466
[dump]   top0 idx=30466 val=0.15378
[dump]   top1 idx=10644 val=0.14412
[dump]   top2 idx=12702 val=0.13981
[dump]   top3 idx=10253 val=0.13871
[dump]   top4 idx=11879 val=0.13792
[dump] L41.res    n=163840  finite=1 absmax=5.9993       mean=0.0042344    sumsq=4916.632218        argmax=1827
[dump]   top0 idx=1827 val=3.06421
[dump]   top1 idx=114522 val=2.86822
[dump]   top2 idx=138 val=2.51215
[dump]   top3 idx=63322 val=2.46057
[dump]   top4 idx=1984 val=2.17648
[dump] L42.hcmix  n=40960   finite=1 absmax=12.721       mean=0.032159     sumsq=21787.54328        argmax=1984
[dump]   top0 idx=1984 val=6.10186
[dump]   top1 idx=138 val=5.70046
[dump]   top2 idx=30042 val=4.61682
[dump]   top3 idx=14422 val=4.49260
[dump]   top4 idx=37858 val=3.57335
[dump] L42.att    n=40960   finite=1 absmax=0.732        mean=0.00091517   sumsq=138.7267527        argmax=23522
[dump]   top0 idx=23522 val=0.40365
[dump]   top1 idx=20962 val=0.36965
[dump]   top2 idx=18402 val=0.35753
[dump]   top3 idx=39393 val=0.35649
[dump]   top4 idx=10722 val=0.33714
[dump] L42.fmix   n=40960   finite=1 absmax=5.5598       mean=0.041987     sumsq=49492.31221        argmax=8681
[dump]   top0 idx=8681 val=5.55975
[dump]   top1 idx=33683 val=5.09431
[dump]   top2 idx=21424 val=4.94228
[dump]   top3 idx=29042 val=4.81067
[dump]   top4 idx=31664 val=4.78676
[dump] L42.mid    n=160     finite=1 absmax=0 mean=0 sumsq=0 ids: 294 151 366 248 283 322 212 393 83 53 455 78 357 3 466 250 293 276 279 319 357 455 279 302 14 276 495 341 53 78 474 42 21 39 141 455 105 414 51 108 39 59 455 21 92 414 65 78 276 490 53 506 215 507 151 14 276 248 348 357 310 3 110 140 231 53 276 357 5 90 140 310 3 110 455 354 53 276 357 248 310 341 3 191 110 182 283 455 140 136 341 391 3 110 269 278 310 357 283 191 310 3 151 105 227 333 110 455 6 78 3 337 212 140 193 310 451 5 308 117 3 310 140 5 466 151 110 121 212 411 321 212 446 3 399 6 509 7 341 310 212 310 7 494 3 399 509 358 498 83 212 3 509 310 498 140 83 290 399 6
[dump] L42.moe    n=40960   finite=1 absmax=0.25308      mean=0.00063481   sumsq=76.86019182        argmax=36682
[dump]   top0 idx=36682 val=0.25308
[dump]   top1 idx=38053 val=0.21151
[dump]   top2 idx=37677 val=0.21111
[dump]   top3 idx=544 val=0.20877
[dump]   top4 idx=36044 val=0.19917
[dump] L42.res    n=163840  finite=1 absmax=6.0126       mean=0.0053171    sumsq=6173.454621        argmax=1827
[dump]   top0 idx=1827 val=3.15821
[dump]   top1 idx=114522 val=2.94281
[dump]   top2 idx=138 val=2.65442
[dump]   top3 idx=63322 val=2.55773
[dump]   top4 idx=1984 val=2.28109
[dump] L43.hcmix  n=40960   finite=1 absmax=4.0981       mean=0.0073622    sumsq=2809.064659        argmax=21362
[dump]   top0 idx=21362 val=4.09814
[dump]   top1 idx=23922 val=4.02097
[dump]   top2 idx=29042 val=3.77687
[dump]   top3 idx=31602 val=3.70165
[dump]   top4 idx=39282 val=3.63304
[dump] L43.att    n=40960   finite=1 absmax=0.54649      mean=0.0026689    sumsq=188.8763243        argmax=28888
[dump]   top0 idx=28888 val=0.50528
[dump]   top1 idx=16751 val=0.50317
[dump]   top2 idx=29551 val=0.48429
[dump]   top3 idx=16088 val=0.45906
[dump]   top4 idx=30398 val=0.45486
[dump] L43.fmix   n=40960   finite=1 absmax=5.4473       mean=0.039605     sumsq=36413.75235        argmax=25380
[dump]   top0 idx=25380 val=5.44731
[dump]   top1 idx=33683 val=4.15908
[dump]   top2 idx=29120 val=4.10660
[dump]   top3 idx=23020 val=4.07166
[dump]   top4 idx=36999 val=3.96108
[dump] L43.mid    n=160     finite=1 absmax=0 mean=0 sumsq=0 ids: 300 180 86 133 13 91 413 60 64 278 44 300 166 124 471 293 24 266 363 499 293 117 300 417 124 505 166 499 483 471 300 439 371 293 19 257 42 189 221 70 300 221 257 219 371 376 439 80 348 132 300 10 499 133 331 337 472 26 146 286 300 499 462 146 64 337 219 293 363 483 300 499 86 146 374 101 117 337 462 363 300 121 86 97 451 499 145 462 120 293 300 483 266 462 293 270 216 299 430 18 300 496 323 86 90 182 117 278 293 64 300 86 499 0 227 337 61 272 451 133 300 86 499 462 133 483 363 64 417 436 300 325 248 86 202 436 499 133 355 259 300 325 86 499 14 146 337 347 117 4 300 86 325 499 436 99 462 98 337 483
[dump] L43.moe    n=40960   finite=1 absmax=0.25764      mean=0.00023644   sumsq=42.3842838         argmax=28742
[dump]   top0 idx=28742 val=0.25764
[dump]   top1 idx=29516 val=0.19642
[dump]   top2 idx=31302 val=0.17903
[dump]   top3 idx=30262 val=0.17708
[dump]   top4 idx=28436 val=0.15718
[dump] L43.res    n=163840  finite=1 absmax=6.0328       mean=0.0062511    sumsq=6779.68229         argmax=114522
[dump]   top0 idx=114522 val=3.19166
[dump]   top1 idx=1827 val=3.01680
[dump]   top2 idx=63322 val=2.66003
[dump]   top3 idx=138 val=2.64816
[dump]   top4 idx=51682 val=2.24945
[dump] L44.hcmix  n=40960   finite=1 absmax=23.091       mean=0.030834     sumsq=19451.16861        argmax=138
[dump]   top0 idx=138 val=8.64497
[dump]   top1 idx=1984 val=7.70815
[dump]   top2 idx=13282 val=6.94090
[dump]   top3 idx=1827 val=6.31882
[dump]   top4 idx=8162 val=6.07689
[dump] L44.att    n=40960   finite=1 absmax=4.7302       mean=0.0050013    sumsq=1182.053936        argmax=9867
[dump]   top0 idx=9867 val=4.01652
[dump]   top1 idx=1827 val=3.85764
[dump]   top2 idx=27787 val=3.22398
[dump]   top3 idx=2187 val=2.85052
[dump]   top4 idx=12427 val=2.69198
[dump] L44.fmix   n=40960   finite=1 absmax=7.872        mean=0.052873     sumsq=51097.23873        argmax=26903
[dump]   top0 idx=26903 val=5.73613
[dump]   top1 idx=25380 val=5.55464
[dump]   top2 idx=31821 val=5.47597
[dump]   top3 idx=1500 val=5.47140
[dump]   top4 idx=29261 val=5.44108
[dump] L44.mid    n=160     finite=1 absmax=0 mean=0 sumsq=0 ids: 56 433 263 174 338 405 51 209 277 142 505 1 472 441 303 402 426 39 290 358 39 24 285 472 505 287 103 396 441 135 24 339 27 260 117 311 182 422 25 417 117 260 303 24 133 258 328 466 414 119 174 296 248 169 395 59 56 172 361 433 117 24 260 87 59 303 472 418 174 213 87 395 338 248 59 81 433 209 441 174 283 59 501 87 287 447 21 490 371 135 472 287 190 303 45 447 401 501 371 39 416 102 24 377 61 56 490 87 338 476 87 338 433 61 207 248 209 284 24 119 87 433 24 338 248 61 207 213 209 119 437 87 61 150 340 303 433 207 386 209 61 35 96 424 150 207 87 209 56 119 87 61 119 207 150 174 209 187 424 435
[dump] L44.moe    n=40960   finite=1 absmax=0.30549      mean=7.6502e-05   sumsq=44.36643112        argmax=14141
[dump]   top0 idx=14141 val=0.18080
[dump]   top1 idx=17101 val=0.17071
[dump]   top2 idx=13915 val=0.16216
[dump]   top3 idx=9067 val=0.15934
[dump]   top4 idx=15138 val=0.14934
[dump] L44.res    n=163840  finite=1 absmax=10.173       mean=0.0082126    sumsq=10797.6899         argmax=1827
[dump]   top0 idx=1827 val=8.51951
[dump]   top1 idx=138 val=5.86072
[dump]   top2 idx=32907 val=5.69874
[dump]   top3 idx=1736 val=4.51206
[dump]   top4 idx=104587 val=4.04418
[dump] L45.hcmix  n=40960   finite=1 absmax=11.487       mean=0.032936     sumsq=19583.60509        argmax=138
[dump]   top0 idx=138 val=9.30841
[dump]   top1 idx=1736 val=5.60012
[dump]   top2 idx=1500 val=4.68793
[dump]   top3 idx=18802 val=4.12085
[dump]   top4 idx=11122 val=3.84814
[dump] L45.att    n=40960   finite=1 absmax=2.5677       mean=0.0057472    sumsq=2709.970647        argmax=30042
[dump]   top0 idx=30042 val=2.26438
[dump]   top1 idx=17170 val=2.19833
[dump]   top2 idx=19730 val=2.06849
[dump]   top3 idx=32602 val=2.05129
[dump]   top4 idx=27482 val=1.94443
[dump] L45.fmix   n=40960   finite=1 absmax=8.7678       mean=0.051282     sumsq=54099.69988        argmax=28794
[dump]   top0 idx=28794 val=6.09905
[dump]   top1 idx=31821 val=6.08172
[dump]   top2 idx=1500 val=5.88578
[dump]   top3 idx=19715 val=5.56403
[dump]   top4 idx=29261 val=5.46814
[dump] L45.mid    n=160     finite=1 absmax=0 mean=0 sumsq=0 ids: 237 48 475 227 22 51 303 406 215 442 237 149 269 222 455 223 488 391 156 231 316 222 237 488 7 505 391 231 385 87 237 292 274 332 263 176 123 68 60 371 176 263 68 323 391 214 237 505 492 443 198 237 152 484 169 270 442 235 51 22 237 229 263 235 51 176 391 75 505 225 237 303 51 152 75 186 391 22 235 442 237 29 79 156 185 229 12 142 219 0 131 222 156 219 185 142 62 385 99 338 237 108 303 443 335 51 127 102 220 511 237 303 87 51 443 497 235 220 22 229 237 51 229 127 443 75 22 442 235 303 443 237 277 116 393 177 257 75 385 51 443 237 389 303 393 431 486 257 177 461 443 237 51 486 393 75 431 303 218 257
[dump] L45.moe    n=40960   finite=1 absmax=0.23726      mean=-0.00052134  sumsq=63.55381457        argmax=28159
[dump]   top0 idx=28159 val=0.23726
[dump]   top1 idx=29111 val=0.22718
[dump]   top2 idx=26468 val=0.19321
[dump]   top3 idx=24263 val=0.18236
[dump]   top4 idx=36097 val=0.18004
[dump] L45.res    n=163840  finite=1 absmax=10.253       mean=0.010546     sumsq=19254.16275        argmax=1827
[dump]   top0 idx=1827 val=8.45811
[dump]   top1 idx=138 val=5.98988
[dump]   top2 idx=32907 val=5.98463
[dump]   top3 idx=117082 val=5.04080
[dump]   top4 idx=114522 val=4.91952
[dump] L46.hcmix  n=40960   finite=1 absmax=9.1138       mean=0.033995     sumsq=27335.88703        argmax=932
[dump]   top0 idx=932 val=9.11376
[dump]   top1 idx=138 val=7.75672
[dump]   top2 idx=30042 val=6.82781
[dump]   top3 idx=1810 val=6.81343
[dump]   top4 idx=17170 val=6.72845
[dump] L46.att    n=40960   finite=1 absmax=5.5333       mean=0.0041479    sumsq=3875.958748        argmax=18554
[dump]   top0 idx=18554 val=5.53334
[dump]   top1 idx=12427 val=4.88318
[dump]   top2 idx=21114 val=4.62154
[dump]   top3 idx=26234 val=4.38133
[dump]   top4 idx=15994 val=4.04463
[dump] L46.fmix   n=40960   finite=1 absmax=7.9584       mean=0.042801     sumsq=54784.148          argmax=26234
[dump]   top0 idx=26234 val=7.05242
[dump]   top1 idx=30042 val=6.85339
[dump]   top2 idx=5051 val=5.91662
[dump]   top3 idx=28794 val=5.89024
[dump]   top4 idx=31354 val=5.72642
[dump] L46.mid    n=160     finite=1 absmax=0 mean=0 sumsq=0 ids: 25 338 230 297 348 77 31 60 239 477 25 384 68 38 426 227 333 247 230 138 25 38 227 510 246 257 296 31 219 54 25 427 459 508 397 60 343 301 361 147 459 25 3 427 318 276 397 122 205 164 81 25 341 230 383 348 283 246 284 389 25 81 56 459 230 281 296 343 419 14 25 56 60 81 230 163 437 167 383 348 25 56 81 294 227 54 269 119 491 165 25 337 56 231 123 119 269 191 491 438 25 56 60 63 377 456 491 19 257 67 25 56 60 348 230 67 419 6 497 81 25 56 60 348 81 67 343 215 389 230 25 98 474 60 56 497 491 105 430 264 25 298 56 494 81 463 60 16 275 180 25 56 60 343 81 67 348 500 297 497
[dump] L46.moe    n=40960   finite=1 absmax=0.31002      mean=-0.0003249   sumsq=114.1006936        argmax=16387
[dump]   top0 idx=16387 val=0.31002
[dump]   top1 idx=26551 val=0.30755
[dump]   top2 idx=7257 val=0.27558
[dump]   top3 idx=29111 val=0.27529
[dump]   top4 idx=1027 val=0.26103
[dump] L46.res    n=163840  finite=1 absmax=10.271       mean=0.011856     sumsq=27737.68074        argmax=74874
[dump]   top0 idx=74874 val=9.20126
[dump]   top1 idx=1827 val=8.54908
[dump]   top2 idx=45707 val=8.36361
[dump]   top3 idx=85114 val=8.21744
[dump]   top4 idx=105594 val=7.74718
[dump] L47.hcmix  n=40960   finite=1 absmax=8.1732       mean=0.014858     sumsq=11411.75662        argmax=1827
[dump]   top0 idx=1827 val=6.31016
[dump]   top1 idx=30042 val=4.08138
[dump]   top2 idx=138 val=4.02722
[dump]   top3 idx=2682 val=3.32712
[dump]   top4 idx=18402 val=3.15439
[dump] L47.att    n=40960   finite=1 absmax=2.9165       mean=-0.0031115   sumsq=986.0462677        argmax=2314
[dump]   top0 idx=2314 val=2.91650
[dump]   top1 idx=722 val=1.89671
[dump]   top2 idx=579 val=1.43426
[dump]   top3 idx=1027 val=1.41638
[dump]   top4 idx=1202 val=1.34442
[dump] L47.fmix   n=2560    finite=1 absmax=6.1581       mean=0.0079572    sumsq=3262.252192        argmax=122
[dump]   top0 idx=122 val=4.92528
[dump]   top1 idx=1795 val=4.60743
[dump]   top2 idx=1429 val=4.39342
[dump]   top3 idx=2396 val=3.42688
[dump]   top4 idx=1101 val=3.37638
[dump] L47.mid    n=10      finite=1 absmax=0 mean=0 sumsq=0 ids: 186 352 95 417 422 103 179 444 450 340
[dump] L47.moe    n=2560    finite=1 absmax=0.64076      mean=-0.00060783  sumsq=17.17483696        argmax=951
[dump]   top0 idx=951 val=0.64076
[dump]   top1 idx=617 val=0.46671
[dump]   top2 idx=192 val=0.37967
[dump]   top3 idx=2213 val=0.35919
[dump]   top4 idx=92 val=0.33668
[dump] L47.res    n=10240   finite=1 absmax=5.1319       mean=0.0024789    sumsq=1507.496158        argmax=4370
[dump]   top0 idx=4370 val=3.13652
[dump]   top1 idx=5002 val=2.46195
[dump]   top2 idx=1882 val=2.31195
[dump]   top3 idx=4442 val=2.01993
[dump]   top4 idx=3353 val=2.00001
[dump] L00.hcmix  n=40960   finite=1 absmax=11.76        mean=0.030367     sumsq=31742.15024        argmax=37477
[dump]   top0 idx=37477 val=8.54350
[dump]   top1 idx=28717 val=7.80254
[dump]   top2 idx=37232 val=7.59833
[dump]   top3 idx=40037 val=7.40860
[dump]   top4 idx=38321 val=7.01997
[dump] L00.att    n=40960   finite=1 absmax=1.0866       mean=0.00022953   sumsq=449.7347614        argmax=2565
[dump]   top0 idx=2565 val=1.08664
[dump]   top1 idx=5 val=1.00970
[dump]   top2 idx=12805 val=0.94685
[dump]   top3 idx=5125 val=0.92478
[dump]   top4 idx=7685 val=0.91633
[dump] L00.fmix   n=40960   finite=1 absmax=2.7863       mean=0.0034925    sumsq=7318.779532        argmax=231
[dump]   top0 idx=231 val=2.36255
[dump]   top1 idx=268 val=2.32700
[dump]   top2 idx=22265 val=2.27917
[dump]   top3 idx=34347 val=2.24170
[dump]   top4 idx=37661 val=2.07894
[dump] L00.mid    n=160     finite=1 absmax=0 mean=0 sumsq=0 ids: 215 372 109 371 90 453 220 28 396 205 459 95 348 432 352 403 394 327 237 43 24 164 270 350 368 418 54 317 459 501 173 15 386 492 253 68 503 291 37 222 479 10 175 322 501 66 376 64 7 350 128 465 108 496 494 206 442 74 504 94 118 481 174 89 253 2 113 197 147 138 232 99 39 291 132 187 346 24 53 27 468 174 367 377 15 500 505 339 399 37 138 147 367 174 15 37 432 119 500 399 226 9 270 425 290 176 247 136 102 198 507 30 462 226 24 221 8 368 54 441 49 221 73 129 11 113 382 117 106 237 226 40 490 146 344 488 483 122 374 397 56 226 288 135 201 96 124 405 34 310 226 487 469 490 146 51 355 365 344 284
[dump] L00.moe    n=40960   finite=1 absmax=0.35476      mean=0.00043193   sumsq=37.30712321        argmax=1682
[dump]   top0 idx=1682 val=0.35476
[dump]   top1 idx=579 val=0.29842
[dump]   top2 idx=5 val=0.28178
[dump]   top3 idx=1500 val=0.27366
[dump]   top4 idx=23768 val=0.24801
[dump] L00.res    n=163840  finite=1 absmax=0.37763      mean=0.00038182   sumsq=75.25109259        argmax=46085
[dump]   top0 idx=46085 val=0.37763
[dump]   top1 idx=15365 val=0.32708
[dump]   top2 idx=76805 val=0.32478
[dump]   top3 idx=56325 val=0.31184
[dump]   top4 idx=138245 val=0.29906
[dump] L01.hcmix  n=40960   finite=1 absmax=3.5828       mean=0.01128      sumsq=8006.503246        argmax=7685
[dump]   top0 idx=7685 val=3.58278
[dump]   top1 idx=2565 val=3.39217
[dump]   top2 idx=17925 val=3.19455
[dump]   top3 idx=23045 val=3.18298
[dump]   top4 idx=10245 val=3.12179
[dump] L01.att    n=40960   finite=1 absmax=1.309        mean=-0.0039659   sumsq=774.8562845        argmax=14273
[dump]   top0 idx=14273 val=1.30900
[dump]   top1 idx=11713 val=1.15927
[dump]   top2 idx=6593 val=1.15191
[dump]   top3 idx=28491 val=1.12951
[dump]   top4 idx=5451 val=1.11806
[dump] L01.fmix   n=40960   finite=1 absmax=3.3254       mean=0.00018787   sumsq=6641.800838        argmax=4046
[dump]   top0 idx=4046 val=3.32542
[dump]   top1 idx=33285 val=2.60666
[dump]   top2 idx=25605 val=2.55110
[dump]   top3 idx=17925 val=2.52035
[dump]   top4 idx=35845 val=2.36411
[dump] L01.mid    n=160     finite=1 absmax=0 mean=0 sumsq=0 ids: 19 320 157 131 165 225 345 205 446 186 131 10 128 348 486 500 103 19 303 196 168 210 381 441 458 81 289 207 27 445 86 91 500 341 19 447 67 41 425 348 326 429 499 441 458 233 319 296 313 81 282 5 382 500 101 443 349 177 307 425 151 54 253 473 41 282 425 117 139 140 372 103 431 64 1 196 409 348 345 286 496 21 372 371 431 500 409 314 44 1 496 122 44 371 20 163 41 169 54 78 149 377 496 98 500 81 86 289 425 507 81 168 458 54 139 507 377 169 121 98 500 118 377 81 323 54 289 425 98 131 500 140 149 127 205 67 249 412 289 425 149 500 205 280 19 26 265 87 306 412 330 385 285 323 459 311 495 450 369 22
[dump] L01.moe    n=40960   finite=1 absmax=0.22226      mean=0.00012883   sumsq=2.859981822        argmax=1832
[dump]   top0 idx=1832 val=0.06782
[dump]   top1 idx=2010 val=0.05540
[dump]   top2 idx=1531 val=0.05507
[dump]   top3 idx=855 val=0.05451
[dump]   top4 idx=26455 val=0.05410
[dump] L01.res    n=163840  finite=1 absmax=0.44665      mean=0.00086498   sumsq=141.6774625        argmax=46085
[dump]   top0 idx=46085 val=0.37544
[dump]   top1 idx=15365 val=0.32875
[dump]   top2 idx=76805 val=0.32445
[dump]   top3 idx=56325 val=0.31175
[dump]   top4 idx=138245 val=0.29960
[dump] L02.hcmix  n=40960   finite=1 absmax=10.696       mean=0.010413     sumsq=12275.60743        argmax=10245
[dump]   top0 idx=10245 val=4.40305
[dump]   top1 idx=3415 val=4.22272
[dump]   top2 idx=25605 val=4.20525
[dump]   top3 idx=17925 val=4.19925
[dump]   top4 idx=15365 val=4.19056
[dump] L02.att    n=40960   finite=1 absmax=3.0882       mean=0.0049858    sumsq=524.4504985        argmax=2010
[dump]   top0 idx=2010 val=1.25582
[dump]   top1 idx=403 val=0.80978
[dump]   top2 idx=2293 val=0.75753
[dump]   top3 idx=348 val=0.70048
[dump]   top4 idx=913 val=0.68048
[dump] L02.fmix   n=40960   finite=1 absmax=5.2914       mean=0.010458     sumsq=6600.394119        argmax=12655
[dump]   top0 idx=12655 val=2.07445
[dump]   top1 idx=24008 val=1.87715
[dump]   top2 idx=15072 val=1.85464
[dump]   top3 idx=7392 val=1.82036
[dump]   top4 idx=4046 val=1.78313
[dump] L02.mid    n=160     finite=1 absmax=0 mean=0 sumsq=0 ids: 75 12 209 68 137 403 257 272 87 255 75 42 169 139 22 479 356 192 61 376 75 141 42 169 13 61 355 356 430 102 75 259 427 32 440 61 466 371 12 356 410 433 355 124 252 407 75 133 76 341 32 103 123 75 9 22 285 259 426 69 70 124 75 165 402 355 133 191 356 52 22 75 69 170 145 35 430 61 356 180 230 22 75 480 260 356 102 285 61 506 75 230 22 356 152 61 285 260 431 480 75 61 185 431 459 482 385 22 52 319 430 75 385 52 421 13 316 88 388 275 75 70 385 72 503 205 376 382 16 133 75 275 187 61 32 13 272 12 420 31 75 507 399 225 129 275 272 161 495 61 265 397 309 352 167 275 406 165 75 173
[dump] L02.moe    n=40960   finite=1 absmax=0.10461      mean=0.00031603   sumsq=3.1998533          argmax=23308
[dump]   top0 idx=23308 val=0.10461
[dump]   top1 idx=20748 val=0.09189
[dump]   top2 idx=3288 val=0.09056
[dump]   top3 idx=5388 val=0.08286
[dump]   top4 idx=951 val=0.08256
[dump] L02.res    n=163840  finite=1 absmax=0.4129       mean=0.0011668    sumsq=163.6232107        argmax=46085
[dump]   top0 idx=46085 val=0.38493
[dump]   top1 idx=46808 val=0.37678
[dump]   top2 idx=98008 val=0.35875
[dump]   top3 idx=15365 val=0.35526
[dump]   top4 idx=128728 val=0.34225
[dump] L03.hcmix  n=40960   finite=1 absmax=6.2113       mean=0.014091     sumsq=4463.860869        argmax=5908
[dump]   top0 idx=5908 val=4.58499
[dump]   top1 idx=16148 val=4.44777
[dump]   top2 idx=13588 val=4.39623
[dump]   top3 idx=25605 val=4.24316
[dump]   top4 idx=10245 val=4.22451
[dump] L03.att    n=40960   finite=1 absmax=0.91906      mean=-0.0026557   sumsq=293.3046845        argmax=522
[dump]   top0 idx=522 val=0.77064
[dump]   top1 idx=1832 val=0.64989
[dump]   top2 idx=667 val=0.56205
[dump]   top3 idx=983 val=0.55267
[dump]   top4 idx=1578 val=0.55263
[dump] L03.fmix   n=40960   finite=1 absmax=3.3338       mean=0.01641      sumsq=12570.28249        argmax=4046
[dump]   top0 idx=4046 val=3.19382
[dump]   top1 idx=10968 val=3.14982
[dump]   top2 idx=33997 val=2.99111
[dump]   top3 idx=3288 val=2.91259
[dump]   top4 idx=8408 val=2.67275
[dump] L03.mid    n=160     finite=1 absmax=0 mean=0 sumsq=0 ids: 243 143 190 405 470 223 205 253 371 231 476 47 405 231 228 343 441 473 243 277 343 112 47 71 146 21 405 486 231 470 231 190 441 228 418 146 470 504 101 484 146 299 419 406 451 254 484 169 228 27 441 443 418 190 156 494 231 347 228 149 296 146 396 193 189 21 307 467 419 77 17 296 193 189 32 231 190 485 295 200 365 190 396 296 295 271 200 307 509 449 189 296 190 307 101 149 365 295 418 480 74 418 231 190 104 365 228 257 449 152 74 71 257 81 112 190 91 365 262 101 74 257 190 277 365 101 146 224 83 343 441 504 194 315 190 101 231 206 318 418 315 364 86 185 104 101 194 441 31 184 467 396 101 218 472 271 441 365 102 104
[dump] L03.moe    n=40960   finite=1 absmax=0.054291     mean=6.2659e-05   sumsq=3.685493666        argmax=22718
[dump]   top0 idx=22718 val=0.04624
[dump]   top1 idx=29614 val=0.04608
[dump]   top2 idx=28855 val=0.04391
[dump]   top3 idx=11687 val=0.03954
[dump]   top4 idx=29681 val=0.03932
[dump] L03.res    n=163840  finite=1 absmax=0.3948       mean=0.0011196    sumsq=169.5547157        argmax=46085
[dump]   top0 idx=46085 val=0.38633
[dump]   top1 idx=46808 val=0.37749
[dump]   top2 idx=98008 val=0.35741
[dump]   top3 idx=15365 val=0.35423
[dump]   top4 idx=128728 val=0.34237
[dump] L04.hcmix  n=40960   finite=1 absmax=8.561        mean=0.020301     sumsq=13130.85366        argmax=25605
[dump]   top0 idx=25605 val=5.11239
[dump]   top1 idx=15365 val=5.00641
[dump]   top2 idx=5 val=4.83528
[dump]   top3 idx=17925 val=4.83223
[dump]   top4 idx=10245 val=4.81897
[dump] L04.att    n=40960   finite=1 absmax=0.65504      mean=-0.0015018   sumsq=208.3007554        argmax=29813
[dump]   top0 idx=29813 val=0.65504
[dump]   top1 idx=9333 val=0.50399
[dump]   top2 idx=32373 val=0.49995
[dump]   top3 idx=34933 val=0.47614
[dump]   top4 idx=10871 val=0.46336
[dump] L04.fmix   n=40960   finite=1 absmax=3.2783       mean=0.014709     sumsq=14265.67683        argmax=4046
[dump]   top0 idx=4046 val=3.27826
[dump]   top1 idx=22230 val=2.98050
[dump]   top2 idx=22265 val=2.85323
[dump]   top3 idx=22766 val=2.74341
[dump]   top4 idx=22718 val=2.73873
[dump] L04.mid    n=160     finite=1 absmax=0 mean=0 sumsq=0 ids: 3 309 119 392 252 307 486 106 41 453 309 385 274 453 402 410 252 277 123 62 309 505 385 41 293 479 414 251 299 36 309 410 421 414 252 204 496 500 453 454 204 36 309 378 414 333 72 366 159 379 153 41 274 410 207 491 259 204 106 36 455 479 36 16 303 321 413 204 174 91 41 21 309 134 282 453 410 106 312 500 504 21 177 134 41 282 351 150 221 309 256 309 504 491 221 293 500 21 436 453 453 293 309 436 410 299 500 375 445 69 425 309 204 252 36 483 476 12 41 504 500 309 150 345 282 136 410 453 323 174 106 309 274 453 41 410 186 252 259 496 395 468 391 309 306 192 274 324 106 89 177 309 186 172 244 467 80 89 100 193
[dump] L04.moe    n=40960   finite=1 absmax=0.094853     mean=0.00010768   sumsq=7.236647098        argmax=13437
[dump]   top0 idx=13437 val=0.09097
[dump]   top1 idx=14936 val=0.09017
[dump]   top2 idx=13941 val=0.08637
[dump]   top3 idx=13197 val=0.08188
[dump]   top4 idx=14939 val=0.07711
[dump] L04.res    n=163840  finite=1 absmax=0.40569      mean=0.0010942    sumsq=190.623862         argmax=46085
[dump]   top0 idx=46085 val=0.38587
[dump]   top1 idx=46808 val=0.37782
[dump]   top2 idx=98008 val=0.35448
[dump]   top3 idx=15365 val=0.35411
[dump]   top4 idx=128728 val=0.34228
[dump] L05.hcmix  n=40960   finite=1 absmax=12.036       mean=0.01242      sumsq=12780.68641        argmax=29813
[dump]   top0 idx=29813 val=9.54170
[dump]   top1 idx=34933 val=5.66853
[dump]   top2 idx=1653 val=5.35198
[dump]   top3 idx=14453 val=4.34024
[dump]   top4 idx=1500 val=4.24022
[dump] L05.att    n=40960   finite=1 absmax=7.0958       mean=-0.0013874   sumsq=328.7917062        argmax=1500
[dump]   top0 idx=1500 val=1.98728
[dump]   top1 idx=788 val=0.90195
[dump]   top2 idx=5751 val=0.78471
[dump]   top3 idx=2121 val=0.78230
[dump]   top4 idx=1787 val=0.69985
[dump] L05.fmix   n=40960   finite=1 absmax=2.6418       mean=0.0089663    sumsq=10632.88049        argmax=10596
[dump]   top0 idx=10596 val=2.64184
[dump]   top1 idx=1009 val=2.55169
[dump]   top2 idx=11241 val=2.51275
[dump]   top3 idx=21685 val=2.44670
[dump]   top4 idx=37045 val=2.43323
[dump] L05.mid    n=160     finite=1 absmax=0 mean=0 sumsq=0 ids: 392 42 56 353 386 291 236 175 228 98 104 505 439 274 216 268 81 220 402 420 497 269 400 136 126 274 347 380 130 422 395 140 118 216 169 236 417 200 400 224 497 200 269 227 365 77 323 440 338 400 310 142 228 468 1 140 236 124 98 436 269 418 36 210 360 400 18 67 77 38 314 291 102 390 239 124 2 224 364 14 390 452 280 102 449 291 191 120 140 169 140 452 291 169 102 420 328 390 344 38 328 192 177 344 505 418 429 302 314 291 291 314 38 177 269 344 216 136 440 239 104 38 291 216 177 344 402 418 134 395 288 140 104 236 344 446 14 142 326 291 53 344 116 133 298 288 2 177 291 114 418 17 18 177 344 404 269 451 61 453
[dump] L05.moe    n=40960   finite=1 absmax=0.093729     mean=0.00058545   sumsq=3.79127964         argmax=3139
[dump]   top0 idx=3139 val=0.04785
[dump]   top1 idx=7573 val=0.04517
[dump]   top2 idx=34165 val=0.04471
[dump]   top3 idx=524 val=0.04385
[dump]   top4 idx=24581 val=0.04346
[dump] L05.res    n=163840  finite=1 absmax=2.8828       mean=0.0012195    sumsq=227.9563507        argmax=1500
[dump]   top0 idx=1500 val=0.78902
[dump]   top1 idx=46085 val=0.38468
[dump]   top2 idx=46808 val=0.37843
[dump]   top3 idx=788 val=0.35696
[dump]   top4 idx=98008 val=0.35364
[dump] L06.hcmix  n=40960   finite=1 absmax=18.795       mean=0.014719     sumsq=11124.34685        argmax=1500
[dump]   top0 idx=1500 val=8.34621
[dump]   top1 idx=5 val=4.89325
[dump]   top2 idx=25605 val=4.81562
[dump]   top3 idx=15365 val=4.74748
[dump]   top4 idx=17925 val=4.65971
[dump] L06.att    n=40960   finite=1 absmax=1.5857       mean=-0.0023752   sumsq=1053.452674        argmax=3042
[dump]   top0 idx=3042 val=1.58574
[dump]   top1 idx=5602 val=1.46480
[dump]   top2 idx=8162 val=1.31939
[dump]   top3 idx=8631 val=1.31064
[dump]   top4 idx=10722 val=1.30950
[dump] L06.fmix   n=40960   finite=1 absmax=3.4986       mean=0.016114     sumsq=13950.46851        argmax=11241
[dump]   top0 idx=11241 val=3.12045
[dump]   top1 idx=11585 val=2.62623
[dump]   top2 idx=35985 val=2.60289
[dump]   top3 idx=10936 val=2.57513
[dump]   top4 idx=17377 val=2.54552
[dump] L06.mid    n=160     finite=1 absmax=0 mean=0 sumsq=0 ids: 223 33 283 394 379 40 439 159 256 152 394 40 67 439 94 474 409 329 346 172 89 71 380 244 367 206 55 43 202 387 197 244 352 398 59 267 43 433 305 149 278 212 486 503 89 423 197 82 300 45 97 152 67 191 227 144 295 91 398 503 502 348 323 314 273 107 315 312 450 2 295 408 172 496 227 304 503 184 333 461 295 210 290 77 209 387 411 464 54 191 295 503 299 39 77 431 95 411 290 282 95 282 245 477 475 71 163 431 485 141 69 440 245 477 91 295 467 89 107 256 413 492 123 270 75 503 40 486 261 494 152 326 127 159 375 123 278 69 133 390 63 307 275 488 173 157 352 130 78 356 212 341 353 85 278 337 486 275 300 393
[dump] L06.moe    n=40960   finite=1 absmax=0.082402     mean=0.00012753   sumsq=7.076680384        argmax=33173
[dump]   top0 idx=33173 val=0.08240
[dump]   top1 idx=39402 val=0.06619
[dump]   top2 idx=7546 val=0.06572
[dump]   top3 idx=39934 val=0.06477
[dump]   top4 idx=39261 val=0.06384
[dump] L06.res    n=163840  finite=1 absmax=2.9109       mean=0.0012192    sumsq=251.5253322        argmax=1500
[dump]   top0 idx=1500 val=0.79903
[dump]   top1 idx=46085 val=0.38222
[dump]   top2 idx=46808 val=0.37837
[dump]   top3 idx=98008 val=0.35403
[dump]   top4 idx=788 val=0.35141
[dump] L07.hcmix  n=40960   finite=1 absmax=15.225       mean=0.0080373    sumsq=5495.608562        argmax=17925
[dump]   top0 idx=17925 val=4.19831
[dump]   top1 idx=15365 val=4.16074
[dump]   top2 idx=25605 val=4.11541
[dump]   top3 idx=10245 val=4.02381
[dump]   top4 idx=12805 val=3.99489
[dump] L07.att    n=40960   finite=1 absmax=2.4507       mean=0.00045698   sumsq=708.3449096        argmax=951
[dump]   top0 idx=951 val=2.45072
[dump]   top1 idx=1736 val=1.79691
[dump]   top2 idx=1134 val=1.68544
[dump]   top3 idx=1795 val=1.61694
[dump]   top4 idx=47 val=1.38509
[dump] L07.fmix   n=40960   finite=1 absmax=2.828        mean=0.017065     sumsq=11518.17722        argmax=32106
[dump]   top0 idx=32106 val=2.30598
[dump]   top1 idx=11241 val=2.24127
[dump]   top2 idx=11675 val=2.22641
[dump]   top3 idx=10871 val=2.14818
[dump]   top4 idx=17974 val=2.11296
[dump] L07.mid    n=160     finite=1 absmax=0 mean=0 sumsq=0 ids: 165 351 159 346 432 455 242 8 163 303 159 367 486 194 346 351 366 325 50 8 256 456 340 369 486 265 50 203 403 502 486 301 156 504 445 242 179 303 340 472 203 83 393 71 149 504 146 293 194 358 242 165 84 287 60 451 445 22 303 169 502 486 194 50 309 69 403 198 237 297 411 296 159 358 227 256 223 340 304 464 70 411 152 403 294 359 368 462 188 169 70 403 411 194 294 142 152 252 368 359 41 369 194 8 411 498 456 486 87 338 358 455 87 464 194 411 203 363 50 456 50 511 87 82 369 281 403 486 194 69 358 445 87 509 50 252 471 159 242 498 365 77 194 196 405 117 328 279 8 5 418 400 502 3 501 124 198 313 511 48
[dump] L07.moe    n=40960   finite=1 absmax=0.091976     mean=0.00027203   sumsq=4.958082043        argmax=30613
[dump]   top0 idx=30613 val=0.07852
[dump]   top1 idx=17813 val=0.07288
[dump]   top2 idx=13324 val=0.06248
[dump]   top3 idx=18569 val=0.05716
[dump]   top4 idx=29365 val=0.05514
[dump] L07.res    n=163840  finite=1 absmax=2.8856       mean=0.0013506    sumsq=266.7187266        argmax=1500
[dump]   top0 idx=1500 val=0.79593
[dump]   top1 idx=71573 val=0.42303
[dump]   top2 idx=46085 val=0.38286
[dump]   top3 idx=46808 val=0.37466
[dump]   top4 idx=122773 val=0.35343
[dump] L08.hcmix  n=40960   finite=1 absmax=5.3422       mean=0.024059     sumsq=10151.83154        argmax=17813
[dump]   top0 idx=17813 val=5.34221
[dump]   top1 idx=30613 val=4.56126
[dump]   top2 idx=28791 val=4.41088
[dump]   top3 idx=10871 val=3.86267
[dump]   top4 idx=7573 val=3.81015
[dump] L08.att    n=40960   finite=1 absmax=0.1946       mean=0.00090985   sumsq=30.57609161        argmax=38756
[dump]   top0 idx=38756 val=0.19460
[dump]   top1 idx=16565 val=0.16426
[dump]   top2 idx=39605 val=0.16027
[dump]   top3 idx=40195 val=0.14586
[dump]   top4 idx=37045 val=0.14460
[dump] L08.fmix   n=40960   finite=1 absmax=4.8824       mean=0.022405     sumsq=11123.68356        argmax=1500
[dump]   top0 idx=1500 val=4.88235
[dump]   top1 idx=4046 val=3.23057
[dump]   top2 idx=28791 val=3.11810
[dump]   top3 idx=10871 val=2.77453
[dump]   top4 idx=15991 val=2.74512
[dump] L08.mid    n=160     finite=1 absmax=0 mean=0 sumsq=0 ids: 308 456 387 175 181 439 263 370 219 46 219 263 462 183 387 231 308 121 175 81 134 263 74 99 212 371 436 308 364 124 263 360 342 308 99 175 46 11 387 62 263 157 128 217 342 134 74 360 83 22 175 263 308 206 360 46 439 387 394 473 134 263 387 99 74 157 360 114 183 277 387 134 263 46 204 1 360 261 175 223 360 252 263 313 66 295 163 367 1 46 263 360 46 308 354 370 175 27 387 395 263 360 181 308 370 46 175 105 264 164 134 263 181 183 387 66 462 360 218 308 263 183 360 218 462 308 354 114 46 99 263 181 134 183 462 360 392 175 308 206 263 181 360 387 102 462 46 308 392 183 317 465 192 263 436 102 196 462 17 299
[dump] L08.moe    n=40960   finite=1 absmax=0.10862      mean=-9.75e-05    sumsq=5.952894959        argmax=1500
[dump]   top0 idx=1500 val=0.08902
[dump]   top1 idx=32897 val=0.07685
[dump]   top2 idx=32045 val=0.07482
[dump]   top3 idx=30 val=0.07252
[dump]   top4 idx=32409 val=0.06927
[dump] L08.res    n=163840  finite=1 absmax=2.9322       mean=0.0014355    sumsq=281.6983733        argmax=1500
[dump]   top0 idx=1500 val=0.83615
[dump]   top1 idx=71573 val=0.44052
[dump]   top2 idx=46085 val=0.38286
[dump]   top3 idx=122773 val=0.37719
[dump]   top4 idx=46808 val=0.37469
[dump] L09.hcmix  n=40960   finite=1 absmax=11.636       mean=0.018479     sumsq=12117.07718        argmax=1500
[dump]   top0 idx=1500 val=6.88558
[dump]   top1 idx=17813 val=5.00994
[dump]   top2 idx=30613 val=4.70954
[dump]   top3 idx=26805 val=3.70446
[dump]   top4 idx=21685 val=3.67952
[dump] L09.att    n=40960   finite=1 absmax=0.66025      mean=0.00029001   sumsq=164.2060261        argmax=9166
[dump]   top0 idx=9166 val=0.66025
[dump]   top1 idx=3511 val=0.37294
[dump]   top2 idx=11191 val=0.34398
[dump]   top3 idx=23753 val=0.28388
[dump]   top4 idx=9362 val=0.28384
[dump] L09.fmix   n=40960   finite=1 absmax=4.0026       mean=0.023026     sumsq=11813.25232        argmax=1500
[dump]   top0 idx=1500 val=4.00264
[dump]   top1 idx=4046 val=2.73209
[dump]   top2 idx=11241 val=2.43132
[dump]   top3 idx=681 val=2.28352
[dump]   top4 idx=30613 val=2.22117
[dump] L09.mid    n=160     finite=1 absmax=0 mean=0 sumsq=0 ids: 218 369 68 368 430 96 376 209 142 229 292 425 40 430 17 396 369 321 218 113 113 382 425 428 266 317 40 402 205 321 425 321 444 218 68 430 209 477 376 205 371 425 276 382 115 201 321 417 91 336 425 238 376 218 427 371 292 230 361 377 427 148 425 18 374 371 382 428 430 369 459 427 430 218 211 456 491 209 170 376 10 90 459 426 456 55 479 11 427 14 459 370 20 377 73 264 218 141 90 430 377 70 409 218 205 427 382 506 154 321 430 264 374 153 321 369 370 218 456 230 370 264 430 321 276 153 374 218 488 230 264 478 292 370 427 430 376 230 276 218 264 478 427 230 376 370 71 68 378 374 18 468 339 237 146 399 230 148 15 138
[dump] L09.moe    n=40960   finite=1 absmax=0.060128     mean=1.4691e-05   sumsq=4.015797573        argmax=36471
[dump]   top0 idx=36471 val=0.06013
[dump]   top1 idx=38650 val=0.04654
[dump]   top2 idx=28055 val=0.04583
[dump]   top3 idx=21725 val=0.04292
[dump]   top4 idx=29027 val=0.04240
[dump] L09.res    n=163840  finite=1 absmax=2.9297       mean=0.0014525    sumsq=285.6633506        argmax=1500
[dump]   top0 idx=1500 val=0.83930
[dump]   top1 idx=71573 val=0.43159
[dump]   top2 idx=46085 val=0.38286
[dump]   top3 idx=46808 val=0.37465
[dump]   top4 idx=122773 val=0.36676
[dump] L10.hcmix  n=40960   finite=1 absmax=11.844       mean=0.018914     sumsq=12754.35034        argmax=1500
[dump]   top0 idx=1500 val=7.98367
[dump]   top1 idx=17813 val=4.60060
[dump]   top2 idx=30613 val=4.18631
[dump]   top3 idx=26805 val=3.78086
[dump]   top4 idx=28791 val=3.65299
[dump] L10.att    n=40960   finite=1 absmax=0.99781      mean=-0.00049815  sumsq=298.0835989        argmax=9166
[dump]   top0 idx=9166 val=0.99781
[dump]   top1 idx=26593 val=0.63093
[dump]   top2 idx=5848 val=0.52760
[dump]   top3 idx=18871 val=0.51442
[dump]   top4 idx=39393 val=0.50892
[dump] L10.fmix   n=40960   finite=1 absmax=2.8313       mean=0.014156     sumsq=9946.258099        argmax=4046
[dump]   top0 idx=4046 val=2.44744
[dump]   top1 idx=15991 val=2.44103
[dump]   top2 idx=10936 val=2.41872
[dump]   top3 idx=10871 val=2.41816
[dump]   top4 idx=33911 val=2.17634
[dump] L10.mid    n=160     finite=1 absmax=0 mean=0 sumsq=0 ids: 461 325 107 264 164 508 495 278 355 322 264 461 278 325 417 58 341 355 164 296 461 278 17 230 325 187 40 264 121 319 264 461 278 341 58 508 417 379 70 230 187 373 25 167 288 461 87 264 433 346 461 508 373 97 379 433 264 278 355 164 461 230 464 97 373 278 70 417 508 355 461 97 455 373 508 379 28 319 164 177 461 398 143 509 501 97 508 423 321 271 461 423 508 97 501 417 373 379 18 58 461 97 17 373 423 58 508 379 33 343 97 355 373 461 278 17 417 69 464 40 18 278 97 461 355 69 387 508 336 40 355 461 495 97 69 387 404 278 341 379 97 461 355 373 417 88 322 500 247 416 373 103 459 302 97 322 500 356 164 416
[dump] L10.moe    n=40960   finite=1 absmax=0.31673      mean=-8.9537e-05  sumsq=4.088764987        argmax=21
[dump]   top0 idx=21 val=0.08778
[dump]   top1 idx=1912 val=0.08326
[dump]   top2 idx=579 val=0.06385
[dump]   top3 idx=1500 val=0.06264
[dump]   top4 idx=788 val=0.05862
[dump] L10.res    n=163840  finite=1 absmax=2.9974       mean=0.0014075    sumsq=293.0769665        argmax=1500
[dump]   top0 idx=1500 val=0.86547
[dump]   top1 idx=71573 val=0.42935
[dump]   top2 idx=50435 val=0.38698
[dump]   top3 idx=46085 val=0.38293
[dump]   top4 idx=46808 val=0.37481
[dump] L11.hcmix  n=40960   finite=1 absmax=19.146       mean=0.0112       sumsq=5322.596783        argmax=12805
[dump]   top0 idx=12805 val=2.98387
[dump]   top1 idx=25605 val=2.88399
[dump]   top2 idx=1500 val=2.83848
[dump]   top3 idx=7685 val=2.83715
[dump]   top4 idx=17925 val=2.81610
[dump] L11.att    n=40960   finite=1 absmax=2.7981       mean=0.0011997    sumsq=560.3650853        argmax=2311
[dump]   top0 idx=2311 val=2.79811
[dump]   top1 idx=47 val=2.36484
[dump]   top2 idx=1795 val=1.75390
[dump]   top3 idx=2307 val=1.60283
[dump]   top4 idx=86 val=1.42826
[dump] L11.fmix   n=40960   finite=1 absmax=2.6933       mean=0.016579     sumsq=9666.499532        argmax=4046
[dump]   top0 idx=4046 val=2.69328
[dump]   top1 idx=17813 val=2.47328
[dump]   top2 idx=33911 val=2.31048
[dump]   top3 idx=30613 val=2.23685
[dump]   top4 idx=4060 val=2.00135
[dump] L11.mid    n=160     finite=1 absmax=0 mean=0 sumsq=0 ids: 130 163 104 393 430 108 268 361 424 417 418 350 163 261 273 240 30 477 108 397 240 323 163 223 268 30 418 23 238 508 482 108 418 323 430 350 461 163 268 84 285 461 323 174 108 23 418 36 430 211 108 201 323 350 418 120 508 500 461 104 323 108 36 482 418 27 360 211 219 166 323 108 418 120 350 384 7 430 268 492 418 120 323 350 360 430 384 108 35 490 418 108 323 120 350 384 35 97 164 430 418 108 23 430 323 485 508 317 273 350 323 418 508 120 261 98 166 268 273 163 323 418 508 108 457 261 273 166 120 163 323 418 508 166 430 249 273 500 261 371 166 418 430 323 508 249 371 108 151 273 166 418 240 430 323 6 453 249 151 46
[dump] L11.moe    n=40960   finite=1 absmax=0.060751     mean=-5.6697e-05  sumsq=3.493390797        argmax=29177
[dump]   top0 idx=29177 val=0.05533
[dump]   top1 idx=30507 val=0.04789
[dump]   top2 idx=33138 val=0.04650
[dump]   top3 idx=28783 val=0.04618
[dump]   top4 idx=29275 val=0.04590
[dump] L11.res    n=163840  finite=1 absmax=2.8931       mean=0.0014173    sumsq=299.1731177        argmax=1500
[dump]   top0 idx=1500 val=0.85678
[dump]   top1 idx=71573 val=0.42628
[dump]   top2 idx=2121 val=0.39856
[dump]   top3 idx=50435 val=0.39003
[dump]   top4 idx=46085 val=0.38292
[dump] L12.hcmix  n=40960   finite=1 absmax=19.022       mean=0.01589      sumsq=12192.20547        argmax=1500
[dump]   top0 idx=1500 val=9.07660
[dump]   top1 idx=17813 val=3.74446
[dump]   top2 idx=10157 val=3.36586
[dump]   top3 idx=7573 val=3.29438
[dump]   top4 idx=26805 val=3.29312
[dump] L12.att    n=40960   finite=1 absmax=0.60577      mean=-0.0014849   sumsq=177.0167125        argmax=2311
[dump]   top0 idx=2311 val=0.60577
[dump]   top1 idx=16353 val=0.55612
[dump]   top2 idx=914 val=0.50777
[dump]   top3 idx=359 val=0.42052
[dump]   top4 idx=34008 val=0.38091
[dump] L12.fmix   n=40960   finite=1 absmax=3.1078       mean=0.014095     sumsq=10078.74316        argmax=36536
[dump]   top0 idx=36536 val=2.42871
[dump]   top1 idx=7573 val=2.28154
[dump]   top2 idx=10171 val=2.27257
[dump]   top3 idx=27994 val=2.20269
[dump]   top4 idx=10074 val=2.05597
[dump] L12.mid    n=160     finite=1 absmax=0 mean=0 sumsq=0 ids: 28 139 433 283 201 386 300 474 421 277 352 139 229 52 421 277 214 474 101 433 141 352 120 18 139 110 496 136 307 1 352 101 52 139 277 81 390 381 150 327 118 352 393 282 101 165 52 433 422 242 52 277 352 390 386 219 9 421 150 392 214 229 52 352 133 504 141 43 139 381 352 52 503 386 130 451 393 215 139 200 352 52 189 43 139 381 422 133 126 229 52 43 352 139 366 170 381 421 448 229 421 352 52 54 161 45 286 422 136 433 421 0 422 368 52 433 81 352 366 21 0 421 366 214 433 133 52 368 352 283 0 421 433 366 21 63 172 368 52 201 421 0 52 433 460 63 275 256 114 368 352 433 275 0 504 282 368 482 52 214
[dump] L12.moe    n=40960   finite=1 absmax=0.053011     mean=1.7484e-05   sumsq=3.291323395        argmax=13467
[dump]   top0 idx=13467 val=0.05301
[dump]   top1 idx=40853 val=0.05033
[dump]   top2 idx=30613 val=0.04763
[dump]   top3 idx=39383 val=0.04726
[dump]   top4 idx=7573 val=0.04697
[dump] L12.res    n=163840  finite=1 absmax=2.837        mean=0.00136      sumsq=315.0344348        argmax=1500
[dump]   top0 idx=1500 val=0.84331
[dump]   top1 idx=71573 val=0.46553
[dump]   top2 idx=122773 val=0.43278
[dump]   top3 idx=2121 val=0.41608
[dump]   top4 idx=30613 val=0.40778
[dump] L13.hcmix  n=40960   finite=1 absmax=4.8815       mean=0.01324      sumsq=12728.42816        argmax=7573
[dump]   top0 idx=7573 val=4.76027
[dump]   top1 idx=12693 val=4.28448
[dump]   top2 idx=17813 val=4.18689
[dump]   top3 idx=30613 val=3.55975
[dump]   top4 idx=20373 val=3.36292
[dump] L13.att    n=40960   finite=1 absmax=0.32089      mean=-0.00091955  sumsq=72.99069813        argmax=39351
[dump]   top0 idx=39351 val=0.32089
[dump]   top1 idx=23991 val=0.26548
[dump]   top2 idx=26551 val=0.26220
[dump]   top3 idx=28888 val=0.24866
[dump]   top4 idx=9475 val=0.23821
[dump] L13.fmix   n=40960   finite=1 absmax=3.1227       mean=0.0043912    sumsq=8960.041693        argmax=7573
[dump]   top0 idx=7573 val=3.12274
[dump]   top1 idx=17813 val=3.05642
[dump]   top2 idx=1500 val=2.97087
[dump]   top3 idx=30613 val=2.86455
[dump]   top4 idx=4046 val=2.62253
[dump] L13.mid    n=160     finite=1 absmax=0 mean=0 sumsq=0 ids: 293 68 466 366 268 219 145 67 224 400 387 273 148 290 91 50 93 468 250 162 290 387 394 148 250 468 36 64 330 273 387 273 148 290 93 91 221 267 354 368 290 148 250 118 508 64 273 394 81 66 387 273 290 148 118 468 508 93 296 338 118 394 290 325 338 148 185 508 273 453 118 273 387 265 290 93 325 259 451 81 290 273 387 504 118 93 16 485 346 259 273 387 118 265 91 290 93 259 389 148 273 290 387 118 148 91 64 259 265 470 259 265 387 273 274 97 91 468 290 118 259 265 438 387 118 468 91 97 290 451 259 468 387 265 97 357 273 93 451 418 259 265 468 387 118 273 91 385 357 399 259 265 338 118 468 290 249 91 387 273
[dump] L13.moe    n=40960   finite=1 absmax=0.1578       mean=0.0001322    sumsq=5.459041961        argmax=1716
[dump]   top0 idx=1716 val=0.09561
[dump]   top1 idx=1301 val=0.08816
[dump]   top2 idx=2035 val=0.07952
[dump]   top3 idx=1912 val=0.06910
[dump]   top4 idx=579 val=0.06907
[dump] L13.res    n=163840  finite=1 absmax=2.8733       mean=0.0013456    sumsq=331.4854054        argmax=1500
[dump]   top0 idx=1500 val=0.84892
[dump]   top1 idx=71573 val=0.46476
[dump]   top2 idx=122773 val=0.43478
[dump]   top3 idx=2121 val=0.41033
[dump]   top4 idx=30613 val=0.40665
[dump] L14.hcmix  n=40960   finite=1 absmax=7.9375       mean=0.016761     sumsq=11347.26848        argmax=1500
[dump]   top0 idx=1500 val=7.93752
[dump]   top1 idx=17813 val=4.77383
[dump]   top2 idx=12035 val=3.50041
[dump]   top3 idx=27395 val=3.38727
[dump]   top4 idx=15277 val=3.36218
[dump] L14.att    n=40960   finite=1 absmax=2.0683       mean=-0.0011166   sumsq=225.4570592        argmax=138
[dump]   top0 idx=138 val=0.79392
[dump]   top1 idx=788 val=0.75655
[dump]   top2 idx=679 val=0.66369
[dump]   top3 idx=2162 val=0.64824
[dump]   top4 idx=1603 val=0.64614
[dump] L14.fmix   n=40960   finite=1 absmax=6.5924       mean=0.007397     sumsq=9937.83354         argmax=1500
[dump]   top0 idx=1500 val=3.68555
[dump]   top1 idx=4046 val=3.08852
[dump]   top2 idx=788 val=2.73228
[dump]   top3 idx=47 val=2.58458
[dump]   top4 idx=11241 val=2.48157
[dump] L14.mid    n=160     finite=1 absmax=0 mean=0 sumsq=0 ids: 398 165 326 266 29 17 151 40 138 339 506 138 165 409 14 40 417 398 326 473 227 40 463 372 370 414 246 459 407 244 165 409 14 473 506 205 417 138 308 326 376 290 280 223 22 5 463 360 162 385 409 14 12 417 290 398 506 308 138 464 339 40 488 9 495 266 136 2 49 108 409 234 14 473 290 506 12 398 441 138 339 40 29 176 266 488 280 495 9 180 180 266 40 495 108 312 492 9 2 280 409 473 498 280 370 506 227 439 14 460 40 49 339 266 282 495 252 244 136 2 40 49 244 168 136 409 108 138 500 506 244 335 506 473 151 100 409 108 398 482 335 244 100 506 482 473 151 409 510 402 244 100 482 40 266 29 407 168 510 67
[dump] L14.moe    n=40960   finite=1 absmax=0.13373      mean=3.8346e-06   sumsq=2.972969538        argmax=1500
[dump]   top0 idx=1500 val=0.13373
[dump]   top1 idx=793 val=0.07445
[dump]   top2 idx=788 val=0.06826
[dump]   top3 idx=1094 val=0.06823
[dump]   top4 idx=2433 val=0.05360
[dump] L14.res    n=163840  finite=1 absmax=2.9035       mean=0.0012936    sumsq=344.5119586        argmax=1500
[dump]   top0 idx=1500 val=0.88192
[dump]   top1 idx=71573 val=0.46638
[dump]   top2 idx=2121 val=0.46463
[dump]   top3 idx=788 val=0.46297
[dump]   top4 idx=122773 val=0.43646
[dump] L15.hcmix  n=40960   finite=1 absmax=10.49        mean=0.0056406    sumsq=3102.602702        argmax=1500
[dump]   top0 idx=1500 val=1.90077
[dump]   top1 idx=17813 val=1.78012
[dump]   top2 idx=27395 val=1.58444
[dump]   top3 idx=33947 val=1.55059
[dump]   top4 idx=15277 val=1.52312
[dump] L15.att    n=40960   finite=1 absmax=1.3206       mean=-0.0036068   sumsq=248.4284032        argmax=2311
[dump]   top0 idx=2311 val=1.32059
[dump]   top1 idx=892 val=1.01441
[dump]   top2 idx=2307 val=0.68065
[dump]   top3 idx=1795 val=0.55404
[dump]   top4 idx=1947 val=0.49737
[dump] L15.fmix   n=40960   finite=1 absmax=6.8289       mean=0.0026997    sumsq=21312.16797        argmax=5848
[dump]   top0 idx=5848 val=6.82894
[dump]   top1 idx=10968 val=5.50390
[dump]   top2 idx=28888 val=5.41575
[dump]   top3 idx=21208 val=5.06387
[dump]   top4 idx=18648 val=4.86763
[dump] L15.mid    n=160     finite=1 absmax=0 mean=0 sumsq=0 ids: 283 174 188 38 342 103 215 330 177 107 494 207 501 199 50 39 156 263 303 318 207 219 453 31 53 455 263 127 23 236 207 61 405 399 219 288 303 302 406 426 207 236 453 116 388 16 405 406 319 326 207 50 426 32 406 302 219 192 288 399 302 207 280 453 388 246 288 236 179 134 134 406 32 207 426 219 314 192 399 281 343 134 119 263 487 426 427 511 405 311 405 207 303 311 426 343 446 134 494 174 228 405 303 343 406 53 192 263 311 408 405 207 174 494 311 204 134 289 50 303 174 303 288 405 423 311 192 50 39 446 174 303 289 207 405 494 192 283 50 288 289 405 174 494 322 156 303 192 177 33 174 303 405 12 289 423 156 432 71 280
[dump] L15.moe    n=40960   finite=1 absmax=0.29283      mean=3.0927e-05   sumsq=8.66363423         argmax=1716
[dump]   top0 idx=1716 val=0.14291
[dump]   top1 idx=138 val=0.11802
[dump]   top2 idx=1736 val=0.08320
[dump]   top3 idx=1984 val=0.08050
[dump]   top4 idx=562 val=0.07877
[dump] L15.res    n=163840  finite=1 absmax=2.8397       mean=0.0011262    sumsq=334.5351995        argmax=1500
[dump]   top0 idx=1500 val=0.88067
[dump]   top1 idx=2121 val=0.48567
[dump]   top2 idx=71573 val=0.46318
[dump]   top3 idx=788 val=0.44049
[dump]   top4 idx=122773 val=0.43395
[dump] L16.hcmix  n=40960   finite=1 absmax=15.833       mean=0.0017455    sumsq=13027.91707        argmax=1500
[dump]   top0 idx=1500 val=9.39717
[dump]   top1 idx=7573 val=3.96654
[dump]   top2 idx=788 val=3.90528
[dump]   top3 idx=20373 val=3.62922
[dump]   top4 idx=1912 val=3.23530
[dump] L16.att    n=40960   finite=1 absmax=0.45988      mean=-0.00052189  sumsq=66.18912339        argmax=5081
[dump]   top0 idx=5081 val=0.33597
[dump]   top1 idx=16311 val=0.29178
[dump]   top2 idx=3553 val=0.28569
[dump]   top3 idx=11374 val=0.28289
[dump]   top4 idx=32111 val=0.26119
[dump] L16.fmix   n=40960   finite=1 absmax=3.9244       mean=0.00014652   sumsq=16689.30552        argmax=1500
[dump]   top0 idx=1500 val=3.92440
[dump]   top1 idx=5848 val=3.08060
[dump]   top2 idx=11241 val=2.91711
[dump]   top3 idx=788 val=2.87556
[dump]   top4 idx=20158 val=2.80214
[dump] L16.mid    n=160     finite=1 absmax=0 mean=0 sumsq=0 ids: 228 487 243 272 132 473 142 259 361 32 228 272 429 243 142 140 447 479 58 487 228 457 319 398 140 303 124 447 370 145 228 272 142 447 140 479 26 278 400 429 188 228 104 138 447 319 303 479 124 270 228 140 272 142 447 26 278 394 205 243 228 303 64 188 26 447 429 319 272 341 400 272 394 228 140 369 26 278 113 479 400 228 140 272 393 394 282 61 278 149 140 228 272 243 142 263 400 278 429 487 272 228 400 236 140 465 243 142 263 26 243 272 228 263 142 58 429 140 487 61 228 243 272 142 140 429 487 263 278 58 243 228 58 263 142 278 272 479 487 489 243 228 58 278 272 263 134 202 480 487 243 228 278 202 272 58 392 475 352 25
[dump] L16.moe    n=40960   finite=1 absmax=0.69301      mean=7.3966e-05   sumsq=11.69660942        argmax=2311
[dump]   top0 idx=2311 val=0.27359
[dump]   top1 idx=2366 val=0.20689
[dump]   top2 idx=472 val=0.18741
[dump]   top3 idx=138 val=0.18653
[dump]   top4 idx=627 val=0.17752
[dump] L16.res    n=163840  finite=1 absmax=2.6858       mean=0.0011105    sumsq=342.2988889        argmax=1500
[dump]   top0 idx=1500 val=0.84820
[dump]   top1 idx=2121 val=0.51347
[dump]   top2 idx=1580 val=0.48750
[dump]   top3 idx=2366 val=0.47721
[dump]   top4 idx=1787 val=0.47669
[dump] L17.hcmix  n=40960   finite=1 absmax=6.2646       mean=0.0082611    sumsq=13385.46238        argmax=17813
[dump]   top0 idx=17813 val=4.71451
[dump]   top1 idx=1500 val=4.13544
[dump]   top2 idx=7573 val=3.71279
[dump]   top3 idx=12693 val=3.54580
[dump]   top4 idx=10157 val=3.48275
[dump] L17.att    n=40960   finite=1 absmax=0.42022      mean=-0.00098706  sumsq=54.58034688        argmax=40384
[dump]   top0 idx=40384 val=0.21847
[dump]   top1 idx=39558 val=0.19892
[dump]   top2 idx=28337 val=0.19438
[dump]   top3 idx=2521 val=0.19082
[dump]   top4 idx=39204 val=0.19048
[dump] L17.fmix   n=40960   finite=1 absmax=3.581        mean=-0.00024272  sumsq=12442.92604        argmax=4046
[dump]   top0 idx=4046 val=3.58104
[dump]   top1 idx=39912 val=2.79785
[dump]   top2 idx=788 val=2.66597
[dump]   top3 idx=32206 val=2.51942
[dump]   top4 idx=39148 val=2.44868
[dump] L17.mid    n=160     finite=1 absmax=0 mean=0 sumsq=0 ids: 486 136 510 84 209 135 330 15 274 243 136 486 471 499 328 305 84 105 469 365 469 328 127 486 26 285 366 358 136 71 136 486 471 328 387 127 469 249 84 467 366 486 444 97 136 333 374 471 18 4 136 84 486 471 127 328 419 386 1 474 328 444 486 136 97 84 374 471 71 464 8 387 136 419 328 448 181 471 486 470 8 470 181 136 404 304 328 398 486 311 470 136 471 486 328 374 362 366 419 127 136 486 84 8 127 327 328 387 471 195 136 471 84 486 419 374 499 498 139 363 471 136 366 486 374 139 362 419 363 499 84 363 209 486 471 136 139 374 366 499 209 84 139 363 499 486 136 419 422 253 139 209 363 471 486 136 345 498 221 274
[dump] L17.moe    n=40960   finite=1 absmax=0.18888      mean=0.00010943   sumsq=2.997430383        argmax=1716
[dump]   top0 idx=1716 val=0.08721
[dump]   top1 idx=138 val=0.05628
[dump]   top2 idx=230 val=0.03856
[dump]   top3 idx=38713 val=0.03731
[dump]   top4 idx=15207 val=0.03509
[dump] L17.res    n=163840  finite=1 absmax=2.7044       mean=0.0010579    sumsq=338.0921097        argmax=1500
[dump]   top0 idx=1500 val=0.85378
[dump]   top1 idx=2121 val=0.50192
[dump]   top2 idx=1580 val=0.48954
[dump]   top3 idx=788 val=0.47779
[dump]   top4 idx=2366 val=0.46625
[dump] L18.hcmix  n=40960   finite=1 absmax=18.646       mean=0.0099845    sumsq=13528.316          argmax=1500
[dump]   top0 idx=1500 val=7.92328
[dump]   top1 idx=21685 val=4.06174
[dump]   top2 idx=26805 val=3.96575
[dump]   top3 idx=30613 val=3.93309
[dump]   top4 idx=17813 val=3.89016
[dump] L18.att    n=40960   finite=1 absmax=0.41088      mean=-0.00049425  sumsq=84.88828242        argmax=634
[dump]   top0 idx=634 val=0.41088
[dump]   top1 idx=38882 val=0.37701
[dump]   top2 idx=10722 val=0.36600
[dump]   top3 idx=5602 val=0.33782
[dump]   top4 idx=33762 val=0.33469
[dump] L18.fmix   n=40960   finite=1 absmax=3.8968       mean=0.0091286    sumsq=11056.16084        argmax=17813
[dump]   top0 idx=17813 val=3.89683
[dump]   top1 idx=1500 val=3.48022
[dump]   top2 idx=7573 val=3.23255
[dump]   top3 idx=10936 val=2.99699
[dump]   top4 idx=30613 val=2.96048
[dump] L18.mid    n=160     finite=1 absmax=0 mean=0 sumsq=0 ids: 449 475 399 87 275 411 35 24 211 264 111 29 264 185 201 459 135 87 325 119 131 157 459 106 506 111 29 366 201 437 264 29 7 201 185 135 405 101 299 87 440 131 29 459 201 190 398 111 151 299 87 264 88 277 29 411 297 24 275 185 131 102 111 24 29 366 7 101 157 459 469 88 131 264 101 87 185 119 325 496 29 5 157 119 469 7 459 353 448 88 29 448 102 353 264 24 7 201 5 101 111 29 299 185 459 201 106 74 238 157 131 24 448 101 111 29 347 264 366 201 111 29 448 24 366 102 201 157 101 459 24 131 29 448 101 201 211 347 353 264 201 448 101 150 24 29 185 123 131 310 207 448 201 29 474 266 116 270 459 247
[dump] L18.moe    n=40960   finite=1 absmax=0.062349     mean=-0.00015164  sumsq=4.742547496        argmax=27086
[dump]   top0 idx=27086 val=0.06235
[dump]   top1 idx=22933 val=0.05092
[dump]   top2 idx=35645 val=0.05040
[dump]   top3 idx=35544 val=0.05020
[dump]   top4 idx=35081 val=0.04883
[dump] L18.res    n=163840  finite=1 absmax=2.7062       mean=0.00088801   sumsq=361.6155405        argmax=1500
[dump]   top0 idx=1500 val=0.84618
[dump]   top1 idx=2121 val=0.49820
[dump]   top2 idx=1580 val=0.49574
[dump]   top3 idx=71573 val=0.47186
[dump]   top4 idx=788 val=0.46187
[dump] L19.hcmix  n=40960   finite=1 absmax=11.298       mean=0.0043666    sumsq=4869.994804        argmax=17813
[dump]   top0 idx=17813 val=2.63548
[dump]   top1 idx=30613 val=2.62230
[dump]   top2 idx=7573 val=2.38827
[dump]   top3 idx=15842 val=2.03929
[dump]   top4 idx=38882 val=2.02434
[dump] L19.att    n=40960   finite=1 absmax=1.6895       mean=-0.00065784  sumsq=348.1728067        argmax=892
[dump]   top0 idx=892 val=1.54127
[dump]   top1 idx=1736 val=1.17620
[dump]   top2 idx=2238 val=1.15235
[dump]   top3 idx=2307 val=1.01915
[dump]   top4 idx=1795 val=0.83388
[dump] L19.fmix   n=40960   finite=1 absmax=4.0689       mean=0.0026636    sumsq=14699.2075         argmax=4046
[dump]   top0 idx=4046 val=4.06892
[dump]   top1 idx=12035 val=3.10933
[dump]   top2 idx=6606 val=2.95642
[dump]   top3 idx=3873 val=2.83127
[dump]   top4 idx=14245 val=2.80057
[dump] L19.mid    n=160     finite=1 absmax=0 mean=0 sumsq=0 ids: 406 360 413 162 170 434 31 173 293 377 434 3 377 161 342 472 9 453 188 277 56 259 222 455 309 161 434 70 229 91 3 357 31 377 70 170 472 161 222 342 70 161 259 472 74 381 375 56 434 364 3 368 357 9 74 501 150 222 375 377 472 375 161 34 56 49 364 434 70 3 3 368 397 86 472 31 222 455 103 9 397 291 161 222 193 472 368 3 455 357 375 472 3 291 222 9 397 193 434 31 222 375 170 472 31 357 455 161 377 397 222 472 31 150 375 267 121 3 315 173 375 472 315 3 121 31 222 434 377 397 31 121 490 162 470 173 3 103 377 472 31 173 121 472 162 388 14 377 490 103 31 375 472 121 315 162 434 161 56 173
[dump] L19.moe    n=40960   finite=1 absmax=0.08494      mean=0.00034834   sumsq=6.613572588        argmax=29940
[dump]   top0 idx=29940 val=0.08494
[dump]   top1 idx=29672 val=0.07936
[dump]   top2 idx=29931 val=0.07702
[dump]   top3 idx=28571 val=0.07524
[dump]   top4 idx=30058 val=0.07173
[dump] L19.res    n=163840  finite=1 absmax=2.7309       mean=0.0010973    sumsq=370.9041756        argmax=1500
[dump]   top0 idx=1500 val=0.84745
[dump]   top1 idx=2121 val=0.52409
[dump]   top2 idx=1580 val=0.48212
[dump]   top3 idx=138 val=0.47722
[dump]   top4 idx=71573 val=0.46933
[dump] L20.hcmix  n=40960   finite=1 absmax=20.891       mean=0.0026064    sumsq=12638.07           argmax=1500
[dump]   top0 idx=1500 val=7.04213
[dump]   top1 idx=1736 val=4.44992
[dump]   top2 idx=47 val=3.67218
[dump]   top3 idx=29111 val=3.26695
[dump]   top4 idx=788 val=3.23131
[dump] L20.att    n=40960   finite=1 absmax=5.798        mean=0.00039579   sumsq=439.5785052        argmax=2238
[dump]   top0 idx=2238 val=3.24774
[dump]   top1 idx=403 val=3.01959
[dump]   top2 idx=1500 val=2.59842
[dump]   top3 idx=1827 val=1.77876
[dump]   top4 idx=1132 val=1.47810
[dump] L20.fmix   n=40960   finite=1 absmax=6.3032       mean=0.014757     sumsq=19807.50777        argmax=4046
[dump]   top0 idx=4046 val=6.30323
[dump]   top1 idx=6606 val=4.52170
[dump]   top2 idx=32206 val=4.09203
[dump]   top3 idx=16846 val=3.67283
[dump]   top4 idx=14245 val=3.54562
[dump] L20.mid    n=160     finite=1 absmax=0 mean=0 sumsq=0 ids: 429 363 39 439 407 179 485 307 169 55 387 363 109 76 388 439 429 25 485 258 122 494 218 326 26 158 154 216 488 388 363 40 485 110 242 109 134 146 387 105 146 358 187 134 109 40 39 242 369 96 491 54 4 485 363 306 481 242 219 39 146 243 485 387 134 218 369 39 229 445 491 481 244 387 485 306 341 54 59 39 387 59 49 481 137 491 63 110 341 485 387 258 485 59 330 168 25 233 243 491 387 339 363 109 495 26 485 218 148 309 387 168 258 25 39 485 154 442 248 330 387 25 258 168 330 485 358 442 344 265 387 168 442 485 179 185 258 25 410 307 387 442 179 168 278 18 485 265 370 26 387 262 179 442 25 168 125 258 185 119
[dump] L20.moe    n=40960   finite=1 absmax=0.091472     mean=2.8445e-05   sumsq=8.023768244        argmax=35401
[dump]   top0 idx=35401 val=0.07573
[dump]   top1 idx=29228 val=0.06648
[dump]   top2 idx=39632 val=0.06209
[dump]   top3 idx=30636 val=0.06158
[dump]   top4 idx=32702 val=0.06104
[dump] L20.res    n=163840  finite=1 absmax=2.6644       mean=0.0011267    sumsq=382.6864327        argmax=1500
[dump]   top0 idx=1500 val=1.21917
[dump]   top1 idx=138 val=0.61461
[dump]   top2 idx=1827 val=0.58241
[dump]   top3 idx=1580 val=0.58091
[dump]   top4 idx=1787 val=0.52501
[dump] L21.hcmix  n=40960   finite=1 absmax=14.316       mean=0.032067     sumsq=13812.54205        argmax=1500
[dump]   top0 idx=1500 val=7.37152
[dump]   top1 idx=1736 val=4.73019
[dump]   top2 idx=1827 val=4.46291
[dump]   top3 idx=21685 val=4.11458
[dump]   top4 idx=1912 val=4.09203
[dump] L21.att    n=40960   finite=1 absmax=0.85583      mean=0.00041392   sumsq=33.73789269        argmax=2238
[dump]   top0 idx=2238 val=0.53748
[dump]   top1 idx=30912 val=0.33721
[dump]   top2 idx=33472 val=0.31721
[dump]   top3 idx=2537 val=0.30290
[dump]   top4 idx=16353 val=0.29501
[dump] L21.fmix   n=40960   finite=1 absmax=4.6129       mean=0.031269     sumsq=17784.34135        argmax=4046
[dump]   top0 idx=4046 val=4.61288
[dump]   top1 idx=10871 val=4.23734
[dump]   top2 idx=10936 val=3.98260
[dump]   top3 idx=3873 val=3.71124
[dump]   top4 idx=5751 val=3.64329
[dump] L21.mid    n=160     finite=1 absmax=0 mean=0 sumsq=0 ids: 72 255 379 25 267 297 190 128 507 420 255 379 128 25 306 369 426 19 118 150 128 451 372 64 312 25 306 153 507 200 255 306 379 265 511 278 25 150 128 19 128 48 278 51 25 60 484 346 359 181 25 302 379 255 131 297 134 406 142 472 128 19 25 484 29 302 278 385 346 313 25 480 297 51 302 446 360 19 427 64 352 118 166 306 25 19 484 85 57 33 352 57 118 25 369 19 313 306 346 166 25 255 379 317 128 19 118 278 191 346 369 19 346 25 57 128 313 118 131 507 369 57 19 118 128 346 484 153 142 25 346 313 469 369 420 255 57 131 498 418 346 313 321 420 369 418 255 57 469 118 369 313 346 57 420 321 471 118 469 128
[dump] L21.moe    n=40960   finite=1 absmax=0.078085     mean=0.00018335   sumsq=7.105847518        argmax=24921
[dump]   top0 idx=24921 val=0.07809
[dump]   top1 idx=30592 val=0.06448
[dump]   top2 idx=28558 val=0.06013
[dump]   top3 idx=40723 val=0.05980
[dump]   top4 idx=37212 val=0.05830
[dump] L21.res    n=163840  finite=1 absmax=2.6856       mean=0.0012997    sumsq=402.7470524        argmax=1500
[dump]   top0 idx=1500 val=1.21971
[dump]   top1 idx=138 val=0.61628
[dump]   top2 idx=1827 val=0.58062
[dump]   top3 idx=1580 val=0.57706
[dump]   top4 idx=1787 val=0.52584
[dump] L22.hcmix  n=40960   finite=1 absmax=22.866       mean=0.017336     sumsq=12448.38566        argmax=1500
[dump]   top0 idx=1500 val=9.62982
[dump]   top1 idx=5 val=4.85503
[dump]   top2 idx=17925 val=4.78057
[dump]   top3 idx=25605 val=4.77841
[dump]   top4 idx=10245 val=4.59998
[dump] L22.att    n=40960   finite=1 absmax=1.9402       mean=0.00064829   sumsq=136.1158193        argmax=793
[dump]   top0 idx=793 val=1.94015
[dump]   top1 idx=1500 val=1.34008
[dump]   top2 idx=25868 val=1.04080
[dump]   top3 idx=23308 val=0.94654
[dump]   top4 idx=28428 val=0.93821
[dump] L22.fmix   n=40960   finite=1 absmax=4.8999       mean=0.030116     sumsq=16184.60103        argmax=10936
[dump]   top0 idx=10936 val=4.45273
[dump]   top1 idx=36536 val=4.42788
[dump]   top2 idx=12655 val=4.08989
[dump]   top3 idx=10871 val=3.53969
[dump]   top4 idx=17813 val=3.36764
[dump] L22.mid    n=160     finite=1 absmax=0 mean=0 sumsq=0 ids: 317 309 283 32 456 206 205 57 446 287 305 188 402 376 164 279 425 51 483 484 188 460 488 13 187 396 318 265 454 50 464 51 352 384 145 488 425 396 460 244 460 13 244 306 183 396 384 482 193 32 235 341 309 206 205 347 462 104 425 393 454 460 488 396 7 27 487 50 117 136 241 291 106 425 124 83 360 375 365 388 504 50 425 400 365 83 488 265 388 96 504 460 50 279 454 400 438 301 487 425 153 87 117 55 173 71 329 452 89 341 460 117 244 331 483 116 239 164 50 153 483 188 117 51 164 454 438 113 13 116 173 287 483 355 412 457 143 262 301 170 370 168 459 429 323 254 262 137 173 320 286 260 354 483 209 25 173 44 14 94
[dump] L22.moe    n=40960   finite=1 absmax=0.11423      mean=1.7672e-05   sumsq=6.314386206        argmax=26320
[dump]   top0 idx=26320 val=0.11243
[dump]   top1 idx=27937 val=0.09890
[dump]   top2 idx=26399 val=0.08422
[dump]   top3 idx=26441 val=0.06111
[dump]   top4 idx=28880 val=0.06012
[dump] L22.res    n=163840  finite=1 absmax=2.6853       mean=0.0013668    sumsq=440.1517756        argmax=1500
[dump]   top0 idx=1500 val=1.22135
[dump]   top1 idx=138 val=0.61584
[dump]   top2 idx=1827 val=0.58064
[dump]   top3 idx=1580 val=0.57724
[dump]   top4 idx=1787 val=0.52671
[dump] L23.hcmix  n=40960   finite=1 absmax=7.8482       mean=0.011362     sumsq=4333.551438        argmax=1500
[dump]   top0 idx=1500 val=7.84822
[dump]   top1 idx=793 val=6.70578
[dump]   top2 idx=17925 val=3.30388
[dump]   top3 idx=5125 val=3.22599
[dump]   top4 idx=38405 val=3.21155
[dump] L23.att    n=40960   finite=1 absmax=0.68187      mean=0.0051975    sumsq=299.4124661        argmax=21537
[dump]   top0 idx=21537 val=0.58622
[dump]   top1 idx=12104 val=0.57475
[dump]   top2 idx=28719 val=0.55831
[dump]   top3 idx=32542 val=0.55708
[dump]   top4 idx=28932 val=0.53852
[dump] L23.fmix   n=40960   finite=1 absmax=5.8046       mean=0.02166      sumsq=24545.50657        argmax=8681
[dump]   top0 idx=8681 val=5.80462
[dump]   top1 idx=25380 val=3.85761
[dump]   top2 idx=21886 val=3.69223
[dump]   top3 idx=1500 val=3.64280
[dump]   top4 idx=11929 val=3.60750
[dump] L23.mid    n=160     finite=1 absmax=0 mean=0 sumsq=0 ids: 356 285 389 299 430 244 334 494 42 457 356 42 506 285 99 199 299 354 61 53 356 99 506 45 48 385 355 371 161 459 356 307 99 264 42 355 349 306 161 376 356 99 367 342 109 500 53 61 264 128 356 480 372 82 336 314 36 494 367 45 99 104 228 297 53 109 219 356 349 50 356 480 375 314 367 45 161 21 128 372 356 128 21 355 320 375 171 480 307 354 356 406 128 480 219 273 164 375 477 355 356 128 477 442 161 21 297 506 355 199 356 318 215 128 110 61 353 297 334 477 356 128 32 53 353 110 477 342 89 297 356 128 127 233 480 110 334 477 492 56 356 128 233 425 110 127 354 451 60 334 356 233 109 128 166 340 12 41 180 110
[dump] L23.moe    n=40960   finite=1 absmax=0.086501     mean=-3.0808e-05  sumsq=12.92847932        argmax=3023
[dump]   top0 idx=3023 val=0.08528
[dump]   top1 idx=2949 val=0.08373
[dump]   top2 idx=3575 val=0.08359
[dump]   top3 idx=5037 val=0.07922
[dump]   top4 idx=3282 val=0.07833
[dump] L23.res    n=163840  finite=1 absmax=2.689        mean=0.0016569    sumsq=449.5611923        argmax=1500
[dump]   top0 idx=1500 val=1.22054
[dump]   top1 idx=138 val=0.60772
[dump]   top2 idx=1827 val=0.57361
[dump]   top3 idx=1580 val=0.57306
[dump]   top4 idx=1787 val=0.53007
[dump] L24.hcmix  n=40960   finite=1 absmax=7.2276       mean=0.032571     sumsq=12634.82017        argmax=17813
[dump]   top0 idx=17813 val=5.19813
[dump]   top1 idx=7573 val=4.66218
[dump]   top2 idx=5751 val=4.06013
[dump]   top3 idx=1500 val=3.88062
[dump]   top4 idx=21685 val=3.68555
[dump] L24.att    n=40960   finite=1 absmax=0.20437      mean=-5.5387e-05  sumsq=26.98551271        argmax=11445
[dump]   top0 idx=11445 val=0.20437
[dump]   top1 idx=21685 val=0.20278
[dump]   top2 idx=22911 val=0.16188
[dump]   top3 idx=39693 val=0.16187
[dump]   top4 idx=29365 val=0.15670
[dump] L24.fmix   n=40960   finite=1 absmax=5.609        mean=0.026106     sumsq=12807.09169        argmax=1500
[dump]   top0 idx=1500 val=5.60904
[dump]   top1 idx=4046 val=2.99200
[dump]   top2 idx=17813 val=2.64236
[dump]   top3 idx=7573 val=2.58819
[dump]   top4 idx=3873 val=2.55571
[dump] L24.mid    n=160     finite=1 absmax=0 mean=0 sumsq=0 ids: 308 387 456 219 175 439 46 263 181 370 263 387 175 219 462 354 446 183 231 46 134 99 263 36 320 446 498 212 308 387 263 99 360 308 342 387 46 433 175 74 263 360 308 342 157 128 82 99 134 121 206 360 395 175 308 263 387 46 394 458 263 134 99 387 223 277 308 446 360 183 134 387 223 446 90 360 313 263 204 323 360 354 263 387 295 99 252 46 446 150 263 360 354 387 462 183 66 208 446 46 181 263 360 46 308 387 446 175 99 134 263 134 181 183 387 360 462 354 28 231 263 462 360 183 354 134 181 387 231 223 263 181 134 462 183 219 439 354 28 218 181 360 263 134 462 387 231 175 81 317 263 462 181 360 317 183 134 218 387 231
[dump] L24.moe    n=40960   finite=1 absmax=0.56522      mean=0.00017022   sumsq=7.006668732        argmax=422
[dump]   top0 idx=422 val=0.28328
[dump]   top1 idx=403 val=0.08910
[dump]   top2 idx=2238 val=0.08671
[dump]   top3 idx=634 val=0.07228
[dump]   top4 idx=430 val=0.07212
[dump] L24.res    n=163840  finite=1 absmax=3.4692       mean=0.0018279    sumsq=510.70662          argmax=1500
[dump]   top0 idx=1500 val=1.18470
[dump]   top1 idx=1787 val=0.57824
[dump]   top2 idx=71573 val=0.55847
[dump]   top3 idx=30613 val=0.55691
[dump]   top4 idx=788 val=0.52893
[dump] L25.hcmix  n=40960   finite=1 absmax=12.959       mean=0.022062     sumsq=13269.31104        argmax=1500
[dump]   top0 idx=1500 val=7.93189
[dump]   top1 idx=7573 val=4.91454
[dump]   top2 idx=17813 val=4.30918
[dump]   top3 idx=21685 val=3.86254
[dump]   top4 idx=12693 val=3.76193
[dump] L25.att    n=40960   finite=1 absmax=0.40186      mean=0.00089526   sumsq=95.02853921        argmax=8673
[dump]   top0 idx=8673 val=0.40186
[dump]   top1 idx=29111 val=0.39792
[dump]   top2 idx=31671 val=0.39392
[dump]   top3 idx=422 val=0.34153
[dump]   top4 idx=13751 val=0.34125
[dump] L25.fmix   n=40960   finite=1 absmax=3.681        mean=0.031266     sumsq=13377.7205         argmax=4046
[dump]   top0 idx=4046 val=3.46923
[dump]   top1 idx=1500 val=3.04526
[dump]   top2 idx=37981 val=2.51263
[dump]   top3 idx=230 val=2.46177
[dump]   top4 idx=7573 val=2.44750
[dump] L25.mid    n=160     finite=1 absmax=0 mean=0 sumsq=0 ids: 192 218 430 150 209 322 229 376 87 369 192 376 369 292 425 321 430 154 264 466 317 113 382 205 40 425 209 20 374 428 444 425 321 209 374 218 376 104 430 272 371 276 115 425 321 417 218 110 374 487 376 427 73 371 425 377 361 478 218 141 374 153 369 425 218 430 371 264 330 321 430 459 170 427 369 153 211 321 218 370 430 427 153 264 488 374 321 29 370 426 264 374 430 370 218 59 376 292 427 321 377 321 445 264 427 376 96 218 430 374 264 374 430 153 96 142 68 376 478 495 264 374 59 478 292 68 156 321 275 142 264 142 96 376 87 430 153 478 240 427 264 430 427 376 374 68 240 142 478 153 264 59 156 275 427 142 370 374 376 495
[dump] L25.moe    n=40960   finite=1 absmax=0.044996     mean=3.7449e-05   sumsq=3.656153512        argmax=22299
[dump]   top0 idx=22299 val=0.04500
[dump]   top1 idx=8682 val=0.04146
[dump]   top2 idx=34384 val=0.04129
[dump]   top3 idx=38302 val=0.04078
[dump]   top4 idx=24921 val=0.03864
[dump] L25.res    n=163840  finite=1 absmax=3.505        mean=0.0019895    sumsq=504.2282482        argmax=1500
[dump]   top0 idx=1500 val=1.16065
[dump]   top1 idx=1787 val=0.56688
[dump]   top2 idx=71573 val=0.55301
[dump]   top3 idx=30613 val=0.54768
[dump]   top4 idx=788 val=0.53281
[dump] L26.hcmix  n=40960   finite=1 absmax=14.449       mean=0.023822     sumsq=14366.37839        argmax=1500
[dump]   top0 idx=1500 val=9.84113
[dump]   top1 idx=793 val=4.93446
[dump]   top2 idx=17813 val=4.75792
[dump]   top3 idx=7573 val=4.33885
[dump]   top4 idx=30613 val=3.74245
[dump] L26.att    n=40960   finite=1 absmax=1.1472       mean=-0.0022473   sumsq=180.367575         argmax=39128
[dump]   top0 idx=39128 val=0.44502
[dump]   top1 idx=39534 val=0.38285
[dump]   top2 idx=784 val=0.35629
[dump]   top3 idx=6071 val=0.35418
[dump]   top4 idx=5848 val=0.34215
[dump] L26.fmix   n=40960   finite=1 absmax=3.1415       mean=0.019468     sumsq=11602.63446        argmax=7573
[dump]   top0 idx=7573 val=2.93577
[dump]   top1 idx=17813 val=2.86798
[dump]   top2 idx=788 val=2.62583
[dump]   top3 idx=12655 val=2.50205
[dump]   top4 idx=30613 val=2.37901
[dump] L26.mid    n=160     finite=1 absmax=0 mean=0 sumsq=0 ids: 461 264 107 325 508 341 164 417 379 495 264 461 417 278 341 164 58 508 355 325 461 278 264 17 230 7 243 319 123 121 264 461 278 417 379 58 508 70 230 341 187 230 461 373 97 433 17 320 346 264 461 379 508 97 355 243 278 433 177 373 417 461 464 97 355 230 199 40 278 319 97 461 455 464 373 199 319 278 417 243 461 97 164 373 417 423 464 18 304 320 461 423 417 97 243 18 322 384 320 495 278 461 97 417 373 508 18 322 355 7 355 461 417 97 464 18 278 320 322 267 461 278 355 18 243 417 387 322 203 40 355 461 320 384 495 243 203 97 322 267 355 461 97 417 267 384 320 322 500 18 97 18 355 267 373 322 461 387 416 320
[dump] L26.moe    n=40960   finite=1 absmax=0.61263      mean=-4.3584e-05  sumsq=4.730515751        argmax=11726
[dump]   top0 idx=11726 val=0.05635
[dump]   top1 idx=422 val=0.04992
[dump]   top2 idx=8028 val=0.04930
[dump]   top3 idx=2324 val=0.04702
[dump]   top4 idx=579 val=0.04640
[dump] L26.res    n=163840  finite=1 absmax=4.6274       mean=0.0017028    sumsq=535.9968105        argmax=1500
[dump]   top0 idx=1500 val=1.20551
[dump]   top1 idx=788 val=0.63698
[dump]   top2 idx=1787 val=0.60523
[dump]   top3 idx=784 val=0.56430
[dump]   top4 idx=2366 val=0.56384
[dump] L27.hcmix  n=40960   finite=1 absmax=30.75        mean=0.011376     sumsq=6172.431815        argmax=2565
[dump]   top0 idx=2565 val=2.75454
[dump]   top1 idx=10245 val=2.69246
[dump]   top2 idx=5125 val=2.66455
[dump]   top3 idx=39128 val=2.55737
[dump]   top4 idx=17925 val=2.55478
[dump] L27.att    n=40960   finite=1 absmax=3.422        mean=-0.001075    sumsq=401.5140717        argmax=2311
[dump]   top0 idx=2311 val=3.42199
[dump]   top1 idx=47 val=1.31899
[dump]   top2 idx=1378 val=1.14412
[dump]   top3 idx=86 val=1.11349
[dump]   top4 idx=1795 val=1.07804
[dump] L27.fmix   n=40960   finite=1 absmax=3.296        mean=0.01822      sumsq=12374.20381        argmax=4046
[dump]   top0 idx=4046 val=3.29600
[dump]   top1 idx=17813 val=2.94264
[dump]   top2 idx=7573 val=2.79910
[dump]   top3 idx=16176 val=2.78574
[dump]   top4 idx=6606 val=2.63908
[dump] L27.mid    n=160     finite=1 absmax=0 mean=0 sumsq=0 ids: 430 424 98 400 108 361 130 397 104 323 350 98 323 108 424 273 84 120 240 104 323 350 211 360 23 108 430 482 166 219 482 323 108 98 418 30 360 461 430 350 323 461 508 108 418 350 174 430 360 23 120 323 108 350 418 360 201 98 511 104 323 98 360 418 108 350 508 286 104 97 323 418 98 350 508 430 120 490 360 268 418 350 98 323 360 430 384 120 108 261 323 418 350 98 108 430 166 360 151 261 317 418 323 108 508 430 98 360 350 192 323 98 508 418 104 457 430 261 120 360 323 418 508 350 98 108 84 500 120 261 508 323 430 418 98 166 261 219 151 137 430 323 508 418 166 98 249 371 261 151 323 418 430 166 249 437 45 360 240 48
[dump] L27.moe    n=40960   finite=1 absmax=0.054333     mean=0.00025783   sumsq=4.430122212        argmax=29990
[dump]   top0 idx=29990 val=0.05295
[dump]   top1 idx=30370 val=0.05258
[dump]   top2 idx=29282 val=0.04868
[dump]   top3 idx=29093 val=0.04743
[dump]   top4 idx=29728 val=0.04696
[dump] L27.res    n=163840  finite=1 absmax=4.2455       mean=0.0018851    sumsq=553.0012764        argmax=1500
[dump]   top0 idx=1500 val=1.24467
[dump]   top1 idx=2366 val=0.66741
[dump]   top2 idx=788 val=0.65183
[dump]   top3 idx=2121 val=0.64902
[dump]   top4 idx=784 val=0.62660
[dump] L28.hcmix  n=40960   finite=1 absmax=30.947       mean=0.019182     sumsq=14573.63861        argmax=1500
[dump]   top0 idx=1500 val=10.73333
[dump]   top1 idx=788 val=4.31856
[dump]   top2 idx=47 val=3.78113
[dump]   top3 idx=7573 val=3.73941
[dump]   top4 idx=21685 val=3.37061
[dump] L28.att    n=40960   finite=1 absmax=0.60902      mean=-0.0019886   sumsq=100.3510986        argmax=2311
[dump]   top0 idx=2311 val=0.60902
[dump]   top1 idx=914 val=0.28007
[dump]   top2 idx=4544 val=0.24581
[dump]   top3 idx=36680 val=0.22234
[dump]   top4 idx=693 val=0.21867
[dump] L28.fmix   n=40960   finite=1 absmax=3.7579       mean=0.018881     sumsq=13166.23635        argmax=36536
[dump]   top0 idx=36536 val=3.38435
[dump]   top1 idx=4046 val=3.26805
[dump]   top2 idx=17813 val=3.16207
[dump]   top3 idx=9908 val=3.09233
[dump]   top4 idx=7573 val=2.82334
[dump] L28.mid    n=160     finite=1 absmax=0 mean=0 sumsq=0 ids: 28 297 139 364 433 300 421 352 164 474 352 52 139 297 219 86 277 150 145 474 352 141 110 139 52 63 130 1 229 136 297 52 101 139 352 474 219 147 81 339 352 52 101 118 282 219 139 297 421 368 52 392 150 277 390 219 9 386 352 160 52 433 66 352 408 229 139 63 43 469 52 433 352 63 219 172 66 503 130 386 52 66 433 352 219 229 150 189 469 172 66 433 390 52 63 297 277 170 392 229 421 352 52 422 54 0 150 433 390 450 421 0 433 52 63 21 469 229 352 81 421 0 52 433 214 63 21 66 297 422 421 52 0 219 433 297 275 133 63 172 52 421 0 275 182 21 297 63 460 114 0 421 433 52 21 275 182 352 63 366
[dump] L28.moe    n=40960   finite=1 absmax=0.13332      mean=-7.5619e-05  sumsq=4.463482324        argmax=2311
[dump]   top0 idx=2311 val=0.13332
[dump]   top1 idx=27542 val=0.05989
[dump]   top2 idx=40853 val=0.05496
[dump]   top3 idx=22878 val=0.04975
[dump]   top4 idx=5388 val=0.04906
[dump] L28.res    n=163840  finite=1 absmax=3.9698       mean=0.0015221    sumsq=593.6071373        argmax=1500
[dump]   top0 idx=1500 val=1.17906
[dump]   top1 idx=2366 val=0.69552
[dump]   top2 idx=2121 val=0.68525
[dump]   top3 idx=788 val=0.65347
[dump]   top4 idx=1787 val=0.63393
[dump] L29.hcmix  n=40960   finite=1 absmax=5.8205       mean=0.014166     sumsq=15166.85091        argmax=7573
[dump]   top0 idx=7573 val=4.79203
[dump]   top1 idx=17813 val=4.02279
[dump]   top2 idx=12693 val=3.82257
[dump]   top3 idx=788 val=3.50994
[dump]   top4 idx=10157 val=3.32688
[dump] L29.att    n=40960   finite=1 absmax=0.21076      mean=0.0002211    sumsq=23.96630886        argmax=40195
[dump]   top0 idx=40195 val=0.21076
[dump]   top1 idx=39128 val=0.17545
[dump]   top2 idx=36568 val=0.16161
[dump]   top3 idx=13751 val=0.13832
[dump]   top4 idx=11191 val=0.13778
[dump] L29.fmix   n=40960   finite=1 absmax=4.0805       mean=0.013311     sumsq=14173.5853         argmax=4046
[dump]   top0 idx=4046 val=4.08047
[dump]   top1 idx=7573 val=3.86730
[dump]   top2 idx=788 val=3.76426
[dump]   top3 idx=17813 val=3.49201
[dump]   top4 idx=30613 val=3.29542
[dump] L29.mid    n=160     finite=1 absmax=0 mean=0 sumsq=0 ids: 293 466 68 387 262 400 285 337 54 451 387 290 273 148 330 93 250 504 337 338 290 387 148 273 16 325 93 346 394 330 290 148 250 387 273 330 91 267 265 93 290 148 118 508 273 250 387 265 267 312 387 290 148 93 273 91 317 330 118 259 259 387 290 265 118 250 273 325 338 296 259 387 273 118 290 265 93 440 325 148 387 259 290 265 118 273 451 312 91 440 387 259 290 273 22 97 148 265 91 93 387 118 273 290 265 259 250 148 330 93 259 387 290 273 265 97 438 325 342 162 438 342 259 265 387 273 290 93 118 468 279 259 325 389 93 265 273 185 453 97 387 273 259 93 265 118 342 463 290 148 259 438 342 265 279 97 387 118 468 22
[dump] L29.moe    n=40960   finite=1 absmax=0.15123      mean=0.0001299    sumsq=9.985355485        argmax=2311
[dump]   top0 idx=2311 val=0.15123
[dump]   top1 idx=21613 val=0.08848
[dump]   top2 idx=20902 val=0.08375
[dump]   top3 idx=29199 val=0.08083
[dump]   top4 idx=20969 val=0.07588
[dump] L29.res    n=163840  finite=1 absmax=3.7504       mean=0.0017054    sumsq=677.892786         argmax=1500
[dump]   top0 idx=1500 val=1.21370
[dump]   top1 idx=2366 val=0.67916
[dump]   top2 idx=2121 val=0.67628
[dump]   top3 idx=1787 val=0.66170
[dump]   top4 idx=788 val=0.65494
[dump] L30.hcmix  n=40960   finite=1 absmax=8.8748       mean=0.017369     sumsq=13433.78353        argmax=1500
[dump]   top0 idx=1500 val=8.87476
[dump]   top1 idx=788 val=4.46222
[dump]   top2 idx=12693 val=3.52163
[dump]   top3 idx=7573 val=3.46249
[dump]   top4 idx=1787 val=3.42113
[dump] L30.att    n=40960   finite=1 absmax=1.166        mean=-0.00053877  sumsq=114.5345633        argmax=38882
[dump]   top0 idx=38882 val=0.47666
[dump]   top1 idx=1603 val=0.42570
[dump]   top2 idx=21431 val=0.37305
[dump]   top3 idx=31713 val=0.36631
[dump]   top4 idx=26082 val=0.34613
[dump] L30.fmix   n=40960   finite=1 absmax=7.3777       mean=0.014309     sumsq=19589.78609        argmax=4046
[dump]   top0 idx=4046 val=4.99256
[dump]   top1 idx=1500 val=3.78171
[dump]   top2 idx=788 val=3.68939
[dump]   top3 idx=6606 val=3.46449
[dump]   top4 idx=8681 val=3.30468
[dump] L30.mid    n=160     finite=1 absmax=0 mean=0 sumsq=0 ids: 165 151 398 326 331 506 40 137 138 417 165 506 138 14 326 409 111 500 106 335 95 414 409 280 506 14 311 234 227 338 205 165 223 280 506 318 398 433 409 151 376 280 5 223 81 335 409 22 318 463 14 308 151 409 234 506 290 12 110 129 506 138 111 335 11 151 212 181 205 398 506 138 335 14 212 441 409 154 6 280 335 506 280 138 498 473 439 212 64 11 11 506 138 335 14 498 280 111 212 173 181 473 506 409 370 129 237 64 439 280 11 506 398 138 181 151 335 282 136 111 506 138 212 11 409 335 40 128 500 129 181 335 280 506 212 79 151 11 415 398 181 506 335 326 86 82 11 244 212 415 244 335 506 11 100 128 482 181 398 510
[dump] L30.moe    n=40960   finite=1 absmax=0.065388     mean=0.0001027    sumsq=7.8623366          argmax=36714
[dump]   top0 idx=36714 val=0.06539
[dump]   top1 idx=27827 val=0.06058
[dump]   top2 idx=35492 val=0.05690
[dump]   top3 idx=21651 val=0.05648
[dump]   top4 idx=17713 val=0.05589
[dump] L30.res    n=163840  finite=1 absmax=3.734        mean=0.0017187    sumsq=750.9441245        argmax=1500
[dump]   top0 idx=1500 val=1.21919
[dump]   top1 idx=2121 val=0.80149
[dump]   top2 idx=788 val=0.75497
[dump]   top3 idx=2366 val=0.68963
[dump]   top4 idx=1787 val=0.66660
[dump] L31.hcmix  n=40960   finite=1 absmax=10.168       mean=0.0056677    sumsq=3514.734666        argmax=28888
[dump]   top0 idx=28888 val=2.17508
[dump]   top1 idx=3288 val=2.13021
[dump]   top2 idx=16088 val=2.12155
[dump]   top3 idx=23768 val=2.02599
[dump]   top4 idx=34008 val=1.88910
[dump] L31.att    n=40960   finite=1 absmax=0.76234      mean=-0.0030001   sumsq=165.5963908        argmax=892
[dump]   top0 idx=892 val=0.76234
[dump]   top1 idx=2311 val=0.75799
[dump]   top2 idx=1795 val=0.46809
[dump]   top3 idx=3765 val=0.40413
[dump]   top4 idx=2121 val=0.38924
[dump] L31.fmix   n=40960   finite=1 absmax=6.8419       mean=0.0054032    sumsq=29378.98233        argmax=23768
[dump]   top0 idx=23768 val=6.84190
[dump]   top1 idx=8681 val=5.91825
[dump]   top2 idx=21208 val=4.93558
[dump]   top3 idx=28888 val=4.76857
[dump]   top4 idx=9908 val=4.52889
[dump] L31.mid    n=160     finite=1 absmax=0 mean=0 sumsq=0 ids: 283 174 156 96 215 136 55 199 50 100 494 199 50 405 100 207 501 318 174 12 494 263 199 207 192 318 314 298 475 31 207 156 494 234 379 33 405 388 444 38 116 207 236 453 210 16 318 156 326 246 116 288 426 32 50 406 501 399 207 199 288 207 494 156 426 302 399 405 318 199 494 199 426 399 193 311 134 288 156 501 494 288 207 405 199 318 303 174 446 399 494 399 318 501 207 303 174 405 342 288 405 207 399 192 100 494 314 156 318 406 494 405 283 399 289 156 318 207 199 342 494 318 174 283 399 303 449 405 501 288 283 289 494 327 405 156 96 177 207 192 289 283 156 494 405 449 174 302 12 446 303 289 449 174 283 156 405 56 207 494
[dump] L31.moe    n=40960   finite=1 absmax=0.12323      mean=0.00022971   sumsq=11.69007967        argmax=3022
[dump]   top0 idx=3022 val=0.12323
[dump]   top1 idx=2311 val=0.10387
[dump]   top2 idx=8142 val=0.09588
[dump]   top3 idx=9966 val=0.07960
[dump]   top4 idx=29346 val=0.07276
[dump] L31.res    n=163840  finite=1 absmax=3.501        mean=0.0015389    sumsq=733.0418667        argmax=1500
[dump]   top0 idx=1500 val=1.18621
[dump]   top1 idx=2121 val=0.88929
[dump]   top2 idx=788 val=0.71130
[dump]   top3 idx=2366 val=0.68716
[dump]   top4 idx=138 val=0.66835
[dump] L32.hcmix  n=40960   finite=1 absmax=15.765       mean=0.0091327    sumsq=14714.58657        argmax=1500
[dump]   top0 idx=1500 val=10.29299
[dump]   top1 idx=788 val=5.01225
[dump]   top2 idx=4060 val=3.80734
[dump]   top3 idx=38631 val=3.63224
[dump]   top4 idx=579 val=3.58542
[dump] L32.att    n=40960   finite=1 absmax=0.38972      mean=-0.0010416   sumsq=52.70755549        argmax=5081
[dump]   top0 idx=5081 val=0.38972
[dump]   top1 idx=7622 val=0.29527
[dump]   top2 idx=3553 val=0.26841
[dump]   top3 idx=3942 val=0.22537
[dump]   top4 idx=13513 val=0.22502
[dump] L32.fmix   n=40960   finite=1 absmax=4.9768       mean=0.0055094    sumsq=26778.55503        argmax=8681
[dump]   top0 idx=8681 val=4.97685
[dump]   top1 idx=14245 val=3.86230
[dump]   top2 idx=13717 val=3.84268
[dump]   top3 idx=9908 val=3.73634
[dump]   top4 idx=788 val=3.68213
[dump] L32.mid    n=160     finite=1 absmax=0 mean=0 sumsq=0 ids: 228 243 272 256 487 429 58 132 392 74 228 28 429 359 480 92 272 140 61 263 28 228 140 149 429 99 113 261 236 191 228 429 447 188 124 319 28 479 341 418 228 188 447 104 429 319 303 138 243 58 228 394 142 272 140 12 388 369 205 419 429 359 243 228 58 142 140 487 263 366 228 429 243 272 359 394 58 92 400 140 228 243 429 272 359 142 263 140 149 58 263 228 359 429 272 243 142 480 92 149 228 272 243 429 465 263 400 149 447 92 228 429 243 272 359 480 58 7 479 140 429 228 263 272 359 243 140 132 480 391 243 429 228 58 489 272 189 479 263 7 228 243 7 278 480 359 58 75 202 429 243 228 359 454 278 235 480 189 263 507
[dump] L32.moe    n=40960   finite=1 absmax=0.37363      mean=0.00011152   sumsq=14.9318383         argmax=2311
[dump]   top0 idx=2311 val=0.31074
[dump]   top1 idx=1547 val=0.10827
[dump]   top2 idx=472 val=0.10710
[dump]   top3 idx=29802 val=0.10477
[dump]   top4 idx=895 val=0.10210
[dump] L32.res    n=163840  finite=1 absmax=2.881        mean=0.0014728    sumsq=807.1887646        argmax=1500
[dump]   top0 idx=1500 val=1.22104
[dump]   top1 idx=2121 val=0.99886
[dump]   top2 idx=2366 val=0.84569
[dump]   top3 idx=138 val=0.79867
[dump]   top4 idx=788 val=0.76408
[dump] L33.hcmix  n=40960   finite=1 absmax=5.909        mean=0.017019     sumsq=16070.58757        argmax=7573
[dump]   top0 idx=7573 val=4.53617
[dump]   top1 idx=788 val=4.50708
[dump]   top2 idx=17813 val=4.21109
[dump]   top3 idx=12693 val=3.98132
[dump]   top4 idx=1500 val=3.77811
[dump] L33.att    n=40960   finite=1 absmax=0.17836      mean=-0.00122     sumsq=27.58853281        argmax=4960
[dump]   top0 idx=4960 val=0.17836
[dump]   top1 idx=32602 val=0.15875
[dump]   top2 idx=24922 val=0.14712
[dump]   top3 idx=39129 val=0.14476
[dump]   top4 idx=28889 val=0.14052
[dump] L33.fmix   n=40960   finite=1 absmax=5.4228       mean=0.0081209    sumsq=22137.96889        argmax=4046
[dump]   top0 idx=4046 val=5.42283
[dump]   top1 idx=6606 val=4.64995
[dump]   top2 idx=32206 val=3.79220
[dump]   top3 idx=7971 val=3.13444
[dump]   top4 idx=13717 val=3.12126
[dump] L33.mid    n=160     finite=1 absmax=0 mean=0 sumsq=0 ids: 136 486 387 243 471 105 160 200 28 504 136 387 486 363 160 299 471 419 365 243 387 398 328 486 136 304 222 259 471 71 136 328 486 387 249 469 363 105 160 366 486 136 366 387 471 333 469 363 444 105 387 471 136 419 84 448 291 127 474 386 419 136 279 366 471 486 387 363 328 155 136 279 419 363 387 365 366 206 471 362 136 419 470 363 279 362 486 105 206 366 363 470 136 419 279 362 471 365 84 347 136 84 486 428 279 328 419 363 160 299 84 363 136 362 279 471 345 419 155 374 136 362 363 84 279 374 471 419 486 155 84 374 136 345 279 363 155 486 471 499 363 84 136 253 299 345 209 279 362 407 362 374 279 84 136 345 419 363 299 209
[dump] L33.moe    n=40960   finite=1 absmax=0.072537     mean=-5.6572e-05  sumsq=8.957432409        argmax=5731
[dump]   top0 idx=5731 val=0.07254
[dump]   top1 idx=3119 val=0.07081
[dump]   top2 idx=5252 val=0.07050
[dump]   top3 idx=6381 val=0.06788
[dump]   top4 idx=13755 val=0.06696
[dump] L33.res    n=163840  finite=1 absmax=2.816        mean=0.00096286   sumsq=855.5446483        argmax=1500
[dump]   top0 idx=1500 val=1.18222
[dump]   top1 idx=2121 val=0.97766
[dump]   top2 idx=138 val=0.83470
[dump]   top3 idx=2366 val=0.81382
[dump]   top4 idx=788 val=0.73195
[dump] L34.hcmix  n=40960   finite=1 absmax=17.237       mean=0.012471     sumsq=15901.22916        argmax=1500
[dump]   top0 idx=1500 val=8.51403
[dump]   top1 idx=793 val=4.87822
[dump]   top2 idx=788 val=4.40568
[dump]   top3 idx=1912 val=3.82952
[dump]   top4 idx=34485 val=3.78559
[dump] L34.att    n=40960   finite=1 absmax=0.36239      mean=-0.00073518  sumsq=57.42076455        argmax=26082
[dump]   top0 idx=26082 val=0.36239
[dump]   top1 idx=40282 val=0.31641
[dump]   top2 idx=38882 val=0.31327
[dump]   top3 idx=36322 val=0.29584
[dump]   top4 idx=32602 val=0.27030
[dump] L34.fmix   n=40960   finite=1 absmax=4.2807       mean=0.017374     sumsq=19585.54677        argmax=1500
[dump]   top0 idx=1500 val=4.28066
[dump]   top1 idx=7573 val=4.08928
[dump]   top2 idx=17813 val=3.44165
[dump]   top3 idx=10936 val=3.43257
[dump]   top4 idx=28893 val=3.40357
[dump] L34.mid    n=160     finite=1 absmax=0 mean=0 sumsq=0 ids: 449 475 275 87 496 19 101 111 399 24 111 29 101 22 460 484 275 24 119 13 131 157 29 119 111 7 173 33 509 102 29 7 201 459 185 101 299 157 24 264 440 29 157 459 111 190 506 131 201 119 87 277 496 88 264 24 275 101 29 399 131 111 24 448 101 119 366 102 29 87 131 88 22 101 29 119 448 24 111 459 29 448 24 102 22 101 460 353 119 5 448 24 29 22 101 102 353 460 264 347 111 29 299 459 201 119 101 24 46 106 131 24 101 448 111 102 366 460 22 347 111 131 366 448 101 24 22 102 460 347 131 24 101 353 448 29 22 275 102 247 131 123 22 101 24 448 150 201 29 430 448 131 24 101 22 460 247 366 275 211
[dump] L34.moe    n=40960   finite=1 absmax=0.14148      mean=0.00032459   sumsq=13.73219263        argmax=29990
[dump]   top0 idx=29990 val=0.11053
[dump]   top1 idx=28691 val=0.10708
[dump]   top2 idx=30415 val=0.10273
[dump]   top3 idx=28307 val=0.09948
[dump]   top4 idx=2311 val=0.09446
[dump] L34.res    n=163840  finite=1 absmax=2.791        mean=0.0010311    sumsq=1003.820523        argmax=1500
[dump]   top0 idx=1500 val=1.17674
[dump]   top1 idx=2121 val=0.97064
[dump]   top2 idx=138 val=0.86688
[dump]   top3 idx=2366 val=0.80412
[dump]   top4 idx=51682 val=0.80182
[dump] L35.hcmix  n=40960   finite=1 absmax=8.5671       mean=0.008799     sumsq=5335.943661        argmax=13282
[dump]   top0 idx=13282 val=2.30852
[dump]   top1 idx=23522 val=2.30056
[dump]   top2 idx=8162 val=2.29675
[dump]   top3 idx=34008 val=2.24262
[dump]   top4 idx=38882 val=2.19416
[dump] L35.att    n=40960   finite=1 absmax=0.77429      mean=0.00092245   sumsq=142.3679486        argmax=1736
[dump]   top0 idx=1736 val=0.71083
[dump]   top1 idx=360 val=0.52767
[dump]   top2 idx=994 val=0.50615
[dump]   top3 idx=1795 val=0.49769
[dump]   top4 idx=1882 val=0.44941
[dump] L35.fmix   n=40960   finite=1 absmax=4.6788       mean=0.01542      sumsq=25234.08303        argmax=29955
[dump]   top0 idx=29955 val=3.53160
[dump]   top1 idx=7971 val=3.50432
[dump]   top2 idx=12035 val=3.44362
[dump]   top3 idx=14245 val=3.38098
[dump]   top4 idx=19715 val=3.37337
[dump] L35.mid    n=160     finite=1 absmax=0 mean=0 sumsq=0 ids: 434 31 360 170 342 472 406 500 372 403 472 161 3 222 309 342 362 315 31 434 222 309 3 161 56 472 342 362 307 162 161 70 472 403 291 222 426 309 353 342 70 472 161 3 31 259 222 342 9 345 3 368 453 472 9 501 74 8 397 434 472 3 31 121 453 49 161 434 362 375 472 3 397 31 375 453 52 315 49 434 472 161 375 3 31 434 315 222 121 56 472 3 161 375 315 31 56 372 434 121 472 500 170 161 222 31 426 372 315 357 472 31 121 375 434 315 161 3 277 192 375 472 121 31 315 385 3 434 222 342 121 31 472 490 315 56 375 161 162 434 472 31 121 315 490 173 161 372 434 454 472 121 31 315 490 375 162 56 161 434
[dump] L35.moe    n=40960   finite=1 absmax=0.18141      mean=0.00074966   sumsq=23.98693825        argmax=30042
[dump]   top0 idx=30042 val=0.18141
[dump]   top1 idx=21769 val=0.11448
[dump]   top2 idx=37722 val=0.11095
[dump]   top3 idx=21167 val=0.11093
[dump]   top4 idx=20756 val=0.10817
[dump] L35.res    n=163840  finite=1 absmax=2.8242       mean=0.0020788    sumsq=1195.027089        argmax=1500
[dump]   top0 idx=1500 val=1.15501
[dump]   top1 idx=2121 val=1.00062
[dump]   top2 idx=83802 val=0.97370
[dump]   top3 idx=63322 val=0.96914
[dump]   top4 idx=114522 val=0.93560
[dump] L36.hcmix  n=40960   finite=1 absmax=12.353       mean=0.015452     sumsq=14544.51211        argmax=1500
[dump]   top0 idx=1500 val=6.49436
[dump]   top1 idx=793 val=5.30921
[dump]   top2 idx=788 val=3.87449
[dump]   top3 idx=1736 val=3.78190
[dump]   top4 idx=3511 val=3.50364
[dump] L36.att    n=40960   finite=1 absmax=6.0774       mean=0.0025692    sumsq=742.5437321        argmax=1827
[dump]   top0 idx=1827 val=3.08731
[dump]   top1 idx=2311 val=2.04460
[dump]   top2 idx=1984 val=1.95058
[dump]   top3 idx=2238 val=1.92563
[dump]   top4 idx=403 val=1.85943
[dump] L36.fmix   n=40960   finite=1 absmax=6.1479       mean=0.03541      sumsq=38444.57076        argmax=8681
[dump]   top0 idx=8681 val=5.45026
[dump]   top1 idx=4046 val=5.06319
[dump]   top2 idx=14245 val=4.62131
[dump]   top3 idx=13717 val=4.32266
[dump]   top4 idx=19490 val=3.90021
[dump] L36.mid    n=160     finite=1 absmax=0 mean=0 sumsq=0 ids: 363 78 76 429 55 210 407 265 388 45 396 412 358 102 217 25 218 387 490 269 396 218 412 233 429 341 387 22 96 137 218 134 308 76 147 388 349 146 439 105 358 134 96 369 218 76 396 298 125 137 54 491 55 306 313 363 210 114 496 219 387 313 218 358 429 25 210 243 134 396 244 387 102 306 248 341 481 218 313 491 387 218 296 25 341 244 102 258 313 210 387 25 258 218 296 210 217 76 102 363 218 339 387 293 148 140 26 363 158 76 387 218 25 494 158 485 313 122 210 243 387 25 258 388 324 330 296 169 40 485 387 185 218 258 25 442 243 179 410 429 387 278 25 258 179 442 18 370 314 262 387 179 442 258 25 168 410 182 185 125
[dump] L36.moe    n=40960   finite=1 absmax=0.22464      mean=0.00061633   sumsq=53.49742945        argmax=35107
[dump]   top0 idx=35107 val=0.20853
[dump]   top1 idx=32840 val=0.17831
[dump]   top2 idx=34333 val=0.17564
[dump]   top3 idx=29987 val=0.17304
[dump]   top4 idx=32935 val=0.15587
[dump] L36.res    n=163840  finite=1 absmax=6.3818       mean=0.0030093    sumsq=2317.169796        argmax=1827
[dump]   top0 idx=1827 val=2.88384
[dump]   top1 idx=138 val=2.25911
[dump]   top2 idx=63322 val=1.74053
[dump]   top3 idx=1736 val=1.71406
[dump]   top4 idx=1984 val=1.71382
[dump] L37.hcmix  n=40960   finite=1 absmax=16.865       mean=0.032111     sumsq=14255.09566        argmax=1500
[dump]   top0 idx=1500 val=7.83555
[dump]   top1 idx=1827 val=6.64687
[dump]   top2 idx=19715 val=4.33185
[dump]   top3 idx=138 val=4.15264
[dump]   top4 idx=1736 val=4.03567
[dump] L37.att    n=40960   finite=1 absmax=2.2612       mean=-0.001049    sumsq=127.661168         argmax=2537
[dump]   top0 idx=2537 val=1.14224
[dump]   top1 idx=932 val=0.68007
[dump]   top2 idx=138 val=0.63122
[dump]   top3 idx=1359 val=0.55618
[dump]   top4 idx=1750 val=0.54589
[dump] L37.fmix   n=40960   finite=1 absmax=5.4249       mean=0.044599     sumsq=38355.25355        argmax=8681
[dump]   top0 idx=8681 val=4.67674
[dump]   top1 idx=12655 val=4.16662
[dump]   top2 idx=14245 val=4.16320
[dump]   top3 idx=23252 val=4.13724
[dump]   top4 idx=7573 val=4.10635
[dump] L37.mid    n=160     finite=1 absmax=0 mean=0 sumsq=0 ids: 255 72 379 304 131 25 418 420 10 324 255 324 19 304 369 286 150 457 379 128 451 128 286 369 118 350 197 200 435 255 346 306 284 255 359 479 187 19 511 265 346 128 187 255 379 451 324 511 304 359 131 302 297 25 255 392 379 96 24 134 19 29 346 118 484 57 369 304 324 255 19 118 57 255 360 25 484 369 197 155 19 352 346 118 369 484 57 200 255 155 352 118 19 57 369 200 306 255 346 326 19 255 317 484 379 346 191 155 128 369 255 346 369 19 131 57 200 155 379 313 369 57 264 304 255 19 346 118 155 484 313 57 369 469 346 389 200 326 128 306 313 346 321 19 369 469 57 326 255 118 313 346 57 369 469 304 264 19 131 326
[dump] L37.moe    n=40960   finite=1 absmax=0.17187      mean=0.00022083   sumsq=49.53192441        argmax=31602
[dump]   top0 idx=31602 val=0.16823
[dump]   top1 idx=28439 val=0.15542
[dump]   top2 idx=29042 val=0.15484
[dump]   top3 idx=20916 val=0.14881
[dump]   top4 idx=19206 val=0.14615
[dump] L37.res    n=163840  finite=1 absmax=6.7359       mean=0.0028235    sumsq=2794.126096        argmax=1827
[dump]   top0 idx=1827 val=2.93053
[dump]   top1 idx=138 val=2.36047
[dump]   top2 idx=1984 val=1.81162
[dump]   top3 idx=63322 val=1.71561
[dump]   top4 idx=1736 val=1.70504
[dump] L38.hcmix  n=40960   finite=1 absmax=34.037       mean=0.021683     sumsq=14848.23651        argmax=1500
[dump]   top0 idx=1500 val=9.63130
[dump]   top1 idx=1827 val=5.85183
[dump]   top2 idx=138 val=5.76097
[dump]   top3 idx=793 val=5.15136
[dump]   top4 idx=17925 val=4.68026
[dump] L38.att    n=40960   finite=1 absmax=0.46871      mean=-0.00059418  sumsq=108.3171035        argmax=403
[dump]   top0 idx=403 val=0.40282
[dump]   top1 idx=36753 val=0.33830
[dump]   top2 idx=34193 val=0.33504
[dump]   top3 idx=23953 val=0.29740
[dump]   top4 idx=7716 val=0.28423
[dump] L38.fmix   n=40960   finite=1 absmax=5.9764       mean=0.044266     sumsq=34534.05892        argmax=12655
[dump]   top0 idx=12655 val=5.97642
[dump]   top1 idx=10936 val=5.30620
[dump]   top2 idx=8681 val=4.98864
[dump]   top3 idx=1863 val=4.23659
[dump]   top4 idx=7573 val=4.01508
[dump] L38.mid    n=160     finite=1 absmax=0 mean=0 sumsq=0 ids: 317 456 283 345 309 41 57 446 287 205 425 96 305 394 164 188 483 438 402 275 460 188 265 96 402 394 425 232 187 438 464 352 279 51 145 376 96 396 460 244 396 460 183 96 202 193 356 310 384 111 341 206 347 235 309 104 18 388 462 345 7 206 460 438 226 116 341 393 396 134 241 375 425 307 124 106 259 206 360 438 504 460 96 206 50 388 400 279 124 7 504 460 454 438 355 135 279 486 206 50 153 87 226 452 71 173 454 460 164 350 460 206 116 226 213 7 41 117 244 287 483 226 206 438 460 7 486 117 188 50 226 173 412 206 457 287 262 460 50 483 168 173 370 226 323 287 228 483 320 262 226 287 173 206 483 354 260 76 438 14
[dump] L38.moe    n=40960   finite=1 absmax=0.19374      mean=3.8063e-05   sumsq=35.27656095        argmax=27937
[dump]   top0 idx=27937 val=0.19374
[dump]   top1 idx=11484 val=0.13182
[dump]   top2 idx=11657 val=0.13026
[dump]   top3 idx=11913 val=0.12810
[dump]   top4 idx=10787 val=0.12437
[dump] L38.res    n=163840  finite=1 absmax=6.7279       mean=0.0027688    sumsq=3065.687538        argmax=1827
[dump]   top0 idx=1827 val=2.92785
[dump]   top1 idx=138 val=2.36227
[dump]   top2 idx=1984 val=1.81003
[dump]   top3 idx=63322 val=1.72339
[dump]   top4 idx=1736 val=1.70070
[dump] L39.hcmix  n=40960   finite=1 absmax=4.8347       mean=0.0090875    sumsq=5549.551583        argmax=793
[dump]   top0 idx=793 val=4.83471
[dump]   top1 idx=23045 val=3.41643
[dump]   top2 idx=38405 val=3.30402
[dump]   top3 idx=30725 val=3.17280
[dump]   top4 idx=25605 val=3.15616
[dump] L39.att    n=40960   finite=1 absmax=0.55624      mean=0.0015317    sumsq=214.8829811        argmax=29052
[dump]   top0 idx=29052 val=0.55624
[dump]   top1 idx=15465 val=0.48147
[dump]   top2 idx=21372 val=0.39843
[dump]   top3 idx=23839 val=0.39386
[dump]   top4 idx=36732 val=0.38836
[dump] L39.fmix   n=40960   finite=1 absmax=8.5391       mean=0.033382     sumsq=41094.08121        argmax=8681
[dump]   top0 idx=8681 val=8.53908
[dump]   top1 idx=15939 val=6.03204
[dump]   top2 idx=8288 val=5.48823
[dump]   top3 idx=23619 val=5.44893
[dump]   top4 idx=5699 val=5.23722
[dump] L39.mid    n=160     finite=1 absmax=0 mean=0 sumsq=0 ids: 356 323 285 42 496 260 242 334 450 82 356 496 103 167 45 480 128 120 494 477 48 496 45 356 477 123 480 128 42 103 356 42 99 496 307 107 264 355 220 248 356 99 42 109 496 103 500 264 342 128 480 372 356 82 285 201 36 389 494 495 356 99 128 42 480 109 103 334 104 299 356 480 128 42 334 477 299 394 375 110 356 128 42 299 110 148 480 199 60 274 356 406 128 32 477 177 480 42 219 126 356 477 42 459 128 372 355 36 45 442 356 128 60 480 334 110 42 391 496 148 356 32 128 334 60 480 42 110 145 299 356 127 60 128 233 108 116 10 433 110 356 425 60 334 116 257 127 233 128 463 356 60 425 128 233 127 110 116 32 257
[dump] L39.moe    n=40960   finite=1 absmax=0.44783      mean=0.000283     sumsq=97.41856327        argmax=2311
[dump]   top0 idx=2311 val=0.44783
[dump]   top1 idx=422 val=0.30217
[dump]   top2 idx=21084 val=0.27799
[dump]   top3 idx=1882 val=0.26794
[dump]   top4 idx=21597 val=0.24123
[dump] L39.res    n=163840  finite=1 absmax=6.0575       mean=0.003384     sumsq=3873.334813        argmax=1827
[dump]   top0 idx=1827 val=2.91925
[dump]   top1 idx=138 val=2.37646
[dump]   top2 idx=114522 val=2.21984
[dump]   top3 idx=1984 val=1.99047
[dump]   top4 idx=63322 val=1.96795
[dump] L40.hcmix  n=40960   finite=1 absmax=20.012       mean=0.035839     sumsq=27405.67615        argmax=138
[dump]   top0 idx=138 val=7.87454
[dump]   top1 idx=1827 val=7.00929
[dump]   top2 idx=12655 val=6.19892
[dump]   top3 idx=472 val=4.90850
[dump]   top4 idx=1984 val=4.80283
[dump] L40.att    n=40960   finite=1 absmax=0.63297      mean=0.0025849    sumsq=205.2560011        argmax=8741
[dump]   top0 idx=8741 val=0.63297
[dump]   top1 idx=27937 val=0.61280
[dump]   top2 idx=13861 val=0.60338
[dump]   top3 idx=36901 val=0.57167
[dump]   top4 idx=29221 val=0.52387
[dump] L40.fmix   n=40960   finite=1 absmax=7.2464       mean=0.03947      sumsq=47084.6842         argmax=8681
[dump]   top0 idx=8681 val=7.24643
[dump]   top1 idx=15939 val=6.58148
[dump]   top2 idx=22718 val=5.85381
[dump]   top3 idx=27838 val=5.65762
[dump]   top4 idx=13379 val=5.59221
[dump] L40.mid    n=160     finite=1 absmax=0 mean=0 sumsq=0 ids: 280 172 309 449 178 141 428 91 103 381 280 28 141 249 332 380 135 334 311 362 280 268 282 8 218 66 502 332 380 219 280 217 199 380 461 111 334 477 277 67 268 334 217 280 160 21 67 199 391 380 36 178 280 428 200 295 127 310 309 317 280 335 334 380 141 138 160 217 398 204 280 335 128 336 295 188 398 395 138 200 280 335 220 138 261 465 263 492 411 206 204 280 398 52 335 22 229 250 465 83 307 170 412 280 351 282 77 178 301 479 172 335 280 208 138 64 61 374 178 398 335 208 280 172 138 178 465 240 141 220 240 204 491 335 435 494 385 155 61 57 240 172 491 212 470 335 208 61 398 485 335 240 172 208 470 491 497 138 61 260
[dump] L40.moe    n=40960   finite=1 absmax=0.19036      mean=7.5548e-05   sumsq=38.20308981        argmax=11959
[dump]   top0 idx=11959 val=0.19036
[dump]   top1 idx=10697 val=0.18687
[dump]   top2 idx=12555 val=0.18312
[dump]   top3 idx=12437 val=0.18297
[dump]   top4 idx=10736 val=0.18207
[dump] L40.res    n=163840  finite=1 absmax=6.0679       mean=0.0041438    sumsq=4391.498971        argmax=1827
[dump]   top0 idx=1827 val=2.93596
[dump]   top1 idx=114522 val=2.47004
[dump]   top2 idx=138 val=2.41685
[dump]   top3 idx=63322 val=2.08386
[dump]   top4 idx=1984 val=1.97100
[dump] L41.hcmix  n=40960   finite=1 absmax=19.278       mean=0.031574     sumsq=20960.37324        argmax=138
[dump]   top0 idx=138 val=7.25885
[dump]   top1 idx=1827 val=5.80033
[dump]   top2 idx=1500 val=5.50993
[dump]   top3 idx=1984 val=4.93418
[dump]   top4 idx=27937 val=4.61426
[dump] L41.att    n=40960   finite=1 absmax=0.68918      mean=0.00063076   sumsq=161.7364463        argmax=17242
[dump]   top0 idx=17242 val=0.68918
[dump]   top1 idx=30042 val=0.67577
[dump]   top2 idx=32602 val=0.62706
[dump]   top3 idx=14682 val=0.54790
[dump]   top4 idx=27482 val=0.52999
[dump] L41.fmix   n=40960   finite=1 absmax=7.2183       mean=0.042281     sumsq=49969.95512        argmax=1500
[dump]   top0 idx=1500 val=5.50674
[dump]   top1 idx=8681 val=5.47994
[dump]   top2 idx=8288 val=5.37866
[dump]   top3 idx=15939 val=4.91566
[dump]   top4 idx=11929 val=4.81749
[dump] L41.mid    n=160     finite=1 absmax=0 mean=0 sumsq=0 ids: 59 240 198 491 331 445 482 420 266 348 348 178 489 27 196 505 378 410 20 281 205 348 132 20 378 58 480 423 19 178 289 387 19 343 255 90 204 160 135 348 21 204 95 343 160 90 196 71 454 255 496 59 55 42 433 476 491 493 348 482 157 116 59 204 198 348 433 118 496 20 59 299 489 433 376 240 440 430 332 465 132 506 118 253 58 302 198 442 489 404 118 404 131 205 426 366 348 342 132 79 389 303 406 45 146 505 169 461 374 118 59 433 118 450 416 198 443 240 105 491 59 433 118 450 440 476 240 491 198 149 305 278 450 59 17 483 221 433 413 205 59 450 433 346 240 301 293 338 417 477 59 450 491 119 433 118 440 346 111 106
[dump] L41.moe    n=40960   finite=1 absmax=0.15527      mean=-0.00019932  sumsq=46.45420841        argmax=30466
[dump]   top0 idx=30466 val=0.15378
[dump]   top1 idx=10644 val=0.14412
[dump]   top2 idx=12702 val=0.13981
[dump]   top3 idx=10253 val=0.13871
[dump]   top4 idx=11879 val=0.13792
[dump] L41.res    n=163840  finite=1 absmax=5.9993       mean=0.0042344    sumsq=4916.632218        argmax=1827
[dump]   top0 idx=1827 val=3.06421
[dump]   top1 idx=114522 val=2.86822
[dump]   top2 idx=138 val=2.51215
[dump]   top3 idx=63322 val=2.46057
[dump]   top4 idx=1984 val=2.17648
[dump] L42.hcmix  n=40960   finite=1 absmax=12.721       mean=0.032159     sumsq=21787.54328        argmax=1984
[dump]   top0 idx=1984 val=6.10186
[dump]   top1 idx=138 val=5.70046
[dump]   top2 idx=30042 val=4.61682
[dump]   top3 idx=14422 val=4.49260
[dump]   top4 idx=37858 val=3.57335
[dump] L42.att    n=40960   finite=1 absmax=0.732        mean=0.00091517   sumsq=138.7267527        argmax=23522
[dump]   top0 idx=23522 val=0.40365
[dump]   top1 idx=20962 val=0.36965
[dump]   top2 idx=18402 val=0.35753
[dump]   top3 idx=39393 val=0.35649
[dump]   top4 idx=10722 val=0.33714
[dump] L42.fmix   n=40960   finite=1 absmax=5.5598       mean=0.041987     sumsq=49492.31221        argmax=8681
[dump]   top0 idx=8681 val=5.55975
[dump]   top1 idx=33683 val=5.09431
[dump]   top2 idx=21424 val=4.94228
[dump]   top3 idx=29042 val=4.81067
[dump]   top4 idx=31664 val=4.78676
[dump] L42.mid    n=160     finite=1 absmax=0 mean=0 sumsq=0 ids: 294 151 366 248 283 322 212 393 83 53 455 78 357 3 466 250 293 276 279 319 357 455 279 302 14 276 495 341 53 78 474 42 21 39 141 455 105 414 51 108 39 59 455 21 92 414 65 78 276 490 53 506 215 507 151 14 276 248 348 357 310 3 110 140 231 53 276 357 5 90 140 310 3 110 455 354 53 276 357 248 310 341 3 191 110 182 283 455 140 136 341 391 3 110 269 278 310 357 283 191 310 3 151 105 227 333 110 455 6 78 3 337 212 140 193 310 451 5 308 117 3 310 140 5 466 151 110 121 212 411 321 212 446 3 399 6 509 7 341 310 212 310 7 494 3 399 509 358 498 83 212 3 509 310 498 140 83 290 399 6
[dump] L42.moe    n=40960   finite=1 absmax=0.25308      mean=0.00063481   sumsq=76.86019182        argmax=36682
[dump]   top0 idx=36682 val=0.25308
[dump]   top1 idx=38053 val=0.21151
[dump]   top2 idx=37677 val=0.21111
[dump]   top3 idx=544 val=0.20877
[dump]   top4 idx=36044 val=0.19917
[dump] L42.res    n=163840  finite=1 absmax=6.0126       mean=0.0053171    sumsq=6173.454621        argmax=1827
[dump]   top0 idx=1827 val=3.15821
[dump]   top1 idx=114522 val=2.94281
[dump]   top2 idx=138 val=2.65442
[dump]   top3 idx=63322 val=2.55773
[dump]   top4 idx=1984 val=2.28109
[dump] L43.hcmix  n=40960   finite=1 absmax=4.0981       mean=0.0073622    sumsq=2809.064659        argmax=21362
[dump]   top0 idx=21362 val=4.09814
[dump]   top1 idx=23922 val=4.02097
[dump]   top2 idx=29042 val=3.77687
[dump]   top3 idx=31602 val=3.70165
[dump]   top4 idx=39282 val=3.63304
[dump] L43.att    n=40960   finite=1 absmax=0.54649      mean=0.0026689    sumsq=188.8763243        argmax=28888
[dump]   top0 idx=28888 val=0.50528
[dump]   top1 idx=16751 val=0.50317
[dump]   top2 idx=29551 val=0.48429
[dump]   top3 idx=16088 val=0.45906
[dump]   top4 idx=30398 val=0.45486
[dump] L43.fmix   n=40960   finite=1 absmax=5.4473       mean=0.039605     sumsq=36413.75235        argmax=25380
[dump]   top0 idx=25380 val=5.44731
[dump]   top1 idx=33683 val=4.15908
[dump]   top2 idx=29120 val=4.10660
[dump]   top3 idx=23020 val=4.07166
[dump]   top4 idx=36999 val=3.96108
[dump] L43.mid    n=160     finite=1 absmax=0 mean=0 sumsq=0 ids: 300 180 86 133 13 91 413 60 64 278 44 300 166 124 471 293 24 266 363 499 293 117 300 417 124 505 166 499 483 471 300 439 371 293 19 257 42 189 221 70 300 221 257 219 371 376 439 80 348 132 300 10 499 133 331 337 472 26 146 286 300 499 462 146 64 337 219 293 363 483 300 499 86 146 374 101 117 337 462 363 300 121 86 97 451 499 145 462 120 293 300 483 266 462 293 270 216 299 430 18 300 496 323 86 90 182 117 278 293 64 300 86 499 0 227 337 61 272 451 133 300 86 499 462 133 483 363 64 417 436 300 325 248 86 202 436 499 133 355 259 300 325 86 499 14 146 337 347 117 4 300 86 325 499 436 99 462 98 337 483
[dump] L43.moe    n=40960   finite=1 absmax=0.25764      mean=0.00023644   sumsq=42.3842838         argmax=28742
[dump]   top0 idx=28742 val=0.25764
[dump]   top1 idx=29516 val=0.19642
[dump]   top2 idx=31302 val=0.17903
[dump]   top3 idx=30262 val=0.17708
[dump]   top4 idx=28436 val=0.15718
[dump] L43.res    n=163840  finite=1 absmax=6.0328       mean=0.0062511    sumsq=6779.68229         argmax=114522
[dump]   top0 idx=114522 val=3.19166
[dump]   top1 idx=1827 val=3.01680
[dump]   top2 idx=63322 val=2.66003
[dump]   top3 idx=138 val=2.64816
[dump]   top4 idx=51682 val=2.24945
[dump] L44.hcmix  n=40960   finite=1 absmax=23.091       mean=0.030834     sumsq=19451.16861        argmax=138
[dump]   top0 idx=138 val=8.64497
[dump]   top1 idx=1984 val=7.70815
[dump]   top2 idx=13282 val=6.94090
[dump]   top3 idx=1827 val=6.31882
[dump]   top4 idx=8162 val=6.07689
[dump] L44.att    n=40960   finite=1 absmax=4.7302       mean=0.0050013    sumsq=1182.053936        argmax=9867
[dump]   top0 idx=9867 val=4.01652
[dump]   top1 idx=1827 val=3.85764
[dump]   top2 idx=27787 val=3.22398
[dump]   top3 idx=2187 val=2.85052
[dump]   top4 idx=12427 val=2.69198
[dump] L44.fmix   n=40960   finite=1 absmax=7.872        mean=0.052873     sumsq=51097.23873        argmax=26903
[dump]   top0 idx=26903 val=5.73613
[dump]   top1 idx=25380 val=5.55464
[dump]   top2 idx=31821 val=5.47597
[dump]   top3 idx=1500 val=5.47140
[dump]   top4 idx=29261 val=5.44108
[dump] L44.mid    n=160     finite=1 absmax=0 mean=0 sumsq=0 ids: 56 433 263 174 338 405 51 209 277 142 505 1 472 441 303 402 426 39 290 358 39 24 285 472 505 287 103 396 441 135 24 339 27 260 117 311 182 422 25 417 117 260 303 24 133 258 328 466 414 119 174 296 248 169 395 59 56 172 361 433 117 24 260 87 59 303 472 418 174 213 87 395 338 248 59 81 433 209 441 174 283 59 501 87 287 447 21 490 371 135 472 287 190 303 45 447 401 501 371 39 416 102 24 377 61 56 490 87 338 476 87 338 433 61 207 248 209 284 24 119 87 433 24 338 248 61 207 213 209 119 437 87 61 150 340 303 433 207 386 209 61 35 96 424 150 207 87 209 56 119 87 61 119 207 150 174 209 187 424 435
[dump] L44.moe    n=40960   finite=1 absmax=0.30549      mean=7.6502e-05   sumsq=44.36643112        argmax=14141
[dump]   top0 idx=14141 val=0.18080
[dump]   top1 idx=17101 val=0.17071
[dump]   top2 idx=13915 val=0.16216
[dump]   top3 idx=9067 val=0.15934
[dump]   top4 idx=15138 val=0.14934
[dump] L44.res    n=163840  finite=1 absmax=10.173       mean=0.0082126    sumsq=10797.6899         argmax=1827
[dump]   top0 idx=1827 val=8.51951
[dump]   top1 idx=138 val=5.86072
[dump]   top2 idx=32907 val=5.69874
[dump]   top3 idx=1736 val=4.51206
[dump]   top4 idx=104587 val=4.04418
[dump] L45.hcmix  n=40960   finite=1 absmax=11.487       mean=0.032936     sumsq=19583.60509        argmax=138
[dump]   top0 idx=138 val=9.30841
[dump]   top1 idx=1736 val=5.60012
[dump]   top2 idx=1500 val=4.68793
[dump]   top3 idx=18802 val=4.12085
[dump]   top4 idx=11122 val=3.84814
[dump] L45.att    n=40960   finite=1 absmax=2.5677       mean=0.0057472    sumsq=2709.970647        argmax=30042
[dump]   top0 idx=30042 val=2.26438
[dump]   top1 idx=17170 val=2.19833
[dump]   top2 idx=19730 val=2.06849
[dump]   top3 idx=32602 val=2.05129
[dump]   top4 idx=27482 val=1.94443
[dump] L45.fmix   n=40960   finite=1 absmax=8.7678       mean=0.051282     sumsq=54099.69988        argmax=28794
[dump]   top0 idx=28794 val=6.09905
[dump]   top1 idx=31821 val=6.08172
[dump]   top2 idx=1500 val=5.88578
[dump]   top3 idx=19715 val=5.56403
[dump]   top4 idx=29261 val=5.46814
[dump] L45.mid    n=160     finite=1 absmax=0 mean=0 sumsq=0 ids: 237 48 475 227 22 51 303 406 215 442 237 149 269 222 455 223 488 391 156 231 316 222 237 488 7 505 391 231 385 87 237 292 274 332 263 176 123 68 60 371 176 263 68 323 391 214 237 505 492 443 198 237 152 484 169 270 442 235 51 22 237 229 263 235 51 176 391 75 505 225 237 303 51 152 75 186 391 22 235 442 237 29 79 156 185 229 12 142 219 0 131 222 156 219 185 142 62 385 99 338 237 108 303 443 335 51 127 102 220 511 237 303 87 51 443 497 235 220 22 229 237 51 229 127 443 75 22 442 235 303 443 237 277 116 393 177 257 75 385 51 443 237 389 303 393 431 486 257 177 461 443 237 51 486 393 75 431 303 218 257
[dump] L45.moe    n=40960   finite=1 absmax=0.23726      mean=-0.00052134  sumsq=63.55381457        argmax=28159
[dump]   top0 idx=28159 val=0.23726
[dump]   top1 idx=29111 val=0.22718
[dump]   top2 idx=26468 val=0.19321
[dump]   top3 idx=24263 val=0.18236
[dump]   top4 idx=36097 val=0.18004
[dump] L45.res    n=163840  finite=1 absmax=10.253       mean=0.010546     sumsq=19254.16275        argmax=1827
[dump]   top0 idx=1827 val=8.45811
[dump]   top1 idx=138 val=5.98988
[dump]   top2 idx=32907 val=5.98463
[dump]   top3 idx=117082 val=5.04080
[dump]   top4 idx=114522 val=4.91952
[dump] L46.hcmix  n=40960   finite=1 absmax=9.1138       mean=0.033995     sumsq=27335.88703        argmax=932
[dump]   top0 idx=932 val=9.11376
[dump]   top1 idx=138 val=7.75672
[dump]   top2 idx=30042 val=6.82781
[dump]   top3 idx=1810 val=6.81343
[dump]   top4 idx=17170 val=6.72845
[dump] L46.att    n=40960   finite=1 absmax=5.5333       mean=0.0041479    sumsq=3875.958748        argmax=18554
[dump]   top0 idx=18554 val=5.53334
[dump]   top1 idx=12427 val=4.88318
[dump]   top2 idx=21114 val=4.62154
[dump]   top3 idx=26234 val=4.38133
[dump]   top4 idx=15994 val=4.04463
[dump] L46.fmix   n=40960   finite=1 absmax=7.9584       mean=0.042801     sumsq=54784.148          argmax=26234
[dump]   top0 idx=26234 val=7.05242
[dump]   top1 idx=30042 val=6.85339
[dump]   top2 idx=5051 val=5.91662
[dump]   top3 idx=28794 val=5.89024
[dump]   top4 idx=31354 val=5.72642
[dump] L46.mid    n=160     finite=1 absmax=0 mean=0 sumsq=0 ids: 25 338 230 297 348 77 31 60 239 477 25 384 68 38 426 227 333 247 230 138 25 38 227 510 246 257 296 31 219 54 25 427 459 508 397 60 343 301 361 147 459 25 3 427 318 276 397 122 205 164 81 25 341 230 383 348 283 246 284 389 25 81 56 459 230 281 296 343 419 14 25 56 60 81 230 163 437 167 383 348 25 56 81 294 227 54 269 119 491 165 25 337 56 231 123 119 269 191 491 438 25 56 60 63 377 456 491 19 257 67 25 56 60 348 230 67 419 6 497 81 25 56 60 348 81 67 343 215 389 230 25 98 474 60 56 497 491 105 430 264 25 298 56 494 81 463 60 16 275 180 25 56 60 343 81 67 348 500 297 497
[dump] L46.moe    n=40960   finite=1 absmax=0.31002      mean=-0.0003249   sumsq=114.1006936        argmax=16387
[dump]   top0 idx=16387 val=0.31002
[dump]   top1 idx=26551 val=0.30755
[dump]   top2 idx=7257 val=0.27558
[dump]   top3 idx=29111 val=0.27529
[dump]   top4 idx=1027 val=0.26103
[dump] L46.res    n=163840  finite=1 absmax=10.271       mean=0.011856     sumsq=27737.68074        argmax=74874
[dump]   top0 idx=74874 val=9.20126
[dump]   top1 idx=1827 val=8.54908
[dump]   top2 idx=45707 val=8.36361
[dump]   top3 idx=85114 val=8.21744
[dump]   top4 idx=105594 val=7.74718
[dump] L47.hcmix  n=40960   finite=1 absmax=8.1732       mean=0.014858     sumsq=11411.75662        argmax=1827
[dump]   top0 idx=1827 val=6.31016
[dump]   top1 idx=30042 val=4.08138
[dump]   top2 idx=138 val=4.02722
[dump]   top3 idx=2682 val=3.32712
[dump]   top4 idx=18402 val=3.15439
[dump] L47.att    n=40960   finite=1 absmax=2.9165       mean=-0.0031115   sumsq=986.0462677        argmax=2314
[dump]   top0 idx=2314 val=2.91650
[dump]   top1 idx=722 val=1.89671
[dump]   top2 idx=579 val=1.43426
[dump]   top3 idx=1027 val=1.41638
[dump]   top4 idx=1202 val=1.34442
[dump] L47.fmix   n=2560    finite=1 absmax=6.1581       mean=0.0079572    sumsq=3262.252192        argmax=122
[dump]   top0 idx=122 val=4.92528
[dump]   top1 idx=1795 val=4.60743
[dump]   top2 idx=1429 val=4.39342
[dump]   top3 idx=2396 val=3.42688
[dump]   top4 idx=1101 val=3.37638
[dump] L47.mid    n=10      finite=1 absmax=0 mean=0 sumsq=0 ids: 186 352 95 417 422 103 179 444 450 340
[dump] L47.moe    n=2560    finite=1 absmax=0.64076      mean=-0.00060783  sumsq=17.17483696        argmax=951
[dump]   top0 idx=951 val=0.64076
[dump]   top1 idx=617 val=0.46671
[dump]   top2 idx=192 val=0.37967
[dump]   top3 idx=2213 val=0.35919
[dump]   top4 idx=92 val=0.33668
[dump] L47.res    n=10240   finite=1 absmax=5.1319       mean=0.0024789    sumsq=1507.496158        argmax=4370
[dump]   top0 idx=4370 val=3.13652
[dump]   top1 idx=5002 val=2.46195
[dump]   top2 idx=1882 val=2.31195
[dump]   top3 idx=4442 val=2.01993
[dump]   top4 idx=3353 val=2.00001
[dump] L00.hcmix  n=40960   finite=1 absmax=11.76        mean=0.030367     sumsq=31742.15024        argmax=37477
[dump]   top0 idx=37477 val=8.54350
[dump]   top1 idx=28717 val=7.80254
[dump]   top2 idx=37232 val=7.59833
[dump]   top3 idx=40037 val=7.40860
[dump]   top4 idx=38321 val=7.01997
[dump] L00.att    n=40960   finite=1 absmax=1.0866       mean=0.00022953   sumsq=449.7347614        argmax=2565
[dump]   top0 idx=2565 val=1.08664
[dump]   top1 idx=5 val=1.00970
[dump]   top2 idx=12805 val=0.94685
[dump]   top3 idx=5125 val=0.92478
[dump]   top4 idx=7685 val=0.91633
[dump] L00.fmix   n=40960   finite=1 absmax=2.7863       mean=0.0034925    sumsq=7318.779532        argmax=231
[dump]   top0 idx=231 val=2.36255
[dump]   top1 idx=268 val=2.32700
[dump]   top2 idx=22265 val=2.27917
[dump]   top3 idx=34347 val=2.24170
[dump]   top4 idx=37661 val=2.07894
[dump] L00.mid    n=160     finite=1 absmax=0 mean=0 sumsq=0 ids: 215 372 109 371 90 453 220 28 396 205 459 95 348 432 352 403 394 327 237 43 24 164 270 350 368 418 54 317 459 501 173 15 386 492 253 68 503 291 37 222 479 10 175 322 501 66 376 64 7 350 128 465 108 496 494 206 442 74 504 94 118 481 174 89 253 2 113 197 147 138 232 99 39 291 132 187 346 24 53 27 468 174 367 377 15 500 505 339 399 37 138 147 367 174 15 37 432 119 500 399 226 9 270 425 290 176 247 136 102 198 507 30 462 226 24 221 8 368 54 441 49 221 73 129 11 113 382 117 106 237 226 40 490 146 344 488 483 122 374 397 56 226 288 135 201 96 124 405 34 310 226 487 469 490 146 51 355 365 344 284
[dump] L00.moe    n=40960   finite=1 absmax=0.35476      mean=0.00043193   sumsq=37.30712321        argmax=1682
[dump]   top0 idx=1682 val=0.35476
[dump]   top1 idx=579 val=0.29842
[dump]   top2 idx=5 val=0.28178
[dump]   top3 idx=1500 val=0.27366
[dump]   top4 idx=23768 val=0.24801
[dump] L00.res    n=163840  finite=1 absmax=0.37763      mean=0.00038182   sumsq=75.25109259        argmax=46085
[dump]   top0 idx=46085 val=0.37763
[dump]   top1 idx=15365 val=0.32708
[dump]   top2 idx=76805 val=0.32478
[dump]   top3 idx=56325 val=0.31184
[dump]   top4 idx=138245 val=0.29906
[dump] L01.hcmix  n=40960   finite=1 absmax=3.5828       mean=0.01128      sumsq=8006.503246        argmax=7685
[dump]   top0 idx=7685 val=3.58278
[dump]   top1 idx=2565 val=3.39217
[dump]   top2 idx=17925 val=3.19455
[dump]   top3 idx=23045 val=3.18298
[dump]   top4 idx=10245 val=3.12179
[dump] L01.att    n=40960   finite=1 absmax=1.309        mean=-0.0039659   sumsq=774.8562845        argmax=14273
[dump]   top0 idx=14273 val=1.30900
[dump]   top1 idx=11713 val=1.15927
[dump]   top2 idx=6593 val=1.15191
[dump]   top3 idx=28491 val=1.12951
[dump]   top4 idx=5451 val=1.11806
[dump] L01.fmix   n=40960   finite=1 absmax=3.3254       mean=0.00018787   sumsq=6641.800838        argmax=4046
[dump]   top0 idx=4046 val=3.32542
[dump]   top1 idx=33285 val=2.60666
[dump]   top2 idx=25605 val=2.55110
[dump]   top3 idx=17925 val=2.52035
[dump]   top4 idx=35845 val=2.36411
[dump] L01.mid    n=160     finite=1 absmax=0 mean=0 sumsq=0 ids: 19 320 157 131 165 225 345 205 446 186 131 10 128 348 486 500 103 19 303 196 168 210 381 441 458 81 289 207 27 445 86 91 500 341 19 447 67 41 425 348 326 429 499 441 458 233 319 296 313 81 282 5 382 500 101 443 349 177 307 425 151 54 253 473 41 282 425 117 139 140 372 103 431 64 1 196 409 348 345 286 496 21 372 371 431 500 409 314 44 1 496 122 44 371 20 163 41 169 54 78 149 377 496 98 500 81 86 289 425 507 81 168 458 54 139 507 377 169 121 98 500 118 377 81 323 54 289 425 98 131 500 140 149 127 205 67 249 412 289 425 149 500 205 280 19 26 265 87 306 412 330 385 285 323 459 311 495 450 369 22
[dump] L01.moe    n=40960   finite=1 absmax=0.22226      mean=0.00012883   sumsq=2.859981822        argmax=1832
[dump]   top0 idx=1832 val=0.06782
[dump]   top1 idx=2010 val=0.05540
[dump]   top2 idx=1531 val=0.05507
[dump]   top3 idx=855 val=0.05451
[dump]   top4 idx=26455 val=0.05410
[dump] L01.res    n=163840  finite=1 absmax=0.44665      mean=0.00086498   sumsq=141.6774625        argmax=46085
[dump]   top0 idx=46085 val=0.37544
[dump]   top1 idx=15365 val=0.32875
[dump]   top2 idx=76805 val=0.32445
[dump]   top3 idx=56325 val=0.31175
[dump]   top4 idx=138245 val=0.29960
[dump] L02.hcmix  n=40960   finite=1 absmax=10.696       mean=0.010413     sumsq=12275.60743        argmax=10245
[dump]   top0 idx=10245 val=4.40305
[dump]   top1 idx=3415 val=4.22272
[dump]   top2 idx=25605 val=4.20525
[dump]   top3 idx=17925 val=4.19925
[dump]   top4 idx=15365 val=4.19056
[dump] L02.att    n=40960   finite=1 absmax=3.0882       mean=0.0049858    sumsq=524.4504985        argmax=2010
[dump]   top0 idx=2010 val=1.25582
[dump]   top1 idx=403 val=0.80978
[dump]   top2 idx=2293 val=0.75753
[dump]   top3 idx=348 val=0.70048
[dump]   top4 idx=913 val=0.68048
[dump] L02.fmix   n=40960   finite=1 absmax=5.2914       mean=0.010458     sumsq=6600.394119        argmax=12655
[dump]   top0 idx=12655 val=2.07445
[dump]   top1 idx=24008 val=1.87715
[dump]   top2 idx=15072 val=1.85464
[dump]   top3 idx=7392 val=1.82036
[dump]   top4 idx=4046 val=1.78313
[dump] L02.mid    n=160     finite=1 absmax=0 mean=0 sumsq=0 ids: 75 12 209 68 137 403 257 272 87 255 75 42 169 139 22 479 356 192 61 376 75 141 42 169 13 61 355 356 430 102 75 259 427 32 440 61 466 371 12 356 410 433 355 124 252 407 75 133 76 341 32 103 123 75 9 22 285 259 426 69 70 124 75 165 402 355 133 191 356 52 22 75 69 170 145 35 430 61 356 180 230 22 75 480 260 356 102 285 61 506 75 230 22 356 152 61 285 260 431 480 75 61 185 431 459 482 385 22 52 319 430 75 385 52 421 13 316 88 388 275 75 70 385 72 503 205 376 382 16 133 75 275 187 61 32 13 272 12 420 31 75 507 399 225 129 275 272 161 495 61 265 397 309 352 167 275 406 165 75 173
[dump] L02.moe    n=40960   finite=1 absmax=0.10461      mean=0.00031603   sumsq=3.1998533          argmax=23308
[dump]   top0 idx=23308 val=0.10461
[dump]   top1 idx=20748 val=0.09189
[dump]   top2 idx=3288 val=0.09056
[dump]   top3 idx=5388 val=0.08286
[dump]   top4 idx=951 val=0.08256
[dump] L02.res    n=163840  finite=1 absmax=0.4129       mean=0.0011668    sumsq=163.6232107        argmax=46085
[dump]   top0 idx=46085 val=0.38493
[dump]   top1 idx=46808 val=0.37678
[dump]   top2 idx=98008 val=0.35875
[dump]   top3 idx=15365 val=0.35526
[dump]   top4 idx=128728 val=0.34225
[dump] L03.hcmix  n=40960   finite=1 absmax=6.2113       mean=0.014091     sumsq=4463.860869        argmax=5908
[dump]   top0 idx=5908 val=4.58499
[dump]   top1 idx=16148 val=4.44777
[dump]   top2 idx=13588 val=4.39623
[dump]   top3 idx=25605 val=4.24316
[dump]   top4 idx=10245 val=4.22451
[dump] L03.att    n=40960   finite=1 absmax=0.91906      mean=-0.0026557   sumsq=293.3046845        argmax=522
[dump]   top0 idx=522 val=0.77064
[dump]   top1 idx=1832 val=0.64989
[dump]   top2 idx=667 val=0.56205
[dump]   top3 idx=983 val=0.55267
[dump]   top4 idx=1578 val=0.55263
[dump] L03.fmix   n=40960   finite=1 absmax=3.3338       mean=0.01641      sumsq=12570.28249        argmax=4046
[dump]   top0 idx=4046 val=3.19382
[dump]   top1 idx=10968 val=3.14982
[dump]   top2 idx=33997 val=2.99111
[dump]   top3 idx=3288 val=2.91259
[dump]   top4 idx=8408 val=2.67275
[dump] L03.mid    n=160     finite=1 absmax=0 mean=0 sumsq=0 ids: 243 143 190 405 470 223 205 253 371 231 476 47 405 231 228 343 441 473 243 277 343 112 47 71 146 21 405 486 231 470 231 190 441 228 418 146 470 504 101 484 146 299 419 406 451 254 484 169 228 27 441 443 418 190 156 494 231 347 228 149 296 146 396 193 189 21 307 467 419 77 17 296 193 189 32 231 190 485 295 200 365 190 396 296 295 271 200 307 509 449 189 296 190 307 101 149 365 295 418 480 74 418 231 190 104 365 228 257 449 152 74 71 257 81 112 190 91 365 262 101 74 257 190 277 365 101 146 224 83 343 441 504 194 315 190 101 231 206 318 418 315 364 86 185 104 101 194 441 31 184 467 396 101 218 472 271 441 365 102 104
[dump] L03.moe    n=40960   finite=1 absmax=0.054291     mean=6.2659e-05   sumsq=3.685493666        argmax=22718
[dump]   top0 idx=22718 val=0.04624
[dump]   top1 idx=29614 val=0.04608
[dump]   top2 idx=28855 val=0.04391
[dump]   top3 idx=11687 val=0.03954
[dump]   top4 idx=29681 val=0.03932
[dump] L03.res    n=163840  finite=1 absmax=0.3948       mean=0.0011196    sumsq=169.5547157        argmax=46085
[dump]   top0 idx=46085 val=0.38633
[dump]   top1 idx=46808 val=0.37749
[dump]   top2 idx=98008 val=0.35741
[dump]   top3 idx=15365 val=0.35423
[dump]   top4 idx=128728 val=0.34237
[dump] L04.hcmix  n=40960   finite=1 absmax=8.561        mean=0.020301     sumsq=13130.85366        argmax=25605
[dump]   top0 idx=25605 val=5.11239
[dump]   top1 idx=15365 val=5.00641
[dump]   top2 idx=5 val=4.83528
[dump]   top3 idx=17925 val=4.83223
[dump]   top4 idx=10245 val=4.81897
[dump] L04.att    n=40960   finite=1 absmax=0.65504      mean=-0.0015018   sumsq=208.3007554        argmax=29813
[dump]   top0 idx=29813 val=0.65504
[dump]   top1 idx=9333 val=0.50399
[dump]   top2 idx=32373 val=0.49995
[dump]   top3 idx=34933 val=0.47614
[dump]   top4 idx=10871 val=0.46336
[dump] L04.fmix   n=40960   finite=1 absmax=3.2783       mean=0.014709     sumsq=14265.67683        argmax=4046
[dump]   top0 idx=4046 val=3.27826
[dump]   top1 idx=22230 val=2.98050
[dump]   top2 idx=22265 val=2.85323
[dump]   top3 idx=22766 val=2.74341
[dump]   top4 idx=22718 val=2.73873
[dump] L04.mid    n=160     finite=1 absmax=0 mean=0 sumsq=0 ids: 3 309 119 392 252 307 486 106 41 453 309 385 274 453 402 410 252 277 123 62 309 505 385 41 293 479 414 251 299 36 309 410 421 414 252 204 496 500 453 454 204 36 309 378 414 333 72 366 159 379 153 41 274 410 207 491 259 204 106 36 455 479 36 16 303 321 413 204 174 91 41 21 309 134 282 453 410 106 312 500 504 21 177 134 41 282 351 150 221 309 256 309 504 491 221 293 500 21 436 453 453 293 309 436 410 299 500 375 445 69 425 309 204 252 36 483 476 12 41 504 500 309 150 345 282 136 410 453 323 174 106 309 274 453 41 410 186 252 259 496 395 468 391 309 306 192 274 324 106 89 177 309 186 172 244 467 80 89 100 193
[dump] L04.moe    n=40960   finite=1 absmax=0.094853     mean=0.00010768   sumsq=7.236647098        argmax=13437
[dump]   top0 idx=13437 val=0.09097
[dump]   top1 idx=14936 val=0.09017
[dump]   top2 idx=13941 val=0.08637
[dump]   top3 idx=13197 val=0.08188
[dump]   top4 idx=14939 val=0.07711
[dump] L04.res    n=163840  finite=1 absmax=0.40569      mean=0.0010942    sumsq=190.623862         argmax=46085
[dump]   top0 idx=46085 val=0.38587
[dump]   top1 idx=46808 val=0.37782
[dump]   top2 idx=98008 val=0.35448
[dump]   top3 idx=15365 val=0.35411
[dump]   top4 idx=128728 val=0.34228
[dump] L05.hcmix  n=40960   finite=1 absmax=12.036       mean=0.01242      sumsq=12780.68641        argmax=29813
[dump]   top0 idx=29813 val=9.54170
[dump]   top1 idx=34933 val=5.66853
[dump]   top2 idx=1653 val=5.35198
[dump]   top3 idx=14453 val=4.34024
[dump]   top4 idx=1500 val=4.24022
[dump] L05.att    n=40960   finite=1 absmax=7.0958       mean=-0.0013874   sumsq=328.7917062        argmax=1500
[dump]   top0 idx=1500 val=1.98728
[dump]   top1 idx=788 val=0.90195
[dump]   top2 idx=5751 val=0.78471
[dump]   top3 idx=2121 val=0.78230
[dump]   top4 idx=1787 val=0.69985
[dump] L05.fmix   n=40960   finite=1 absmax=2.6418       mean=0.0089663    sumsq=10632.88049        argmax=10596
[dump]   top0 idx=10596 val=2.64184
[dump]   top1 idx=1009 val=2.55169
[dump]   top2 idx=11241 val=2.51275
[dump]   top3 idx=21685 val=2.44670
[dump]   top4 idx=37045 val=2.43323
[dump] L05.mid    n=160     finite=1 absmax=0 mean=0 sumsq=0 ids: 392 42 56 353 386 291 236 175 228 98 104 505 439 274 216 268 81 220 402 420 497 269 400 136 126 274 347 380 130 422 395 140 118 216 169 236 417 200 400 224 497 200 269 227 365 77 323 440 338 400 310 142 228 468 1 140 236 124 98 436 269 418 36 210 360 400 18 67 77 38 314 291 102 390 239 124 2 224 364 14 390 452 280 102 449 291 191 120 140 169 140 452 291 169 102 420 328 390 344 38 328 192 177 344 505 418 429 302 314 291 291 314 38 177 269 344 216 136 440 239 104 38 291 216 177 344 402 418 134 395 288 140 104 236 344 446 14 142 326 291 53 344 116 133 298 288 2 177 291 114 418 17 18 177 344 404 269 451 61 453
[dump] L05.moe    n=40960   finite=1 absmax=0.093729     mean=0.00058545   sumsq=3.79127964         argmax=3139
[dump]   top0 idx=3139 val=0.04785
[dump]   top1 idx=7573 val=0.04517
[dump]   top2 idx=34165 val=0.04471
[dump]   top3 idx=524 val=0.04385
[dump]   top4 idx=24581 val=0.04346
[dump] L05.res    n=163840  finite=1 absmax=2.8828       mean=0.0012195    sumsq=227.9563507        argmax=1500
[dump]   top0 idx=1500 val=0.78902
[dump]   top1 idx=46085 val=0.38468
[dump]   top2 idx=46808 val=0.37843
[dump]   top3 idx=788 val=0.35696
[dump]   top4 idx=98008 val=0.35364
[dump] L06.hcmix  n=40960   finite=1 absmax=18.795       mean=0.014719     sumsq=11124.34685        argmax=1500
[dump]   top0 idx=1500 val=8.34621
[dump]   top1 idx=5 val=4.89325
[dump]   top2 idx=25605 val=4.81562
[dump]   top3 idx=15365 val=4.74748
[dump]   top4 idx=17925 val=4.65971
[dump] L06.att    n=40960   finite=1 absmax=1.5857       mean=-0.0023752   sumsq=1053.452674        argmax=3042
[dump]   top0 idx=3042 val=1.58574
[dump]   top1 idx=5602 val=1.46480
[dump]   top2 idx=8162 val=1.31939
[dump]   top3 idx=8631 val=1.31064
[dump]   top4 idx=10722 val=1.30950
[dump] L06.fmix   n=40960   finite=1 absmax=3.4986       mean=0.016114     sumsq=13950.46851        argmax=11241
[dump]   top0 idx=11241 val=3.12045
[dump]   top1 idx=11585 val=2.62623
[dump]   top2 idx=35985 val=2.60289
[dump]   top3 idx=10936 val=2.57513
[dump]   top4 idx=17377 val=2.54552
[dump] L06.mid    n=160     finite=1 absmax=0 mean=0 sumsq=0 ids: 223 33 283 394 379 40 439 159 256 152 394 40 67 439 94 474 409 329 346 172 89 71 380 244 367 206 55 43 202 387 197 244 352 398 59 267 43 433 305 149 278 212 486 503 89 423 197 82 300 45 97 152 67 191 227 144 295 91 398 503 502 348 323 314 273 107 315 312 450 2 295 408 172 496 227 304 503 184 333 461 295 210 290 77 209 387 411 464 54 191 295 503 299 39 77 431 95 411 290 282 95 282 245 477 475 71 163 431 485 141 69 440 245 477 91 295 467 89 107 256 413 492 123 270 75 503 40 486 261 494 152 326 127 159 375 123 278 69 133 390 63 307 275 488 173 157 352 130 78 356 212 341 353 85 278 337 486 275 300 393
[dump] L06.moe    n=40960   finite=1 absmax=0.082402     mean=0.00012753   sumsq=7.076680384        argmax=33173
[dump]   top0 idx=33173 val=0.08240
[dump]   top1 idx=39402 val=0.06619
[dump]   top2 idx=7546 val=0.06572
[dump]   top3 idx=39934 val=0.06477
[dump]   top4 idx=39261 val=0.06384
[dump] L06.res    n=163840  finite=1 absmax=2.9109       mean=0.0012192    sumsq=251.5253322        argmax=1500
[dump]   top0 idx=1500 val=0.79903
[dump]   top1 idx=46085 val=0.38222
[dump]   top2 idx=46808 val=0.37837
[dump]   top3 idx=98008 val=0.35403
[dump]   top4 idx=788 val=0.35141
[dump] L07.hcmix  n=40960   finite=1 absmax=15.225       mean=0.0080373    sumsq=5495.608562        argmax=17925
[dump]   top0 idx=17925 val=4.19831
[dump]   top1 idx=15365 val=4.16074
[dump]   top2 idx=25605 val=4.11541
[dump]   top3 idx=10245 val=4.02381
[dump]   top4 idx=12805 val=3.99489
[dump] L07.att    n=40960   finite=1 absmax=2.4507       mean=0.00045698   sumsq=708.3449096        argmax=951
[dump]   top0 idx=951 val=2.45072
[dump]   top1 idx=1736 val=1.79691
[dump]   top2 idx=1134 val=1.68544
[dump]   top3 idx=1795 val=1.61694
[dump]   top4 idx=47 val=1.38509
[dump] L07.fmix   n=40960   finite=1 absmax=2.828        mean=0.017065     sumsq=11518.17722        argmax=32106
[dump]   top0 idx=32106 val=2.30598
[dump]   top1 idx=11241 val=2.24127
[dump]   top2 idx=11675 val=2.22641
[dump]   top3 idx=10871 val=2.14818
[dump]   top4 idx=17974 val=2.11296
[dump] L07.mid    n=160     finite=1 absmax=0 mean=0 sumsq=0 ids: 165 351 159 346 432 455 242 8 163 303 159 367 486 194 346 351 366 325 50 8 256 456 340 369 486 265 50 203 403 502 486 301 156 504 445 242 179 303 340 472 203 83 393 71 149 504 146 293 194 358 242 165 84 287 60 451 445 22 303 169 502 486 194 50 309 69 403 198 237 297 411 296 159 358 227 256 223 340 304 464 70 411 152 403 294 359 368 462 188 169 70 403 411 194 294 142 152 252 368 359 41 369 194 8 411 498 456 486 87 338 358 455 87 464 194 411 203 363 50 456 50 511 87 82 369 281 403 486 194 69 358 445 87 509 50 252 471 159 242 498 365 77 194 196 405 117 328 279 8 5 418 400 502 3 501 124 198 313 511 48
[dump] L07.moe    n=40960   finite=1 absmax=0.091976     mean=0.00027203   sumsq=4.958082043        argmax=30613
[dump]   top0 idx=30613 val=0.07852
[dump]   top1 idx=17813 val=0.07288
[dump]   top2 idx=13324 val=0.06248
[dump]   top3 idx=18569 val=0.05716
[dump]   top4 idx=29365 val=0.05514
[dump] L07.res    n=163840  finite=1 absmax=2.8856       mean=0.0013506    sumsq=266.7187266        argmax=1500
[dump]   top0 idx=1500 val=0.79593
[dump]   top1 idx=71573 val=0.42303
[dump]   top2 idx=46085 val=0.38286
[dump]   top3 idx=46808 val=0.37466
[dump]   top4 idx=122773 val=0.35343
[dump] L08.hcmix  n=40960   finite=1 absmax=5.3422       mean=0.024059     sumsq=10151.83154        argmax=17813
[dump]   top0 idx=17813 val=5.34221
[dump]   top1 idx=30613 val=4.56126
[dump]   top2 idx=28791 val=4.41088
[dump]   top3 idx=10871 val=3.86267
[dump]   top4 idx=7573 val=3.81015
[dump] L08.att    n=40960   finite=1 absmax=0.1946       mean=0.00090985   sumsq=30.57609161        argmax=38756
[dump]   top0 idx=38756 val=0.19460
[dump]   top1 idx=16565 val=0.16426
[dump]   top2 idx=39605 val=0.16027
[dump]   top3 idx=40195 val=0.14586
[dump]   top4 idx=37045 val=0.14460
[dump] L08.fmix   n=40960   finite=1 absmax=4.8824       mean=0.022405     sumsq=11123.68356        argmax=1500
[dump]   top0 idx=1500 val=4.88235
[dump]   top1 idx=4046 val=3.23057
[dump]   top2 idx=28791 val=3.11810
[dump]   top3 idx=10871 val=2.77453
[dump]   top4 idx=15991 val=2.74512
[dump] L08.mid    n=160     finite=1 absmax=0 mean=0 sumsq=0 ids: 308 456 387 175 181 439 263 370 219 46 219 263 462 183 387 231 308 121 175 81 134 263 74 99 212 371 436 308 364 124 263 360 342 308 99 175 46 11 387 62 263 157 128 217 342 134 74 360 83 22 175 263 308 206 360 46 439 387 394 473 134 263 387 99 74 157 360 114 183 277 387 134 263 46 204 1 360 261 175 223 360 252 263 313 66 295 163 367 1 46 263 360 46 308 354 370 175 27 387 395 263 360 181 308 370 46 175 105 264 164 134 263 181 183 387 66 462 360 218 308 263 183 360 218 462 308 354 114 46 99 263 181 134 183 462 360 392 175 308 206 263 181 360 387 102 462 46 308 392 183 317 465 192 263 436 102 196 462 17 299
[dump] L08.moe    n=40960   finite=1 absmax=0.10862      mean=-9.75e-05    sumsq=5.952894959        argmax=1500
[dump]   top0 idx=1500 val=0.08902
[dump]   top1 idx=32897 val=0.07685
[dump]   top2 idx=32045 val=0.07482
[dump]   top3 idx=30 val=0.07252
[dump]   top4 idx=32409 val=0.06927
[dump] L08.res    n=163840  finite=1 absmax=2.9322       mean=0.0014355    sumsq=281.6983733        argmax=1500
[dump]   top0 idx=1500 val=0.83615
[dump]   top1 idx=71573 val=0.44052
[dump]   top2 idx=46085 val=0.38286
[dump]   top3 idx=122773 val=0.37719
[dump]   top4 idx=46808 val=0.37469
[dump] L09.hcmix  n=40960   finite=1 absmax=11.636       mean=0.018479     sumsq=12117.07718        argmax=1500
[dump]   top0 idx=1500 val=6.88558
[dump]   top1 idx=17813 val=5.00994
[dump]   top2 idx=30613 val=4.70954
[dump]   top3 idx=26805 val=3.70446
[dump]   top4 idx=21685 val=3.67952
[dump] L09.att    n=40960   finite=1 absmax=0.66025      mean=0.00029001   sumsq=164.2060261        argmax=9166
[dump]   top0 idx=9166 val=0.66025
[dump]   top1 idx=3511 val=0.37294
[dump]   top2 idx=11191 val=0.34398
[dump]   top3 idx=23753 val=0.28388
[dump]   top4 idx=9362 val=0.28384
[dump] L09.fmix   n=40960   finite=1 absmax=4.0026       mean=0.023026     sumsq=11813.25232        argmax=1500
[dump]   top0 idx=1500 val=4.00264
[dump]   top1 idx=4046 val=2.73209
[dump]   top2 idx=11241 val=2.43132
[dump]   top3 idx=681 val=2.28352
[dump]   top4 idx=30613 val=2.22117
[dump] L09.mid    n=160     finite=1 absmax=0 mean=0 sumsq=0 ids: 218 369 68 368 430 96 376 209 142 229 292 425 40 430 17 396 369 321 218 113 113 382 425 428 266 317 40 402 205 321 425 321 444 218 68 430 209 477 376 205 371 425 276 382 115 201 321 417 91 336 425 238 376 218 427 371 292 230 361 377 427 148 425 18 374 371 382 428 430 369 459 427 430 218 211 456 491 209 170 376 10 90 459 426 456 55 479 11 427 14 459 370 20 377 73 264 218 141 90 430 377 70 409 218 205 427 382 506 154 321 430 264 374 153 321 369 370 218 456 230 370 264 430 321 276 153 374 218 488 230 264 478 292 370 427 430 376 230 276 218 264 478 427 230 376 370 71 68 378 374 18 468 339 237 146 399 230 148 15 138
[dump] L09.moe    n=40960   finite=1 absmax=0.060128     mean=1.4691e-05   sumsq=4.015797573        argmax=36471
[dump]   top0 idx=36471 val=0.06013
[dump]   top1 idx=38650 val=0.04654
[dump]   top2 idx=28055 val=0.04583
[dump]   top3 idx=21725 val=0.04292
[dump]   top4 idx=29027 val=0.04240
[dump] L09.res    n=163840  finite=1 absmax=2.9297       mean=0.0014525    sumsq=285.6633506        argmax=1500
[dump]   top0 idx=1500 val=0.83930
[dump]   top1 idx=71573 val=0.43159
[dump]   top2 idx=46085 val=0.38286
[dump]   top3 idx=46808 val=0.37465
[dump]   top4 idx=122773 val=0.36676
[dump] L10.hcmix  n=40960   finite=1 absmax=11.844       mean=0.018914     sumsq=12754.35034        argmax=1500
[dump]   top0 idx=1500 val=7.98367
[dump]   top1 idx=17813 val=4.60060
[dump]   top2 idx=30613 val=4.18631
[dump]   top3 idx=26805 val=3.78086
[dump]   top4 idx=28791 val=3.65299
[dump] L10.att    n=40960   finite=1 absmax=0.99781      mean=-0.00049815  sumsq=298.0835989        argmax=9166
[dump]   top0 idx=9166 val=0.99781
[dump]   top1 idx=26593 val=0.63093
[dump]   top2 idx=5848 val=0.52760
[dump]   top3 idx=18871 val=0.51442
[dump]   top4 idx=39393 val=0.50892
[dump] L10.fmix   n=40960   finite=1 absmax=2.8313       mean=0.014156     sumsq=9946.258099        argmax=4046
[dump]   top0 idx=4046 val=2.44744
[dump]   top1 idx=15991 val=2.44103
[dump]   top2 idx=10936 val=2.41872
[dump]   top3 idx=10871 val=2.41816
[dump]   top4 idx=33911 val=2.17634
[dump] L10.mid    n=160     finite=1 absmax=0 mean=0 sumsq=0 ids: 461 325 107 264 164 508 495 278 355 322 264 461 278 325 417 58 341 355 164 296 461 278 17 230 325 187 40 264 121 319 264 461 278 341 58 508 417 379 70 230 187 373 25 167 288 461 87 264 433 346 461 508 373 97 379 433 264 278 355 164 461 230 464 97 373 278 70 417 508 355 461 97 455 373 508 379 28 319 164 177 461 398 143 509 501 97 508 423 321 271 461 423 508 97 501 417 373 379 18 58 461 97 17 373 423 58 508 379 33 343 97 355 373 461 278 17 417 69 464 40 18 278 97 461 355 69 387 508 336 40 355 461 495 97 69 387 404 278 341 379 97 461 355 373 417 88 322 500 247 416 373 103 459 302 97 322 500 356 164 416
[dump] L10.moe    n=40960   finite=1 absmax=0.31673      mean=-8.9537e-05  sumsq=4.088764987        argmax=21
[dump]   top0 idx=21 val=0.08778
[dump]   top1 idx=1912 val=0.08326
[dump]   top2 idx=579 val=0.06385
[dump]   top3 idx=1500 val=0.06264
[dump]   top4 idx=788 val=0.05862
[dump] L10.res    n=163840  finite=1 absmax=2.9974       mean=0.0014075    sumsq=293.0769665        argmax=1500
[dump]   top0 idx=1500 val=0.86547
[dump]   top1 idx=71573 val=0.42935
[dump]   top2 idx=50435 val=0.38698
[dump]   top3 idx=46085 val=0.38293
[dump]   top4 idx=46808 val=0.37481
[dump] L11.hcmix  n=40960   finite=1 absmax=19.146       mean=0.0112       sumsq=5322.596783        argmax=12805
[dump]   top0 idx=12805 val=2.98387
[dump]   top1 idx=25605 val=2.88399
[dump]   top2 idx=1500 val=2.83848
[dump]   top3 idx=7685 val=2.83715
[dump]   top4 idx=17925 val=2.81610
[dump] L11.att    n=40960   finite=1 absmax=2.7981       mean=0.0011997    sumsq=560.3650853        argmax=2311
[dump]   top0 idx=2311 val=2.79811
[dump]   top1 idx=47 val=2.36484
[dump]   top2 idx=1795 val=1.75390
[dump]   top3 idx=2307 val=1.60283
[dump]   top4 idx=86 val=1.42826
[dump] L11.fmix   n=40960   finite=1 absmax=2.6933       mean=0.016579     sumsq=9666.499532        argmax=4046
[dump]   top0 idx=4046 val=2.69328
[dump]   top1 idx=17813 val=2.47328
[dump]   top2 idx=33911 val=2.31048
[dump]   top3 idx=30613 val=2.23685
[dump]   top4 idx=4060 val=2.00135
[dump] L11.mid    n=160     finite=1 absmax=0 mean=0 sumsq=0 ids: 130 163 104 393 430 108 268 361 424 417 418 350 163 261 273 240 30 477 108 397 240 323 163 223 268 30 418 23 238 508 482 108 418 323 430 350 461 163 268 84 285 461 323 174 108 23 418 36 430 211 108 201 323 350 418 120 508 500 461 104 323 108 36 482 418 27 360 211 219 166 323 108 418 120 350 384 7 430 268 492 418 120 323 350 360 430 384 108 35 490 418 108 323 120 350 384 35 97 164 430 418 108 23 430 323 485 508 317 273 350 323 418 508 120 261 98 166 268 273 163 323 418 508 108 457 261 273 166 120 163 323 418 508 166 430 249 273 500 261 371 166 418 430 323 508 249 371 108 151 273 166 418 240 430 323 6 453 249 151 46
[dump] L11.moe    n=40960   finite=1 absmax=0.060751     mean=-5.6697e-05  sumsq=3.493390797        argmax=29177
[dump]   top0 idx=29177 val=0.05533
[dump]   top1 idx=30507 val=0.04789
[dump]   top2 idx=33138 val=0.04650
[dump]   top3 idx=28783 val=0.04618
[dump]   top4 idx=29275 val=0.04590
[dump] L11.res    n=163840  finite=1 absmax=2.8931       mean=0.0014173    sumsq=299.1731177        argmax=1500
[dump]   top0 idx=1500 val=0.85678
[dump]   top1 idx=71573 val=0.42628
[dump]   top2 idx=2121 val=0.39856
[dump]   top3 idx=50435 val=0.39003
[dump]   top4 idx=46085 val=0.38292
[dump] L12.hcmix  n=40960   finite=1 absmax=19.022       mean=0.01589      sumsq=12192.20547        argmax=1500
[dump]   top0 idx=1500 val=9.07660
[dump]   top1 idx=17813 val=3.74446
[dump]   top2 idx=10157 val=3.36586
[dump]   top3 idx=7573 val=3.29438
[dump]   top4 idx=26805 val=3.29312
[dump] L12.att    n=40960   finite=1 absmax=0.60577      mean=-0.0014849   sumsq=177.0167125        argmax=2311
[dump]   top0 idx=2311 val=0.60577
[dump]   top1 idx=16353 val=0.55612
[dump]   top2 idx=914 val=0.50777
[dump]   top3 idx=359 val=0.42052
[dump]   top4 idx=34008 val=0.38091
[dump] L12.fmix   n=40960   finite=1 absmax=3.1078       mean=0.014095     sumsq=10078.74316        argmax=36536
[dump]   top0 idx=36536 val=2.42871
[dump]   top1 idx=7573 val=2.28154
[dump]   top2 idx=10171 val=2.27257
[dump]   top3 idx=27994 val=2.20269
[dump]   top4 idx=10074 val=2.05597
[dump] L12.mid    n=160     finite=1 absmax=0 mean=0 sumsq=0 ids: 28 139 433 283 201 386 300 474 421 277 352 139 229 52 421 277 214 474 101 433 141 352 120 18 139 110 496 136 307 1 352 101 52 139 277 81 390 381 150 327 118 352 393 282 101 165 52 433 422 242 52 277 352 390 386 219 9 421 150 392 214 229 52 352 133 504 141 43 139 381 352 52 503 386 130 451 393 215 139 200 352 52 189 43 139 381 422 133 126 229 52 43 352 139 366 170 381 421 448 229 421 352 52 54 161 45 286 422 136 433 421 0 422 368 52 433 81 352 366 21 0 421 366 214 433 133 52 368 352 283 0 421 433 366 21 63 172 368 52 201 421 0 52 433 460 63 275 256 114 368 352 433 275 0 504 282 368 482 52 214
[dump] L12.moe    n=40960   finite=1 absmax=0.053011     mean=1.7484e-05   sumsq=3.291323395        argmax=13467
[dump]   top0 idx=13467 val=0.05301
[dump]   top1 idx=40853 val=0.05033
[dump]   top2 idx=30613 val=0.04763
[dump]   top3 idx=39383 val=0.04726
[dump]   top4 idx=7573 val=0.04697
[dump] L12.res    n=163840  finite=1 absmax=2.837        mean=0.00136      sumsq=315.0344348        argmax=1500
[dump]   top0 idx=1500 val=0.84331
[dump]   top1 idx=71573 val=0.46553
[dump]   top2 idx=122773 val=0.43278
[dump]   top3 idx=2121 val=0.41608
[dump]   top4 idx=30613 val=0.40778
[dump] L13.hcmix  n=40960   finite=1 absmax=4.8815       mean=0.01324      sumsq=12728.42816        argmax=7573
[dump]   top0 idx=7573 val=4.76027
[dump]   top1 idx=12693 val=4.28448
[dump]   top2 idx=17813 val=4.18689
[dump]   top3 idx=30613 val=3.55975
[dump]   top4 idx=20373 val=3.36292
[dump] L13.att    n=40960   finite=1 absmax=0.32089      mean=-0.00091955  sumsq=72.99069813        argmax=39351
[dump]   top0 idx=39351 val=0.32089
[dump]   top1 idx=23991 val=0.26548
[dump]   top2 idx=26551 val=0.26220
[dump]   top3 idx=28888 val=0.24866
[dump]   top4 idx=9475 val=0.23821
[dump] L13.fmix   n=40960   finite=1 absmax=3.1227       mean=0.0043912    sumsq=8960.041693        argmax=7573
[dump]   top0 idx=7573 val=3.12274
[dump]   top1 idx=17813 val=3.05642
[dump]   top2 idx=1500 val=2.97087
[dump]   top3 idx=30613 val=2.86455
[dump]   top4 idx=4046 val=2.62253
[dump] L13.mid    n=160     finite=1 absmax=0 mean=0 sumsq=0 ids: 293 68 466 366 268 219 145 67 224 400 387 273 148 290 91 50 93 468 250 162 290 387 394 148 250 468 36 64 330 273 387 273 148 290 93 91 221 267 354 368 290 148 250 118 508 64 273 394 81 66 387 273 290 148 118 468 508 93 296 338 118 394 290 325 338 148 185 508 273 453 118 273 387 265 290 93 325 259 451 81 290 273 387 504 118 93 16 485 346 259 273 387 118 265 91 290 93 259 389 148 273 290 387 118 148 91 64 259 265 470 259 265 387 273 274 97 91 468 290 118 259 265 438 387 118 468 91 97 290 451 259 468 387 265 97 357 273 93 451 418 259 265 468 387 118 273 91 385 357 399 259 265 338 118 468 290 249 91 387 273
[dump] L13.moe    n=40960   finite=1 absmax=0.1578       mean=0.0001322    sumsq=5.459041961        argmax=1716
[dump]   top0 idx=1716 val=0.09561
[dump]   top1 idx=1301 val=0.08816
[dump]   top2 idx=2035 val=0.07952
[dump]   top3 idx=1912 val=0.06910
[dump]   top4 idx=579 val=0.06907
[dump] L13.res    n=163840  finite=1 absmax=2.8733       mean=0.0013456    sumsq=331.4854054        argmax=1500
[dump]   top0 idx=1500 val=0.84892
[dump]   top1 idx=71573 val=0.46476
[dump]   top2 idx=122773 val=0.43478
[dump]   top3 idx=2121 val=0.41033
[dump]   top4 idx=30613 val=0.40665
[dump] L14.hcmix  n=40960   finite=1 absmax=7.9375       mean=0.016761     sumsq=11347.26848        argmax=1500
[dump]   top0 idx=1500 val=7.93752
[dump]   top1 idx=17813 val=4.77383
[dump]   top2 idx=12035 val=3.50041
[dump]   top3 idx=27395 val=3.38727
[dump]   top4 idx=15277 val=3.36218
[dump] L14.att    n=40960   finite=1 absmax=2.0683       mean=-0.0011166   sumsq=225.4570592        argmax=138
[dump]   top0 idx=138 val=0.79392
[dump]   top1 idx=788 val=0.75655
[dump]   top2 idx=679 val=0.66369
[dump]   top3 idx=2162 val=0.64824
[dump]   top4 idx=1603 val=0.64614
[dump] L14.fmix   n=40960   finite=1 absmax=6.5924       mean=0.007397     sumsq=9937.83354         argmax=1500
[dump]   top0 idx=1500 val=3.68555
[dump]   top1 idx=4046 val=3.08852
[dump]   top2 idx=788 val=2.73228
[dump]   top3 idx=47 val=2.58458
[dump]   top4 idx=11241 val=2.48157
[dump] L14.mid    n=160     finite=1 absmax=0 mean=0 sumsq=0 ids: 398 165 326 266 29 17 151 40 138 339 506 138 165 409 14 40 417 398 326 473 227 40 463 372 370 414 246 459 407 244 165 409 14 473 506 205 417 138 308 326 376 290 280 223 22 5 463 360 162 385 409 14 12 417 290 398 506 308 138 464 339 40 488 9 495 266 136 2 49 108 409 234 14 473 290 506 12 398 441 138 339 40 29 176 266 488 280 495 9 180 180 266 40 495 108 312 492 9 2 280 409 473 498 280 370 506 227 439 14 460 40 49 339 266 282 495 252 244 136 2 40 49 244 168 136 409 108 138 500 506 244 335 506 473 151 100 409 108 398 482 335 244 100 506 482 473 151 409 510 402 244 100 482 40 266 29 407 168 510 67
[dump] L14.moe    n=40960   finite=1 absmax=0.13373      mean=3.8346e-06   sumsq=2.972969538        argmax=1500
[dump]   top0 idx=1500 val=0.13373
[dump]   top1 idx=793 val=0.07445
[dump]   top2 idx=788 val=0.06826
[dump]   top3 idx=1094 val=0.06823
[dump]   top4 idx=2433 val=0.05360
[dump] L14.res    n=163840  finite=1 absmax=2.9035       mean=0.0012936    sumsq=344.5119586        argmax=1500
[dump]   top0 idx=1500 val=0.88192
[dump]   top1 idx=71573 val=0.46638
[dump]   top2 idx=2121 val=0.46463
[dump]   top3 idx=788 val=0.46297
[dump]   top4 idx=122773 val=0.43646
[dump] L15.hcmix  n=40960   finite=1 absmax=10.49        mean=0.0056406    sumsq=3102.602702        argmax=1500
[dump]   top0 idx=1500 val=1.90077
[dump]   top1 idx=17813 val=1.78012
[dump]   top2 idx=27395 val=1.58444
[dump]   top3 idx=33947 val=1.55059
[dump]   top4 idx=15277 val=1.52312
[dump] L15.att    n=40960   finite=1 absmax=1.3206       mean=-0.0036068   sumsq=248.4284032        argmax=2311
[dump]   top0 idx=2311 val=1.32059
[dump]   top1 idx=892 val=1.01441
[dump]   top2 idx=2307 val=0.68065
[dump]   top3 idx=1795 val=0.55404
[dump]   top4 idx=1947 val=0.49737
[dump] L15.fmix   n=40960   finite=1 absmax=6.8289       mean=0.0026997    sumsq=21312.16797        argmax=5848
[dump]   top0 idx=5848 val=6.82894
[dump]   top1 idx=10968 val=5.50390
[dump]   top2 idx=28888 val=5.41575
[dump]   top3 idx=21208 val=5.06387
[dump]   top4 idx=18648 val=4.86763
[dump] L15.mid    n=160     finite=1 absmax=0 mean=0 sumsq=0 ids: 283 174 188 38 342 103 215 330 177 107 494 207 501 199 50 39 156 263 303 318 207 219 453 31 53 455 263 127 23 236 207 61 405 399 219 288 303 302 406 426 207 236 453 116 388 16 405 406 319 326 207 50 426 32 406 302 219 192 288 399 302 207 280 453 388 246 288 236 179 134 134 406 32 207 426 219 314 192 399 281 343 134 119 263 487 426 427 511 405 311 405 207 303 311 426 343 446 134 494 174 228 405 303 343 406 53 192 263 311 408 405 207 174 494 311 204 134 289 50 303 174 303 288 405 423 311 192 50 39 446 174 303 289 207 405 494 192 283 50 288 289 405 174 494 322 156 303 192 177 33 174 303 405 12 289 423 156 432 71 280
[dump] L15.moe    n=40960   finite=1 absmax=0.29283      mean=3.0927e-05   sumsq=8.66363423         argmax=1716
[dump]   top0 idx=1716 val=0.14291
[dump]   top1 idx=138 val=0.11802
[dump]   top2 idx=1736 val=0.08320
[dump]   top3 idx=1984 val=0.08050
[dump]   top4 idx=562 val=0.07877
[dump] L15.res    n=163840  finite=1 absmax=2.8397       mean=0.0011262    sumsq=334.5351995        argmax=1500
[dump]   top0 idx=1500 val=0.88067
[dump]   top1 idx=2121 val=0.48567
[dump]   top2 idx=71573 val=0.46318
[dump]   top3 idx=788 val=0.44049
[dump]   top4 idx=122773 val=0.43395
[dump] L16.hcmix  n=40960   finite=1 absmax=15.833       mean=0.0017455    sumsq=13027.91707        argmax=1500
[dump]   top0 idx=1500 val=9.39717
[dump]   top1 idx=7573 val=3.96654
[dump]   top2 idx=788 val=3.90528
[dump]   top3 idx=20373 val=3.62922
[dump]   top4 idx=1912 val=3.23530
[dump] L16.att    n=40960   finite=1 absmax=0.45988      mean=-0.00052189  sumsq=66.18912339        argmax=5081
[dump]   top0 idx=5081 val=0.33597
[dump]   top1 idx=16311 val=0.29178
[dump]   top2 idx=3553 val=0.28569
[dump]   top3 idx=11374 val=0.28289
[dump]   top4 idx=32111 val=0.26119
[dump] L16.fmix   n=40960   finite=1 absmax=3.9244       mean=0.00014652   sumsq=16689.30552        argmax=1500
[dump]   top0 idx=1500 val=3.92440
[dump]   top1 idx=5848 val=3.08060
[dump]   top2 idx=11241 val=2.91711
[dump]   top3 idx=788 val=2.87556
[dump]   top4 idx=20158 val=2.80214
[dump] L16.mid    n=160     finite=1 absmax=0 mean=0 sumsq=0 ids: 228 487 243 272 132 473 142 259 361 32 228 272 429 243 142 140 447 479 58 487 228 457 319 398 140 303 124 447 370 145 228 272 142 447 140 479 26 278 400 429 188 228 104 138 447 319 303 479 124 270 228 140 272 142 447 26 278 394 205 243 228 303 64 188 26 447 429 319 272 341 400 272 394 228 140 369 26 278 113 479 400 228 140 272 393 394 282 61 278 149 140 228 272 243 142 263 400 278 429 487 272 228 400 236 140 465 243 142 263 26 243 272 228 263 142 58 429 140 487 61 228 243 272 142 140 429 487 263 278 58 243 228 58 263 142 278 272 479 487 489 243 228 58 278 272 263 134 202 480 487 243 228 278 202 272 58 392 475 352 25
[dump] L16.moe    n=40960   finite=1 absmax=0.69301      mean=7.3966e-05   sumsq=11.69660942        argmax=2311
[dump]   top0 idx=2311 val=0.27359
[dump]   top1 idx=2366 val=0.20689
[dump]   top2 idx=472 val=0.18741
[dump]   top3 idx=138 val=0.18653
[dump]   top4 idx=627 val=0.17752
[dump] L16.res    n=163840  finite=1 absmax=2.6858       mean=0.0011105    sumsq=342.2988889        argmax=1500
[dump]   top0 idx=1500 val=0.84820
[dump]   top1 idx=2121 val=0.51347
[dump]   top2 idx=1580 val=0.48750
[dump]   top3 idx=2366 val=0.47721
[dump]   top4 idx=1787 val=0.47669
[dump] L17.hcmix  n=40960   finite=1 absmax=6.2646       mean=0.0082611    sumsq=13385.46238        argmax=17813
[dump]   top0 idx=17813 val=4.71451
[dump]   top1 idx=1500 val=4.13544
[dump]   top2 idx=7573 val=3.71279
[dump]   top3 idx=12693 val=3.54580
[dump]   top4 idx=10157 val=3.48275
[dump] L17.att    n=40960   finite=1 absmax=0.42022      mean=-0.00098706  sumsq=54.58034688        argmax=40384
[dump]   top0 idx=40384 val=0.21847
[dump]   top1 idx=39558 val=0.19892
[dump]   top2 idx=28337 val=0.19438
[dump]   top3 idx=2521 val=0.19082
[dump]   top4 idx=39204 val=0.19048
[dump] L17.fmix   n=40960   finite=1 absmax=3.581        mean=-0.00024272  sumsq=12442.92604        argmax=4046
[dump]   top0 idx=4046 val=3.58104
[dump]   top1 idx=39912 val=2.79785
[dump]   top2 idx=788 val=2.66597
[dump]   top3 idx=32206 val=2.51942
[dump]   top4 idx=39148 val=2.44868
[dump] L17.mid    n=160     finite=1 absmax=0 mean=0 sumsq=0 ids: 486 136 510 84 209 135 330 15 274 243 136 486 471 499 328 305 84 105 469 365 469 328 127 486 26 285 366 358 136 71 136 486 471 328 387 127 469 249 84 467 366 486 444 97 136 333 374 471 18 4 136 84 486 471 127 328 419 386 1 474 328 444 486 136 97 84 374 471 71 464 8 387 136 419 328 448 181 471 486 470 8 470 181 136 404 304 328 398 486 311 470 136 471 486 328 374 362 366 419 127 136 486 84 8 127 327 328 387 471 195 136 471 84 486 419 374 499 498 139 363 471 136 366 486 374 139 362 419 363 499 84 363 209 486 471 136 139 374 366 499 209 84 139 363 499 486 136 419 422 253 139 209 363 471 486 136 345 498 221 274
[dump] L17.moe    n=40960   finite=1 absmax=0.18888      mean=0.00010943   sumsq=2.997430383        argmax=1716
[dump]   top0 idx=1716 val=0.08721
[dump]   top1 idx=138 val=0.05628
[dump]   top2 idx=230 val=0.03856
[dump]   top3 idx=38713 val=0.03731
[dump]   top4 idx=15207 val=0.03509
[dump] L17.res    n=163840  finite=1 absmax=2.7044       mean=0.0010579    sumsq=338.0921097        argmax=1500
[dump]   top0 idx=1500 val=0.85378
[dump]   top1 idx=2121 val=0.50192
[dump]   top2 idx=1580 val=0.48954
[dump]   top3 idx=788 val=0.47779
[dump]   top4 idx=2366 val=0.46625
[dump] L18.hcmix  n=40960   finite=1 absmax=18.646       mean=0.0099845    sumsq=13528.316          argmax=1500
[dump]   top0 idx=1500 val=7.92328
[dump]   top1 idx=21685 val=4.06174
[dump]   top2 idx=26805 val=3.96575
[dump]   top3 idx=30613 val=3.93309
[dump]   top4 idx=17813 val=3.89016
[dump] L18.att    n=40960   finite=1 absmax=0.41088      mean=-0.00049425  sumsq=84.88828242        argmax=634
[dump]   top0 idx=634 val=0.41088
[dump]   top1 idx=38882 val=0.37701
[dump]   top2 idx=10722 val=0.36600
[dump]   top3 idx=5602 val=0.33782
[dump]   top4 idx=33762 val=0.33469
[dump] L18.fmix   n=40960   finite=1 absmax=3.8968       mean=0.0091286    sumsq=11056.16084        argmax=17813
[dump]   top0 idx=17813 val=3.89683
[dump]   top1 idx=1500 val=3.48022
[dump]   top2 idx=7573 val=3.23255
[dump]   top3 idx=10936 val=2.99699
[dump]   top4 idx=30613 val=2.96048
[dump] L18.mid    n=160     finite=1 absmax=0 mean=0 sumsq=0 ids: 449 475 399 87 275 411 35 24 211 264 111 29 264 185 201 459 135 87 325 119 131 157 459 106 506 111 29 366 201 437 264 29 7 201 185 135 405 101 299 87 440 131 29 459 201 190 398 111 151 299 87 264 88 277 29 411 297 24 275 185 131 102 111 24 29 366 7 101 157 459 469 88 131 264 101 87 185 119 325 496 29 5 157 119 469 7 459 353 448 88 29 448 102 353 264 24 7 201 5 101 111 29 299 185 459 201 106 74 238 157 131 24 448 101 111 29 347 264 366 201 111 29 448 24 366 102 201 157 101 459 24 131 29 448 101 201 211 347 353 264 201 448 101 150 24 29 185 123 131 310 207 448 201 29 474 266 116 270 459 247
[dump] L18.moe    n=40960   finite=1 absmax=0.062349     mean=-0.00015164  sumsq=4.742547496        argmax=27086
[dump]   top0 idx=27086 val=0.06235
[dump]   top1 idx=22933 val=0.05092
[dump]   top2 idx=35645 val=0.05040
[dump]   top3 idx=35544 val=0.05020
[dump]   top4 idx=35081 val=0.04883
[dump] L18.res    n=163840  finite=1 absmax=2.7062       mean=0.00088801   sumsq=361.6155405        argmax=1500
[dump]   top0 idx=1500 val=0.84618
[dump]   top1 idx=2121 val=0.49820
[dump]   top2 idx=1580 val=0.49574
[dump]   top3 idx=71573 val=0.47186
[dump]   top4 idx=788 val=0.46187
[dump] L19.hcmix  n=40960   finite=1 absmax=11.298       mean=0.0043666    sumsq=4869.994804        argmax=17813
[dump]   top0 idx=17813 val=2.63548
[dump]   top1 idx=30613 val=2.62230
[dump]   top2 idx=7573 val=2.38827
[dump]   top3 idx=15842 val=2.03929
[dump]   top4 idx=38882 val=2.02434
[dump] L19.att    n=40960   finite=1 absmax=1.6895       mean=-0.00065784  sumsq=348.1728067        argmax=892
[dump]   top0 idx=892 val=1.54127
[dump]   top1 idx=1736 val=1.17620
[dump]   top2 idx=2238 val=1.15235
[dump]   top3 idx=2307 val=1.01915
[dump]   top4 idx=1795 val=0.83388
[dump] L19.fmix   n=40960   finite=1 absmax=4.0689       mean=0.0026636    sumsq=14699.2075         argmax=4046
[dump]   top0 idx=4046 val=4.06892
[dump]   top1 idx=12035 val=3.10933
[dump]   top2 idx=6606 val=2.95642
[dump]   top3 idx=3873 val=2.83127
[dump]   top4 idx=14245 val=2.80057
[dump] L19.mid    n=160     finite=1 absmax=0 mean=0 sumsq=0 ids: 406 360 413 162 170 434 31 173 293 377 434 3 377 161 342 472 9 453 188 277 56 259 222 455 309 161 434 70 229 91 3 357 31 377 70 170 472 161 222 342 70 161 259 472 74 381 375 56 434 364 3 368 357 9 74 501 150 222 375 377 472 375 161 34 56 49 364 434 70 3 3 368 397 86 472 31 222 455 103 9 397 291 161 222 193 472 368 3 455 357 375 472 3 291 222 9 397 193 434 31 222 375 170 472 31 357 455 161 377 397 222 472 31 150 375 267 121 3 315 173 375 472 315 3 121 31 222 434 377 397 31 121 490 162 470 173 3 103 377 472 31 173 121 472 162 388 14 377 490 103 31 375 472 121 315 162 434 161 56 173
[dump] L19.moe    n=40960   finite=1 absmax=0.08494      mean=0.00034834   sumsq=6.613572588        argmax=29940
[dump]   top0 idx=29940 val=0.08494
[dump]   top1 idx=29672 val=0.07936
[dump]   top2 idx=29931 val=0.07702
[dump]   top3 idx=28571 val=0.07524
[dump]   top4 idx=30058 val=0.07173
[dump] L19.res    n=163840  finite=1 absmax=2.7309       mean=0.0010973    sumsq=370.9041756        argmax=1500
[dump]   top0 idx=1500 val=0.84745
[dump]   top1 idx=2121 val=0.52409
[dump]   top2 idx=1580 val=0.48212
[dump]   top3 idx=138 val=0.47722
[dump]   top4 idx=71573 val=0.46933
[dump] L20.hcmix  n=40960   finite=1 absmax=20.891       mean=0.0026064    sumsq=12638.07           argmax=1500
[dump]   top0 idx=1500 val=7.04213
[dump]   top1 idx=1736 val=4.44992
[dump]   top2 idx=47 val=3.67218
[dump]   top3 idx=29111 val=3.26695
[dump]   top4 idx=788 val=3.23131
[dump] L20.att    n=40960   finite=1 absmax=5.798        mean=0.00039579   sumsq=439.5785052        argmax=2238
[dump]   top0 idx=2238 val=3.24774
[dump]   top1 idx=403 val=3.01959
[dump]   top2 idx=1500 val=2.59842
[dump]   top3 idx=1827 val=1.77876
[dump]   top4 idx=1132 val=1.47810
[dump] L20.fmix   n=40960   finite=1 absmax=6.3032       mean=0.014757     sumsq=19807.50777        argmax=4046
[dump]   top0 idx=4046 val=6.30323
[dump]   top1 idx=6606 val=4.52170
[dump]   top2 idx=32206 val=4.09203
[dump]   top3 idx=16846 val=3.67283
[dump]   top4 idx=14245 val=3.54562
[dump] L20.mid    n=160     finite=1 absmax=0 mean=0 sumsq=0 ids: 429 363 39 439 407 179 485 307 169 55 387 363 109 76 388 439 429 25 485 258 122 494 218 326 26 158 154 216 488 388 363 40 485 110 242 109 134 146 387 105 146 358 187 134 109 40 39 242 369 96 491 54 4 485 363 306 481 242 219 39 146 243 485 387 134 218 369 39 229 445 491 481 244 387 485 306 341 54 59 39 387 59 49 481 137 491 63 110 341 485 387 258 485 59 330 168 25 233 243 491 387 339 363 109 495 26 485 218 148 309 387 168 258 25 39 485 154 442 248 330 387 25 258 168 330 485 358 442 344 265 387 168 442 485 179 185 258 25 410 307 387 442 179 168 278 18 485 265 370 26 387 262 179 442 25 168 125 258 185 119
[dump] L20.moe    n=40960   finite=1 absmax=0.091472     mean=2.8445e-05   sumsq=8.023768244        argmax=35401
[dump]   top0 idx=35401 val=0.07573
[dump]   top1 idx=29228 val=0.06648
[dump]   top2 idx=39632 val=0.06209
[dump]   top3 idx=30636 val=0.06158
[dump]   top4 idx=32702 val=0.06104
[dump] L20.res    n=163840  finite=1 absmax=2.6644       mean=0.0011267    sumsq=382.6864327        argmax=1500
[dump]   top0 idx=1500 val=1.21917
[dump]   top1 idx=138 val=0.61461
[dump]   top2 idx=1827 val=0.58241
[dump]   top3 idx=1580 val=0.58091
[dump]   top4 idx=1787 val=0.52501
[dump] L21.hcmix  n=40960   finite=1 absmax=14.316       mean=0.032067     sumsq=13812.54205        argmax=1500
[dump]   top0 idx=1500 val=7.37152
[dump]   top1 idx=1736 val=4.73019
[dump]   top2 idx=1827 val=4.46291
[dump]   top3 idx=21685 val=4.11458
[dump]   top4 idx=1912 val=4.09203
[dump] L21.att    n=40960   finite=1 absmax=0.85583      mean=0.00041392   sumsq=33.73789269        argmax=2238
[dump]   top0 idx=2238 val=0.53748
[dump]   top1 idx=30912 val=0.33721
[dump]   top2 idx=33472 val=0.31721
[dump]   top3 idx=2537 val=0.30290
[dump]   top4 idx=16353 val=0.29501
[dump] L21.fmix   n=40960   finite=1 absmax=4.6129       mean=0.031269     sumsq=17784.34135        argmax=4046
[dump]   top0 idx=4046 val=4.61288
[dump]   top1 idx=10871 val=4.23734
[dump]   top2 idx=10936 val=3.98260
[dump]   top3 idx=3873 val=3.71124
[dump]   top4 idx=5751 val=3.64329
[dump] L21.mid    n=160     finite=1 absmax=0 mean=0 sumsq=0 ids: 72 255 379 25 267 297 190 128 507 420 255 379 128 25 306 369 426 19 118 150 128 451 372 64 312 25 306 153 507 200 255 306 379 265 511 278 25 150 128 19 128 48 278 51 25 60 484 346 359 181 25 302 379 255 131 297 134 406 142 472 128 19 25 484 29 302 278 385 346 313 25 480 297 51 302 446 360 19 427 64 352 118 166 306 25 19 484 85 57 33 352 57 118 25 369 19 313 306 346 166 25 255 379 317 128 19 118 278 191 346 369 19 346 25 57 128 313 118 131 507 369 57 19 118 128 346 484 153 142 25 346 313 469 369 420 255 57 131 498 418 346 313 321 420 369 418 255 57 469 118 369 313 346 57 420 321 471 118 469 128
[dump] L21.moe    n=40960   finite=1 absmax=0.078085     mean=0.00018335   sumsq=7.105847518        argmax=24921
[dump]   top0 idx=24921 val=0.07809
[dump]   top1 idx=30592 val=0.06448
[dump]   top2 idx=28558 val=0.06013
[dump]   top3 idx=40723 val=0.05980
[dump]   top4 idx=37212 val=0.05830
[dump] L21.res    n=163840  finite=1 absmax=2.6856       mean=0.0012997    sumsq=402.7470524        argmax=1500
[dump]   top0 idx=1500 val=1.21971
[dump]   top1 idx=138 val=0.61628
[dump]   top2 idx=1827 val=0.58062
[dump]   top3 idx=1580 val=0.57706
[dump]   top4 idx=1787 val=0.52584
[dump] L22.hcmix  n=40960   finite=1 absmax=22.866       mean=0.017336     sumsq=12448.38566        argmax=1500
[dump]   top0 idx=1500 val=9.62982
[dump]   top1 idx=5 val=4.85503
[dump]   top2 idx=17925 val=4.78057
[dump]   top3 idx=25605 val=4.77841
[dump]   top4 idx=10245 val=4.59998
[dump] L22.att    n=40960   finite=1 absmax=1.9402       mean=0.00064829   sumsq=136.1158193        argmax=793
[dump]   top0 idx=793 val=1.94015
[dump]   top1 idx=1500 val=1.34008
[dump]   top2 idx=25868 val=1.04080
[dump]   top3 idx=23308 val=0.94654
[dump]   top4 idx=28428 val=0.93821
[dump] L22.fmix   n=40960   finite=1 absmax=4.8999       mean=0.030116     sumsq=16184.60103        argmax=10936
[dump]   top0 idx=10936 val=4.45273
[dump]   top1 idx=36536 val=4.42788
[dump]   top2 idx=12655 val=4.08989
[dump]   top3 idx=10871 val=3.53969
[dump]   top4 idx=17813 val=3.36764
[dump] L22.mid    n=160     finite=1 absmax=0 mean=0 sumsq=0 ids: 317 309 283 32 456 206 205 57 446 287 305 188 402 376 164 279 425 51 483 484 188 460 488 13 187 396 318 265 454 50 464 51 352 384 145 488 425 396 460 244 460 13 244 306 183 396 384 482 193 32 235 341 309 206 205 347 462 104 425 393 454 460 488 396 7 27 487 50 117 136 241 291 106 425 124 83 360 375 365 388 504 50 425 400 365 83 488 265 388 96 504 460 50 279 454 400 438 301 487 425 153 87 117 55 173 71 329 452 89 341 460 117 244 331 483 116 239 164 50 153 483 188 117 51 164 454 438 113 13 116 173 287 483 355 412 457 143 262 301 170 370 168 459 429 323 254 262 137 173 320 286 260 354 483 209 25 173 44 14 94
[dump] L22.moe    n=40960   finite=1 absmax=0.11423      mean=1.7672e-05   sumsq=6.314386206        argmax=26320
[dump]   top0 idx=26320 val=0.11243
[dump]   top1 idx=27937 val=0.09890
[dump]   top2 idx=26399 val=0.08422
[dump]   top3 idx=26441 val=0.06111
[dump]   top4 idx=28880 val=0.06012
[dump] L22.res    n=163840  finite=1 absmax=2.6853       mean=0.0013668    sumsq=440.1517756        argmax=1500
[dump]   top0 idx=1500 val=1.22135
[dump]   top1 idx=138 val=0.61584
[dump]   top2 idx=1827 val=0.58064
[dump]   top3 idx=1580 val=0.57724
[dump]   top4 idx=1787 val=0.52671
[dump] L23.hcmix  n=40960   finite=1 absmax=7.8482       mean=0.011362     sumsq=4333.551438        argmax=1500
[dump]   top0 idx=1500 val=7.84822
[dump]   top1 idx=793 val=6.70578
[dump]   top2 idx=17925 val=3.30388
[dump]   top3 idx=5125 val=3.22599
[dump]   top4 idx=38405 val=3.21155
[dump] L23.att    n=40960   finite=1 absmax=0.68187      mean=0.0051975    sumsq=299.4124661        argmax=21537
[dump]   top0 idx=21537 val=0.58622
[dump]   top1 idx=12104 val=0.57475
[dump]   top2 idx=28719 val=0.55831
[dump]   top3 idx=32542 val=0.55708
[dump]   top4 idx=28932 val=0.53852
[dump] L23.fmix   n=40960   finite=1 absmax=5.8046       mean=0.02166      sumsq=24545.50657        argmax=8681
[dump]   top0 idx=8681 val=5.80462
[dump]   top1 idx=25380 val=3.85761
[dump]   top2 idx=21886 val=3.69223
[dump]   top3 idx=1500 val=3.64280
[dump]   top4 idx=11929 val=3.60750
[dump] L23.mid    n=160     finite=1 absmax=0 mean=0 sumsq=0 ids: 356 285 389 299 430 244 334 494 42 457 356 42 506 285 99 199 299 354 61 53 356 99 506 45 48 385 355 371 161 459 356 307 99 264 42 355 349 306 161 376 356 99 367 342 109 500 53 61 264 128 356 480 372 82 336 314 36 494 367 45 99 104 228 297 53 109 219 356 349 50 356 480 375 314 367 45 161 21 128 372 356 128 21 355 320 375 171 480 307 354 356 406 128 480 219 273 164 375 477 355 356 128 477 442 161 21 297 506 355 199 356 318 215 128 110 61 353 297 334 477 356 128 32 53 353 110 477 342 89 297 356 128 127 233 480 110 334 477 492 56 356 128 233 425 110 127 354 451 60 334 356 233 109 128 166 340 12 41 180 110
[dump] L23.moe    n=40960   finite=1 absmax=0.086501     mean=-3.0808e-05  sumsq=12.92847932        argmax=3023
[dump]   top0 idx=3023 val=0.08528
[dump]   top1 idx=2949 val=0.08373
[dump]   top2 idx=3575 val=0.08359
[dump]   top3 idx=5037 val=0.07922
[dump]   top4 idx=3282 val=0.07833
[dump] L23.res    n=163840  finite=1 absmax=2.689        mean=0.0016569    sumsq=449.5611923        argmax=1500
[dump]   top0 idx=1500 val=1.22054
[dump]   top1 idx=138 val=0.60772
[dump]   top2 idx=1827 val=0.57361
[dump]   top3 idx=1580 val=0.57306
[dump]   top4 idx=1787 val=0.53007
[dump] L24.hcmix  n=40960   finite=1 absmax=7.2276       mean=0.032571     sumsq=12634.82017        argmax=17813
[dump]   top0 idx=17813 val=5.19813
[dump]   top1 idx=7573 val=4.66218
[dump]   top2 idx=5751 val=4.06013
[dump]   top3 idx=1500 val=3.88062
[dump]   top4 idx=21685 val=3.68555
[dump] L24.att    n=40960   finite=1 absmax=0.20437      mean=-5.5387e-05  sumsq=26.98551271        argmax=11445
[dump]   top0 idx=11445 val=0.20437
[dump]   top1 idx=21685 val=0.20278
[dump]   top2 idx=22911 val=0.16188
[dump]   top3 idx=39693 val=0.16187
[dump]   top4 idx=29365 val=0.15670
[dump] L24.fmix   n=40960   finite=1 absmax=5.609        mean=0.026106     sumsq=12807.09169        argmax=1500
[dump]   top0 idx=1500 val=5.60904
[dump]   top1 idx=4046 val=2.99200
[dump]   top2 idx=17813 val=2.64236
[dump]   top3 idx=7573 val=2.58819
[dump]   top4 idx=3873 val=2.55571
[dump] L24.mid    n=160     finite=1 absmax=0 mean=0 sumsq=0 ids: 308 387 456 219 175 439 46 263 181 370 263 387 175 219 462 354 446 183 231 46 134 99 263 36 320 446 498 212 308 387 263 99 360 308 342 387 46 433 175 74 263 360 308 342 157 128 82 99 134 121 206 360 395 175 308 263 387 46 394 458 263 134 99 387 223 277 308 446 360 183 134 387 223 446 90 360 313 263 204 323 360 354 263 387 295 99 252 46 446 150 263 360 354 387 462 183 66 208 446 46 181 263 360 46 308 387 446 175 99 134 263 134 181 183 387 360 462 354 28 231 263 462 360 183 354 134 181 387 231 223 263 181 134 462 183 219 439 354 28 218 181 360 263 134 462 387 231 175 81 317 263 462 181 360 317 183 134 218 387 231
[dump] L24.moe    n=40960   finite=1 absmax=0.56522      mean=0.00017022   sumsq=7.006668732        argmax=422
[dump]   top0 idx=422 val=0.28328
[dump]   top1 idx=403 val=0.08910
[dump]   top2 idx=2238 val=0.08671
[dump]   top3 idx=634 val=0.07228
[dump]   top4 idx=430 val=0.07212
[dump] L24.res    n=163840  finite=1 absmax=3.4692       mean=0.0018279    sumsq=510.70662          argmax=1500
[dump]   top0 idx=1500 val=1.18470
[dump]   top1 idx=1787 val=0.57824
[dump]   top2 idx=71573 val=0.55847
[dump]   top3 idx=30613 val=0.55691
[dump]   top4 idx=788 val=0.52893
[dump] L25.hcmix  n=40960   finite=1 absmax=12.959       mean=0.022062     sumsq=13269.31104        argmax=1500
[dump]   top0 idx=1500 val=7.93189
[dump]   top1 idx=7573 val=4.91454
[dump]   top2 idx=17813 val=4.30918
[dump]   top3 idx=21685 val=3.86254
[dump]   top4 idx=12693 val=3.76193
[dump] L25.att    n=40960   finite=1 absmax=0.40186      mean=0.00089526   sumsq=95.02853921        argmax=8673
[dump]   top0 idx=8673 val=0.40186
[dump]   top1 idx=29111 val=0.39792
[dump]   top2 idx=31671 val=0.39392
[dump]   top3 idx=422 val=0.34153
[dump]   top4 idx=13751 val=0.34125
[dump] L25.fmix   n=40960   finite=1 absmax=3.681        mean=0.031266     sumsq=13377.7205         argmax=4046
[dump]   top0 idx=4046 val=3.46923
[dump]   top1 idx=1500 val=3.04526
[dump]   top2 idx=37981 val=2.51263
[dump]   top3 idx=230 val=2.46177
[dump]   top4 idx=7573 val=2.44750
[dump] L25.mid    n=160     finite=1 absmax=0 mean=0 sumsq=0 ids: 192 218 430 150 209 322 229 376 87 369 192 376 369 292 425 321 430 154 264 466 317 113 382 205 40 425 209 20 374 428 444 425 321 209 374 218 376 104 430 272 371 276 115 425 321 417 218 110 374 487 376 427 73 371 425 377 361 478 218 141 374 153 369 425 218 430 371 264 330 321 430 459 170 427 369 153 211 321 218 370 430 427 153 264 488 374 321 29 370 426 264 374 430 370 218 59 376 292 427 321 377 321 445 264 427 376 96 218 430 374 264 374 430 153 96 142 68 376 478 495 264 374 59 478 292 68 156 321 275 142 264 142 96 376 87 430 153 478 240 427 264 430 427 376 374 68 240 142 478 153 264 59 156 275 427 142 370 374 376 495
[dump] L25.moe    n=40960   finite=1 absmax=0.044996     mean=3.7449e-05   sumsq=3.656153512        argmax=22299
[dump]   top0 idx=22299 val=0.04500
[dump]   top1 idx=8682 val=0.04146
[dump]   top2 idx=34384 val=0.04129
[dump]   top3 idx=38302 val=0.04078
[dump]   top4 idx=24921 val=0.03864
[dump] L25.res    n=163840  finite=1 absmax=3.505        mean=0.0019895    sumsq=504.2282482        argmax=1500
[dump]   top0 idx=1500 val=1.16065
[dump]   top1 idx=1787 val=0.56688
[dump]   top2 idx=71573 val=0.55301
[dump]   top3 idx=30613 val=0.54768
[dump]   top4 idx=788 val=0.53281
[dump] L26.hcmix  n=40960   finite=1 absmax=14.449       mean=0.023822     sumsq=14366.37839        argmax=1500
[dump]   top0 idx=1500 val=9.84113
[dump]   top1 idx=793 val=4.93446
[dump]   top2 idx=17813 val=4.75792
[dump]   top3 idx=7573 val=4.33885
[dump]   top4 idx=30613 val=3.74245
[dump] L26.att    n=40960   finite=1 absmax=1.1472       mean=-0.0022473   sumsq=180.367575         argmax=39128
[dump]   top0 idx=39128 val=0.44502
[dump]   top1 idx=39534 val=0.38285
[dump]   top2 idx=784 val=0.35629
[dump]   top3 idx=6071 val=0.35418
[dump]   top4 idx=5848 val=0.34215
[dump] L26.fmix   n=40960   finite=1 absmax=3.1415       mean=0.019468     sumsq=11602.63446        argmax=7573
[dump]   top0 idx=7573 val=2.93577
[dump]   top1 idx=17813 val=2.86798
[dump]   top2 idx=788 val=2.62583
[dump]   top3 idx=12655 val=2.50205
[dump]   top4 idx=30613 val=2.37901
[dump] L26.mid    n=160     finite=1 absmax=0 mean=0 sumsq=0 ids: 461 264 107 325 508 341 164 417 379 495 264 461 417 278 341 164 58 508 355 325 461 278 264 17 230 7 243 319 123 121 264 461 278 417 379 58 508 70 230 341 187 230 461 373 97 433 17 320 346 264 461 379 508 97 355 243 278 433 177 373 417 461 464 97 355 230 199 40 278 319 97 461 455 464 373 199 319 278 417 243 461 97 164 373 417 423 464 18 304 320 461 423 417 97 243 18 322 384 320 495 278 461 97 417 373 508 18 322 355 7 355 461 417 97 464 18 278 320 322 267 461 278 355 18 243 417 387 322 203 40 355 461 320 384 495 243 203 97 322 267 355 461 97 417 267 384 320 322 500 18 97 18 355 267 373 322 461 387 416 320
[dump] L26.moe    n=40960   finite=1 absmax=0.61263      mean=-4.3584e-05  sumsq=4.730515751        argmax=11726
[dump]   top0 idx=11726 val=0.05635
[dump]   top1 idx=422 val=0.04992
[dump]   top2 idx=8028 val=0.04930
[dump]   top3 idx=2324 val=0.04702
[dump]   top4 idx=579 val=0.04640
[dump] L26.res    n=163840  finite=1 absmax=4.6274       mean=0.0017028    sumsq=535.9968105        argmax=1500
[dump]   top0 idx=1500 val=1.20551
[dump]   top1 idx=788 val=0.63698
[dump]   top2 idx=1787 val=0.60523
[dump]   top3 idx=784 val=0.56430
[dump]   top4 idx=2366 val=0.56384
[dump] L27.hcmix  n=40960   finite=1 absmax=30.75        mean=0.011376     sumsq=6172.431815        argmax=2565
[dump]   top0 idx=2565 val=2.75454
[dump]   top1 idx=10245 val=2.69246
[dump]   top2 idx=5125 val=2.66455
[dump]   top3 idx=39128 val=2.55737
[dump]   top4 idx=17925 val=2.55478
[dump] L27.att    n=40960   finite=1 absmax=3.422        mean=-0.001075    sumsq=401.5140717        argmax=2311
[dump]   top0 idx=2311 val=3.42199
[dump]   top1 idx=47 val=1.31899
[dump]   top2 idx=1378 val=1.14412
[dump]   top3 idx=86 val=1.11349
[dump]   top4 idx=1795 val=1.07804
[dump] L27.fmix   n=40960   finite=1 absmax=3.296        mean=0.01822      sumsq=12374.20381        argmax=4046
[dump]   top0 idx=4046 val=3.29600
[dump]   top1 idx=17813 val=2.94264
[dump]   top2 idx=7573 val=2.79910
[dump]   top3 idx=16176 val=2.78574
[dump]   top4 idx=6606 val=2.63908
[dump] L27.mid    n=160     finite=1 absmax=0 mean=0 sumsq=0 ids: 430 424 98 400 108 361 130 397 104 323 350 98 323 108 424 273 84 120 240 104 323 350 211 360 23 108 430 482 166 219 482 323 108 98 418 30 360 461 430 350 323 461 508 108 418 350 174 430 360 23 120 323 108 350 418 360 201 98 511 104 323 98 360 418 108 350 508 286 104 97 323 418 98 350 508 430 120 490 360 268 418 350 98 323 360 430 384 120 108 261 323 418 350 98 108 430 166 360 151 261 317 418 323 108 508 430 98 360 350 192 323 98 508 418 104 457 430 261 120 360 323 418 508 350 98 108 84 500 120 261 508 323 430 418 98 166 261 219 151 137 430 323 508 418 166 98 249 371 261 151 323 418 430 166 249 437 45 360 240 48
[dump] L27.moe    n=40960   finite=1 absmax=0.054333     mean=0.00025783   sumsq=4.430122212        argmax=29990
[dump]   top0 idx=29990 val=0.05295
[dump]   top1 idx=30370 val=0.05258
[dump]   top2 idx=29282 val=0.04868
[dump]   top3 idx=29093 val=0.04743
[dump]   top4 idx=29728 val=0.04696
[dump] L27.res    n=163840  finite=1 absmax=4.2455       mean=0.0018851    sumsq=553.0012764        argmax=1500
[dump]   top0 idx=1500 val=1.24467
[dump]   top1 idx=2366 val=0.66741
[dump]   top2 idx=788 val=0.65183
[dump]   top3 idx=2121 val=0.64902
[dump]   top4 idx=784 val=0.62660
[dump] L28.hcmix  n=40960   finite=1 absmax=30.947       mean=0.019182     sumsq=14573.63861        argmax=1500
[dump]   top0 idx=1500 val=10.73333
[dump]   top1 idx=788 val=4.31856
[dump]   top2 idx=47 val=3.78113
[dump]   top3 idx=7573 val=3.73941
[dump]   top4 idx=21685 val=3.37061
[dump] L28.att    n=40960   finite=1 absmax=0.60902      mean=-0.0019886   sumsq=100.3510986        argmax=2311
[dump]   top0 idx=2311 val=0.60902
[dump]   top1 idx=914 val=0.28007
[dump]   top2 idx=4544 val=0.24581
[dump]   top3 idx=36680 val=0.22234
[dump]   top4 idx=693 val=0.21867
[dump] L28.fmix   n=40960   finite=1 absmax=3.7579       mean=0.018881     sumsq=13166.23635        argmax=36536
[dump]   top0 idx=36536 val=3.38435
[dump]   top1 idx=4046 val=3.26805
[dump]   top2 idx=17813 val=3.16207
[dump]   top3 idx=9908 val=3.09233
[dump]   top4 idx=7573 val=2.82334
[dump] L28.mid    n=160     finite=1 absmax=0 mean=0 sumsq=0 ids: 28 297 139 364 433 300 421 352 164 474 352 52 139 297 219 86 277 150 145 474 352 141 110 139 52 63 130 1 229 136 297 52 101 139 352 474 219 147 81 339 352 52 101 118 282 219 139 297 421 368 52 392 150 277 390 219 9 386 352 160 52 433 66 352 408 229 139 63 43 469 52 433 352 63 219 172 66 503 130 386 52 66 433 352 219 229 150 189 469 172 66 433 390 52 63 297 277 170 392 229 421 352 52 422 54 0 150 433 390 450 421 0 433 52 63 21 469 229 352 81 421 0 52 433 214 63 21 66 297 422 421 52 0 219 433 297 275 133 63 172 52 421 0 275 182 21 297 63 460 114 0 421 433 52 21 275 182 352 63 366
[dump] L28.moe    n=40960   finite=1 absmax=0.13332      mean=-7.5619e-05  sumsq=4.463482324        argmax=2311
[dump]   top0 idx=2311 val=0.13332
[dump]   top1 idx=27542 val=0.05989
[dump]   top2 idx=40853 val=0.05496
[dump]   top3 idx=22878 val=0.04975
[dump]   top4 idx=5388 val=0.04906
[dump] L28.res    n=163840  finite=1 absmax=3.9698       mean=0.0015221    sumsq=593.6071373        argmax=1500
[dump]   top0 idx=1500 val=1.17906
[dump]   top1 idx=2366 val=0.69552
[dump]   top2 idx=2121 val=0.68525
[dump]   top3 idx=788 val=0.65347
[dump]   top4 idx=1787 val=0.63393
[dump] L29.hcmix  n=40960   finite=1 absmax=5.8205       mean=0.014166     sumsq=15166.85091        argmax=7573
[dump]   top0 idx=7573 val=4.79203
[dump]   top1 idx=17813 val=4.02279
[dump]   top2 idx=12693 val=3.82257
[dump]   top3 idx=788 val=3.50994
[dump]   top4 idx=10157 val=3.32688
[dump] L29.att    n=40960   finite=1 absmax=0.21076      mean=0.0002211    sumsq=23.96630886        argmax=40195
[dump]   top0 idx=40195 val=0.21076
[dump]   top1 idx=39128 val=0.17545
[dump]   top2 idx=36568 val=0.16161
[dump]   top3 idx=13751 val=0.13832
[dump]   top4 idx=11191 val=0.13778
[dump] L29.fmix   n=40960   finite=1 absmax=4.0805       mean=0.013311     sumsq=14173.5853         argmax=4046
[dump]   top0 idx=4046 val=4.08047
[dump]   top1 idx=7573 val=3.86730
[dump]   top2 idx=788 val=3.76426
[dump]   top3 idx=17813 val=3.49201
[dump]   top4 idx=30613 val=3.29542
[dump] L29.mid    n=160     finite=1 absmax=0 mean=0 sumsq=0 ids: 293 466 68 387 262 400 285 337 54 451 387 290 273 148 330 93 250 504 337 338 290 387 148 273 16 325 93 346 394 330 290 148 250 387 273 330 91 267 265 93 290 148 118 508 273 250 387 265 267 312 387 290 148 93 273 91 317 330 118 259 259 387 290 265 118 250 273 325 338 296 259 387 273 118 290 265 93 440 325 148 387 259 290 265 118 273 451 312 91 440 387 259 290 273 22 97 148 265 91 93 387 118 273 290 265 259 250 148 330 93 259 387 290 273 265 97 438 325 342 162 438 342 259 265 387 273 290 93 118 468 279 259 325 389 93 265 273 185 453 97 387 273 259 93 265 118 342 463 290 148 259 438 342 265 279 97 387 118 468 22
[dump] L29.moe    n=40960   finite=1 absmax=0.15123      mean=0.0001299    sumsq=9.985355485        argmax=2311
[dump]   top0 idx=2311 val=0.15123
[dump]   top1 idx=21613 val=0.08848
[dump]   top2 idx=20902 val=0.08375
[dump]   top3 idx=29199 val=0.08083
[dump]   top4 idx=20969 val=0.07588
[dump] L29.res    n=163840  finite=1 absmax=3.7504       mean=0.0017054    sumsq=677.892786         argmax=1500
[dump]   top0 idx=1500 val=1.21370
[dump]   top1 idx=2366 val=0.67916
[dump]   top2 idx=2121 val=0.67628
[dump]   top3 idx=1787 val=0.66170
[dump]   top4 idx=788 val=0.65494
[dump] L30.hcmix  n=40960   finite=1 absmax=8.8748       mean=0.017369     sumsq=13433.78353        argmax=1500
[dump]   top0 idx=1500 val=8.87476
[dump]   top1 idx=788 val=4.46222
[dump]   top2 idx=12693 val=3.52163
[dump]   top3 idx=7573 val=3.46249
[dump]   top4 idx=1787 val=3.42113
[dump] L30.att    n=40960   finite=1 absmax=1.166        mean=-0.00053877  sumsq=114.5345633        argmax=38882
[dump]   top0 idx=38882 val=0.47666
[dump]   top1 idx=1603 val=0.42570
[dump]   top2 idx=21431 val=0.37305
[dump]   top3 idx=31713 val=0.36631
[dump]   top4 idx=26082 val=0.34613
[dump] L30.fmix   n=40960   finite=1 absmax=7.3777       mean=0.014309     sumsq=19589.78609        argmax=4046
[dump]   top0 idx=4046 val=4.99256
[dump]   top1 idx=1500 val=3.78171
[dump]   top2 idx=788 val=3.68939
[dump]   top3 idx=6606 val=3.46449
[dump]   top4 idx=8681 val=3.30468
[dump] L30.mid    n=160     finite=1 absmax=0 mean=0 sumsq=0 ids: 165 151 398 326 331 506 40 137 138 417 165 506 138 14 326 409 111 500 106 335 95 414 409 280 506 14 311 234 227 338 205 165 223 280 506 318 398 433 409 151 376 280 5 223 81 335 409 22 318 463 14 308 151 409 234 506 290 12 110 129 506 138 111 335 11 151 212 181 205 398 506 138 335 14 212 441 409 154 6 280 335 506 280 138 498 473 439 212 64 11 11 506 138 335 14 498 280 111 212 173 181 473 506 409 370 129 237 64 439 280 11 506 398 138 181 151 335 282 136 111 506 138 212 11 409 335 40 128 500 129 181 335 280 506 212 79 151 11 415 398 181 506 335 326 86 82 11 244 212 415 244 335 506 11 100 128 482 181 398 510
[dump] L30.moe    n=40960   finite=1 absmax=0.065388     mean=0.0001027    sumsq=7.8623366          argmax=36714
[dump]   top0 idx=36714 val=0.06539
[dump]   top1 idx=27827 val=0.06058
[dump]   top2 idx=35492 val=0.05690
[dump]   top3 idx=21651 val=0.05648
[dump]   top4 idx=17713 val=0.05589
[dump] L30.res    n=163840  finite=1 absmax=3.734        mean=0.0017187    sumsq=750.9441245        argmax=1500
[dump]   top0 idx=1500 val=1.21919
[dump]   top1 idx=2121 val=0.80149
[dump]   top2 idx=788 val=0.75497
[dump]   top3 idx=2366 val=0.68963
[dump]   top4 idx=1787 val=0.66660
[dump] L31.hcmix  n=40960   finite=1 absmax=10.168       mean=0.0056677    sumsq=3514.734666        argmax=28888
[dump]   top0 idx=28888 val=2.17508
[dump]   top1 idx=3288 val=2.13021
[dump]   top2 idx=16088 val=2.12155
[dump]   top3 idx=23768 val=2.02599
[dump]   top4 idx=34008 val=1.88910
[dump] L31.att    n=40960   finite=1 absmax=0.76234      mean=-0.0030001   sumsq=165.5963908        argmax=892
[dump]   top0 idx=892 val=0.76234
[dump]   top1 idx=2311 val=0.75799
[dump]   top2 idx=1795 val=0.46809
[dump]   top3 idx=3765 val=0.40413
[dump]   top4 idx=2121 val=0.38924
[dump] L31.fmix   n=40960   finite=1 absmax=6.8419       mean=0.0054032    sumsq=29378.98233        argmax=23768
[dump]   top0 idx=23768 val=6.84190
[dump]   top1 idx=8681 val=5.91825
[dump]   top2 idx=21208 val=4.93558
[dump]   top3 idx=28888 val=4.76857
[dump]   top4 idx=9908 val=4.52889
[dump] L31.mid    n=160     finite=1 absmax=0 mean=0 sumsq=0 ids: 283 174 156 96 215 136 55 199 50 100 494 199 50 405 100 207 501 318 174 12 494 263 199 207 192 318 314 298 475 31 207 156 494 234 379 33 405 388 444 38 116 207 236 453 210 16 318 156 326 246 116 288 426 32 50 406 501 399 207 199 288 207 494 156 426 302 399 405 318 199 494 199 426 399 193 311 134 288 156 501 494 288 207 405 199 318 303 174 446 399 494 399 318 501 207 303 174 405 342 288 405 207 399 192 100 494 314 156 318 406 494 405 283 399 289 156 318 207 199 342 494 318 174 283 399 303 449 405 501 288 283 289 494 327 405 156 96 177 207 192 289 283 156 494 405 449 174 302 12 446 303 289 449 174 283 156 405 56 207 494
[dump] L31.moe    n=40960   finite=1 absmax=0.12323      mean=0.00022971   sumsq=11.69007967        argmax=3022
[dump]   top0 idx=3022 val=0.12323
[dump]   top1 idx=2311 val=0.10387
[dump]   top2 idx=8142 val=0.09588
[dump]   top3 idx=9966 val=0.07960
[dump]   top4 idx=29346 val=0.07276
[dump] L31.res    n=163840  finite=1 absmax=3.501        mean=0.0015389    sumsq=733.0418667        argmax=1500
[dump]   top0 idx=1500 val=1.18621
[dump]   top1 idx=2121 val=0.88929
[dump]   top2 idx=788 val=0.71130
[dump]   top3 idx=2366 val=0.68716
[dump]   top4 idx=138 val=0.66835
[dump] L32.hcmix  n=40960   finite=1 absmax=15.765       mean=0.0091327    sumsq=14714.58657        argmax=1500
[dump]   top0 idx=1500 val=10.29299
[dump]   top1 idx=788 val=5.01225
[dump]   top2 idx=4060 val=3.80734
[dump]   top3 idx=38631 val=3.63224
[dump]   top4 idx=579 val=3.58542
[dump] L32.att    n=40960   finite=1 absmax=0.38972      mean=-0.0010416   sumsq=52.70755549        argmax=5081
[dump]   top0 idx=5081 val=0.38972
[dump]   top1 idx=7622 val=0.29527
[dump]   top2 idx=3553 val=0.26841
[dump]   top3 idx=3942 val=0.22537
[dump]   top4 idx=13513 val=0.22502
[dump] L32.fmix   n=40960   finite=1 absmax=4.9768       mean=0.0055094    sumsq=26778.55503        argmax=8681
[dump]   top0 idx=8681 val=4.97685
[dump]   top1 idx=14245 val=3.86230
[dump]   top2 idx=13717 val=3.84268
[dump]   top3 idx=9908 val=3.73634
[dump]   top4 idx=788 val=3.68213
[dump] L32.mid    n=160     finite=1 absmax=0 mean=0 sumsq=0 ids: 228 243 272 256 487 429 58 132 392 74 228 28 429 359 480 92 272 140 61 263 28 228 140 149 429 99 113 261 236 191 228 429 447 188 124 319 28 479 341 418 228 188 447 104 429 319 303 138 243 58 228 394 142 272 140 12 388 369 205 419 429 359 243 228 58 142 140 487 263 366 228 429 243 272 359 394 58 92 400 140 228 243 429 272 359 142 263 140 149 58 263 228 359 429 272 243 142 480 92 149 228 272 243 429 465 263 400 149 447 92 228 429 243 272 359 480 58 7 479 140 429 228 263 272 359 243 140 132 480 391 243 429 228 58 489 272 189 479 263 7 228 243 7 278 480 359 58 75 202 429 243 228 359 454 278 235 480 189 263 507
[dump] L32.moe    n=40960   finite=1 absmax=0.37363      mean=0.00011152   sumsq=14.9318383         argmax=2311
[dump]   top0 idx=2311 val=0.31074
[dump]   top1 idx=1547 val=0.10827
[dump]   top2 idx=472 val=0.10710
[dump]   top3 idx=29802 val=0.10477
[dump]   top4 idx=895 val=0.10210
[dump] L32.res    n=163840  finite=1 absmax=2.881        mean=0.0014728    sumsq=807.1887646        argmax=1500
[dump]   top0 idx=1500 val=1.22104
[dump]   top1 idx=2121 val=0.99886
[dump]   top2 idx=2366 val=0.84569
[dump]   top3 idx=138 val=0.79867
[dump]   top4 idx=788 val=0.76408
[dump] L33.hcmix  n=40960   finite=1 absmax=5.909        mean=0.017019     sumsq=16070.58757        argmax=7573
[dump]   top0 idx=7573 val=4.53617
[dump]   top1 idx=788 val=4.50708
[dump]   top2 idx=17813 val=4.21109
[dump]   top3 idx=12693 val=3.98132
[dump]   top4 idx=1500 val=3.77811
[dump] L33.att    n=40960   finite=1 absmax=0.17836      mean=-0.00122     sumsq=27.58853281        argmax=4960
[dump]   top0 idx=4960 val=0.17836
[dump]   top1 idx=32602 val=0.15875
[dump]   top2 idx=24922 val=0.14712
[dump]   top3 idx=39129 val=0.14476
[dump]   top4 idx=28889 val=0.14052
[dump] L33.fmix   n=40960   finite=1 absmax=5.4228       mean=0.0081209    sumsq=22137.96889        argmax=4046
[dump]   top0 idx=4046 val=5.42283
[dump]   top1 idx=6606 val=4.64995
[dump]   top2 idx=32206 val=3.79220
[dump]   top3 idx=7971 val=3.13444
[dump]   top4 idx=13717 val=3.12126
[dump] L33.mid    n=160     finite=1 absmax=0 mean=0 sumsq=0 ids: 136 486 387 243 471 105 160 200 28 504 136 387 486 363 160 299 471 419 365 243 387 398 328 486 136 304 222 259 471 71 136 328 486 387 249 469 363 105 160 366 486 136 366 387 471 333 469 363 444 105 387 471 136 419 84 448 291 127 474 386 419 136 279 366 471 486 387 363 328 155 136 279 419 363 387 365 366 206 471 362 136 419 470 363 279 362 486 105 206 366 363 470 136 419 279 362 471 365 84 347 136 84 486 428 279 328 419 363 160 299 84 363 136 362 279 471 345 419 155 374 136 362 363 84 279 374 471 419 486 155 84 374 136 345 279 363 155 486 471 499 363 84 136 253 299 345 209 279 362 407 362 374 279 84 136 345 419 363 299 209
[dump] L33.moe    n=40960   finite=1 absmax=0.072537     mean=-5.6572e-05  sumsq=8.957432409        argmax=5731
[dump]   top0 idx=5731 val=0.07254
[dump]   top1 idx=3119 val=0.07081
[dump]   top2 idx=5252 val=0.07050
[dump]   top3 idx=6381 val=0.06788
[dump]   top4 idx=13755 val=0.06696
[dump] L33.res    n=163840  finite=1 absmax=2.816        mean=0.00096286   sumsq=855.5446483        argmax=1500
[dump]   top0 idx=1500 val=1.18222
[dump]   top1 idx=2121 val=0.97766
[dump]   top2 idx=138 val=0.83470
[dump]   top3 idx=2366 val=0.81382
[dump]   top4 idx=788 val=0.73195
[dump] L34.hcmix  n=40960   finite=1 absmax=17.237       mean=0.012471     sumsq=15901.22916        argmax=1500
[dump]   top0 idx=1500 val=8.51403
[dump]   top1 idx=793 val=4.87822
[dump]   top2 idx=788 val=4.40568
[dump]   top3 idx=1912 val=3.82952
[dump]   top4 idx=34485 val=3.78559
[dump] L34.att    n=40960   finite=1 absmax=0.36239      mean=-0.00073518  sumsq=57.42076455        argmax=26082
[dump]   top0 idx=26082 val=0.36239
[dump]   top1 idx=40282 val=0.31641
[dump]   top2 idx=38882 val=0.31327
[dump]   top3 idx=36322 val=0.29584
[dump]   top4 idx=32602 val=0.27030
[dump] L34.fmix   n=40960   finite=1 absmax=4.2807       mean=0.017374     sumsq=19585.54677        argmax=1500
[dump]   top0 idx=1500 val=4.28066
[dump]   top1 idx=7573 val=4.08928
[dump]   top2 idx=17813 val=3.44165
[dump]   top3 idx=10936 val=3.43257
[dump]   top4 idx=28893 val=3.40357
[dump] L34.mid    n=160     finite=1 absmax=0 mean=0 sumsq=0 ids: 449 475 275 87 496 19 101 111 399 24 111 29 101 22 460 484 275 24 119 13 131 157 29 119 111 7 173 33 509 102 29 7 201 459 185 101 299 157 24 264 440 29 157 459 111 190 506 131 201 119 87 277 496 88 264 24 275 101 29 399 131 111 24 448 101 119 366 102 29 87 131 88 22 101 29 119 448 24 111 459 29 448 24 102 22 101 460 353 119 5 448 24 29 22 101 102 353 460 264 347 111 29 299 459 201 119 101 24 46 106 131 24 101 448 111 102 366 460 22 347 111 131 366 448 101 24 22 102 460 347 131 24 101 353 448 29 22 275 102 247 131 123 22 101 24 448 150 201 29 430 448 131 24 101 22 460 247 366 275 211
[dump] L34.moe    n=40960   finite=1 absmax=0.14148      mean=0.00032459   sumsq=13.73219263        argmax=29990
[dump]   top0 idx=29990 val=0.11053
[dump]   top1 idx=28691 val=0.10708
[dump]   top2 idx=30415 val=0.10273
[dump]   top3 idx=28307 val=0.09948
[dump]   top4 idx=2311 val=0.09446
[dump] L34.res    n=163840  finite=1 absmax=2.791        mean=0.0010311    sumsq=1003.820523        argmax=1500
[dump]   top0 idx=1500 val=1.17674
[dump]   top1 idx=2121 val=0.97064
[dump]   top2 idx=138 val=0.86688
[dump]   top3 idx=2366 val=0.80412
[dump]   top4 idx=51682 val=0.80182
[dump] L35.hcmix  n=40960   finite=1 absmax=8.5671       mean=0.008799     sumsq=5335.943661        argmax=13282
[dump]   top0 idx=13282 val=2.30852
[dump]   top1 idx=23522 val=2.30056
[dump]   top2 idx=8162 val=2.29675
[dump]   top3 idx=34008 val=2.24262
[dump]   top4 idx=38882 val=2.19416
[dump] L35.att    n=40960   finite=1 absmax=0.77429      mean=0.00092245   sumsq=142.3679486        argmax=1736
[dump]   top0 idx=1736 val=0.71083
[dump]   top1 idx=360 val=0.52767
[dump]   top2 idx=994 val=0.50615
[dump]   top3 idx=1795 val=0.49769
[dump]   top4 idx=1882 val=0.44941
[dump] L35.fmix   n=40960   finite=1 absmax=4.6788       mean=0.01542      sumsq=25234.08303        argmax=29955
[dump]   top0 idx=29955 val=3.53160
[dump]   top1 idx=7971 val=3.50432
[dump]   top2 idx=12035 val=3.44362
[dump]   top3 idx=14245 val=3.38098
[dump]   top4 idx=19715 val=3.37337
[dump] L35.mid    n=160     finite=1 absmax=0 mean=0 sumsq=0 ids: 434 31 360 170 342 472 406 500 372 403 472 161 3 222 309 342 362 315 31 434 222 309 3 161 56 472 342 362 307 162 161 70 472 403 291 222 426 309 353 342 70 472 161 3 31 259 222 342 9 345 3 368 453 472 9 501 74 8 397 434 472 3 31 121 453 49 161 434 362 375 472 3 397 31 375 453 52 315 49 434 472 161 375 3 31 434 315 222 121 56 472 3 161 375 315 31 56 372 434 121 472 500 170 161 222 31 426 372 315 357 472 31 121 375 434 315 161 3 277 192 375 472 121 31 315 385 3 434 222 342 121 31 472 490 315 56 375 161 162 434 472 31 121 315 490 173 161 372 434 454 472 121 31 315 490 375 162 56 161 434
[dump] L35.moe    n=40960   finite=1 absmax=0.18141      mean=0.00074966   sumsq=23.98693825        argmax=30042
[dump]   top0 idx=30042 val=0.18141
[dump]   top1 idx=21769 val=0.11448
[dump]   top2 idx=37722 val=0.11095
[dump]   top3 idx=21167 val=0.11093
[dump]   top4 idx=20756 val=0.10817
[dump] L35.res    n=163840  finite=1 absmax=2.8242       mean=0.0020788    sumsq=1195.027089        argmax=1500
[dump]   top0 idx=1500 val=1.15501
[dump]   top1 idx=2121 val=1.00062
[dump]   top2 idx=83802 val=0.97370
[dump]   top3 idx=63322 val=0.96914
[dump]   top4 idx=114522 val=0.93560
[dump] L36.hcmix  n=40960   finite=1 absmax=12.353       mean=0.015452     sumsq=14544.51211        argmax=1500
[dump]   top0 idx=1500 val=6.49436
[dump]   top1 idx=793 val=5.30921
[dump]   top2 idx=788 val=3.87449
[dump]   top3 idx=1736 val=3.78190
[dump]   top4 idx=3511 val=3.50364
[dump] L36.att    n=40960   finite=1 absmax=6.0774       mean=0.0025692    sumsq=742.5437321        argmax=1827
[dump]   top0 idx=1827 val=3.08731
[dump]   top1 idx=2311 val=2.04460
[dump]   top2 idx=1984 val=1.95058
[dump]   top3 idx=2238 val=1.92563
[dump]   top4 idx=403 val=1.85943
[dump] L36.fmix   n=40960   finite=1 absmax=6.1479       mean=0.03541      sumsq=38444.57076        argmax=8681
[dump]   top0 idx=8681 val=5.45026
[dump]   top1 idx=4046 val=5.06319
[dump]   top2 idx=14245 val=4.62131
[dump]   top3 idx=13717 val=4.32266
[dump]   top4 idx=19490 val=3.90021
[dump] L36.mid    n=160     finite=1 absmax=0 mean=0 sumsq=0 ids: 363 78 76 429 55 210 407 265 388 45 396 412 358 102 217 25 218 387 490 269 396 218 412 233 429 341 387 22 96 137 218 134 308 76 147 388 349 146 439 105 358 134 96 369 218 76 396 298 125 137 54 491 55 306 313 363 210 114 496 219 387 313 218 358 429 25 210 243 134 396 244 387 102 306 248 341 481 218 313 491 387 218 296 25 341 244 102 258 313 210 387 25 258 218 296 210 217 76 102 363 218 339 387 293 148 140 26 363 158 76 387 218 25 494 158 485 313 122 210 243 387 25 258 388 324 330 296 169 40 485 387 185 218 258 25 442 243 179 410 429 387 278 25 258 179 442 18 370 314 262 387 179 442 258 25 168 410 182 185 125
[dump] L36.moe    n=40960   finite=1 absmax=0.22464      mean=0.00061633   sumsq=53.49742945        argmax=35107
[dump]   top0 idx=35107 val=0.20853
[dump]   top1 idx=32840 val=0.17831
[dump]   top2 idx=34333 val=0.17564
[dump]   top3 idx=29987 val=0.17304
[dump]   top4 idx=32935 val=0.15587
[dump] L36.res    n=163840  finite=1 absmax=6.3818       mean=0.0030093    sumsq=2317.169796        argmax=1827
[dump]   top0 idx=1827 val=2.88384
[dump]   top1 idx=138 val=2.25911
[dump]   top2 idx=63322 val=1.74053
[dump]   top3 idx=1736 val=1.71406
[dump]   top4 idx=1984 val=1.71382
[dump] L37.hcmix  n=40960   finite=1 absmax=16.865       mean=0.032111     sumsq=14255.09566        argmax=1500
[dump]   top0 idx=1500 val=7.83555
[dump]   top1 idx=1827 val=6.64687
[dump]   top2 idx=19715 val=4.33185
[dump]   top3 idx=138 val=4.15264
[dump]   top4 idx=1736 val=4.03567
[dump] L37.att    n=40960   finite=1 absmax=2.2612       mean=-0.001049    sumsq=127.661168         argmax=2537
[dump]   top0 idx=2537 val=1.14224
[dump]   top1 idx=932 val=0.68007
[dump]   top2 idx=138 val=0.63122
[dump]   top3 idx=1359 val=0.55618
[dump]   top4 idx=1750 val=0.54589
[dump] L37.fmix   n=40960   finite=1 absmax=5.4249       mean=0.044599     sumsq=38355.25355        argmax=8681
[dump]   top0 idx=8681 val=4.67674
[dump]   top1 idx=12655 val=4.16662
[dump]   top2 idx=14245 val=4.16320
[dump]   top3 idx=23252 val=4.13724
[dump]   top4 idx=7573 val=4.10635
[dump] L37.mid    n=160     finite=1 absmax=0 mean=0 sumsq=0 ids: 255 72 379 304 131 25 418 420 10 324 255 324 19 304 369 286 150 457 379 128 451 128 286 369 118 350 197 200 435 255 346 306 284 255 359 479 187 19 511 265 346 128 187 255 379 451 324 511 304 359 131 302 297 25 255 392 379 96 24 134 19 29 346 118 484 57 369 304 324 255 19 118 57 255 360 25 484 369 197 155 19 352 346 118 369 484 57 200 255 155 352 118 19 57 369 200 306 255 346 326 19 255 317 484 379 346 191 155 128 369 255 346 369 19 131 57 200 155 379 313 369 57 264 304 255 19 346 118 155 484 313 57 369 469 346 389 200 326 128 306 313 346 321 19 369 469 57 326 255 118 313 346 57 369 469 304 264 19 131 326
[dump] L37.moe    n=40960   finite=1 absmax=0.17187      mean=0.00022083   sumsq=49.53192441        argmax=31602
[dump]   top0 idx=31602 val=0.16823
[dump]   top1 idx=28439 val=0.15542
[dump]   top2 idx=29042 val=0.15484
[dump]   top3 idx=20916 val=0.14881
[dump]   top4 idx=19206 val=0.14615
[dump] L37.res    n=163840  finite=1 absmax=6.7359       mean=0.0028235    sumsq=2794.126096        argmax=1827
[dump]   top0 idx=1827 val=2.93053
[dump]   top1 idx=138 val=2.36047
[dump]   top2 idx=1984 val=1.81162
[dump]   top3 idx=63322 val=1.71561
[dump]   top4 idx=1736 val=1.70504
[dump] L38.hcmix  n=40960   finite=1 absmax=34.037       mean=0.021683     sumsq=14848.23651        argmax=1500
[dump]   top0 idx=1500 val=9.63130
[dump]   top1 idx=1827 val=5.85183
[dump]   top2 idx=138 val=5.76097
[dump]   top3 idx=793 val=5.15136
[dump]   top4 idx=17925 val=4.68026
[dump] L38.att    n=40960   finite=1 absmax=0.46871      mean=-0.00059418  sumsq=108.3171035        argmax=403
[dump]   top0 idx=403 val=0.40282
[dump]   top1 idx=36753 val=0.33830
[dump]   top2 idx=34193 val=0.33504
[dump]   top3 idx=23953 val=0.29740
[dump]   top4 idx=7716 val=0.28423
[dump] L38.fmix   n=40960   finite=1 absmax=5.9764       mean=0.044266     sumsq=34534.05892        argmax=12655
[dump]   top0 idx=12655 val=5.97642
[dump]   top1 idx=10936 val=5.30620
[dump]   top2 idx=8681 val=4.98864
[dump]   top3 idx=1863 val=4.23659
[dump]   top4 idx=7573 val=4.01508
[dump] L38.mid    n=160     finite=1 absmax=0 mean=0 sumsq=0 ids: 317 456 283 345 309 41 57 446 287 205 425 96 305 394 164 188 483 438 402 275 460 188 265 96 402 394 425 232 187 438 464 352 279 51 145 376 96 396 460 244 396 460 183 96 202 193 356 310 384 111 341 206 347 235 309 104 18 388 462 345 7 206 460 438 226 116 341 393 396 134 241 375 425 307 124 106 259 206 360 438 504 460 96 206 50 388 400 279 124 7 504 460 454 438 355 135 279 486 206 50 153 87 226 452 71 173 454 460 164 350 460 206 116 226 213 7 41 117 244 287 483 226 206 438 460 7 486 117 188 50 226 173 412 206 457 287 262 460 50 483 168 173 370 226 323 287 228 483 320 262 226 287 173 206 483 354 260 76 438 14
[dump] L38.moe    n=40960   finite=1 absmax=0.19374      mean=3.8063e-05   sumsq=35.27656095        argmax=27937
[dump]   top0 idx=27937 val=0.19374
[dump]   top1 idx=11484 val=0.13182
[dump]   top2 idx=11657 val=0.13026
[dump]   top3 idx=11913 val=0.12810
[dump]   top4 idx=10787 val=0.12437
[dump] L38.res    n=163840  finite=1 absmax=6.7279       mean=0.0027688    sumsq=3065.687538        argmax=1827
[dump]   top0 idx=1827 val=2.92785
[dump]   top1 idx=138 val=2.36227
[dump]   top2 idx=1984 val=1.81003
[dump]   top3 idx=63322 val=1.72339
[dump]   top4 idx=1736 val=1.70070
[dump] L39.hcmix  n=40960   finite=1 absmax=4.8347       mean=0.0090875    sumsq=5549.551583        argmax=793
[dump]   top0 idx=793 val=4.83471
[dump]   top1 idx=23045 val=3.41643
[dump]   top2 idx=38405 val=3.30402
[dump]   top3 idx=30725 val=3.17280
[dump]   top4 idx=25605 val=3.15616
[dump] L39.att    n=40960   finite=1 absmax=0.55624      mean=0.0015317    sumsq=214.8829811        argmax=29052
[dump]   top0 idx=29052 val=0.55624
[dump]   top1 idx=15465 val=0.48147
[dump]   top2 idx=21372 val=0.39843
[dump]   top3 idx=23839 val=0.39386
[dump]   top4 idx=36732 val=0.38836
[dump] L39.fmix   n=40960   finite=1 absmax=8.5391       mean=0.033382     sumsq=41094.08121        argmax=8681
[dump]   top0 idx=8681 val=8.53908
[dump]   top1 idx=15939 val=6.03204
[dump]   top2 idx=8288 val=5.48823
[dump]   top3 idx=23619 val=5.44893
[dump]   top4 idx=5699 val=5.23722
[dump] L39.mid    n=160     finite=1 absmax=0 mean=0 sumsq=0 ids: 356 323 285 42 496 260 242 334 450 82 356 496 103 167 45 480 128 120 494 477 48 496 45 356 477 123 480 128 42 103 356 42 99 496 307 107 264 355 220 248 356 99 42 109 496 103 500 264 342 128 480 372 356 82 285 201 36 389 494 495 356 99 128 42 480 109 103 334 104 299 356 480 128 42 334 477 299 394 375 110 356 128 42 299 110 148 480 199 60 274 356 406 128 32 477 177 480 42 219 126 356 477 42 459 128 372 355 36 45 442 356 128 60 480 334 110 42 391 496 148 356 32 128 334 60 480 42 110 145 299 356 127 60 128 233 108 116 10 433 110 356 425 60 334 116 257 127 233 128 463 356 60 425 128 233 127 110 116 32 257
[dump] L39.moe    n=40960   finite=1 absmax=0.44783      mean=0.000283     sumsq=97.41856327        argmax=2311
[dump]   top0 idx=2311 val=0.44783
[dump]   top1 idx=422 val=0.30217
[dump]   top2 idx=21084 val=0.27799
[dump]   top3 idx=1882 val=0.26794
[dump]   top4 idx=21597 val=0.24123
[dump] L39.res    n=163840  finite=1 absmax=6.0575       mean=0.003384     sumsq=3873.334813        argmax=1827
[dump]   top0 idx=1827 val=2.91925
[dump]   top1 idx=138 val=2.37646
[dump]   top2 idx=114522 val=2.21984
[dump]   top3 idx=1984 val=1.99047
[dump]   top4 idx=63322 val=1.96795
[dump] L40.hcmix  n=40960   finite=1 absmax=20.012       mean=0.035839     sumsq=27405.67615        argmax=138
[dump]   top0 idx=138 val=7.87454
[dump]   top1 idx=1827 val=7.00929
[dump]   top2 idx=12655 val=6.19892
[dump]   top3 idx=472 val=4.90850
[dump]   top4 idx=1984 val=4.80283
[dump] L40.att    n=40960   finite=1 absmax=0.63297      mean=0.0025849    sumsq=205.2560011        argmax=8741
[dump]   top0 idx=8741 val=0.63297
[dump]   top1 idx=27937 val=0.61280
[dump]   top2 idx=13861 val=0.60338
[dump]   top3 idx=36901 val=0.57167
[dump]   top4 idx=29221 val=0.52387
[dump] L40.fmix   n=40960   finite=1 absmax=7.2464       mean=0.03947      sumsq=47084.6842         argmax=8681
[dump]   top0 idx=8681 val=7.24643
[dump]   top1 idx=15939 val=6.58148
[dump]   top2 idx=22718 val=5.85381
[dump]   top3 idx=27838 val=5.65762
[dump]   top4 idx=13379 val=5.59221
[dump] L40.mid    n=160     finite=1 absmax=0 mean=0 sumsq=0 ids: 280 172 309 449 178 141 428 91 103 381 280 28 141 249 332 380 135 334 311 362 280 268 282 8 218 66 502 332 380 219 280 217 199 380 461 111 334 477 277 67 268 334 217 280 160 21 67 199 391 380 36 178 280 428 200 295 127 310 309 317 280 335 334 380 141 138 160 217 398 204 280 335 128 336 295 188 398 395 138 200 280 335 220 138 261 465 263 492 411 206 204 280 398 52 335 22 229 250 465 83 307 170 412 280 351 282 77 178 301 479 172 335 280 208 138 64 61 374 178 398 335 208 280 172 138 178 465 240 141 220 240 204 491 335 435 494 385 155 61 57 240 172 491 212 470 335 208 61 398 485 335 240 172 208 470 491 497 138 61 260
[dump] L40.moe    n=40960   finite=1 absmax=0.19036      mean=7.5548e-05   sumsq=38.20308981        argmax=11959
[dump]   top0 idx=11959 val=0.19036
[dump]   top1 idx=10697 val=0.18687
[dump]   top2 idx=12555 val=0.18312
[dump]   top3 idx=12437 val=0.18297
[dump]   top4 idx=10736 val=0.18207
[dump] L40.res    n=163840  finite=1 absmax=6.0679       mean=0.0041438    sumsq=4391.498971        argmax=1827
[dump]   top0 idx=1827 val=2.93596
[dump]   top1 idx=114522 val=2.47004
[dump]   top2 idx=138 val=2.41685
[dump]   top3 idx=63322 val=2.08386
[dump]   top4 idx=1984 val=1.97100
[dump] L41.hcmix  n=40960   finite=1 absmax=19.278       mean=0.031574     sumsq=20960.37324        argmax=138
[dump]   top0 idx=138 val=7.25885
[dump]   top1 idx=1827 val=5.80033
[dump]   top2 idx=1500 val=5.50993
[dump]   top3 idx=1984 val=4.93418
[dump]   top4 idx=27937 val=4.61426
[dump] L41.att    n=40960   finite=1 absmax=0.68918      mean=0.00063076   sumsq=161.7364463        argmax=17242
[dump]   top0 idx=17242 val=0.68918
[dump]   top1 idx=30042 val=0.67577
[dump]   top2 idx=32602 val=0.62706
[dump]   top3 idx=14682 val=0.54790
[dump]   top4 idx=27482 val=0.52999
[dump] L41.fmix   n=40960   finite=1 absmax=7.2183       mean=0.042281     sumsq=49969.95512        argmax=1500
[dump]   top0 idx=1500 val=5.50674
[dump]   top1 idx=8681 val=5.47994
[dump]   top2 idx=8288 val=5.37866
[dump]   top3 idx=15939 val=4.91566
[dump]   top4 idx=11929 val=4.81749
[dump] L41.mid    n=160     finite=1 absmax=0 mean=0 sumsq=0 ids: 59 240 198 491 331 445 482 420 266 348 348 178 489 27 196 505 378 410 20 281 205 348 132 20 378 58 480 423 19 178 289 387 19 343 255 90 204 160 135 348 21 204 95 343 160 90 196 71 454 255 496 59 55 42 433 476 491 493 348 482 157 116 59 204 198 348 433 118 496 20 59 299 489 433 376 240 440 430 332 465 132 506 118 253 58 302 198 442 489 404 118 404 131 205 426 366 348 342 132 79 389 303 406 45 146 505 169 461 374 118 59 433 118 450 416 198 443 240 105 491 59 433 118 450 440 476 240 491 198 149 305 278 450 59 17 483 221 433 413 205 59 450 433 346 240 301 293 338 417 477 59 450 491 119 433 118 440 346 111 106
[dump] L41.moe    n=40960   finite=1 absmax=0.15527      mean=-0.00019932  sumsq=46.45420841        argmax=30466
[dump]   top0 idx=30466 val=0.15378
[dump]   top1 idx=10644 val=0.14412
[dump]   top2 idx=12702 val=0.13981
[dump]   top3 idx=10253 val=0.13871
[dump]   top4 idx=11879 val=0.13792
[dump] L41.res    n=163840  finite=1 absmax=5.9993       mean=0.0042344    sumsq=4916.632218        argmax=1827
[dump]   top0 idx=1827 val=3.06421
[dump]   top1 idx=114522 val=2.86822
[dump]   top2 idx=138 val=2.51215
[dump]   top3 idx=63322 val=2.46057
[dump]   top4 idx=1984 val=2.17648
[dump] L42.hcmix  n=40960   finite=1 absmax=12.721       mean=0.032159     sumsq=21787.54328        argmax=1984
[dump]   top0 idx=1984 val=6.10186
[dump]   top1 idx=138 val=5.70046
[dump]   top2 idx=30042 val=4.61682
[dump]   top3 idx=14422 val=4.49260
[dump]   top4 idx=37858 val=3.57335
[dump] L42.att    n=40960   finite=1 absmax=0.732        mean=0.00091517   sumsq=138.7267527        argmax=23522
[dump]   top0 idx=23522 val=0.40365
[dump]   top1 idx=20962 val=0.36965
[dump]   top2 idx=18402 val=0.35753
[dump]   top3 idx=39393 val=0.35649
[dump]   top4 idx=10722 val=0.33714
[dump] L42.fmix   n=40960   finite=1 absmax=5.5598       mean=0.041987     sumsq=49492.31221        argmax=8681
[dump]   top0 idx=8681 val=5.55975
[dump]   top1 idx=33683 val=5.09431
[dump]   top2 idx=21424 val=4.94228
[dump]   top3 idx=29042 val=4.81067
[dump]   top4 idx=31664 val=4.78676
[dump] L42.mid    n=160     finite=1 absmax=0 mean=0 sumsq=0 ids: 294 151 366 248 283 322 212 393 83 53 455 78 357 3 466 250 293 276 279 319 357 455 279 302 14 276 495 341 53 78 474 42 21 39 141 455 105 414 51 108 39 59 455 21 92 414 65 78 276 490 53 506 215 507 151 14 276 248 348 357 310 3 110 140 231 53 276 357 5 90 140 310 3 110 455 354 53 276 357 248 310 341 3 191 110 182 283 455 140 136 341 391 3 110 269 278 310 357 283 191 310 3 151 105 227 333 110 455 6 78 3 337 212 140 193 310 451 5 308 117 3 310 140 5 466 151 110 121 212 411 321 212 446 3 399 6 509 7 341 310 212 310 7 494 3 399 509 358 498 83 212 3 509 310 498 140 83 290 399 6
[dump] L42.moe    n=40960   finite=1 absmax=0.25308      mean=0.00063481   sumsq=76.86019182        argmax=36682
[dump]   top0 idx=36682 val=0.25308
[dump]   top1 idx=38053 val=0.21151
[dump]   top2 idx=37677 val=0.21111
[dump]   top3 idx=544 val=0.20877
[dump]   top4 idx=36044 val=0.19917
[dump] L42.res    n=163840  finite=1 absmax=6.0126       mean=0.0053171    sumsq=6173.454621        argmax=1827
[dump]   top0 idx=1827 val=3.15821
[dump]   top1 idx=114522 val=2.94281
[dump]   top2 idx=138 val=2.65442
[dump]   top3 idx=63322 val=2.55773
[dump]   top4 idx=1984 val=2.28109
[dump] L43.hcmix  n=40960   finite=1 absmax=4.0981       mean=0.0073622    sumsq=2809.064659        argmax=21362
[dump]   top0 idx=21362 val=4.09814
[dump]   top1 idx=23922 val=4.02097
[dump]   top2 idx=29042 val=3.77687
[dump]   top3 idx=31602 val=3.70165
[dump]   top4 idx=39282 val=3.63304
[dump] L43.att    n=40960   finite=1 absmax=0.54649      mean=0.0026689    sumsq=188.8763243        argmax=28888
[dump]   top0 idx=28888 val=0.50528
[dump]   top1 idx=16751 val=0.50317
[dump]   top2 idx=29551 val=0.48429
[dump]   top3 idx=16088 val=0.45906
[dump]   top4 idx=30398 val=0.45486
[dump] L43.fmix   n=40960   finite=1 absmax=5.4473       mean=0.039605     sumsq=36413.75235        argmax=25380
[dump]   top0 idx=25380 val=5.44731
[dump]   top1 idx=33683 val=4.15908
[dump]   top2 idx=29120 val=4.10660
[dump]   top3 idx=23020 val=4.07166
[dump]   top4 idx=36999 val=3.96108
[dump] L43.mid    n=160     finite=1 absmax=0 mean=0 sumsq=0 ids: 300 180 86 133 13 91 413 60 64 278 44 300 166 124 471 293 24 266 363 499 293 117 300 417 124 505 166 499 483 471 300 439 371 293 19 257 42 189 221 70 300 221 257 219 371 376 439 80 348 132 300 10 499 133 331 337 472 26 146 286 300 499 462 146 64 337 219 293 363 483 300 499 86 146 374 101 117 337 462 363 300 121 86 97 451 499 145 462 120 293 300 483 266 462 293 270 216 299 430 18 300 496 323 86 90 182 117 278 293 64 300 86 499 0 227 337 61 272 451 133 300 86 499 462 133 483 363 64 417 436 300 325 248 86 202 436 499 133 355 259 300 325 86 499 14 146 337 347 117 4 300 86 325 499 436 99 462 98 337 483
[dump] L43.moe    n=40960   finite=1 absmax=0.25764      mean=0.00023644   sumsq=42.3842838         argmax=28742
[dump]   top0 idx=28742 val=0.25764
[dump]   top1 idx=29516 val=0.19642
[dump]   top2 idx=31302 val=0.17903
[dump]   top3 idx=30262 val=0.17708
[dump]   top4 idx=28436 val=0.15718
[dump] L43.res    n=163840  finite=1 absmax=6.0328       mean=0.0062511    sumsq=6779.68229         argmax=114522
[dump]   top0 idx=114522 val=3.19166
[dump]   top1 idx=1827 val=3.01680
[dump]   top2 idx=63322 val=2.66003
[dump]   top3 idx=138 val=2.64816
[dump]   top4 idx=51682 val=2.24945
[dump] L44.hcmix  n=40960   finite=1 absmax=23.091       mean=0.030834     sumsq=19451.16861        argmax=138
[dump]   top0 idx=138 val=8.64497
[dump]   top1 idx=1984 val=7.70815
[dump]   top2 idx=13282 val=6.94090
[dump]   top3 idx=1827 val=6.31882
[dump]   top4 idx=8162 val=6.07689
[dump] L44.att    n=40960   finite=1 absmax=4.7302       mean=0.0050013    sumsq=1182.053936        argmax=9867
[dump]   top0 idx=9867 val=4.01652
[dump]   top1 idx=1827 val=3.85764
[dump]   top2 idx=27787 val=3.22398
[dump]   top3 idx=2187 val=2.85052
[dump]   top4 idx=12427 val=2.69198
[dump] L44.fmix   n=40960   finite=1 absmax=7.872        mean=0.052873     sumsq=51097.23873        argmax=26903
[dump]   top0 idx=26903 val=5.73613
[dump]   top1 idx=25380 val=5.55464
[dump]   top2 idx=31821 val=5.47597
[dump]   top3 idx=1500 val=5.47140
[dump]   top4 idx=29261 val=5.44108
[dump] L44.mid    n=160     finite=1 absmax=0 mean=0 sumsq=0 ids: 56 433 263 174 338 405 51 209 277 142 505 1 472 441 303 402 426 39 290 358 39 24 285 472 505 287 103 396 441 135 24 339 27 260 117 311 182 422 25 417 117 260 303 24 133 258 328 466 414 119 174 296 248 169 395 59 56 172 361 433 117 24 260 87 59 303 472 418 174 213 87 395 338 248 59 81 433 209 441 174 283 59 501 87 287 447 21 490 371 135 472 287 190 303 45 447 401 501 371 39 416 102 24 377 61 56 490 87 338 476 87 338 433 61 207 248 209 284 24 119 87 433 24 338 248 61 207 213 209 119 437 87 61 150 340 303 433 207 386 209 61 35 96 424 150 207 87 209 56 119 87 61 119 207 150 174 209 187 424 435
[dump] L44.moe    n=40960   finite=1 absmax=0.30549      mean=7.6502e-05   sumsq=44.36643112        argmax=14141
[dump]   top0 idx=14141 val=0.18080
[dump]   top1 idx=17101 val=0.17071
[dump]   top2 idx=13915 val=0.16216
[dump]   top3 idx=9067 val=0.15934
[dump]   top4 idx=15138 val=0.14934
[dump] L44.res    n=163840  finite=1 absmax=10.173       mean=0.0082126    sumsq=10797.6899         argmax=1827
[dump]   top0 idx=1827 val=8.51951
[dump]   top1 idx=138 val=5.86072
[dump]   top2 idx=32907 val=5.69874
[dump]   top3 idx=1736 val=4.51206
[dump]   top4 idx=104587 val=4.04418
[dump] L45.hcmix  n=40960   finite=1 absmax=11.487       mean=0.032936     sumsq=19583.60509        argmax=138
[dump]   top0 idx=138 val=9.30841
[dump]   top1 idx=1736 val=5.60012
[dump]   top2 idx=1500 val=4.68793
[dump]   top3 idx=18802 val=4.12085
[dump]   top4 idx=11122 val=3.84814
[dump] L45.att    n=40960   finite=1 absmax=2.5677       mean=0.0057472    sumsq=2709.970647        argmax=30042
[dump]   top0 idx=30042 val=2.26438
[dump]   top1 idx=17170 val=2.19833
[dump]   top2 idx=19730 val=2.06849
[dump]   top3 idx=32602 val=2.05129
[dump]   top4 idx=27482 val=1.94443
[dump] L45.fmix   n=40960   finite=1 absmax=8.7678       mean=0.051282     sumsq=54099.69988        argmax=28794
[dump]   top0 idx=28794 val=6.09905
[dump]   top1 idx=31821 val=6.08172
[dump]   top2 idx=1500 val=5.88578
[dump]   top3 idx=19715 val=5.56403
[dump]   top4 idx=29261 val=5.46814
[dump] L45.mid    n=160     finite=1 absmax=0 mean=0 sumsq=0 ids: 237 48 475 227 22 51 303 406 215 442 237 149 269 222 455 223 488 391 156 231 316 222 237 488 7 505 391 231 385 87 237 292 274 332 263 176 123 68 60 371 176 263 68 323 391 214 237 505 492 443 198 237 152 484 169 270 442 235 51 22 237 229 263 235 51 176 391 75 505 225 237 303 51 152 75 186 391 22 235 442 237 29 79 156 185 229 12 142 219 0 131 222 156 219 185 142 62 385 99 338 237 108 303 443 335 51 127 102 220 511 237 303 87 51 443 497 235 220 22 229 237 51 229 127 443 75 22 442 235 303 443 237 277 116 393 177 257 75 385 51 443 237 389 303 393 431 486 257 177 461 443 237 51 486 393 75 431 303 218 257
[dump] L45.moe    n=40960   finite=1 absmax=0.23726      mean=-0.00052134  sumsq=63.55381457        argmax=28159
[dump]   top0 idx=28159 val=0.23726
[dump]   top1 idx=29111 val=0.22718
[dump]   top2 idx=26468 val=0.19321
[dump]   top3 idx=24263 val=0.18236
[dump]   top4 idx=36097 val=0.18004
[dump] L45.res    n=163840  finite=1 absmax=10.253       mean=0.010546     sumsq=19254.16275        argmax=1827
[dump]   top0 idx=1827 val=8.45811
[dump]   top1 idx=138 val=5.98988
[dump]   top2 idx=32907 val=5.98463
[dump]   top3 idx=117082 val=5.04080
[dump]   top4 idx=114522 val=4.91952
[dump] L46.hcmix  n=40960   finite=1 absmax=9.1138       mean=0.033995     sumsq=27335.88703        argmax=932
[dump]   top0 idx=932 val=9.11376
[dump]   top1 idx=138 val=7.75672
[dump]   top2 idx=30042 val=6.82781
[dump]   top3 idx=1810 val=6.81343
[dump]   top4 idx=17170 val=6.72845
[dump] L46.att    n=40960   finite=1 absmax=5.5333       mean=0.0041479    sumsq=3875.958748        argmax=18554
[dump]   top0 idx=18554 val=5.53334
[dump]   top1 idx=12427 val=4.88318
[dump]   top2 idx=21114 val=4.62154
[dump]   top3 idx=26234 val=4.38133
[dump]   top4 idx=15994 val=4.04463
[dump] L46.fmix   n=40960   finite=1 absmax=7.9584       mean=0.042801     sumsq=54784.148          argmax=26234
[dump]   top0 idx=26234 val=7.05242
[dump]   top1 idx=30042 val=6.85339
[dump]   top2 idx=5051 val=5.91662
[dump]   top3 idx=28794 val=5.89024
[dump]   top4 idx=31354 val=5.72642
[dump] L46.mid    n=160     finite=1 absmax=0 mean=0 sumsq=0 ids: 25 338 230 297 348 77 31 60 239 477 25 384 68 38 426 227 333 247 230 138 25 38 227 510 246 257 296 31 219 54 25 427 459 508 397 60 343 301 361 147 459 25 3 427 318 276 397 122 205 164 81 25 341 230 383 348 283 246 284 389 25 81 56 459 230 281 296 343 419 14 25 56 60 81 230 163 437 167 383 348 25 56 81 294 227 54 269 119 491 165 25 337 56 231 123 119 269 191 491 438 25 56 60 63 377 456 491 19 257 67 25 56 60 348 230 67 419 6 497 81 25 56 60 348 81 67 343 215 389 230 25 98 474 60 56 497 491 105 430 264 25 298 56 494 81 463 60 16 275 180 25 56 60 343 81 67 348 500 297 497
[dump] L46.moe    n=40960   finite=1 absmax=0.31002      mean=-0.0003249   sumsq=114.1006936        argmax=16387
[dump]   top0 idx=16387 val=0.31002
[dump]   top1 idx=26551 val=0.30755
[dump]   top2 idx=7257 val=0.27558
[dump]   top3 idx=29111 val=0.27529
[dump]   top4 idx=1027 val=0.26103
[dump] L46.res    n=163840  finite=1 absmax=10.271       mean=0.011856     sumsq=27737.68074        argmax=74874
[dump]   top0 idx=74874 val=9.20126
[dump]   top1 idx=1827 val=8.54908
[dump]   top2 idx=45707 val=8.36361
[dump]   top3 idx=85114 val=8.21744
[dump]   top4 idx=105594 val=7.74718
[dump] L47.hcmix  n=40960   finite=1 absmax=8.1732       mean=0.014858     sumsq=11411.75662        argmax=1827
[dump]   top0 idx=1827 val=6.31016
[dump]   top1 idx=30042 val=4.08138
[dump]   top2 idx=138 val=4.02722
[dump]   top3 idx=2682 val=3.32712
[dump]   top4 idx=18402 val=3.15439
[dump] L47.att    n=40960   finite=1 absmax=2.9165       mean=-0.0031115   sumsq=986.0462677        argmax=2314
[dump]   top0 idx=2314 val=2.91650
[dump]   top1 idx=722 val=1.89671
[dump]   top2 idx=579 val=1.43426
[dump]   top3 idx=1027 val=1.41638
[dump]   top4 idx=1202 val=1.34442
[dump] L47.fmix   n=2560    finite=1 absmax=6.1581       mean=0.0079572    sumsq=3262.252192        argmax=122
[dump]   top0 idx=122 val=4.92528
[dump]   top1 idx=1795 val=4.60743
[dump]   top2 idx=1429 val=4.39342
[dump]   top3 idx=2396 val=3.42688
[dump]   top4 idx=1101 val=3.37638
[dump] L47.mid    n=10      finite=1 absmax=0 mean=0 sumsq=0 ids: 186 352 95 417 422 103 179 444 450 340
[dump] L47.moe    n=2560    finite=1 absmax=0.64076      mean=-0.00060783  sumsq=17.17483696        argmax=951
[dump]   top0 idx=951 val=0.64076
[dump]   top1 idx=617 val=0.46671
[dump]   top2 idx=192 val=0.37967
[dump]   top3 idx=2213 val=0.35919
[dump]   top4 idx=92 val=0.33668
[dump] L47.res    n=10240   finite=1 absmax=5.1319       mean=0.0024789    sumsq=1507.496158        argmax=4370
[dump]   top0 idx=4370 val=3.13652
[dump]   top1 idx=5002 val=2.46195
[dump]   top2 idx=1882 val=2.31195
[dump]   top3 idx=4442 val=2.01993
[dump]   top4 idx=3353 val=2.00001
[dump] L00.hcmix  n=2560    finite=1 absmax=5.4804       mean=0.055681     sumsq=1651.531996        argmax=533
[dump]   top0 idx=533 val=5.48042
[dump]   top1 idx=1424 val=5.03314
[dump]   top2 idx=227 val=4.09944
[dump]   top3 idx=1069 val=3.87601
[dump]   top4 idx=1028 val=3.86890
[dump] L00.att    n=2560    finite=1 absmax=0.7683       mean=-0.00058846  sumsq=25.4313607         argmax=5
[dump]   top0 idx=5 val=0.76830
[dump]   top1 idx=417 val=0.74188
[dump]   top2 idx=67 val=0.67076
[dump]   top3 idx=2342 val=0.53429
[dump]   top4 idx=2325 val=0.38891
[dump] L00.fmix   n=2560    finite=1 absmax=1.9301       mean=0.015139     sumsq=403.7038456        argmax=1682
[dump]   top0 idx=1682 val=1.93007
[dump]   top1 idx=2474 val=1.87568
[dump]   top2 idx=1733 val=1.71622
[dump]   top3 idx=796 val=1.63881
[dump]   top4 idx=707 val=1.60155
[dump] L00.mid    n=10      finite=1 absmax=0 mean=0 sumsq=0 ids: 460 479 15 139 367 339 497 11 340 449
[dump] L00.moe    n=2560    finite=1 absmax=0.25278      mean=0.00049631   sumsq=2.478660716        argmax=1682
[dump]   top0 idx=1682 val=0.25278
[dump]   top1 idx=728 val=0.19798
[dump]   top2 idx=268 val=0.17653
[dump]   top3 idx=579 val=0.16937
[dump]   top4 idx=2238 val=0.16082
[dump] L00.res    n=10240   finite=1 absmax=0.22376      mean=0.00046861   sumsq=2.68966003         argmax=6802
[dump]   top0 idx=6802 val=0.22376
[dump]   top1 idx=5125 val=0.19488
[dump]   top2 idx=5187 val=0.17023
[dump]   top3 idx=5848 val=0.16976
[dump]   top4 idx=6325 val=0.14544
[dump] L01.hcmix  n=2560    finite=1 absmax=3.3298       mean=0.0080204    sumsq=393.5073289        argmax=5
[dump]   top0 idx=5 val=2.73874
[dump]   top1 idx=1487 val=2.47373
[dump]   top2 idx=588 val=2.35275
[dump]   top3 idx=631 val=2.24663
[dump]   top4 idx=1332 val=2.19027
[dump] L01.att    n=2560    finite=1 absmax=1.8405       mean=-0.0069851   sumsq=54.58644429        argmax=331
[dump]   top0 idx=331 val=1.84052
[dump]   top1 idx=1392 val=0.83096
[dump]   top2 idx=736 val=0.58283
[dump]   top3 idx=667 val=0.56447
[dump]   top4 idx=1887 val=0.55677
[dump] L01.fmix   n=2560    finite=1 absmax=2.2863       mean=-0.0050342   sumsq=376.5618558        argmax=5
[dump]   top0 idx=5 val=1.98698
[dump]   top1 idx=227 val=1.60157
[dump]   top2 idx=588 val=1.49117
[dump]   top3 idx=631 val=1.44869
[dump]   top4 idx=533 val=1.34794
[dump] L01.mid    n=10      finite=1 absmax=0 mean=0 sumsq=0 ids: 500 69 154 19 86 306 505 349 249 67
[dump] L01.moe    n=2560    finite=1 absmax=0.037083     mean=0.00012237   sumsq=0.1316567178       argmax=855
[dump]   top0 idx=855 val=0.03708
[dump]   top1 idx=514 val=0.02290
[dump]   top2 idx=2301 val=0.02285
[dump]   top3 idx=2001 val=0.02272
[dump]   top4 idx=1039 val=0.02207
[dump] L01.res    n=10240   finite=1 absmax=0.19381      mean=0.00038819   sumsq=4.057255189        argmax=5125
[dump]   top0 idx=5125 val=0.19381
[dump]   top1 idx=5848 val=0.18028
[dump]   top2 idx=5187 val=0.17100
[dump]   top3 idx=6325 val=0.14429
[dump]   top4 idx=7462 val=0.13034
[dump] L02.hcmix  n=2560    finite=1 absmax=4.2681       mean=0.014027     sumsq=624.1958968        argmax=331
[dump]   top0 idx=331 val=4.26809
[dump]   top1 idx=5 val=3.40997
[dump]   top2 idx=1392 val=2.58546
[dump]   top3 idx=631 val=2.57548
[dump]   top4 idx=588 val=2.50893
[dump] L02.att    n=2560    finite=1 absmax=0.53878      mean=0.0050882    sumsq=32.45874132        argmax=524
[dump]   top0 idx=524 val=0.41053
[dump]   top1 idx=253 val=0.39471
[dump]   top2 idx=1474 val=0.39031
[dump]   top3 idx=693 val=0.38356
[dump]   top4 idx=2151 val=0.38209
[dump] L02.fmix   n=2560    finite=1 absmax=2.8363       mean=0.0079854    sumsq=376.7605745        argmax=67
[dump]   top0 idx=67 val=1.40607
[dump]   top1 idx=631 val=1.38346
[dump]   top2 idx=1881 val=1.35723
[dump]   top3 idx=2342 val=1.29852
[dump]   top4 idx=2272 val=1.29142
[dump] L02.mid    n=10      finite=1 absmax=0 mean=0 sumsq=0 ids: 75 54 492 247 12 480 61 13 272 32
[dump] L02.moe    n=2560    finite=1 absmax=0.07042      mean=0.00058054   sumsq=0.2347088577       argmax=728
[dump]   top0 idx=728 val=0.07042
[dump]   top1 idx=885 val=0.06467
[dump]   top2 idx=951 val=0.06372
[dump]   top3 idx=385 val=0.05262
[dump]   top4 idx=65 val=0.05230
[dump] L02.res    n=10240   finite=1 absmax=0.24007      mean=0.00069179   sumsq=5.009155695        argmax=5848
[dump]   top0 idx=5848 val=0.24007
[dump]   top1 idx=5125 val=0.22073
[dump]   top2 idx=6071 val=0.18221
[dump]   top3 idx=5187 val=0.17799
[dump]   top4 idx=6325 val=0.17167
[dump] L03.hcmix  n=2560    finite=1 absmax=3.7388       mean=0.016092     sumsq=267.2351334        argmax=5
[dump]   top0 idx=5 val=3.73883
[dump]   top1 idx=631 val=2.20187
[dump]   top2 idx=788 val=1.99976
[dump]   top3 idx=588 val=1.69938
[dump]   top4 idx=65 val=1.48339
[dump] L03.att    n=2560    finite=1 absmax=0.4246       mean=-0.0039013   sumsq=17.97692177        argmax=2442
[dump]   top0 idx=2442 val=0.42460
[dump]   top1 idx=551 val=0.31653
[dump]   top2 idx=1890 val=0.28437
[dump]   top3 idx=1930 val=0.26391
[dump]   top4 idx=1395 val=0.25736
[dump] L03.fmix   n=2560    finite=1 absmax=4.2472       mean=0.0059657    sumsq=679.4311356        argmax=67
[dump]   top0 idx=67 val=2.22995
[dump]   top1 idx=728 val=1.96334
[dump]   top2 idx=1930 val=1.93191
[dump]   top3 idx=631 val=1.86391
[dump]   top4 idx=259 val=1.74084
[dump] L03.mid    n=10      finite=1 absmax=0 mean=0 sumsq=0 ids: 101 504 365 190 318 143 231 455 8 441
[dump] L03.moe    n=2560    finite=1 absmax=0.048535     mean=0.00015909   sumsq=0.2911235631       argmax=949
[dump]   top0 idx=949 val=0.04853
[dump]   top1 idx=2140 val=0.04256
[dump]   top2 idx=1096 val=0.03665
[dump]   top3 idx=2172 val=0.03396
[dump]   top4 idx=544 val=0.03007
[dump] L03.res    n=10240   finite=1 absmax=0.23868      mean=0.00064258   sumsq=5.653134752        argmax=5848
[dump]   top0 idx=5848 val=0.23726
[dump]   top1 idx=5125 val=0.22333
[dump]   top2 idx=6071 val=0.18080
[dump]   top3 idx=5187 val=0.17592
[dump]   top4 idx=6325 val=0.17172
[dump] L04.hcmix  n=2560    finite=1 absmax=4.2668       mean=0.025277     sumsq=745.1119174        argmax=5
[dump]   top0 idx=5 val=4.26679
[dump]   top1 idx=331 val=2.59303
[dump]   top2 idx=631 val=2.58461
[dump]   top3 idx=588 val=2.54630
[dump]   top4 idx=92 val=2.45275
[dump] L04.att    n=2560    finite=1 absmax=0.41339      mean=-0.00011437  sumsq=16.11692923        argmax=1653
[dump]   top0 idx=1653 val=0.41339
[dump]   top1 idx=631 val=0.30876
[dump]   top2 idx=2433 val=0.30075
[dump]   top3 idx=372 val=0.30037
[dump]   top4 idx=245 val=0.24823
[dump] L04.fmix   n=2560    finite=1 absmax=3.8952       mean=0.011829     sumsq=793.970371         argmax=1521
[dump]   top0 idx=1521 val=1.99515
[dump]   top1 idx=1205 val=1.86986
[dump]   top2 idx=418 val=1.79627
[dump]   top3 idx=67 val=1.76418
[dump]   top4 idx=1930 val=1.76022
[dump] L04.mid    n=10      finite=1 absmax=0 mean=0 sumsq=0 ids: 106 41 410 496 320 500 252 209 274 453
[dump] L04.moe    n=2560    finite=1 absmax=0.063472     mean=-4.3502e-06  sumsq=0.3103847926       argmax=1653
[dump]   top0 idx=1653 val=0.06347
[dump]   top1 idx=1199 val=0.04123
[dump]   top2 idx=579 val=0.03716
[dump]   top3 idx=2083 val=0.03568
[dump]   top4 idx=1185 val=0.03460
[dump] L04.res    n=10240   finite=1 absmax=0.23797      mean=0.00063593   sumsq=6.710374738        argmax=5848
[dump]   top0 idx=5848 val=0.23706
[dump]   top1 idx=5125 val=0.22401
[dump]   top2 idx=6071 val=0.18004
[dump]   top3 idx=5187 val=0.17536
[dump]   top4 idx=6325 val=0.17266
[dump] L05.hcmix  n=2560    finite=1 absmax=6.4477       mean=0.018648     sumsq=733.7707859        argmax=1653
[dump]   top0 idx=1653 val=6.44768
[dump]   top1 idx=5 val=3.64052
[dump]   top2 idx=588 val=3.17444
[dump]   top3 idx=331 val=2.85109
[dump]   top4 idx=92 val=2.71994
[dump] L05.att    n=2560    finite=1 absmax=0.46474      mean=-0.0014688   sumsq=14.96285706        argmax=593
[dump]   top0 idx=593 val=0.34592
[dump]   top1 idx=1134 val=0.32452
[dump]   top2 idx=1897 val=0.31029
[dump]   top3 idx=1205 val=0.30171
[dump]   top4 idx=1770 val=0.29249
[dump] L05.fmix   n=2560    finite=1 absmax=2.2728       mean=0.010211     sumsq=624.2801839        argmax=631
[dump]   top0 idx=631 val=2.27282
[dump]   top1 idx=1205 val=1.79541
[dump]   top2 idx=753 val=1.65394
[dump]   top3 idx=1521 val=1.58947
[dump]   top4 idx=1512 val=1.49241
[dump] L05.mid    n=10      finite=1 absmax=0 mean=0 sumsq=0 ids: 446 344 169 314 236 468 471 291 302 49
[dump] L05.moe    n=2560    finite=1 absmax=0.037096     mean=0.00029175   sumsq=0.2048556106       argmax=885
[dump]   top0 idx=885 val=0.03710
[dump]   top1 idx=2533 val=0.03465
[dump]   top2 idx=2505 val=0.03181
[dump]   top3 idx=192 val=0.02945
[dump]   top4 idx=2314 val=0.02912
[dump] L05.res    n=10240   finite=1 absmax=0.23763      mean=0.00071537   sumsq=7.604771672        argmax=5848
[dump]   top0 idx=5848 val=0.23660
[dump]   top1 idx=5125 val=0.22392
[dump]   top2 idx=6071 val=0.18015
[dump]   top3 idx=5187 val=0.17521
[dump]   top4 idx=6325 val=0.17386
[dump] L06.hcmix  n=2560    finite=1 absmax=4.3686       mean=0.017145     sumsq=683.1947641        argmax=5
[dump]   top0 idx=5 val=4.36861
[dump]   top1 idx=92 val=2.96748
[dump]   top2 idx=588 val=2.67801
[dump]   top3 idx=2342 val=2.17186
[dump]   top4 idx=951 val=1.94789
[dump] L06.att    n=2560    finite=1 absmax=1.1379       mean=-0.0012611   sumsq=54.98007961        argmax=951
[dump]   top0 idx=951 val=1.13785
[dump]   top1 idx=482 val=1.12448
[dump]   top2 idx=728 val=0.74688
[dump]   top3 idx=1682 val=0.59414
[dump]   top4 idx=1359 val=0.57738
[dump] L06.fmix   n=2560    finite=1 absmax=2.9523       mean=0.015496     sumsq=896.5864327        argmax=631
[dump]   top0 idx=631 val=2.58779
[dump]   top1 idx=1521 val=2.02727
[dump]   top2 idx=1523 val=1.96824
[dump]   top3 idx=67 val=1.93594
[dump]   top4 idx=1512 val=1.81500
[dump] L06.mid    n=10      finite=1 absmax=0 mean=0 sumsq=0 ids: 51 152 159 91 432 109 165 375 123 223
[dump] L06.moe    n=2560    finite=1 absmax=0.064576     mean=0.00056861   sumsq=0.3420305757       argmax=2453
[dump]   top0 idx=2453 val=0.06458
[dump]   top1 idx=528 val=0.04686
[dump]   top2 idx=1716 val=0.04523
[dump]   top3 idx=1102 val=0.04446
[dump]   top4 idx=513 val=0.04437
[dump] L06.res    n=10240   finite=1 absmax=0.23711      mean=0.00091278   sumsq=8.155964231        argmax=5848
[dump]   top0 idx=5848 val=0.23711
[dump]   top1 idx=5125 val=0.22281
[dump]   top2 idx=7772 val=0.19132
[dump]   top3 idx=6071 val=0.18012
[dump]   top4 idx=5187 val=0.17793
[dump] L07.hcmix  n=2560    finite=1 absmax=3.6812       mean=0.02006      sumsq=348.3727403        argmax=5
[dump]   top0 idx=5 val=3.68115
[dump]   top1 idx=588 val=1.56489
[dump]   top2 idx=2342 val=1.38987
[dump]   top3 idx=631 val=1.37969
[dump]   top4 idx=482 val=1.33608
[dump] L07.att    n=2560    finite=1 absmax=0.68756      mean=0.0010802    sumsq=30.07755686        argmax=2293
[dump]   top0 idx=2293 val=0.48860
[dump]   top1 idx=2180 val=0.46088
[dump]   top2 idx=1795 val=0.42530
[dump]   top3 idx=1076 val=0.40983
[dump]   top4 idx=1345 val=0.39992
[dump] L07.fmix   n=2560    finite=1 absmax=2.2114       mean=0.019415     sumsq=674.933203         argmax=1521
[dump]   top0 idx=1521 val=1.73966
[dump]   top1 idx=2433 val=1.68581
[dump]   top2 idx=259 val=1.59192
[dump]   top3 idx=631 val=1.55007
[dump]   top4 idx=205 val=1.48145
[dump] L07.mid    n=10      finite=1 absmax=0 mean=0 sumsq=0 ids: 87 242 445 358 252 193 191 8 194 163
[dump] L07.moe    n=2560    finite=1 absmax=0.049382     mean=0.00028688   sumsq=0.2854315547       argmax=2453
[dump]   top0 idx=2453 val=0.04024
[dump]   top1 idx=757 val=0.03695
[dump]   top2 idx=2258 val=0.03607
[dump]   top3 idx=526 val=0.03421
[dump]   top4 idx=1712 val=0.03407
[dump] L07.res    n=10240   finite=1 absmax=0.25358      mean=0.0011052    sumsq=9.148182074        argmax=5848
[dump]   top0 idx=5848 val=0.23357
[dump]   top1 idx=5125 val=0.22261
[dump]   top2 idx=7772 val=0.21462
[dump]   top3 idx=9475 val=0.20313
[dump]   top4 idx=6325 val=0.17973
[dump] L08.hcmix  n=2560    finite=1 absmax=3.2959       mean=0.026408     sumsq=652.1898516        argmax=631
[dump]   top0 idx=631 val=3.29595
[dump]   top1 idx=588 val=2.73180
[dump]   top2 idx=2477 val=2.26376
[dump]   top3 idx=92 val=2.23999
[dump]   top4 idx=2097 val=2.07093
[dump] L08.att    n=2560    finite=1 absmax=0.099454     mean=9.9759e-05   sumsq=1.497739548        argmax=799
[dump]   top0 idx=799 val=0.09945
[dump]   top1 idx=1499 val=0.09028
[dump]   top2 idx=582 val=0.08787
[dump]   top3 idx=706 val=0.08288
[dump]   top4 idx=1043 val=0.08235
[dump] L08.fmix   n=2560    finite=1 absmax=2.4999       mean=0.026921     sumsq=685.8541054        argmax=631
[dump]   top0 idx=631 val=2.49986
[dump]   top1 idx=2433 val=1.71475
[dump]   top2 idx=1930 val=1.63777
[dump]   top3 idx=744 val=1.62278
[dump]   top4 idx=1899 val=1.54297
[dump] L08.mid    n=10      finite=1 absmax=0 mean=0 sumsq=0 ids: 263 181 134 360 462 175 46 183 219 387
[dump] L08.moe    n=2560    finite=1 absmax=0.045111     mean=-0.00039719  sumsq=0.4691805804       argmax=3
[dump]   top0 idx=3 val=0.04511
[dump]   top1 idx=1595 val=0.03987
[dump]   top2 idx=1455 val=0.03981
[dump]   top3 idx=1388 val=0.03951
[dump]   top4 idx=1153 val=0.03931
[dump] L08.res    n=10240   finite=1 absmax=0.26553      mean=0.00097257   sumsq=9.99645069         argmax=7772
[dump]   top0 idx=7772 val=0.23575
[dump]   top1 idx=5848 val=0.23375
[dump]   top2 idx=5125 val=0.22254
[dump]   top3 idx=9475 val=0.21815
[dump]   top4 idx=6325 val=0.17999
[dump] L09.hcmix  n=2560    finite=1 absmax=3.0085       mean=0.019553     sumsq=764.2125693        argmax=92
[dump]   top0 idx=92 val=3.00855
[dump]   top1 idx=1205 val=2.86229
[dump]   top2 idx=2083 val=2.03132
[dump]   top3 idx=1353 val=1.86933
[dump]   top4 idx=2477 val=1.83571
[dump] L09.att    n=2560    finite=1 absmax=0.34943      mean=0.002537     sumsq=16.9784531         argmax=2393
[dump]   top0 idx=2393 val=0.34943
[dump]   top1 idx=1332 val=0.28985
[dump]   top2 idx=1378 val=0.28379
[dump]   top3 idx=1413 val=0.27548
[dump]   top4 idx=149 val=0.25722
[dump] L09.fmix   n=2560    finite=1 absmax=2.5046       mean=0.027229     sumsq=723.4984182        argmax=92
[dump]   top0 idx=92 val=2.50457
[dump]   top1 idx=1205 val=2.11876
[dump]   top2 idx=2433 val=1.92712
[dump]   top3 idx=631 val=1.71575
[dump]   top4 idx=1180 val=1.57386
[dump] L09.mid    n=10      finite=1 absmax=0 mean=0 sumsq=0 ids: 264 430 142 376 478 68 153 26 488 218
[dump] L09.moe    n=2560    finite=1 absmax=0.03623      mean=5.0349e-05   sumsq=0.2683054389       argmax=1395
[dump]   top0 idx=1395 val=0.03588
[dump]   top1 idx=105 val=0.03324
[dump]   top2 idx=1652 val=0.03323
[dump]   top3 idx=705 val=0.03225
[dump]   top4 idx=2206 val=0.03080
[dump] L09.res    n=10240   finite=1 absmax=0.26544      mean=0.0010635    sumsq=10.2775506         argmax=7772
[dump]   top0 idx=7772 val=0.23934
[dump]   top1 idx=5848 val=0.23372
[dump]   top2 idx=9475 val=0.22832
[dump]   top3 idx=5125 val=0.22253
[dump]   top4 idx=6325 val=0.17993
[dump] L10.hcmix  n=2560    finite=1 absmax=3.1881       mean=0.029011     sumsq=878.255975         argmax=92
[dump]   top0 idx=92 val=3.18813
[dump]   top1 idx=1205 val=2.85185
[dump]   top2 idx=631 val=2.81842
[dump]   top3 idx=588 val=2.54431
[dump]   top4 idx=5 val=2.18612
[dump] L10.att    n=2560    finite=1 absmax=0.37774      mean=-0.00018343  sumsq=17.42573131        argmax=728
[dump]   top0 idx=728 val=0.37774
[dump]   top1 idx=1912 val=0.34454
[dump]   top2 idx=508 val=0.33750
[dump]   top3 idx=816 val=0.32625
[dump]   top4 idx=2521 val=0.30066
[dump] L10.fmix   n=2560    finite=1 absmax=1.9376       mean=0.0197       sumsq=621.4629393        argmax=631
[dump]   top0 idx=631 val=1.83713
[dump]   top1 idx=92 val=1.83072
[dump]   top2 idx=2433 val=1.63687
[dump]   top3 idx=1512 val=1.63580
[dump]   top4 idx=1225 val=1.53971
[dump] L10.mid    n=10      finite=1 absmax=0 mean=0 sumsq=0 ids: 355 461 97 495 417 387 373 322 203 18
[dump] L10.moe    n=2560    finite=1 absmax=0.036745     mean=-0.00018333  sumsq=0.2975601803       argmax=86
[dump]   top0 idx=86 val=0.03675
[dump]   top1 idx=2105 val=0.03484
[dump]   top2 idx=2276 val=0.03380
[dump]   top3 idx=618 val=0.03344
[dump]   top4 idx=1253 val=0.03264
[dump] L10.res    n=10240   finite=1 absmax=0.27127      mean=0.00097105   sumsq=10.87822906        argmax=5848
[dump]   top0 idx=5848 val=0.23417
[dump]   top1 idx=9475 val=0.22437
[dump]   top2 idx=5125 val=0.22258
[dump]   top3 idx=7772 val=0.22131
[dump]   top4 idx=6325 val=0.17985
[dump] L11.hcmix  n=2560    finite=1 absmax=2.9044       mean=0.013731     sumsq=340.3257114        argmax=5
[dump]   top0 idx=5 val=2.90439
[dump]   top1 idx=728 val=1.65801
[dump]   top2 idx=951 val=1.46993
[dump]   top3 idx=631 val=1.31556
[dump]   top4 idx=418 val=1.24846
[dump] L11.att    n=2560    finite=1 absmax=0.39635      mean=0.0011302    sumsq=20.55488619        argmax=892
[dump]   top0 idx=892 val=0.30297
[dump]   top1 idx=2448 val=0.30232
[dump]   top2 idx=480 val=0.28551
[dump]   top3 idx=2206 val=0.27227
[dump]   top4 idx=104 val=0.27179
[dump] L11.fmix   n=2560    finite=1 absmax=2.6947       mean=0.015354     sumsq=624.5528046        argmax=631
[dump]   top0 idx=631 val=2.69468
[dump]   top1 idx=2433 val=1.79182
[dump]   top2 idx=92 val=1.57894
[dump]   top3 idx=1512 val=1.56367
[dump]   top4 idx=1182 val=1.48199
[dump] L11.mid    n=10      finite=1 absmax=0 mean=0 sumsq=0 ids: 323 418 508 166 261 273 430 48 371 120
[dump] L11.moe    n=2560    finite=1 absmax=0.050602     mean=-0.00027957  sumsq=0.4533296595       argmax=1957
[dump]   top0 idx=1957 val=0.04558
[dump]   top1 idx=1642 val=0.03954
[dump]   top2 idx=568 val=0.03847
[dump]   top3 idx=1572 val=0.03786
[dump]   top4 idx=157 val=0.03652
[dump] L11.res    n=10240   finite=1 absmax=0.27036      mean=0.0008569    sumsq=11.97338937        argmax=5848
[dump]   top0 idx=5848 val=0.23364
[dump]   top1 idx=9475 val=0.22552
[dump]   top2 idx=7772 val=0.22437
[dump]   top3 idx=5125 val=0.22236
[dump]   top4 idx=6325 val=0.17963
[dump] L12.hcmix  n=2560    finite=1 absmax=3.2851       mean=0.011144     sumsq=905.2249479        argmax=5
[dump]   top0 idx=5 val=2.64096
[dump]   top1 idx=1795 val=2.49082
[dump]   top2 idx=1205 val=2.25237
[dump]   top3 idx=92 val=2.01908
[dump]   top4 idx=481 val=1.90697
[dump] L12.att    n=2560    finite=1 absmax=0.40756      mean=-0.00049341  sumsq=19.05186943        argmax=728
[dump]   top0 idx=728 val=0.30898
[dump]   top1 idx=1432 val=0.30688
[dump]   top2 idx=539 val=0.29284
[dump]   top3 idx=729 val=0.28580
[dump]   top4 idx=793 val=0.27970
[dump] L12.fmix   n=2560    finite=1 absmax=2.2581       mean=0.014285     sumsq=651.3023399        argmax=631
[dump]   top0 idx=631 val=2.25805
[dump]   top1 idx=2433 val=1.85225
[dump]   top2 idx=1205 val=1.83591
[dump]   top3 idx=92 val=1.77332
[dump]   top4 idx=65 val=1.76445
[dump] L12.mid    n=10      finite=1 absmax=0 mean=0 sumsq=0 ids: 421 0 433 63 277 283 390 21 37 52
[dump] L12.moe    n=2560    finite=1 absmax=0.049973     mean=-0.00022836  sumsq=0.241563747        argmax=667
[dump]   top0 idx=667 val=0.03802
[dump]   top1 idx=915 val=0.03363
[dump]   top2 idx=761 val=0.03235
[dump]   top3 idx=2324 val=0.02954
[dump]   top4 idx=235 val=0.02951
[dump] L12.res    n=10240   finite=1 absmax=0.27917      mean=0.00067689   sumsq=13.18665878        argmax=5848
[dump]   top0 idx=5848 val=0.23400
[dump]   top1 idx=9475 val=0.23184
[dump]   top2 idx=7772 val=0.22809
[dump]   top3 idx=5125 val=0.22234
[dump]   top4 idx=8311 val=0.18622
[dump] L13.hcmix  n=2560    finite=1 absmax=2.7746       mean=0.0071098    sumsq=1056.381753        argmax=1205
[dump]   top0 idx=1205 val=2.40648
[dump]   top1 idx=667 val=2.09718
[dump]   top2 idx=1406 val=2.04737
[dump]   top3 idx=728 val=2.01865
[dump]   top4 idx=1054 val=1.95826
[dump] L13.att    n=2560    finite=1 absmax=0.25547      mean=0.00013456   sumsq=6.8502737          argmax=728
[dump]   top0 idx=728 val=0.25547
[dump]   top1 idx=951 val=0.23949
[dump]   top2 idx=1795 val=0.23121
[dump]   top3 idx=2445 val=0.19716
[dump]   top4 idx=788 val=0.18070
[dump] L13.fmix   n=2560    finite=1 absmax=2.2341       mean=0.00045116   sumsq=623.8629058        argmax=728
[dump]   top0 idx=728 val=2.23413
[dump]   top1 idx=951 val=1.99681
[dump]   top2 idx=1301 val=1.73808
[dump]   top3 idx=2453 val=1.63737
[dump]   top4 idx=1616 val=1.58535
[dump] L13.mid    n=10      finite=1 absmax=0 mean=0 sumsq=0 ids: 259 387 265 97 273 91 357 468 224 93
[dump] L13.moe    n=2560    finite=1 absmax=0.071206     mean=-3.4995e-05  sumsq=1.043608806        argmax=2480
[dump]   top0 idx=2480 val=0.07121
[dump]   top1 idx=2401 val=0.06365
[dump]   top2 idx=2525 val=0.06167
[dump]   top3 idx=1977 val=0.06166
[dump]   top4 idx=2378 val=0.06125
[dump] L13.res    n=10240   finite=1 absmax=0.27938      mean=0.00066486   sumsq=16.37401971        argmax=9475
[dump]   top0 idx=9475 val=0.24679
[dump]   top1 idx=5848 val=0.23484
[dump]   top2 idx=7772 val=0.22276
[dump]   top3 idx=5125 val=0.22234
[dump]   top4 idx=8311 val=0.18163
[dump] L14.hcmix  n=2560    finite=1 absmax=2.622        mean=0.0099068    sumsq=910.0875018        argmax=1795
[dump]   top0 idx=1795 val=2.62202
[dump]   top1 idx=728 val=2.61220
[dump]   top2 idx=983 val=2.28519
[dump]   top3 idx=1616 val=2.00735
[dump]   top4 idx=951 val=1.87859
[dump] L14.att    n=2560    finite=1 absmax=0.47416      mean=0.00094813   sumsq=18.84996029        argmax=482
[dump]   top0 idx=482 val=0.47416
[dump]   top1 idx=2433 val=0.43240
[dump]   top2 idx=689 val=0.42266
[dump]   top3 idx=2215 val=0.38139
[dump]   top4 idx=360 val=0.37964
[dump] L14.fmix   n=2560    finite=1 absmax=2.1727       mean=0.0087747    sumsq=663.4984731        argmax=728
[dump]   top0 idx=728 val=2.17269
[dump]   top1 idx=631 val=2.02633
[dump]   top2 idx=1512 val=1.92156
[dump]   top3 idx=1482 val=1.74347
[dump]   top4 idx=1616 val=1.74068
[dump] L14.mid    n=10      finite=1 absmax=0 mean=0 sumsq=0 ids: 335 398 506 212 473 138 312 151 108 402
[dump] L14.moe    n=2560    finite=1 absmax=0.031193     mean=-0.00027235  sumsq=0.1156921226       argmax=1827
[dump]   top0 idx=1827 val=0.03119
[dump]   top1 idx=875 val=0.02822
[dump]   top2 idx=1603 val=0.02458
[dump]   top3 idx=1039 val=0.02200
[dump]   top4 idx=2473 val=0.02010
[dump] L14.res    n=10240   finite=1 absmax=0.28367      mean=0.00055742   sumsq=17.05931098        argmax=9475
[dump]   top0 idx=9475 val=0.25411
[dump]   top1 idx=5848 val=0.23354
[dump]   top2 idx=7772 val=0.22575
[dump]   top3 idx=5125 val=0.22157
[dump]   top4 idx=9071 val=0.18461
[dump] L15.hcmix  n=2560    finite=1 absmax=1.3887       mean=0.003222     sumsq=233.3514334        argmax=667
[dump]   top0 idx=667 val=1.25967
[dump]   top1 idx=728 val=1.17335
[dump]   top2 idx=788 val=1.13949
[dump]   top3 idx=793 val=1.12706
[dump]   top4 idx=2121 val=1.11203
[dump] L15.att    n=2560    finite=1 absmax=0.36975      mean=-0.0027884   sumsq=14.35248449        argmax=1359
[dump]   top0 idx=1359 val=0.36975
[dump]   top1 idx=1879 val=0.30426
[dump]   top2 idx=808 val=0.29591
[dump]   top3 idx=1227 val=0.26278
[dump]   top4 idx=1716 val=0.26229
[dump] L15.fmix   n=2560    finite=1 absmax=4.4971       mean=-0.0078008   sumsq=1489.531083        argmax=728
[dump]   top0 idx=728 val=4.49712
[dump]   top1 idx=2238 val=2.83184
[dump]   top2 idx=1512 val=2.52857
[dump]   top3 idx=320 val=2.48883
[dump]   top4 idx=836 val=2.48140
[dump] L15.mid    n=10      finite=1 absmax=0 mean=0 sumsq=0 ids: 494 289 207 405 288 192 174 283 199 385
[dump] L15.moe    n=2560    finite=1 absmax=0.047846     mean=-2.6157e-05  sumsq=0.4397440986       argmax=1408
[dump]   top0 idx=1408 val=0.04785
[dump]   top1 idx=652 val=0.04702
[dump]   top2 idx=158 val=0.04555
[dump]   top3 idx=1212 val=0.04077
[dump]   top4 idx=654 val=0.04065
[dump] L15.res    n=10240   finite=1 absmax=0.27775      mean=0.00038247   sumsq=15.63730332        argmax=9475
[dump]   top0 idx=9475 val=0.24659
[dump]   top1 idx=5848 val=0.23408
[dump]   top2 idx=7772 val=0.22404
[dump]   top3 idx=5125 val=0.22089
[dump]   top4 idx=9071 val=0.18212
[dump] L16.hcmix  n=2560    finite=1 absmax=2.7789       mean=-0.0073558   sumsq=1047.574593        argmax=2121
[dump]   top0 idx=2121 val=2.77889
[dump]   top1 idx=1947 val=2.60441
[dump]   top2 idx=1795 val=2.38287
[dump]   top3 idx=1406 val=2.22273
[dump]   top4 idx=129 val=2.10049
[dump] L16.att    n=2560    finite=1 absmax=0.23801      mean=-0.0010036   sumsq=5.928032844        argmax=2057
[dump]   top0 idx=2057 val=0.23801
[dump]   top1 idx=713 val=0.17199
[dump]   top2 idx=2184 val=0.16761
[dump]   top3 idx=1076 val=0.15927
[dump]   top4 idx=2054 val=0.15925
[dump] L16.fmix   n=2560    finite=1 absmax=2.6263       mean=-0.0093293   sumsq=1230.401047        argmax=1512
[dump]   top0 idx=1512 val=2.50158
[dump]   top1 idx=320 val=2.49292
[dump]   top2 idx=836 val=2.16687
[dump]   top3 idx=728 val=2.06556
[dump]   top4 idx=667 val=2.03977
[dump] L16.mid    n=10      finite=1 absmax=0 mean=0 sumsq=0 ids: 243 58 228 391 263 272 278 487 142 429
[dump] L16.moe    n=2560    finite=1 absmax=0.061115     mean=4.033e-05    sumsq=0.6338470164       argmax=2532
[dump]   top0 idx=2532 val=0.06111
[dump]   top1 idx=1058 val=0.04736
[dump]   top2 idx=787 val=0.04567
[dump]   top3 idx=812 val=0.04544
[dump]   top4 idx=333 val=0.04534
[dump] L16.res    n=10240   finite=1 absmax=0.27785      mean=0.00033786   sumsq=16.6231635         argmax=9475
[dump]   top0 idx=9475 val=0.24231
[dump]   top1 idx=5848 val=0.23384
[dump]   top2 idx=7772 val=0.22133
[dump]   top3 idx=5125 val=0.22077
[dump]   top4 idx=6325 val=0.18025
[dump] L17.hcmix  n=2560    finite=1 absmax=2.8294       mean=-0.0036503   sumsq=1095.283814        argmax=1947
[dump]   top0 idx=1947 val=2.82942
[dump]   top1 idx=1406 val=2.29383
[dump]   top2 idx=1795 val=2.24307
[dump]   top3 idx=812 val=2.19921
[dump]   top4 idx=1205 val=2.09256
[dump] L17.att    n=2560    finite=1 absmax=0.24499      mean=0.00042067   sumsq=5.050191271        argmax=1984
[dump]   top0 idx=1984 val=0.24499
[dump]   top1 idx=871 val=0.18381
[dump]   top2 idx=394 val=0.18378
[dump]   top3 idx=177 val=0.17093
[dump]   top4 idx=390 val=0.14135
[dump] L17.fmix   n=2560    finite=1 absmax=2.2367       mean=-0.0052862   sumsq=997.7909309        argmax=1512
[dump]   top0 idx=1512 val=1.99885
[dump]   top1 idx=1482 val=1.99753
[dump]   top2 idx=812 val=1.97530
[dump]   top3 idx=793 val=1.81576
[dump]   top4 idx=2480 val=1.74465
[dump] L17.mid    n=10      finite=1 absmax=0 mean=0 sumsq=0 ids: 136 499 139 363 209 486 84 471 422 365
[dump] L17.moe    n=2560    finite=1 absmax=0.037595     mean=0.00029176   sumsq=0.2542919255       argmax=946
[dump]   top0 idx=946 val=0.03759
[dump]   top1 idx=928 val=0.03660
[dump]   top2 idx=1696 val=0.03285
[dump]   top3 idx=268 val=0.03051
[dump]   top4 idx=290 val=0.03024
[dump] L17.res    n=10240   finite=1 absmax=0.27573      mean=0.00057252   sumsq=16.2093228         argmax=9475
[dump]   top0 idx=9475 val=0.23905
[dump]   top1 idx=5848 val=0.23351
[dump]   top2 idx=7772 val=0.22328
[dump]   top3 idx=5125 val=0.22093
[dump]   top4 idx=508 val=0.18525
[dump] L18.hcmix  n=2560    finite=1 absmax=2.6777       mean=0.010088     sumsq=1053.74649         argmax=1947
[dump]   top0 idx=1947 val=2.67775
[dump]   top1 idx=1205 val=2.65533
[dump]   top2 idx=1616 val=2.53718
[dump]   top3 idx=508 val=2.43457
[dump]   top4 idx=2121 val=2.17303
[dump] L18.att    n=2560    finite=1 absmax=0.29796      mean=-0.00065621  sumsq=5.907470949        argmax=482
[dump]   top0 idx=482 val=0.29796
[dump]   top1 idx=167 val=0.22200
[dump]   top2 idx=1509 val=0.18076
[dump]   top3 idx=1134 val=0.16902
[dump]   top4 idx=689 val=0.16717
[dump] L18.fmix   n=2560    finite=1 absmax=2.5169       mean=0.0063878    sumsq=902.0845559        argmax=588
[dump]   top0 idx=588 val=2.17366
[dump]   top1 idx=65 val=2.15759
[dump]   top2 idx=631 val=2.05667
[dump]   top3 idx=2491 val=2.03564
[dump]   top4 idx=1616 val=1.95321
[dump] L18.mid    n=10      finite=1 absmax=0 mean=0 sumsq=0 ids: 131 264 29 448 211 353 347 101 24 87
[dump] L18.moe    n=2560    finite=1 absmax=0.04661      mean=0.0001479    sumsq=0.3381845036       argmax=2356
[dump]   top0 idx=2356 val=0.04661
[dump]   top1 idx=2198 val=0.03896
[dump]   top2 idx=86 val=0.03373
[dump]   top3 idx=1251 val=0.03268
[dump]   top4 idx=349 val=0.03160
[dump] L18.res    n=10240   finite=1 absmax=0.30419      mean=0.00062733   sumsq=17.53389358        argmax=9475
[dump]   top0 idx=9475 val=0.24829
[dump]   top1 idx=5848 val=0.23347
[dump]   top2 idx=5125 val=0.22087
[dump]   top3 idx=7772 val=0.22003
[dump]   top4 idx=482 val=0.18934
[dump] L19.hcmix  n=2560    finite=1 absmax=2.0095       mean=0.0087498    sumsq=392.3274357        argmax=1947
[dump]   top0 idx=1947 val=2.00950
[dump]   top1 idx=1741 val=1.84469
[dump]   top2 idx=482 val=1.73108
[dump]   top3 idx=728 val=1.58038
[dump]   top4 idx=951 val=1.43391
[dump] L19.att    n=2560    finite=1 absmax=0.44808      mean=0.0013213    sumsq=17.71791695        argmax=1227
[dump]   top0 idx=1227 val=0.42437
[dump]   top1 idx=694 val=0.34947
[dump]   top2 idx=742 val=0.34388
[dump]   top3 idx=356 val=0.32876
[dump]   top4 idx=2359 val=0.32269
[dump] L19.fmix   n=2560    finite=1 absmax=2.3617       mean=0.005131     sumsq=1171.377601        argmax=2390
[dump]   top0 idx=2390 val=2.04944
[dump]   top1 idx=667 val=2.01599
[dump]   top2 idx=2499 val=1.97557
[dump]   top3 idx=2261 val=1.95818
[dump]   top4 idx=1918 val=1.93755
[dump] L19.mid    n=10      finite=1 absmax=0 mean=0 sumsq=0 ids: 31 121 377 222 315 490 173 162 291 342
[dump] L19.moe    n=2560    finite=1 absmax=0.04769      mean=0.00038963   sumsq=0.3037716982       argmax=105
[dump]   top0 idx=105 val=0.04769
[dump]   top1 idx=25 val=0.03715
[dump]   top2 idx=1466 val=0.03568
[dump]   top3 idx=1265 val=0.03483
[dump]   top4 idx=2048 val=0.03379
[dump] L19.res    n=10240   finite=1 absmax=0.30099      mean=0.0010016    sumsq=17.40236821        argmax=9475
[dump]   top0 idx=9475 val=0.24898
[dump]   top1 idx=5848 val=0.23407
[dump]   top2 idx=5125 val=0.22050
[dump]   top3 idx=7772 val=0.21340
[dump]   top4 idx=3084 val=0.20235
[dump] L20.hcmix  n=2560    finite=1 absmax=2.7829       mean=0.016103     sumsq=984.7664746        argmax=1947
[dump]   top0 idx=1947 val=2.46119
[dump]   top1 idx=359 val=2.43554
[dump]   top2 idx=1461 val=2.39521
[dump]   top3 idx=951 val=2.29271
[dump]   top4 idx=2238 val=2.17171
[dump] L20.att    n=2560    finite=1 absmax=0.57707      mean=-0.002434    sumsq=18.45961727        argmax=717
[dump]   top0 idx=717 val=0.42136
[dump]   top1 idx=1641 val=0.40737
[dump]   top2 idx=1132 val=0.35952
[dump]   top3 idx=2293 val=0.34370
[dump]   top4 idx=1653 val=0.31131
[dump] L20.fmix   n=2560    finite=1 absmax=3.327        mean=0.010779     sumsq=1396.986087        argmax=1466
[dump]   top0 idx=1466 val=2.80592
[dump]   top1 idx=2481 val=2.15175
[dump]   top2 idx=25 val=2.13935
[dump]   top3 idx=1918 val=2.10738
[dump]   top4 idx=2261 val=2.04517
[dump] L20.mid    n=10      finite=1 absmax=0 mean=0 sumsq=0 ids: 485 387 442 179 258 296 168 40 410 307
[dump] L20.moe    n=2560    finite=1 absmax=0.046495     mean=0.00042151   sumsq=0.4187794794       argmax=662
[dump]   top0 idx=662 val=0.04629
[dump]   top1 idx=1450 val=0.03984
[dump]   top2 idx=960 val=0.03939
[dump]   top3 idx=1168 val=0.03848
[dump]   top4 idx=1736 val=0.03831
[dump] L20.res    n=10240   finite=1 absmax=0.29838      mean=0.0010205    sumsq=17.19857311        argmax=9475
[dump]   top0 idx=9475 val=0.25934
[dump]   top1 idx=5848 val=0.23350
[dump]   top2 idx=5125 val=0.22035
[dump]   top3 idx=3084 val=0.21356
[dump]   top4 idx=7772 val=0.20836
[dump] L21.hcmix  n=2560    finite=1 absmax=3.317        mean=0.028005     sumsq=1153.350209        argmax=524
[dump]   top0 idx=524 val=2.84658
[dump]   top1 idx=588 val=2.62525
[dump]   top2 idx=359 val=2.49964
[dump]   top3 idx=1716 val=2.25649
[dump]   top4 idx=1795 val=2.21829
[dump] L21.att    n=2560    finite=1 absmax=0.32979      mean=0.0014989    sumsq=2.651950306        argmax=951
[dump]   top0 idx=951 val=0.32979
[dump]   top1 idx=192 val=0.23110
[dump]   top2 idx=728 val=0.19303
[dump]   top3 idx=508 val=0.16999
[dump]   top4 idx=993 val=0.15369
[dump] L21.fmix   n=2560    finite=1 absmax=3.3598       mean=0.038976     sumsq=1389.988843        argmax=65
[dump]   top0 idx=65 val=2.67891
[dump]   top1 idx=1466 val=2.55558
[dump]   top2 idx=1696 val=2.44722
[dump]   top3 idx=1918 val=2.44704
[dump]   top4 idx=524 val=2.25283
[dump] L21.mid    n=10      finite=1 absmax=0 mean=0 sumsq=0 ids: 255 25 346 118 418 379 313 369 57 131
[dump] L21.moe    n=2560    finite=1 absmax=0.046287     mean=-8.3913e-05  sumsq=0.4618109423       argmax=465
[dump]   top0 idx=465 val=0.04629
[dump]   top1 idx=856 val=0.04159
[dump]   top2 idx=2233 val=0.04050
[dump]   top3 idx=1377 val=0.04009
[dump]   top4 idx=1723 val=0.03829
[dump] L21.res    n=10240   finite=1 absmax=0.28495      mean=0.0012413    sumsq=17.26096781        argmax=9475
[dump]   top0 idx=9475 val=0.25250
[dump]   top1 idx=5848 val=0.23364
[dump]   top2 idx=3084 val=0.23309
[dump]   top3 idx=5125 val=0.21982
[dump]   top4 idx=7772 val=0.20219
[dump] L22.hcmix  n=2560    finite=1 absmax=4.2929       mean=0.032793     sumsq=791.0494962        argmax=5
[dump]   top0 idx=5 val=4.29294
[dump]   top1 idx=588 val=3.20318
[dump]   top2 idx=65 val=2.45159
[dump]   top3 idx=1716 val=2.43944
[dump]   top4 idx=524 val=2.35422
[dump] L22.att    n=2560    finite=1 absmax=0.66976      mean=0.00091721   sumsq=7.301631323        argmax=268
[dump]   top0 idx=268 val=0.66976
[dump]   top1 idx=2238 val=0.38035
[dump]   top2 idx=728 val=0.34847
[dump]   top3 idx=951 val=0.32286
[dump]   top4 idx=631 val=0.27690
[dump] L22.fmix   n=2560    finite=1 absmax=3.2478       mean=0.02735      sumsq=1014.25302         argmax=65
[dump]   top0 idx=65 val=2.35597
[dump]   top1 idx=67 val=2.11067
[dump]   top2 idx=1857 val=2.02535
[dump]   top3 idx=1466 val=2.01801
[dump]   top4 idx=631 val=1.96651
[dump] L22.mid    n=10      finite=1 absmax=0 mean=0 sumsq=0 ids: 279 301 504 50 364 205 454 460 287 135
[dump] L22.moe    n=2560    finite=1 absmax=0.068387     mean=4.9448e-05   sumsq=0.4986585838       argmax=1313
[dump]   top0 idx=1313 val=0.06839
[dump]   top1 idx=1273 val=0.05517
[dump]   top2 idx=227 val=0.05199
[dump]   top3 idx=1237 val=0.05019
[dump]   top4 idx=1634 val=0.04655
[dump] L22.res    n=10240   finite=1 absmax=0.31926      mean=0.0013438    sumsq=19.66202228        argmax=5848
[dump]   top0 idx=5848 val=0.31926
[dump]   top1 idx=6071 val=0.25967
[dump]   top2 idx=5125 val=0.25241
[dump]   top3 idx=7358 val=0.25072
[dump]   top4 idx=3084 val=0.23501
[dump] L23.hcmix  n=2560    finite=1 absmax=2.7028       mean=0.014413     sumsq=303.680027         argmax=5
[dump]   top0 idx=5 val=2.70277
[dump]   top1 idx=631 val=1.76927
[dump]   top2 idx=1741 val=1.57061
[dump]   top3 idx=524 val=1.52863
[dump]   top4 idx=1947 val=1.51129
[dump] L23.att    n=2560    finite=1 absmax=0.43151      mean=0.00117      sumsq=13.48886307        argmax=2517
[dump]   top0 idx=2517 val=0.32682
[dump]   top1 idx=784 val=0.31868
[dump]   top2 idx=1790 val=0.30215
[dump]   top3 idx=86 val=0.28638
[dump]   top4 idx=1135 val=0.27823
[dump] L23.fmix   n=2560    finite=1 absmax=2.6573       mean=0.023742     sumsq=1543.685224        argmax=1947
[dump]   top0 idx=1947 val=2.51897
[dump]   top1 idx=2215 val=2.51327
[dump]   top2 idx=1798 val=2.50808
[dump]   top3 idx=67 val=2.48758
[dump]   top4 idx=1466 val=2.44831
[dump] L23.mid    n=10      finite=1 absmax=0 mean=0 sumsq=0 ids: 356 128 480 355 45 342 334 107 77 354
[dump] L23.moe    n=2560    finite=1 absmax=0.081023     mean=0.00015314   sumsq=1.047192971        argmax=1301
[dump]   top0 idx=1301 val=0.08102
[dump]   top1 idx=1354 val=0.07369
[dump]   top2 idx=1525 val=0.06756
[dump]   top3 idx=2286 val=0.05822
[dump]   top4 idx=2139 val=0.05810
[dump] L23.res    n=10240   finite=1 absmax=0.36026      mean=0.0014586    sumsq=20.14957861        argmax=5848
[dump]   top0 idx=5848 val=0.31686
[dump]   top1 idx=6071 val=0.25631
[dump]   top2 idx=5125 val=0.25357
[dump]   top3 idx=7358 val=0.25308
[dump]   top4 idx=7772 val=0.24558
[dump] L24.hcmix  n=2560    finite=1 absmax=3.1411       mean=0.036014     sumsq=876.3703712        argmax=631
[dump]   top0 idx=631 val=3.14106
[dump]   top1 idx=1716 val=2.58483
[dump]   top2 idx=2097 val=2.57951
[dump]   top3 idx=1205 val=2.44050
[dump]   top4 idx=524 val=2.34773
[dump] L24.att    n=2560    finite=1 absmax=0.13081      mean=-0.00026847  sumsq=1.490897299        argmax=1586
[dump]   top0 idx=1586 val=0.10811
[dump]   top1 idx=895 val=0.10467
[dump]   top2 idx=92 val=0.09834
[dump]   top3 idx=799 val=0.09760
[dump]   top4 idx=36 val=0.08533
[dump] L24.fmix   n=2560    finite=1 absmax=2.699        mean=0.021975     sumsq=830.5845623        argmax=631
[dump]   top0 idx=631 val=2.69905
[dump]   top1 idx=25 val=1.98135
[dump]   top2 idx=1466 val=1.85308
[dump]   top3 idx=65 val=1.75758
[dump]   top4 idx=1798 val=1.75073
[dump] L24.mid    n=10      finite=1 absmax=0 mean=0 sumsq=0 ids: 263 134 175 354 360 11 181 439 458 46
[dump] L24.moe    n=2560    finite=1 absmax=0.040888     mean=0.0001928    sumsq=0.2815756256       argmax=288
[dump]   top0 idx=288 val=0.03870
[dump]   top1 idx=81 val=0.03729
[dump]   top2 idx=2504 val=0.03511
[dump]   top3 idx=1486 val=0.03466
[dump]   top4 idx=2180 val=0.03426
[dump] L24.res    n=10240   finite=1 absmax=0.35547      mean=0.001547     sumsq=22.29063347        argmax=5848
[dump]   top0 idx=5848 val=0.31679
[dump]   top1 idx=7772 val=0.28524
[dump]   top2 idx=9071 val=0.27062
[dump]   top3 idx=6071 val=0.25607
[dump]   top4 idx=5125 val=0.25360
[dump] L25.hcmix  n=2560    finite=1 absmax=2.7617       mean=0.017889     sumsq=825.4585018        argmax=2233
[dump]   top0 idx=2233 val=2.47114
[dump]   top1 idx=1716 val=2.20080
[dump]   top2 idx=359 val=2.08501
[dump]   top3 idx=524 val=1.92258
[dump]   top4 idx=1205 val=1.82779
[dump] L25.att    n=2560    finite=1 absmax=0.51862      mean=0.00037766   sumsq=7.391927272        argmax=951
[dump]   top0 idx=951 val=0.51862
[dump]   top1 idx=993 val=0.23603
[dump]   top2 idx=2238 val=0.21810
[dump]   top3 idx=914 val=0.21625
[dump]   top4 idx=1378 val=0.19791
[dump] L25.fmix   n=2560    finite=1 absmax=2.1491       mean=0.026803     sumsq=816.7781728        argmax=2141
[dump]   top0 idx=2141 val=2.14911
[dump]   top1 idx=25 val=1.81894
[dump]   top2 idx=1918 val=1.70793
[dump]   top3 idx=170 val=1.67821
[dump]   top4 idx=2261 val=1.65344
[dump] L25.mid    n=10      finite=1 absmax=0 mean=0 sumsq=0 ids: 376 346 68 264 506 142 427 430 45 73
[dump] L25.moe    n=2560    finite=1 absmax=0.037988     mean=8.6992e-05   sumsq=0.2430810027       argmax=402
[dump]   top0 idx=402 val=0.03799
[dump]   top1 idx=1780 val=0.03033
[dump]   top2 idx=394 val=0.02970
[dump]   top3 idx=236 val=0.02938
[dump]   top4 idx=255 val=0.02873
[dump] L25.res    n=10240   finite=1 absmax=0.35488      mean=0.0016621    sumsq=21.74370109        argmax=5848
[dump]   top0 idx=5848 val=0.31687
[dump]   top1 idx=7772 val=0.28929
[dump]   top2 idx=9071 val=0.26528
[dump]   top3 idx=6071 val=0.25647
[dump]   top4 idx=5125 val=0.25360
[dump] L26.hcmix  n=2560    finite=1 absmax=4.4067       mean=0.020723     sumsq=955.3280473        argmax=631
[dump]   top0 idx=631 val=2.89817
[dump]   top1 idx=524 val=2.32284
[dump]   top2 idx=359 val=2.18524
[dump]   top3 idx=2121 val=2.07931
[dump]   top4 idx=482 val=2.06045
[dump] L26.att    n=2560    finite=1 absmax=0.30777      mean=-0.00063143  sumsq=9.49109204         argmax=519
[dump]   top0 idx=519 val=0.30777
[dump]   top1 idx=2203 val=0.27326
[dump]   top2 idx=728 val=0.24857
[dump]   top3 idx=1883 val=0.20760
[dump]   top4 idx=177 val=0.20425
[dump] L26.fmix   n=2560    finite=1 absmax=1.8811       mean=0.020686     sumsq=737.8739082        argmax=746
[dump]   top0 idx=746 val=1.88106
[dump]   top1 idx=25 val=1.75646
[dump]   top2 idx=2233 val=1.64124
[dump]   top3 idx=849 val=1.63413
[dump]   top4 idx=1466 val=1.62106
[dump] L26.mid    n=10      finite=1 absmax=0 mean=0 sumsq=0 ids: 461 97 355 243 296 313 417 203 320 177
[dump] L26.moe    n=2560    finite=1 absmax=0.046022     mean=7.8975e-05   sumsq=0.4232051342       argmax=1500
[dump]   top0 idx=1500 val=0.04602
[dump]   top1 idx=2054 val=0.04306
[dump]   top2 idx=1084 val=0.04062
[dump]   top3 idx=1828 val=0.03973
[dump]   top4 idx=1965 val=0.03951
[dump] L26.res    n=10240   finite=1 absmax=0.334        mean=0.0016764    sumsq=23.51388569        argmax=5848
[dump]   top0 idx=5848 val=0.31699
[dump]   top1 idx=7772 val=0.29172
[dump]   top2 idx=6071 val=0.25651
[dump]   top3 idx=9071 val=0.25473
[dump]   top4 idx=5125 val=0.25361
[dump] L27.hcmix  n=2560    finite=1 absmax=2.3834       mean=0.014479     sumsq=370.627786         argmax=728
[dump]   top0 idx=728 val=2.38343
[dump]   top1 idx=951 val=2.38213
[dump]   top2 idx=5 val=2.22003
[dump]   top3 idx=2238 val=2.21281
[dump]   top4 idx=482 val=1.45016
[dump] L27.att    n=2560    finite=1 absmax=0.44027      mean=0.0024147    sumsq=14.84397435        argmax=714
[dump]   top0 idx=714 val=0.29486
[dump]   top1 idx=892 val=0.29457
[dump]   top2 idx=1341 val=0.26371
[dump]   top3 idx=2003 val=0.26315
[dump]   top4 idx=302 val=0.26219
[dump] L27.fmix   n=2560    finite=1 absmax=2.2695       mean=0.025662     sumsq=795.5331684        argmax=1500
[dump]   top0 idx=1500 val=2.26949
[dump]   top1 idx=1717 val=1.80765
[dump]   top2 idx=849 val=1.78837
[dump]   top3 idx=1780 val=1.68367
[dump]   top4 idx=746 val=1.64162
[dump] L27.mid    n=10      finite=1 absmax=0 mean=0 sumsq=0 ids: 98 430 323 508 166 58 151 261 108 120
[dump] L27.moe    n=2560    finite=1 absmax=0.035337     mean=0.00030602   sumsq=0.2060261859       argmax=960
[dump]   top0 idx=960 val=0.03379
[dump]   top1 idx=886 val=0.02944
[dump]   top2 idx=2196 val=0.02697
[dump]   top3 idx=1561 val=0.02568
[dump]   top4 idx=646 val=0.02543
[dump] L27.res    n=10240   finite=1 absmax=0.32583      mean=0.0021708    sumsq=23.88991759        argmax=5848
[dump]   top0 idx=5848 val=0.31699
[dump]   top1 idx=7772 val=0.28453
[dump]   top2 idx=9071 val=0.25678
[dump]   top3 idx=6071 val=0.25651
[dump]   top4 idx=5125 val=0.25361
[dump] L28.hcmix  n=2560    finite=1 absmax=3.044        mean=0.030347     sumsq=922.1954531        argmax=1500
[dump]   top0 idx=1500 val=3.04405
[dump]   top1 idx=1717 val=2.24830
[dump]   top2 idx=1290 val=2.14838
[dump]   top3 idx=1780 val=2.01417
[dump]   top4 idx=1716 val=2.00440
[dump] L28.att    n=2560    finite=1 absmax=0.21992      mean=-0.0025755   sumsq=7.343011388        argmax=736
[dump]   top0 idx=736 val=0.20193
[dump]   top1 idx=186 val=0.20057
[dump]   top2 idx=1480 val=0.19226
[dump]   top3 idx=917 val=0.17127
[dump]   top4 idx=1231 val=0.16402
[dump] L28.fmix   n=2560    finite=1 absmax=2.8498       mean=0.028912     sumsq=906.3799154        argmax=1500
[dump]   top0 idx=1500 val=2.84984
[dump]   top1 idx=631 val=2.09124
[dump]   top2 idx=2491 val=1.93746
[dump]   top3 idx=849 val=1.92007
[dump]   top4 idx=1905 val=1.91755
[dump] L28.mid    n=10      finite=1 absmax=0 mean=0 sumsq=0 ids: 52 219 421 469 43 21 229 63 297 392
[dump] L28.moe    n=2560    finite=1 absmax=0.048415     mean=-0.00023955  sumsq=0.2878898055       argmax=1942
[dump]   top0 idx=1942 val=0.04174
[dump]   top1 idx=1207 val=0.03546
[dump]   top2 idx=722 val=0.03505
[dump]   top3 idx=264 val=0.03395
[dump]   top4 idx=2442 val=0.03202
[dump] L28.res    n=10240   finite=1 absmax=0.31699      mean=0.0015718    sumsq=25.79627196        argmax=5848
[dump]   top0 idx=5848 val=0.31699
[dump]   top1 idx=7772 val=0.29109
[dump]   top2 idx=9071 val=0.28726
[dump]   top3 idx=8993 val=0.28018
[dump]   top4 idx=3084 val=0.26848
[dump] L29.hcmix  n=2560    finite=1 absmax=3.2504       mean=0.020722     sumsq=999.0130223        argmax=1500
[dump]   top0 idx=1500 val=3.25038
[dump]   top1 idx=524 val=2.62737
[dump]   top2 idx=1717 val=2.48574
[dump]   top3 idx=1313 val=1.97502
[dump]   top4 idx=1601 val=1.92891
[dump] L29.att    n=2560    finite=1 absmax=0.11763      mean=-0.00081412  sumsq=1.70692803         argmax=1736
[dump]   top0 idx=1736 val=0.11763
[dump]   top1 idx=1795 val=0.09982
[dump]   top2 idx=1882 val=0.09260
[dump]   top3 idx=1205 val=0.08945
[dump]   top4 idx=2521 val=0.08630
[dump] L29.fmix   n=2560    finite=1 absmax=2.2647       mean=0.012193     sumsq=937.3997143        argmax=1717
[dump]   top0 idx=1717 val=2.08245
[dump]   top1 idx=1500 val=2.03268
[dump]   top2 idx=1905 val=1.87688
[dump]   top3 idx=849 val=1.82875
[dump]   top4 idx=1780 val=1.71549
[dump] L29.mid    n=10      finite=1 absmax=0 mean=0 sumsq=0 ids: 387 273 265 93 259 290 342 330 118 148
[dump] L29.moe    n=2560    finite=1 absmax=0.049156     mean=-4.9399e-05  sumsq=0.3782929665       argmax=525
[dump]   top0 idx=525 val=0.04916
[dump]   top1 idx=2253 val=0.04152
[dump]   top2 idx=1955 val=0.03869
[dump]   top3 idx=1384 val=0.03624
[dump]   top4 idx=2535 val=0.03619
[dump] L29.res    n=10240   finite=1 absmax=0.31699      mean=0.0013385    sumsq=28.72427477        argmax=5848
[dump]   top0 idx=5848 val=0.31699
[dump]   top1 idx=3084 val=0.30739
[dump]   top2 idx=7772 val=0.29542
[dump]   top3 idx=9071 val=0.28318
[dump]   top4 idx=8993 val=0.28202
[dump] L30.hcmix  n=2560    finite=1 absmax=2.9818       mean=0.013096     sumsq=829.7960574        argmax=1500
[dump]   top0 idx=1500 val=2.98176
[dump]   top1 idx=983 val=2.21780
[dump]   top2 idx=524 val=2.09189
[dump]   top3 idx=1716 val=2.05040
[dump]   top4 idx=288 val=2.00751
[dump] L30.att    n=2560    finite=1 absmax=0.37058      mean=-0.0011201   sumsq=9.437653807        argmax=993
[dump]   top0 idx=993 val=0.37058
[dump]   top1 idx=2502 val=0.32462
[dump]   top2 idx=482 val=0.27677
[dump]   top3 idx=1134 val=0.20415
[dump]   top4 idx=2374 val=0.20237
[dump] L30.fmix   n=2560    finite=1 absmax=3.0583       mean=0.0074913    sumsq=1341.372491        argmax=1500
[dump]   top0 idx=1500 val=2.89457
[dump]   top1 idx=1914 val=2.28595
[dump]   top2 idx=477 val=2.27644
[dump]   top3 idx=1512 val=2.13911
[dump]   top4 idx=1905 val=2.13110
[dump] L30.mid    n=10      finite=1 absmax=0 mean=0 sumsq=0 ids: 506 86 398 151 11 335 181 280 14 409
[dump] L30.moe    n=2560    finite=1 absmax=0.05589      mean=0.00010165   sumsq=0.5970446354       argmax=2095
[dump]   top0 idx=2095 val=0.05589
[dump]   top1 idx=2022 val=0.04709
[dump]   top2 idx=835 val=0.04571
[dump]   top3 idx=2030 val=0.04492
[dump]   top4 idx=987 val=0.04241
[dump] L30.res    n=10240   finite=1 absmax=0.36404      mean=0.001246     sumsq=34.49818455        argmax=482
[dump]   top0 idx=482 val=0.36404
[dump]   top1 idx=5848 val=0.31687
[dump]   top2 idx=7772 val=0.29152
[dump]   top3 idx=8993 val=0.28579
[dump]   top4 idx=9071 val=0.28224
[dump] L31.hcmix  n=2560    finite=1 absmax=1.9105       mean=0.0041972    sumsq=282.0824622        argmax=728
[dump]   top0 idx=728 val=1.87690
[dump]   top1 idx=482 val=1.49475
[dump]   top2 idx=1500 val=1.33542
[dump]   top3 idx=2097 val=1.19258
[dump]   top4 idx=2238 val=1.18396
[dump] L31.att    n=2560    finite=1 absmax=0.23576      mean=-0.0024948   sumsq=10.29491854        argmax=1716
[dump]   top0 idx=1716 val=0.23576
[dump]   top1 idx=1359 val=0.23543
[dump]   top2 idx=1776 val=0.21014
[dump]   top3 idx=1205 val=0.20760
[dump]   top4 idx=2371 val=0.20257
[dump] L31.fmix   n=2560    finite=1 absmax=4.7599       mean=-0.0016421   sumsq=1972.499347        argmax=728
[dump]   top0 idx=728 val=4.75994
[dump]   top1 idx=98 val=3.57795
[dump]   top2 idx=2238 val=3.46874
[dump]   top3 idx=477 val=3.36371
[dump]   top4 idx=957 val=2.96188
[dump] L31.mid    n=10      finite=1 absmax=0 mean=0 sumsq=0 ids: 494 283 289 156 405 399 311 302 207 449
[dump] L31.moe    n=2560    finite=1 absmax=0.069211     mean=0.00041842   sumsq=0.8520528699       argmax=877
[dump]   top0 idx=877 val=0.06921
[dump]   top1 idx=1212 val=0.06559
[dump]   top2 idx=32 val=0.06161
[dump]   top3 idx=2438 val=0.05846
[dump]   top4 idx=1803 val=0.05299
[dump] L31.res    n=10240   finite=1 absmax=0.31723      mean=0.0011344    sumsq=32.66560662        argmax=5848
[dump]   top0 idx=5848 val=0.31691
[dump]   top1 idx=482 val=0.31138
[dump]   top2 idx=7772 val=0.29074
[dump]   top3 idx=8993 val=0.28556
[dump]   top4 idx=9071 val=0.28276
[dump] L32.hcmix  n=2560    finite=1 absmax=2.7565       mean=0.0071241    sumsq=922.6233496        argmax=1500
[dump]   top0 idx=1500 val=2.75645
[dump]   top1 idx=1313 val=2.60614
[dump]   top2 idx=1603 val=2.55199
[dump]   top3 idx=2335 val=2.20805
[dump]   top4 idx=681 val=2.05968
[dump] L32.att    n=2560    finite=1 absmax=0.21943      mean=-0.001139    sumsq=4.144185482        argmax=713
[dump]   top0 idx=713 val=0.21943
[dump]   top1 idx=1368 val=0.18444
[dump]   top2 idx=1134 val=0.14499
[dump]   top3 idx=1303 val=0.13176
[dump]   top4 idx=167 val=0.12905
[dump] L32.fmix   n=2560    finite=1 absmax=3.3811       mean=0.0020326    sumsq=1822.075615        argmax=2335
[dump]   top0 idx=2335 val=2.79599
[dump]   top1 idx=477 val=2.59142
[dump]   top2 idx=1828 val=2.54424
[dump]   top3 idx=98 val=2.51891
[dump]   top4 idx=113 val=2.40388
[dump] L32.mid    n=10      finite=1 absmax=0 mean=0 sumsq=0 ids: 228 243 263 429 58 142 454 272 377 278
[dump] L32.moe    n=2560    finite=1 absmax=0.077429     mean=-0.00029467  sumsq=1.082927705        argmax=2509
[dump]   top0 idx=2509 val=0.06083
[dump]   top1 idx=1258 val=0.06077
[dump]   top2 idx=475 val=0.06028
[dump]   top3 idx=2446 val=0.05782
[dump]   top4 idx=198 val=0.05751
[dump] L32.res    n=10240   finite=1 absmax=0.39636      mean=0.00082304   sumsq=36.43673235        argmax=482
[dump]   top0 idx=482 val=0.39636
[dump]   top1 idx=5848 val=0.31689
[dump]   top2 idx=7772 val=0.29144
[dump]   top3 idx=8993 val=0.28516
[dump]   top4 idx=9071 val=0.28254
[dump] L33.hcmix  n=2560    finite=1 absmax=2.5685       mean=0.0055931    sumsq=1011.516157        argmax=1313
[dump]   top0 idx=1313 val=2.56854
[dump]   top1 idx=1500 val=2.48682
[dump]   top2 idx=227 val=2.38932
[dump]   top3 idx=1716 val=2.28121
[dump]   top4 idx=2335 val=2.21900
[dump] L33.att    n=2560    finite=1 absmax=0.13105      mean=-0.0012825   sumsq=1.745545804        argmax=2393
[dump]   top0 idx=2393 val=0.13105
[dump]   top1 idx=634 val=0.09978
[dump]   top2 idx=192 val=0.09879
[dump]   top3 idx=1603 val=0.09311
[dump]   top4 idx=793 val=0.09200
[dump] L33.fmix   n=2560    finite=1 absmax=3.4729       mean=-0.006228    sumsq=1448.98905         argmax=1512
[dump]   top0 idx=1512 val=2.76407
[dump]   top1 idx=2335 val=2.55029
[dump]   top2 idx=1313 val=2.37838
[dump]   top3 idx=788 val=2.35133
[dump]   top4 idx=104 val=2.29956
[dump] L33.mid    n=10      finite=1 absmax=0 mean=0 sumsq=0 ids: 136 84 374 363 120 345 279 419 486 209
[dump] L33.moe    n=2560    finite=1 absmax=0.060762     mean=0.00019259   sumsq=0.5584087941       argmax=371
[dump]   top0 idx=371 val=0.05514
[dump]   top1 idx=1803 val=0.04948
[dump]   top2 idx=1602 val=0.04815
[dump]   top3 idx=399 val=0.04704
[dump]   top4 idx=860 val=0.04304
[dump] L33.res    n=10240   finite=1 absmax=0.48707      mean=0.00057905   sumsq=39.26789529        argmax=482
[dump]   top0 idx=482 val=0.48707
[dump]   top1 idx=508 val=0.33983
[dump]   top2 idx=5848 val=0.31685
[dump]   top3 idx=7772 val=0.29423
[dump]   top4 idx=2374 val=0.29306
[dump] L34.hcmix  n=2560    finite=1 absmax=2.5949       mean=0.012197     sumsq=981.8322728        argmax=1313
[dump]   top0 idx=1313 val=2.59485
[dump]   top1 idx=1205 val=2.43372
[dump]   top2 idx=482 val=2.30246
[dump]   top3 idx=1500 val=2.26574
[dump]   top4 idx=1716 val=2.22813
[dump] L34.att    n=2560    finite=1 absmax=0.22272      mean=-0.00079465  sumsq=3.651027358        argmax=482
[dump]   top0 idx=482 val=0.22272
[dump]   top1 idx=689 val=0.17212
[dump]   top2 idx=1882 val=0.16556
[dump]   top3 idx=624 val=0.14213
[dump]   top4 idx=1134 val=0.13237
[dump] L34.fmix   n=2560    finite=1 absmax=2.8575       mean=0.011197     sumsq=1261.603997        argmax=631
[dump]   top0 idx=631 val=2.85751
[dump]   top1 idx=1500 val=2.66565
[dump]   top2 idx=1313 val=2.65118
[dump]   top3 idx=65 val=2.39920
[dump]   top4 idx=2097 val=2.13750
[dump] L34.mid    n=10      finite=1 absmax=0 mean=0 sumsq=0 ids: 131 29 353 101 24 102 460 264 211 275
[dump] L34.moe    n=2560    finite=1 absmax=0.072576     mean=0.00049856   sumsq=0.8642676526       argmax=196
[dump]   top0 idx=196 val=0.07258
[dump]   top1 idx=1631 val=0.06107
[dump]   top2 idx=1709 val=0.05929
[dump]   top3 idx=43 val=0.05592
[dump]   top4 idx=2415 val=0.05517
[dump] L34.res    n=10240   finite=1 absmax=0.62733      mean=0.0008681    sumsq=46.78616128        argmax=482
[dump]   top0 idx=482 val=0.62733
[dump]   top1 idx=508 val=0.38936
[dump]   top2 idx=7772 val=0.33596
[dump]   top3 idx=5848 val=0.31684
[dump]   top4 idx=736 val=0.30820
[dump] L35.hcmix  n=2560    finite=1 absmax=2.3333       mean=0.012701     sumsq=469.2422118        argmax=482
[dump]   top0 idx=482 val=2.33333
[dump]   top1 idx=1741 val=2.24681
[dump]   top2 idx=951 val=1.63984
[dump]   top3 idx=991 val=1.54429
[dump]   top4 idx=1313 val=1.50314
[dump] L35.att    n=2560    finite=1 absmax=0.4053       mean=0.00050792   sumsq=10.60624548        argmax=1882
[dump]   top0 idx=1882 val=0.30880
[dump]   top1 idx=2091 val=0.23160
[dump]   top2 idx=1341 val=0.22280
[dump]   top3 idx=79 val=0.22037
[dump]   top4 idx=446 val=0.21148
[dump] L35.fmix   n=2560    finite=1 absmax=3.0698       mean=0.0096415    sumsq=1614.568706        argmax=410
[dump]   top0 idx=410 val=2.74714
[dump]   top1 idx=957 val=2.66061
[dump]   top2 idx=1313 val=2.42172
[dump]   top3 idx=2460 val=2.38436
[dump]   top4 idx=2261 val=2.32056
[dump] L35.mid    n=10      finite=1 absmax=0 mean=0 sumsq=0 ids: 472 161 31 375 291 121 277 315 56 490
[dump] L35.moe    n=2560    finite=1 absmax=0.070598     mean=0.00059794   sumsq=1.14437957         argmax=1229
[dump]   top0 idx=1229 val=0.07060
[dump]   top1 idx=755 val=0.06879
[dump]   top2 idx=2296 val=0.06686
[dump]   top3 idx=308 val=0.06643
[dump]   top4 idx=687 val=0.06521
[dump] L35.res    n=10240   finite=1 absmax=0.55061      mean=0.001586     sumsq=56.00896408        argmax=482
[dump]   top0 idx=482 val=0.55061
[dump]   top1 idx=508 val=0.36642
[dump]   top2 idx=723 val=0.34165
[dump]   top3 idx=2374 val=0.33331
[dump]   top4 idx=7772 val=0.32206
[dump] L36.hcmix  n=2560    finite=1 absmax=2.7704       mean=0.020544     sumsq=948.337511         argmax=1716
[dump]   top0 idx=1716 val=2.77039
[dump]   top1 idx=723 val=2.43740
[dump]   top2 idx=482 val=2.39953
[dump]   top3 idx=2238 val=2.39391
[dump]   top4 idx=1313 val=2.33496
[dump] L36.att    n=2560    finite=1 absmax=0.7332       mean=0.0015476    sumsq=36.14250561        argmax=1882
[dump]   top0 idx=1882 val=0.73320
[dump]   top1 idx=2374 val=0.67281
[dump]   top2 idx=1603 val=0.66472
[dump]   top3 idx=1864 val=0.60711
[dump]   top4 idx=689 val=0.59260
[dump] L36.fmix   n=2560    finite=1 absmax=4.9481       mean=0.025162     sumsq=2408.378797        argmax=2510
[dump]   top0 idx=2510 val=3.24349
[dump]   top1 idx=1905 val=3.20518
[dump]   top2 idx=1313 val=2.95945
[dump]   top3 idx=957 val=2.68160
[dump]   top4 idx=888 val=2.68057
[dump] L36.mid    n=10      finite=1 absmax=0 mean=0 sumsq=0 ids: 387 218 25 169 210 296 258 363 179 78
[dump] L36.moe    n=2560    finite=1 absmax=0.19595      mean=0.00026474   sumsq=4.195737321        argmax=1641
[dump]   top0 idx=1641 val=0.17179
[dump]   top1 idx=2128 val=0.14476
[dump]   top2 idx=1368 val=0.14146
[dump]   top3 idx=2028 val=0.12478
[dump]   top4 idx=2120 val=0.12184
[dump] L36.res    n=10240   finite=1 absmax=1.1485       mean=0.0020609    sumsq=121.0884781        argmax=482
[dump]   top0 idx=482 val=1.08953
[dump]   top1 idx=1603 val=0.91692
[dump]   top2 idx=2374 val=0.83182
[dump]   top3 idx=1882 val=0.80914
[dump]   top4 idx=2028 val=0.76020
[dump] L37.hcmix  n=2560    finite=1 absmax=2.5326       mean=0.027442     sumsq=915.7914028        argmax=1603
[dump]   top0 idx=1603 val=2.53262
[dump]   top1 idx=1132 val=2.44871
[dump]   top2 idx=1716 val=2.43430
[dump]   top3 idx=1313 val=2.35618
[dump]   top4 idx=1391 val=2.21540
[dump] L37.att    n=2560    finite=1 absmax=0.23232      mean=-0.00094716  sumsq=4.651277568        argmax=1882
[dump]   top0 idx=1882 val=0.23232
[dump]   top1 idx=713 val=0.22339
[dump]   top2 idx=1061 val=0.22258
[dump]   top3 idx=892 val=0.17196
[dump]   top4 idx=1924 val=0.16972
[dump] L37.fmix   n=2560    finite=1 absmax=4.4286       mean=0.035552     sumsq=2469.384           argmax=1313
[dump]   top0 idx=1313 val=3.30156
[dump]   top1 idx=957 val=3.15411
[dump]   top2 idx=308 val=3.11323
[dump]   top3 idx=2510 val=3.05961
[dump]   top4 idx=1905 val=2.85036
[dump] L37.mid    n=10      finite=1 absmax=0 mean=0 sumsq=0 ids: 306 313 19 255 369 57 200 118 494 469
[dump] L37.moe    n=2560    finite=1 absmax=0.10895      mean=0.00067284   sumsq=2.841414571        argmax=165
[dump]   top0 idx=165 val=0.10811
[dump]   top1 idx=2263 val=0.10334
[dump]   top2 idx=1601 val=0.10117
[dump]   top3 idx=205 val=0.09903
[dump]   top4 idx=882 val=0.09693
[dump] L37.res    n=10240   finite=1 absmax=1.1187       mean=0.0023236    sumsq=138.5399921        argmax=482
[dump]   top0 idx=482 val=1.09506
[dump]   top1 idx=1603 val=0.90556
[dump]   top2 idx=2374 val=0.81111
[dump]   top3 idx=687 val=0.80102
[dump]   top4 idx=2028 val=0.77349
[dump] L38.hcmix  n=2560    finite=1 absmax=4.1718       mean=0.030068     sumsq=831.8405708        argmax=5
[dump]   top0 idx=5 val=4.17176
[dump]   top1 idx=1919 val=2.95145
[dump]   top2 idx=1603 val=2.50586
[dump]   top3 idx=1500 val=2.47476
[dump]   top4 idx=1313 val=2.42722
[dump] L38.att    n=2560    finite=1 absmax=0.45202      mean=-0.00037067  sumsq=8.710753413        argmax=913
[dump]   top0 idx=913 val=0.28203
[dump]   top1 idx=36 val=0.28037
[dump]   top2 idx=308 val=0.26028
[dump]   top3 idx=2324 val=0.23972
[dump]   top4 idx=1959 val=0.23323
[dump] L38.fmix   n=2560    finite=1 absmax=4.8691       mean=0.035816     sumsq=2359.218759        argmax=1694
[dump]   top0 idx=1694 val=3.12134
[dump]   top1 idx=1967 val=2.85151
[dump]   top2 idx=2261 val=2.84196
[dump]   top3 idx=205 val=2.73629
[dump]   top4 idx=1391 val=2.70351
[dump] L38.mid    n=10      finite=1 absmax=0 mean=0 sumsq=0 ids: 279 301 504 206 460 50 486 135 7 446
[dump] L38.moe    n=2560    finite=1 absmax=0.12431      mean=-0.00059053  sumsq=2.878266458        argmax=2422
[dump]   top0 idx=2422 val=0.12431
[dump]   top1 idx=603 val=0.11590
[dump]   top2 idx=2195 val=0.10294
[dump]   top3 idx=1983 val=0.09550
[dump]   top4 idx=1220 val=0.09510
[dump] L38.res    n=10240   finite=1 absmax=1.1301       mean=0.0017598    sumsq=152.8660584        argmax=482
[dump]   top0 idx=482 val=1.11097
[dump]   top1 idx=1603 val=0.92245
[dump]   top2 idx=2374 val=0.81869
[dump]   top3 idx=687 val=0.79407
[dump]   top4 idx=308 val=0.78264
[dump] L39.hcmix  n=2560    finite=1 absmax=2.8938       mean=0.010895     sumsq=426.1856506        argmax=5
[dump]   top0 idx=5 val=2.89385
[dump]   top1 idx=1603 val=1.88356
[dump]   top2 idx=1967 val=1.60252
[dump]   top3 idx=482 val=1.55013
[dump]   top4 idx=65 val=1.52978
[dump] L39.att    n=2560    finite=1 absmax=0.32833      mean=0.00035053   sumsq=11.41191123        argmax=1882
[dump]   top0 idx=1882 val=0.32833
[dump]   top1 idx=2018 val=0.29038
[dump]   top2 idx=2307 val=0.28606
[dump]   top3 idx=1737 val=0.27498
[dump]   top4 idx=799 val=0.26839
[dump] L39.fmix   n=2560    finite=1 absmax=5.7295       mean=0.023079     sumsq=2574.916198        argmax=67
[dump]   top0 idx=67 val=5.72948
[dump]   top1 idx=579 val=4.03538
[dump]   top2 idx=308 val=3.68716
[dump]   top3 idx=2209 val=3.56555
[dump]   top4 idx=400 val=3.43737
[dump] L39.mid    n=10      finite=1 absmax=0 mean=0 sumsq=0 ids: 356 60 128 77 32 480 177 496 42 477
[dump] L39.moe    n=2560    finite=1 absmax=0.27042      mean=-0.0005098   sumsq=10.36618462        argmax=2356
[dump]   top0 idx=2356 val=0.22687
[dump]   top1 idx=1368 val=0.22124
[dump]   top2 idx=1030 val=0.20636
[dump]   top3 idx=1283 val=0.19980
[dump]   top4 idx=1734 val=0.18761
[dump] L39.res    n=10240   finite=1 absmax=1.4988       mean=0.001569     sumsq=219.6873864        argmax=1882
[dump]   top0 idx=1882 val=1.49882
[dump]   top1 idx=482 val=1.08919
[dump]   top2 idx=1368 val=1.03073
[dump]   top3 idx=1603 val=1.02918
[dump]   top4 idx=2374 val=0.97236
[dump] L40.hcmix  n=2560    finite=1 absmax=3.5007       mean=0.029392     sumsq=1783.541649        argmax=1716
[dump]   top0 idx=1716 val=3.50074
[dump]   top1 idx=1603 val=3.40468
[dump]   top2 idx=2412 val=3.21637
[dump]   top3 idx=1967 val=3.09197
[dump]   top4 idx=1313 val=2.95411
[dump] L40.att    n=2560    finite=1 absmax=0.52373      mean=0.0037174    sumsq=10.68774772        argmax=1061
[dump]   top0 idx=1061 val=0.52373
[dump]   top1 idx=1116 val=0.26666
[dump]   top2 idx=482 val=0.26123
[dump]   top3 idx=138 val=0.24436
[dump]   top4 idx=1882 val=0.23033
[dump] L40.fmix   n=2560    finite=1 absmax=6.5328       mean=0.023542     sumsq=2975.214982        argmax=67
[dump]   top0 idx=67 val=6.53281
[dump]   top1 idx=579 val=4.78567
[dump]   top2 idx=2238 val=4.39142
[dump]   top3 idx=308 val=3.56696
[dump]   top4 idx=1844 val=3.56203
[dump] L40.mid    n=10      finite=1 absmax=0 mean=0 sumsq=0 ids: 232 280 335 172 138 398 22 178 220 208
[dump] L40.moe    n=2560    finite=1 absmax=0.1113       mean=0.00045322   sumsq=2.399611998        argmax=944
[dump]   top0 idx=944 val=0.11130
[dump]   top1 idx=732 val=0.09583
[dump]   top2 idx=2443 val=0.09295
[dump]   top3 idx=700 val=0.08659
[dump]   top4 idx=2211 val=0.08489
[dump] L40.res    n=10240   finite=1 absmax=1.6094       mean=0.0027484    sumsq=243.4636017        argmax=1882
[dump]   top0 idx=1882 val=1.60936
[dump]   top1 idx=482 val=1.15926
[dump]   top2 idx=1368 val=1.08472
[dump]   top3 idx=308 val=1.00500
[dump]   top4 idx=2190 val=0.96247
[dump] L41.hcmix  n=2560    finite=1 absmax=3.1039       mean=0.034991     sumsq=1312.82657         argmax=1717
[dump]   top0 idx=1717 val=3.10393
[dump]   top1 idx=2412 val=2.82804
[dump]   top2 idx=631 val=2.72635
[dump]   top3 idx=2078 val=2.66557
[dump]   top4 idx=1693 val=2.57996
[dump] L41.att    n=2560    finite=1 absmax=0.53827      mean=0.00075026   sumsq=9.168267487        argmax=1882
[dump]   top0 idx=1882 val=0.53827
[dump]   top1 idx=2234 val=0.23168
[dump]   top2 idx=562 val=0.22603
[dump]   top3 idx=840 val=0.22054
[dump]   top4 idx=1883 val=0.21564
[dump] L41.fmix   n=2560    finite=1 absmax=5.8971       mean=0.031211     sumsq=2900.546594        argmax=67
[dump]   top0 idx=67 val=5.89705
[dump]   top1 idx=579 val=4.13013
[dump]   top2 idx=2190 val=3.75767
[dump]   top3 idx=1693 val=3.72174
[dump]   top4 idx=1756 val=3.62968
[dump] L41.mid    n=10      finite=1 absmax=0 mean=0 sumsq=0 ids: 59 240 105 450 149 433 132 118 205 75
[dump] L41.moe    n=2560    finite=1 absmax=0.087733     mean=0.00022454   sumsq=1.709448127        argmax=1070
[dump]   top0 idx=1070 val=0.08003
[dump]   top1 idx=1005 val=0.07905
[dump]   top2 idx=1603 val=0.07785
[dump]   top3 idx=963 val=0.07293
[dump]   top4 idx=2481 val=0.07191
[dump] L41.res    n=10240   finite=1 absmax=1.8571       mean=0.0031005    sumsq=254.1472652        argmax=1882
[dump]   top0 idx=1882 val=1.85708
[dump]   top1 idx=482 val=1.14184
[dump]   top2 idx=1368 val=1.08991
[dump]   top3 idx=308 val=1.03928
[dump]   top4 idx=1603 val=1.01593
[dump] L42.hcmix  n=2560    finite=1 absmax=3.2522       mean=0.030606     sumsq=1334.552496        argmax=2412
[dump]   top0 idx=2412 val=2.96730
[dump]   top1 idx=308 val=2.84608
[dump]   top2 idx=2078 val=2.60474
[dump]   top3 idx=1717 val=2.59180
[dump]   top4 idx=1882 val=2.48719
[dump] L42.att    n=2560    finite=1 absmax=0.33249      mean=-0.00073957  sumsq=6.030586912        argmax=1039
[dump]   top0 idx=1039 val=0.24779
[dump]   top1 idx=482 val=0.24019
[dump]   top2 idx=36 val=0.23765
[dump]   top3 idx=722 val=0.21235
[dump]   top4 idx=517 val=0.19167
[dump] L42.fmix   n=2560    finite=1 absmax=4.9685       mean=0.033323     sumsq=3341.169973        argmax=579
[dump]   top0 idx=579 val=4.45562
[dump]   top1 idx=1693 val=4.29664
[dump]   top2 idx=67 val=4.09714
[dump]   top3 idx=308 val=3.96627
[dump]   top4 idx=2412 val=3.76590
[dump] L42.mid    n=10      finite=1 absmax=0 mean=0 sumsq=0 ids: 341 3 212 310 151 391 140 337 195 509
[dump] L42.moe    n=2560    finite=1 absmax=0.13613      mean=-1.1293e-05  sumsq=3.026231521        argmax=1502
[dump]   top0 idx=1502 val=0.12354
[dump]   top1 idx=1594 val=0.12203
[dump]   top2 idx=644 val=0.10736
[dump]   top3 idx=651 val=0.10348
[dump]   top4 idx=1389 val=0.09647
[dump] L42.res    n=10240   finite=1 absmax=1.9406       mean=0.0027329    sumsq=293.0613665        argmax=1882
[dump]   top0 idx=1882 val=1.94060
[dump]   top1 idx=482 val=1.43777
[dump]   top2 idx=1368 val=1.23187
[dump]   top3 idx=1039 val=1.18772
[dump]   top4 idx=1603 val=1.02754
[dump] L43.hcmix  n=2560    finite=1 absmax=2.3256       mean=0.0092619    sumsq=145.7271243        argmax=882
[dump]   top0 idx=882 val=2.32561
[dump]   top1 idx=5 val=1.99950
[dump]   top2 idx=2078 val=1.93644
[dump]   top3 idx=36 val=1.59816
[dump]   top4 idx=579 val=1.44614
[dump] L43.att    n=2560    finite=1 absmax=0.54198      mean=0.0020466    sumsq=9.370831522        argmax=417
[dump]   top0 idx=417 val=0.54198
[dump]   top1 idx=67 val=0.49032
[dump]   top2 idx=1959 val=0.36008
[dump]   top3 idx=1391 val=0.35105
[dump]   top4 idx=1844 val=0.30598
[dump] L43.fmix   n=2560    finite=1 absmax=6.1217       mean=0.026762     sumsq=2534.839106        argmax=67
[dump]   top0 idx=67 val=6.12172
[dump]   top1 idx=2239 val=3.85921
[dump]   top2 idx=1844 val=3.85019
[dump]   top3 idx=579 val=3.33038
[dump]   top4 idx=1633 val=3.23661
[dump] L43.mid    n=10      finite=1 absmax=0 mean=0 sumsq=0 ids: 300 86 324 462 293 483 499 64 180 98
[dump] L43.moe    n=2560    finite=1 absmax=0.19721      mean=-0.00044917  sumsq=6.112777891        argmax=1882
[dump]   top0 idx=1882 val=0.19545
[dump]   top1 idx=944 val=0.18725
[dump]   top2 idx=200 val=0.15871
[dump]   top3 idx=2301 val=0.14376
[dump]   top4 idx=1676 val=0.14173
[dump] L43.res    n=10240   finite=1 absmax=2.3043       mean=0.0029711    sumsq=345.5873425        argmax=1882
[dump]   top0 idx=1882 val=2.30429
[dump]   top1 idx=482 val=1.29216
[dump]   top2 idx=1368 val=1.18405
[dump]   top3 idx=1603 val=1.10972
[dump]   top4 idx=2374 val=1.06873
[dump] L44.hcmix  n=2560    finite=1 absmax=4.446        mean=0.017986     sumsq=781.9827691        argmax=1633
[dump]   top0 idx=1633 val=4.44601
[dump]   top1 idx=482 val=3.89148
[dump]   top2 idx=1717 val=3.15492
[dump]   top3 idx=138 val=2.80807
[dump]   top4 idx=1882 val=2.66506
[dump] L44.att    n=2560    finite=1 absmax=2.0494       mean=-0.0017052   sumsq=64.40130429        argmax=1238
[dump]   top0 idx=1238 val=0.76956
[dump]   top1 idx=634 val=0.68127
[dump]   top2 idx=1882 val=0.55264
[dump]   top3 idx=181 val=0.49794
[dump]   top4 idx=1603 val=0.48306
[dump] L44.fmix   n=2560    finite=1 absmax=6.4706       mean=0.028196     sumsq=3005.613619        argmax=67
[dump]   top0 idx=67 val=6.47062
[dump]   top1 idx=1633 val=5.20896
[dump]   top2 idx=1844 val=4.92972
[dump]   top3 idx=417 val=4.57387
[dump]   top4 idx=944 val=4.43832
[dump] L44.mid    n=10      finite=1 absmax=0 mean=0 sumsq=0 ids: 87 287 61 75 119 192 190 172 301 401
[dump] L44.moe    n=2560    finite=1 absmax=0.10794      mean=4.931e-05    sumsq=1.958349603        argmax=728
[dump]   top0 idx=728 val=0.10794
[dump]   top1 idx=1125 val=0.08206
[dump]   top2 idx=206 val=0.08163
[dump]   top3 idx=1238 val=0.08059
[dump]   top4 idx=659 val=0.07976
[dump] L44.res    n=10240   finite=1 absmax=2.9681       mean=0.0024783    sumsq=543.196699         argmax=1882
[dump]   top0 idx=1882 val=2.96806
[dump]   top1 idx=1603 val=1.64247
[dump]   top2 idx=1368 val=1.57250
[dump]   top3 idx=482 val=1.44307
[dump]   top4 idx=308 val=1.31513
[dump] L45.hcmix  n=2560    finite=1 absmax=7.949        mean=0.027486     sumsq=1264.676849        argmax=631
[dump]   top0 idx=631 val=4.65722
[dump]   top1 idx=882 val=3.15440
[dump]   top2 idx=2412 val=2.83028
[dump]   top3 idx=1633 val=2.54880
[dump]   top4 idx=944 val=2.50892
[dump] L45.att    n=2560    finite=1 absmax=1.8782       mean=0.0050841    sumsq=154.0855197        argmax=631
[dump]   top0 idx=631 val=1.47477
[dump]   top1 idx=1810 val=1.31732
[dump]   top2 idx=1882 val=1.29854
[dump]   top3 idx=1202 val=1.21075
[dump]   top4 idx=1589 val=1.06536
[dump] L45.fmix   n=2560    finite=1 absmax=7.2641       mean=0.029573     sumsq=2918.218057        argmax=67
[dump]   top0 idx=67 val=6.82746
[dump]   top1 idx=1633 val=5.50166
[dump]   top2 idx=417 val=4.95336
[dump]   top3 idx=1844 val=4.65687
[dump]   top4 idx=944 val=4.30988
[dump] L45.mid    n=10      finite=1 absmax=0 mean=0 sumsq=0 ids: 237 66 343 339 303 443 280 85 156 103
[dump] L45.moe    n=2560    finite=1 absmax=0.11857      mean=-0.00054694  sumsq=2.432352559        argmax=331
[dump]   top0 idx=331 val=0.11857
[dump]   top1 idx=1410 val=0.10671
[dump]   top2 idx=2536 val=0.10340
[dump]   top3 idx=1238 val=0.08704
[dump]   top4 idx=190 val=0.08674
[dump] L45.res    n=10240   finite=1 absmax=3.6499       mean=0.0038256    sumsq=829.2629407        argmax=1882
[dump]   top0 idx=1882 val=3.64988
[dump]   top1 idx=1368 val=1.85010
[dump]   top2 idx=4442 val=1.83474
[dump]   top3 idx=1603 val=1.71516
[dump]   top4 idx=3762 val=1.70954
[dump] L46.hcmix  n=2560    finite=1 absmax=5.5486       mean=0.022051     sumsq=1732.777074        argmax=1810
[dump]   top0 idx=1810 val=4.80735
[dump]   top1 idx=1633 val=4.75791
[dump]   top2 idx=1882 val=4.40922
[dump]   top3 idx=634 val=3.35967
[dump]   top4 idx=631 val=3.33205
[dump] L46.att    n=2560    finite=1 absmax=5.1619       mean=0.00086768   sumsq=229.9903217        argmax=181
[dump]   top0 idx=181 val=2.92527
[dump]   top1 idx=951 val=2.43635
[dump]   top2 idx=634 val=1.74200
[dump]   top3 idx=2502 val=1.68103
[dump]   top4 idx=2442 val=1.54536
[dump] L46.fmix   n=2560    finite=1 absmax=5.724        mean=0.01926      sumsq=2768.124543        argmax=67
[dump]   top0 idx=67 val=5.72399
[dump]   top1 idx=1633 val=4.41954
[dump]   top2 idx=944 val=4.34299
[dump]   top3 idx=1844 val=4.28245
[dump]   top4 idx=417 val=4.20367
[dump] L46.mid    n=10      finite=1 absmax=0 mean=0 sumsq=0 ids: 25 505 56 115 60 463 264 123 258 281
[dump] L46.moe    n=2560    finite=1 absmax=0.18835      mean=0.00061605   sumsq=5.058894311        argmax=723
[dump]   top0 idx=723 val=0.16553
[dump]   top1 idx=19 val=0.16078
[dump]   top2 idx=1872 val=0.15905
[dump]   top3 idx=1272 val=0.14802
[dump]   top4 idx=63 val=0.13978
[dump] L46.res    n=10240   finite=1 absmax=5.184        mean=0.0051338    sumsq=1064.993507        argmax=1882
[dump]   top0 idx=1882 val=3.47045
[dump]   top1 idx=2741 val=2.86582
[dump]   top2 idx=3194 val=2.23933
[dump]   top3 idx=4370 val=2.12141
[dump]   top4 idx=1603 val=1.86022
[dump] L47.hcmix  n=2560    finite=1 absmax=4.3797       mean=0.010298     sumsq=776.5794279        argmax=2183
[dump]   top0 idx=2183 val=2.40949
[dump]   top1 idx=482 val=2.23242
[dump]   top2 idx=944 val=2.06753
[dump]   top3 idx=2348 val=2.00886
[dump]   top4 idx=1967 val=1.97207
[dump] L47.att    n=2560    finite=1 absmax=1.2257       mean=-0.0040526   sumsq=45.7109412         argmax=1027
[dump]   top0 idx=1027 val=1.22573
[dump]   top1 idx=722 val=0.73318
[dump]   top2 idx=579 val=0.71097
[dump]   top3 idx=36 val=0.67787
[dump]   top4 idx=1395 val=0.63424
[dump] L47.fmix   n=2560    finite=1 absmax=5.1312       mean=0.015605     sumsq=2751.135926        argmax=67
[dump]   top0 idx=67 val=5.13120
[dump]   top1 idx=417 val=4.48154
[dump]   top2 idx=944 val=4.34854
[dump]   top3 idx=1882 val=4.23632
[dump]   top4 idx=1844 val=3.88201
[dump] L47.mid    n=10      finite=1 absmax=0 mean=0 sumsq=0 ids: 481 186 286 354 352 316 206 196 100 367
[dump] L47.moe    n=2560    finite=1 absmax=0.97945      mean=-0.00057096  sumsq=18.41779663        argmax=181
[dump]   top0 idx=181 val=0.80259
[dump]   top1 idx=951 val=0.39467
[dump]   top2 idx=634 val=0.39245
[dump]   top3 idx=2356 val=0.29894
[dump]   top4 idx=19 val=0.28973
[dump] L47.res    n=10240   finite=1 absmax=6.5743       mean=0.0029378    sumsq=1329.938328        argmax=2741
[dump]   top0 idx=2741 val=4.38915
[dump]   top1 idx=1882 val=3.64978
[dump]   top2 idx=181 val=3.18758
[dump]   top3 idx=3194 val=2.63232
[dump]   top4 idx=4370 val=2.15558
[dump] L00.hcmix  n=2560    finite=1 absmax=5.4804       mean=0.055681     sumsq=1651.531996        argmax=533
[dump]   top0 idx=533 val=5.48042
[dump]   top1 idx=1424 val=5.03314
[dump]   top2 idx=227 val=4.09944
[dump]   top3 idx=1069 val=3.87601
[dump]   top4 idx=1028 val=3.86890
[dump] L00.att    n=2560    finite=1 absmax=0.7683       mean=-0.00058846  sumsq=25.4313607         argmax=5
[dump]   top0 idx=5 val=0.76830
[dump]   top1 idx=417 val=0.74188
[dump]   top2 idx=67 val=0.67076
[dump]   top3 idx=2342 val=0.53429
[dump]   top4 idx=2325 val=0.38891
[dump] L00.fmix   n=2560    finite=1 absmax=1.9301       mean=0.015139     sumsq=403.7038456        argmax=1682
[dump]   top0 idx=1682 val=1.93007
[dump]   top1 idx=2474 val=1.87568
[dump]   top2 idx=1733 val=1.71622
[dump]   top3 idx=796 val=1.63881
[dump]   top4 idx=707 val=1.60155
[dump] L00.mid    n=10      finite=1 absmax=0 mean=0 sumsq=0 ids: 460 479 15 139 367 339 497 11 340 449
[dump] L00.moe    n=2560    finite=1 absmax=0.25278      mean=0.00049631   sumsq=2.478660716        argmax=1682
[dump]   top0 idx=1682 val=0.25278
[dump]   top1 idx=728 val=0.19798
[dump]   top2 idx=268 val=0.17653
[dump]   top3 idx=579 val=0.16937
[dump]   top4 idx=2238 val=0.16082
[dump] L00.res    n=10240   finite=1 absmax=0.22376      mean=0.00046861   sumsq=2.68966003         argmax=6802
[dump]   top0 idx=6802 val=0.22376
[dump]   top1 idx=5125 val=0.19488
[dump]   top2 idx=5187 val=0.17023
[dump]   top3 idx=5848 val=0.16976
[dump]   top4 idx=6325 val=0.14544
[dump] L01.hcmix  n=2560    finite=1 absmax=3.3298       mean=0.0080204    sumsq=393.5073289        argmax=5
[dump]   top0 idx=5 val=2.73874
[dump]   top1 idx=1487 val=2.47373
[dump]   top2 idx=588 val=2.35275
[dump]   top3 idx=631 val=2.24663
[dump]   top4 idx=1332 val=2.19027
[dump] L01.att    n=2560    finite=1 absmax=1.8405       mean=-0.0069851   sumsq=54.58644429        argmax=331
[dump]   top0 idx=331 val=1.84052
[dump]   top1 idx=1392 val=0.83096
[dump]   top2 idx=736 val=0.58283
[dump]   top3 idx=667 val=0.56447
[dump]   top4 idx=1887 val=0.55677
[dump] L01.fmix   n=2560    finite=1 absmax=2.2863       mean=-0.0050342   sumsq=376.5618558        argmax=5
[dump]   top0 idx=5 val=1.98698
[dump]   top1 idx=227 val=1.60157
[dump]   top2 idx=588 val=1.49117
[dump]   top3 idx=631 val=1.44869
[dump]   top4 idx=533 val=1.34794
[dump] L01.mid    n=10      finite=1 absmax=0 mean=0 sumsq=0 ids: 500 69 154 19 86 306 505 349 249 67
[dump] L01.moe    n=2560    finite=1 absmax=0.037083     mean=0.00012237   sumsq=0.1316567178       argmax=855
[dump]   top0 idx=855 val=0.03708
[dump]   top1 idx=514 val=0.02290
[dump]   top2 idx=2301 val=0.02285
[dump]   top3 idx=2001 val=0.02272
[dump]   top4 idx=1039 val=0.02207
[dump] L01.res    n=10240   finite=1 absmax=0.19381      mean=0.00038819   sumsq=4.057255189        argmax=5125
[dump]   top0 idx=5125 val=0.19381
[dump]   top1 idx=5848 val=0.18028
[dump]   top2 idx=5187 val=0.17100
[dump]   top3 idx=6325 val=0.14429
[dump]   top4 idx=7462 val=0.13034
[dump] L02.hcmix  n=2560    finite=1 absmax=4.2681       mean=0.014027     sumsq=624.1958968        argmax=331
[dump]   top0 idx=331 val=4.26809
[dump]   top1 idx=5 val=3.40997
[dump]   top2 idx=1392 val=2.58546
[dump]   top3 idx=631 val=2.57548
[dump]   top4 idx=588 val=2.50893
[dump] L02.att    n=2560    finite=1 absmax=0.53878      mean=0.0050882    sumsq=32.45874132        argmax=524
[dump]   top0 idx=524 val=0.41053
[dump]   top1 idx=253 val=0.39471
[dump]   top2 idx=1474 val=0.39031
[dump]   top3 idx=693 val=0.38356
[dump]   top4 idx=2151 val=0.38209
[dump] L02.fmix   n=2560    finite=1 absmax=2.8363       mean=0.0079854    sumsq=376.7605745        argmax=67
[dump]   top0 idx=67 val=1.40607
[dump]   top1 idx=631 val=1.38346
[dump]   top2 idx=1881 val=1.35723
[dump]   top3 idx=2342 val=1.29852
[dump]   top4 idx=2272 val=1.29142
[dump] L02.mid    n=10      finite=1 absmax=0 mean=0 sumsq=0 ids: 75 54 492 247 12 480 61 13 272 32
[dump] L02.moe    n=2560    finite=1 absmax=0.07042      mean=0.00058054   sumsq=0.2347088577       argmax=728
[dump]   top0 idx=728 val=0.07042
[dump]   top1 idx=885 val=0.06467
[dump]   top2 idx=951 val=0.06372
[dump]   top3 idx=385 val=0.05262
[dump]   top4 idx=65 val=0.05230
[dump] L02.res    n=10240   finite=1 absmax=0.24007      mean=0.00069179   sumsq=5.009155695        argmax=5848
[dump]   top0 idx=5848 val=0.24007
[dump]   top1 idx=5125 val=0.22073
[dump]   top2 idx=6071 val=0.18221
[dump]   top3 idx=5187 val=0.17799
[dump]   top4 idx=6325 val=0.17167
[dump] L03.hcmix  n=2560    finite=1 absmax=3.7388       mean=0.016092     sumsq=267.2351334        argmax=5
[dump]   top0 idx=5 val=3.73883
[dump]   top1 idx=631 val=2.20187
[dump]   top2 idx=788 val=1.99976
[dump]   top3 idx=588 val=1.69938
[dump]   top4 idx=65 val=1.48339
[dump] L03.att    n=2560    finite=1 absmax=0.4246       mean=-0.0039013   sumsq=17.97692177        argmax=2442
[dump]   top0 idx=2442 val=0.42460
[dump]   top1 idx=551 val=0.31653
[dump]   top2 idx=1890 val=0.28437
[dump]   top3 idx=1930 val=0.26391
[dump]   top4 idx=1395 val=0.25736
[dump] L03.fmix   n=2560    finite=1 absmax=4.2472       mean=0.0059657    sumsq=679.4311356        argmax=67
[dump]   top0 idx=67 val=2.22995
[dump]   top1 idx=728 val=1.96334
[dump]   top2 idx=1930 val=1.93191
[dump]   top3 idx=631 val=1.86391
[dump]   top4 idx=259 val=1.74084
[dump] L03.mid    n=10      finite=1 absmax=0 mean=0 sumsq=0 ids: 101 504 365 190 318 143 231 455 8 441
[dump] L03.moe    n=2560    finite=1 absmax=0.048535     mean=0.00015909   sumsq=0.2911235631       argmax=949
[dump]   top0 idx=949 val=0.04853
[dump]   top1 idx=2140 val=0.04256
[dump]   top2 idx=1096 val=0.03665
[dump]   top3 idx=2172 val=0.03396
[dump]   top4 idx=544 val=0.03007
[dump] L03.res    n=10240   finite=1 absmax=0.23868      mean=0.00064258   sumsq=5.653134752        argmax=5848
[dump]   top0 idx=5848 val=0.23726
[dump]   top1 idx=5125 val=0.22333
[dump]   top2 idx=6071 val=0.18080
[dump]   top3 idx=5187 val=0.17592
[dump]   top4 idx=6325 val=0.17172
[dump] L04.hcmix  n=2560    finite=1 absmax=4.2668       mean=0.025277     sumsq=745.1119174        argmax=5
[dump]   top0 idx=5 val=4.26679
[dump]   top1 idx=331 val=2.59303
[dump]   top2 idx=631 val=2.58461
[dump]   top3 idx=588 val=2.54630
[dump]   top4 idx=92 val=2.45275
[dump] L04.att    n=2560    finite=1 absmax=0.41339      mean=-0.00011437  sumsq=16.11692923        argmax=1653
[dump]   top0 idx=1653 val=0.41339
[dump]   top1 idx=631 val=0.30876
[dump]   top2 idx=2433 val=0.30075
[dump]   top3 idx=372 val=0.30037
[dump]   top4 idx=245 val=0.24823
[dump] L04.fmix   n=2560    finite=1 absmax=3.8952       mean=0.011829     sumsq=793.970371         argmax=1521
[dump]   top0 idx=1521 val=1.99515
[dump]   top1 idx=1205 val=1.86986
[dump]   top2 idx=418 val=1.79627
[dump]   top3 idx=67 val=1.76418
[dump]   top4 idx=1930 val=1.76022
[dump] L04.mid    n=10      finite=1 absmax=0 mean=0 sumsq=0 ids: 106 41 410 496 320 500 252 209 274 453
[dump] L04.moe    n=2560    finite=1 absmax=0.063472     mean=-4.3502e-06  sumsq=0.3103847926       argmax=1653
[dump]   top0 idx=1653 val=0.06347
[dump]   top1 idx=1199 val=0.04123
[dump]   top2 idx=579 val=0.03716
[dump]   top3 idx=2083 val=0.03568
[dump]   top4 idx=1185 val=0.03460
[dump] L04.res    n=10240   finite=1 absmax=0.23797      mean=0.00063593   sumsq=6.710374738        argmax=5848
[dump]   top0 idx=5848 val=0.23706
[dump]   top1 idx=5125 val=0.22401
[dump]   top2 idx=6071 val=0.18004
[dump]   top3 idx=5187 val=0.17536
[dump]   top4 idx=6325 val=0.17266
[dump] L05.hcmix  n=2560    finite=1 absmax=6.4477       mean=0.018648     sumsq=733.7707859        argmax=1653
[dump]   top0 idx=1653 val=6.44768
[dump]   top1 idx=5 val=3.64052
[dump]   top2 idx=588 val=3.17444
[dump]   top3 idx=331 val=2.85109
[dump]   top4 idx=92 val=2.71994
[dump] L05.att    n=2560    finite=1 absmax=0.46474      mean=-0.0014688   sumsq=14.96285706        argmax=593
[dump]   top0 idx=593 val=0.34592
[dump]   top1 idx=1134 val=0.32452
[dump]   top2 idx=1897 val=0.31029
[dump]   top3 idx=1205 val=0.30171
[dump]   top4 idx=1770 val=0.29249
[dump] L05.fmix   n=2560    finite=1 absmax=2.2728       mean=0.010211     sumsq=624.2801839        argmax=631
[dump]   top0 idx=631 val=2.27282
[dump]   top1 idx=1205 val=1.79541
[dump]   top2 idx=753 val=1.65394
[dump]   top3 idx=1521 val=1.58947
[dump]   top4 idx=1512 val=1.49241
[dump] L05.mid    n=10      finite=1 absmax=0 mean=0 sumsq=0 ids: 446 344 169 314 236 468 471 291 302 49
[dump] L05.moe    n=2560    finite=1 absmax=0.037096     mean=0.00029175   sumsq=0.2048556106       argmax=885
[dump]   top0 idx=885 val=0.03710
[dump]   top1 idx=2533 val=0.03465
[dump]   top2 idx=2505 val=0.03181
[dump]   top3 idx=192 val=0.02945
[dump]   top4 idx=2314 val=0.02912
[dump] L05.res    n=10240   finite=1 absmax=0.23763      mean=0.00071537   sumsq=7.604771672        argmax=5848
[dump]   top0 idx=5848 val=0.23660
[dump]   top1 idx=5125 val=0.22392
[dump]   top2 idx=6071 val=0.18015
[dump]   top3 idx=5187 val=0.17521
[dump]   top4 idx=6325 val=0.17386
[dump] L06.hcmix  n=2560    finite=1 absmax=4.3686       mean=0.017145     sumsq=683.1947641        argmax=5
[dump]   top0 idx=5 val=4.36861
[dump]   top1 idx=92 val=2.96748
[dump]   top2 idx=588 val=2.67801
[dump]   top3 idx=2342 val=2.17186
[dump]   top4 idx=951 val=1.94789
[dump] L06.att    n=2560    finite=1 absmax=1.1379       mean=-0.0012611   sumsq=54.98007961        argmax=951
[dump]   top0 idx=951 val=1.13785
[dump]   top1 idx=482 val=1.12448
[dump]   top2 idx=728 val=0.74688
[dump]   top3 idx=1682 val=0.59414
[dump]   top4 idx=1359 val=0.57738
[dump] L06.fmix   n=2560    finite=1 absmax=2.9523       mean=0.015496     sumsq=896.5864327        argmax=631
[dump]   top0 idx=631 val=2.58779
[dump]   top1 idx=1521 val=2.02727
[dump]   top2 idx=1523 val=1.96824
[dump]   top3 idx=67 val=1.93594
[dump]   top4 idx=1512 val=1.81500
[dump] L06.mid    n=10      finite=1 absmax=0 mean=0 sumsq=0 ids: 51 152 159 91 432 109 165 375 123 223
[dump] L06.moe    n=2560    finite=1 absmax=0.064576     mean=0.00056861   sumsq=0.3420305757       argmax=2453
[dump]   top0 idx=2453 val=0.06458
[dump]   top1 idx=528 val=0.04686
[dump]   top2 idx=1716 val=0.04523
[dump]   top3 idx=1102 val=0.04446
[dump]   top4 idx=513 val=0.04437
[dump] L06.res    n=10240   finite=1 absmax=0.23711      mean=0.00091278   sumsq=8.155964231        argmax=5848
[dump]   top0 idx=5848 val=0.23711
[dump]   top1 idx=5125 val=0.22281
[dump]   top2 idx=7772 val=0.19132
[dump]   top3 idx=6071 val=0.18012
[dump]   top4 idx=5187 val=0.17793
[dump] L07.hcmix  n=2560    finite=1 absmax=3.6812       mean=0.02006      sumsq=348.3727403        argmax=5
[dump]   top0 idx=5 val=3.68115
[dump]   top1 idx=588 val=1.56489
[dump]   top2 idx=2342 val=1.38987
[dump]   top3 idx=631 val=1.37969
[dump]   top4 idx=482 val=1.33608
[dump] L07.att    n=2560    finite=1 absmax=0.68756      mean=0.0010802    sumsq=30.07755686        argmax=2293
[dump]   top0 idx=2293 val=0.48860
[dump]   top1 idx=2180 val=0.46088
[dump]   top2 idx=1795 val=0.42530
[dump]   top3 idx=1076 val=0.40983
[dump]   top4 idx=1345 val=0.39992
[dump] L07.fmix   n=2560    finite=1 absmax=2.2114       mean=0.019415     sumsq=674.933203         argmax=1521
[dump]   top0 idx=1521 val=1.73966
[dump]   top1 idx=2433 val=1.68581
[dump]   top2 idx=259 val=1.59192
[dump]   top3 idx=631 val=1.55007
[dump]   top4 idx=205 val=1.48145
[dump] L07.mid    n=10      finite=1 absmax=0 mean=0 sumsq=0 ids: 87 242 445 358 252 193 191 8 194 163
[dump] L07.moe    n=2560    finite=1 absmax=0.049382     mean=0.00028688   sumsq=0.2854315547       argmax=2453
[dump]   top0 idx=2453 val=0.04024
[dump]   top1 idx=757 val=0.03695
[dump]   top2 idx=2258 val=0.03607
[dump]   top3 idx=526 val=0.03421
[dump]   top4 idx=1712 val=0.03407
[dump] L07.res    n=10240   finite=1 absmax=0.25358      mean=0.0011052    sumsq=9.148182074        argmax=5848
[dump]   top0 idx=5848 val=0.23357
[dump]   top1 idx=5125 val=0.22261
[dump]   top2 idx=7772 val=0.21462
[dump]   top3 idx=9475 val=0.20313
[dump]   top4 idx=6325 val=0.17973
[dump] L08.hcmix  n=2560    finite=1 absmax=3.2959       mean=0.026408     sumsq=652.1898516        argmax=631
[dump]   top0 idx=631 val=3.29595
[dump]   top1 idx=588 val=2.73180
[dump]   top2 idx=2477 val=2.26376
[dump]   top3 idx=92 val=2.23999
[dump]   top4 idx=2097 val=2.07093
[dump] L08.att    n=2560    finite=1 absmax=0.099454     mean=9.9759e-05   sumsq=1.497739548        argmax=799
[dump]   top0 idx=799 val=0.09945
[dump]   top1 idx=1499 val=0.09028
[dump]   top2 idx=582 val=0.08787
[dump]   top3 idx=706 val=0.08288
[dump]   top4 idx=1043 val=0.08235
[dump] L08.fmix   n=2560    finite=1 absmax=2.4999       mean=0.026921     sumsq=685.8541054        argmax=631
[dump]   top0 idx=631 val=2.49986
[dump]   top1 idx=2433 val=1.71475
[dump]   top2 idx=1930 val=1.63777
[dump]   top3 idx=744 val=1.62278
[dump]   top4 idx=1899 val=1.54297
[dump] L08.mid    n=10      finite=1 absmax=0 mean=0 sumsq=0 ids: 263 181 134 360 462 175 46 183 219 387
[dump] L08.moe    n=2560    finite=1 absmax=0.045111     mean=-0.00039719  sumsq=0.4691805804       argmax=3
[dump]   top0 idx=3 val=0.04511
[dump]   top1 idx=1595 val=0.03987
[dump]   top2 idx=1455 val=0.03981
[dump]   top3 idx=1388 val=0.03951
[dump]   top4 idx=1153 val=0.03931
[dump] L08.res    n=10240   finite=1 absmax=0.26553      mean=0.00097257   sumsq=9.99645069         argmax=7772
[dump]   top0 idx=7772 val=0.23575
[dump]   top1 idx=5848 val=0.23375
[dump]   top2 idx=5125 val=0.22254
[dump]   top3 idx=9475 val=0.21815
[dump]   top4 idx=6325 val=0.17999
[dump] L09.hcmix  n=2560    finite=1 absmax=3.0085       mean=0.019553     sumsq=764.2125693        argmax=92
[dump]   top0 idx=92 val=3.00855
[dump]   top1 idx=1205 val=2.86229
[dump]   top2 idx=2083 val=2.03132
[dump]   top3 idx=1353 val=1.86933
[dump]   top4 idx=2477 val=1.83571
[dump] L09.att    n=2560    finite=1 absmax=0.34943      mean=0.002537     sumsq=16.9784531         argmax=2393
[dump]   top0 idx=2393 val=0.34943
[dump]   top1 idx=1332 val=0.28985
[dump]   top2 idx=1378 val=0.28379
[dump]   top3 idx=1413 val=0.27548
[dump]   top4 idx=149 val=0.25722
[dump] L09.fmix   n=2560    finite=1 absmax=2.5046       mean=0.027229     sumsq=723.4984182        argmax=92
[dump]   top0 idx=92 val=2.50457
[dump]   top1 idx=1205 val=2.11876
[dump]   top2 idx=2433 val=1.92712
[dump]   top3 idx=631 val=1.71575
[dump]   top4 idx=1180 val=1.57386
[dump] L09.mid    n=10      finite=1 absmax=0 mean=0 sumsq=0 ids: 264 430 142 376 478 68 153 26 488 218
[dump] L09.moe    n=2560    finite=1 absmax=0.03623      mean=5.0349e-05   sumsq=0.2683054389       argmax=1395
[dump]   top0 idx=1395 val=0.03588
[dump]   top1 idx=105 val=0.03324
[dump]   top2 idx=1652 val=0.03323
[dump]   top3 idx=705 val=0.03225
[dump]   top4 idx=2206 val=0.03080
[dump] L09.res    n=10240   finite=1 absmax=0.26544      mean=0.0010635    sumsq=10.2775506         argmax=7772
[dump]   top0 idx=7772 val=0.23934
[dump]   top1 idx=5848 val=0.23372
[dump]   top2 idx=9475 val=0.22832
[dump]   top3 idx=5125 val=0.22253
[dump]   top4 idx=6325 val=0.17993
[dump] L10.hcmix  n=2560    finite=1 absmax=3.1881       mean=0.029011     sumsq=878.255975         argmax=92
[dump]   top0 idx=92 val=3.18813
[dump]   top1 idx=1205 val=2.85185
[dump]   top2 idx=631 val=2.81842
[dump]   top3 idx=588 val=2.54431
[dump]   top4 idx=5 val=2.18612
[dump] L10.att    n=2560    finite=1 absmax=0.37774      mean=-0.00018343  sumsq=17.42573131        argmax=728
[dump]   top0 idx=728 val=0.37774
[dump]   top1 idx=1912 val=0.34454
[dump]   top2 idx=508 val=0.33750
[dump]   top3 idx=816 val=0.32625
[dump]   top4 idx=2521 val=0.30066
[dump] L10.fmix   n=2560    finite=1 absmax=1.9376       mean=0.0197       sumsq=621.4629393        argmax=631
[dump]   top0 idx=631 val=1.83713
[dump]   top1 idx=92 val=1.83072
[dump]   top2 idx=2433 val=1.63687
[dump]   top3 idx=1512 val=1.63580
[dump]   top4 idx=1225 val=1.53971
[dump] L10.mid    n=10      finite=1 absmax=0 mean=0 sumsq=0 ids: 355 461 97 495 417 387 373 322 203 18
[dump] L10.moe    n=2560    finite=1 absmax=0.036745     mean=-0.00018333  sumsq=0.2975601803       argmax=86
[dump]   top0 idx=86 val=0.03675
[dump]   top1 idx=2105 val=0.03484
[dump]   top2 idx=2276 val=0.03380
[dump]   top3 idx=618 val=0.03344
[dump]   top4 idx=1253 val=0.03264
[dump] L10.res    n=10240   finite=1 absmax=0.27127      mean=0.00097105   sumsq=10.87822906        argmax=5848
[dump]   top0 idx=5848 val=0.23417
[dump]   top1 idx=9475 val=0.22437
[dump]   top2 idx=5125 val=0.22258
[dump]   top3 idx=7772 val=0.22131
[dump]   top4 idx=6325 val=0.17985
[dump] L11.hcmix  n=2560    finite=1 absmax=2.9044       mean=0.013731     sumsq=340.3257114        argmax=5
[dump]   top0 idx=5 val=2.90439
[dump]   top1 idx=728 val=1.65801
[dump]   top2 idx=951 val=1.46993
[dump]   top3 idx=631 val=1.31556
[dump]   top4 idx=418 val=1.24846
[dump] L11.att    n=2560    finite=1 absmax=0.39635      mean=0.0011302    sumsq=20.55488619        argmax=892
[dump]   top0 idx=892 val=0.30297
[dump]   top1 idx=2448 val=0.30232
[dump]   top2 idx=480 val=0.28551
[dump]   top3 idx=2206 val=0.27227
[dump]   top4 idx=104 val=0.27179
[dump] L11.fmix   n=2560    finite=1 absmax=2.6947       mean=0.015354     sumsq=624.5528046        argmax=631
[dump]   top0 idx=631 val=2.69468
[dump]   top1 idx=2433 val=1.79182
[dump]   top2 idx=92 val=1.57894
[dump]   top3 idx=1512 val=1.56367
[dump]   top4 idx=1182 val=1.48199
[dump] L11.mid    n=10      finite=1 absmax=0 mean=0 sumsq=0 ids: 323 418 508 166 261 273 430 48 371 120
[dump] L11.moe    n=2560    finite=1 absmax=0.050602     mean=-0.00027957  sumsq=0.4533296595       argmax=1957
[dump]   top0 idx=1957 val=0.04558
[dump]   top1 idx=1642 val=0.03954
[dump]   top2 idx=568 val=0.03847
[dump]   top3 idx=1572 val=0.03786
[dump]   top4 idx=157 val=0.03652
[dump] L11.res    n=10240   finite=1 absmax=0.27036      mean=0.0008569    sumsq=11.97338937        argmax=5848
[dump]   top0 idx=5848 val=0.23364
[dump]   top1 idx=9475 val=0.22552
[dump]   top2 idx=7772 val=0.22437
[dump]   top3 idx=5125 val=0.22236
[dump]   top4 idx=6325 val=0.17963
[dump] L12.hcmix  n=2560    finite=1 absmax=3.2851       mean=0.011144     sumsq=905.2249479        argmax=5
[dump]   top0 idx=5 val=2.64096
[dump]   top1 idx=1795 val=2.49082
[dump]   top2 idx=1205 val=2.25237
[dump]   top3 idx=92 val=2.01908
[dump]   top4 idx=481 val=1.90697
[dump] L12.att    n=2560    finite=1 absmax=0.40756      mean=-0.00049341  sumsq=19.05186943        argmax=728
[dump]   top0 idx=728 val=0.30898
[dump]   top1 idx=1432 val=0.30688
[dump]   top2 idx=539 val=0.29284
[dump]   top3 idx=729 val=0.28580
[dump]   top4 idx=793 val=0.27970
[dump] L12.fmix   n=2560    finite=1 absmax=2.2581       mean=0.014285     sumsq=651.3023399        argmax=631
[dump]   top0 idx=631 val=2.25805
[dump]   top1 idx=2433 val=1.85225
[dump]   top2 idx=1205 val=1.83591
[dump]   top3 idx=92 val=1.77332
[dump]   top4 idx=65 val=1.76445
[dump] L12.mid    n=10      finite=1 absmax=0 mean=0 sumsq=0 ids: 421 0 433 63 277 283 390 21 37 52
[dump] L12.moe    n=2560    finite=1 absmax=0.049973     mean=-0.00022836  sumsq=0.241563747        argmax=667
[dump]   top0 idx=667 val=0.03802
[dump]   top1 idx=915 val=0.03363
[dump]   top2 idx=761 val=0.03235
[dump]   top3 idx=2324 val=0.02954
[dump]   top4 idx=235 val=0.02951
[dump] L12.res    n=10240   finite=1 absmax=0.27917      mean=0.00067689   sumsq=13.18665878        argmax=5848
[dump]   top0 idx=5848 val=0.23400
[dump]   top1 idx=9475 val=0.23184
[dump]   top2 idx=7772 val=0.22809
[dump]   top3 idx=5125 val=0.22234
[dump]   top4 idx=8311 val=0.18622
[dump] L13.hcmix  n=2560    finite=1 absmax=2.7746       mean=0.0071098    sumsq=1056.381753        argmax=1205
[dump]   top0 idx=1205 val=2.40648
[dump]   top1 idx=667 val=2.09718
[dump]   top2 idx=1406 val=2.04737
[dump]   top3 idx=728 val=2.01865
[dump]   top4 idx=1054 val=1.95826
[dump] L13.att    n=2560    finite=1 absmax=0.25547      mean=0.00013456   sumsq=6.8502737          argmax=728
[dump]   top0 idx=728 val=0.25547
[dump]   top1 idx=951 val=0.23949
[dump]   top2 idx=1795 val=0.23121
[dump]   top3 idx=2445 val=0.19716
[dump]   top4 idx=788 val=0.18070
[dump] L13.fmix   n=2560    finite=1 absmax=2.2341       mean=0.00045116   sumsq=623.8629058        argmax=728
[dump]   top0 idx=728 val=2.23413
[dump]   top1 idx=951 val=1.99681
[dump]   top2 idx=1301 val=1.73808
[dump]   top3 idx=2453 val=1.63737
[dump]   top4 idx=1616 val=1.58535
[dump] L13.mid    n=10      finite=1 absmax=0 mean=0 sumsq=0 ids: 259 387 265 97 273 91 357 468 224 93
[dump] L13.moe    n=2560    finite=1 absmax=0.071206     mean=-3.4995e-05  sumsq=1.043608806        argmax=2480
[dump]   top0 idx=2480 val=0.07121
[dump]   top1 idx=2401 val=0.06365
[dump]   top2 idx=2525 val=0.06167
[dump]   top3 idx=1977 val=0.06166
[dump]   top4 idx=2378 val=0.06125
[dump] L13.res    n=10240   finite=1 absmax=0.27938      mean=0.00066486   sumsq=16.37401971        argmax=9475
[dump]   top0 idx=9475 val=0.24679
[dump]   top1 idx=5848 val=0.23484
[dump]   top2 idx=7772 val=0.22276
[dump]   top3 idx=5125 val=0.22234
[dump]   top4 idx=8311 val=0.18163
[dump] L14.hcmix  n=2560    finite=1 absmax=2.622        mean=0.0099068    sumsq=910.0875018        argmax=1795
[dump]   top0 idx=1795 val=2.62202
[dump]   top1 idx=728 val=2.61220
[dump]   top2 idx=983 val=2.28519
[dump]   top3 idx=1616 val=2.00735
[dump]   top4 idx=951 val=1.87859
[dump] L14.att    n=2560    finite=1 absmax=0.47416      mean=0.00094813   sumsq=18.84996029        argmax=482
[dump]   top0 idx=482 val=0.47416
[dump]   top1 idx=2433 val=0.43240
[dump]   top2 idx=689 val=0.42266
[dump]   top3 idx=2215 val=0.38139
[dump]   top4 idx=360 val=0.37964
[dump] L14.fmix   n=2560    finite=1 absmax=2.1727       mean=0.0087747    sumsq=663.4984731        argmax=728
[dump]   top0 idx=728 val=2.17269
[dump]   top1 idx=631 val=2.02633
[dump]   top2 idx=1512 val=1.92156
[dump]   top3 idx=1482 val=1.74347
[dump]   top4 idx=1616 val=1.74068
[dump] L14.mid    n=10      finite=1 absmax=0 mean=0 sumsq=0 ids: 335 398 506 212 473 138 312 151 108 402
[dump] L14.moe    n=2560    finite=1 absmax=0.031193     mean=-0.00027235  sumsq=0.1156921226       argmax=1827
[dump]   top0 idx=1827 val=0.03119
[dump]   top1 idx=875 val=0.02822
[dump]   top2 idx=1603 val=0.02458
[dump]   top3 idx=1039 val=0.02200
[dump]   top4 idx=2473 val=0.02010
[dump] L14.res    n=10240   finite=1 absmax=0.28367      mean=0.00055742   sumsq=17.05931098        argmax=9475
[dump]   top0 idx=9475 val=0.25411
[dump]   top1 idx=5848 val=0.23354
[dump]   top2 idx=7772 val=0.22575
[dump]   top3 idx=5125 val=0.22157
[dump]   top4 idx=9071 val=0.18461
[dump] L15.hcmix  n=2560    finite=1 absmax=1.3887       mean=0.003222     sumsq=233.3514334        argmax=667
[dump]   top0 idx=667 val=1.25967
[dump]   top1 idx=728 val=1.17335
[dump]   top2 idx=788 val=1.13949
[dump]   top3 idx=793 val=1.12706
[dump]   top4 idx=2121 val=1.11203
[dump] L15.att    n=2560    finite=1 absmax=0.36975      mean=-0.0027884   sumsq=14.35248449        argmax=1359
[dump]   top0 idx=1359 val=0.36975
[dump]   top1 idx=1879 val=0.30426
[dump]   top2 idx=808 val=0.29591
[dump]   top3 idx=1227 val=0.26278
[dump]   top4 idx=1716 val=0.26229
[dump] L15.fmix   n=2560    finite=1 absmax=4.4971       mean=-0.0078008   sumsq=1489.531083        argmax=728
[dump]   top0 idx=728 val=4.49712
[dump]   top1 idx=2238 val=2.83184
[dump]   top2 idx=1512 val=2.52857
[dump]   top3 idx=320 val=2.48883
[dump]   top4 idx=836 val=2.48140
[dump] L15.mid    n=10      finite=1 absmax=0 mean=0 sumsq=0 ids: 494 289 207 405 288 192 174 283 199 385
[dump] L15.moe    n=2560    finite=1 absmax=0.047846     mean=-2.6157e-05  sumsq=0.4397440986       argmax=1408
[dump]   top0 idx=1408 val=0.04785
[dump]   top1 idx=652 val=0.04702
[dump]   top2 idx=158 val=0.04555
[dump]   top3 idx=1212 val=0.04077
[dump]   top4 idx=654 val=0.04065
[dump] L15.res    n=10240   finite=1 absmax=0.27775      mean=0.00038247   sumsq=15.63730332        argmax=9475
[dump]   top0 idx=9475 val=0.24659
[dump]   top1 idx=5848 val=0.23408
[dump]   top2 idx=7772 val=0.22404
[dump]   top3 idx=5125 val=0.22089
[dump]   top4 idx=9071 val=0.18212
[dump] L16.hcmix  n=2560    finite=1 absmax=2.7789       mean=-0.0073558   sumsq=1047.574593        argmax=2121
[dump]   top0 idx=2121 val=2.77889
[dump]   top1 idx=1947 val=2.60441
[dump]   top2 idx=1795 val=2.38287
[dump]   top3 idx=1406 val=2.22273
[dump]   top4 idx=129 val=2.10049
[dump] L16.att    n=2560    finite=1 absmax=0.23801      mean=-0.0010036   sumsq=5.928032844        argmax=2057
[dump]   top0 idx=2057 val=0.23801
[dump]   top1 idx=713 val=0.17199
[dump]   top2 idx=2184 val=0.16761
[dump]   top3 idx=1076 val=0.15927
[dump]   top4 idx=2054 val=0.15925
[dump] L16.fmix   n=2560    finite=1 absmax=2.6263       mean=-0.0093293   sumsq=1230.401047        argmax=1512
[dump]   top0 idx=1512 val=2.50158
[dump]   top1 idx=320 val=2.49292
[dump]   top2 idx=836 val=2.16687
[dump]   top3 idx=728 val=2.06556
[dump]   top4 idx=667 val=2.03977
[dump] L16.mid    n=10      finite=1 absmax=0 mean=0 sumsq=0 ids: 243 58 228 391 263 272 278 487 142 429
[dump] L16.moe    n=2560    finite=1 absmax=0.061115     mean=4.033e-05    sumsq=0.6338470164       argmax=2532
[dump]   top0 idx=2532 val=0.06111
[dump]   top1 idx=1058 val=0.04736
[dump]   top2 idx=787 val=0.04567
[dump]   top3 idx=812 val=0.04544
[dump]   top4 idx=333 val=0.04534
[dump] L16.res    n=10240   finite=1 absmax=0.27785      mean=0.00033786   sumsq=16.6231635         argmax=9475
[dump]   top0 idx=9475 val=0.24231
[dump]   top1 idx=5848 val=0.23384
[dump]   top2 idx=7772 val=0.22133
[dump]   top3 idx=5125 val=0.22077
[dump]   top4 idx=6325 val=0.18025
[dump] L17.hcmix  n=2560    finite=1 absmax=2.8294       mean=-0.0036503   sumsq=1095.283814        argmax=1947
[dump]   top0 idx=1947 val=2.82942
[dump]   top1 idx=1406 val=2.29383
[dump]   top2 idx=1795 val=2.24307
[dump]   top3 idx=812 val=2.19921
[dump]   top4 idx=1205 val=2.09256
[dump] L17.att    n=2560    finite=1 absmax=0.24499      mean=0.00042067   sumsq=5.050191271        argmax=1984
[dump]   top0 idx=1984 val=0.24499
[dump]   top1 idx=871 val=0.18381
[dump]   top2 idx=394 val=0.18378
[dump]   top3 idx=177 val=0.17093
[dump]   top4 idx=390 val=0.14135
[dump] L17.fmix   n=2560    finite=1 absmax=2.2367       mean=-0.0052862   sumsq=997.7909309        argmax=1512
[dump]   top0 idx=1512 val=1.99885
[dump]   top1 idx=1482 val=1.99753
[dump]   top2 idx=812 val=1.97530
[dump]   top3 idx=793 val=1.81576
[dump]   top4 idx=2480 val=1.74465
[dump] L17.mid    n=10      finite=1 absmax=0 mean=0 sumsq=0 ids: 136 499 139 363 209 486 84 471 422 365
[dump] L17.moe    n=2560    finite=1 absmax=0.037595     mean=0.00029176   sumsq=0.2542919255       argmax=946
[dump]   top0 idx=946 val=0.03759
[dump]   top1 idx=928 val=0.03660
[dump]   top2 idx=1696 val=0.03285
[dump]   top3 idx=268 val=0.03051
[dump]   top4 idx=290 val=0.03024
[dump] L17.res    n=10240   finite=1 absmax=0.27573      mean=0.00057252   sumsq=16.2093228         argmax=9475
[dump]   top0 idx=9475 val=0.23905
[dump]   top1 idx=5848 val=0.23351
[dump]   top2 idx=7772 val=0.22328
[dump]   top3 idx=5125 val=0.22093
[dump]   top4 idx=508 val=0.18525
[dump] L18.hcmix  n=2560    finite=1 absmax=2.6777       mean=0.010088     sumsq=1053.74649         argmax=1947
[dump]   top0 idx=1947 val=2.67775
[dump]   top1 idx=1205 val=2.65533
[dump]   top2 idx=1616 val=2.53718
[dump]   top3 idx=508 val=2.43457
[dump]   top4 idx=2121 val=2.17303
[dump] L18.att    n=2560    finite=1 absmax=0.29796      mean=-0.00065621  sumsq=5.907470949        argmax=482
[dump]   top0 idx=482 val=0.29796
[dump]   top1 idx=167 val=0.22200
[dump]   top2 idx=1509 val=0.18076
[dump]   top3 idx=1134 val=0.16902
[dump]   top4 idx=689 val=0.16717
[dump] L18.fmix   n=2560    finite=1 absmax=2.5169       mean=0.0063878    sumsq=902.0845559        argmax=588
[dump]   top0 idx=588 val=2.17366
[dump]   top1 idx=65 val=2.15759
[dump]   top2 idx=631 val=2.05667
[dump]   top3 idx=2491 val=2.03564
[dump]   top4 idx=1616 val=1.95321
[dump] L18.mid    n=10      finite=1 absmax=0 mean=0 sumsq=0 ids: 131 264 29 448 211 353 347 101 24 87
[dump] L18.moe    n=2560    finite=1 absmax=0.04661      mean=0.0001479    sumsq=0.3381845036       argmax=2356
[dump]   top0 idx=2356 val=0.04661
[dump]   top1 idx=2198 val=0.03896
[dump]   top2 idx=86 val=0.03373
[dump]   top3 idx=1251 val=0.03268
[dump]   top4 idx=349 val=0.03160
[dump] L18.res    n=10240   finite=1 absmax=0.30419      mean=0.00062733   sumsq=17.53389358        argmax=9475
[dump]   top0 idx=9475 val=0.24829
[dump]   top1 idx=5848 val=0.23347
[dump]   top2 idx=5125 val=0.22087
[dump]   top3 idx=7772 val=0.22003
[dump]   top4 idx=482 val=0.18934
[dump] L19.hcmix  n=2560    finite=1 absmax=2.0095       mean=0.0087498    sumsq=392.3274357        argmax=1947
[dump]   top0 idx=1947 val=2.00950
[dump]   top1 idx=1741 val=1.84469
[dump]   top2 idx=482 val=1.73108
[dump]   top3 idx=728 val=1.58038
[dump]   top4 idx=951 val=1.43391
[dump] L19.att    n=2560    finite=1 absmax=0.44808      mean=0.0013213    sumsq=17.71791695        argmax=1227
[dump]   top0 idx=1227 val=0.42437
[dump]   top1 idx=694 val=0.34947
[dump]   top2 idx=742 val=0.34388
[dump]   top3 idx=356 val=0.32876
[dump]   top4 idx=2359 val=0.32269
[dump] L19.fmix   n=2560    finite=1 absmax=2.3617       mean=0.005131     sumsq=1171.377601        argmax=2390
[dump]   top0 idx=2390 val=2.04944
[dump]   top1 idx=667 val=2.01599
[dump]   top2 idx=2499 val=1.97557
[dump]   top3 idx=2261 val=1.95818
[dump]   top4 idx=1918 val=1.93755
[dump] L19.mid    n=10      finite=1 absmax=0 mean=0 sumsq=0 ids: 31 121 377 222 315 490 173 162 291 342
[dump] L19.moe    n=2560    finite=1 absmax=0.04769      mean=0.00038963   sumsq=0.3037716982       argmax=105
[dump]   top0 idx=105 val=0.04769
[dump]   top1 idx=25 val=0.03715
[dump]   top2 idx=1466 val=0.03568
[dump]   top3 idx=1265 val=0.03483
[dump]   top4 idx=2048 val=0.03379
[dump] L19.res    n=10240   finite=1 absmax=0.30099      mean=0.0010016    sumsq=17.40236821        argmax=9475
[dump]   top0 idx=9475 val=0.24898
[dump]   top1 idx=5848 val=0.23407
[dump]   top2 idx=5125 val=0.22050
[dump]   top3 idx=7772 val=0.21340
[dump]   top4 idx=3084 val=0.20235
[dump] L20.hcmix  n=2560    finite=1 absmax=2.7829       mean=0.016103     sumsq=984.7664746        argmax=1947
[dump]   top0 idx=1947 val=2.46119
[dump]   top1 idx=359 val=2.43554
[dump]   top2 idx=1461 val=2.39521
[dump]   top3 idx=951 val=2.29271
[dump]   top4 idx=2238 val=2.17171
[dump] L20.att    n=2560    finite=1 absmax=0.57707      mean=-0.002434    sumsq=18.45961727        argmax=717
[dump]   top0 idx=717 val=0.42136
[dump]   top1 idx=1641 val=0.40737
[dump]   top2 idx=1132 val=0.35952
[dump]   top3 idx=2293 val=0.34370
[dump]   top4 idx=1653 val=0.31131
[dump] L20.fmix   n=2560    finite=1 absmax=3.327        mean=0.010779     sumsq=1396.986087        argmax=1466
[dump]   top0 idx=1466 val=2.80592
[dump]   top1 idx=2481 val=2.15175
[dump]   top2 idx=25 val=2.13935
[dump]   top3 idx=1918 val=2.10738
[dump]   top4 idx=2261 val=2.04517
[dump] L20.mid    n=10      finite=1 absmax=0 mean=0 sumsq=0 ids: 485 387 442 179 258 296 168 40 410 307
[dump] L20.moe    n=2560    finite=1 absmax=0.046495     mean=0.00042151   sumsq=0.4187794794       argmax=662
[dump]   top0 idx=662 val=0.04629
[dump]   top1 idx=1450 val=0.03984
[dump]   top2 idx=960 val=0.03939
[dump]   top3 idx=1168 val=0.03848
[dump]   top4 idx=1736 val=0.03831
[dump] L20.res    n=10240   finite=1 absmax=0.29838      mean=0.0010205    sumsq=17.19857311        argmax=9475
[dump]   top0 idx=9475 val=0.25934
[dump]   top1 idx=5848 val=0.23350
[dump]   top2 idx=5125 val=0.22035
[dump]   top3 idx=3084 val=0.21356
[dump]   top4 idx=7772 val=0.20836
[dump] L21.hcmix  n=2560    finite=1 absmax=3.317        mean=0.028005     sumsq=1153.350209        argmax=524
[dump]   top0 idx=524 val=2.84658
[dump]   top1 idx=588 val=2.62525
[dump]   top2 idx=359 val=2.49964
[dump]   top3 idx=1716 val=2.25649
[dump]   top4 idx=1795 val=2.21829
[dump] L21.att    n=2560    finite=1 absmax=0.32979      mean=0.0014989    sumsq=2.651950306        argmax=951
[dump]   top0 idx=951 val=0.32979
[dump]   top1 idx=192 val=0.23110
[dump]   top2 idx=728 val=0.19303
[dump]   top3 idx=508 val=0.16999
[dump]   top4 idx=993 val=0.15369
[dump] L21.fmix   n=2560    finite=1 absmax=3.3598       mean=0.038976     sumsq=1389.988843        argmax=65
[dump]   top0 idx=65 val=2.67891
[dump]   top1 idx=1466 val=2.55558
[dump]   top2 idx=1696 val=2.44722
[dump]   top3 idx=1918 val=2.44704
[dump]   top4 idx=524 val=2.25283
[dump] L21.mid    n=10      finite=1 absmax=0 mean=0 sumsq=0 ids: 255 25 346 118 418 379 313 369 57 131
[dump] L21.moe    n=2560    finite=1 absmax=0.046287     mean=-8.3913e-05  sumsq=0.4618109423       argmax=465
[dump]   top0 idx=465 val=0.04629
[dump]   top1 idx=856 val=0.04159
[dump]   top2 idx=2233 val=0.04050
[dump]   top3 idx=1377 val=0.04009
[dump]   top4 idx=1723 val=0.03829
[dump] L21.res    n=10240   finite=1 absmax=0.28495      mean=0.0012413    sumsq=17.26096781        argmax=9475
[dump]   top0 idx=9475 val=0.25250
[dump]   top1 idx=5848 val=0.23364
[dump]   top2 idx=3084 val=0.23309
[dump]   top3 idx=5125 val=0.21982
[dump]   top4 idx=7772 val=0.20219
[dump] L22.hcmix  n=2560    finite=1 absmax=4.2929       mean=0.032793     sumsq=791.0494962        argmax=5
[dump]   top0 idx=5 val=4.29294
[dump]   top1 idx=588 val=3.20318
[dump]   top2 idx=65 val=2.45159
[dump]   top3 idx=1716 val=2.43944
[dump]   top4 idx=524 val=2.35422
[dump] L22.att    n=2560    finite=1 absmax=0.66976      mean=0.00091721   sumsq=7.301631323        argmax=268
[dump]   top0 idx=268 val=0.66976
[dump]   top1 idx=2238 val=0.38035
[dump]   top2 idx=728 val=0.34847
[dump]   top3 idx=951 val=0.32286
[dump]   top4 idx=631 val=0.27690
[dump] L22.fmix   n=2560    finite=1 absmax=3.2478       mean=0.02735      sumsq=1014.25302         argmax=65
[dump]   top0 idx=65 val=2.35597
[dump]   top1 idx=67 val=2.11067
[dump]   top2 idx=1857 val=2.02535
[dump]   top3 idx=1466 val=2.01801
[dump]   top4 idx=631 val=1.96651
[dump] L22.mid    n=10      finite=1 absmax=0 mean=0 sumsq=0 ids: 279 301 504 50 364 205 454 460 287 135
[dump] L22.moe    n=2560    finite=1 absmax=0.068387     mean=4.9448e-05   sumsq=0.4986585838       argmax=1313
[dump]   top0 idx=1313 val=0.06839
[dump]   top1 idx=1273 val=0.05517
[dump]   top2 idx=227 val=0.05199
[dump]   top3 idx=1237 val=0.05019
[dump]   top4 idx=1634 val=0.04655
[dump] L22.res    n=10240   finite=1 absmax=0.31926      mean=0.0013438    sumsq=19.66202228        argmax=5848
[dump]   top0 idx=5848 val=0.31926
[dump]   top1 idx=6071 val=0.25967
[dump]   top2 idx=5125 val=0.25241
[dump]   top3 idx=7358 val=0.25072
[dump]   top4 idx=3084 val=0.23501
[dump] L23.hcmix  n=2560    finite=1 absmax=2.7028       mean=0.014413     sumsq=303.680027         argmax=5
[dump]   top0 idx=5 val=2.70277
[dump]   top1 idx=631 val=1.76927
[dump]   top2 idx=1741 val=1.57061
[dump]   top3 idx=524 val=1.52863
[dump]   top4 idx=1947 val=1.51129
[dump] L23.att    n=2560    finite=1 absmax=0.43151      mean=0.00117      sumsq=13.48886307        argmax=2517
[dump]   top0 idx=2517 val=0.32682
[dump]   top1 idx=784 val=0.31868
[dump]   top2 idx=1790 val=0.30215
[dump]   top3 idx=86 val=0.28638
[dump]   top4 idx=1135 val=0.27823
[dump] L23.fmix   n=2560    finite=1 absmax=2.6573       mean=0.023742     sumsq=1543.685224        argmax=1947
[dump]   top0 idx=1947 val=2.51897
[dump]   top1 idx=2215 val=2.51327
[dump]   top2 idx=1798 val=2.50808
[dump]   top3 idx=67 val=2.48758
[dump]   top4 idx=1466 val=2.44831
[dump] L23.mid    n=10      finite=1 absmax=0 mean=0 sumsq=0 ids: 356 128 480 355 45 342 334 107 77 354
[dump] L23.moe    n=2560    finite=1 absmax=0.081023     mean=0.00015314   sumsq=1.047192971        argmax=1301
[dump]   top0 idx=1301 val=0.08102
[dump]   top1 idx=1354 val=0.07369
[dump]   top2 idx=1525 val=0.06756
[dump]   top3 idx=2286 val=0.05822
[dump]   top4 idx=2139 val=0.05810
[dump] L23.res    n=10240   finite=1 absmax=0.36026      mean=0.0014586    sumsq=20.14957861        argmax=5848
[dump]   top0 idx=5848 val=0.31686
[dump]   top1 idx=6071 val=0.25631
[dump]   top2 idx=5125 val=0.25357
[dump]   top3 idx=7358 val=0.25308
[dump]   top4 idx=7772 val=0.24558
[dump] L24.hcmix  n=2560    finite=1 absmax=3.1411       mean=0.036014     sumsq=876.3703712        argmax=631
[dump]   top0 idx=631 val=3.14106
[dump]   top1 idx=1716 val=2.58483
[dump]   top2 idx=2097 val=2.57951
[dump]   top3 idx=1205 val=2.44050
[dump]   top4 idx=524 val=2.34773
[dump] L24.att    n=2560    finite=1 absmax=0.13081      mean=-0.00026847  sumsq=1.490897299        argmax=1586
[dump]   top0 idx=1586 val=0.10811
[dump]   top1 idx=895 val=0.10467
[dump]   top2 idx=92 val=0.09834
[dump]   top3 idx=799 val=0.09760
[dump]   top4 idx=36 val=0.08533
[dump] L24.fmix   n=2560    finite=1 absmax=2.699        mean=0.021975     sumsq=830.5845623        argmax=631
[dump]   top0 idx=631 val=2.69905
[dump]   top1 idx=25 val=1.98135
[dump]   top2 idx=1466 val=1.85308
[dump]   top3 idx=65 val=1.75758
[dump]   top4 idx=1798 val=1.75073
[dump] L24.mid    n=10      finite=1 absmax=0 mean=0 sumsq=0 ids: 263 134 175 354 360 11 181 439 458 46
[dump] L24.moe    n=2560    finite=1 absmax=0.040888     mean=0.0001928    sumsq=0.2815756256       argmax=288
[dump]   top0 idx=288 val=0.03870
[dump]   top1 idx=81 val=0.03729
[dump]   top2 idx=2504 val=0.03511
[dump]   top3 idx=1486 val=0.03466
[dump]   top4 idx=2180 val=0.03426
[dump] L24.res    n=10240   finite=1 absmax=0.35547      mean=0.001547     sumsq=22.29063347        argmax=5848
[dump]   top0 idx=5848 val=0.31679
[dump]   top1 idx=7772 val=0.28524
[dump]   top2 idx=9071 val=0.27062
[dump]   top3 idx=6071 val=0.25607
[dump]   top4 idx=5125 val=0.25360
[dump] L25.hcmix  n=2560    finite=1 absmax=2.7617       mean=0.017889     sumsq=825.4585018        argmax=2233
[dump]   top0 idx=2233 val=2.47114
[dump]   top1 idx=1716 val=2.20080
[dump]   top2 idx=359 val=2.08501
[dump]   top3 idx=524 val=1.92258
[dump]   top4 idx=1205 val=1.82779
[dump] L25.att    n=2560    finite=1 absmax=0.51862      mean=0.00037766   sumsq=7.391927272        argmax=951
[dump]   top0 idx=951 val=0.51862
[dump]   top1 idx=993 val=0.23603
[dump]   top2 idx=2238 val=0.21810
[dump]   top3 idx=914 val=0.21625
[dump]   top4 idx=1378 val=0.19791
[dump] L25.fmix   n=2560    finite=1 absmax=2.1491       mean=0.026803     sumsq=816.7781728        argmax=2141
[dump]   top0 idx=2141 val=2.14911
[dump]   top1 idx=25 val=1.81894
[dump]   top2 idx=1918 val=1.70793
[dump]   top3 idx=170 val=1.67821
[dump]   top4 idx=2261 val=1.65344
[dump] L25.mid    n=10      finite=1 absmax=0 mean=0 sumsq=0 ids: 376 346 68 264 506 142 427 430 45 73
[dump] L25.moe    n=2560    finite=1 absmax=0.037988     mean=8.6992e-05   sumsq=0.2430810027       argmax=402
[dump]   top0 idx=402 val=0.03799
[dump]   top1 idx=1780 val=0.03033
[dump]   top2 idx=394 val=0.02970
[dump]   top3 idx=236 val=0.02938
[dump]   top4 idx=255 val=0.02873
[dump] L25.res    n=10240   finite=1 absmax=0.35488      mean=0.0016621    sumsq=21.74370109        argmax=5848
[dump]   top0 idx=5848 val=0.31687
[dump]   top1 idx=7772 val=0.28929
[dump]   top2 idx=9071 val=0.26528
[dump]   top3 idx=6071 val=0.25647
[dump]   top4 idx=5125 val=0.25360
[dump] L26.hcmix  n=2560    finite=1 absmax=4.4067       mean=0.020723     sumsq=955.3280473        argmax=631
[dump]   top0 idx=631 val=2.89817
[dump]   top1 idx=524 val=2.32284
[dump]   top2 idx=359 val=2.18524
[dump]   top3 idx=2121 val=2.07931
[dump]   top4 idx=482 val=2.06045
[dump] L26.att    n=2560    finite=1 absmax=0.30777      mean=-0.00063143  sumsq=9.49109204         argmax=519
[dump]   top0 idx=519 val=0.30777
[dump]   top1 idx=2203 val=0.27326
[dump]   top2 idx=728 val=0.24857
[dump]   top3 idx=1883 val=0.20760
[dump]   top4 idx=177 val=0.20425
[dump] L26.fmix   n=2560    finite=1 absmax=1.8811       mean=0.020686     sumsq=737.8739082        argmax=746
[dump]   top0 idx=746 val=1.88106
[dump]   top1 idx=25 val=1.75646
[dump]   top2 idx=2233 val=1.64124
[dump]   top3 idx=849 val=1.63413
[dump]   top4 idx=1466 val=1.62106
[dump] L26.mid    n=10      finite=1 absmax=0 mean=0 sumsq=0 ids: 461 97 355 243 296 313 417 203 320 177
[dump] L26.moe    n=2560    finite=1 absmax=0.046022     mean=7.8975e-05   sumsq=0.4232051342       argmax=1500
[dump]   top0 idx=1500 val=0.04602
[dump]   top1 idx=2054 val=0.04306
[dump]   top2 idx=1084 val=0.04062
[dump]   top3 idx=1828 val=0.03973
[dump]   top4 idx=1965 val=0.03951
[dump] L26.res    n=10240   finite=1 absmax=0.334        mean=0.0016764    sumsq=23.51388569        argmax=5848
[dump]   top0 idx=5848 val=0.31699
[dump]   top1 idx=7772 val=0.29172
[dump]   top2 idx=6071 val=0.25651
[dump]   top3 idx=9071 val=0.25473
[dump]   top4 idx=5125 val=0.25361
[dump] L27.hcmix  n=2560    finite=1 absmax=2.3834       mean=0.014479     sumsq=370.627786         argmax=728
[dump]   top0 idx=728 val=2.38343
[dump]   top1 idx=951 val=2.38213
[dump]   top2 idx=5 val=2.22003
[dump]   top3 idx=2238 val=2.21281
[dump]   top4 idx=482 val=1.45016
[dump] L27.att    n=2560    finite=1 absmax=0.44027      mean=0.0024147    sumsq=14.84397435        argmax=714
[dump]   top0 idx=714 val=0.29486
[dump]   top1 idx=892 val=0.29457
[dump]   top2 idx=1341 val=0.26371
[dump]   top3 idx=2003 val=0.26315
[dump]   top4 idx=302 val=0.26219
[dump] L27.fmix   n=2560    finite=1 absmax=2.2695       mean=0.025662     sumsq=795.5331684        argmax=1500
[dump]   top0 idx=1500 val=2.26949
[dump]   top1 idx=1717 val=1.80765
[dump]   top2 idx=849 val=1.78837
[dump]   top3 idx=1780 val=1.68367
[dump]   top4 idx=746 val=1.64162
[dump] L27.mid    n=10      finite=1 absmax=0 mean=0 sumsq=0 ids: 98 430 323 508 166 58 151 261 108 120
[dump] L27.moe    n=2560    finite=1 absmax=0.035337     mean=0.00030602   sumsq=0.2060261859       argmax=960
[dump]   top0 idx=960 val=0.03379
[dump]   top1 idx=886 val=0.02944
[dump]   top2 idx=2196 val=0.02697
[dump]   top3 idx=1561 val=0.02568
[dump]   top4 idx=646 val=0.02543
[dump] L27.res    n=10240   finite=1 absmax=0.32583      mean=0.0021708    sumsq=23.88991759        argmax=5848
[dump]   top0 idx=5848 val=0.31699
[dump]   top1 idx=7772 val=0.28453
[dump]   top2 idx=9071 val=0.25678
[dump]   top3 idx=6071 val=0.25651
[dump]   top4 idx=5125 val=0.25361
[dump] L28.hcmix  n=2560    finite=1 absmax=3.044        mean=0.030347     sumsq=922.1954531        argmax=1500
[dump]   top0 idx=1500 val=3.04405
[dump]   top1 idx=1717 val=2.24830
[dump]   top2 idx=1290 val=2.14838
[dump]   top3 idx=1780 val=2.01417
[dump]   top4 idx=1716 val=2.00440
[dump] L28.att    n=2560    finite=1 absmax=0.21992      mean=-0.0025755   sumsq=7.343011388        argmax=736
[dump]   top0 idx=736 val=0.20193
[dump]   top1 idx=186 val=0.20057
[dump]   top2 idx=1480 val=0.19226
[dump]   top3 idx=917 val=0.17127
[dump]   top4 idx=1231 val=0.16402
[dump] L28.fmix   n=2560    finite=1 absmax=2.8498       mean=0.028912     sumsq=906.3799154        argmax=1500
[dump]   top0 idx=1500 val=2.84984
[dump]   top1 idx=631 val=2.09124
[dump]   top2 idx=2491 val=1.93746
[dump]   top3 idx=849 val=1.92007
[dump]   top4 idx=1905 val=1.91755
[dump] L28.mid    n=10      finite=1 absmax=0 mean=0 sumsq=0 ids: 52 219 421 469 43 21 229 63 297 392
[dump] L28.moe    n=2560    finite=1 absmax=0.048415     mean=-0.00023955  sumsq=0.2878898055       argmax=1942
[dump]   top0 idx=1942 val=0.04174
[dump]   top1 idx=1207 val=0.03546
[dump]   top2 idx=722 val=0.03505
[dump]   top3 idx=264 val=0.03395
[dump]   top4 idx=2442 val=0.03202
[dump] L28.res    n=10240   finite=1 absmax=0.31699      mean=0.0015718    sumsq=25.79627196        argmax=5848
[dump]   top0 idx=5848 val=0.31699
[dump]   top1 idx=7772 val=0.29109
[dump]   top2 idx=9071 val=0.28726
[dump]   top3 idx=8993 val=0.28018
[dump]   top4 idx=3084 val=0.26848
[dump] L29.hcmix  n=2560    finite=1 absmax=3.2504       mean=0.020722     sumsq=999.0130223        argmax=1500
[dump]   top0 idx=1500 val=3.25038
[dump]   top1 idx=524 val=2.62737
[dump]   top2 idx=1717 val=2.48574
[dump]   top3 idx=1313 val=1.97502
[dump]   top4 idx=1601 val=1.92891
[dump] L29.att    n=2560    finite=1 absmax=0.11763      mean=-0.00081412  sumsq=1.70692803         argmax=1736
[dump]   top0 idx=1736 val=0.11763
[dump]   top1 idx=1795 val=0.09982
[dump]   top2 idx=1882 val=0.09260
[dump]   top3 idx=1205 val=0.08945
[dump]   top4 idx=2521 val=0.08630
[dump] L29.fmix   n=2560    finite=1 absmax=2.2647       mean=0.012193     sumsq=937.3997143        argmax=1717
[dump]   top0 idx=1717 val=2.08245
[dump]   top1 idx=1500 val=2.03268
[dump]   top2 idx=1905 val=1.87688
[dump]   top3 idx=849 val=1.82875
[dump]   top4 idx=1780 val=1.71549
[dump] L29.mid    n=10      finite=1 absmax=0 mean=0 sumsq=0 ids: 387 273 265 93 259 290 342 330 118 148
[dump] L29.moe    n=2560    finite=1 absmax=0.049156     mean=-4.9399e-05  sumsq=0.3782929665       argmax=525
[dump]   top0 idx=525 val=0.04916
[dump]   top1 idx=2253 val=0.04152
[dump]   top2 idx=1955 val=0.03869
[dump]   top3 idx=1384 val=0.03624
[dump]   top4 idx=2535 val=0.03619
[dump] L29.res    n=10240   finite=1 absmax=0.31699      mean=0.0013385    sumsq=28.72427477        argmax=5848
[dump]   top0 idx=5848 val=0.31699
[dump]   top1 idx=3084 val=0.30739
[dump]   top2 idx=7772 val=0.29542
[dump]   top3 idx=9071 val=0.28318
[dump]   top4 idx=8993 val=0.28202
[dump] L30.hcmix  n=2560    finite=1 absmax=2.9818       mean=0.013096     sumsq=829.7960574        argmax=1500
[dump]   top0 idx=1500 val=2.98176
[dump]   top1 idx=983 val=2.21780
[dump]   top2 idx=524 val=2.09189
[dump]   top3 idx=1716 val=2.05040
[dump]   top4 idx=288 val=2.00751
[dump] L30.att    n=2560    finite=1 absmax=0.37058      mean=-0.0011201   sumsq=9.437653807        argmax=993
[dump]   top0 idx=993 val=0.37058
[dump]   top1 idx=2502 val=0.32462
[dump]   top2 idx=482 val=0.27677
[dump]   top3 idx=1134 val=0.20415
[dump]   top4 idx=2374 val=0.20237
[dump] L30.fmix   n=2560    finite=1 absmax=3.0583       mean=0.0074913    sumsq=1341.372491        argmax=1500
[dump]   top0 idx=1500 val=2.89457
[dump]   top1 idx=1914 val=2.28595
[dump]   top2 idx=477 val=2.27644
[dump]   top3 idx=1512 val=2.13911
[dump]   top4 idx=1905 val=2.13110
[dump] L30.mid    n=10      finite=1 absmax=0 mean=0 sumsq=0 ids: 506 86 398 151 11 335 181 280 14 409
[dump] L30.moe    n=2560    finite=1 absmax=0.05589      mean=0.00010165   sumsq=0.5970446354       argmax=2095
[dump]   top0 idx=2095 val=0.05589
[dump]   top1 idx=2022 val=0.04709
[dump]   top2 idx=835 val=0.04571
[dump]   top3 idx=2030 val=0.04492
[dump]   top4 idx=987 val=0.04241
[dump] L30.res    n=10240   finite=1 absmax=0.36404      mean=0.001246     sumsq=34.49818455        argmax=482
[dump]   top0 idx=482 val=0.36404
[dump]   top1 idx=5848 val=0.31687
[dump]   top2 idx=7772 val=0.29152
[dump]   top3 idx=8993 val=0.28579
[dump]   top4 idx=9071 val=0.28224
[dump] L31.hcmix  n=2560    finite=1 absmax=1.9105       mean=0.0041972    sumsq=282.0824622        argmax=728
[dump]   top0 idx=728 val=1.87690
[dump]   top1 idx=482 val=1.49475
[dump]   top2 idx=1500 val=1.33542
[dump]   top3 idx=2097 val=1.19258
[dump]   top4 idx=2238 val=1.18396
[dump] L31.att    n=2560    finite=1 absmax=0.23576      mean=-0.0024948   sumsq=10.29491854        argmax=1716
[dump]   top0 idx=1716 val=0.23576
[dump]   top1 idx=1359 val=0.23543
[dump]   top2 idx=1776 val=0.21014
[dump]   top3 idx=1205 val=0.20760
[dump]   top4 idx=2371 val=0.20257
[dump] L31.fmix   n=2560    finite=1 absmax=4.7599       mean=-0.0016421   sumsq=1972.499347        argmax=728
[dump]   top0 idx=728 val=4.75994
[dump]   top1 idx=98 val=3.57795
[dump]   top2 idx=2238 val=3.46874
[dump]   top3 idx=477 val=3.36371
[dump]   top4 idx=957 val=2.96188
[dump] L31.mid    n=10      finite=1 absmax=0 mean=0 sumsq=0 ids: 494 283 289 156 405 399 311 302 207 449
[dump] L31.moe    n=2560    finite=1 absmax=0.069211     mean=0.00041842   sumsq=0.8520528699       argmax=877
[dump]   top0 idx=877 val=0.06921
[dump]   top1 idx=1212 val=0.06559
[dump]   top2 idx=32 val=0.06161
[dump]   top3 idx=2438 val=0.05846
[dump]   top4 idx=1803 val=0.05299
[dump] L31.res    n=10240   finite=1 absmax=0.31723      mean=0.0011344    sumsq=32.66560662        argmax=5848
[dump]   top0 idx=5848 val=0.31691
[dump]   top1 idx=482 val=0.31138
[dump]   top2 idx=7772 val=0.29074
[dump]   top3 idx=8993 val=0.28556
[dump]   top4 idx=9071 val=0.28276
[dump] L32.hcmix  n=2560    finite=1 absmax=2.7565       mean=0.0071241    sumsq=922.6233496        argmax=1500
[dump]   top0 idx=1500 val=2.75645
[dump]   top1 idx=1313 val=2.60614
[dump]   top2 idx=1603 val=2.55199
[dump]   top3 idx=2335 val=2.20805
[dump]   top4 idx=681 val=2.05968
[dump] L32.att    n=2560    finite=1 absmax=0.21943      mean=-0.001139    sumsq=4.144185482        argmax=713
[dump]   top0 idx=713 val=0.21943
[dump]   top1 idx=1368 val=0.18444
[dump]   top2 idx=1134 val=0.14499
[dump]   top3 idx=1303 val=0.13176
[dump]   top4 idx=167 val=0.12905
[dump] L32.fmix   n=2560    finite=1 absmax=3.3811       mean=0.0020326    sumsq=1822.075615        argmax=2335
[dump]   top0 idx=2335 val=2.79599
[dump]   top1 idx=477 val=2.59142
[dump]   top2 idx=1828 val=2.54424
[dump]   top3 idx=98 val=2.51891
[dump]   top4 idx=113 val=2.40388
[dump] L32.mid    n=10      finite=1 absmax=0 mean=0 sumsq=0 ids: 228 243 263 429 58 142 454 272 377 278
[dump] L32.moe    n=2560    finite=1 absmax=0.077429     mean=-0.00029467  sumsq=1.082927705        argmax=2509
[dump]   top0 idx=2509 val=0.06083
[dump]   top1 idx=1258 val=0.06077
[dump]   top2 idx=475 val=0.06028
[dump]   top3 idx=2446 val=0.05782
[dump]   top4 idx=198 val=0.05751
[dump] L32.res    n=10240   finite=1 absmax=0.39636      mean=0.00082304   sumsq=36.43673235        argmax=482
[dump]   top0 idx=482 val=0.39636
[dump]   top1 idx=5848 val=0.31689
[dump]   top2 idx=7772 val=0.29144
[dump]   top3 idx=8993 val=0.28516
[dump]   top4 idx=9071 val=0.28254
[dump] L33.hcmix  n=2560    finite=1 absmax=2.5685       mean=0.0055931    sumsq=1011.516157        argmax=1313
[dump]   top0 idx=1313 val=2.56854
[dump]   top1 idx=1500 val=2.48682
[dump]   top2 idx=227 val=2.38932
[dump]   top3 idx=1716 val=2.28121
[dump]   top4 idx=2335 val=2.21900
[dump] L33.att    n=2560    finite=1 absmax=0.13105      mean=-0.0012825   sumsq=1.745545804        argmax=2393
[dump]   top0 idx=2393 val=0.13105
[dump]   top1 idx=634 val=0.09978
[dump]   top2 idx=192 val=0.09879
[dump]   top3 idx=1603 val=0.09311
[dump]   top4 idx=793 val=0.09200
[dump] L33.fmix   n=2560    finite=1 absmax=3.4729       mean=-0.006228    sumsq=1448.98905         argmax=1512
[dump]   top0 idx=1512 val=2.76407
[dump]   top1 idx=2335 val=2.55029
[dump]   top2 idx=1313 val=2.37838
[dump]   top3 idx=788 val=2.35133
[dump]   top4 idx=104 val=2.29956
[dump] L33.mid    n=10      finite=1 absmax=0 mean=0 sumsq=0 ids: 136 84 374 363 120 345 279 419 486 209
[dump] L33.moe    n=2560    finite=1 absmax=0.060762     mean=0.00019259   sumsq=0.5584087941       argmax=371
[dump]   top0 idx=371 val=0.05514
[dump]   top1 idx=1803 val=0.04948
[dump]   top2 idx=1602 val=0.04815
[dump]   top3 idx=399 val=0.04704
[dump]   top4 idx=860 val=0.04304
[dump] L33.res    n=10240   finite=1 absmax=0.48707      mean=0.00057905   sumsq=39.26789529        argmax=482
[dump]   top0 idx=482 val=0.48707
[dump]   top1 idx=508 val=0.33983
[dump]   top2 idx=5848 val=0.31685
[dump]   top3 idx=7772 val=0.29423
[dump]   top4 idx=2374 val=0.29306
[dump] L34.hcmix  n=2560    finite=1 absmax=2.5949       mean=0.012197     sumsq=981.8322728        argmax=1313
[dump]   top0 idx=1313 val=2.59485
[dump]   top1 idx=1205 val=2.43372
[dump]   top2 idx=482 val=2.30246
[dump]   top3 idx=1500 val=2.26574
[dump]   top4 idx=1716 val=2.22813
[dump] L34.att    n=2560    finite=1 absmax=0.22272      mean=-0.00079465  sumsq=3.651027358        argmax=482
[dump]   top0 idx=482 val=0.22272
[dump]   top1 idx=689 val=0.17212
[dump]   top2 idx=1882 val=0.16556
[dump]   top3 idx=624 val=0.14213
[dump]   top4 idx=1134 val=0.13237
[dump] L34.fmix   n=2560    finite=1 absmax=2.8575       mean=0.011197     sumsq=1261.603997        argmax=631
[dump]   top0 idx=631 val=2.85751
[dump]   top1 idx=1500 val=2.66565
[dump]   top2 idx=1313 val=2.65118
[dump]   top3 idx=65 val=2.39920
[dump]   top4 idx=2097 val=2.13750
[dump] L34.mid    n=10      finite=1 absmax=0 mean=0 sumsq=0 ids: 131 29 353 101 24 102 460 264 211 275
[dump] L34.moe    n=2560    finite=1 absmax=0.072576     mean=0.00049856   sumsq=0.8642676526       argmax=196
[dump]   top0 idx=196 val=0.07258
[dump]   top1 idx=1631 val=0.06107
[dump]   top2 idx=1709 val=0.05929
[dump]   top3 idx=43 val=0.05592
[dump]   top4 idx=2415 val=0.05517
[dump] L34.res    n=10240   finite=1 absmax=0.62733      mean=0.0008681    sumsq=46.78616128        argmax=482
[dump]   top0 idx=482 val=0.62733
[dump]   top1 idx=508 val=0.38936
[dump]   top2 idx=7772 val=0.33596
[dump]   top3 idx=5848 val=0.31684
[dump]   top4 idx=736 val=0.30820
[dump] L35.hcmix  n=2560    finite=1 absmax=2.3333       mean=0.012701     sumsq=469.2422118        argmax=482
[dump]   top0 idx=482 val=2.33333
[dump]   top1 idx=1741 val=2.24681
[dump]   top2 idx=951 val=1.63984
[dump]   top3 idx=991 val=1.54429
[dump]   top4 idx=1313 val=1.50314
[dump] L35.att    n=2560    finite=1 absmax=0.4053       mean=0.00050792   sumsq=10.60624548        argmax=1882
[dump]   top0 idx=1882 val=0.30880
[dump]   top1 idx=2091 val=0.23160
[dump]   top2 idx=1341 val=0.22280
[dump]   top3 idx=79 val=0.22037
[dump]   top4 idx=446 val=0.21148
[dump] L35.fmix   n=2560    finite=1 absmax=3.0698       mean=0.0096415    sumsq=1614.568706        argmax=410
[dump]   top0 idx=410 val=2.74714
[dump]   top1 idx=957 val=2.66061
[dump]   top2 idx=1313 val=2.42172
[dump]   top3 idx=2460 val=2.38436
[dump]   top4 idx=2261 val=2.32056
[dump] L35.mid    n=10      finite=1 absmax=0 mean=0 sumsq=0 ids: 472 161 31 375 291 121 277 315 56 490
[dump] L35.moe    n=2560    finite=1 absmax=0.070598     mean=0.00059794   sumsq=1.14437957         argmax=1229
[dump]   top0 idx=1229 val=0.07060
[dump]   top1 idx=755 val=0.06879
[dump]   top2 idx=2296 val=0.06686
[dump]   top3 idx=308 val=0.06643
[dump]   top4 idx=687 val=0.06521
[dump] L35.res    n=10240   finite=1 absmax=0.55061      mean=0.001586     sumsq=56.00896408        argmax=482
[dump]   top0 idx=482 val=0.55061
[dump]   top1 idx=508 val=0.36642
[dump]   top2 idx=723 val=0.34165
[dump]   top3 idx=2374 val=0.33331
[dump]   top4 idx=7772 val=0.32206
[dump] L36.hcmix  n=2560    finite=1 absmax=2.7704       mean=0.020544     sumsq=948.337511         argmax=1716
[dump]   top0 idx=1716 val=2.77039
[dump]   top1 idx=723 val=2.43740
[dump]   top2 idx=482 val=2.39953
[dump]   top3 idx=2238 val=2.39391
[dump]   top4 idx=1313 val=2.33496
[dump] L36.att    n=2560    finite=1 absmax=0.7332       mean=0.0015476    sumsq=36.14250561        argmax=1882
[dump]   top0 idx=1882 val=0.73320
[dump]   top1 idx=2374 val=0.67281
[dump]   top2 idx=1603 val=0.66472
[dump]   top3 idx=1864 val=0.60711
[dump]   top4 idx=689 val=0.59260
[dump] L36.fmix   n=2560    finite=1 absmax=4.9481       mean=0.025162     sumsq=2408.378797        argmax=2510
[dump]   top0 idx=2510 val=3.24349
[dump]   top1 idx=1905 val=3.20518
[dump]   top2 idx=1313 val=2.95945
[dump]   top3 idx=957 val=2.68160
[dump]   top4 idx=888 val=2.68057
[dump] L36.mid    n=10      finite=1 absmax=0 mean=0 sumsq=0 ids: 387 218 25 169 210 296 258 363 179 78
[dump] L36.moe    n=2560    finite=1 absmax=0.19595      mean=0.00026474   sumsq=4.195737321        argmax=1641
[dump]   top0 idx=1641 val=0.17179
[dump]   top1 idx=2128 val=0.14476
[dump]   top2 idx=1368 val=0.14146
[dump]   top3 idx=2028 val=0.12478
[dump]   top4 idx=2120 val=0.12184
[dump] L36.res    n=10240   finite=1 absmax=1.1485       mean=0.0020609    sumsq=121.0884781        argmax=482
[dump]   top0 idx=482 val=1.08953
[dump]   top1 idx=1603 val=0.91692
[dump]   top2 idx=2374 val=0.83182
[dump]   top3 idx=1882 val=0.80914
[dump]   top4 idx=2028 val=0.76020
[dump] L37.hcmix  n=2560    finite=1 absmax=2.5326       mean=0.027442     sumsq=915.7914028        argmax=1603
[dump]   top0 idx=1603 val=2.53262
[dump]   top1 idx=1132 val=2.44871
[dump]   top2 idx=1716 val=2.43430
[dump]   top3 idx=1313 val=2.35618
[dump]   top4 idx=1391 val=2.21540
[dump] L37.att    n=2560    finite=1 absmax=0.23232      mean=-0.00094716  sumsq=4.651277568        argmax=1882
[dump]   top0 idx=1882 val=0.23232
[dump]   top1 idx=713 val=0.22339
[dump]   top2 idx=1061 val=0.22258
[dump]   top3 idx=892 val=0.17196
[dump]   top4 idx=1924 val=0.16972
[dump] L37.fmix   n=2560    finite=1 absmax=4.4286       mean=0.035552     sumsq=2469.384           argmax=1313
[dump]   top0 idx=1313 val=3.30156
[dump]   top1 idx=957 val=3.15411
[dump]   top2 idx=308 val=3.11323
[dump]   top3 idx=2510 val=3.05961
[dump]   top4 idx=1905 val=2.85036
[dump] L37.mid    n=10      finite=1 absmax=0 mean=0 sumsq=0 ids: 306 313 19 255 369 57 200 118 494 469
[dump] L37.moe    n=2560    finite=1 absmax=0.10895      mean=0.00067284   sumsq=2.841414571        argmax=165
[dump]   top0 idx=165 val=0.10811
[dump]   top1 idx=2263 val=0.10334
[dump]   top2 idx=1601 val=0.10117
[dump]   top3 idx=205 val=0.09903
[dump]   top4 idx=882 val=0.09693
[dump] L37.res    n=10240   finite=1 absmax=1.1187       mean=0.0023236    sumsq=138.5399921        argmax=482
[dump]   top0 idx=482 val=1.09506
[dump]   top1 idx=1603 val=0.90556
[dump]   top2 idx=2374 val=0.81111
[dump]   top3 idx=687 val=0.80102
[dump]   top4 idx=2028 val=0.77349
[dump] L38.hcmix  n=2560    finite=1 absmax=4.1718       mean=0.030068     sumsq=831.8405708        argmax=5
[dump]   top0 idx=5 val=4.17176
[dump]   top1 idx=1919 val=2.95145
[dump]   top2 idx=1603 val=2.50586
[dump]   top3 idx=1500 val=2.47476
[dump]   top4 idx=1313 val=2.42722
[dump] L38.att    n=2560    finite=1 absmax=0.45202      mean=-0.00037067  sumsq=8.710753413        argmax=913
[dump]   top0 idx=913 val=0.28203
[dump]   top1 idx=36 val=0.28037
[dump]   top2 idx=308 val=0.26028
[dump]   top3 idx=2324 val=0.23972
[dump]   top4 idx=1959 val=0.23323
[dump] L38.fmix   n=2560    finite=1 absmax=4.8691       mean=0.035816     sumsq=2359.218759        argmax=1694
[dump]   top0 idx=1694 val=3.12134
[dump]   top1 idx=1967 val=2.85151
[dump]   top2 idx=2261 val=2.84196
[dump]   top3 idx=205 val=2.73629
[dump]   top4 idx=1391 val=2.70351
[dump] L38.mid    n=10      finite=1 absmax=0 mean=0 sumsq=0 ids: 279 301 504 206 460 50 486 135 7 446
[dump] L38.moe    n=2560    finite=1 absmax=0.12431      mean=-0.00059053  sumsq=2.878266458        argmax=2422
[dump]   top0 idx=2422 val=0.12431
[dump]   top1 idx=603 val=0.11590
[dump]   top2 idx=2195 val=0.10294
[dump]   top3 idx=1983 val=0.09550
[dump]   top4 idx=1220 val=0.09510
[dump] L38.res    n=10240   finite=1 absmax=1.1301       mean=0.0017598    sumsq=152.8660584        argmax=482
[dump]   top0 idx=482 val=1.11097
[dump]   top1 idx=1603 val=0.92245
[dump]   top2 idx=2374 val=0.81869
[dump]   top3 idx=687 val=0.79407
[dump]   top4 idx=308 val=0.78264
[dump] L39.hcmix  n=2560    finite=1 absmax=2.8938       mean=0.010895     sumsq=426.1856506        argmax=5
[dump]   top0 idx=5 val=2.89385
[dump]   top1 idx=1603 val=1.88356
[dump]   top2 idx=1967 val=1.60252
[dump]   top3 idx=482 val=1.55013
[dump]   top4 idx=65 val=1.52978
[dump] L39.att    n=2560    finite=1 absmax=0.32833      mean=0.00035053   sumsq=11.41191123        argmax=1882
[dump]   top0 idx=1882 val=0.32833
[dump]   top1 idx=2018 val=0.29038
[dump]   top2 idx=2307 val=0.28606
[dump]   top3 idx=1737 val=0.27498
[dump]   top4 idx=799 val=0.26839
[dump] L39.fmix   n=2560    finite=1 absmax=5.7295       mean=0.023079     sumsq=2574.916198        argmax=67
[dump]   top0 idx=67 val=5.72948
[dump]   top1 idx=579 val=4.03538
[dump]   top2 idx=308 val=3.68716
[dump]   top3 idx=2209 val=3.56555
[dump]   top4 idx=400 val=3.43737
[dump] L39.mid    n=10      finite=1 absmax=0 mean=0 sumsq=0 ids: 356 60 128 77 32 480 177 496 42 477
[dump] L39.moe    n=2560    finite=1 absmax=0.27042      mean=-0.0005098   sumsq=10.36618462        argmax=2356
[dump]   top0 idx=2356 val=0.22687
[dump]   top1 idx=1368 val=0.22124
[dump]   top2 idx=1030 val=0.20636
[dump]   top3 idx=1283 val=0.19980
[dump]   top4 idx=1734 val=0.18761
[dump] L39.res    n=10240   finite=1 absmax=1.4988       mean=0.001569     sumsq=219.6873864        argmax=1882
[dump]   top0 idx=1882 val=1.49882
[dump]   top1 idx=482 val=1.08919
[dump]   top2 idx=1368 val=1.03073
[dump]   top3 idx=1603 val=1.02918
[dump]   top4 idx=2374 val=0.97236
[dump] L40.hcmix  n=2560    finite=1 absmax=3.5007       mean=0.029392     sumsq=1783.541649        argmax=1716
[dump]   top0 idx=1716 val=3.50074
[dump]   top1 idx=1603 val=3.40468
[dump]   top2 idx=2412 val=3.21637
[dump]   top3 idx=1967 val=3.09197
[dump]   top4 idx=1313 val=2.95411
[dump] L40.att    n=2560    finite=1 absmax=0.52373      mean=0.0037174    sumsq=10.68774772        argmax=1061
[dump]   top0 idx=1061 val=0.52373
[dump]   top1 idx=1116 val=0.26666
[dump]   top2 idx=482 val=0.26123
[dump]   top3 idx=138 val=0.24436
[dump]   top4 idx=1882 val=0.23033
[dump] L40.fmix   n=2560    finite=1 absmax=6.5328       mean=0.023542     sumsq=2975.214982        argmax=67
[dump]   top0 idx=67 val=6.53281
[dump]   top1 idx=579 val=4.78567
[dump]   top2 idx=2238 val=4.39142
[dump]   top3 idx=308 val=3.56696
[dump]   top4 idx=1844 val=3.56203
[dump] L40.mid    n=10      finite=1 absmax=0 mean=0 sumsq=0 ids: 232 280 335 172 138 398 22 178 220 208
[dump] L40.moe    n=2560    finite=1 absmax=0.1113       mean=0.00045322   sumsq=2.399611998        argmax=944
[dump]   top0 idx=944 val=0.11130
[dump]   top1 idx=732 val=0.09583
[dump]   top2 idx=2443 val=0.09295
[dump]   top3 idx=700 val=0.08659
[dump]   top4 idx=2211 val=0.08489
[dump] L40.res    n=10240   finite=1 absmax=1.6094       mean=0.0027484    sumsq=243.4636017        argmax=1882
[dump]   top0 idx=1882 val=1.60936
[dump]   top1 idx=482 val=1.15926
[dump]   top2 idx=1368 val=1.08472
[dump]   top3 idx=308 val=1.00500
[dump]   top4 idx=2190 val=0.96247
[dump] L41.hcmix  n=2560    finite=1 absmax=3.1039       mean=0.034991     sumsq=1312.82657         argmax=1717
[dump]   top0 idx=1717 val=3.10393
[dump]   top1 idx=2412 val=2.82804
[dump]   top2 idx=631 val=2.72635
[dump]   top3 idx=2078 val=2.66557
[dump]   top4 idx=1693 val=2.57996
[dump] L41.att    n=2560    finite=1 absmax=0.53827      mean=0.00075026   sumsq=9.168267487        argmax=1882
[dump]   top0 idx=1882 val=0.53827
[dump]   top1 idx=2234 val=0.23168
[dump]   top2 idx=562 val=0.22603
[dump]   top3 idx=840 val=0.22054
[dump]   top4 idx=1883 val=0.21564
[dump] L41.fmix   n=2560    finite=1 absmax=5.8971       mean=0.031211     sumsq=2900.546594        argmax=67
[dump]   top0 idx=67 val=5.89705
[dump]   top1 idx=579 val=4.13013
[dump]   top2 idx=2190 val=3.75767
[dump]   top3 idx=1693 val=3.72174
[dump]   top4 idx=1756 val=3.62968
[dump] L41.mid    n=10      finite=1 absmax=0 mean=0 sumsq=0 ids: 59 240 105 450 149 433 132 118 205 75
[dump] L41.moe    n=2560    finite=1 absmax=0.087733     mean=0.00022454   sumsq=1.709448127        argmax=1070
[dump]   top0 idx=1070 val=0.08003
[dump]   top1 idx=1005 val=0.07905
[dump]   top2 idx=1603 val=0.07785
[dump]   top3 idx=963 val=0.07293
[dump]   top4 idx=2481 val=0.07191
[dump] L41.res    n=10240   finite=1 absmax=1.8571       mean=0.0031005    sumsq=254.1472652        argmax=1882
[dump]   top0 idx=1882 val=1.85708
[dump]   top1 idx=482 val=1.14184
[dump]   top2 idx=1368 val=1.08991
[dump]   top3 idx=308 val=1.03928
[dump]   top4 idx=1603 val=1.01593
[dump] L42.hcmix  n=2560    finite=1 absmax=3.2522       mean=0.030606     sumsq=1334.552496        argmax=2412
[dump]   top0 idx=2412 val=2.96730
[dump]   top1 idx=308 val=2.84608
[dump]   top2 idx=2078 val=2.60474
[dump]   top3 idx=1717 val=2.59180
[dump]   top4 idx=1882 val=2.48719
[dump] L42.att    n=2560    finite=1 absmax=0.33249      mean=-0.00073957  sumsq=6.030586912        argmax=1039
[dump]   top0 idx=1039 val=0.24779
[dump]   top1 idx=482 val=0.24019
[dump]   top2 idx=36 val=0.23765
[dump]   top3 idx=722 val=0.21235
[dump]   top4 idx=517 val=0.19167
[dump] L42.fmix   n=2560    finite=1 absmax=4.9685       mean=0.033323     sumsq=3341.169973        argmax=579
[dump]   top0 idx=579 val=4.45562
[dump]   top1 idx=1693 val=4.29664
[dump]   top2 idx=67 val=4.09714
[dump]   top3 idx=308 val=3.96627
[dump]   top4 idx=2412 val=3.76590
[dump] L42.mid    n=10      finite=1 absmax=0 mean=0 sumsq=0 ids: 341 3 212 310 151 391 140 337 195 509
[dump] L42.moe    n=2560    finite=1 absmax=0.13613      mean=-1.1293e-05  sumsq=3.026231521        argmax=1502
[dump]   top0 idx=1502 val=0.12354
[dump]   top1 idx=1594 val=0.12203
[dump]   top2 idx=644 val=0.10736
[dump]   top3 idx=651 val=0.10348
[dump]   top4 idx=1389 val=0.09647
[dump] L42.res    n=10240   finite=1 absmax=1.9406       mean=0.0027329    sumsq=293.0613665        argmax=1882
[dump]   top0 idx=1882 val=1.94060
[dump]   top1 idx=482 val=1.43777
[dump]   top2 idx=1368 val=1.23187
[dump]   top3 idx=1039 val=1.18772
[dump]   top4 idx=1603 val=1.02754
[dump] L43.hcmix  n=2560    finite=1 absmax=2.3256       mean=0.0092619    sumsq=145.7271243        argmax=882
[dump]   top0 idx=882 val=2.32561
[dump]   top1 idx=5 val=1.99950
[dump]   top2 idx=2078 val=1.93644
[dump]   top3 idx=36 val=1.59816
[dump]   top4 idx=579 val=1.44614
[dump] L43.att    n=2560    finite=1 absmax=0.54198      mean=0.0020466    sumsq=9.370831522        argmax=417
[dump]   top0 idx=417 val=0.54198
[dump]   top1 idx=67 val=0.49032
[dump]   top2 idx=1959 val=0.36008
[dump]   top3 idx=1391 val=0.35105
[dump]   top4 idx=1844 val=0.30598
[dump] L43.fmix   n=2560    finite=1 absmax=6.1217       mean=0.026762     sumsq=2534.839106        argmax=67
[dump]   top0 idx=67 val=6.12172
[dump]   top1 idx=2239 val=3.85921
[dump]   top2 idx=1844 val=3.85019
[dump]   top3 idx=579 val=3.33038
[dump]   top4 idx=1633 val=3.23661
[dump] L43.mid    n=10      finite=1 absmax=0 mean=0 sumsq=0 ids: 300 86 324 462 293 483 499 64 180 98
[dump] L43.moe    n=2560    finite=1 absmax=0.19721      mean=-0.00044917  sumsq=6.112777891        argmax=1882
[dump]   top0 idx=1882 val=0.19545
[dump]   top1 idx=944 val=0.18725
[dump]   top2 idx=200 val=0.15871
[dump]   top3 idx=2301 val=0.14376
[dump]   top4 idx=1676 val=0.14173
[dump] L43.res    n=10240   finite=1 absmax=2.3043       mean=0.0029711    sumsq=345.5873425        argmax=1882
[dump]   top0 idx=1882 val=2.30429
[dump]   top1 idx=482 val=1.29216
[dump]   top2 idx=1368 val=1.18405
[dump]   top3 idx=1603 val=1.10972
[dump]   top4 idx=2374 val=1.06873
[dump] L44.hcmix  n=2560    finite=1 absmax=4.446        mean=0.017986     sumsq=781.9827691        argmax=1633
[dump]   top0 idx=1633 val=4.44601
[dump]   top1 idx=482 val=3.89148
[dump]   top2 idx=1717 val=3.15492
[dump]   top3 idx=138 val=2.80807
[dump]   top4 idx=1882 val=2.66506
[dump] L44.att    n=2560    finite=1 absmax=2.0494       mean=-0.0017052   sumsq=64.40130429        argmax=1238
[dump]   top0 idx=1238 val=0.76956
[dump]   top1 idx=634 val=0.68127
[dump]   top2 idx=1882 val=0.55264
[dump]   top3 idx=181 val=0.49794
[dump]   top4 idx=1603 val=0.48306
[dump] L44.fmix   n=2560    finite=1 absmax=6.4706       mean=0.028196     sumsq=3005.613619        argmax=67
[dump]   top0 idx=67 val=6.47062
[dump]   top1 idx=1633 val=5.20896
[dump]   top2 idx=1844 val=4.92972
[dump]   top3 idx=417 val=4.57387
[dump]   top4 idx=944 val=4.43832
[dump] L44.mid    n=10      finite=1 absmax=0 mean=0 sumsq=0 ids: 87 287 61 75 119 192 190 172 301 401
[dump] L44.moe    n=2560    finite=1 absmax=0.10794      mean=4.931e-05    sumsq=1.958349603        argmax=728
[dump]   top0 idx=728 val=0.10794
[dump]   top1 idx=1125 val=0.08206
[dump]   top2 idx=206 val=0.08163
[dump]   top3 idx=1238 val=0.08059
[dump]   top4 idx=659 val=0.07976
[dump] L44.res    n=10240   finite=1 absmax=2.9681       mean=0.0024783    sumsq=543.196699         argmax=1882
[dump]   top0 idx=1882 val=2.96806
[dump]   top1 idx=1603 val=1.64247
[dump]   top2 idx=1368 val=1.57250
[dump]   top3 idx=482 val=1.44307
[dump]   top4 idx=308 val=1.31513
[dump] L45.hcmix  n=2560    finite=1 absmax=7.949        mean=0.027486     sumsq=1264.676849        argmax=631
[dump]   top0 idx=631 val=4.65722
[dump]   top1 idx=882 val=3.15440
[dump]   top2 idx=2412 val=2.83028
[dump]   top3 idx=1633 val=2.54880
[dump]   top4 idx=944 val=2.50892
[dump] L45.att    n=2560    finite=1 absmax=1.8782       mean=0.0050841    sumsq=154.0855197        argmax=631
[dump]   top0 idx=631 val=1.47477
[dump]   top1 idx=1810 val=1.31732
[dump]   top2 idx=1882 val=1.29854
[dump]   top3 idx=1202 val=1.21075
[dump]   top4 idx=1589 val=1.06536
[dump] L45.fmix   n=2560    finite=1 absmax=7.2641       mean=0.029573     sumsq=2918.218057        argmax=67
[dump]   top0 idx=67 val=6.82746
[dump]   top1 idx=1633 val=5.50166
[dump]   top2 idx=417 val=4.95336
[dump]   top3 idx=1844 val=4.65687
[dump]   top4 idx=944 val=4.30988
[dump] L45.mid    n=10      finite=1 absmax=0 mean=0 sumsq=0 ids: 237 66 343 339 303 443 280 85 156 103
[dump] L45.moe    n=2560    finite=1 absmax=0.11857      mean=-0.00054694  sumsq=2.432352559        argmax=331
[dump]   top0 idx=331 val=0.11857
[dump]   top1 idx=1410 val=0.10671
[dump]   top2 idx=2536 val=0.10340
[dump]   top3 idx=1238 val=0.08704
[dump]   top4 idx=190 val=0.08674
[dump] L45.res    n=10240   finite=1 absmax=3.6499       mean=0.0038256    sumsq=829.2629407        argmax=1882
[dump]   top0 idx=1882 val=3.64988
[dump]   top1 idx=1368 val=1.85010
[dump]   top2 idx=4442 val=1.83474
[dump]   top3 idx=1603 val=1.71516
[dump]   top4 idx=3762 val=1.70954
[dump] L46.hcmix  n=2560    finite=1 absmax=5.5486       mean=0.022051     sumsq=1732.777074        argmax=1810
[dump]   top0 idx=1810 val=4.80735
[dump]   top1 idx=1633 val=4.75791
[dump]   top2 idx=1882 val=4.40922
[dump]   top3 idx=634 val=3.35967
[dump]   top4 idx=631 val=3.33205
[dump] L46.att    n=2560    finite=1 absmax=5.1619       mean=0.00086768   sumsq=229.9903217        argmax=181
[dump]   top0 idx=181 val=2.92527
[dump]   top1 idx=951 val=2.43635
[dump]   top2 idx=634 val=1.74200
[dump]   top3 idx=2502 val=1.68103
[dump]   top4 idx=2442 val=1.54536
[dump] L46.fmix   n=2560    finite=1 absmax=5.724        mean=0.01926      sumsq=2768.124543        argmax=67
[dump]   top0 idx=67 val=5.72399
[dump]   top1 idx=1633 val=4.41954
[dump]   top2 idx=944 val=4.34299
[dump]   top3 idx=1844 val=4.28245
[dump]   top4 idx=417 val=4.20367
[dump] L46.mid    n=10      finite=1 absmax=0 mean=0 sumsq=0 ids: 25 505 56 115 60 463 264 123 258 281
[dump] L46.moe    n=2560    finite=1 absmax=0.18835      mean=0.00061605   sumsq=5.058894311        argmax=723
[dump]   top0 idx=723 val=0.16553
[dump]   top1 idx=19 val=0.16078
[dump]   top2 idx=1872 val=0.15905
[dump]   top3 idx=1272 val=0.14802
[dump]   top4 idx=63 val=0.13978
[dump] L46.res    n=10240   finite=1 absmax=5.184        mean=0.0051338    sumsq=1064.993507        argmax=1882
[dump]   top0 idx=1882 val=3.47045
[dump]   top1 idx=2741 val=2.86582
[dump]   top2 idx=3194 val=2.23933
[dump]   top3 idx=4370 val=2.12141
[dump]   top4 idx=1603 val=1.86022
[dump] L47.hcmix  n=2560    finite=1 absmax=4.3797       mean=0.010298     sumsq=776.5794279        argmax=2183
[dump]   top0 idx=2183 val=2.40949
[dump]   top1 idx=482 val=2.23242
[dump]   top2 idx=944 val=2.06753
[dump]   top3 idx=2348 val=2.00886
[dump]   top4 idx=1967 val=1.97207
[dump] L47.att    n=2560    finite=1 absmax=1.2257       mean=-0.0040526   sumsq=45.7109412         argmax=1027
[dump]   top0 idx=1027 val=1.22573
[dump]   top1 idx=722 val=0.73318
[dump]   top2 idx=579 val=0.71097
[dump]   top3 idx=36 val=0.67787
[dump]   top4 idx=1395 val=0.63424
[dump] L47.fmix   n=2560    finite=1 absmax=5.1312       mean=0.015605     sumsq=2751.135926        argmax=67
[dump]   top0 idx=67 val=5.13120
[dump]   top1 idx=417 val=4.48154
[dump]   top2 idx=944 val=4.34854
[dump]   top3 idx=1882 val=4.23632
[dump]   top4 idx=1844 val=3.88201
[dump] L47.mid    n=10      finite=1 absmax=0 mean=0 sumsq=0 ids: 481 186 286 354 352 316 206 196 100 367
[dump] L47.moe    n=2560    finite=1 absmax=0.97945      mean=-0.00057096  sumsq=18.41779663        argmax=181
[dump]   top0 idx=181 val=0.80259
[dump]   top1 idx=951 val=0.39467
[dump]   top2 idx=634 val=0.39245
[dump]   top3 idx=2356 val=0.29894
[dump]   top4 idx=19 val=0.28973
[dump] L47.res    n=10240   finite=1 absmax=6.5743       mean=0.0029378    sumsq=1329.938328        argmax=2741
[dump]   top0 idx=2741 val=4.38915
[dump]   top1 idx=1882 val=3.64978
[dump]   top2 idx=181 val=3.18758
[dump]   top3 idx=3194 val=2.63232
[dump]   top4 idx=4370 val=2.15558
[dump] L00.hcmix  n=2560    finite=1 absmax=5.4804       mean=0.055681     sumsq=1651.531996        argmax=533
[dump]   top0 idx=533 val=5.48042
[dump]   top1 idx=1424 val=5.03314
[dump]   top2 idx=227 val=4.09944
[dump]   top3 idx=1069 val=3.87601
[dump]   top4 idx=1028 val=3.86890
[dump] L00.att    n=2560    finite=1 absmax=0.7683       mean=-0.00058846  sumsq=25.4313607         argmax=5
[dump]   top0 idx=5 val=0.76830
[dump]   top1 idx=417 val=0.74188
[dump]   top2 idx=67 val=0.67076
[dump]   top3 idx=2342 val=0.53429
[dump]   top4 idx=2325 val=0.38891
[dump] L00.fmix   n=2560    finite=1 absmax=1.9301       mean=0.015139     sumsq=403.7038456        argmax=1682
[dump]   top0 idx=1682 val=1.93007
[dump]   top1 idx=2474 val=1.87568
[dump]   top2 idx=1733 val=1.71622
[dump]   top3 idx=796 val=1.63881
[dump]   top4 idx=707 val=1.60155
[dump] L00.mid    n=10      finite=1 absmax=0 mean=0 sumsq=0 ids: 460 479 15 139 367 339 497 11 340 449
[dump] L00.moe    n=2560    finite=1 absmax=0.25278      mean=0.00049631   sumsq=2.478660716        argmax=1682
[dump]   top0 idx=1682 val=0.25278
[dump]   top1 idx=728 val=0.19798
[dump]   top2 idx=268 val=0.17653
[dump]   top3 idx=579 val=0.16937
[dump]   top4 idx=2238 val=0.16082
[dump] L00.res    n=10240   finite=1 absmax=0.22376      mean=0.00046861   sumsq=2.68966003         argmax=6802
[dump]   top0 idx=6802 val=0.22376
[dump]   top1 idx=5125 val=0.19488
[dump]   top2 idx=5187 val=0.17023
[dump]   top3 idx=5848 val=0.16976
[dump]   top4 idx=6325 val=0.14544
[dump] L01.hcmix  n=2560    finite=1 absmax=3.3298       mean=0.0080204    sumsq=393.5073289        argmax=5
[dump]   top0 idx=5 val=2.73874
[dump]   top1 idx=1487 val=2.47373
[dump]   top2 idx=588 val=2.35275
[dump]   top3 idx=631 val=2.24663
[dump]   top4 idx=1332 val=2.19027
[dump] L01.att    n=2560    finite=1 absmax=1.8405       mean=-0.0069851   sumsq=54.58644429        argmax=331
[dump]   top0 idx=331 val=1.84052
[dump]   top1 idx=1392 val=0.83096
[dump]   top2 idx=736 val=0.58283
[dump]   top3 idx=667 val=0.56447
[dump]   top4 idx=1887 val=0.55677
[dump] L01.fmix   n=2560    finite=1 absmax=2.2863       mean=-0.0050342   sumsq=376.5618558        argmax=5
[dump]   top0 idx=5 val=1.98698
[dump]   top1 idx=227 val=1.60157
[dump]   top2 idx=588 val=1.49117
[dump]   top3 idx=631 val=1.44869
[dump]   top4 idx=533 val=1.34794
[dump] L01.mid    n=10      finite=1 absmax=0 mean=0 sumsq=0 ids: 500 69 154 19 86 306 505 349 249 67
[dump] L01.moe    n=2560    finite=1 absmax=0.037083     mean=0.00012237   sumsq=0.1316567178       argmax=855
[dump]   top0 idx=855 val=0.03708
[dump]   top1 idx=514 val=0.02290
[dump]   top2 idx=2301 val=0.02285
[dump]   top3 idx=2001 val=0.02272
[dump]   top4 idx=1039 val=0.02207
[dump] L01.res    n=10240   finite=1 absmax=0.19381      mean=0.00038819   sumsq=4.057255189        argmax=5125
[dump]   top0 idx=5125 val=0.19381
[dump]   top1 idx=5848 val=0.18028
[dump]   top2 idx=5187 val=0.17100
[dump]   top3 idx=6325 val=0.14429
[dump]   top4 idx=7462 val=0.13034
[dump] L02.hcmix  n=2560    finite=1 absmax=4.2681       mean=0.014027     sumsq=624.1958968        argmax=331
[dump]   top0 idx=331 val=4.26809
[dump]   top1 idx=5 val=3.40997
[dump]   top2 idx=1392 val=2.58546
[dump]   top3 idx=631 val=2.57548
[dump]   top4 idx=588 val=2.50893
[dump] L02.att    n=2560    finite=1 absmax=0.53878      mean=0.0050882    sumsq=32.45874132        argmax=524
[dump]   top0 idx=524 val=0.41053
[dump]   top1 idx=253 val=0.39471
[dump]   top2 idx=1474 val=0.39031
[dump]   top3 idx=693 val=0.38356
[dump]   top4 idx=2151 val=0.38209
[dump] L02.fmix   n=2560    finite=1 absmax=2.8363       mean=0.0079854    sumsq=376.7605745        argmax=67
[dump]   top0 idx=67 val=1.40607
[dump]   top1 idx=631 val=1.38346
[dump]   top2 idx=1881 val=1.35723
[dump]   top3 idx=2342 val=1.29852
[dump]   top4 idx=2272 val=1.29142
[dump] L02.mid    n=10      finite=1 absmax=0 mean=0 sumsq=0 ids: 75 54 492 247 12 480 61 13 272 32
[dump] L02.moe    n=2560    finite=1 absmax=0.07042      mean=0.00058054   sumsq=0.2347088577       argmax=728
[dump]   top0 idx=728 val=0.07042
[dump]   top1 idx=885 val=0.06467
[dump]   top2 idx=951 val=0.06372
[dump]   top3 idx=385 val=0.05262
[dump]   top4 idx=65 val=0.05230
[dump] L02.res    n=10240   finite=1 absmax=0.24007      mean=0.00069179   sumsq=5.009155695        argmax=5848
[dump]   top0 idx=5848 val=0.24007
[dump]   top1 idx=5125 val=0.22073
[dump]   top2 idx=6071 val=0.18221
[dump]   top3 idx=5187 val=0.17799
[dump]   top4 idx=6325 val=0.17167
[dump] L03.hcmix  n=2560    finite=1 absmax=3.7388       mean=0.016092     sumsq=267.2351334        argmax=5
[dump]   top0 idx=5 val=3.73883
[dump]   top1 idx=631 val=2.20187
[dump]   top2 idx=788 val=1.99976
[dump]   top3 idx=588 val=1.69938
[dump]   top4 idx=65 val=1.48339
[dump] L03.att    n=2560    finite=1 absmax=0.4246       mean=-0.0039013   sumsq=17.97692177        argmax=2442
[dump]   top0 idx=2442 val=0.42460
[dump]   top1 idx=551 val=0.31653
[dump]   top2 idx=1890 val=0.28437
[dump]   top3 idx=1930 val=0.26391
[dump]   top4 idx=1395 val=0.25736
[dump] L03.fmix   n=2560    finite=1 absmax=4.2472       mean=0.0059657    sumsq=679.4311356        argmax=67
[dump]   top0 idx=67 val=2.22995
[dump]   top1 idx=728 val=1.96334
[dump]   top2 idx=1930 val=1.93191
[dump]   top3 idx=631 val=1.86391
[dump]   top4 idx=259 val=1.74084
[dump] L03.mid    n=10      finite=1 absmax=0 mean=0 sumsq=0 ids: 101 504 365 190 318 143 231 455 8 441
[dump] L03.moe    n=2560    finite=1 absmax=0.048535     mean=0.00015909   sumsq=0.2911235631       argmax=949
[dump]   top0 idx=949 val=0.04853
[dump]   top1 idx=2140 val=0.04256
[dump]   top2 idx=1096 val=0.03665
[dump]   top3 idx=2172 val=0.03396
[dump]   top4 idx=544 val=0.03007
[dump] L03.res    n=10240   finite=1 absmax=0.23868      mean=0.00064258   sumsq=5.653134752        argmax=5848
[dump]   top0 idx=5848 val=0.23726
[dump]   top1 idx=5125 val=0.22333
[dump]   top2 idx=6071 val=0.18080
[dump]   top3 idx=5187 val=0.17592
[dump]   top4 idx=6325 val=0.17172
[dump] L04.hcmix  n=2560    finite=1 absmax=4.2668       mean=0.025277     sumsq=745.1119174        argmax=5
[dump]   top0 idx=5 val=4.26679
[dump]   top1 idx=331 val=2.59303
[dump]   top2 idx=631 val=2.58461
[dump]   top3 idx=588 val=2.54630
[dump]   top4 idx=92 val=2.45275
[dump] L04.att    n=2560    finite=1 absmax=0.41339      mean=-0.00011437  sumsq=16.11692923        argmax=1653
[dump]   top0 idx=1653 val=0.41339
[dump]   top1 idx=631 val=0.30876
[dump]   top2 idx=2433 val=0.30075
[dump]   top3 idx=372 val=0.30037
[dump]   top4 idx=245 val=0.24823
[dump] L04.fmix   n=2560    finite=1 absmax=3.8952       mean=0.011829     sumsq=793.970371         argmax=1521
[dump]   top0 idx=1521 val=1.99515
[dump]   top1 idx=1205 val=1.86986
[dump]   top2 idx=418 val=1.79627
[dump]   top3 idx=67 val=1.76418
[dump]   top4 idx=1930 val=1.76022
[dump] L04.mid    n=10      finite=1 absmax=0 mean=0 sumsq=0 ids: 106 41 410 496 320 500 252 209 274 453
[dump] L04.moe    n=2560    finite=1 absmax=0.063472     mean=-4.3502e-06  sumsq=0.3103847926       argmax=1653
[dump]   top0 idx=1653 val=0.06347
[dump]   top1 idx=1199 val=0.04123
[dump]   top2 idx=579 val=0.03716
[dump]   top3 idx=2083 val=0.03568
[dump]   top4 idx=1185 val=0.03460
[dump] L04.res    n=10240   finite=1 absmax=0.23797      mean=0.00063593   sumsq=6.710374738        argmax=5848
[dump]   top0 idx=5848 val=0.23706
[dump]   top1 idx=5125 val=0.22401
[dump]   top2 idx=6071 val=0.18004
[dump]   top3 idx=5187 val=0.17536
[dump]   top4 idx=6325 val=0.17266
[dump] L05.hcmix  n=2560    finite=1 absmax=6.4477       mean=0.018648     sumsq=733.7707859        argmax=1653
[dump]   top0 idx=1653 val=6.44768
[dump]   top1 idx=5 val=3.64052
[dump]   top2 idx=588 val=3.17444
[dump]   top3 idx=331 val=2.85109
[dump]   top4 idx=92 val=2.71994
[dump] L05.att    n=2560    finite=1 absmax=0.46474      mean=-0.0014688   sumsq=14.96285706        argmax=593
[dump]   top0 idx=593 val=0.34592
[dump]   top1 idx=1134 val=0.32452
[dump]   top2 idx=1897 val=0.31029
[dump]   top3 idx=1205 val=0.30171
[dump]   top4 idx=1770 val=0.29249
[dump] L05.fmix   n=2560    finite=1 absmax=2.2728       mean=0.010211     sumsq=624.2801839        argmax=631
[dump]   top0 idx=631 val=2.27282
[dump]   top1 idx=1205 val=1.79541
[dump]   top2 idx=753 val=1.65394
[dump]   top3 idx=1521 val=1.58947
[dump]   top4 idx=1512 val=1.49241
[dump] L05.mid    n=10      finite=1 absmax=0 mean=0 sumsq=0 ids: 446 344 169 314 236 468 471 291 302 49
[dump] L05.moe    n=2560    finite=1 absmax=0.037096     mean=0.00029175   sumsq=0.2048556106       argmax=885
[dump]   top0 idx=885 val=0.03710
[dump]   top1 idx=2533 val=0.03465
[dump]   top2 idx=2505 val=0.03181
[dump]   top3 idx=192 val=0.02945
[dump]   top4 idx=2314 val=0.02912
[dump] L05.res    n=10240   finite=1 absmax=0.23763      mean=0.00071537   sumsq=7.604771672        argmax=5848
[dump]   top0 idx=5848 val=0.23660
[dump]   top1 idx=5125 val=0.22392
[dump]   top2 idx=6071 val=0.18015
[dump]   top3 idx=5187 val=0.17521
[dump]   top4 idx=6325 val=0.17386
[dump] L06.hcmix  n=2560    finite=1 absmax=4.3686       mean=0.017145     sumsq=683.1947641        argmax=5
[dump]   top0 idx=5 val=4.36861
[dump]   top1 idx=92 val=2.96748
[dump]   top2 idx=588 val=2.67801
[dump]   top3 idx=2342 val=2.17186
[dump]   top4 idx=951 val=1.94789
[dump] L06.att    n=2560    finite=1 absmax=1.1379       mean=-0.0012611   sumsq=54.98007961        argmax=951
[dump]   top0 idx=951 val=1.13785
[dump]   top1 idx=482 val=1.12448
[dump]   top2 idx=728 val=0.74688
[dump]   top3 idx=1682 val=0.59414
[dump]   top4 idx=1359 val=0.57738
[dump] L06.fmix   n=2560    finite=1 absmax=2.9523       mean=0.015496     sumsq=896.5864327        argmax=631
[dump]   top0 idx=631 val=2.58779
[dump]   top1 idx=1521 val=2.02727
[dump]   top2 idx=1523 val=1.96824
[dump]   top3 idx=67 val=1.93594
[dump]   top4 idx=1512 val=1.81500
[dump] L06.mid    n=10      finite=1 absmax=0 mean=0 sumsq=0 ids: 51 152 159 91 432 109 165 375 123 223
[dump] L06.moe    n=2560    finite=1 absmax=0.064576     mean=0.00056861   sumsq=0.3420305757       argmax=2453
[dump]   top0 idx=2453 val=0.06458
[dump]   top1 idx=528 val=0.04686
[dump]   top2 idx=1716 val=0.04523
[dump]   top3 idx=1102 val=0.04446
[dump]   top4 idx=513 val=0.04437
[dump] L06.res    n=10240   finite=1 absmax=0.23711      mean=0.00091278   sumsq=8.155964231        argmax=5848
[dump]   top0 idx=5848 val=0.23711
[dump]   top1 idx=5125 val=0.22281
[dump]   top2 idx=7772 val=0.19132
[dump]   top3 idx=6071 val=0.18012
[dump]   top4 idx=5187 val=0.17793
[dump] L07.hcmix  n=2560    finite=1 absmax=3.6812       mean=0.02006      sumsq=348.3727403        argmax=5
[dump]   top0 idx=5 val=3.68115
[dump]   top1 idx=588 val=1.56489
[dump]   top2 idx=2342 val=1.38987
[dump]   top3 idx=631 val=1.37969
[dump]   top4 idx=482 val=1.33608
[dump] L07.att    n=2560    finite=1 absmax=0.68756      mean=0.0010802    sumsq=30.07755686        argmax=2293
[dump]   top0 idx=2293 val=0.48860
[dump]   top1 idx=2180 val=0.46088
[dump]   top2 idx=1795 val=0.42530
[dump]   top3 idx=1076 val=0.40983
[dump]   top4 idx=1345 val=0.39992
[dump] L07.fmix   n=2560    finite=1 absmax=2.2114       mean=0.019415     sumsq=674.933203         argmax=1521
[dump]   top0 idx=1521 val=1.73966
[dump]   top1 idx=2433 val=1.68581
[dump]   top2 idx=259 val=1.59192
[dump]   top3 idx=631 val=1.55007
[dump]   top4 idx=205 val=1.48145
[dump] L07.mid    n=10      finite=1 absmax=0 mean=0 sumsq=0 ids: 87 242 445 358 252 193 191 8 194 163
[dump] L07.moe    n=2560    finite=1 absmax=0.049382     mean=0.00028688   sumsq=0.2854315547       argmax=2453
[dump]   top0 idx=2453 val=0.04024
[dump]   top1 idx=757 val=0.03695
[dump]   top2 idx=2258 val=0.03607
[dump]   top3 idx=526 val=0.03421
[dump]   top4 idx=1712 val=0.03407
[dump] L07.res    n=10240   finite=1 absmax=0.25358      mean=0.0011052    sumsq=9.148182074        argmax=5848
[dump]   top0 idx=5848 val=0.23357
[dump]   top1 idx=5125 val=0.22261
[dump]   top2 idx=7772 val=0.21462
[dump]   top3 idx=9475 val=0.20313
[dump]   top4 idx=6325 val=0.17973
[dump] L08.hcmix  n=2560    finite=1 absmax=3.2959       mean=0.026408     sumsq=652.1898516        argmax=631
[dump]   top0 idx=631 val=3.29595
[dump]   top1 idx=588 val=2.73180
[dump]   top2 idx=2477 val=2.26376
[dump]   top3 idx=92 val=2.23999
[dump]   top4 idx=2097 val=2.07093
[dump] L08.att    n=2560    finite=1 absmax=0.099454     mean=9.9759e-05   sumsq=1.497739548        argmax=799
[dump]   top0 idx=799 val=0.09945
[dump]   top1 idx=1499 val=0.09028
[dump]   top2 idx=582 val=0.08787
[dump]   top3 idx=706 val=0.08288
[dump]   top4 idx=1043 val=0.08235
[dump] L08.fmix   n=2560    finite=1 absmax=2.4999       mean=0.026921     sumsq=685.8541054        argmax=631
[dump]   top0 idx=631 val=2.49986
[dump]   top1 idx=2433 val=1.71475
[dump]   top2 idx=1930 val=1.63777
[dump]   top3 idx=744 val=1.62278
[dump]   top4 idx=1899 val=1.54297
[dump] L08.mid    n=10      finite=1 absmax=0 mean=0 sumsq=0 ids: 263 181 134 360 462 175 46 183 219 387
[dump] L08.moe    n=2560    finite=1 absmax=0.045111     mean=-0.00039719  sumsq=0.4691805804       argmax=3
[dump]   top0 idx=3 val=0.04511
[dump]   top1 idx=1595 val=0.03987
[dump]   top2 idx=1455 val=0.03981
[dump]   top3 idx=1388 val=0.03951
[dump]   top4 idx=1153 val=0.03931
[dump] L08.res    n=10240   finite=1 absmax=0.26553      mean=0.00097257   sumsq=9.99645069         argmax=7772
[dump]   top0 idx=7772 val=0.23575
[dump]   top1 idx=5848 val=0.23375
[dump]   top2 idx=5125 val=0.22254
[dump]   top3 idx=9475 val=0.21815
[dump]   top4 idx=6325 val=0.17999
[dump] L09.hcmix  n=2560    finite=1 absmax=3.0085       mean=0.019553     sumsq=764.2125693        argmax=92
[dump]   top0 idx=92 val=3.00855
[dump]   top1 idx=1205 val=2.86229
[dump]   top2 idx=2083 val=2.03132
[dump]   top3 idx=1353 val=1.86933
[dump]   top4 idx=2477 val=1.83571
[dump] L09.att    n=2560    finite=1 absmax=0.34943      mean=0.002537     sumsq=16.9784531         argmax=2393
[dump]   top0 idx=2393 val=0.34943
[dump]   top1 idx=1332 val=0.28985
[dump]   top2 idx=1378 val=0.28379
[dump]   top3 idx=1413 val=0.27548
[dump]   top4 idx=149 val=0.25722
[dump] L09.fmix   n=2560    finite=1 absmax=2.5046       mean=0.027229     sumsq=723.4984182        argmax=92
[dump]   top0 idx=92 val=2.50457
[dump]   top1 idx=1205 val=2.11876
[dump]   top2 idx=2433 val=1.92712
[dump]   top3 idx=631 val=1.71575
[dump]   top4 idx=1180 val=1.57386
[dump] L09.mid    n=10      finite=1 absmax=0 mean=0 sumsq=0 ids: 264 430 142 376 478 68 153 26 488 218
[dump] L09.moe    n=2560    finite=1 absmax=0.03623      mean=5.0349e-05   sumsq=0.2683054389       argmax=1395
[dump]   top0 idx=1395 val=0.03588
[dump]   top1 idx=105 val=0.03324
[dump]   top2 idx=1652 val=0.03323
[dump]   top3 idx=705 val=0.03225
[dump]   top4 idx=2206 val=0.03080
[dump] L09.res    n=10240   finite=1 absmax=0.26544      mean=0.0010635    sumsq=10.2775506         argmax=7772
[dump]   top0 idx=7772 val=0.23934
[dump]   top1 idx=5848 val=0.23372
[dump]   top2 idx=9475 val=0.22832
[dump]   top3 idx=5125 val=0.22253
[dump]   top4 idx=6325 val=0.17993
[dump] L10.hcmix  n=2560    finite=1 absmax=3.1881       mean=0.029011     sumsq=878.255975         argmax=92
[dump]   top0 idx=92 val=3.18813
[dump]   top1 idx=1205 val=2.85185
[dump]   top2 idx=631 val=2.81842
[dump]   top3 idx=588 val=2.54431
[dump]   top4 idx=5 val=2.18612
[dump] L10.att    n=2560    finite=1 absmax=0.37774      mean=-0.00018343  sumsq=17.42573131        argmax=728
[dump]   top0 idx=728 val=0.37774
[dump]   top1 idx=1912 val=0.34454
[dump]   top2 idx=508 val=0.33750
[dump]   top3 idx=816 val=0.32625
[dump]   top4 idx=2521 val=0.30066
[dump] L10.fmix   n=2560    finite=1 absmax=1.9376       mean=0.0197       sumsq=621.4629393        argmax=631
[dump]   top0 idx=631 val=1.83713
[dump]   top1 idx=92 val=1.83072
[dump]   top2 idx=2433 val=1.63687
[dump]   top3 idx=1512 val=1.63580
[dump]   top4 idx=1225 val=1.53971
[dump] L10.mid    n=10      finite=1 absmax=0 mean=0 sumsq=0 ids: 355 461 97 495 417 387 373 322 203 18
[dump] L10.moe    n=2560    finite=1 absmax=0.036745     mean=-0.00018333  sumsq=0.2975601803       argmax=86
[dump]   top0 idx=86 val=0.03675
[dump]   top1 idx=2105 val=0.03484
[dump]   top2 idx=2276 val=0.03380
[dump]   top3 idx=618 val=0.03344
[dump]   top4 idx=1253 val=0.03264
[dump] L10.res    n=10240   finite=1 absmax=0.27127      mean=0.00097105   sumsq=10.87822906        argmax=5848
[dump]   top0 idx=5848 val=0.23417
[dump]   top1 idx=9475 val=0.22437
[dump]   top2 idx=5125 val=0.22258
[dump]   top3 idx=7772 val=0.22131
[dump]   top4 idx=6325 val=0.17985
[dump] L11.hcmix  n=2560    finite=1 absmax=2.9044       mean=0.013731     sumsq=340.3257114        argmax=5
[dump]   top0 idx=5 val=2.90439
[dump]   top1 idx=728 val=1.65801
[dump]   top2 idx=951 val=1.46993
[dump]   top3 idx=631 val=1.31556
[dump]   top4 idx=418 val=1.24846
[dump] L11.att    n=2560    finite=1 absmax=0.39635      mean=0.0011302    sumsq=20.55488619        argmax=892
[dump]   top0 idx=892 val=0.30297
[dump]   top1 idx=2448 val=0.30232
[dump]   top2 idx=480 val=0.28551
[dump]   top3 idx=2206 val=0.27227
[dump]   top4 idx=104 val=0.27179
[dump] L11.fmix   n=2560    finite=1 absmax=2.6947       mean=0.015354     sumsq=624.5528046        argmax=631
[dump]   top0 idx=631 val=2.69468
[dump]   top1 idx=2433 val=1.79182
[dump]   top2 idx=92 val=1.57894
[dump]   top3 idx=1512 val=1.56367
[dump]   top4 idx=1182 val=1.48199
[dump] L11.mid    n=10      finite=1 absmax=0 mean=0 sumsq=0 ids: 323 418 508 166 261 273 430 48 371 120
[dump] L11.moe    n=2560    finite=1 absmax=0.050602     mean=-0.00027957  sumsq=0.4533296595       argmax=1957
[dump]   top0 idx=1957 val=0.04558
[dump]   top1 idx=1642 val=0.03954
[dump]   top2 idx=568 val=0.03847
[dump]   top3 idx=1572 val=0.03786
[dump]   top4 idx=157 val=0.03652
[dump] L11.res    n=10240   finite=1 absmax=0.27036      mean=0.0008569    sumsq=11.97338937        argmax=5848
[dump]   top0 idx=5848 val=0.23364
[dump]   top1 idx=9475 val=0.22552
[dump]   top2 idx=7772 val=0.22437
[dump]   top3 idx=5125 val=0.22236
[dump]   top4 idx=6325 val=0.17963
[dump] L12.hcmix  n=2560    finite=1 absmax=3.2851       mean=0.011144     sumsq=905.2249479        argmax=5
[dump]   top0 idx=5 val=2.64096
[dump]   top1 idx=1795 val=2.49082
[dump]   top2 idx=1205 val=2.25237
[dump]   top3 idx=92 val=2.01908
[dump]   top4 idx=481 val=1.90697
[dump] L12.att    n=2560    finite=1 absmax=0.40756      mean=-0.00049341  sumsq=19.05186943        argmax=728
[dump]   top0 idx=728 val=0.30898
[dump]   top1 idx=1432 val=0.30688
[dump]   top2 idx=539 val=0.29284
[dump]   top3 idx=729 val=0.28580
[dump]   top4 idx=793 val=0.27970
[dump] L12.fmix   n=2560    finite=1 absmax=2.2581       mean=0.014285     sumsq=651.3023399        argmax=631
[dump]   top0 idx=631 val=2.25805
[dump]   top1 idx=2433 val=1.85225
[dump]   top2 idx=1205 val=1.83591
[dump]   top3 idx=92 val=1.77332
[dump]   top4 idx=65 val=1.76445
[dump] L12.mid    n=10      finite=1 absmax=0 mean=0 sumsq=0 ids: 421 0 433 63 277 283 390 21 37 52
[dump] L12.moe    n=2560    finite=1 absmax=0.049973     mean=-0.00022836  sumsq=0.241563747        argmax=667
[dump]   top0 idx=667 val=0.03802
[dump]   top1 idx=915 val=0.03363
[dump]   top2 idx=761 val=0.03235
[dump]   top3 idx=2324 val=0.02954
[dump]   top4 idx=235 val=0.02951
[dump] L12.res    n=10240   finite=1 absmax=0.27917      mean=0.00067689   sumsq=13.18665878        argmax=5848
[dump]   top0 idx=5848 val=0.23400
[dump]   top1 idx=9475 val=0.23184
[dump]   top2 idx=7772 val=0.22809
[dump]   top3 idx=5125 val=0.22234
[dump]   top4 idx=8311 val=0.18622
[dump] L13.hcmix  n=2560    finite=1 absmax=2.7746       mean=0.0071098    sumsq=1056.381753        argmax=1205
[dump]   top0 idx=1205 val=2.40648
[dump]   top1 idx=667 val=2.09718
[dump]   top2 idx=1406 val=2.04737
[dump]   top3 idx=728 val=2.01865
[dump]   top4 idx=1054 val=1.95826
[dump] L13.att    n=2560    finite=1 absmax=0.25547      mean=0.00013456   sumsq=6.8502737          argmax=728
[dump]   top0 idx=728 val=0.25547
[dump]   top1 idx=951 val=0.23949
[dump]   top2 idx=1795 val=0.23121
[dump]   top3 idx=2445 val=0.19716
[dump]   top4 idx=788 val=0.18070
[dump] L13.fmix   n=2560    finite=1 absmax=2.2341       mean=0.00045116   sumsq=623.8629058        argmax=728
[dump]   top0 idx=728 val=2.23413
[dump]   top1 idx=951 val=1.99681
[dump]   top2 idx=1301 val=1.73808
[dump]   top3 idx=2453 val=1.63737
[dump]   top4 idx=1616 val=1.58535
[dump] L13.mid    n=10      finite=1 absmax=0 mean=0 sumsq=0 ids: 259 387 265 97 273 91 357 468 224 93
[dump] L13.moe    n=2560    finite=1 absmax=0.071206     mean=-3.4995e-05  sumsq=1.043608806        argmax=2480
[dump]   top0 idx=2480 val=0.07121
[dump]   top1 idx=2401 val=0.06365
[dump]   top2 idx=2525 val=0.06167
[dump]   top3 idx=1977 val=0.06166
[dump]   top4 idx=2378 val=0.06125
[dump] L13.res    n=10240   finite=1 absmax=0.27938      mean=0.00066486   sumsq=16.37401971        argmax=9475
[dump]   top0 idx=9475 val=0.24679
[dump]   top1 idx=5848 val=0.23484
[dump]   top2 idx=7772 val=0.22276
[dump]   top3 idx=5125 val=0.22234
[dump]   top4 idx=8311 val=0.18163
[dump] L14.hcmix  n=2560    finite=1 absmax=2.622        mean=0.0099068    sumsq=910.0875018        argmax=1795
[dump]   top0 idx=1795 val=2.62202
[dump]   top1 idx=728 val=2.61220
[dump]   top2 idx=983 val=2.28519
[dump]   top3 idx=1616 val=2.00735
[dump]   top4 idx=951 val=1.87859
[dump] L14.att    n=2560    finite=1 absmax=0.47416      mean=0.00094813   sumsq=18.84996029        argmax=482
[dump]   top0 idx=482 val=0.47416
[dump]   top1 idx=2433 val=0.43240
[dump]   top2 idx=689 val=0.42266
[dump]   top3 idx=2215 val=0.38139
[dump]   top4 idx=360 val=0.37964
[dump] L14.fmix   n=2560    finite=1 absmax=2.1727       mean=0.0087747    sumsq=663.4984731        argmax=728
[dump]   top0 idx=728 val=2.17269
[dump]   top1 idx=631 val=2.02633
[dump]   top2 idx=1512 val=1.92156
[dump]   top3 idx=1482 val=1.74347
[dump]   top4 idx=1616 val=1.74068
[dump] L14.mid    n=10      finite=1 absmax=0 mean=0 sumsq=0 ids: 335 398 506 212 473 138 312 151 108 402
[dump] L14.moe    n=2560    finite=1 absmax=0.031193     mean=-0.00027235  sumsq=0.1156921226       argmax=1827
[dump]   top0 idx=1827 val=0.03119
[dump]   top1 idx=875 val=0.02822
[dump]   top2 idx=1603 val=0.02458
[dump]   top3 idx=1039 val=0.02200
[dump]   top4 idx=2473 val=0.02010
[dump] L14.res    n=10240   finite=1 absmax=0.28367      mean=0.00055742   sumsq=17.05931098        argmax=9475
[dump]   top0 idx=9475 val=0.25411
[dump]   top1 idx=5848 val=0.23354
[dump]   top2 idx=7772 val=0.22575
[dump]   top3 idx=5125 val=0.22157
[dump]   top4 idx=9071 val=0.18461
[dump] L15.hcmix  n=2560    finite=1 absmax=1.3887       mean=0.003222     sumsq=233.3514334        argmax=667
[dump]   top0 idx=667 val=1.25967
[dump]   top1 idx=728 val=1.17335
[dump]   top2 idx=788 val=1.13949
[dump]   top3 idx=793 val=1.12706
[dump]   top4 idx=2121 val=1.11203
[dump] L15.att    n=2560    finite=1 absmax=0.36975      mean=-0.0027884   sumsq=14.35248449        argmax=1359
[dump]   top0 idx=1359 val=0.36975
[dump]   top1 idx=1879 val=0.30426
[dump]   top2 idx=808 val=0.29591
[dump]   top3 idx=1227 val=0.26278
[dump]   top4 idx=1716 val=0.26229
[dump] L15.fmix   n=2560    finite=1 absmax=4.4971       mean=-0.0078008   sumsq=1489.531083        argmax=728
[dump]   top0 idx=728 val=4.49712
[dump]   top1 idx=2238 val=2.83184
[dump]   top2 idx=1512 val=2.52857
[dump]   top3 idx=320 val=2.48883
[dump]   top4 idx=836 val=2.48140
[dump] L15.mid    n=10      finite=1 absmax=0 mean=0 sumsq=0 ids: 494 289 207 405 288 192 174 283 199 385
[dump] L15.moe    n=2560    finite=1 absmax=0.047846     mean=-2.6157e-05  sumsq=0.4397440986       argmax=1408
[dump]   top0 idx=1408 val=0.04785
[dump]   top1 idx=652 val=0.04702
[dump]   top2 idx=158 val=0.04555
[dump]   top3 idx=1212 val=0.04077
[dump]   top4 idx=654 val=0.04065
[dump] L15.res    n=10240   finite=1 absmax=0.27775      mean=0.00038247   sumsq=15.63730332        argmax=9475
[dump]   top0 idx=9475 val=0.24659
[dump]   top1 idx=5848 val=0.23408
[dump]   top2 idx=7772 val=0.22404
[dump]   top3 idx=5125 val=0.22089
[dump]   top4 idx=9071 val=0.18212
[dump] L16.hcmix  n=2560    finite=1 absmax=2.7789       mean=-0.0073558   sumsq=1047.574593        argmax=2121
[dump]   top0 idx=2121 val=2.77889
[dump]   top1 idx=1947 val=2.60441
[dump]   top2 idx=1795 val=2.38287
[dump]   top3 idx=1406 val=2.22273
[dump]   top4 idx=129 val=2.10049
[dump] L16.att    n=2560    finite=1 absmax=0.23801      mean=-0.0010036   sumsq=5.928032844        argmax=2057
[dump]   top0 idx=2057 val=0.23801
[dump]   top1 idx=713 val=0.17199
[dump]   top2 idx=2184 val=0.16761
[dump]   top3 idx=1076 val=0.15927
[dump]   top4 idx=2054 val=0.15925
[dump] L16.fmix   n=2560    finite=1 absmax=2.6263       mean=-0.0093293   sumsq=1230.401047        argmax=1512
[dump]   top0 idx=1512 val=2.50158
[dump]   top1 idx=320 val=2.49292
[dump]   top2 idx=836 val=2.16687
[dump]   top3 idx=728 val=2.06556
[dump]   top4 idx=667 val=2.03977
[dump] L16.mid    n=10      finite=1 absmax=0 mean=0 sumsq=0 ids: 243 58 228 391 263 272 278 487 142 429
[dump] L16.moe    n=2560    finite=1 absmax=0.061115     mean=4.033e-05    sumsq=0.6338470164       argmax=2532
[dump]   top0 idx=2532 val=0.06111
[dump]   top1 idx=1058 val=0.04736
[dump]   top2 idx=787 val=0.04567
[dump]   top3 idx=812 val=0.04544
[dump]   top4 idx=333 val=0.04534
[dump] L16.res    n=10240   finite=1 absmax=0.27785      mean=0.00033786   sumsq=16.6231635         argmax=9475
[dump]   top0 idx=9475 val=0.24231
[dump]   top1 idx=5848 val=0.23384
[dump]   top2 idx=7772 val=0.22133
[dump]   top3 idx=5125 val=0.22077
[dump]   top4 idx=6325 val=0.18025
[dump] L17.hcmix  n=2560    finite=1 absmax=2.8294       mean=-0.0036503   sumsq=1095.283814        argmax=1947
[dump]   top0 idx=1947 val=2.82942
[dump]   top1 idx=1406 val=2.29383
[dump]   top2 idx=1795 val=2.24307
[dump]   top3 idx=812 val=2.19921
[dump]   top4 idx=1205 val=2.09256
[dump] L17.att    n=2560    finite=1 absmax=0.24499      mean=0.00042067   sumsq=5.050191271        argmax=1984
[dump]   top0 idx=1984 val=0.24499
[dump]   top1 idx=871 val=0.18381
[dump]   top2 idx=394 val=0.18378
[dump]   top3 idx=177 val=0.17093
[dump]   top4 idx=390 val=0.14135
[dump] L17.fmix   n=2560    finite=1 absmax=2.2367       mean=-0.0052862   sumsq=997.7909309        argmax=1512
[dump]   top0 idx=1512 val=1.99885
[dump]   top1 idx=1482 val=1.99753
[dump]   top2 idx=812 val=1.97530
[dump]   top3 idx=793 val=1.81576
[dump]   top4 idx=2480 val=1.74465
[dump] L17.mid    n=10      finite=1 absmax=0 mean=0 sumsq=0 ids: 136 499 139 363 209 486 84 471 422 365
[dump] L17.moe    n=2560    finite=1 absmax=0.037595     mean=0.00029176   sumsq=0.2542919255       argmax=946
[dump]   top0 idx=946 val=0.03759
[dump]   top1 idx=928 val=0.03660
[dump]   top2 idx=1696 val=0.03285
[dump]   top3 idx=268 val=0.03051
[dump]   top4 idx=290 val=0.03024
[dump] L17.res    n=10240   finite=1 absmax=0.27573      mean=0.00057252   sumsq=16.2093228         argmax=9475
[dump]   top0 idx=9475 val=0.23905
[dump]   top1 idx=5848 val=0.23351
[dump]   top2 idx=7772 val=0.22328
[dump]   top3 idx=5125 val=0.22093
[dump]   top4 idx=508 val=0.18525
[dump] L18.hcmix  n=2560    finite=1 absmax=2.6777       mean=0.010088     sumsq=1053.74649         argmax=1947
[dump]   top0 idx=1947 val=2.67775
[dump]   top1 idx=1205 val=2.65533
[dump]   top2 idx=1616 val=2.53718
[dump]   top3 idx=508 val=2.43457
[dump]   top4 idx=2121 val=2.17303
[dump] L18.att    n=2560    finite=1 absmax=0.29796      mean=-0.00065621  sumsq=5.907470949        argmax=482
[dump]   top0 idx=482 val=0.29796
[dump]   top1 idx=167 val=0.22200
[dump]   top2 idx=1509 val=0.18076
[dump]   top3 idx=1134 val=0.16902
[dump]   top4 idx=689 val=0.16717
[dump] L18.fmix   n=2560    finite=1 absmax=2.5169       mean=0.0063878    sumsq=902.0845559        argmax=588
[dump]   top0 idx=588 val=2.17366
[dump]   top1 idx=65 val=2.15759
[dump]   top2 idx=631 val=2.05667
[dump]   top3 idx=2491 val=2.03564
[dump]   top4 idx=1616 val=1.95321
[dump] L18.mid    n=10      finite=1 absmax=0 mean=0 sumsq=0 ids: 131 264 29 448 211 353 347 101 24 87
[dump] L18.moe    n=2560    finite=1 absmax=0.04661      mean=0.0001479    sumsq=0.3381845036       argmax=2356
[dump]   top0 idx=2356 val=0.04661
[dump]   top1 idx=2198 val=0.03896
[dump]   top2 idx=86 val=0.03373
[dump]   top3 idx=1251 val=0.03268
[dump]   top4 idx=349 val=0.03160
[dump] L18.res    n=10240   finite=1 absmax=0.30419      mean=0.00062733   sumsq=17.53389358        argmax=9475
[dump]   top0 idx=9475 val=0.24829
[dump]   top1 idx=5848 val=0.23347
[dump]   top2 idx=5125 val=0.22087
[dump]   top3 idx=7772 val=0.22003
[dump]   top4 idx=482 val=0.18934
[dump] L19.hcmix  n=2560    finite=1 absmax=2.0095       mean=0.0087498    sumsq=392.3274357        argmax=1947
[dump]   top0 idx=1947 val=2.00950
[dump]   top1 idx=1741 val=1.84469
[dump]   top2 idx=482 val=1.73108
[dump]   top3 idx=728 val=1.58038
[dump]   top4 idx=951 val=1.43391
[dump] L19.att    n=2560    finite=1 absmax=0.44808      mean=0.0013213    sumsq=17.71791695        argmax=1227
[dump]   top0 idx=1227 val=0.42437
[dump]   top1 idx=694 val=0.34947
[dump]   top2 idx=742 val=0.34388
[dump]   top3 idx=356 val=0.32876
[dump]   top4 idx=2359 val=0.32269
[dump] L19.fmix   n=2560    finite=1 absmax=2.3617       mean=0.005131     sumsq=1171.377601        argmax=2390
[dump]   top0 idx=2390 val=2.04944
[dump]   top1 idx=667 val=2.01599
[dump]   top2 idx=2499 val=1.97557
[dump]   top3 idx=2261 val=1.95818
[dump]   top4 idx=1918 val=1.93755
[dump] L19.mid    n=10      finite=1 absmax=0 mean=0 sumsq=0 ids: 31 121 377 222 315 490 173 162 291 342
[dump] L19.moe    n=2560    finite=1 absmax=0.04769      mean=0.00038963   sumsq=0.3037716982       argmax=105
[dump]   top0 idx=105 val=0.04769
[dump]   top1 idx=25 val=0.03715
[dump]   top2 idx=1466 val=0.03568
[dump]   top3 idx=1265 val=0.03483
[dump]   top4 idx=2048 val=0.03379
[dump] L19.res    n=10240   finite=1 absmax=0.30099      mean=0.0010016    sumsq=17.40236821        argmax=9475
[dump]   top0 idx=9475 val=0.24898
[dump]   top1 idx=5848 val=0.23407
[dump]   top2 idx=5125 val=0.22050
[dump]   top3 idx=7772 val=0.21340
[dump]   top4 idx=3084 val=0.20235
[dump] L20.hcmix  n=2560    finite=1 absmax=2.7829       mean=0.016103     sumsq=984.7664746        argmax=1947
[dump]   top0 idx=1947 val=2.46119
[dump]   top1 idx=359 val=2.43554
[dump]   top2 idx=1461 val=2.39521
[dump]   top3 idx=951 val=2.29271
[dump]   top4 idx=2238 val=2.17171
[dump] L20.att    n=2560    finite=1 absmax=0.57707      mean=-0.002434    sumsq=18.45961727        argmax=717
[dump]   top0 idx=717 val=0.42136
[dump]   top1 idx=1641 val=0.40737
[dump]   top2 idx=1132 val=0.35952
[dump]   top3 idx=2293 val=0.34370
[dump]   top4 idx=1653 val=0.31131
[dump] L20.fmix   n=2560    finite=1 absmax=3.327        mean=0.010779     sumsq=1396.986087        argmax=1466
[dump]   top0 idx=1466 val=2.80592
[dump]   top1 idx=2481 val=2.15175
[dump]   top2 idx=25 val=2.13935
[dump]   top3 idx=1918 val=2.10738
[dump]   top4 idx=2261 val=2.04517
[dump] L20.mid    n=10      finite=1 absmax=0 mean=0 sumsq=0 ids: 485 387 442 179 258 296 168 40 410 307
[dump] L20.moe    n=2560    finite=1 absmax=0.046495     mean=0.00042151   sumsq=0.4187794794       argmax=662
[dump]   top0 idx=662 val=0.04629
[dump]   top1 idx=1450 val=0.03984
[dump]   top2 idx=960 val=0.03939
[dump]   top3 idx=1168 val=0.03848
[dump]   top4 idx=1736 val=0.03831
[dump] L20.res    n=10240   finite=1 absmax=0.29838      mean=0.0010205    sumsq=17.19857311        argmax=9475
[dump]   top0 idx=9475 val=0.25934
[dump]   top1 idx=5848 val=0.23350
[dump]   top2 idx=5125 val=0.22035
[dump]   top3 idx=3084 val=0.21356
[dump]   top4 idx=7772 val=0.20836
[dump] L21.hcmix  n=2560    finite=1 absmax=3.317        mean=0.028005     sumsq=1153.350209        argmax=524
[dump]   top0 idx=524 val=2.84658
[dump]   top1 idx=588 val=2.62525
[dump]   top2 idx=359 val=2.49964
[dump]   top3 idx=1716 val=2.25649
[dump]   top4 idx=1795 val=2.21829
[dump] L21.att    n=2560    finite=1 absmax=0.32979      mean=0.0014989    sumsq=2.651950306        argmax=951
[dump]   top0 idx=951 val=0.32979
[dump]   top1 idx=192 val=0.23110
[dump]   top2 idx=728 val=0.19303
[dump]   top3 idx=508 val=0.16999
[dump]   top4 idx=993 val=0.15369
[dump] L21.fmix   n=2560    finite=1 absmax=3.3598       mean=0.038976     sumsq=1389.988843        argmax=65
[dump]   top0 idx=65 val=2.67891
[dump]   top1 idx=1466 val=2.55558
[dump]   top2 idx=1696 val=2.44722
[dump]   top3 idx=1918 val=2.44704
[dump]   top4 idx=524 val=2.25283
[dump] L21.mid    n=10      finite=1 absmax=0 mean=0 sumsq=0 ids: 255 25 346 118 418 379 313 369 57 131
[dump] L21.moe    n=2560    finite=1 absmax=0.046287     mean=-8.3913e-05  sumsq=0.4618109423       argmax=465
[dump]   top0 idx=465 val=0.04629
[dump]   top1 idx=856 val=0.04159
[dump]   top2 idx=2233 val=0.04050
[dump]   top3 idx=1377 val=0.04009
[dump]   top4 idx=1723 val=0.03829
[dump] L21.res    n=10240   finite=1 absmax=0.28495      mean=0.0012413    sumsq=17.26096781        argmax=9475
[dump]   top0 idx=9475 val=0.25250
[dump]   top1 idx=5848 val=0.23364
[dump]   top2 idx=3084 val=0.23309
[dump]   top3 idx=5125 val=0.21982
[dump]   top4 idx=7772 val=0.20219
[dump] L22.hcmix  n=2560    finite=1 absmax=4.2929       mean=0.032793     sumsq=791.0494962        argmax=5
[dump]   top0 idx=5 val=4.29294
[dump]   top1 idx=588 val=3.20318
[dump]   top2 idx=65 val=2.45159
[dump]   top3 idx=1716 val=2.43944
[dump]   top4 idx=524 val=2.35422
[dump] L22.att    n=2560    finite=1 absmax=0.66976      mean=0.00091721   sumsq=7.301631323        argmax=268
[dump]   top0 idx=268 val=0.66976
[dump]   top1 idx=2238 val=0.38035
[dump]   top2 idx=728 val=0.34847
[dump]   top3 idx=951 val=0.32286
[dump]   top4 idx=631 val=0.27690
[dump] L22.fmix   n=2560    finite=1 absmax=3.2478       mean=0.02735      sumsq=1014.25302         argmax=65
[dump]   top0 idx=65 val=2.35597
[dump]   top1 idx=67 val=2.11067
[dump]   top2 idx=1857 val=2.02535
[dump]   top3 idx=1466 val=2.01801
[dump]   top4 idx=631 val=1.96651
[dump] L22.mid    n=10      finite=1 absmax=0 mean=0 sumsq=0 ids: 279 301 504 50 364 205 454 460 287 135
[dump] L22.moe    n=2560    finite=1 absmax=0.068387     mean=4.9448e-05   sumsq=0.4986585838       argmax=1313
[dump]   top0 idx=1313 val=0.06839
[dump]   top1 idx=1273 val=0.05517
[dump]   top2 idx=227 val=0.05199
[dump]   top3 idx=1237 val=0.05019
[dump]   top4 idx=1634 val=0.04655
[dump] L22.res    n=10240   finite=1 absmax=0.31926      mean=0.0013438    sumsq=19.66202228        argmax=5848
[dump]   top0 idx=5848 val=0.31926
[dump]   top1 idx=6071 val=0.25967
[dump]   top2 idx=5125 val=0.25241
[dump]   top3 idx=7358 val=0.25072
[dump]   top4 idx=3084 val=0.23501
[dump] L23.hcmix  n=2560    finite=1 absmax=2.7028       mean=0.014413     sumsq=303.680027         argmax=5
[dump]   top0 idx=5 val=2.70277
[dump]   top1 idx=631 val=1.76927
[dump]   top2 idx=1741 val=1.57061
[dump]   top3 idx=524 val=1.52863
[dump]   top4 idx=1947 val=1.51129
[dump] L23.att    n=2560    finite=1 absmax=0.43151      mean=0.00117      sumsq=13.48886307        argmax=2517
[dump]   top0 idx=2517 val=0.32682
[dump]   top1 idx=784 val=0.31868
[dump]   top2 idx=1790 val=0.30215
[dump]   top3 idx=86 val=0.28638
[dump]   top4 idx=1135 val=0.27823
[dump] L23.fmix   n=2560    finite=1 absmax=2.6573       mean=0.023742     sumsq=1543.685224        argmax=1947
[dump]   top0 idx=1947 val=2.51897
[dump]   top1 idx=2215 val=2.51327
[dump]   top2 idx=1798 val=2.50808
[dump]   top3 idx=67 val=2.48758
[dump]   top4 idx=1466 val=2.44831
[dump] L23.mid    n=10      finite=1 absmax=0 mean=0 sumsq=0 ids: 356 128 480 355 45 342 334 107 77 354
[dump] L23.moe    n=2560    finite=1 absmax=0.081023     mean=0.00015314   sumsq=1.047192971        argmax=1301
[dump]   top0 idx=1301 val=0.08102
[dump]   top1 idx=1354 val=0.07369
[dump]   top2 idx=1525 val=0.06756
[dump]   top3 idx=2286 val=0.05822
[dump]   top4 idx=2139 val=0.05810
[dump] L23.res    n=10240   finite=1 absmax=0.36026      mean=0.0014586    sumsq=20.14957861        argmax=5848
[dump]   top0 idx=5848 val=0.31686
[dump]   top1 idx=6071 val=0.25631
[dump]   top2 idx=5125 val=0.25357
[dump]   top3 idx=7358 val=0.25308
[dump]   top4 idx=7772 val=0.24558
[dump] L24.hcmix  n=2560    finite=1 absmax=3.1411       mean=0.036014     sumsq=876.3703712        argmax=631
[dump]   top0 idx=631 val=3.14106
[dump]   top1 idx=1716 val=2.58483
[dump]   top2 idx=2097 val=2.57951
[dump]   top3 idx=1205 val=2.44050
[dump]   top4 idx=524 val=2.34773
[dump] L24.att    n=2560    finite=1 absmax=0.13081      mean=-0.00026847  sumsq=1.490897299        argmax=1586
[dump]   top0 idx=1586 val=0.10811
[dump]   top1 idx=895 val=0.10467
[dump]   top2 idx=92 val=0.09834
[dump]   top3 idx=799 val=0.09760
[dump]   top4 idx=36 val=0.08533
[dump] L24.fmix   n=2560    finite=1 absmax=2.699        mean=0.021975     sumsq=830.5845623        argmax=631
[dump]   top0 idx=631 val=2.69905
[dump]   top1 idx=25 val=1.98135
[dump]   top2 idx=1466 val=1.85308
[dump]   top3 idx=65 val=1.75758
[dump]   top4 idx=1798 val=1.75073
[dump] L24.mid    n=10      finite=1 absmax=0 mean=0 sumsq=0 ids: 263 134 175 354 360 11 181 439 458 46
[dump] L24.moe    n=2560    finite=1 absmax=0.040888     mean=0.0001928    sumsq=0.2815756256       argmax=288
[dump]   top0 idx=288 val=0.03870
[dump]   top1 idx=81 val=0.03729
[dump]   top2 idx=2504 val=0.03511
[dump]   top3 idx=1486 val=0.03466
[dump]   top4 idx=2180 val=0.03426
[dump] L24.res    n=10240   finite=1 absmax=0.35547      mean=0.001547     sumsq=22.29063347        argmax=5848
[dump]   top0 idx=5848 val=0.31679
[dump]   top1 idx=7772 val=0.28524
[dump]   top2 idx=9071 val=0.27062
[dump]   top3 idx=6071 val=0.25607
[dump]   top4 idx=5125 val=0.25360
[dump] L25.hcmix  n=2560    finite=1 absmax=2.7617       mean=0.017889     sumsq=825.4585018        argmax=2233
[dump]   top0 idx=2233 val=2.47114
[dump]   top1 idx=1716 val=2.20080
[dump]   top2 idx=359 val=2.08501
[dump]   top3 idx=524 val=1.92258
[dump]   top4 idx=1205 val=1.82779
[dump] L25.att    n=2560    finite=1 absmax=0.51862      mean=0.00037766   sumsq=7.391927272        argmax=951
[dump]   top0 idx=951 val=0.51862
[dump]   top1 idx=993 val=0.23603
[dump]   top2 idx=2238 val=0.21810
[dump]   top3 idx=914 val=0.21625
[dump]   top4 idx=1378 val=0.19791
[dump] L25.fmix   n=2560    finite=1 absmax=2.1491       mean=0.026803     sumsq=816.7781728        argmax=2141
[dump]   top0 idx=2141 val=2.14911
[dump]   top1 idx=25 val=1.81894
[dump]   top2 idx=1918 val=1.70793
[dump]   top3 idx=170 val=1.67821
[dump]   top4 idx=2261 val=1.65344
[dump] L25.mid    n=10      finite=1 absmax=0 mean=0 sumsq=0 ids: 376 346 68 264 506 142 427 430 45 73
[dump] L25.moe    n=2560    finite=1 absmax=0.037988     mean=8.6992e-05   sumsq=0.2430810027       argmax=402
[dump]   top0 idx=402 val=0.03799
[dump]   top1 idx=1780 val=0.03033
[dump]   top2 idx=394 val=0.02970
[dump]   top3 idx=236 val=0.02938
[dump]   top4 idx=255 val=0.02873
[dump] L25.res    n=10240   finite=1 absmax=0.35488      mean=0.0016621    sumsq=21.74370109        argmax=5848
[dump]   top0 idx=5848 val=0.31687
[dump]   top1 idx=7772 val=0.28929
[dump]   top2 idx=9071 val=0.26528
[dump]   top3 idx=6071 val=0.25647
[dump]   top4 idx=5125 val=0.25360
[dump] L26.hcmix  n=2560    finite=1 absmax=4.4067       mean=0.020723     sumsq=955.3280473        argmax=631
[dump]   top0 idx=631 val=2.89817
[dump]   top1 idx=524 val=2.32284
[dump]   top2 idx=359 val=2.18524
[dump]   top3 idx=2121 val=2.07931
[dump]   top4 idx=482 val=2.06045
[dump] L26.att    n=2560    finite=1 absmax=0.30777      mean=-0.00063143  sumsq=9.49109204         argmax=519
[dump]   top0 idx=519 val=0.30777
[dump]   top1 idx=2203 val=0.27326
[dump]   top2 idx=728 val=0.24857
[dump]   top3 idx=1883 val=0.20760
[dump]   top4 idx=177 val=0.20425
[dump] L26.fmix   n=2560    finite=1 absmax=1.8811       mean=0.020686     sumsq=737.8739082        argmax=746
[dump]   top0 idx=746 val=1.88106
[dump]   top1 idx=25 val=1.75646
[dump]   top2 idx=2233 val=1.64124
[dump]   top3 idx=849 val=1.63413
[dump]   top4 idx=1466 val=1.62106
[dump] L26.mid    n=10      finite=1 absmax=0 mean=0 sumsq=0 ids: 461 97 355 243 296 313 417 203 320 177
[dump] L26.moe    n=2560    finite=1 absmax=0.046022     mean=7.8975e-05   sumsq=0.4232051342       argmax=1500
[dump]   top0 idx=1500 val=0.04602
[dump]   top1 idx=2054 val=0.04306
[dump]   top2 idx=1084 val=0.04062
[dump]   top3 idx=1828 val=0.03973
[dump]   top4 idx=1965 val=0.03951
[dump] L26.res    n=10240   finite=1 absmax=0.334        mean=0.0016764    sumsq=23.51388569        argmax=5848
[dump]   top0 idx=5848 val=0.31699
[dump]   top1 idx=7772 val=0.29172
[dump]   top2 idx=6071 val=0.25651
[dump]   top3 idx=9071 val=0.25473
[dump]   top4 idx=5125 val=0.25361
[dump] L27.hcmix  n=2560    finite=1 absmax=2.3834       mean=0.014479     sumsq=370.627786         argmax=728
[dump]   top0 idx=728 val=2.38343
[dump]   top1 idx=951 val=2.38213
[dump]   top2 idx=5 val=2.22003
[dump]   top3 idx=2238 val=2.21281
[dump]   top4 idx=482 val=1.45016
[dump] L27.att    n=2560    finite=1 absmax=0.44027      mean=0.0024147    sumsq=14.84397435        argmax=714
[dump]   top0 idx=714 val=0.29486
[dump]   top1 idx=892 val=0.29457
[dump]   top2 idx=1341 val=0.26371
[dump]   top3 idx=2003 val=0.26315
[dump]   top4 idx=302 val=0.26219
[dump] L27.fmix   n=2560    finite=1 absmax=2.2695       mean=0.025662     sumsq=795.5331684        argmax=1500
[dump]   top0 idx=1500 val=2.26949
[dump]   top1 idx=1717 val=1.80765
[dump]   top2 idx=849 val=1.78837
[dump]   top3 idx=1780 val=1.68367
[dump]   top4 idx=746 val=1.64162
[dump] L27.mid    n=10      finite=1 absmax=0 mean=0 sumsq=0 ids: 98 430 323 508 166 58 151 261 108 120
[dump] L27.moe    n=2560    finite=1 absmax=0.035337     mean=0.00030602   sumsq=0.2060261859       argmax=960
[dump]   top0 idx=960 val=0.03379
[dump]   top1 idx=886 val=0.02944
[dump]   top2 idx=2196 val=0.02697
[dump]   top3 idx=1561 val=0.02568
[dump]   top4 idx=646 val=0.02543
[dump] L27.res    n=10240   finite=1 absmax=0.32583      mean=0.0021708    sumsq=23.88991759        argmax=5848
[dump]   top0 idx=5848 val=0.31699
[dump]   top1 idx=7772 val=0.28453
[dump]   top2 idx=9071 val=0.25678
[dump]   top3 idx=6071 val=0.25651
[dump]   top4 idx=5125 val=0.25361
[dump] L28.hcmix  n=2560    finite=1 absmax=3.044        mean=0.030347     sumsq=922.1954531        argmax=1500
[dump]   top0 idx=1500 val=3.04405
[dump]   top1 idx=1717 val=2.24830
[dump]   top2 idx=1290 val=2.14838
[dump]   top3 idx=1780 val=2.01417
[dump]   top4 idx=1716 val=2.00440
[dump] L28.att    n=2560    finite=1 absmax=0.21992      mean=-0.0025755   sumsq=7.343011388        argmax=736
[dump]   top0 idx=736 val=0.20193
[dump]   top1 idx=186 val=0.20057
[dump]   top2 idx=1480 val=0.19226
[dump]   top3 idx=917 val=0.17127
[dump]   top4 idx=1231 val=0.16402
[dump] L28.fmix   n=2560    finite=1 absmax=2.8498       mean=0.028912     sumsq=906.3799154        argmax=1500
[dump]   top0 idx=1500 val=2.84984
[dump]   top1 idx=631 val=2.09124
[dump]   top2 idx=2491 val=1.93746
[dump]   top3 idx=849 val=1.92007
[dump]   top4 idx=1905 val=1.91755
[dump] L28.mid    n=10      finite=1 absmax=0 mean=0 sumsq=0 ids: 52 219 421 469 43 21 229 63 297 392
[dump] L28.moe    n=2560    finite=1 absmax=0.048415     mean=-0.00023955  sumsq=0.2878898055       argmax=1942
[dump]   top0 idx=1942 val=0.04174
[dump]   top1 idx=1207 val=0.03546
[dump]   top2 idx=722 val=0.03505
[dump]   top3 idx=264 val=0.03395
[dump]   top4 idx=2442 val=0.03202
[dump] L28.res    n=10240   finite=1 absmax=0.31699      mean=0.0015718    sumsq=25.79627196        argmax=5848
[dump]   top0 idx=5848 val=0.31699
[dump]   top1 idx=7772 val=0.29109
[dump]   top2 idx=9071 val=0.28726
[dump]   top3 idx=8993 val=0.28018
[dump]   top4 idx=3084 val=0.26848
[dump] L29.hcmix  n=2560    finite=1 absmax=3.2504       mean=0.020722     sumsq=999.0130223        argmax=1500
[dump]   top0 idx=1500 val=3.25038
[dump]   top1 idx=524 val=2.62737
[dump]   top2 idx=1717 val=2.48574
[dump]   top3 idx=1313 val=1.97502
[dump]   top4 idx=1601 val=1.92891
[dump] L29.att    n=2560    finite=1 absmax=0.11763      mean=-0.00081412  sumsq=1.70692803         argmax=1736
[dump]   top0 idx=1736 val=0.11763
[dump]   top1 idx=1795 val=0.09982
[dump]   top2 idx=1882 val=0.09260
[dump]   top3 idx=1205 val=0.08945
[dump]   top4 idx=2521 val=0.08630
[dump] L29.fmix   n=2560    finite=1 absmax=2.2647       mean=0.012193     sumsq=937.3997143        argmax=1717
[dump]   top0 idx=1717 val=2.08245
[dump]   top1 idx=1500 val=2.03268
[dump]   top2 idx=1905 val=1.87688
[dump]   top3 idx=849 val=1.82875
[dump]   top4 idx=1780 val=1.71549
[dump] L29.mid    n=10      finite=1 absmax=0 mean=0 sumsq=0 ids: 387 273 265 93 259 290 342 330 118 148
[dump] L29.moe    n=2560    finite=1 absmax=0.049156     mean=-4.9399e-05  sumsq=0.3782929665       argmax=525
[dump]   top0 idx=525 val=0.04916
[dump]   top1 idx=2253 val=0.04152
[dump]   top2 idx=1955 val=0.03869
[dump]   top3 idx=1384 val=0.03624
[dump]   top4 idx=2535 val=0.03619
[dump] L29.res    n=10240   finite=1 absmax=0.31699      mean=0.0013385    sumsq=28.72427477        argmax=5848
[dump]   top0 idx=5848 val=0.31699
[dump]   top1 idx=3084 val=0.30739
[dump]   top2 idx=7772 val=0.29542
[dump]   top3 idx=9071 val=0.28318
[dump]   top4 idx=8993 val=0.28202
[dump] L30.hcmix  n=2560    finite=1 absmax=2.9818       mean=0.013096     sumsq=829.7960574        argmax=1500
[dump]   top0 idx=1500 val=2.98176
[dump]   top1 idx=983 val=2.21780
[dump]   top2 idx=524 val=2.09189
[dump]   top3 idx=1716 val=2.05040
[dump]   top4 idx=288 val=2.00751
[dump] L30.att    n=2560    finite=1 absmax=0.37058      mean=-0.0011201   sumsq=9.437653807        argmax=993
[dump]   top0 idx=993 val=0.37058
[dump]   top1 idx=2502 val=0.32462
[dump]   top2 idx=482 val=0.27677
[dump]   top3 idx=1134 val=0.20415
[dump]   top4 idx=2374 val=0.20237
[dump] L30.fmix   n=2560    finite=1 absmax=3.0583       mean=0.0074913    sumsq=1341.372491        argmax=1500
[dump]   top0 idx=1500 val=2.89457
[dump]   top1 idx=1914 val=2.28595
[dump]   top2 idx=477 val=2.27644
[dump]   top3 idx=1512 val=2.13911
[dump]   top4 idx=1905 val=2.13110
[dump] L30.mid    n=10      finite=1 absmax=0 mean=0 sumsq=0 ids: 506 86 398 151 11 335 181 280 14 409
[dump] L30.moe    n=2560    finite=1 absmax=0.05589      mean=0.00010165   sumsq=0.5970446354       argmax=2095
[dump]   top0 idx=2095 val=0.05589
[dump]   top1 idx=2022 val=0.04709
[dump]   top2 idx=835 val=0.04571
[dump]   top3 idx=2030 val=0.04492
[dump]   top4 idx=987 val=0.04241
[dump] L30.res    n=10240   finite=1 absmax=0.36404      mean=0.001246     sumsq=34.49818455        argmax=482
[dump]   top0 idx=482 val=0.36404
[dump]   top1 idx=5848 val=0.31687
[dump]   top2 idx=7772 val=0.29152
[dump]   top3 idx=8993 val=0.28579
[dump]   top4 idx=9071 val=0.28224
[dump] L31.hcmix  n=2560    finite=1 absmax=1.9105       mean=0.0041972    sumsq=282.0824622        argmax=728
[dump]   top0 idx=728 val=1.87690
[dump]   top1 idx=482 val=1.49475
[dump]   top2 idx=1500 val=1.33542
[dump]   top3 idx=2097 val=1.19258
[dump]   top4 idx=2238 val=1.18396
[dump] L31.att    n=2560    finite=1 absmax=0.23576      mean=-0.0024948   sumsq=10.29491854        argmax=1716
[dump]   top0 idx=1716 val=0.23576
[dump]   top1 idx=1359 val=0.23543
[dump]   top2 idx=1776 val=0.21014
[dump]   top3 idx=1205 val=0.20760
[dump]   top4 idx=2371 val=0.20257
[dump] L31.fmix   n=2560    finite=1 absmax=4.7599       mean=-0.0016421   sumsq=1972.499347        argmax=728
[dump]   top0 idx=728 val=4.75994
[dump]   top1 idx=98 val=3.57795
[dump]   top2 idx=2238 val=3.46874
[dump]   top3 idx=477 val=3.36371
[dump]   top4 idx=957 val=2.96188
[dump] L31.mid    n=10      finite=1 absmax=0 mean=0 sumsq=0 ids: 494 283 289 156 405 399 311 302 207 449
[dump] L31.moe    n=2560    finite=1 absmax=0.069211     mean=0.00041842   sumsq=0.8520528699       argmax=877
[dump]   top0 idx=877 val=0.06921
[dump]   top1 idx=1212 val=0.06559
[dump]   top2 idx=32 val=0.06161
[dump]   top3 idx=2438 val=0.05846
[dump]   top4 idx=1803 val=0.05299
[dump] L31.res    n=10240   finite=1 absmax=0.31723      mean=0.0011344    sumsq=32.66560662        argmax=5848
[dump]   top0 idx=5848 val=0.31691
[dump]   top1 idx=482 val=0.31138
[dump]   top2 idx=7772 val=0.29074
[dump]   top3 idx=8993 val=0.28556
[dump]   top4 idx=9071 val=0.28276
[dump] L32.hcmix  n=2560    finite=1 absmax=2.7565       mean=0.0071241    sumsq=922.6233496        argmax=1500
[dump]   top0 idx=1500 val=2.75645
[dump]   top1 idx=1313 val=2.60614
[dump]   top2 idx=1603 val=2.55199
[dump]   top3 idx=2335 val=2.20805
[dump]   top4 idx=681 val=2.05968
[dump] L32.att    n=2560    finite=1 absmax=0.21943      mean=-0.001139    sumsq=4.144185482        argmax=713
[dump]   top0 idx=713 val=0.21943
[dump]   top1 idx=1368 val=0.18444
[dump]   top2 idx=1134 val=0.14499
[dump]   top3 idx=1303 val=0.13176
[dump]   top4 idx=167 val=0.12905
[dump] L32.fmix   n=2560    finite=1 absmax=3.3811       mean=0.0020326    sumsq=1822.075615        argmax=2335
[dump]   top0 idx=2335 val=2.79599
[dump]   top1 idx=477 val=2.59142
[dump]   top2 idx=1828 val=2.54424
[dump]   top3 idx=98 val=2.51891
[dump]   top4 idx=113 val=2.40388
[dump] L32.mid    n=10      finite=1 absmax=0 mean=0 sumsq=0 ids: 228 243 263 429 58 142 454 272 377 278
[dump] L32.moe    n=2560    finite=1 absmax=0.077429     mean=-0.00029467  sumsq=1.082927705        argmax=2509
[dump]   top0 idx=2509 val=0.06083
[dump]   top1 idx=1258 val=0.06077
[dump]   top2 idx=475 val=0.06028
[dump]   top3 idx=2446 val=0.05782
[dump]   top4 idx=198 val=0.05751
[dump] L32.res    n=10240   finite=1 absmax=0.39636      mean=0.00082304   sumsq=36.43673235        argmax=482
[dump]   top0 idx=482 val=0.39636
[dump]   top1 idx=5848 val=0.31689
[dump]   top2 idx=7772 val=0.29144
[dump]   top3 idx=8993 val=0.28516
[dump]   top4 idx=9071 val=0.28254
[dump] L33.hcmix  n=2560    finite=1 absmax=2.5685       mean=0.0055931    sumsq=1011.516157        argmax=1313
[dump]   top0 idx=1313 val=2.56854
[dump]   top1 idx=1500 val=2.48682
[dump]   top2 idx=227 val=2.38932
[dump]   top3 idx=1716 val=2.28121
[dump]   top4 idx=2335 val=2.21900
[dump] L33.att    n=2560    finite=1 absmax=0.13105      mean=-0.0012825   sumsq=1.745545804        argmax=2393
[dump]   top0 idx=2393 val=0.13105
[dump]   top1 idx=634 val=0.09978
[dump]   top2 idx=192 val=0.09879
[dump]   top3 idx=1603 val=0.09311
[dump]   top4 idx=793 val=0.09200
[dump] L33.fmix   n=2560    finite=1 absmax=3.4729       mean=-0.006228    sumsq=1448.98905         argmax=1512
[dump]   top0 idx=1512 val=2.76407
[dump]   top1 idx=2335 val=2.55029
[dump]   top2 idx=1313 val=2.37838
[dump]   top3 idx=788 val=2.35133
[dump]   top4 idx=104 val=2.29956
[dump] L33.mid    n=10      finite=1 absmax=0 mean=0 sumsq=0 ids: 136 84 374 363 120 345 279 419 486 209
[dump] L33.moe    n=2560    finite=1 absmax=0.060762     mean=0.00019259   sumsq=0.5584087941       argmax=371
[dump]   top0 idx=371 val=0.05514
[dump]   top1 idx=1803 val=0.04948
[dump]   top2 idx=1602 val=0.04815
[dump]   top3 idx=399 val=0.04704
[dump]   top4 idx=860 val=0.04304
[dump] L33.res    n=10240   finite=1 absmax=0.48707      mean=0.00057905   sumsq=39.26789529        argmax=482
[dump]   top0 idx=482 val=0.48707
[dump]   top1 idx=508 val=0.33983
[dump]   top2 idx=5848 val=0.31685
[dump]   top3 idx=7772 val=0.29423
[dump]   top4 idx=2374 val=0.29306
[dump] L34.hcmix  n=2560    finite=1 absmax=2.5949       mean=0.012197     sumsq=981.8322728        argmax=1313
[dump]   top0 idx=1313 val=2.59485
[dump]   top1 idx=1205 val=2.43372
[dump]   top2 idx=482 val=2.30246
[dump]   top3 idx=1500 val=2.26574
[dump]   top4 idx=1716 val=2.22813
[dump] L34.att    n=2560    finite=1 absmax=0.22272      mean=-0.00079465  sumsq=3.651027358        argmax=482
[dump]   top0 idx=482 val=0.22272
[dump]   top1 idx=689 val=0.17212
[dump]   top2 idx=1882 val=0.16556
[dump]   top3 idx=624 val=0.14213
[dump]   top4 idx=1134 val=0.13237
[dump] L34.fmix   n=2560    finite=1 absmax=2.8575       mean=0.011197     sumsq=1261.603997        argmax=631
[dump]   top0 idx=631 val=2.85751
[dump]   top1 idx=1500 val=2.66565
[dump]   top2 idx=1313 val=2.65118
[dump]   top3 idx=65 val=2.39920
[dump]   top4 idx=2097 val=2.13750
[dump] L34.mid    n=10      finite=1 absmax=0 mean=0 sumsq=0 ids: 131 29 353 101 24 102 460 264 211 275
[dump] L34.moe    n=2560    finite=1 absmax=0.072576     mean=0.00049856   sumsq=0.8642676526       argmax=196
[dump]   top0 idx=196 val=0.07258
[dump]   top1 idx=1631 val=0.06107
[dump]   top2 idx=1709 val=0.05929
[dump]   top3 idx=43 val=0.05592
[dump]   top4 idx=2415 val=0.05517
[dump] L34.res    n=10240   finite=1 absmax=0.62733      mean=0.0008681    sumsq=46.78616128        argmax=482
[dump]   top0 idx=482 val=0.62733
[dump]   top1 idx=508 val=0.38936
[dump]   top2 idx=7772 val=0.33596
[dump]   top3 idx=5848 val=0.31684
[dump]   top4 idx=736 val=0.30820
[dump] L35.hcmix  n=2560    finite=1 absmax=2.3333       mean=0.012701     sumsq=469.2422118        argmax=482
[dump]   top0 idx=482 val=2.33333
[dump]   top1 idx=1741 val=2.24681
[dump]   top2 idx=951 val=1.63984
[dump]   top3 idx=991 val=1.54429
[dump]   top4 idx=1313 val=1.50314
[dump] L35.att    n=2560    finite=1 absmax=0.4053       mean=0.00050792   sumsq=10.60624548        argmax=1882
[dump]   top0 idx=1882 val=0.30880
[dump]   top1 idx=2091 val=0.23160
[dump]   top2 idx=1341 val=0.22280
[dump]   top3 idx=79 val=0.22037
[dump]   top4 idx=446 val=0.21148
[dump] L35.fmix   n=2560    finite=1 absmax=3.0698       mean=0.0096415    sumsq=1614.568706        argmax=410
[dump]   top0 idx=410 val=2.74714
[dump]   top1 idx=957 val=2.66061
[dump]   top2 idx=1313 val=2.42172
[dump]   top3 idx=2460 val=2.38436
[dump]   top4 idx=2261 val=2.32056
[dump] L35.mid    n=10      finite=1 absmax=0 mean=0 sumsq=0 ids: 472 161 31 375 291 121 277 315 56 490
[dump] L35.moe    n=2560    finite=1 absmax=0.070598     mean=0.00059794   sumsq=1.14437957         argmax=1229
[dump]   top0 idx=1229 val=0.07060
[dump]   top1 idx=755 val=0.06879
[dump]   top2 idx=2296 val=0.06686
[dump]   top3 idx=308 val=0.06643
[dump]   top4 idx=687 val=0.06521
[dump] L35.res    n=10240   finite=1 absmax=0.55061      mean=0.001586     sumsq=56.00896408        argmax=482
[dump]   top0 idx=482 val=0.55061
[dump]   top1 idx=508 val=0.36642
[dump]   top2 idx=723 val=0.34165
[dump]   top3 idx=2374 val=0.33331
[dump]   top4 idx=7772 val=0.32206
[dump] L36.hcmix  n=2560    finite=1 absmax=2.7704       mean=0.020544     sumsq=948.337511         argmax=1716
[dump]   top0 idx=1716 val=2.77039
[dump]   top1 idx=723 val=2.43740
[dump]   top2 idx=482 val=2.39953
[dump]   top3 idx=2238 val=2.39391
[dump]   top4 idx=1313 val=2.33496
[dump] L36.att    n=2560    finite=1 absmax=0.7332       mean=0.0015476    sumsq=36.14250561        argmax=1882
[dump]   top0 idx=1882 val=0.73320
[dump]   top1 idx=2374 val=0.67281
[dump]   top2 idx=1603 val=0.66472
[dump]   top3 idx=1864 val=0.60711
[dump]   top4 idx=689 val=0.59260
[dump] L36.fmix   n=2560    finite=1 absmax=4.9481       mean=0.025162     sumsq=2408.378797        argmax=2510
[dump]   top0 idx=2510 val=3.24349
[dump]   top1 idx=1905 val=3.20518
[dump]   top2 idx=1313 val=2.95945
[dump]   top3 idx=957 val=2.68160
[dump]   top4 idx=888 val=2.68057
[dump] L36.mid    n=10      finite=1 absmax=0 mean=0 sumsq=0 ids: 387 218 25 169 210 296 258 363 179 78
[dump] L36.moe    n=2560    finite=1 absmax=0.19595      mean=0.00026474   sumsq=4.195737321        argmax=1641
[dump]   top0 idx=1641 val=0.17179
[dump]   top1 idx=2128 val=0.14476
[dump]   top2 idx=1368 val=0.14146
[dump]   top3 idx=2028 val=0.12478
[dump]   top4 idx=2120 val=0.12184
[dump] L36.res    n=10240   finite=1 absmax=1.1485       mean=0.0020609    sumsq=121.0884781        argmax=482
[dump]   top0 idx=482 val=1.08953
[dump]   top1 idx=1603 val=0.91692
[dump]   top2 idx=2374 val=0.83182
[dump]   top3 idx=1882 val=0.80914
[dump]   top4 idx=2028 val=0.76020
[dump] L37.hcmix  n=2560    finite=1 absmax=2.5326       mean=0.027442     sumsq=915.7914028        argmax=1603
[dump]   top0 idx=1603 val=2.53262
[dump]   top1 idx=1132 val=2.44871
[dump]   top2 idx=1716 val=2.43430
[dump]   top3 idx=1313 val=2.35618
[dump]   top4 idx=1391 val=2.21540
[dump] L37.att    n=2560    finite=1 absmax=0.23232      mean=-0.00094716  sumsq=4.651277568        argmax=1882
[dump]   top0 idx=1882 val=0.23232
[dump]   top1 idx=713 val=0.22339
[dump]   top2 idx=1061 val=0.22258
[dump]   top3 idx=892 val=0.17196
[dump]   top4 idx=1924 val=0.16972
[dump] L37.fmix   n=2560    finite=1 absmax=4.4286       mean=0.035552     sumsq=2469.384           argmax=1313
[dump]   top0 idx=1313 val=3.30156
[dump]   top1 idx=957 val=3.15411
[dump]   top2 idx=308 val=3.11323
[dump]   top3 idx=2510 val=3.05961
[dump]   top4 idx=1905 val=2.85036
[dump] L37.mid    n=10      finite=1 absmax=0 mean=0 sumsq=0 ids: 306 313 19 255 369 57 200 118 494 469
[dump] L37.moe    n=2560    finite=1 absmax=0.10895      mean=0.00067284   sumsq=2.841414571        argmax=165
[dump]   top0 idx=165 val=0.10811
[dump]   top1 idx=2263 val=0.10334
[dump]   top2 idx=1601 val=0.10117
[dump]   top3 idx=205 val=0.09903
[dump]   top4 idx=882 val=0.09693
[dump] L37.res    n=10240   finite=1 absmax=1.1187       mean=0.0023236    sumsq=138.5399921        argmax=482
[dump]   top0 idx=482 val=1.09506
[dump]   top1 idx=1603 val=0.90556
[dump]   top2 idx=2374 val=0.81111
[dump]   top3 idx=687 val=0.80102
[dump]   top4 idx=2028 val=0.77349
[dump] L38.hcmix  n=2560    finite=1 absmax=4.1718       mean=0.030068     sumsq=831.8405708        argmax=5
[dump]   top0 idx=5 val=4.17176
[dump]   top1 idx=1919 val=2.95145
[dump]   top2 idx=1603 val=2.50586
[dump]   top3 idx=1500 val=2.47476
[dump]   top4 idx=1313 val=2.42722
[dump] L38.att    n=2560    finite=1 absmax=0.45202      mean=-0.00037067  sumsq=8.710753413        argmax=913
[dump]   top0 idx=913 val=0.28203
[dump]   top1 idx=36 val=0.28037
[dump]   top2 idx=308 val=0.26028
[dump]   top3 idx=2324 val=0.23972
[dump]   top4 idx=1959 val=0.23323
[dump] L38.fmix   n=2560    finite=1 absmax=4.8691       mean=0.035816     sumsq=2359.218759        argmax=1694
[dump]   top0 idx=1694 val=3.12134
[dump]   top1 idx=1967 val=2.85151
[dump]   top2 idx=2261 val=2.84196
[dump]   top3 idx=205 val=2.73629
[dump]   top4 idx=1391 val=2.70351
[dump] L38.mid    n=10      finite=1 absmax=0 mean=0 sumsq=0 ids: 279 301 504 206 460 50 486 135 7 446
[dump] L38.moe    n=2560    finite=1 absmax=0.12431      mean=-0.00059053  sumsq=2.878266458        argmax=2422
[dump]   top0 idx=2422 val=0.12431
[dump]   top1 idx=603 val=0.11590
[dump]   top2 idx=2195 val=0.10294
[dump]   top3 idx=1983 val=0.09550
[dump]   top4 idx=1220 val=0.09510
[dump] L38.res    n=10240   finite=1 absmax=1.1301       mean=0.0017598    sumsq=152.8660584        argmax=482
[dump]   top0 idx=482 val=1.11097
[dump]   top1 idx=1603 val=0.92245
[dump]   top2 idx=2374 val=0.81869
[dump]   top3 idx=687 val=0.79407
[dump]   top4 idx=308 val=0.78264
[dump] L39.hcmix  n=2560    finite=1 absmax=2.8938       mean=0.010895     sumsq=426.1856506        argmax=5
[dump]   top0 idx=5 val=2.89385
[dump]   top1 idx=1603 val=1.88356
[dump]   top2 idx=1967 val=1.60252
[dump]   top3 idx=482 val=1.55013
[dump]   top4 idx=65 val=1.52978
[dump] L39.att    n=2560    finite=1 absmax=0.32833      mean=0.00035053   sumsq=11.41191123        argmax=1882
[dump]   top0 idx=1882 val=0.32833
[dump]   top1 idx=2018 val=0.29038
[dump]   top2 idx=2307 val=0.28606
[dump]   top3 idx=1737 val=0.27498
[dump]   top4 idx=799 val=0.26839
[dump] L39.fmix   n=2560    finite=1 absmax=5.7295       mean=0.023079     sumsq=2574.916198        argmax=67
[dump]   top0 idx=67 val=5.72948
[dump]   top1 idx=579 val=4.03538
[dump]   top2 idx=308 val=3.68716
[dump]   top3 idx=2209 val=3.56555
[dump]   top4 idx=400 val=3.43737
[dump] L39.mid    n=10      finite=1 absmax=0 mean=0 sumsq=0 ids: 356 60 128 77 32 480 177 496 42 477
[dump] L39.moe    n=2560    finite=1 absmax=0.27042      mean=-0.0005098   sumsq=10.36618462        argmax=2356
[dump]   top0 idx=2356 val=0.22687
[dump]   top1 idx=1368 val=0.22124
[dump]   top2 idx=1030 val=0.20636
[dump]   top3 idx=1283 val=0.19980
[dump]   top4 idx=1734 val=0.18761
[dump] L39.res    n=10240   finite=1 absmax=1.4988       mean=0.001569     sumsq=219.6873864        argmax=1882
[dump]   top0 idx=1882 val=1.49882
[dump]   top1 idx=482 val=1.08919
[dump]   top2 idx=1368 val=1.03073
[dump]   top3 idx=1603 val=1.02918
[dump]   top4 idx=2374 val=0.97236
[dump] L40.hcmix  n=2560    finite=1 absmax=3.5007       mean=0.029392     sumsq=1783.541649        argmax=1716
[dump]   top0 idx=1716 val=3.50074
[dump]   top1 idx=1603 val=3.40468
[dump]   top2 idx=2412 val=3.21637
[dump]   top3 idx=1967 val=3.09197
[dump]   top4 idx=1313 val=2.95411
[dump] L40.att    n=2560    finite=1 absmax=0.52373      mean=0.0037174    sumsq=10.68774772        argmax=1061
[dump]   top0 idx=1061 val=0.52373
[dump]   top1 idx=1116 val=0.26666
[dump]   top2 idx=482 val=0.26123
[dump]   top3 idx=138 val=0.24436
[dump]   top4 idx=1882 val=0.23033
[dump] L40.fmix   n=2560    finite=1 absmax=6.5328       mean=0.023542     sumsq=2975.214982        argmax=67
[dump]   top0 idx=67 val=6.53281
[dump]   top1 idx=579 val=4.78567
[dump]   top2 idx=2238 val=4.39142
[dump]   top3 idx=308 val=3.56696
[dump]   top4 idx=1844 val=3.56203
[dump] L40.mid    n=10      finite=1 absmax=0 mean=0 sumsq=0 ids: 232 280 335 172 138 398 22 178 220 208
[dump] L40.moe    n=2560    finite=1 absmax=0.1113       mean=0.00045322   sumsq=2.399611998        argmax=944
[dump]   top0 idx=944 val=0.11130
[dump]   top1 idx=732 val=0.09583
[dump]   top2 idx=2443 val=0.09295
[dump]   top3 idx=700 val=0.08659
[dump]   top4 idx=2211 val=0.08489
[dump] L40.res    n=10240   finite=1 absmax=1.6094       mean=0.0027484    sumsq=243.4636017        argmax=1882
[dump]   top0 idx=1882 val=1.60936
[dump]   top1 idx=482 val=1.15926
[dump]   top2 idx=1368 val=1.08472
[dump]   top3 idx=308 val=1.00500
[dump]   top4 idx=2190 val=0.96247
[dump] L41.hcmix  n=2560    finite=1 absmax=3.1039       mean=0.034991     sumsq=1312.82657         argmax=1717
[dump]   top0 idx=1717 val=3.10393
[dump]   top1 idx=2412 val=2.82804
[dump]   top2 idx=631 val=2.72635
[dump]   top3 idx=2078 val=2.66557
[dump]   top4 idx=1693 val=2.57996
[dump] L41.att    n=2560    finite=1 absmax=0.53827      mean=0.00075026   sumsq=9.168267487        argmax=1882
[dump]   top0 idx=1882 val=0.53827
[dump]   top1 idx=2234 val=0.23168
[dump]   top2 idx=562 val=0.22603
[dump]   top3 idx=840 val=0.22054
[dump]   top4 idx=1883 val=0.21564
[dump] L41.fmix   n=2560    finite=1 absmax=5.8971       mean=0.031211     sumsq=2900.546594        argmax=67
[dump]   top0 idx=67 val=5.89705
[dump]   top1 idx=579 val=4.13013
[dump]   top2 idx=2190 val=3.75767
[dump]   top3 idx=1693 val=3.72174
[dump]   top4 idx=1756 val=3.62968
[dump] L41.mid    n=10      finite=1 absmax=0 mean=0 sumsq=0 ids: 59 240 105 450 149 433 132 118 205 75
[dump] L41.moe    n=2560    finite=1 absmax=0.087733     mean=0.00022454   sumsq=1.709448127        argmax=1070
[dump]   top0 idx=1070 val=0.08003
[dump]   top1 idx=1005 val=0.07905
[dump]   top2 idx=1603 val=0.07785
[dump]   top3 idx=963 val=0.07293
[dump]   top4 idx=2481 val=0.07191
[dump] L41.res    n=10240   finite=1 absmax=1.8571       mean=0.0031005    sumsq=254.1472652        argmax=1882
[dump]   top0 idx=1882 val=1.85708
[dump]   top1 idx=482 val=1.14184
[dump]   top2 idx=1368 val=1.08991
[dump]   top3 idx=308 val=1.03928
[dump]   top4 idx=1603 val=1.01593
[dump] L42.hcmix  n=2560    finite=1 absmax=3.2522       mean=0.030606     sumsq=1334.552496        argmax=2412
[dump]   top0 idx=2412 val=2.96730
[dump]   top1 idx=308 val=2.84608
[dump]   top2 idx=2078 val=2.60474
[dump]   top3 idx=1717 val=2.59180
[dump]   top4 idx=1882 val=2.48719
[dump] L42.att    n=2560    finite=1 absmax=0.33249      mean=-0.00073957  sumsq=6.030586912        argmax=1039
[dump]   top0 idx=1039 val=0.24779
[dump]   top1 idx=482 val=0.24019
[dump]   top2 idx=36 val=0.23765
[dump]   top3 idx=722 val=0.21235
[dump]   top4 idx=517 val=0.19167
[dump] L42.fmix   n=2560    finite=1 absmax=4.9685       mean=0.033323     sumsq=3341.169973        argmax=579
[dump]   top0 idx=579 val=4.45562
[dump]   top1 idx=1693 val=4.29664
[dump]   top2 idx=67 val=4.09714
[dump]   top3 idx=308 val=3.96627
[dump]   top4 idx=2412 val=3.76590
[dump] L42.mid    n=10      finite=1 absmax=0 mean=0 sumsq=0 ids: 341 3 212 310 151 391 140 337 195 509
[dump] L42.moe    n=2560    finite=1 absmax=0.13613      mean=-1.1293e-05  sumsq=3.026231521        argmax=1502
[dump]   top0 idx=1502 val=0.12354
[dump]   top1 idx=1594 val=0.12203
[dump]   top2 idx=644 val=0.10736
[dump]   top3 idx=651 val=0.10348
[dump]   top4 idx=1389 val=0.09647
[dump] L42.res    n=10240   finite=1 absmax=1.9406       mean=0.0027329    sumsq=293.0613665        argmax=1882
[dump]   top0 idx=1882 val=1.94060
[dump]   top1 idx=482 val=1.43777
[dump]   top2 idx=1368 val=1.23187
[dump]   top3 idx=1039 val=1.18772
[dump]   top4 idx=1603 val=1.02754
[dump] L43.hcmix  n=2560    finite=1 absmax=2.3256       mean=0.0092619    sumsq=145.7271243        argmax=882
[dump]   top0 idx=882 val=2.32561
[dump]   top1 idx=5 val=1.99950
[dump]   top2 idx=2078 val=1.93644
[dump]   top3 idx=36 val=1.59816
[dump]   top4 idx=579 val=1.44614
[dump] L43.att    n=2560    finite=1 absmax=0.54198      mean=0.0020466    sumsq=9.370831522        argmax=417
[dump]   top0 idx=417 val=0.54198
[dump]   top1 idx=67 val=0.49032
[dump]   top2 idx=1959 val=0.36008
[dump]   top3 idx=1391 val=0.35105
[dump]   top4 idx=1844 val=0.30598
[dump] L43.fmix   n=2560    finite=1 absmax=6.1217       mean=0.026762     sumsq=2534.839106        argmax=67
[dump]   top0 idx=67 val=6.12172
[dump]   top1 idx=2239 val=3.85921
[dump]   top2 idx=1844 val=3.85019
[dump]   top3 idx=579 val=3.33038
[dump]   top4 idx=1633 val=3.23661
[dump] L43.mid    n=10      finite=1 absmax=0 mean=0 sumsq=0 ids: 300 86 324 462 293 483 499 64 180 98
[dump] L43.moe    n=2560    finite=1 absmax=0.19721      mean=-0.00044917  sumsq=6.112777891        argmax=1882
[dump]   top0 idx=1882 val=0.19545
[dump]   top1 idx=944 val=0.18725
[dump]   top2 idx=200 val=0.15871
[dump]   top3 idx=2301 val=0.14376
[dump]   top4 idx=1676 val=0.14173
[dump] L43.res    n=10240   finite=1 absmax=2.3043       mean=0.0029711    sumsq=345.5873425        argmax=1882
[dump]   top0 idx=1882 val=2.30429
[dump]   top1 idx=482 val=1.29216
[dump]   top2 idx=1368 val=1.18405
[dump]   top3 idx=1603 val=1.10972
[dump]   top4 idx=2374 val=1.06873
[dump] L44.hcmix  n=2560    finite=1 absmax=4.446        mean=0.017986     sumsq=781.9827691        argmax=1633
[dump]   top0 idx=1633 val=4.44601
[dump]   top1 idx=482 val=3.89148
[dump]   top2 idx=1717 val=3.15492
[dump]   top3 idx=138 val=2.80807
[dump]   top4 idx=1882 val=2.66506
[dump] L44.att    n=2560    finite=1 absmax=2.0494       mean=-0.0017052   sumsq=64.40130429        argmax=1238
[dump]   top0 idx=1238 val=0.76956
[dump]   top1 idx=634 val=0.68127
[dump]   top2 idx=1882 val=0.55264
[dump]   top3 idx=181 val=0.49794
[dump]   top4 idx=1603 val=0.48306
[dump] L44.fmix   n=2560    finite=1 absmax=6.4706       mean=0.028196     sumsq=3005.613619        argmax=67
[dump]   top0 idx=67 val=6.47062
[dump]   top1 idx=1633 val=5.20896
[dump]   top2 idx=1844 val=4.92972
[dump]   top3 idx=417 val=4.57387
[dump]   top4 idx=944 val=4.43832
[dump] L44.mid    n=10      finite=1 absmax=0 mean=0 sumsq=0 ids: 87 287 61 75 119 192 190 172 301 401
[dump] L44.moe    n=2560    finite=1 absmax=0.10794      mean=4.931e-05    sumsq=1.958349603        argmax=728
[dump]   top0 idx=728 val=0.10794
[dump]   top1 idx=1125 val=0.08206
[dump]   top2 idx=206 val=0.08163
[dump]   top3 idx=1238 val=0.08059
[dump]   top4 idx=659 val=0.07976
[dump] L44.res    n=10240   finite=1 absmax=2.9681       mean=0.0024783    sumsq=543.196699         argmax=1882
[dump]   top0 idx=1882 val=2.96806
[dump]   top1 idx=1603 val=1.64247
[dump]   top2 idx=1368 val=1.57250
[dump]   top3 idx=482 val=1.44307
[dump]   top4 idx=308 val=1.31513
[dump] L45.hcmix  n=2560    finite=1 absmax=7.949        mean=0.027486     sumsq=1264.676849        argmax=631
[dump]   top0 idx=631 val=4.65722
[dump]   top1 idx=882 val=3.15440
[dump]   top2 idx=2412 val=2.83028
[dump]   top3 idx=1633 val=2.54880
[dump]   top4 idx=944 val=2.50892
[dump] L45.att    n=2560    finite=1 absmax=1.8782       mean=0.0050841    sumsq=154.0855197        argmax=631
[dump]   top0 idx=631 val=1.47477
[dump]   top1 idx=1810 val=1.31732
[dump]   top2 idx=1882 val=1.29854
[dump]   top3 idx=1202 val=1.21075
[dump]   top4 idx=1589 val=1.06536
[dump] L45.fmix   n=2560    finite=1 absmax=7.2641       mean=0.029573     sumsq=2918.218057        argmax=67
[dump]   top0 idx=67 val=6.82746
[dump]   top1 idx=1633 val=5.50166
[dump]   top2 idx=417 val=4.95336
[dump]   top3 idx=1844 val=4.65687
[dump]   top4 idx=944 val=4.30988
[dump] L45.mid    n=10      finite=1 absmax=0 mean=0 sumsq=0 ids: 237 66 343 339 303 443 280 85 156 103
[dump] L45.moe    n=2560    finite=1 absmax=0.11857      mean=-0.00054694  sumsq=2.432352559        argmax=331
[dump]   top0 idx=331 val=0.11857
[dump]   top1 idx=1410 val=0.10671
[dump]   top2 idx=2536 val=0.10340
[dump]   top3 idx=1238 val=0.08704
[dump]   top4 idx=190 val=0.08674
[dump] L45.res    n=10240   finite=1 absmax=3.6499       mean=0.0038256    sumsq=829.2629407        argmax=1882
[dump]   top0 idx=1882 val=3.64988
[dump]   top1 idx=1368 val=1.85010
[dump]   top2 idx=4442 val=1.83474
[dump]   top3 idx=1603 val=1.71516
[dump]   top4 idx=3762 val=1.70954
[dump] L46.hcmix  n=2560    finite=1 absmax=5.5486       mean=0.022051     sumsq=1732.777074        argmax=1810
[dump]   top0 idx=1810 val=4.80735
[dump]   top1 idx=1633 val=4.75791
[dump]   top2 idx=1882 val=4.40922
[dump]   top3 idx=634 val=3.35967
[dump]   top4 idx=631 val=3.33205
[dump] L46.att    n=2560    finite=1 absmax=5.1619       mean=0.00086768   sumsq=229.9903217        argmax=181
[dump]   top0 idx=181 val=2.92527
[dump]   top1 idx=951 val=2.43635
[dump]   top2 idx=634 val=1.74200
[dump]   top3 idx=2502 val=1.68103
[dump]   top4 idx=2442 val=1.54536
[dump] L46.fmix   n=2560    finite=1 absmax=5.724        mean=0.01926      sumsq=2768.124543        argmax=67
[dump]   top0 idx=67 val=5.72399
[dump]   top1 idx=1633 val=4.41954
[dump]   top2 idx=944 val=4.34299
[dump]   top3 idx=1844 val=4.28245
[dump]   top4 idx=417 val=4.20367
[dump] L46.mid    n=10      finite=1 absmax=0 mean=0 sumsq=0 ids: 25 505 56 115 60 463 264 123 258 281
[dump] L46.moe    n=2560    finite=1 absmax=0.18835      mean=0.00061605   sumsq=5.058894311        argmax=723
[dump]   top0 idx=723 val=0.16553
[dump]   top1 idx=19 val=0.16078
[dump]   top2 idx=1872 val=0.15905
[dump]   top3 idx=1272 val=0.14802
[dump]   top4 idx=63 val=0.13978
[dump] L46.res    n=10240   finite=1 absmax=5.184        mean=0.0051338    sumsq=1064.993507        argmax=1882
[dump]   top0 idx=1882 val=3.47045
[dump]   top1 idx=2741 val=2.86582
[dump]   top2 idx=3194 val=2.23933
[dump]   top3 idx=4370 val=2.12141
[dump]   top4 idx=1603 val=1.86022
[dump] L47.hcmix  n=2560    finite=1 absmax=4.3797       mean=0.010298     sumsq=776.5794279        argmax=2183
[dump]   top0 idx=2183 val=2.40949
[dump]   top1 idx=482 val=2.23242
[dump]   top2 idx=944 val=2.06753
[dump]   top3 idx=2348 val=2.00886
[dump]   top4 idx=1967 val=1.97207
[dump] L47.att    n=2560    finite=1 absmax=1.2257       mean=-0.0040526   sumsq=45.7109412         argmax=1027
[dump]   top0 idx=1027 val=1.22573
[dump]   top1 idx=722 val=0.73318
[dump]   top2 idx=579 val=0.71097
[dump]   top3 idx=36 val=0.67787
[dump]   top4 idx=1395 val=0.63424
[dump] L47.fmix   n=2560    finite=1 absmax=5.1312       mean=0.015605     sumsq=2751.135926        argmax=67
[dump]   top0 idx=67 val=5.13120
[dump]   top1 idx=417 val=4.48154
[dump]   top2 idx=944 val=4.34854
[dump]   top3 idx=1882 val=4.23632
[dump]   top4 idx=1844 val=3.88201
[dump] L47.mid    n=10      finite=1 absmax=0 mean=0 sumsq=0 ids: 481 186 286 354 352 316 206 196 100 367
[dump] L47.moe    n=2560    finite=1 absmax=0.97945      mean=-0.00057096  sumsq=18.41779663        argmax=181
[dump]   top0 idx=181 val=0.80259
[dump]   top1 idx=951 val=0.39467
[dump]   top2 idx=634 val=0.39245
[dump]   top3 idx=2356 val=0.29894
[dump]   top4 idx=19 val=0.28973
[dump] L47.res    n=10240   finite=1 absmax=6.5743       mean=0.0029378    sumsq=1329.938328        argmax=2741
[dump]   top0 idx=2741 val=4.38915
[dump]   top1 idx=1882 val=3.64978
[dump]   top2 idx=181 val=3.18758
[dump]   top3 idx=3194 val=2.63232
[dump]   top4 idx=4370 val=2.15558
[dump] L00.hcmix  n=2560    finite=1 absmax=5.4804       mean=0.055681     sumsq=1651.531996        argmax=533
[dump]   top0 idx=533 val=5.48042
[dump]   top1 idx=1424 val=5.03314
[dump]   top2 idx=227 val=4.09944
[dump]   top3 idx=1069 val=3.87601
[dump]   top4 idx=1028 val=3.86890
[dump] L00.att    n=2560    finite=1 absmax=0.7683       mean=-0.00058846  sumsq=25.4313607         argmax=5
[dump]   top0 idx=5 val=0.76830
[dump]   top1 idx=417 val=0.74188
[dump]   top2 idx=67 val=0.67076
[dump]   top3 idx=2342 val=0.53429
[dump]   top4 idx=2325 val=0.38891
[dump] L00.fmix   n=2560    finite=1 absmax=1.9301       mean=0.015139     sumsq=403.7038456        argmax=1682
[dump]   top0 idx=1682 val=1.93007
[dump]   top1 idx=2474 val=1.87568
[dump]   top2 idx=1733 val=1.71622
[dump]   top3 idx=796 val=1.63881
[dump]   top4 idx=707 val=1.60155
[dump] L00.mid    n=10      finite=1 absmax=0 mean=0 sumsq=0 ids: 460 479 15 139 367 339 497 11 340 449
[dump] L00.moe    n=2560    finite=1 absmax=0.25278      mean=0.00049631   sumsq=2.478660716        argmax=1682
[dump]   top0 idx=1682 val=0.25278
[dump]   top1 idx=728 val=0.19798
[dump]   top2 idx=268 val=0.17653
[dump]   top3 idx=579 val=0.16937
[dump]   top4 idx=2238 val=0.16082
[dump] L00.res    n=10240   finite=1 absmax=0.22376      mean=0.00046861   sumsq=2.68966003         argmax=6802
[dump]   top0 idx=6802 val=0.22376
[dump]   top1 idx=5125 val=0.19488
[dump]   top2 idx=5187 val=0.17023
[dump]   top3 idx=5848 val=0.16976
[dump]   top4 idx=6325 val=0.14544
[dump] L01.hcmix  n=2560    finite=1 absmax=3.3298       mean=0.0080204    sumsq=393.5073289        argmax=5
[dump]   top0 idx=5 val=2.73874
[dump]   top1 idx=1487 val=2.47373
[dump]   top2 idx=588 val=2.35275
[dump]   top3 idx=631 val=2.24663
[dump]   top4 idx=1332 val=2.19027
[dump] L01.att    n=2560    finite=1 absmax=1.8405       mean=-0.0069851   sumsq=54.58644429        argmax=331
[dump]   top0 idx=331 val=1.84052
[dump]   top1 idx=1392 val=0.83096
[dump]   top2 idx=736 val=0.58283
[dump]   top3 idx=667 val=0.56447
[dump]   top4 idx=1887 val=0.55677
[dump] L01.fmix   n=2560    finite=1 absmax=2.2863       mean=-0.0050342   sumsq=376.5618558        argmax=5
[dump]   top0 idx=5 val=1.98698
[dump]   top1 idx=227 val=1.60157
[dump]   top2 idx=588 val=1.49117
[dump]   top3 idx=631 val=1.44869
[dump]   top4 idx=533 val=1.34794
[dump] L01.mid    n=10      finite=1 absmax=0 mean=0 sumsq=0 ids: 500 69 154 19 86 306 505 349 249 67
[dump] L01.moe    n=2560    finite=1 absmax=0.037083     mean=0.00012237   sumsq=0.1316567178       argmax=855
[dump]   top0 idx=855 val=0.03708
[dump]   top1 idx=514 val=0.02290
[dump]   top2 idx=2301 val=0.02285
[dump]   top3 idx=2001 val=0.02272
[dump]   top4 idx=1039 val=0.02207
[dump] L01.res    n=10240   finite=1 absmax=0.19381      mean=0.00038819   sumsq=4.057255189        argmax=5125
[dump]   top0 idx=5125 val=0.19381
[dump]   top1 idx=5848 val=0.18028
[dump]   top2 idx=5187 val=0.17100
[dump]   top3 idx=6325 val=0.14429
[dump]   top4 idx=7462 val=0.13034
[dump] L02.hcmix  n=2560    finite=1 absmax=4.2681       mean=0.014027     sumsq=624.1958968        argmax=331
[dump]   top0 idx=331 val=4.26809
[dump]   top1 idx=5 val=3.40997
[dump]   top2 idx=1392 val=2.58546
[dump]   top3 idx=631 val=2.57548
[dump]   top4 idx=588 val=2.50893
[dump] L02.att    n=2560    finite=1 absmax=0.53878      mean=0.0050882    sumsq=32.45874132        argmax=524
[dump]   top0 idx=524 val=0.41053
[dump]   top1 idx=253 val=0.39471
[dump]   top2 idx=1474 val=0.39031
[dump]   top3 idx=693 val=0.38356
[dump]   top4 idx=2151 val=0.38209
[dump] L02.fmix   n=2560    finite=1 absmax=2.8363       mean=0.0079854    sumsq=376.7605745        argmax=67
[dump]   top0 idx=67 val=1.40607
[dump]   top1 idx=631 val=1.38346
[dump]   top2 idx=1881 val=1.35723
[dump]   top3 idx=2342 val=1.29852
[dump]   top4 idx=2272 val=1.29142
[dump] L02.mid    n=10      finite=1 absmax=0 mean=0 sumsq=0 ids: 75 54 492 247 12 480 61 13 272 32
[dump] L02.moe    n=2560    finite=1 absmax=0.07042      mean=0.00058054   sumsq=0.2347088577       argmax=728
[dump]   top0 idx=728 val=0.07042
[dump]   top1 idx=885 val=0.06467
[dump]   top2 idx=951 val=0.06372
[dump]   top3 idx=385 val=0.05262
[dump]   top4 idx=65 val=0.05230
[dump] L02.res    n=10240   finite=1 absmax=0.24007      mean=0.00069179   sumsq=5.009155695        argmax=5848
[dump]   top0 idx=5848 val=0.24007
[dump]   top1 idx=5125 val=0.22073
[dump]   top2 idx=6071 val=0.18221
[dump]   top3 idx=5187 val=0.17799
[dump]   top4 idx=6325 val=0.17167
[dump] L03.hcmix  n=2560    finite=1 absmax=3.7388       mean=0.016092     sumsq=267.2351334        argmax=5
[dump]   top0 idx=5 val=3.73883
[dump]   top1 idx=631 val=2.20187
[dump]   top2 idx=788 val=1.99976
[dump]   top3 idx=588 val=1.69938
[dump]   top4 idx=65 val=1.48339
[dump] L03.att    n=2560    finite=1 absmax=0.4246       mean=-0.0039013   sumsq=17.97692177        argmax=2442
[dump]   top0 idx=2442 val=0.42460
[dump]   top1 idx=551 val=0.31653
[dump]   top2 idx=1890 val=0.28437
[dump]   top3 idx=1930 val=0.26391
[dump]   top4 idx=1395 val=0.25736
[dump] L03.fmix   n=2560    finite=1 absmax=4.2472       mean=0.0059657    sumsq=679.4311356        argmax=67
[dump]   top0 idx=67 val=2.22995
[dump]   top1 idx=728 val=1.96334
[dump]   top2 idx=1930 val=1.93191
[dump]   top3 idx=631 val=1.86391
[dump]   top4 idx=259 val=1.74084
[dump] L03.mid    n=10      finite=1 absmax=0 mean=0 sumsq=0 ids: 101 504 365 190 318 143 231 455 8 441
[dump] L03.moe    n=2560    finite=1 absmax=0.048535     mean=0.00015909   sumsq=0.2911235631       argmax=949
[dump]   top0 idx=949 val=0.04853
[dump]   top1 idx=2140 val=0.04256
[dump]   top2 idx=1096 val=0.03665
[dump]   top3 idx=2172 val=0.03396
[dump]   top4 idx=544 val=0.03007
[dump] L03.res    n=10240   finite=1 absmax=0.23868      mean=0.00064258   sumsq=5.653134752        argmax=5848
[dump]   top0 idx=5848 val=0.23726
[dump]   top1 idx=5125 val=0.22333
[dump]   top2 idx=6071 val=0.18080
[dump]   top3 idx=5187 val=0.17592
[dump]   top4 idx=6325 val=0.17172
[dump] L04.hcmix  n=2560    finite=1 absmax=4.2668       mean=0.025277     sumsq=745.1119174        argmax=5
[dump]   top0 idx=5 val=4.26679
[dump]   top1 idx=331 val=2.59303
[dump]   top2 idx=631 val=2.58461
[dump]   top3 idx=588 val=2.54630
[dump]   top4 idx=92 val=2.45275
[dump] L04.att    n=2560    finite=1 absmax=0.41339      mean=-0.00011437  sumsq=16.11692923        argmax=1653
[dump]   top0 idx=1653 val=0.41339
[dump]   top1 idx=631 val=0.30876
[dump]   top2 idx=2433 val=0.30075
[dump]   top3 idx=372 val=0.30037
[dump]   top4 idx=245 val=0.24823
[dump] L04.fmix   n=2560    finite=1 absmax=3.8952       mean=0.011829     sumsq=793.970371         argmax=1521
[dump]   top0 idx=1521 val=1.99515
[dump]   top1 idx=1205 val=1.86986
[dump]   top2 idx=418 val=1.79627
[dump]   top3 idx=67 val=1.76418
[dump]   top4 idx=1930 val=1.76022
[dump] L04.mid    n=10      finite=1 absmax=0 mean=0 sumsq=0 ids: 106 41 410 496 320 500 252 209 274 453
[dump] L04.moe    n=2560    finite=1 absmax=0.063472     mean=-4.3502e-06  sumsq=0.3103847926       argmax=1653
[dump]   top0 idx=1653 val=0.06347
[dump]   top1 idx=1199 val=0.04123
[dump]   top2 idx=579 val=0.03716
[dump]   top3 idx=2083 val=0.03568
[dump]   top4 idx=1185 val=0.03460
[dump] L04.res    n=10240   finite=1 absmax=0.23797      mean=0.00063593   sumsq=6.710374738        argmax=5848
[dump]   top0 idx=5848 val=0.23706
[dump]   top1 idx=5125 val=0.22401
[dump]   top2 idx=6071 val=0.18004
[dump]   top3 idx=5187 val=0.17536
[dump]   top4 idx=6325 val=0.17266
[dump] L05.hcmix  n=2560    finite=1 absmax=6.4477       mean=0.018648     sumsq=733.7707859        argmax=1653
[dump]   top0 idx=1653 val=6.44768
[dump]   top1 idx=5 val=3.64052
[dump]   top2 idx=588 val=3.17444
[dump]   top3 idx=331 val=2.85109
[dump]   top4 idx=92 val=2.71994
[dump] L05.att    n=2560    finite=1 absmax=0.46474      mean=-0.0014688   sumsq=14.96285706        argmax=593
[dump]   top0 idx=593 val=0.34592
[dump]   top1 idx=1134 val=0.32452
[dump]   top2 idx=1897 val=0.31029
[dump]   top3 idx=1205 val=0.30171
[dump]   top4 idx=1770 val=0.29249
[dump] L05.fmix   n=2560    finite=1 absmax=2.2728       mean=0.010211     sumsq=624.2801839        argmax=631
[dump]   top0 idx=631 val=2.27282
[dump]   top1 idx=1205 val=1.79541
[dump]   top2 idx=753 val=1.65394
[dump]   top3 idx=1521 val=1.58947
[dump]   top4 idx=1512 val=1.49241
[dump] L05.mid    n=10      finite=1 absmax=0 mean=0 sumsq=0 ids: 446 344 169 314 236 468 471 291 302 49
[dump] L05.moe    n=2560    finite=1 absmax=0.037096     mean=0.00029175   sumsq=0.2048556106       argmax=885
[dump]   top0 idx=885 val=0.03710
[dump]   top1 idx=2533 val=0.03465
[dump]   top2 idx=2505 val=0.03181
[dump]   top3 idx=192 val=0.02945
[dump]   top4 idx=2314 val=0.02912
[dump] L05.res    n=10240   finite=1 absmax=0.23763      mean=0.00071537   sumsq=7.604771672        argmax=5848
[dump]   top0 idx=5848 val=0.23660
[dump]   top1 idx=5125 val=0.22392
[dump]   top2 idx=6071 val=0.18015
[dump]   top3 idx=5187 val=0.17521
[dump]   top4 idx=6325 val=0.17386
[dump] L06.hcmix  n=2560    finite=1 absmax=4.3686       mean=0.017145     sumsq=683.1947641        argmax=5
[dump]   top0 idx=5 val=4.36861
[dump]   top1 idx=92 val=2.96748
[dump]   top2 idx=588 val=2.67801
[dump]   top3 idx=2342 val=2.17186
[dump]   top4 idx=951 val=1.94789
[dump] L06.att    n=2560    finite=1 absmax=1.1379       mean=-0.0012611   sumsq=54.98007961        argmax=951
[dump]   top0 idx=951 val=1.13785
[dump]   top1 idx=482 val=1.12448
[dump]   top2 idx=728 val=0.74688
[dump]   top3 idx=1682 val=0.59414
[dump]   top4 idx=1359 val=0.57738
[dump] L06.fmix   n=2560    finite=1 absmax=2.9523       mean=0.015496     sumsq=896.5864327        argmax=631
[dump]   top0 idx=631 val=2.58779
[dump]   top1 idx=1521 val=2.02727
[dump]   top2 idx=1523 val=1.96824
[dump]   top3 idx=67 val=1.93594
[dump]   top4 idx=1512 val=1.81500
[dump] L06.mid    n=10      finite=1 absmax=0 mean=0 sumsq=0 ids: 51 152 159 91 432 109 165 375 123 223
[dump] L06.moe    n=2560    finite=1 absmax=0.064576     mean=0.00056861   sumsq=0.3420305757       argmax=2453
[dump]   top0 idx=2453 val=0.06458
[dump]   top1 idx=528 val=0.04686
[dump]   top2 idx=1716 val=0.04523
[dump]   top3 idx=1102 val=0.04446
[dump]   top4 idx=513 val=0.04437
[dump] L06.res    n=10240   finite=1 absmax=0.23711      mean=0.00091278   sumsq=8.155964231        argmax=5848
[dump]   top0 idx=5848 val=0.23711
[dump]   top1 idx=5125 val=0.22281
[dump]   top2 idx=7772 val=0.19132
[dump]   top3 idx=6071 val=0.18012
[dump]   top4 idx=5187 val=0.17793
[dump] L07.hcmix  n=2560    finite=1 absmax=3.6812       mean=0.02006      sumsq=348.3727403        argmax=5
[dump]   top0 idx=5 val=3.68115
[dump]   top1 idx=588 val=1.56489
[dump]   top2 idx=2342 val=1.38987
[dump]   top3 idx=631 val=1.37969
[dump]   top4 idx=482 val=1.33608
[dump] L07.att    n=2560    finite=1 absmax=0.68756      mean=0.0010802    sumsq=30.07755686        argmax=2293
[dump]   top0 idx=2293 val=0.48860
[dump]   top1 idx=2180 val=0.46088
[dump]   top2 idx=1795 val=0.42530
[dump]   top3 idx=1076 val=0.40983
[dump]   top4 idx=1345 val=0.39992
[dump] L07.fmix   n=2560    finite=1 absmax=2.2114       mean=0.019415     sumsq=674.933203         argmax=1521
[dump]   top0 idx=1521 val=1.73966
[dump]   top1 idx=2433 val=1.68581
[dump]   top2 idx=259 val=1.59192
[dump]   top3 idx=631 val=1.55007
[dump]   top4 idx=205 val=1.48145
[dump] L07.mid    n=10      finite=1 absmax=0 mean=0 sumsq=0 ids: 87 242 445 358 252 193 191 8 194 163
[dump] L07.moe    n=2560    finite=1 absmax=0.049382     mean=0.00028688   sumsq=0.2854315547       argmax=2453
[dump]   top0 idx=2453 val=0.04024
[dump]   top1 idx=757 val=0.03695
[dump]   top2 idx=2258 val=0.03607
[dump]   top3 idx=526 val=0.03421
[dump]   top4 idx=1712 val=0.03407
[dump] L07.res    n=10240   finite=1 absmax=0.25358      mean=0.0011052    sumsq=9.148182074        argmax=5848
[dump]   top0 idx=5848 val=0.23357
[dump]   top1 idx=5125 val=0.22261
[dump]   top2 idx=7772 val=0.21462
[dump]   top3 idx=9475 val=0.20313
[dump]   top4 idx=6325 val=0.17973
[dump] L08.hcmix  n=2560    finite=1 absmax=3.2959       mean=0.026408     sumsq=652.1898516        argmax=631
[dump]   top0 idx=631 val=3.29595
[dump]   top1 idx=588 val=2.73180
[dump]   top2 idx=2477 val=2.26376
[dump]   top3 idx=92 val=2.23999
[dump]   top4 idx=2097 val=2.07093
[dump] L08.att    n=2560    finite=1 absmax=0.099454     mean=9.9759e-05   sumsq=1.497739548        argmax=799
[dump]   top0 idx=799 val=0.09945
[dump]   top1 idx=1499 val=0.09028
[dump]   top2 idx=582 val=0.08787
[dump]   top3 idx=706 val=0.08288
[dump]   top4 idx=1043 val=0.08235
[dump] L08.fmix   n=2560    finite=1 absmax=2.4999       mean=0.026921     sumsq=685.8541054        argmax=631
[dump]   top0 idx=631 val=2.49986
[dump]   top1 idx=2433 val=1.71475
[dump]   top2 idx=1930 val=1.63777
[dump]   top3 idx=744 val=1.62278
[dump]   top4 idx=1899 val=1.54297
[dump] L08.mid    n=10      finite=1 absmax=0 mean=0 sumsq=0 ids: 263 181 134 360 462 175 46 183 219 387
[dump] L08.moe    n=2560    finite=1 absmax=0.045111     mean=-0.00039719  sumsq=0.4691805804       argmax=3
[dump]   top0 idx=3 val=0.04511
[dump]   top1 idx=1595 val=0.03987
[dump]   top2 idx=1455 val=0.03981
[dump]   top3 idx=1388 val=0.03951
[dump]   top4 idx=1153 val=0.03931
[dump] L08.res    n=10240   finite=1 absmax=0.26553      mean=0.00097257   sumsq=9.99645069         argmax=7772
[dump]   top0 idx=7772 val=0.23575
[dump]   top1 idx=5848 val=0.23375
[dump]   top2 idx=5125 val=0.22254
[dump]   top3 idx=9475 val=0.21815
[dump]   top4 idx=6325 val=0.17999
[dump] L09.hcmix  n=2560    finite=1 absmax=3.0085       mean=0.019553     sumsq=764.2125693        argmax=92
[dump]   top0 idx=92 val=3.00855
[dump]   top1 idx=1205 val=2.86229
[dump]   top2 idx=2083 val=2.03132
[dump]   top3 idx=1353 val=1.86933
[dump]   top4 idx=2477 val=1.83571
[dump] L09.att    n=2560    finite=1 absmax=0.34943      mean=0.002537     sumsq=16.9784531         argmax=2393
[dump]   top0 idx=2393 val=0.34943
[dump]   top1 idx=1332 val=0.28985
[dump]   top2 idx=1378 val=0.28379
[dump]   top3 idx=1413 val=0.27548
[dump]   top4 idx=149 val=0.25722
[dump] L09.fmix   n=2560    finite=1 absmax=2.5046       mean=0.027229     sumsq=723.4984182        argmax=92
[dump]   top0 idx=92 val=2.50457
[dump]   top1 idx=1205 val=2.11876
[dump]   top2 idx=2433 val=1.92712
[dump]   top3 idx=631 val=1.71575
[dump]   top4 idx=1180 val=1.57386
[dump] L09.mid    n=10      finite=1 absmax=0 mean=0 sumsq=0 ids: 264 430 142 376 478 68 153 26 488 218
[dump] L09.moe    n=2560    finite=1 absmax=0.03623      mean=5.0349e-05   sumsq=0.2683054389       argmax=1395
[dump]   top0 idx=1395 val=0.03588
[dump]   top1 idx=105 val=0.03324
[dump]   top2 idx=1652 val=0.03323
[dump]   top3 idx=705 val=0.03225
[dump]   top4 idx=2206 val=0.03080
[dump] L09.res    n=10240   finite=1 absmax=0.26544      mean=0.0010635    sumsq=10.2775506         argmax=7772
[dump]   top0 idx=7772 val=0.23934
[dump]   top1 idx=5848 val=0.23372
[dump]   top2 idx=9475 val=0.22832
[dump]   top3 idx=5125 val=0.22253
[dump]   top4 idx=6325 val=0.17993
[dump] L10.hcmix  n=2560    finite=1 absmax=3.1881       mean=0.029011     sumsq=878.255975         argmax=92
[dump]   top0 idx=92 val=3.18813
[dump]   top1 idx=1205 val=2.85185
[dump]   top2 idx=631 val=2.81842
[dump]   top3 idx=588 val=2.54431
[dump]   top4 idx=5 val=2.18612
[dump] L10.att    n=2560    finite=1 absmax=0.37774      mean=-0.00018343  sumsq=17.42573131        argmax=728
[dump]   top0 idx=728 val=0.37774
[dump]   top1 idx=1912 val=0.34454
[dump]   top2 idx=508 val=0.33750
[dump]   top3 idx=816 val=0.32625
[dump]   top4 idx=2521 val=0.30066
[dump] L10.fmix   n=2560    finite=1 absmax=1.9376       mean=0.0197       sumsq=621.4629393        argmax=631
[dump]   top0 idx=631 val=1.83713
[dump]   top1 idx=92 val=1.83072
[dump]   top2 idx=2433 val=1.63687
[dump]   top3 idx=1512 val=1.63580
[dump]   top4 idx=1225 val=1.53971
[dump] L10.mid    n=10      finite=1 absmax=0 mean=0 sumsq=0 ids: 355 461 97 495 417 387 373 322 203 18
[dump] L10.moe    n=2560    finite=1 absmax=0.036745     mean=-0.00018333  sumsq=0.2975601803       argmax=86
[dump]   top0 idx=86 val=0.03675
[dump]   top1 idx=2105 val=0.03484
[dump]   top2 idx=2276 val=0.03380
[dump]   top3 idx=618 val=0.03344
[dump]   top4 idx=1253 val=0.03264
[dump] L10.res    n=10240   finite=1 absmax=0.27127      mean=0.00097105   sumsq=10.87822906        argmax=5848
[dump]   top0 idx=5848 val=0.23417
[dump]   top1 idx=9475 val=0.22437
[dump]   top2 idx=5125 val=0.22258
[dump]   top3 idx=7772 val=0.22131
[dump]   top4 idx=6325 val=0.17985
[dump] L11.hcmix  n=2560    finite=1 absmax=2.9044       mean=0.013731     sumsq=340.3257114        argmax=5
[dump]   top0 idx=5 val=2.90439
[dump]   top1 idx=728 val=1.65801
[dump]   top2 idx=951 val=1.46993
[dump]   top3 idx=631 val=1.31556
[dump]   top4 idx=418 val=1.24846
[dump] L11.att    n=2560    finite=1 absmax=0.39635      mean=0.0011302    sumsq=20.55488619        argmax=892
[dump]   top0 idx=892 val=0.30297
[dump]   top1 idx=2448 val=0.30232
[dump]   top2 idx=480 val=0.28551
[dump]   top3 idx=2206 val=0.27227
[dump]   top4 idx=104 val=0.27179
[dump] L11.fmix   n=2560    finite=1 absmax=2.6947       mean=0.015354     sumsq=624.5528046        argmax=631
[dump]   top0 idx=631 val=2.69468
[dump]   top1 idx=2433 val=1.79182
[dump]   top2 idx=92 val=1.57894
[dump]   top3 idx=1512 val=1.56367
[dump]   top4 idx=1182 val=1.48199
[dump] L11.mid    n=10      finite=1 absmax=0 mean=0 sumsq=0 ids: 323 418 508 166 261 273 430 48 371 120
[dump] L11.moe    n=2560    finite=1 absmax=0.050602     mean=-0.00027957  sumsq=0.4533296595       argmax=1957
[dump]   top0 idx=1957 val=0.04558
[dump]   top1 idx=1642 val=0.03954
[dump]   top2 idx=568 val=0.03847
[dump]   top3 idx=1572 val=0.03786
[dump]   top4 idx=157 val=0.03652
[dump] L11.res    n=10240   finite=1 absmax=0.27036      mean=0.0008569    sumsq=11.97338937        argmax=5848
[dump]   top0 idx=5848 val=0.23364
[dump]   top1 idx=9475 val=0.22552
[dump]   top2 idx=7772 val=0.22437
[dump]   top3 idx=5125 val=0.22236
[dump]   top4 idx=6325 val=0.17963
[dump] L12.hcmix  n=2560    finite=1 absmax=3.2851       mean=0.011144     sumsq=905.2249479        argmax=5
[dump]   top0 idx=5 val=2.64096
[dump]   top1 idx=1795 val=2.49082
[dump]   top2 idx=1205 val=2.25237
[dump]   top3 idx=92 val=2.01908
[dump]   top4 idx=481 val=1.90697
[dump] L12.att    n=2560    finite=1 absmax=0.40756      mean=-0.00049341  sumsq=19.05186943        argmax=728
[dump]   top0 idx=728 val=0.30898
[dump]   top1 idx=1432 val=0.30688
[dump]   top2 idx=539 val=0.29284
[dump]   top3 idx=729 val=0.28580
[dump]   top4 idx=793 val=0.27970
[dump] L12.fmix   n=2560    finite=1 absmax=2.2581       mean=0.014285     sumsq=651.3023399        argmax=631
[dump]   top0 idx=631 val=2.25805
[dump]   top1 idx=2433 val=1.85225
[dump]   top2 idx=1205 val=1.83591
[dump]   top3 idx=92 val=1.77332
[dump]   top4 idx=65 val=1.76445
[dump] L12.mid    n=10      finite=1 absmax=0 mean=0 sumsq=0 ids: 421 0 433 63 277 283 390 21 37 52
[dump] L12.moe    n=2560    finite=1 absmax=0.049973     mean=-0.00022836  sumsq=0.241563747        argmax=667
[dump]   top0 idx=667 val=0.03802
[dump]   top1 idx=915 val=0.03363
[dump]   top2 idx=761 val=0.03235
[dump]   top3 idx=2324 val=0.02954
[dump]   top4 idx=235 val=0.02951
[dump] L12.res    n=10240   finite=1 absmax=0.27917      mean=0.00067689   sumsq=13.18665878        argmax=5848
[dump]   top0 idx=5848 val=0.23400
[dump]   top1 idx=9475 val=0.23184
[dump]   top2 idx=7772 val=0.22809
[dump]   top3 idx=5125 val=0.22234
[dump]   top4 idx=8311 val=0.18622
[dump] L13.hcmix  n=2560    finite=1 absmax=2.7746       mean=0.0071098    sumsq=1056.381753        argmax=1205
[dump]   top0 idx=1205 val=2.40648
[dump]   top1 idx=667 val=2.09718
[dump]   top2 idx=1406 val=2.04737
[dump]   top3 idx=728 val=2.01865
[dump]   top4 idx=1054 val=1.95826
[dump] L13.att    n=2560    finite=1 absmax=0.25547      mean=0.00013456   sumsq=6.8502737          argmax=728
[dump]   top0 idx=728 val=0.25547
[dump]   top1 idx=951 val=0.23949
[dump]   top2 idx=1795 val=0.23121
[dump]   top3 idx=2445 val=0.19716
[dump]   top4 idx=788 val=0.18070
[dump] L13.fmix   n=2560    finite=1 absmax=2.2341       mean=0.00045116   sumsq=623.8629058        argmax=728
[dump]   top0 idx=728 val=2.23413
[dump]   top1 idx=951 val=1.99681
[dump]   top2 idx=1301 val=1.73808
[dump]   top3 idx=2453 val=1.63737
[dump]   top4 idx=1616 val=1.58535
[dump] L13.mid    n=10      finite=1 absmax=0 mean=0 sumsq=0 ids: 259 387 265 97 273 91 357 468 224 93
[dump] L13.moe    n=2560    finite=1 absmax=0.071206     mean=-3.4995e-05  sumsq=1.043608806        argmax=2480
[dump]   top0 idx=2480 val=0.07121
[dump]   top1 idx=2401 val=0.06365
[dump]   top2 idx=2525 val=0.06167
[dump]   top3 idx=1977 val=0.06166
[dump]   top4 idx=2378 val=0.06125
[dump] L13.res    n=10240   finite=1 absmax=0.27938      mean=0.00066486   sumsq=16.37401971        argmax=9475
[dump]   top0 idx=9475 val=0.24679
[dump]   top1 idx=5848 val=0.23484
[dump]   top2 idx=7772 val=0.22276
[dump]   top3 idx=5125 val=0.22234
[dump]   top4 idx=8311 val=0.18163
[dump] L14.hcmix  n=2560    finite=1 absmax=2.622        mean=0.0099068    sumsq=910.0875018        argmax=1795
[dump]   top0 idx=1795 val=2.62202
[dump]   top1 idx=728 val=2.61220
[dump]   top2 idx=983 val=2.28519
[dump]   top3 idx=1616 val=2.00735
[dump]   top4 idx=951 val=1.87859
[dump] L14.att    n=2560    finite=1 absmax=0.47416      mean=0.00094813   sumsq=18.84996029        argmax=482
[dump]   top0 idx=482 val=0.47416
[dump]   top1 idx=2433 val=0.43240
[dump]   top2 idx=689 val=0.42266
[dump]   top3 idx=2215 val=0.38139
[dump]   top4 idx=360 val=0.37964
[dump] L14.fmix   n=2560    finite=1 absmax=2.1727       mean=0.0087747    sumsq=663.4984731        argmax=728
[dump]   top0 idx=728 val=2.17269
[dump]   top1 idx=631 val=2.02633
[dump]   top2 idx=1512 val=1.92156
[dump]   top3 idx=1482 val=1.74347
[dump]   top4 idx=1616 val=1.74068
[dump] L14.mid    n=10      finite=1 absmax=0 mean=0 sumsq=0 ids: 335 398 506 212 473 138 312 151 108 402
[dump] L14.moe    n=2560    finite=1 absmax=0.031193     mean=-0.00027235  sumsq=0.1156921226       argmax=1827
[dump]   top0 idx=1827 val=0.03119
[dump]   top1 idx=875 val=0.02822
[dump]   top2 idx=1603 val=0.02458
[dump]   top3 idx=1039 val=0.02200
[dump]   top4 idx=2473 val=0.02010
[dump] L14.res    n=10240   finite=1 absmax=0.28367      mean=0.00055742   sumsq=17.05931098        argmax=9475
[dump]   top0 idx=9475 val=0.25411
[dump]   top1 idx=5848 val=0.23354
[dump]   top2 idx=7772 val=0.22575
[dump]   top3 idx=5125 val=0.22157
[dump]   top4 idx=9071 val=0.18461
[dump] L15.hcmix  n=2560    finite=1 absmax=1.3887       mean=0.003222     sumsq=233.3514334        argmax=667
[dump]   top0 idx=667 val=1.25967
[dump]   top1 idx=728 val=1.17335
[dump]   top2 idx=788 val=1.13949
[dump]   top3 idx=793 val=1.12706
[dump]   top4 idx=2121 val=1.11203
[dump] L15.att    n=2560    finite=1 absmax=0.36975      mean=-0.0027884   sumsq=14.35248449        argmax=1359
[dump]   top0 idx=1359 val=0.36975
[dump]   top1 idx=1879 val=0.30426
[dump]   top2 idx=808 val=0.29591
[dump]   top3 idx=1227 val=0.26278
[dump]   top4 idx=1716 val=0.26229
[dump] L15.fmix   n=2560    finite=1 absmax=4.4971       mean=-0.0078008   sumsq=1489.531083        argmax=728
[dump]   top0 idx=728 val=4.49712
[dump]   top1 idx=2238 val=2.83184
[dump]   top2 idx=1512 val=2.52857
[dump]   top3 idx=320 val=2.48883
[dump]   top4 idx=836 val=2.48140
[dump] L15.mid    n=10      finite=1 absmax=0 mean=0 sumsq=0 ids: 494 289 207 405 288 192 174 283 199 385
[dump] L15.moe    n=2560    finite=1 absmax=0.047846     mean=-2.6157e-05  sumsq=0.4397440986       argmax=1408
[dump]   top0 idx=1408 val=0.04785
[dump]   top1 idx=652 val=0.04702
[dump]   top2 idx=158 val=0.04555
[dump]   top3 idx=1212 val=0.04077
[dump]   top4 idx=654 val=0.04065
[dump] L15.res    n=10240   finite=1 absmax=0.27775      mean=0.00038247   sumsq=15.63730332        argmax=9475
[dump]   top0 idx=9475 val=0.24659
[dump]   top1 idx=5848 val=0.23408
[dump]   top2 idx=7772 val=0.22404
[dump]   top3 idx=5125 val=0.22089
[dump]   top4 idx=9071 val=0.18212
[dump] L16.hcmix  n=2560    finite=1 absmax=2.7789       mean=-0.0073558   sumsq=1047.574593        argmax=2121
[dump]   top0 idx=2121 val=2.77889
[dump]   top1 idx=1947 val=2.60441
[dump]   top2 idx=1795 val=2.38287
[dump]   top3 idx=1406 val=2.22273
[dump]   top4 idx=129 val=2.10049
[dump] L16.att    n=2560    finite=1 absmax=0.23801      mean=-0.0010036   sumsq=5.928032844        argmax=2057
[dump]   top0 idx=2057 val=0.23801
[dump]   top1 idx=713 val=0.17199
[dump]   top2 idx=2184 val=0.16761
[dump]   top3 idx=1076 val=0.15927
[dump]   top4 idx=2054 val=0.15925
[dump] L16.fmix   n=2560    finite=1 absmax=2.6263       mean=-0.0093293   sumsq=1230.401047        argmax=1512
[dump]   top0 idx=1512 val=2.50158
[dump]   top1 idx=320 val=2.49292
[dump]   top2 idx=836 val=2.16687
[dump]   top3 idx=728 val=2.06556
[dump]   top4 idx=667 val=2.03977
[dump] L16.mid    n=10      finite=1 absmax=0 mean=0 sumsq=0 ids: 243 58 228 391 263 272 278 487 142 429
[dump] L16.moe    n=2560    finite=1 absmax=0.061115     mean=4.033e-05    sumsq=0.6338470164       argmax=2532
[dump]   top0 idx=2532 val=0.06111
[dump]   top1 idx=1058 val=0.04736
[dump]   top2 idx=787 val=0.04567
[dump]   top3 idx=812 val=0.04544
[dump]   top4 idx=333 val=0.04534
[dump] L16.res    n=10240   finite=1 absmax=0.27785      mean=0.00033786   sumsq=16.6231635         argmax=9475
[dump]   top0 idx=9475 val=0.24231
[dump]   top1 idx=5848 val=0.23384
[dump]   top2 idx=7772 val=0.22133
[dump]   top3 idx=5125 val=0.22077
[dump]   top4 idx=6325 val=0.18025
[dump] L17.hcmix  n=2560    finite=1 absmax=2.8294       mean=-0.0036503   sumsq=1095.283814        argmax=1947
[dump]   top0 idx=1947 val=2.82942
[dump]   top1 idx=1406 val=2.29383
[dump]   top2 idx=1795 val=2.24307
[dump]   top3 idx=812 val=2.19921
[dump]   top4 idx=1205 val=2.09256
[dump] L17.att    n=2560    finite=1 absmax=0.24499      mean=0.00042067   sumsq=5.050191271        argmax=1984
[dump]   top0 idx=1984 val=0.24499
[dump]   top1 idx=871 val=0.18381
[dump]   top2 idx=394 val=0.18378
[dump]   top3 idx=177 val=0.17093
[dump]   top4 idx=390 val=0.14135
[dump] L17.fmix   n=2560    finite=1 absmax=2.2367       mean=-0.0052862   sumsq=997.7909309        argmax=1512
[dump]   top0 idx=1512 val=1.99885
[dump]   top1 idx=1482 val=1.99753
[dump]   top2 idx=812 val=1.97530
[dump]   top3 idx=793 val=1.81576
[dump]   top4 idx=2480 val=1.74465
[dump] L17.mid    n=10      finite=1 absmax=0 mean=0 sumsq=0 ids: 136 499 139 363 209 486 84 471 422 365
[dump] L17.moe    n=2560    finite=1 absmax=0.037595     mean=0.00029176   sumsq=0.2542919255       argmax=946
[dump]   top0 idx=946 val=0.03759
[dump]   top1 idx=928 val=0.03660
[dump]   top2 idx=1696 val=0.03285
[dump]   top3 idx=268 val=0.03051
[dump]   top4 idx=290 val=0.03024
[dump] L17.res    n=10240   finite=1 absmax=0.27573      mean=0.00057252   sumsq=16.2093228         argmax=9475
[dump]   top0 idx=9475 val=0.23905
[dump]   top1 idx=5848 val=0.23351
[dump]   top2 idx=7772 val=0.22328
[dump]   top3 idx=5125 val=0.22093
[dump]   top4 idx=508 val=0.18525
[dump] L18.hcmix  n=2560    finite=1 absmax=2.6777       mean=0.010088     sumsq=1053.74649         argmax=1947
[dump]   top0 idx=1947 val=2.67775
[dump]   top1 idx=1205 val=2.65533
[dump]   top2 idx=1616 val=2.53718
[dump]   top3 idx=508 val=2.43457
[dump]   top4 idx=2121 val=2.17303
[dump] L18.att    n=2560    finite=1 absmax=0.29796      mean=-0.00065621  sumsq=5.907470949        argmax=482
[dump]   top0 idx=482 val=0.29796
[dump]   top1 idx=167 val=0.22200
[dump]   top2 idx=1509 val=0.18076
[dump]   top3 idx=1134 val=0.16902
[dump]   top4 idx=689 val=0.16717
[dump] L18.fmix   n=2560    finite=1 absmax=2.5169       mean=0.0063878    sumsq=902.0845559        argmax=588
[dump]   top0 idx=588 val=2.17366
[dump]   top1 idx=65 val=2.15759
[dump]   top2 idx=631 val=2.05667
[dump]   top3 idx=2491 val=2.03564
[dump]   top4 idx=1616 val=1.95321
[dump] L18.mid    n=10      finite=1 absmax=0 mean=0 sumsq=0 ids: 131 264 29 448 211 353 347 101 24 87
[dump] L18.moe    n=2560    finite=1 absmax=0.04661      mean=0.0001479    sumsq=0.3381845036       argmax=2356
[dump]   top0 idx=2356 val=0.04661
[dump]   top1 idx=2198 val=0.03896
[dump]   top2 idx=86 val=0.03373
[dump]   top3 idx=1251 val=0.03268
[dump]   top4 idx=349 val=0.03160
[dump] L18.res    n=10240   finite=1 absmax=0.30419      mean=0.00062733   sumsq=17.53389358        argmax=9475
[dump]   top0 idx=9475 val=0.24829
[dump]   top1 idx=5848 val=0.23347
[dump]   top2 idx=5125 val=0.22087
[dump]   top3 idx=7772 val=0.22003
[dump]   top4 idx=482 val=0.18934
[dump] L19.hcmix  n=2560    finite=1 absmax=2.0095       mean=0.0087498    sumsq=392.3274357        argmax=1947
[dump]   top0 idx=1947 val=2.00950
[dump]   top1 idx=1741 val=1.84469
[dump]   top2 idx=482 val=1.73108
[dump]   top3 idx=728 val=1.58038
[dump]   top4 idx=951 val=1.43391
[dump] L19.att    n=2560    finite=1 absmax=0.44808      mean=0.0013213    sumsq=17.71791695        argmax=1227
[dump]   top0 idx=1227 val=0.42437
[dump]   top1 idx=694 val=0.34947
[dump]   top2 idx=742 val=0.34388
[dump]   top3 idx=356 val=0.32876
[dump]   top4 idx=2359 val=0.32269
[dump] L19.fmix   n=2560    finite=1 absmax=2.3617       mean=0.005131     sumsq=1171.377601        argmax=2390
[dump]   top0 idx=2390 val=2.04944
[dump]   top1 idx=667 val=2.01599
[dump]   top2 idx=2499 val=1.97557
[dump]   top3 idx=2261 val=1.95818
[dump]   top4 idx=1918 val=1.93755
[dump] L19.mid    n=10      finite=1 absmax=0 mean=0 sumsq=0 ids: 31 121 377 222 315 490 173 162 291 342
[dump] L19.moe    n=2560    finite=1 absmax=0.04769      mean=0.00038963   sumsq=0.3037716982       argmax=105
[dump]   top0 idx=105 val=0.04769
[dump]   top1 idx=25 val=0.03715
[dump]   top2 idx=1466 val=0.03568
[dump]   top3 idx=1265 val=0.03483
[dump]   top4 idx=2048 val=0.03379
[dump] L19.res    n=10240   finite=1 absmax=0.30099      mean=0.0010016    sumsq=17.40236821        argmax=9475
[dump]   top0 idx=9475 val=0.24898
[dump]   top1 idx=5848 val=0.23407
[dump]   top2 idx=5125 val=0.22050
[dump]   top3 idx=7772 val=0.21340
[dump]   top4 idx=3084 val=0.20235
[dump] L20.hcmix  n=2560    finite=1 absmax=2.7829       mean=0.016103     sumsq=984.7664746        argmax=1947
[dump]   top0 idx=1947 val=2.46119
[dump]   top1 idx=359 val=2.43554
[dump]   top2 idx=1461 val=2.39521
[dump]   top3 idx=951 val=2.29271
[dump]   top4 idx=2238 val=2.17171
[dump] L20.att    n=2560    finite=1 absmax=0.57707      mean=-0.002434    sumsq=18.45961727        argmax=717
[dump]   top0 idx=717 val=0.42136
[dump]   top1 idx=1641 val=0.40737
[dump]   top2 idx=1132 val=0.35952
[dump]   top3 idx=2293 val=0.34370
[dump]   top4 idx=1653 val=0.31131
[dump] L20.fmix   n=2560    finite=1 absmax=3.327        mean=0.010779     sumsq=1396.986087        argmax=1466
[dump]   top0 idx=1466 val=2.80592
[dump]   top1 idx=2481 val=2.15175
[dump]   top2 idx=25 val=2.13935
[dump]   top3 idx=1918 val=2.10738
[dump]   top4 idx=2261 val=2.04517
[dump] L20.mid    n=10      finite=1 absmax=0 mean=0 sumsq=0 ids: 485 387 442 179 258 296 168 40 410 307
[dump] L20.moe    n=2560    finite=1 absmax=0.046495     mean=0.00042151   sumsq=0.4187794794       argmax=662
[dump]   top0 idx=662 val=0.04629
[dump]   top1 idx=1450 val=0.03984
[dump]   top2 idx=960 val=0.03939
[dump]   top3 idx=1168 val=0.03848
[dump]   top4 idx=1736 val=0.03831
[dump] L20.res    n=10240   finite=1 absmax=0.29838      mean=0.0010205    sumsq=17.19857311        argmax=9475
[dump]   top0 idx=9475 val=0.25934
[dump]   top1 idx=5848 val=0.23350
[dump]   top2 idx=5125 val=0.22035
[dump]   top3 idx=3084 val=0.21356
[dump]   top4 idx=7772 val=0.20836
[dump] L21.hcmix  n=2560    finite=1 absmax=3.317        mean=0.028005     sumsq=1153.350209        argmax=524
[dump]   top0 idx=524 val=2.84658
[dump]   top1 idx=588 val=2.62525
[dump]   top2 idx=359 val=2.49964
[dump]   top3 idx=1716 val=2.25649
[dump]   top4 idx=1795 val=2.21829
[dump] L21.att    n=2560    finite=1 absmax=0.32979      mean=0.0014989    sumsq=2.651950306        argmax=951
[dump]   top0 idx=951 val=0.32979
[dump]   top1 idx=192 val=0.23110
[dump]   top2 idx=728 val=0.19303
[dump]   top3 idx=508 val=0.16999
[dump]   top4 idx=993 val=0.15369
[dump] L21.fmix   n=2560    finite=1 absmax=3.3598       mean=0.038976     sumsq=1389.988843        argmax=65
[dump]   top0 idx=65 val=2.67891
[dump]   top1 idx=1466 val=2.55558
[dump]   top2 idx=1696 val=2.44722
[dump]   top3 idx=1918 val=2.44704
[dump]   top4 idx=524 val=2.25283
[dump] L21.mid    n=10      finite=1 absmax=0 mean=0 sumsq=0 ids: 255 25 346 118 418 379 313 369 57 131
[dump] L21.moe    n=2560    finite=1 absmax=0.046287     mean=-8.3913e-05  sumsq=0.4618109423       argmax=465
[dump]   top0 idx=465 val=0.04629
[dump]   top1 idx=856 val=0.04159
[dump]   top2 idx=2233 val=0.04050
[dump]   top3 idx=1377 val=0.04009
[dump]   top4 idx=1723 val=0.03829
[dump] L21.res    n=10240   finite=1 absmax=0.28495      mean=0.0012413    sumsq=17.26096781        argmax=9475
[dump]   top0 idx=9475 val=0.25250
[dump]   top1 idx=5848 val=0.23364
[dump]   top2 idx=3084 val=0.23309
[dump]   top3 idx=5125 val=0.21982
[dump]   top4 idx=7772 val=0.20219
[dump] L22.hcmix  n=2560    finite=1 absmax=4.2929       mean=0.032793     sumsq=791.0494962        argmax=5
[dump]   top0 idx=5 val=4.29294
[dump]   top1 idx=588 val=3.20318
[dump]   top2 idx=65 val=2.45159
[dump]   top3 idx=1716 val=2.43944
[dump]   top4 idx=524 val=2.35422
[dump] L22.att    n=2560    finite=1 absmax=0.66976      mean=0.00091721   sumsq=7.301631323        argmax=268
[dump]   top0 idx=268 val=0.66976
[dump]   top1 idx=2238 val=0.38035
[dump]   top2 idx=728 val=0.34847
[dump]   top3 idx=951 val=0.32286
[dump]   top4 idx=631 val=0.27690
[dump] L22.fmix   n=2560    finite=1 absmax=3.2478       mean=0.02735      sumsq=1014.25302         argmax=65
[dump]   top0 idx=65 val=2.35597
[dump]   top1 idx=67 val=2.11067
[dump]   top2 idx=1857 val=2.02535
[dump]   top3 idx=1466 val=2.01801
[dump]   top4 idx=631 val=1.96651
[dump] L22.mid    n=10      finite=1 absmax=0 mean=0 sumsq=0 ids: 279 301 504 50 364 205 454 460 287 135
[dump] L22.moe    n=2560    finite=1 absmax=0.068387     mean=4.9448e-05   sumsq=0.4986585838       argmax=1313
[dump]   top0 idx=1313 val=0.06839
[dump]   top1 idx=1273 val=0.05517
[dump]   top2 idx=227 val=0.05199
[dump]   top3 idx=1237 val=0.05019
[dump]   top4 idx=1634 val=0.04655
[dump] L22.res    n=10240   finite=1 absmax=0.31926      mean=0.0013438    sumsq=19.66202228        argmax=5848
[dump]   top0 idx=5848 val=0.31926
[dump]   top1 idx=6071 val=0.25967
[dump]   top2 idx=5125 val=0.25241
[dump]   top3 idx=7358 val=0.25072
[dump]   top4 idx=3084 val=0.23501
[dump] L23.hcmix  n=2560    finite=1 absmax=2.7028       mean=0.014413     sumsq=303.680027         argmax=5
[dump]   top0 idx=5 val=2.70277
[dump]   top1 idx=631 val=1.76927
[dump]   top2 idx=1741 val=1.57061
[dump]   top3 idx=524 val=1.52863
[dump]   top4 idx=1947 val=1.51129
[dump] L23.att    n=2560    finite=1 absmax=0.43151      mean=0.00117      sumsq=13.48886307        argmax=2517
[dump]   top0 idx=2517 val=0.32682
[dump]   top1 idx=784 val=0.31868
[dump]   top2 idx=1790 val=0.30215
[dump]   top3 idx=86 val=0.28638
[dump]   top4 idx=1135 val=0.27823
[dump] L23.fmix   n=2560    finite=1 absmax=2.6573       mean=0.023742     sumsq=1543.685224        argmax=1947
[dump]   top0 idx=1947 val=2.51897
[dump]   top1 idx=2215 val=2.51327
[dump]   top2 idx=1798 val=2.50808
[dump]   top3 idx=67 val=2.48758
[dump]   top4 idx=1466 val=2.44831
[dump] L23.mid    n=10      finite=1 absmax=0 mean=0 sumsq=0 ids: 356 128 480 355 45 342 334 107 77 354
[dump] L23.moe    n=2560    finite=1 absmax=0.081023     mean=0.00015314   sumsq=1.047192971        argmax=1301
[dump]   top0 idx=1301 val=0.08102
[dump]   top1 idx=1354 val=0.07369
[dump]   top2 idx=1525 val=0.06756
[dump]   top3 idx=2286 val=0.05822
[dump]   top4 idx=2139 val=0.05810
[dump] L23.res    n=10240   finite=1 absmax=0.36026      mean=0.0014586    sumsq=20.14957861        argmax=5848
[dump]   top0 idx=5848 val=0.31686
[dump]   top1 idx=6071 val=0.25631
[dump]   top2 idx=5125 val=0.25357
[dump]   top3 idx=7358 val=0.25308
[dump]   top4 idx=7772 val=0.24558
[dump] L24.hcmix  n=2560    finite=1 absmax=3.1411       mean=0.036014     sumsq=876.3703712        argmax=631
[dump]   top0 idx=631 val=3.14106
[dump]   top1 idx=1716 val=2.58483
[dump]   top2 idx=2097 val=2.57951
[dump]   top3 idx=1205 val=2.44050
[dump]   top4 idx=524 val=2.34773
[dump] L24.att    n=2560    finite=1 absmax=0.13081      mean=-0.00026847  sumsq=1.490897299        argmax=1586
[dump]   top0 idx=1586 val=0.10811
[dump]   top1 idx=895 val=0.10467
[dump]   top2 idx=92 val=0.09834
[dump]   top3 idx=799 val=0.09760
[dump]   top4 idx=36 val=0.08533
[dump] L24.fmix   n=2560    finite=1 absmax=2.699        mean=0.021975     sumsq=830.5845623        argmax=631
[dump]   top0 idx=631 val=2.69905
[dump]   top1 idx=25 val=1.98135
[dump]   top2 idx=1466 val=1.85308
[dump]   top3 idx=65 val=1.75758
[dump]   top4 idx=1798 val=1.75073
[dump] L24.mid    n=10      finite=1 absmax=0 mean=0 sumsq=0 ids: 263 134 175 354 360 11 181 439 458 46
[dump] L24.moe    n=2560    finite=1 absmax=0.040888     mean=0.0001928    sumsq=0.2815756256       argmax=288
[dump]   top0 idx=288 val=0.03870
[dump]   top1 idx=81 val=0.03729
[dump]   top2 idx=2504 val=0.03511
[dump]   top3 idx=1486 val=0.03466
[dump]   top4 idx=2180 val=0.03426
[dump] L24.res    n=10240   finite=1 absmax=0.35547      mean=0.001547     sumsq=22.29063347        argmax=5848
[dump]   top0 idx=5848 val=0.31679
[dump]   top1 idx=7772 val=0.28524
[dump]   top2 idx=9071 val=0.27062
[dump]   top3 idx=6071 val=0.25607
[dump]   top4 idx=5125 val=0.25360
[dump] L25.hcmix  n=2560    finite=1 absmax=2.7617       mean=0.017889     sumsq=825.4585018        argmax=2233
[dump]   top0 idx=2233 val=2.47114
[dump]   top1 idx=1716 val=2.20080
[dump]   top2 idx=359 val=2.08501
[dump]   top3 idx=524 val=1.92258
[dump]   top4 idx=1205 val=1.82779
[dump] L25.att    n=2560    finite=1 absmax=0.51862      mean=0.00037766   sumsq=7.391927272        argmax=951
[dump]   top0 idx=951 val=0.51862
[dump]   top1 idx=993 val=0.23603
[dump]   top2 idx=2238 val=0.21810
[dump]   top3 idx=914 val=0.21625
[dump]   top4 idx=1378 val=0.19791
[dump] L25.fmix   n=2560    finite=1 absmax=2.1491       mean=0.026803     sumsq=816.7781728        argmax=2141
[dump]   top0 idx=2141 val=2.14911
[dump]   top1 idx=25 val=1.81894
[dump]   top2 idx=1918 val=1.70793
[dump]   top3 idx=170 val=1.67821
[dump]   top4 idx=2261 val=1.65344
[dump] L25.mid    n=10      finite=1 absmax=0 mean=0 sumsq=0 ids: 376 346 68 264 506 142 427 430 45 73
[dump] L25.moe    n=2560    finite=1 absmax=0.037988     mean=8.6992e-05   sumsq=0.2430810027       argmax=402
[dump]   top0 idx=402 val=0.03799
[dump]   top1 idx=1780 val=0.03033
[dump]   top2 idx=394 val=0.02970
[dump]   top3 idx=236 val=0.02938
[dump]   top4 idx=255 val=0.02873
[dump] L25.res    n=10240   finite=1 absmax=0.35488      mean=0.0016621    sumsq=21.74370109        argmax=5848
[dump]   top0 idx=5848 val=0.31687
[dump]   top1 idx=7772 val=0.28929
[dump]   top2 idx=9071 val=0.26528
[dump]   top3 idx=6071 val=0.25647
[dump]   top4 idx=5125 val=0.25360
[dump] L26.hcmix  n=2560    finite=1 absmax=4.4067       mean=0.020723     sumsq=955.3280473        argmax=631
[dump]   top0 idx=631 val=2.89817
[dump]   top1 idx=524 val=2.32284
[dump]   top2 idx=359 val=2.18524
[dump]   top3 idx=2121 val=2.07931
[dump]   top4 idx=482 val=2.06045
[dump] L26.att    n=2560    finite=1 absmax=0.30777      mean=-0.00063143  sumsq=9.49109204         argmax=519
[dump]   top0 idx=519 val=0.30777
[dump]   top1 idx=2203 val=0.27326
[dump]   top2 idx=728 val=0.24857
[dump]   top3 idx=1883 val=0.20760
[dump]   top4 idx=177 val=0.20425
[dump] L26.fmix   n=2560    finite=1 absmax=1.8811       mean=0.020686     sumsq=737.8739082        argmax=746
[dump]   top0 idx=746 val=1.88106
[dump]   top1 idx=25 val=1.75646
[dump]   top2 idx=2233 val=1.64124
[dump]   top3 idx=849 val=1.63413
[dump]   top4 idx=1466 val=1.62106
[dump] L26.mid    n=10      finite=1 absmax=0 mean=0 sumsq=0 ids: 461 97 355 243 296 313 417 203 320 177
[dump] L26.moe    n=2560    finite=1 absmax=0.046022     mean=7.8975e-05   sumsq=0.4232051342       argmax=1500
[dump]   top0 idx=1500 val=0.04602
[dump]   top1 idx=2054 val=0.04306
[dump]   top2 idx=1084 val=0.04062
[dump]   top3 idx=1828 val=0.03973
[dump]   top4 idx=1965 val=0.03951
[dump] L26.res    n=10240   finite=1 absmax=0.334        mean=0.0016764    sumsq=23.51388569        argmax=5848
[dump]   top0 idx=5848 val=0.31699
[dump]   top1 idx=7772 val=0.29172
[dump]   top2 idx=6071 val=0.25651
[dump]   top3 idx=9071 val=0.25473
[dump]   top4 idx=5125 val=0.25361
[dump] L27.hcmix  n=2560    finite=1 absmax=2.3834       mean=0.014479     sumsq=370.627786         argmax=728
[dump]   top0 idx=728 val=2.38343
[dump]   top1 idx=951 val=2.38213
[dump]   top2 idx=5 val=2.22003
[dump]   top3 idx=2238 val=2.21281
[dump]   top4 idx=482 val=1.45016
[dump] L27.att    n=2560    finite=1 absmax=0.44027      mean=0.0024147    sumsq=14.84397435        argmax=714
[dump]   top0 idx=714 val=0.29486
[dump]   top1 idx=892 val=0.29457
[dump]   top2 idx=1341 val=0.26371
[dump]   top3 idx=2003 val=0.26315
[dump]   top4 idx=302 val=0.26219
[dump] L27.fmix   n=2560    finite=1 absmax=2.2695       mean=0.025662     sumsq=795.5331684        argmax=1500
[dump]   top0 idx=1500 val=2.26949
[dump]   top1 idx=1717 val=1.80765
[dump]   top2 idx=849 val=1.78837
[dump]   top3 idx=1780 val=1.68367
[dump]   top4 idx=746 val=1.64162
[dump] L27.mid    n=10      finite=1 absmax=0 mean=0 sumsq=0 ids: 98 430 323 508 166 58 151 261 108 120
[dump] L27.moe    n=2560    finite=1 absmax=0.035337     mean=0.00030602   sumsq=0.2060261859       argmax=960
[dump]   top0 idx=960 val=0.03379
[dump]   top1 idx=886 val=0.02944
[dump]   top2 idx=2196 val=0.02697
[dump]   top3 idx=1561 val=0.02568
[dump]   top4 idx=646 val=0.02543
[dump] L27.res    n=10240   finite=1 absmax=0.32583      mean=0.0021708    sumsq=23.88991759        argmax=5848
[dump]   top0 idx=5848 val=0.31699
[dump]   top1 idx=7772 val=0.28453
[dump]   top2 idx=9071 val=0.25678
[dump]   top3 idx=6071 val=0.25651
[dump]   top4 idx=5125 val=0.25361
[dump] L28.hcmix  n=2560    finite=1 absmax=3.044        mean=0.030347     sumsq=922.1954531        argmax=1500
[dump]   top0 idx=1500 val=3.04405
[dump]   top1 idx=1717 val=2.24830
[dump]   top2 idx=1290 val=2.14838
[dump]   top3 idx=1780 val=2.01417
[dump]   top4 idx=1716 val=2.00440
[dump] L28.att    n=2560    finite=1 absmax=0.21992      mean=-0.0025755   sumsq=7.343011388        argmax=736
[dump]   top0 idx=736 val=0.20193
[dump]   top1 idx=186 val=0.20057
[dump]   top2 idx=1480 val=0.19226
[dump]   top3 idx=917 val=0.17127
[dump]   top4 idx=1231 val=0.16402
[dump] L28.fmix   n=2560    finite=1 absmax=2.8498       mean=0.028912     sumsq=906.3799154        argmax=1500
[dump]   top0 idx=1500 val=2.84984
[dump]   top1 idx=631 val=2.09124
[dump]   top2 idx=2491 val=1.93746
[dump]   top3 idx=849 val=1.92007
[dump]   top4 idx=1905 val=1.91755
[dump] L28.mid    n=10      finite=1 absmax=0 mean=0 sumsq=0 ids: 52 219 421 469 43 21 229 63 297 392
[dump] L28.moe    n=2560    finite=1 absmax=0.048415     mean=-0.00023955  sumsq=0.2878898055       argmax=1942
[dump]   top0 idx=1942 val=0.04174
[dump]   top1 idx=1207 val=0.03546
[dump]   top2 idx=722 val=0.03505
[dump]   top3 idx=264 val=0.03395
[dump]   top4 idx=2442 val=0.03202
[dump] L28.res    n=10240   finite=1 absmax=0.31699      mean=0.0015718    sumsq=25.79627196        argmax=5848
[dump]   top0 idx=5848 val=0.31699
[dump]   top1 idx=7772 val=0.29109
[dump]   top2 idx=9071 val=0.28726
[dump]   top3 idx=8993 val=0.28018
[dump]   top4 idx=3084 val=0.26848
[dump] L29.hcmix  n=2560    finite=1 absmax=3.2504       mean=0.020722     sumsq=999.0130223        argmax=1500
[dump]   top0 idx=1500 val=3.25038
[dump]   top1 idx=524 val=2.62737
[dump]   top2 idx=1717 val=2.48574
[dump]   top3 idx=1313 val=1.97502
[dump]   top4 idx=1601 val=1.92891
[dump] L29.att    n=2560    finite=1 absmax=0.11763      mean=-0.00081412  sumsq=1.70692803         argmax=1736
[dump]   top0 idx=1736 val=0.11763
[dump]   top1 idx=1795 val=0.09982
[dump]   top2 idx=1882 val=0.09260
[dump]   top3 idx=1205 val=0.08945
[dump]   top4 idx=2521 val=0.08630
[dump] L29.fmix   n=2560    finite=1 absmax=2.2647       mean=0.012193     sumsq=937.3997143        argmax=1717
[dump]   top0 idx=1717 val=2.08245
[dump]   top1 idx=1500 val=2.03268
[dump]   top2 idx=1905 val=1.87688
[dump]   top3 idx=849 val=1.82875
[dump]   top4 idx=1780 val=1.71549
[dump] L29.mid    n=10      finite=1 absmax=0 mean=0 sumsq=0 ids: 387 273 265 93 259 290 342 330 118 148
[dump] L29.moe    n=2560    finite=1 absmax=0.049156     mean=-4.9399e-05  sumsq=0.3782929665       argmax=525
[dump]   top0 idx=525 val=0.04916
[dump]   top1 idx=2253 val=0.04152
[dump]   top2 idx=1955 val=0.03869
[dump]   top3 idx=1384 val=0.03624
[dump]   top4 idx=2535 val=0.03619
[dump] L29.res    n=10240   finite=1 absmax=0.31699      mean=0.0013385    sumsq=28.72427477        argmax=5848
[dump]   top0 idx=5848 val=0.31699
[dump]   top1 idx=3084 val=0.30739
[dump]   top2 idx=7772 val=0.29542
[dump]   top3 idx=9071 val=0.28318
[dump]   top4 idx=8993 val=0.28202
[dump] L30.hcmix  n=2560    finite=1 absmax=2.9818       mean=0.013096     sumsq=829.7960574        argmax=1500
[dump]   top0 idx=1500 val=2.98176
[dump]   top1 idx=983 val=2.21780
[dump]   top2 idx=524 val=2.09189
[dump]   top3 idx=1716 val=2.05040
[dump]   top4 idx=288 val=2.00751
[dump] L30.att    n=2560    finite=1 absmax=0.37058      mean=-0.0011201   sumsq=9.437653807        argmax=993
[dump]   top0 idx=993 val=0.37058
[dump]   top1 idx=2502 val=0.32462
[dump]   top2 idx=482 val=0.27677
[dump]   top3 idx=1134 val=0.20415
[dump]   top4 idx=2374 val=0.20237
[dump] L30.fmix   n=2560    finite=1 absmax=3.0583       mean=0.0074913    sumsq=1341.372491        argmax=1500
[dump]   top0 idx=1500 val=2.89457
[dump]   top1 idx=1914 val=2.28595
[dump]   top2 idx=477 val=2.27644
[dump]   top3 idx=1512 val=2.13911
[dump]   top4 idx=1905 val=2.13110
[dump] L30.mid    n=10      finite=1 absmax=0 mean=0 sumsq=0 ids: 506 86 398 151 11 335 181 280 14 409
[dump] L30.moe    n=2560    finite=1 absmax=0.05589      mean=0.00010165   sumsq=0.5970446354       argmax=2095
[dump]   top0 idx=2095 val=0.05589
[dump]   top1 idx=2022 val=0.04709
[dump]   top2 idx=835 val=0.04571
[dump]   top3 idx=2030 val=0.04492
[dump]   top4 idx=987 val=0.04241
[dump] L30.res    n=10240   finite=1 absmax=0.36404      mean=0.001246     sumsq=34.49818455        argmax=482
[dump]   top0 idx=482 val=0.36404
[dump]   top1 idx=5848 val=0.31687
[dump]   top2 idx=7772 val=0.29152
[dump]   top3 idx=8993 val=0.28579
[dump]   top4 idx=9071 val=0.28224
[dump] L31.hcmix  n=2560    finite=1 absmax=1.9105       mean=0.0041972    sumsq=282.0824622        argmax=728
[dump]   top0 idx=728 val=1.87690
[dump]   top1 idx=482 val=1.49475
[dump]   top2 idx=1500 val=1.33542
[dump]   top3 idx=2097 val=1.19258
[dump]   top4 idx=2238 val=1.18396
[dump] L31.att    n=2560    finite=1 absmax=0.23576      mean=-0.0024948   sumsq=10.29491854        argmax=1716
[dump]   top0 idx=1716 val=0.23576
[dump]   top1 idx=1359 val=0.23543
[dump]   top2 idx=1776 val=0.21014
[dump]   top3 idx=1205 val=0.20760
[dump]   top4 idx=2371 val=0.20257
[dump] L31.fmix   n=2560    finite=1 absmax=4.7599       mean=-0.0016421   sumsq=1972.499347        argmax=728
[dump]   top0 idx=728 val=4.75994
[dump]   top1 idx=98 val=3.57795
[dump]   top2 idx=2238 val=3.46874
[dump]   top3 idx=477 val=3.36371
[dump]   top4 idx=957 val=2.96188
[dump] L31.mid    n=10      finite=1 absmax=0 mean=0 sumsq=0 ids: 494 283 289 156 405 399 311 302 207 449
[dump] L31.moe    n=2560    finite=1 absmax=0.069211     mean=0.00041842   sumsq=0.8520528699       argmax=877
[dump]   top0 idx=877 val=0.06921
[dump]   top1 idx=1212 val=0.06559
[dump]   top2 idx=32 val=0.06161
[dump]   top3 idx=2438 val=0.05846
[dump]   top4 idx=1803 val=0.05299
[dump] L31.res    n=10240   finite=1 absmax=0.31723      mean=0.0011344    sumsq=32.66560662        argmax=5848
[dump]   top0 idx=5848 val=0.31691
[dump]   top1 idx=482 val=0.31138
[dump]   top2 idx=7772 val=0.29074
[dump]   top3 idx=8993 val=0.28556
[dump]   top4 idx=9071 val=0.28276
[dump] L32.hcmix  n=2560    finite=1 absmax=2.7565       mean=0.0071241    sumsq=922.6233496        argmax=1500
[dump]   top0 idx=1500 val=2.75645
[dump]   top1 idx=1313 val=2.60614
[dump]   top2 idx=1603 val=2.55199
[dump]   top3 idx=2335 val=2.20805
[dump]   top4 idx=681 val=2.05968
[dump] L32.att    n=2560    finite=1 absmax=0.21943      mean=-0.001139    sumsq=4.144185482        argmax=713
[dump]   top0 idx=713 val=0.21943
[dump]   top1 idx=1368 val=0.18444
[dump]   top2 idx=1134 val=0.14499
[dump]   top3 idx=1303 val=0.13176
[dump]   top4 idx=167 val=0.12905
[dump] L32.fmix   n=2560    finite=1 absmax=3.3811       mean=0.0020326    sumsq=1822.075615        argmax=2335
[dump]   top0 idx=2335 val=2.79599
[dump]   top1 idx=477 val=2.59142
[dump]   top2 idx=1828 val=2.54424
[dump]   top3 idx=98 val=2.51891
[dump]   top4 idx=113 val=2.40388
[dump] L32.mid    n=10      finite=1 absmax=0 mean=0 sumsq=0 ids: 228 243 263 429 58 142 454 272 377 278
[dump] L32.moe    n=2560    finite=1 absmax=0.077429     mean=-0.00029467  sumsq=1.082927705        argmax=2509
[dump]   top0 idx=2509 val=0.06083
[dump]   top1 idx=1258 val=0.06077
[dump]   top2 idx=475 val=0.06028
[dump]   top3 idx=2446 val=0.05782
[dump]   top4 idx=198 val=0.05751
[dump] L32.res    n=10240   finite=1 absmax=0.39636      mean=0.00082304   sumsq=36.43673235        argmax=482
[dump]   top0 idx=482 val=0.39636
[dump]   top1 idx=5848 val=0.31689
[dump]   top2 idx=7772 val=0.29144
[dump]   top3 idx=8993 val=0.28516
[dump]   top4 idx=9071 val=0.28254
[dump] L33.hcmix  n=2560    finite=1 absmax=2.5685       mean=0.0055931    sumsq=1011.516157        argmax=1313
[dump]   top0 idx=1313 val=2.56854
[dump]   top1 idx=1500 val=2.48682
[dump]   top2 idx=227 val=2.38932
[dump]   top3 idx=1716 val=2.28121
[dump]   top4 idx=2335 val=2.21900
[dump] L33.att    n=2560    finite=1 absmax=0.13105      mean=-0.0012825   sumsq=1.745545804        argmax=2393
[dump]   top0 idx=2393 val=0.13105
[dump]   top1 idx=634 val=0.09978
[dump]   top2 idx=192 val=0.09879
[dump]   top3 idx=1603 val=0.09311
[dump]   top4 idx=793 val=0.09200
[dump] L33.fmix   n=2560    finite=1 absmax=3.4729       mean=-0.006228    sumsq=1448.98905         argmax=1512
[dump]   top0 idx=1512 val=2.76407
[dump]   top1 idx=2335 val=2.55029
[dump]   top2 idx=1313 val=2.37838
[dump]   top3 idx=788 val=2.35133
[dump]   top4 idx=104 val=2.29956
[dump] L33.mid    n=10      finite=1 absmax=0 mean=0 sumsq=0 ids: 136 84 374 363 120 345 279 419 486 209
[dump] L33.moe    n=2560    finite=1 absmax=0.060762     mean=0.00019259   sumsq=0.5584087941       argmax=371
[dump]   top0 idx=371 val=0.05514
[dump]   top1 idx=1803 val=0.04948
[dump]   top2 idx=1602 val=0.04815
[dump]   top3 idx=399 val=0.04704
[dump]   top4 idx=860 val=0.04304
[dump] L33.res    n=10240   finite=1 absmax=0.48707      mean=0.00057905   sumsq=39.26789529        argmax=482
[dump]   top0 idx=482 val=0.48707
[dump]   top1 idx=508 val=0.33983
[dump]   top2 idx=5848 val=0.31685
[dump]   top3 idx=7772 val=0.29423
[dump]   top4 idx=2374 val=0.29306
[dump] L34.hcmix  n=2560    finite=1 absmax=2.5949       mean=0.012197     sumsq=981.8322728        argmax=1313
[dump]   top0 idx=1313 val=2.59485
[dump]   top1 idx=1205 val=2.43372
[dump]   top2 idx=482 val=2.30246
[dump]   top3 idx=1500 val=2.26574
[dump]   top4 idx=1716 val=2.22813
[dump] L34.att    n=2560    finite=1 absmax=0.22272      mean=-0.00079465  sumsq=3.651027358        argmax=482
[dump]   top0 idx=482 val=0.22272
[dump]   top1 idx=689 val=0.17212
[dump]   top2 idx=1882 val=0.16556
[dump]   top3 idx=624 val=0.14213
[dump]   top4 idx=1134 val=0.13237
[dump] L34.fmix   n=2560    finite=1 absmax=2.8575       mean=0.011197     sumsq=1261.603997        argmax=631
[dump]   top0 idx=631 val=2.85751
[dump]   top1 idx=1500 val=2.66565
[dump]   top2 idx=1313 val=2.65118
[dump]   top3 idx=65 val=2.39920
[dump]   top4 idx=2097 val=2.13750
[dump] L34.mid    n=10      finite=1 absmax=0 mean=0 sumsq=0 ids: 131 29 353 101 24 102 460 264 211 275
[dump] L34.moe    n=2560    finite=1 absmax=0.072576     mean=0.00049856   sumsq=0.8642676526       argmax=196
[dump]   top0 idx=196 val=0.07258
[dump]   top1 idx=1631 val=0.06107
[dump]   top2 idx=1709 val=0.05929
[dump]   top3 idx=43 val=0.05592
[dump]   top4 idx=2415 val=0.05517
[dump] L34.res    n=10240   finite=1 absmax=0.62733      mean=0.0008681    sumsq=46.78616128        argmax=482
[dump]   top0 idx=482 val=0.62733
[dump]   top1 idx=508 val=0.38936
[dump]   top2 idx=7772 val=0.33596
[dump]   top3 idx=5848 val=0.31684
[dump]   top4 idx=736 val=0.30820
[dump] L35.hcmix  n=2560    finite=1 absmax=2.3333       mean=0.012701     sumsq=469.2422118        argmax=482
[dump]   top0 idx=482 val=2.33333
[dump]   top1 idx=1741 val=2.24681
[dump]   top2 idx=951 val=1.63984
[dump]   top3 idx=991 val=1.54429
[dump]   top4 idx=1313 val=1.50314
[dump] L35.att    n=2560    finite=1 absmax=0.4053       mean=0.00050792   sumsq=10.60624548        argmax=1882
[dump]   top0 idx=1882 val=0.30880
[dump]   top1 idx=2091 val=0.23160
[dump]   top2 idx=1341 val=0.22280
[dump]   top3 idx=79 val=0.22037
[dump]   top4 idx=446 val=0.21148
[dump] L35.fmix   n=2560    finite=1 absmax=3.0698       mean=0.0096415    sumsq=1614.568706        argmax=410
[dump]   top0 idx=410 val=2.74714
[dump]   top1 idx=957 val=2.66061
[dump]   top2 idx=1313 val=2.42172
[dump]   top3 idx=2460 val=2.38436
[dump]   top4 idx=2261 val=2.32056
[dump] L35.mid    n=10      finite=1 absmax=0 mean=0 sumsq=0 ids: 472 161 31 375 291 121 277 315 56 490
[dump] L35.moe    n=2560    finite=1 absmax=0.070598     mean=0.00059794   sumsq=1.14437957         argmax=1229
[dump]   top0 idx=1229 val=0.07060
[dump]   top1 idx=755 val=0.06879
[dump]   top2 idx=2296 val=0.06686
[dump]   top3 idx=308 val=0.06643
[dump]   top4 idx=687 val=0.06521
[dump] L35.res    n=10240   finite=1 absmax=0.55061      mean=0.001586     sumsq=56.00896408        argmax=482
[dump]   top0 idx=482 val=0.55061
[dump]   top1 idx=508 val=0.36642
[dump]   top2 idx=723 val=0.34165
[dump]   top3 idx=2374 val=0.33331
[dump]   top4 idx=7772 val=0.32206
[dump] L36.hcmix  n=2560    finite=1 absmax=2.7704       mean=0.020544     sumsq=948.337511         argmax=1716
[dump]   top0 idx=1716 val=2.77039
[dump]   top1 idx=723 val=2.43740
[dump]   top2 idx=482 val=2.39953
[dump]   top3 idx=2238 val=2.39391
[dump]   top4 idx=1313 val=2.33496
[dump] L36.att    n=2560    finite=1 absmax=0.7332       mean=0.0015476    sumsq=36.14250561        argmax=1882
[dump]   top0 idx=1882 val=0.73320
[dump]   top1 idx=2374 val=0.67281
[dump]   top2 idx=1603 val=0.66472
[dump]   top3 idx=1864 val=0.60711
[dump]   top4 idx=689 val=0.59260
[dump] L36.fmix   n=2560    finite=1 absmax=4.9481       mean=0.025162     sumsq=2408.378797        argmax=2510
[dump]   top0 idx=2510 val=3.24349
[dump]   top1 idx=1905 val=3.20518
[dump]   top2 idx=1313 val=2.95945
[dump]   top3 idx=957 val=2.68160
[dump]   top4 idx=888 val=2.68057
[dump] L36.mid    n=10      finite=1 absmax=0 mean=0 sumsq=0 ids: 387 218 25 169 210 296 258 363 179 78
[dump] L36.moe    n=2560    finite=1 absmax=0.19595      mean=0.00026474   sumsq=4.195737321        argmax=1641
[dump]   top0 idx=1641 val=0.17179
[dump]   top1 idx=2128 val=0.14476
[dump]   top2 idx=1368 val=0.14146
[dump]   top3 idx=2028 val=0.12478
[dump]   top4 idx=2120 val=0.12184
[dump] L36.res    n=10240   finite=1 absmax=1.1485       mean=0.0020609    sumsq=121.0884781        argmax=482
[dump]   top0 idx=482 val=1.08953
[dump]   top1 idx=1603 val=0.91692
[dump]   top2 idx=2374 val=0.83182
[dump]   top3 idx=1882 val=0.80914
[dump]   top4 idx=2028 val=0.76020
[dump] L37.hcmix  n=2560    finite=1 absmax=2.5326       mean=0.027442     sumsq=915.7914028        argmax=1603
[dump]   top0 idx=1603 val=2.53262
[dump]   top1 idx=1132 val=2.44871
[dump]   top2 idx=1716 val=2.43430
[dump]   top3 idx=1313 val=2.35618
[dump]   top4 idx=1391 val=2.21540
[dump] L37.att    n=2560    finite=1 absmax=0.23232      mean=-0.00094716  sumsq=4.651277568        argmax=1882
[dump]   top0 idx=1882 val=0.23232
[dump]   top1 idx=713 val=0.22339
[dump]   top2 idx=1061 val=0.22258
[dump]   top3 idx=892 val=0.17196
[dump]   top4 idx=1924 val=0.16972
[dump] L37.fmix   n=2560    finite=1 absmax=4.4286       mean=0.035552     sumsq=2469.384           argmax=1313
[dump]   top0 idx=1313 val=3.30156
[dump]   top1 idx=957 val=3.15411
[dump]   top2 idx=308 val=3.11323
[dump]   top3 idx=2510 val=3.05961
[dump]   top4 idx=1905 val=2.85036
[dump] L37.mid    n=10      finite=1 absmax=0 mean=0 sumsq=0 ids: 306 313 19 255 369 57 200 118 494 469
[dump] L37.moe    n=2560    finite=1 absmax=0.10895      mean=0.00067284   sumsq=2.841414571        argmax=165
[dump]   top0 idx=165 val=0.10811
[dump]   top1 idx=2263 val=0.10334
[dump]   top2 idx=1601 val=0.10117
[dump]   top3 idx=205 val=0.09903
[dump]   top4 idx=882 val=0.09693
[dump] L37.res    n=10240   finite=1 absmax=1.1187       mean=0.0023236    sumsq=138.5399921        argmax=482
[dump]   top0 idx=482 val=1.09506
[dump]   top1 idx=1603 val=0.90556
[dump]   top2 idx=2374 val=0.81111
[dump]   top3 idx=687 val=0.80102
[dump]   top4 idx=2028 val=0.77349
[dump] L38.hcmix  n=2560    finite=1 absmax=4.1718       mean=0.030068     sumsq=831.8405708        argmax=5
[dump]   top0 idx=5 val=4.17176
[dump]   top1 idx=1919 val=2.95145
[dump]   top2 idx=1603 val=2.50586
[dump]   top3 idx=1500 val=2.47476
[dump]   top4 idx=1313 val=2.42722
[dump] L38.att    n=2560    finite=1 absmax=0.45202      mean=-0.00037067  sumsq=8.710753413        argmax=913
[dump]   top0 idx=913 val=0.28203
[dump]   top1 idx=36 val=0.28037
[dump]   top2 idx=308 val=0.26028
[dump]   top3 idx=2324 val=0.23972
[dump]   top4 idx=1959 val=0.23323
[dump] L38.fmix   n=2560    finite=1 absmax=4.8691       mean=0.035816     sumsq=2359.218759        argmax=1694
[dump]   top0 idx=1694 val=3.12134
[dump]   top1 idx=1967 val=2.85151
[dump]   top2 idx=2261 val=2.84196
[dump]   top3 idx=205 val=2.73629
[dump]   top4 idx=1391 val=2.70351
[dump] L38.mid    n=10      finite=1 absmax=0 mean=0 sumsq=0 ids: 279 301 504 206 460 50 486 135 7 446
[dump] L38.moe    n=2560    finite=1 absmax=0.12431      mean=-0.00059053  sumsq=2.878266458        argmax=2422
[dump]   top0 idx=2422 val=0.12431
[dump]   top1 idx=603 val=0.11590
[dump]   top2 idx=2195 val=0.10294
[dump]   top3 idx=1983 val=0.09550
[dump]   top4 idx=1220 val=0.09510
[dump] L38.res    n=10240   finite=1 absmax=1.1301       mean=0.0017598    sumsq=152.8660584        argmax=482
[dump]   top0 idx=482 val=1.11097
[dump]   top1 idx=1603 val=0.92245
[dump]   top2 idx=2374 val=0.81869
[dump]   top3 idx=687 val=0.79407
[dump]   top4 idx=308 val=0.78264
[dump] L39.hcmix  n=2560    finite=1 absmax=2.8938       mean=0.010895     sumsq=426.1856506        argmax=5
[dump]   top0 idx=5 val=2.89385
[dump]   top1 idx=1603 val=1.88356
[dump]   top2 idx=1967 val=1.60252
[dump]   top3 idx=482 val=1.55013
[dump]   top4 idx=65 val=1.52978
[dump] L39.att    n=2560    finite=1 absmax=0.32833      mean=0.00035053   sumsq=11.41191123        argmax=1882
[dump]   top0 idx=1882 val=0.32833
[dump]   top1 idx=2018 val=0.29038
[dump]   top2 idx=2307 val=0.28606
[dump]   top3 idx=1737 val=0.27498
[dump]   top4 idx=799 val=0.26839
[dump] L39.fmix   n=2560    finite=1 absmax=5.7295       mean=0.023079     sumsq=2574.916198        argmax=67
[dump]   top0 idx=67 val=5.72948
[dump]   top1 idx=579 val=4.03538
[dump]   top2 idx=308 val=3.68716
[dump]   top3 idx=2209 val=3.56555
[dump]   top4 idx=400 val=3.43737
[dump] L39.mid    n=10      finite=1 absmax=0 mean=0 sumsq=0 ids: 356 60 128 77 32 480 177 496 42 477
[dump] L39.moe    n=2560    finite=1 absmax=0.27042      mean=-0.0005098   sumsq=10.36618462        argmax=2356
[dump]   top0 idx=2356 val=0.22687
[dump]   top1 idx=1368 val=0.22124
[dump]   top2 idx=1030 val=0.20636
[dump]   top3 idx=1283 val=0.19980
[dump]   top4 idx=1734 val=0.18761
[dump] L39.res    n=10240   finite=1 absmax=1.4988       mean=0.001569     sumsq=219.6873864        argmax=1882
[dump]   top0 idx=1882 val=1.49882
[dump]   top1 idx=482 val=1.08919
[dump]   top2 idx=1368 val=1.03073
[dump]   top3 idx=1603 val=1.02918
[dump]   top4 idx=2374 val=0.97236
[dump] L40.hcmix  n=2560    finite=1 absmax=3.5007       mean=0.029392     sumsq=1783.541649        argmax=1716
[dump]   top0 idx=1716 val=3.50074
[dump]   top1 idx=1603 val=3.40468
[dump]   top2 idx=2412 val=3.21637
[dump]   top3 idx=1967 val=3.09197
[dump]   top4 idx=1313 val=2.95411
[dump] L40.att    n=2560    finite=1 absmax=0.52373      mean=0.0037174    sumsq=10.68774772        argmax=1061
[dump]   top0 idx=1061 val=0.52373
[dump]   top1 idx=1116 val=0.26666
[dump]   top2 idx=482 val=0.26123
[dump]   top3 idx=138 val=0.24436
[dump]   top4 idx=1882 val=0.23033
[dump] L40.fmix   n=2560    finite=1 absmax=6.5328       mean=0.023542     sumsq=2975.214982        argmax=67
[dump]   top0 idx=67 val=6.53281
[dump]   top1 idx=579 val=4.78567
[dump]   top2 idx=2238 val=4.39142
[dump]   top3 idx=308 val=3.56696
[dump]   top4 idx=1844 val=3.56203
[dump] L40.mid    n=10      finite=1 absmax=0 mean=0 sumsq=0 ids: 232 280 335 172 138 398 22 178 220 208
[dump] L40.moe    n=2560    finite=1 absmax=0.1113       mean=0.00045322   sumsq=2.399611998        argmax=944
[dump]   top0 idx=944 val=0.11130
[dump]   top1 idx=732 val=0.09583
[dump]   top2 idx=2443 val=0.09295
[dump]   top3 idx=700 val=0.08659
[dump]   top4 idx=2211 val=0.08489
[dump] L40.res    n=10240   finite=1 absmax=1.6094       mean=0.0027484    sumsq=243.4636017        argmax=1882
[dump]   top0 idx=1882 val=1.60936
[dump]   top1 idx=482 val=1.15926
[dump]   top2 idx=1368 val=1.08472
[dump]   top3 idx=308 val=1.00500
[dump]   top4 idx=2190 val=0.96247
[dump] L41.hcmix  n=2560    finite=1 absmax=3.1039       mean=0.034991     sumsq=1312.82657         argmax=1717
[dump]   top0 idx=1717 val=3.10393
[dump]   top1 idx=2412 val=2.82804
[dump]   top2 idx=631 val=2.72635
[dump]   top3 idx=2078 val=2.66557
[dump]   top4 idx=1693 val=2.57996
[dump] L41.att    n=2560    finite=1 absmax=0.53827      mean=0.00075026   sumsq=9.168267487        argmax=1882
[dump]   top0 idx=1882 val=0.53827
[dump]   top1 idx=2234 val=0.23168
[dump]   top2 idx=562 val=0.22603
[dump]   top3 idx=840 val=0.22054
[dump]   top4 idx=1883 val=0.21564
[dump] L41.fmix   n=2560    finite=1 absmax=5.8971       mean=0.031211     sumsq=2900.546594        argmax=67
[dump]   top0 idx=67 val=5.89705
[dump]   top1 idx=579 val=4.13013
[dump]   top2 idx=2190 val=3.75767
[dump]   top3 idx=1693 val=3.72174
[dump]   top4 idx=1756 val=3.62968
[dump] L41.mid    n=10      finite=1 absmax=0 mean=0 sumsq=0 ids: 59 240 105 450 149 433 132 118 205 75
[dump] L41.moe    n=2560    finite=1 absmax=0.087733     mean=0.00022454   sumsq=1.709448127        argmax=1070
[dump]   top0 idx=1070 val=0.08003
[dump]   top1 idx=1005 val=0.07905
[dump]   top2 idx=1603 val=0.07785
[dump]   top3 idx=963 val=0.07293
[dump]   top4 idx=2481 val=0.07191
[dump] L41.res    n=10240   finite=1 absmax=1.8571       mean=0.0031005    sumsq=254.1472652        argmax=1882
[dump]   top0 idx=1882 val=1.85708
[dump]   top1 idx=482 val=1.14184
[dump]   top2 idx=1368 val=1.08991
[dump]   top3 idx=308 val=1.03928
[dump]   top4 idx=1603 val=1.01593
[dump] L42.hcmix  n=2560    finite=1 absmax=3.2522       mean=0.030606     sumsq=1334.552496        argmax=2412
[dump]   top0 idx=2412 val=2.96730
[dump]   top1 idx=308 val=2.84608
[dump]   top2 idx=2078 val=2.60474
[dump]   top3 idx=1717 val=2.59180
[dump]   top4 idx=1882 val=2.48719
[dump] L42.att    n=2560    finite=1 absmax=0.33249      mean=-0.00073957  sumsq=6.030586912        argmax=1039
[dump]   top0 idx=1039 val=0.24779
[dump]   top1 idx=482 val=0.24019
[dump]   top2 idx=36 val=0.23765
[dump]   top3 idx=722 val=0.21235
[dump]   top4 idx=517 val=0.19167
[dump] L42.fmix   n=2560    finite=1 absmax=4.9685       mean=0.033323     sumsq=3341.169973        argmax=579
[dump]   top0 idx=579 val=4.45562
[dump]   top1 idx=1693 val=4.29664
[dump]   top2 idx=67 val=4.09714
[dump]   top3 idx=308 val=3.96627
[dump]   top4 idx=2412 val=3.76590
[dump] L42.mid    n=10      finite=1 absmax=0 mean=0 sumsq=0 ids: 341 3 212 310 151 391 140 337 195 509
[dump] L42.moe    n=2560    finite=1 absmax=0.13613      mean=-1.1293e-05  sumsq=3.026231521        argmax=1502
[dump]   top0 idx=1502 val=0.12354
[dump]   top1 idx=1594 val=0.12203
[dump]   top2 idx=644 val=0.10736
[dump]   top3 idx=651 val=0.10348
[dump]   top4 idx=1389 val=0.09647
[dump] L42.res    n=10240   finite=1 absmax=1.9406       mean=0.0027329    sumsq=293.0613665        argmax=1882
[dump]   top0 idx=1882 val=1.94060
[dump]   top1 idx=482 val=1.43777
[dump]   top2 idx=1368 val=1.23187
[dump]   top3 idx=1039 val=1.18772
[dump]   top4 idx=1603 val=1.02754
[dump] L43.hcmix  n=2560    finite=1 absmax=2.3256       mean=0.0092619    sumsq=145.7271243        argmax=882
[dump]   top0 idx=882 val=2.32561
[dump]   top1 idx=5 val=1.99950
[dump]   top2 idx=2078 val=1.93644
[dump]   top3 idx=36 val=1.59816
[dump]   top4 idx=579 val=1.44614
[dump] L43.att    n=2560    finite=1 absmax=0.54198      mean=0.0020466    sumsq=9.370831522        argmax=417
[dump]   top0 idx=417 val=0.54198
[dump]   top1 idx=67 val=0.49032
[dump]   top2 idx=1959 val=0.36008
[dump]   top3 idx=1391 val=0.35105
[dump]   top4 idx=1844 val=0.30598
[dump] L43.fmix   n=2560    finite=1 absmax=6.1217       mean=0.026762     sumsq=2534.839106        argmax=67
[dump]   top0 idx=67 val=6.12172
[dump]   top1 idx=2239 val=3.85921
[dump]   top2 idx=1844 val=3.85019
[dump]   top3 idx=579 val=3.33038
[dump]   top4 idx=1633 val=3.23661
[dump] L43.mid    n=10      finite=1 absmax=0 mean=0 sumsq=0 ids: 300 86 324 462 293 483 499 64 180 98
[dump] L43.moe    n=2560    finite=1 absmax=0.19721      mean=-0.00044917  sumsq=6.112777891        argmax=1882
[dump]   top0 idx=1882 val=0.19545
[dump]   top1 idx=944 val=0.18725
[dump]   top2 idx=200 val=0.15871
[dump]   top3 idx=2301 val=0.14376
[dump]   top4 idx=1676 val=0.14173
[dump] L43.res    n=10240   finite=1 absmax=2.3043       mean=0.0029711    sumsq=345.5873425        argmax=1882
[dump]   top0 idx=1882 val=2.30429
[dump]   top1 idx=482 val=1.29216
[dump]   top2 idx=1368 val=1.18405
[dump]   top3 idx=1603 val=1.10972
[dump]   top4 idx=2374 val=1.06873
[dump] L44.hcmix  n=2560    finite=1 absmax=4.446        mean=0.017986     sumsq=781.9827691        argmax=1633
[dump]   top0 idx=1633 val=4.44601
[dump]   top1 idx=482 val=3.89148
[dump]   top2 idx=1717 val=3.15492
[dump]   top3 idx=138 val=2.80807
[dump]   top4 idx=1882 val=2.66506
[dump] L44.att    n=2560    finite=1 absmax=2.0494       mean=-0.0017052   sumsq=64.40130429        argmax=1238
[dump]   top0 idx=1238 val=0.76956
[dump]   top1 idx=634 val=0.68127
[dump]   top2 idx=1882 val=0.55264
[dump]   top3 idx=181 val=0.49794
[dump]   top4 idx=1603 val=0.48306
[dump] L44.fmix   n=2560    finite=1 absmax=6.4706       mean=0.028196     sumsq=3005.613619        argmax=67
[dump]   top0 idx=67 val=6.47062
[dump]   top1 idx=1633 val=5.20896
[dump]   top2 idx=1844 val=4.92972
[dump]   top3 idx=417 val=4.57387
[dump]   top4 idx=944 val=4.43832
[dump] L44.mid    n=10      finite=1 absmax=0 mean=0 sumsq=0 ids: 87 287 61 75 119 192 190 172 301 401
[dump] L44.moe    n=2560    finite=1 absmax=0.10794      mean=4.931e-05    sumsq=1.958349603        argmax=728
[dump]   top0 idx=728 val=0.10794
[dump]   top1 idx=1125 val=0.08206
[dump]   top2 idx=206 val=0.08163
[dump]   top3 idx=1238 val=0.08059
[dump]   top4 idx=659 val=0.07976
[dump] L44.res    n=10240   finite=1 absmax=2.9681       mean=0.0024783    sumsq=543.196699         argmax=1882
[dump]   top0 idx=1882 val=2.96806
[dump]   top1 idx=1603 val=1.64247
[dump]   top2 idx=1368 val=1.57250
[dump]   top3 idx=482 val=1.44307
[dump]   top4 idx=308 val=1.31513
[dump] L45.hcmix  n=2560    finite=1 absmax=7.949        mean=0.027486     sumsq=1264.676849        argmax=631
[dump]   top0 idx=631 val=4.65722
[dump]   top1 idx=882 val=3.15440
[dump]   top2 idx=2412 val=2.83028
[dump]   top3 idx=1633 val=2.54880
[dump]   top4 idx=944 val=2.50892
[dump] L45.att    n=2560    finite=1 absmax=1.8782       mean=0.0050841    sumsq=154.0855197        argmax=631
[dump]   top0 idx=631 val=1.47477
[dump]   top1 idx=1810 val=1.31732
[dump]   top2 idx=1882 val=1.29854
[dump]   top3 idx=1202 val=1.21075
[dump]   top4 idx=1589 val=1.06536
[dump] L45.fmix   n=2560    finite=1 absmax=7.2641       mean=0.029573     sumsq=2918.218057        argmax=67
[dump]   top0 idx=67 val=6.82746
[dump]   top1 idx=1633 val=5.50166
[dump]   top2 idx=417 val=4.95336
[dump]   top3 idx=1844 val=4.65687
[dump]   top4 idx=944 val=4.30988
[dump] L45.mid    n=10      finite=1 absmax=0 mean=0 sumsq=0 ids: 237 66 343 339 303 443 280 85 156 103
[dump] L45.moe    n=2560    finite=1 absmax=0.11857      mean=-0.00054694  sumsq=2.432352559        argmax=331
[dump]   top0 idx=331 val=0.11857
[dump]   top1 idx=1410 val=0.10671
[dump]   top2 idx=2536 val=0.10340
[dump]   top3 idx=1238 val=0.08704
[dump]   top4 idx=190 val=0.08674
[dump] L45.res    n=10240   finite=1 absmax=3.6499       mean=0.0038256    sumsq=829.2629407        argmax=1882
[dump]   top0 idx=1882 val=3.64988
[dump]   top1 idx=1368 val=1.85010
[dump]   top2 idx=4442 val=1.83474
[dump]   top3 idx=1603 val=1.71516
[dump]   top4 idx=3762 val=1.70954
[dump] L46.hcmix  n=2560    finite=1 absmax=5.5486       mean=0.022051     sumsq=1732.777074        argmax=1810
[dump]   top0 idx=1810 val=4.80735
[dump]   top1 idx=1633 val=4.75791
[dump]   top2 idx=1882 val=4.40922
[dump]   top3 idx=634 val=3.35967
[dump]   top4 idx=631 val=3.33205
[dump] L46.att    n=2560    finite=1 absmax=5.1619       mean=0.00086768   sumsq=229.9903217        argmax=181
[dump]   top0 idx=181 val=2.92527
[dump]   top1 idx=951 val=2.43635
[dump]   top2 idx=634 val=1.74200
[dump]   top3 idx=2502 val=1.68103
[dump]   top4 idx=2442 val=1.54536
[dump] L46.fmix   n=2560    finite=1 absmax=5.724        mean=0.01926      sumsq=2768.124543        argmax=67
[dump]   top0 idx=67 val=5.72399
[dump]   top1 idx=1633 val=4.41954
[dump]   top2 idx=944 val=4.34299
[dump]   top3 idx=1844 val=4.28245
[dump]   top4 idx=417 val=4.20367
[dump] L46.mid    n=10      finite=1 absmax=0 mean=0 sumsq=0 ids: 25 505 56 115 60 463 264 123 258 281
[dump] L46.moe    n=2560    finite=1 absmax=0.18835      mean=0.00061605   sumsq=5.058894311        argmax=723
[dump]   top0 idx=723 val=0.16553
[dump]   top1 idx=19 val=0.16078
[dump]   top2 idx=1872 val=0.15905
[dump]   top3 idx=1272 val=0.14802
[dump]   top4 idx=63 val=0.13978
[dump] L46.res    n=10240   finite=1 absmax=5.184        mean=0.0051338    sumsq=1064.993507        argmax=1882
[dump]   top0 idx=1882 val=3.47045
[dump]   top1 idx=2741 val=2.86582
[dump]   top2 idx=3194 val=2.23933
[dump]   top3 idx=4370 val=2.12141
[dump]   top4 idx=1603 val=1.86022
[dump] L47.hcmix  n=2560    finite=1 absmax=4.3797       mean=0.010298     sumsq=776.5794279        argmax=2183
[dump]   top0 idx=2183 val=2.40949
[dump]   top1 idx=482 val=2.23242
[dump]   top2 idx=944 val=2.06753
[dump]   top3 idx=2348 val=2.00886
[dump]   top4 idx=1967 val=1.97207
[dump] L47.att    n=2560    finite=1 absmax=1.2257       mean=-0.0040526   sumsq=45.7109412         argmax=1027
[dump]   top0 idx=1027 val=1.22573
[dump]   top1 idx=722 val=0.73318
[dump]   top2 idx=579 val=0.71097
[dump]   top3 idx=36 val=0.67787
[dump]   top4 idx=1395 val=0.63424
[dump] L47.fmix   n=2560    finite=1 absmax=5.1312       mean=0.015605     sumsq=2751.135926        argmax=67
[dump]   top0 idx=67 val=5.13120
[dump]   top1 idx=417 val=4.48154
[dump]   top2 idx=944 val=4.34854
[dump]   top3 idx=1882 val=4.23632
[dump]   top4 idx=1844 val=3.88201
[dump] L47.mid    n=10      finite=1 absmax=0 mean=0 sumsq=0 ids: 481 186 286 354 352 316 206 196 100 367
[dump] L47.moe    n=2560    finite=1 absmax=0.97945      mean=-0.00057096  sumsq=18.41779663        argmax=181
[dump]   top0 idx=181 val=0.80259
[dump]   top1 idx=951 val=0.39467
[dump]   top2 idx=634 val=0.39245
[dump]   top3 idx=2356 val=0.29894
[dump]   top4 idx=19 val=0.28973
[dump] L47.res    n=10240   finite=1 absmax=6.5743       mean=0.0029378    sumsq=1329.938328        argmax=2741
[dump]   top0 idx=2741 val=4.38915
[dump]   top1 idx=1882 val=3.64978
[dump]   top2 idx=181 val=3.18758
[dump]   top3 idx=3194 val=2.63232
[dump]   top4 idx=4370 val=2.15558
[batch-probe] N=1-single-path=PASS
[batch-probe] phase=identical N=4 ctx=32768 prefill=16
[batch-probe] phase=identical step=0 slot=0 max_abs_delta=3.32488847 solo=1682 batch=13868 top2_margin=0.160645485 gate=pass
[batch-probe] phase=identical step=0 slot=1 max_abs_delta=3.32488847 solo=1682 batch=13868 top2_margin=0.160645485 gate=pass
[batch-probe] phase=identical step=0 slot=2 max_abs_delta=3.32488847 solo=1682 batch=13868 top2_margin=0.160645485 gate=pass
[batch-probe] phase=identical step=0 slot=3 max_abs_delta=3.32488847 solo=1682 batch=13868 top2_margin=0.160645485 gate=pass
[batch-probe] phase=identical step=0 epsilon_max=3.32488847
