[smoke] load 14.54s layers=48 vocab=248320 shard2=yes
[smoke] prefill OK 0.623s T=16 argmax=271
[smoke] decode OK 0.083s pos=16 argmax=248044
[smoke] PASS
ggml_cuda_init: found 1 ROCm devices (Total VRAM: 98304 MiB):
  Device 0: Radeon 8060S Graphics, gfx1151 (0x1151), VMM: no, Wave Size: 32, VRAM: 98304 MiB
[qwen4exp] qwen4exp trunk loaded: 48 layers (36 linear + 12 full), 1222 tensors 43.54 GiB from 2 shard(s), experts=10/512 hc=4/320 ple_layers=1 ngram=3 heads_per_ngram=8 table_rows=320001536 eos=248046
[qwen4exp] cache: integrated GPU detected, graph inputs will be ring-buffered in pinned host memory (DFLASH_HIP_NO_UMA_RING=1 to disable)
[qwen4exp] cache: 12 full + 36 linear layers, kv=f16 0.47 MiB @ ctx=20, ssm_state 108.0 MiB, conv_state 4.2 MiB
[dump] L00.inp    n=40960   finite=1 absmax=0.056596     mean=0.00025449   sumsq=3.502573784        argmax=12844
[dump]   top0 idx=12844 val=0.05660
[dump]   top1 idx=28717 val=0.04598
[dump]   top2 idx=18344 val=0.04551
[dump]   top3 idx=31664 val=0.04182
[dump]   top4 idx=15917 val=0.04038
[dump] L00.emb    n=163840  finite=1 absmax=0.056596     mean=0.00025449   sumsq=14.01029514        argmax=51244
[dump]   top0 idx=51244 val=0.05660
[dump]   top1 idx=53804 val=0.05660
[dump]   top2 idx=56364 val=0.05660
[dump]   top3 idx=58924 val=0.05660
[dump]   top4 idx=113197 val=0.04598
[dump] L00.hcmix  n=40960   finite=1 absmax=11.393       mean=0.029658     sumsq=31918.94792        argmax=37477
[dump]   top0 idx=37477 val=8.05226
[dump]   top1 idx=28717 val=7.87577
[dump]   top2 idx=34917 val=7.74603
[dump]   top3 idx=37232 val=7.30693
[dump]   top4 idx=40037 val=7.18274
[dump] L00.conv   n=163840  finite=1 absmax=5.4517       mean=0.015798     sumsq=6475.736391        argmax=153906
[dump]   top0 idx=153906 val=5.45175
[dump]   top1 idx=143666 val=5.43369
[dump]   top2 idx=87804 val=5.42515
[dump]   top3 idx=108284 val=5.40703
[dump]   top4 idx=98044 val=5.37285
[dump] L00.gnorm  n=98304   finite=1 absmax=1.2604       mean=-0.0016664   sumsq=520.3420102        argmax=5769
[dump]   top0 idx=5769 val=1.14361
[dump]   top1 idx=95785 val=0.92061
[dump]   top2 idx=20812 val=0.89572
[dump]   top3 idx=64008 val=0.84492
[dump]   top4 idx=89154 val=0.82681
[dump] L00.lin    n=40960   finite=1 absmax=1.0598       mean=0.000377     sumsq=426.1324698        argmax=2565
[dump]   top0 idx=2565 val=1.05977
[dump]   top1 idx=5 val=0.97887
[dump]   top2 idx=5125 val=0.92397
[dump]   top3 idx=12805 val=0.88756
[dump]   top4 idx=38405 val=0.85048
[dump] L00.att    n=40960   finite=1 absmax=1.0598       mean=0.000377     sumsq=426.1324698        argmax=2565
[dump]   top0 idx=2565 val=1.05977
[dump]   top1 idx=5 val=0.97887
[dump]   top2 idx=5125 val=0.92397
[dump]   top3 idx=12805 val=0.88756
[dump]   top4 idx=38405 val=0.85048
[dump] L00.fmix   n=40960   finite=1 absmax=2.8776       mean=0.003756     sumsq=7426.399229        argmax=268
[dump]   top0 idx=268 val=2.31265
[dump]   top1 idx=231 val=2.28335
[dump]   top2 idx=22265 val=2.27492
[dump]   top3 idx=34347 val=2.25169
[dump]   top4 idx=23836 val=2.11663
[dump] L00.mlogit n=8192    finite=1 absmax=11.771       mean=-6.5028      sumsq=354526.2996        argmax=3025
[dump]   top0 idx=3025 val=-2.31150
[dump]   top1 idx=2688 val=-2.34783
[dump]   top2 idx=4746 val=-2.38514
[dump]   top3 idx=1709 val=-2.56952
[dump]   top4 idx=215 val=-2.64161
[dump] L00.mprob  n=8192    finite=1 absmax=0.065825     mean=0.0019531    sumsq=0.1157626917       argmax=4746
[dump]   top0 idx=4746 val=0.06582
[dump]   top1 idx=3025 val=0.06517
[dump]   top2 idx=2688 val=0.06285
[dump]   top3 idx=1709 val=0.05847
[dump]   top4 idx=6882 val=0.05394
[dump] L00.mid    n=160     finite=1 absmax=0 mean=0 sumsq=0 ids: 215 372 109 371 453 28 90 205 335 342 459 95 348 327 403 352 394 432 237 119 24 164 270 350 368 7 418 54 501 317 173 15 386 492 253 503 68 291 222 37 479 175 10 322 66 501 376 7 64 65 465 128 108 496 494 206 442 74 35 504 118 481 174 89 253 222 103 2 113 197 232 99 39 291 132 187 346 27 53 342 468 174 367 377 500 15 505 339 399 37 138 147 367 432 174 37 15 500 119 352 226 9 270 425 176 247 290 198 136 102 507 30 462 24 368 221 54 229 441 222 49 221 73 129 11 113 117 382 106 237 226 40 490 146 344 488 374 397 82 483 56 288 201 226 135 124 96 405 34 310 226 487 490 146 51 469 344 365 284 357
[dump] L00.rlogit n=8192    finite=1 absmax=11.771       mean=-6.5028      sumsq=354526.2996        argmax=3025
[dump]   top0 idx=3025 val=-2.31150
[dump]   top1 idx=2688 val=-2.34783
[dump]   top2 idx=4746 val=-2.38514
[dump]   top3 idx=1709 val=-2.56952
[dump]   top4 idx=215 val=-2.64161
[dump] L00.mwt    n=160     finite=1 absmax=0.32379      mean=0.1          sumsq=2.058969403        argmax=90
[dump] L00.mgate  n=102400  finite=1 absmax=3.1399       mean=-0.19495     sumsq=15063.38634        argmax=52100
[dump]   top0 idx=52100 val=3.13995
[dump]   top1 idx=32255 val=2.88146
[dump]   top2 idx=84244 val=2.80297
[dump]   top3 idx=26346 val=2.77618
[dump]   top4 idx=21431 val=2.73247
[dump] L00.mup    n=102400  finite=1 absmax=2.7456       mean=-0.0010624   sumsq=8410.008481        argmax=52100
[dump]   top0 idx=52100 val=2.74561
[dump]   top1 idx=77376 val=2.51088
[dump]   top2 idx=32255 val=2.39696
[dump]   top3 idx=6628 val=2.05134
[dump]   top4 idx=242 val=1.93590
[dump] L00.mgu    n=102400  finite=1 absmax=8.2634       mean=-5.6794e-05  sumsq=765.9518218        argmax=52100
[dump]   top0 idx=52100 val=8.26338
[dump]   top1 idx=32255 val=6.54015
[dump]   top2 idx=77376 val=5.52132
[dump]   top3 idx=6628 val=4.99068
[dump]   top4 idx=21431 val=3.90579
[dump] L00.mdown  n=409600  finite=1 absmax=0.70679      mean=-6.0867e-05  sumsq=351.3797585        argmax=143628
[dump]   top0 idx=143628 val=0.70679
[dump]   top1 idx=129445 val=0.53252
[dump]   top2 idx=208823 val=0.48837
[dump]   top3 idx=112495 val=0.45164
[dump]   top4 idx=207583 val=0.43845
[dump] L00.msh    n=40960   finite=1 absmax=0.32535      mean=0.00049862   sumsq=21.24033202        argmax=1682
[dump]   top0 idx=1682 val=0.31315
[dump]   top1 idx=9362 val=0.22869
[dump]   top2 idx=5 val=0.22845
[dump]   top3 idx=579 val=0.22401
[dump]   top4 idx=24722 val=0.21839
[dump] L00.mout   n=40960   finite=1 absmax=0.37374      mean=0.0004326    sumsq=38.68993606        argmax=1682
[dump]   top0 idx=1682 val=0.37374
[dump]   top1 idx=579 val=0.31079
[dump]   top2 idx=5 val=0.28256
[dump]   top3 idx=1500 val=0.27945
[dump]   top4 idx=23768 val=0.24838
[dump] L00.moe    n=40960   finite=1 absmax=0.37374      mean=0.0004326    sumsq=38.68993606        argmax=1682
[dump]   top0 idx=1682 val=0.37374
[dump]   top1 idx=579 val=0.31079
[dump]   top2 idx=5 val=0.28256
[dump]   top3 idx=1500 val=0.27945
[dump]   top4 idx=23768 val=0.24838
[dump] L00.res    n=163840  finite=1 absmax=0.36468      mean=0.00039684   sumsq=74.00996556        argmax=46085
[dump]   top0 idx=46085 val=0.36468
[dump]   top1 idx=15365 val=0.32482
[dump]   top2 idx=56325 val=0.31694
[dump]   top3 idx=76805 val=0.30837
[dump]   top4 idx=138245 val=0.29852
[dump] ple.inp    n=40960   finite=1 absmax=0.038727     mean=-1.1161e-05  sumsq=2.525345585        argmax=250
[dump]   top0 idx=250 val=0.03855
[dump]   top1 idx=543 val=0.03649
[dump]   top2 idx=794 val=0.03546
[dump]   top3 idx=1160 val=0.03449
[dump]   top4 idx=857 val=0.03440
[dump] ple.key    n=163840  finite=1 absmax=0.72674      mean=-0.0012896   sumsq=37.67179766        argmax=943
[dump]   top0 idx=943 val=0.53720
[dump]   top1 idx=123823 val=0.50677
[dump]   top2 idx=82863 val=0.48334
[dump]   top3 idx=93103 val=0.47869
[dump]   top4 idx=154543 val=0.47130
[dump] ple.value  n=40960   finite=1 absmax=0.1141       mean=0.00021889   sumsq=1.853781265        argmax=30988
[dump]   top0 idx=30988 val=0.04767
[dump]   top1 idx=531 val=0.04686
[dump]   top2 idx=23308 val=0.04563
[dump]   top3 idx=7948 val=0.04280
[dump]   top4 idx=33548 val=0.04023
[dump] ple.knorm  n=163840  finite=1 absmax=88.975       mean=-0.067107    sumsq=281821.9497        argmax=69008
[dump]   top0 idx=69008 val=36.92359
[dump]   top1 idx=99728 val=36.60525
[dump]   top2 idx=130448 val=35.96915
[dump]   top3 idx=140688 val=35.45042
[dump]   top4 idx=28048 val=34.16613
[dump] ple.qnorm  n=163840  finite=1 absmax=12.219       mean=0.030347     sumsq=131321.3702        argmax=8408
[dump]   top0 idx=8408 val=12.21884
[dump]   top1 idx=728 val=11.01767
[dump]   top2 idx=3288 val=10.60052
[dump]   top3 idx=2828 val=10.40430
[dump]   top4 idx=6802 val=8.18240
[dump] ple.gate   n=64      finite=1 absmax=0.91059      mean=0.18181      sumsq=5.846003761        argmax=37
[dump] ple.gated  n=163840  finite=1 absmax=0.093565     mean=3.7674e-05   sumsq=0.7461930004       argmax=94988
[dump]   top0 idx=94988 val=0.04155
[dump]   top1 idx=5651 val=0.04031
[dump]   top2 idx=84748 val=0.03385
[dump]   top3 idx=74508 val=0.03298
[dump]   top4 idx=105228 val=0.03290
[dump] ple.conv   n=163840  finite=1 absmax=0.2782       mean=0.00044212   sumsq=52.30991981        argmax=55277
[dump]   top0 idx=55277 val=0.26869
[dump]   top1 idx=85139 val=0.23855
[dump]   top2 idx=96732 val=0.23558
[dump]   top3 idx=95132 val=0.23159
[dump]   top4 idx=106974 val=0.22989
[dump] ple.out    n=163840  finite=1 absmax=0.47099      mean=0.00087663   sumsq=131.7159187        argmax=46085
[dump]   top0 idx=46085 val=0.36463
[dump]   top1 idx=15365 val=0.32482
[dump]   top2 idx=56325 val=0.31689
[dump]   top3 idx=76805 val=0.30828
[dump]   top4 idx=138245 val=0.29904
[dump] L01.hcmix  n=40960   finite=1 absmax=3.6101       mean=0.011569     sumsq=7967.064163        argmax=7685
[dump]   top0 idx=7685 val=3.61013
[dump]   top1 idx=2565 val=3.35558
[dump]   top2 idx=23045 val=3.11821
[dump]   top3 idx=10245 val=3.11001
[dump]   top4 idx=33211 val=3.09748
[dump] L01.conv   n=163840  finite=1 absmax=0.69441      mean=0.00056865   sumsq=134.2105451        argmax=128184
[dump]   top0 idx=128184 val=0.69441
[dump]   top1 idx=138424 val=0.69213
[dump]   top2 idx=49781 val=0.68708
[dump]   top3 idx=117944 val=0.67577
[dump]   top4 idx=100981 val=0.65699
[dump] L01.gnorm  n=98304   finite=1 absmax=1.6497       mean=0.0010303    sumsq=639.7441389        argmax=89017
[dump]   top0 idx=89017 val=1.42593
[dump]   top1 idx=64423 val=1.39219
[dump]   top2 idx=80842 val=1.37328
[dump]   top3 idx=28933 val=1.26508
[dump]   top4 idx=336 val=1.23341
[dump] L01.lin    n=40960   finite=1 absmax=1.2497       mean=-0.0041623   sumsq=823.2602722        argmax=28491
[dump]   top0 idx=28491 val=1.24971
[dump]   top1 idx=14273 val=1.19722
[dump]   top2 idx=6593 val=1.11817
[dump]   top3 idx=9153 val=1.08955
[dump]   top4 idx=6915 val=1.08360
[dump] L01.att    n=40960   finite=1 absmax=1.2497       mean=-0.0041623   sumsq=823.2602722        argmax=28491
[dump]   top0 idx=28491 val=1.24971
[dump]   top1 idx=14273 val=1.19722
[dump]   top2 idx=6593 val=1.11817
[dump]   top3 idx=9153 val=1.08955
[dump]   top4 idx=6915 val=1.08360
[dump] L01.fmix   n=40960   finite=1 absmax=3.4094       mean=-0.00014983  sumsq=6731.206863        argmax=4046
[dump]   top0 idx=4046 val=3.40943
[dump]   top1 idx=33285 val=2.83963
[dump]   top2 idx=25605 val=2.43063
[dump]   top3 idx=35845 val=2.36455
[dump]   top4 idx=17925 val=2.23431
[dump] L01.mlogit n=8192    finite=1 absmax=8.8443       mean=-5.7986      sumsq=279081.4054        argmax=643
[dump]   top0 idx=643 val=-2.44195
[dump]   top1 idx=522 val=-2.90096
[dump]   top2 idx=1622 val=-3.12087
[dump]   top3 idx=640 val=-3.16792
[dump]   top4 idx=19 val=-3.18753
[dump] L01.mprob  n=8192    finite=1 absmax=0.036819     mean=0.0019531    sumsq=0.05491949198      argmax=643
[dump]   top0 idx=643 val=0.03682
[dump]   top1 idx=19 val=0.02328
[dump]   top2 idx=522 val=0.02327
[dump]   top3 idx=8010 val=0.02313
[dump]   top4 idx=1622 val=0.02191
[dump] L01.mid    n=160     finite=1 absmax=0 mean=0 sumsq=0 ids: 19 320 157 131 165 225 446 345 310 186 131 10 128 500 348 486 19 103 248 341 168 210 381 441 458 81 429 289 445 119 86 500 91 341 19 233 319 298 41 266 429 326 499 441 233 319 458 296 2 81 282 5 382 500 101 443 67 349 425 177 54 151 473 253 41 117 282 307 139 168 372 103 431 64 1 196 348 409 496 324 496 372 1 21 431 500 371 44 314 86 496 122 20 163 44 41 371 136 169 54 149 377 496 500 81 98 289 86 507 54 81 168 458 169 54 139 377 78 507 98 118 500 377 81 54 98 289 323 131 425 140 500 205 149 127 67 249 412 289 181 500 149 205 280 26 19 412 87 306 323 330 285 385 323 459 450 495 369 311 252
[dump] L01.rlogit n=8192    finite=1 absmax=8.8443       mean=-5.7986      sumsq=279081.4054        argmax=643
[dump]   top0 idx=643 val=-2.44195
[dump]   top1 idx=522 val=-2.90096
[dump]   top2 idx=1622 val=-3.12087
[dump]   top3 idx=640 val=-3.16792
[dump]   top4 idx=19 val=-3.18753
[dump] L01.mwt    n=160     finite=1 absmax=0.29         mean=0.1          sumsq=1.835633396        argmax=10
[dump] L01.mgate  n=102400  finite=1 absmax=2.2319       mean=-0.19315     sumsq=13834.96821        argmax=233
[dump]   top0 idx=233 val=2.23187
[dump]   top1 idx=71016 val=2.20326
[dump]   top2 idx=1481 val=2.03565
[dump]   top3 idx=16624 val=1.99732
[dump]   top4 idx=11256 val=1.87914
[dump] L01.mup    n=102400  finite=1 absmax=1.8847       mean=0.00022203   sumsq=7794.350925        argmax=3401
[dump]   top0 idx=3401 val=1.88469
[dump]   top1 idx=10896 val=1.56222
[dump]   top2 idx=64624 val=1.50559
[dump]   top3 idx=59115 val=1.50207
[dump]   top4 idx=35714 val=1.49985
[dump] L01.mgu    n=102400  finite=1 absmax=2.7647       mean=1.9321e-05   sumsq=260.9436648        argmax=233
[dump]   top0 idx=233 val=2.76473
[dump]   top1 idx=35714 val=1.85152
[dump]   top2 idx=11256 val=1.62377
[dump]   top3 idx=63160 val=1.49445
[dump]   top4 idx=3388 val=1.28172
[dump] L01.mdown  n=409600  finite=1 absmax=0.38343      mean=2.0202e-05   sumsq=112.4628013        argmax=723
[dump]   top0 idx=723 val=0.17318
[dump]   top1 idx=1531 val=0.15718
[dump]   top2 idx=860 val=0.14123
[dump]   top3 idx=8535 val=0.12950
[dump]   top4 idx=1955 val=0.12637
[dump] L01.msh    n=40960   finite=1 absmax=0.043919     mean=0.00011101   sumsq=0.3312774649       argmax=25493
[dump]   top0 idx=25493 val=0.02357
[dump]   top1 idx=18775 val=0.02206
[dump]   top2 idx=20373 val=0.02105
[dump]   top3 idx=1741 val=0.02015
[dump]   top4 idx=23895 val=0.01903
[dump] L01.mout   n=40960   finite=1 absmax=0.21862      mean=0.00010899   sumsq=2.572841844        argmax=1832
[dump]   top0 idx=1832 val=0.06661
[dump]   top1 idx=8535 val=0.05652
[dump]   top2 idx=855 val=0.05607
[dump]   top3 idx=1531 val=0.05588
[dump]   top4 idx=2010 val=0.05580
[dump] L01.moe    n=40960   finite=1 absmax=0.21862      mean=0.00010899   sumsq=2.572841844        argmax=1832
[dump]   top0 idx=1832 val=0.06661
[dump]   top1 idx=8535 val=0.05652
[dump]   top2 idx=855 val=0.05607
[dump]   top3 idx=1531 val=0.05588
[dump]   top4 idx=2010 val=0.05580
[dump] L01.res    n=163840  finite=1 absmax=0.46975      mean=0.00083061   sumsq=135.0519471        argmax=46085
[dump]   top0 idx=46085 val=0.36140
[dump]   top1 idx=15365 val=0.32515
[dump]   top2 idx=56325 val=0.31692
[dump]   top3 idx=76805 val=0.30812
[dump]   top4 idx=138245 val=0.29927
[dump] L02.hcmix  n=40960   finite=1 absmax=10.514       mean=0.010716     sumsq=12342.35956        argmax=3415
[dump]   top0 idx=3415 val=4.76203
[dump]   top1 idx=5908 val=4.21722
[dump]   top2 idx=10245 val=4.19966
[dump]   top3 idx=12805 val=4.10918
[dump]   top4 idx=15365 val=3.98614
[dump] L02.conv   n=163840  finite=1 absmax=0.98695      mean=0.00050829   sumsq=280.898759         argmax=56880
[dump]   top0 idx=56880 val=0.98695
[dump]   top1 idx=67120 val=0.97548
[dump]   top2 idx=77360 val=0.94223
[dump]   top3 idx=46640 val=0.94093
[dump]   top4 idx=128560 val=0.92519
[dump] L02.gnorm  n=98304   finite=1 absmax=4.9699       mean=0.00018369   sumsq=481.2178331        argmax=1126
[dump]   top0 idx=1126 val=4.96991
[dump]   top1 idx=5935 val=3.69842
[dump]   top2 idx=75168 val=1.79144
[dump]   top3 idx=38304 val=1.67251
[dump]   top4 idx=46371 val=1.35428
[dump] L02.lin    n=40960   finite=1 absmax=3.0196       mean=0.0053377    sumsq=500.4307119        argmax=2010
[dump]   top0 idx=2010 val=1.25338
[dump]   top1 idx=403 val=0.80318
[dump]   top2 idx=2293 val=0.74861
[dump]   top3 idx=348 val=0.69022
[dump]   top4 idx=913 val=0.66986
[dump] L02.att    n=40960   finite=1 absmax=3.0196       mean=0.0053377    sumsq=500.4307119        argmax=2010
[dump]   top0 idx=2010 val=1.25338
[dump]   top1 idx=403 val=0.80318
[dump]   top2 idx=2293 val=0.74861
[dump]   top3 idx=348 val=0.69022
[dump]   top4 idx=913 val=0.66986
[dump] L02.fmix   n=40960   finite=1 absmax=4.7747       mean=0.010867     sumsq=6596.044854        argmax=12655
[dump]   top0 idx=12655 val=2.14707
[dump]   top1 idx=36536 val=2.00034
[dump]   top2 idx=10936 val=1.90133
[dump]   top3 idx=32952 val=1.87032
[dump]   top4 idx=4046 val=1.83020
[dump] L02.mlogit n=8192    finite=1 absmax=8.6537       mean=-5.8881      sumsq=288042.3432        argmax=587
[dump]   top0 idx=587 val=-2.46605
[dump]   top1 idx=75 val=-2.56325
[dump]   top2 idx=1611 val=-2.73982
[dump]   top3 idx=6731 val=-2.81118
[dump]   top4 idx=12 val=-2.93380
[dump] L02.mprob  n=8192    finite=1 absmax=0.044265     mean=0.0019531    sumsq=0.06371497276      argmax=587
[dump]   top0 idx=587 val=0.04427
[dump]   top1 idx=75 val=0.04106
[dump]   top2 idx=1611 val=0.03538
[dump]   top3 idx=6731 val=0.03226
[dump]   top4 idx=2458 val=0.02956
[dump] L02.mid    n=160     finite=1 absmax=0 mean=0 sumsq=0 ids: 75 12 209 68 137 403 257 272 255 87 75 42 169 139 22 356 479 376 61 192 75 141 42 13 169 355 61 356 275 102 75 259 427 32 440 61 466 371 12 148 410 433 355 124 252 407 133 75 155 376 103 32 9 75 123 426 22 69 259 285 70 124 165 355 356 75 133 191 402 52 22 69 170 145 75 35 61 430 123 180 230 75 22 480 260 102 356 61 506 285 75 230 22 152 260 61 356 42 431 285 75 385 459 61 431 52 482 450 388 319 430 75 385 52 316 421 72 88 275 13 75 70 385 376 72 205 382 503 16 421 75 275 187 61 32 13 272 420 385 167 75 507 275 129 399 225 272 161 495 61 265 167 397 352 309 165 275 466 173 75
[dump] L02.rlogit n=8192    finite=1 absmax=8.6537       mean=-5.8881      sumsq=288042.3432        argmax=587
[dump]   top0 idx=587 val=-2.46605
[dump]   top1 idx=75 val=-2.56325
[dump]   top2 idx=1611 val=-2.73982
[dump]   top3 idx=6731 val=-2.81118
[dump]   top4 idx=12 val=-2.93380
[dump] L02.mwt    n=160     finite=1 absmax=0.3606       mean=0.1          sumsq=1.967640043        argmax=10
[dump] L02.mgate  n=102400  finite=1 absmax=2.265        mean=-0.17654     sumsq=12611.30662        argmax=8043
[dump]   top0 idx=8043 val=2.26503
[dump]   top1 idx=54966 val=2.24707
[dump]   top2 idx=34767 val=2.16644
[dump]   top3 idx=98918 val=1.95041
[dump]   top4 idx=71029 val=1.89245
[dump] L02.mup    n=102400  finite=1 absmax=1.9113       mean=-0.00066797  sumsq=7440.436208        argmax=34767
[dump]   top0 idx=34767 val=1.84826
[dump]   top1 idx=28868 val=1.74439
[dump]   top2 idx=8043 val=1.62847
[dump]   top3 idx=98432 val=1.53664
[dump]   top4 idx=72865 val=1.47775
[dump] L02.mgu    n=102400  finite=1 absmax=3.5925       mean=-1.4184e-05  sumsq=301.4991648        argmax=34767
[dump]   top0 idx=34767 val=3.59250
[dump]   top1 idx=8043 val=3.34160
[dump]   top2 idx=28868 val=2.67622
[dump]   top3 idx=22223 val=1.28203
[dump]   top4 idx=71029 val=1.22449
[dump] L02.mdown  n=409600  finite=1 absmax=0.24696      mean=5.1126e-05   sumsq=128.692201         argmax=217712
[dump]   top0 idx=217712 val=0.24696
[dump]   top1 idx=219438 val=0.21190
[dump]   top2 idx=239889 val=0.20613
[dump]   top3 idx=219966 val=0.19967
[dump]   top4 idx=219063 val=0.18998
[dump] L02.msh    n=40960   finite=1 absmax=0.093065     mean=0.00029704   sumsq=0.948492864        argmax=23308
[dump]   top0 idx=23308 val=0.09307
[dump]   top1 idx=5388 val=0.08999
[dump]   top2 idx=20748 val=0.08928
[dump]   top3 idx=728 val=0.08708
[dump]   top4 idx=951 val=0.08564
[dump] L02.mout   n=40960   finite=1 absmax=0.10786      mean=0.00034074   sumsq=3.207136027        argmax=23308
[dump]   top0 idx=23308 val=0.10511
[dump]   top1 idx=20748 val=0.09846
[dump]   top2 idx=5388 val=0.09838
[dump]   top3 idx=3288 val=0.08909
[dump]   top4 idx=8408 val=0.08472
[dump] L02.moe    n=40960   finite=1 absmax=0.10786      mean=0.00034074   sumsq=3.207136027        argmax=23308
[dump]   top0 idx=23308 val=0.10511
[dump]   top1 idx=20748 val=0.09846
[dump]   top2 idx=5388 val=0.09838
[dump]   top3 idx=3288 val=0.08909
[dump]   top4 idx=8408 val=0.08472
[dump] L02.res    n=163840  finite=1 absmax=0.40758      mean=0.0011442    sumsq=155.7878346        argmax=46085
[dump]   top0 idx=46085 val=0.38491
[dump]   top1 idx=46808 val=0.38181
[dump]   top2 idx=15365 val=0.35736
[dump]   top3 idx=98008 val=0.35450
[dump]   top4 idx=16088 val=0.33524
[dump] L03.hcmix  n=40960   finite=1 absmax=6.1218       mean=0.014103     sumsq=4468.468219        argmax=5908
[dump]   top0 idx=5908 val=4.90276
[dump]   top1 idx=16148 val=4.21764
[dump]   top2 idx=38405 val=4.19526
[dump]   top3 idx=11028 val=4.18585
[dump]   top4 idx=13588 val=4.18544
[dump] L03.cur    n=40960   finite=1 absmax=6.1218       mean=0.014103     sumsq=4468.468219        argmax=5908
[dump]   top0 idx=5908 val=4.90276
[dump]   top1 idx=16148 val=4.21764
[dump]   top2 idx=38405 val=4.19526
[dump]   top3 idx=11028 val=4.18585
[dump]   top4 idx=13588 val=4.18544
[dump] L03.qnorm  n=98304   finite=1 absmax=11.626       mean=0.018773     sumsq=136031.2089        argmax=12833
[dump]   top0 idx=12833 val=10.46058
[dump]   top1 idx=31265 val=10.32395
[dump]   top2 idx=25121 val=9.89002
[dump]   top3 idx=37409 val=9.79889
[dump]   top4 idx=49697 val=9.20021
[dump] L03.knorm  n=8192    finite=1 absmax=5.039        mean=0.073804     sumsq=13311.56365        argmax=565
[dump]   top0 idx=565 val=5.03904
[dump]   top1 idx=2701 val=4.58847
[dump]   top2 idx=6117 val=4.42151
[dump]   top3 idx=5143 val=4.41533
[dump]   top4 idx=797 val=4.41015
[dump] L03.vraw   n=8192    finite=1 absmax=3.3257       mean=0.019031     sumsq=2101.450452        argmax=380
[dump]   top0 idx=380 val=3.32572
[dump]   top1 idx=5312 val=2.70441
[dump]   top2 idx=820 val=2.29454
[dump]   top3 idx=4016 val=2.23531
[dump]   top4 idx=1509 val=2.18188
[dump] L03.Q      n=98304   finite=1 absmax=11.626       mean=0.02011      sumsq=136031.2085        argmax=14849
[dump]   top0 idx=14849 val=10.91674
[dump]   top1 idx=27169 val=10.69134
[dump]   top2 idx=33313 val=10.47060
[dump]   top3 idx=61985 val=10.06723
[dump]   top4 idx=24833 val=10.03234
[dump] L03.K      n=8192    finite=1 absmax=5.039        mean=0.06488      sumsq=13311.56364        argmax=565
[dump]   top0 idx=565 val=5.03904
[dump]   top1 idx=2701 val=4.58847
[dump]   top2 idx=6117 val=4.42151
[dump]   top3 idx=5143 val=4.41537
[dump]   top4 idx=797 val=4.41015
[dump] L03.faout  n=98304   finite=1 absmax=3.3257       mean=0.0099997    sumsq=10580.81172        argmax=3196
[dump]   top0 idx=3196 val=3.32570
[dump]   top1 idx=3452 val=3.32570
[dump]   top2 idx=3708 val=3.32570
[dump]   top3 idx=3964 val=3.32570
[dump]   top4 idx=4220 val=3.32570
[dump] L03.gate   n=98304   finite=1 absmax=4.6803       mean=-1.4114      sumsq=243772.7149        argmax=64192
[dump]   top0 idx=64192 val=1.26780
[dump]   top1 idx=82813 val=1.10222
[dump]   top2 idx=79514 val=1.05202
[dump]   top3 idx=70553 val=1.02226
[dump]   top4 idx=70636 val=1.02149
[dump] L03.gated  n=98304   finite=1 absmax=1.2995       mean=0.0018847    sumsq=508.9483784        argmax=4988
[dump]   top0 idx=4988 val=1.29950
[dump]   top1 idx=3708 val=1.28505
[dump]   top2 idx=4732 val=1.23622
[dump]   top3 idx=3964 val=1.22566
[dump]   top4 idx=3452 val=1.19815
[dump] L03.att    n=40960   finite=1 absmax=0.90672      mean=-0.0025862   sumsq=284.5902514        argmax=522
[dump]   top0 idx=522 val=0.77399
[dump]   top1 idx=1832 val=0.64984
[dump]   top2 idx=983 val=0.56891
[dump]   top3 idx=667 val=0.55868
[dump]   top4 idx=1578 val=0.55327
[dump] L03.fmix   n=40960   finite=1 absmax=3.2432       mean=0.016157     sumsq=12653.05127        argmax=4046
[dump]   top0 idx=4046 val=3.24317
[dump]   top1 idx=33997 val=3.18395
[dump]   top2 idx=13528 val=2.87771
[dump]   top3 idx=10968 val=2.78159
[dump]   top4 idx=14581 val=2.50638
[dump] L03.mlogit n=8192    finite=1 absmax=8.8677       mean=-5.7885      sumsq=277931.3722        argmax=243
[dump]   top0 idx=243 val=-3.26710
[dump]   top1 idx=3601 val=-3.33178
[dump]   top2 idx=2194 val=-3.33334
[dump]   top3 idx=4492 val=-3.51108
[dump]   top4 idx=8147 val=-3.51206
[dump] L03.mprob  n=8192    finite=1 absmax=0.024137     mean=0.0019531    sumsq=0.04669589789      argmax=243
[dump]   top0 idx=243 val=0.02414
[dump]   top1 idx=3601 val=0.01928
[dump]   top2 idx=2194 val=0.01810
[dump]   top3 idx=8147 val=0.01579
[dump]   top4 idx=5706 val=0.01529
[dump] L03.mid    n=160     finite=1 absmax=0 mean=0 sumsq=0 ids: 243 190 470 143 405 205 253 223 165 371 47 476 343 405 228 277 189 243 231 441 112 71 343 486 146 21 277 47 281 53 190 228 231 146 418 441 504 484 470 8 146 419 299 406 451 254 484 480 169 358 441 443 190 396 418 156 307 231 228 494 396 296 146 467 419 307 189 299 372 193 17 32 296 231 193 485 190 504 189 494 396 365 190 509 307 271 296 200 40 17 189 307 296 190 101 480 352 378 365 149 74 190 418 231 365 152 449 257 228 104 74 71 112 257 262 441 81 480 365 101 74 257 190 277 365 101 224 125 467 486 441 504 194 318 190 315 476 101 235 206 104 101 441 364 185 86 504 315 184 31 467 396 218 104 101 365 472 441 318 271
[dump] L03.rlogit n=8192    finite=1 absmax=8.8677       mean=-5.7885      sumsq=277931.3722        argmax=243
[dump]   top0 idx=243 val=-3.26710
[dump]   top1 idx=3601 val=-3.33178
[dump]   top2 idx=2194 val=-3.33334
[dump]   top3 idx=4492 val=-3.51108
[dump]   top4 idx=8147 val=-3.51206
[dump] L03.mwt    n=160     finite=1 absmax=0.28347      mean=0.1          sumsq=1.761571369        argmax=0
[dump] L03.mgate  n=102400  finite=1 absmax=2.7999       mean=-0.2551      sumsq=23743.79349        argmax=64228
[dump]   top0 idx=64228 val=2.34578
[dump]   top1 idx=64127 val=2.10547
[dump]   top2 idx=71868 val=1.81929
[dump]   top3 idx=71187 val=1.80576
[dump]   top4 idx=84226 val=1.80007
[dump] L03.mup    n=102400  finite=1 absmax=2.7444       mean=-0.0027549   sumsq=12871.14029        argmax=64346
[dump]   top0 idx=64346 val=2.74436
[dump]   top1 idx=64144 val=2.14519
[dump]   top2 idx=71670 val=1.82465
[dump]   top3 idx=43609 val=1.73483
[dump]   top4 idx=41139 val=1.63574
[dump] L03.mgu    n=102400  finite=1 absmax=2.2854       mean=4.7265e-05   sumsq=553.4249319        argmax=43609
[dump]   top0 idx=43609 val=2.28545
[dump]   top1 idx=41139 val=2.20488
[dump]   top2 idx=72319 val=1.85771
[dump]   top3 idx=80558 val=1.44711
[dump]   top4 idx=80791 val=1.36826
[dump] L03.mdown  n=409600  finite=1 absmax=0.17263      mean=1.2588e-05   sumsq=218.2021553        argmax=288402
[dump]   top0 idx=288402 val=0.15783
[dump]   top1 idx=164645 val=0.13819
[dump]   top2 idx=103055 val=0.13597
[dump]   top3 idx=286032 val=0.13412
[dump]   top4 idx=131156 val=0.13059
[dump] L03.msh    n=40960   finite=1 absmax=0.019572     mean=3.1981e-05   sumsq=0.2984350929       argmax=20373
[dump]   top0 idx=20373 val=0.01957
[dump]   top1 idx=33173 val=0.01847
[dump]   top2 idx=227 val=0.01794
[dump]   top3 idx=12693 val=0.01720
[dump]   top4 idx=722 val=0.01717
[dump] L03.mout   n=40960   finite=1 absmax=0.04866      mean=4.0945e-05   sumsq=3.211920579        argmax=17598
[dump]   top0 idx=17598 val=0.04866
[dump]   top1 idx=6895 val=0.03759
[dump]   top2 idx=22718 val=0.03640
[dump]   top3 idx=19594 val=0.03595
[dump]   top4 idx=19315 val=0.03545
[dump] L03.moe    n=40960   finite=1 absmax=0.04866      mean=4.0945e-05   sumsq=3.211920579        argmax=17598
[dump]   top0 idx=17598 val=0.04866
[dump]   top1 idx=6895 val=0.03759
[dump]   top2 idx=22718 val=0.03640
[dump]   top3 idx=19594 val=0.03595
[dump]   top4 idx=19315 val=0.03545
[dump] L03.res    n=163840  finite=1 absmax=0.39595      mean=0.0010843    sumsq=160.9791661        argmax=46085
[dump]   top0 idx=46085 val=0.38684
[dump]   top1 idx=46808 val=0.38237
[dump]   top2 idx=15365 val=0.35564
[dump]   top3 idx=98008 val=0.35356
[dump]   top4 idx=16088 val=0.33544
[dump] L04.hcmix  n=40960   finite=1 absmax=8.0537       mean=0.020122     sumsq=13016.62534        argmax=25605
[dump]   top0 idx=25605 val=4.89536
[dump]   top1 idx=12805 val=4.84598
[dump]   top2 idx=5 val=4.81968
[dump]   top3 idx=15365 val=4.80316
[dump]   top4 idx=10245 val=4.75712
[dump] L04.conv   n=163840  finite=1 absmax=1.1268       mean=-0.00024543  sumsq=384.7734475        argmax=12563
[dump]   top0 idx=12563 val=1.12684
[dump]   top1 idx=128454 val=1.09850
[dump]   top2 idx=36294 val=1.07820
[dump]   top3 idx=46534 val=1.04155
[dump]   top4 idx=159174 val=1.04057
[dump] L04.gnorm  n=98304   finite=1 absmax=1.362        mean=-0.00087566  sumsq=273.4218783        argmax=82288
[dump]   top0 idx=82288 val=1.04707
[dump]   top1 idx=87767 val=0.95102
[dump]   top2 idx=69266 val=0.90496
[dump]   top3 idx=51505 val=0.88907
[dump]   top4 idx=47138 val=0.81954
[dump] L04.lin    n=40960   finite=1 absmax=0.63971      mean=-0.0015678   sumsq=205.3937301        argmax=29813
[dump]   top0 idx=29813 val=0.63971
[dump]   top1 idx=32373 val=0.52488
[dump]   top2 idx=9333 val=0.48786
[dump]   top3 idx=34933 val=0.47180
[dump]   top4 idx=22133 val=0.46090
[dump] L04.att    n=40960   finite=1 absmax=0.63971      mean=-0.0015678   sumsq=205.3937301        argmax=29813
[dump]   top0 idx=29813 val=0.63971
[dump]   top1 idx=32373 val=0.52488
[dump]   top2 idx=9333 val=0.48786
[dump]   top3 idx=34933 val=0.47180
[dump]   top4 idx=22133 val=0.46090
[dump] L04.fmix   n=40960   finite=1 absmax=2.917        mean=0.015222     sumsq=14326.72342        argmax=4046
[dump]   top0 idx=4046 val=2.91696
[dump]   top1 idx=22766 val=2.83864
[dump]   top2 idx=22265 val=2.78562
[dump]   top3 idx=22718 val=2.76703
[dump]   top4 idx=1009 val=2.74113
[dump] L04.mlogit n=8192    finite=1 absmax=8.5222       mean=-5.7708      sumsq=276829.0746        argmax=821
[dump]   top0 idx=821 val=-2.57296
[dump]   top1 idx=2601 val=-2.64721
[dump]   top2 idx=4600 val=-2.72659
[dump]   top3 idx=2252 val=-2.86355
[dump]   top4 idx=1845 val=-2.93779
[dump] L04.mprob  n=8192    finite=1 absmax=0.03991      mean=0.0019531    sumsq=0.05691183022      argmax=821
[dump]   top0 idx=821 val=0.03991
[dump]   top1 idx=2601 val=0.03423
[dump]   top2 idx=1845 val=0.02952
[dump]   top3 idx=4600 val=0.02855
[dump]   top4 idx=2252 val=0.02676
[dump] L04.mid    n=160     finite=1 absmax=0 mean=0 sumsq=0 ids: 3 309 119 392 252 486 307 410 106 41 309 410 385 274 293 252 123 453 402 277 356 385 479 205 309 454 347 425 41 505 309 410 204 421 454 414 252 479 496 500 204 36 309 454 378 414 479 159 333 150 41 153 274 207 410 204 491 39 454 259 455 204 479 36 16 303 413 321 309 356 134 41 309 21 312 282 410 231 453 214 504 177 21 282 134 41 214 221 150 2 504 256 309 293 221 21 491 500 282 454 453 309 299 69 293 436 410 500 257 375 425 309 264 443 204 252 36 69 500 41 500 309 282 177 367 410 174 425 150 345 274 309 106 41 259 252 453 186 410 291 395 391 468 309 306 192 274 216 41 106 177 80 309 244 172 89 174 467 400 274
[dump] L04.rlogit n=8192    finite=1 absmax=8.5222       mean=-5.7708      sumsq=276829.0746        argmax=821
[dump]   top0 idx=821 val=-2.57296
[dump]   top1 idx=2601 val=-2.64721
[dump]   top2 idx=4600 val=-2.72659
[dump]   top3 idx=2252 val=-2.86355
[dump]   top4 idx=1845 val=-2.93779
[dump] L04.mwt    n=160     finite=1 absmax=0.35887      mean=0.1          sumsq=1.910702655        argmax=10
[dump] L04.mgate  n=102400  finite=1 absmax=3.2215       mean=-0.29119     sumsq=28418.30155        argmax=32078
[dump]   top0 idx=32078 val=3.22154
[dump]   top1 idx=32696 val=2.27047
[dump]   top2 idx=56227 val=2.20514
[dump]   top3 idx=70074 val=2.16313
[dump]   top4 idx=31456 val=1.75368
[dump] L04.mup    n=102400  finite=1 absmax=2.6652       mean=-0.0012967   sumsq=15725.94001        argmax=82452
[dump]   top0 idx=82452 val=2.57070
[dump]   top1 idx=32078 val=2.37782
[dump]   top2 idx=20297 val=2.32369
[dump]   top3 idx=80222 val=2.07896
[dump]   top4 idx=4702 val=2.02190
[dump] L04.mgu    n=102400  finite=1 absmax=7.3664       mean=0.000256     sumsq=822.6404782        argmax=32078
[dump]   top0 idx=32078 val=7.36637
[dump]   top1 idx=82452 val=3.77818
[dump]   top2 idx=25609 val=2.14344
[dump]   top3 idx=16846 val=1.73191
[dump]   top4 idx=12004 val=1.63435
[dump] L04.mdown  n=409600  finite=1 absmax=0.42599      mean=2.7291e-05   sumsq=355.9263647        argmax=130143
[dump]   top0 idx=130143 val=0.33759
[dump]   top1 idx=130245 val=0.33479
[dump]   top2 idx=130139 val=0.32815
[dump]   top3 idx=128637 val=0.32648
[dump]   top4 idx=130481 val=0.32471
[dump] L04.msh    n=40960   finite=1 absmax=0.045189     mean=5.276e-05    sumsq=0.7173693544       argmax=29813
[dump]   top0 idx=29813 val=0.04519
[dump]   top1 idx=30613 val=0.04230
[dump]   top2 idx=29923 val=0.03508
[dump]   top3 idx=19573 val=0.03460
[dump]   top4 idx=32373 val=0.03403
[dump] L04.mout   n=40960   finite=1 absmax=0.12751      mean=9.305e-05    sumsq=7.970276633        argmax=13437
[dump]   top0 idx=13437 val=0.11753
[dump]   top1 idx=15045 val=0.10773
[dump]   top2 idx=14939 val=0.10714
[dump]   top3 idx=15281 val=0.10362
[dump]   top4 idx=14936 val=0.10287
[dump] L04.moe    n=40960   finite=1 absmax=0.12751      mean=9.305e-05    sumsq=7.970276633        argmax=13437
[dump]   top0 idx=13437 val=0.11753
[dump]   top1 idx=15045 val=0.10773
[dump]   top2 idx=14939 val=0.10714
[dump]   top3 idx=15281 val=0.10362
[dump]   top4 idx=14936 val=0.10287
[dump] L04.res    n=163840  finite=1 absmax=0.402        mean=0.0010538    sumsq=183.2367759        argmax=46085
[dump]   top0 idx=46085 val=0.38606
[dump]   top1 idx=46808 val=0.38320
[dump]   top2 idx=15365 val=0.35599
[dump]   top3 idx=98008 val=0.35311
[dump]   top4 idx=16088 val=0.33405
[dump] L05.hcmix  n=40960   finite=1 absmax=11.987       mean=0.011841     sumsq=12645.70881        argmax=29813
[dump]   top0 idx=29813 val=9.07443
[dump]   top1 idx=1653 val=5.31475
[dump]   top2 idx=34933 val=4.55734
[dump]   top3 idx=1500 val=4.28069
[dump]   top4 idx=5 val=3.92165
[dump] L05.conv   n=163840  finite=1 absmax=1.567        mean=0.00032104   sumsq=396.1458341        argmax=15973
[dump]   top0 idx=15973 val=1.56700
[dump]   top1 idx=4165 val=1.55950
[dump]   top2 idx=134140 val=1.32582
[dump]   top3 idx=8214 val=1.25365
[dump]   top4 idx=123900 val=1.24927
[dump] L05.gnorm  n=98304   finite=1 absmax=7.9955       mean=-0.00034484  sumsq=318.8451857        argmax=5831
[dump]   top0 idx=5831 val=7.99549
[dump]   top1 idx=37138 val=0.89943
[dump]   top2 idx=26065 val=0.72880
[dump]   top3 idx=81745 val=0.72778
[dump]   top4 idx=81165 val=0.72677
[dump] L05.lin    n=40960   finite=1 absmax=7.1089       mean=-0.0012987   sumsq=321.9220717        argmax=1500
[dump]   top0 idx=1500 val=1.99043
[dump]   top1 idx=788 val=0.90029
[dump]   top2 idx=5751 val=0.87202
[dump]   top3 idx=2121 val=0.79507
[dump]   top4 idx=1787 val=0.69802
[dump] L05.att    n=40960   finite=1 absmax=7.1089       mean=-0.0012987   sumsq=321.9220717        argmax=1500
[dump]   top0 idx=1500 val=1.99043
[dump]   top1 idx=788 val=0.90029
[dump]   top2 idx=5751 val=0.87202
[dump]   top3 idx=2121 val=0.79507
[dump]   top4 idx=1787 val=0.69802
[dump] L05.fmix   n=40960   finite=1 absmax=2.8583       mean=0.0098131    sumsq=10773.71866        argmax=10596
[dump]   top0 idx=10596 val=2.85834
[dump]   top1 idx=11241 val=2.55671
[dump]   top2 idx=1009 val=2.55451
[dump]   top3 idx=22766 val=2.52470
[dump]   top4 idx=37045 val=2.45326
[dump] L05.mlogit n=8192    finite=1 absmax=9.5076       mean=-5.9484      sumsq=294515.6463        argmax=6944
[dump]   top0 idx=6944 val=-2.56639
[dump]   top1 idx=1521 val=-2.58846
[dump]   top2 idx=8098 val=-3.04195
[dump]   top3 idx=2545 val=-3.06539
[dump]   top4 idx=1293 val=-3.07926
[dump] L05.mprob  n=8192    finite=1 absmax=0.038465     mean=0.0019531    sumsq=0.06110562191      argmax=6944
[dump]   top0 idx=6944 val=0.03846
[dump]   top1 idx=1521 val=0.03788
[dump]   top2 idx=8098 val=0.02679
[dump]   top3 idx=4486 val=0.02452
[dump]   top4 idx=2545 val=0.02426
[dump] L05.mid    n=160     finite=1 absmax=0 mean=0 sumsq=0 ids: 392 42 353 56 386 236 291 228 175 216 104 505 216 439 274 220 234 450 402 268 497 269 274 136 400 328 234 342 126 422 395 216 140 169 118 236 142 200 224 400 497 200 269 227 7 77 323 338 365 431 310 124 140 98 1 468 142 236 228 12 269 505 38 418 227 36 360 210 18 402 102 314 390 239 364 291 124 394 2 136 390 102 120 452 300 449 394 280 94 124 452 140 328 291 102 169 420 390 38 300 328 177 344 192 505 291 302 314 418 126 497 177 291 38 7 344 269 314 136 227 104 38 177 216 291 402 344 418 210 152 288 104 344 140 314 446 236 291 193 142 344 288 116 177 53 133 239 298 2 291 418 177 18 344 104 17 288 218 451 269
[dump] L05.rlogit n=8192    finite=1 absmax=9.5076       mean=-5.9484      sumsq=294515.6463        argmax=6944
[dump]   top0 idx=6944 val=-2.56639
[dump]   top1 idx=1521 val=-2.58846
[dump]   top2 idx=8098 val=-3.04195
[dump]   top3 idx=2545 val=-3.06539
[dump]   top4 idx=1293 val=-3.07926
[dump] L05.mwt    n=160     finite=1 absmax=0.30833      mean=0.1          sumsq=1.833654625        argmax=130
[dump] L05.mgate  n=102400  finite=1 absmax=2.8419       mean=-0.1987      sumsq=18092.81747        argmax=50306
[dump]   top0 idx=50306 val=2.01828
[dump]   top1 idx=64227 val=1.99586
[dump]   top2 idx=7466 val=1.98066
[dump]   top3 idx=1022 val=1.95210
[dump]   top4 idx=73636 val=1.84937
[dump] L05.mup    n=102400  finite=1 absmax=2.2807       mean=0.00071673   sumsq=11603.42087        argmax=30268
[dump]   top0 idx=30268 val=2.28068
[dump]   top1 idx=80058 val=2.04818
[dump]   top2 idx=96930 val=1.79418
[dump]   top3 idx=71441 val=1.70964
[dump]   top4 idx=58207 val=1.66904
[dump] L05.mgu    n=102400  finite=1 absmax=3.3632       mean=-8.8339e-05  sumsq=455.6207095        argmax=30268
[dump]   top0 idx=30268 val=3.36321
[dump]   top1 idx=80058 val=2.01341
[dump]   top2 idx=71441 val=1.99155
[dump]   top3 idx=95463 val=1.89304
[dump]   top4 idx=42620 val=1.59299
[dump] L05.mdown  n=409600  finite=1 absmax=0.21492      mean=4.3402e-05   sumsq=183.0392702        argmax=361014
[dump]   top0 idx=361014 val=0.21492
[dump]   top1 idx=159351 val=0.15268
[dump]   top2 idx=309044 val=0.14794
[dump]   top3 idx=321816 val=0.14670
[dump]   top4 idx=122776 val=0.14014
[dump] L05.msh    n=40960   finite=1 absmax=0.053376     mean=0.0004355    sumsq=0.6746857211       argmax=3861
[dump]   top0 idx=3861 val=0.03681
[dump]   top1 idx=885 val=0.03666
[dump]   top2 idx=1301 val=0.03513
[dump]   top3 idx=3139 val=0.03497
[dump]   top4 idx=3445 val=0.03460
[dump] L05.mout   n=40960   finite=1 absmax=0.064849     mean=0.0004964    sumsq=3.257707953        argmax=524
[dump]   top0 idx=524 val=0.04873
[dump]   top1 idx=3139 val=0.04666
[dump]   top2 idx=17813 val=0.04462
[dump]   top3 idx=3861 val=0.04332
[dump]   top4 idx=2382 val=0.04321
[dump] L05.moe    n=40960   finite=1 absmax=0.064849     mean=0.0004964    sumsq=3.257707953        argmax=524
[dump]   top0 idx=524 val=0.04873
[dump]   top1 idx=3139 val=0.04666
[dump]   top2 idx=17813 val=0.04462
[dump]   top3 idx=3861 val=0.04332
[dump]   top4 idx=2382 val=0.04321
[dump] L05.res    n=163840  finite=1 absmax=3.0704       mean=0.0011396    sumsq=220.4234685        argmax=1500
[dump]   top0 idx=1500 val=0.84106
[dump]   top1 idx=46085 val=0.38474
[dump]   top2 idx=46808 val=0.38331
[dump]   top3 idx=788 val=0.37922
[dump]   top4 idx=15365 val=0.35480
[dump] L06.hcmix  n=40960   finite=1 absmax=18.754       mean=0.013925     sumsq=11020.68343        argmax=1500
[dump]   top0 idx=1500 val=8.39100
[dump]   top1 idx=5 val=4.85133
[dump]   top2 idx=25605 val=4.57985
[dump]   top3 idx=15365 val=4.55659
[dump]   top4 idx=10245 val=4.53668
[dump] L06.conv   n=163840  finite=1 absmax=2.8752       mean=0.00093935   sumsq=240.3538132        argmax=4664
[dump]   top0 idx=4664 val=2.87523
[dump]   top1 idx=14904 val=2.28241
[dump]   top2 idx=14943 val=1.62250
[dump]   top3 idx=14865 val=1.55014
[dump]   top4 idx=35345 val=1.30859
[dump] L06.gnorm  n=98304   finite=1 absmax=2.2702       mean=0.0010771    sumsq=925.8452275        argmax=11492
[dump]   top0 idx=11492 val=2.01665
[dump]   top1 idx=66695 val=2.01182
[dump]   top2 idx=19121 val=1.78734
[dump]   top3 idx=79902 val=1.70378
[dump]   top4 idx=92640 val=1.64228
[dump] L06.lin    n=40960   finite=1 absmax=1.5982       mean=-0.0024942   sumsq=1050.673992        argmax=3042
[dump]   top0 idx=3042 val=1.59822
[dump]   top1 idx=5602 val=1.51766
[dump]   top2 idx=8631 val=1.33107
[dump]   top3 idx=8162 val=1.32289
[dump]   top4 idx=10722 val=1.30599
[dump] L06.att    n=40960   finite=1 absmax=1.5982       mean=-0.0024942   sumsq=1050.673992        argmax=3042
[dump]   top0 idx=3042 val=1.59822
[dump]   top1 idx=5602 val=1.51766
[dump]   top2 idx=8631 val=1.33107
[dump]   top3 idx=8162 val=1.32289
[dump]   top4 idx=10722 val=1.30599
[dump] L06.fmix   n=40960   finite=1 absmax=3.6506       mean=0.016074     sumsq=14075.01575        argmax=17377
[dump]   top0 idx=17377 val=3.63451
[dump]   top1 idx=11241 val=2.78656
[dump]   top2 idx=1009 val=2.54348
[dump]   top3 idx=35985 val=2.52322
[dump]   top4 idx=11585 val=2.50065
[dump] L06.mlogit n=8192    finite=1 absmax=8.9656       mean=-5.9118      sumsq=291376.0512        argmax=906
[dump]   top0 idx=906 val=-2.30531
[dump]   top1 idx=223 val=-2.34394
[dump]   top2 idx=33 val=-2.55950
[dump]   top3 idx=552 val=-2.66962
[dump]   top4 idx=3574 val=-2.69265
[dump] L06.mprob  n=8192    finite=1 absmax=0.057467     mean=0.0019531    sumsq=0.07299873323      argmax=223
[dump]   top0 idx=223 val=0.05747
[dump]   top1 idx=906 val=0.05322
[dump]   top2 idx=33 val=0.04632
[dump]   top3 idx=552 val=0.03697
[dump]   top4 idx=1113 val=0.03097
[dump] L06.mid    n=160     finite=1 absmax=0 mean=0 sumsq=0 ids: 223 33 283 394 439 40 379 159 256 152 394 40 439 67 474 172 329 409 295 198 89 244 71 273 367 380 20 264 206 202 197 244 398 59 352 267 326 159 43 433 278 503 212 89 423 486 197 225 325 45 97 152 67 191 295 144 227 256 91 503 502 348 323 315 314 273 450 492 107 82 295 172 408 496 184 227 304 503 333 461 295 290 210 209 387 299 54 191 77 67 295 431 503 299 77 364 39 485 37 290 95 477 475 245 282 71 431 261 141 279 245 89 69 440 268 477 367 91 273 41 413 492 123 503 486 75 270 40 494 477 127 152 326 375 278 123 69 133 390 159 307 275 488 173 157 63 78 204 130 413 212 353 278 341 277 85 337 393 275 300
[dump] L06.rlogit n=8192    finite=1 absmax=8.9656       mean=-5.9118      sumsq=291376.0512        argmax=906
[dump]   top0 idx=906 val=-2.30531
[dump]   top1 idx=223 val=-2.34394
[dump]   top2 idx=33 val=-2.55950
[dump]   top3 idx=552 val=-2.66962
[dump]   top4 idx=3574 val=-2.69265
[dump] L06.mwt    n=160     finite=1 absmax=0.34903      mean=0.1          sumsq=1.933703843        argmax=10
[dump] L06.mgate  n=102400  finite=1 absmax=3.3266       mean=-0.27797     sumsq=28051.41784        argmax=98037
[dump]   top0 idx=98037 val=2.90296
[dump]   top1 idx=66854 val=2.70797
[dump]   top2 idx=20065 val=2.51038
[dump]   top3 idx=99972 val=2.42598
[dump]   top4 idx=99717 val=2.29305
[dump] L06.mup    n=102400  finite=1 absmax=2.4674       mean=0.0015141    sumsq=14893.21308        argmax=73082
[dump]   top0 idx=73082 val=2.46738
[dump]   top1 idx=64691 val=2.26623
[dump]   top2 idx=86184 val=2.09873
[dump]   top3 idx=931 val=1.97174
[dump]   top4 idx=79429 val=1.96401
[dump] L06.mgu    n=102400  finite=1 absmax=3.8717       mean=0.00043892   sumsq=843.2849259        argmax=98037
[dump]   top0 idx=98037 val=3.60586
[dump]   top1 idx=73282 val=3.55439
[dump]   top2 idx=7590 val=2.23121
[dump]   top3 idx=79429 val=2.22971
[dump]   top4 idx=22167 val=2.22931
[dump] L06.mdown  n=409600  finite=1 absmax=0.23403      mean=0.00011932   sumsq=333.2607398        argmax=82551
[dump]   top0 idx=82551 val=0.23403
[dump]   top1 idx=115055 val=0.20960
[dump]   top2 idx=261816 val=0.19652
[dump]   top3 idx=38778 val=0.19487
[dump]   top4 idx=393750 val=0.19209
[dump] L06.msh    n=40960   finite=1 absmax=0.040705     mean=-9.0852e-06  sumsq=0.6962359755       argmax=33911
[dump]   top0 idx=33911 val=0.04070
[dump]   top1 idx=33173 val=0.03417
[dump]   top2 idx=25493 val=0.03360
[dump]   top3 idx=31591 val=0.02932
[dump]   top4 idx=26805 val=0.02585
[dump] L06.mout   n=40960   finite=1 absmax=0.070023     mean=0.00011148   sumsq=5.734583966        argmax=39402
[dump]   top0 idx=39402 val=0.06475
[dump]   top1 idx=9935 val=0.06158
[dump]   top2 idx=38650 val=0.05473
[dump]   top3 idx=33173 val=0.05363
[dump]   top4 idx=30270 val=0.05353
[dump] L06.moe    n=40960   finite=1 absmax=0.070023     mean=0.00011148   sumsq=5.734583966        argmax=39402
[dump]   top0 idx=39402 val=0.06475
[dump]   top1 idx=9935 val=0.06158
[dump]   top2 idx=38650 val=0.05473
[dump]   top3 idx=33173 val=0.05363
[dump]   top4 idx=30270 val=0.05353
[dump] L06.res    n=163840  finite=1 absmax=3.0981       mean=0.0011259    sumsq=240.1598788        argmax=1500
[dump]   top0 idx=1500 val=0.85058
[dump]   top1 idx=46808 val=0.38271
[dump]   top2 idx=46085 val=0.38143
[dump]   top3 idx=788 val=0.37348
[dump]   top4 idx=15365 val=0.35356
[dump] L07.hcmix  n=40960   finite=1 absmax=15.036       mean=0.0069396    sumsq=5515.098475        argmax=12805
[dump]   top0 idx=12805 val=4.12727
[dump]   top1 idx=17925 val=4.07137
[dump]   top2 idx=15365 val=3.99694
[dump]   top3 idx=10245 val=3.95961
[dump]   top4 idx=2565 val=3.95244
[dump] L07.cur    n=40960   finite=1 absmax=15.036       mean=0.0069396    sumsq=5515.098475        argmax=12805
[dump]   top0 idx=12805 val=4.12727
[dump]   top1 idx=17925 val=4.07137
[dump]   top2 idx=15365 val=3.99694
[dump]   top3 idx=10245 val=3.95961
[dump]   top4 idx=2565 val=3.95244
[dump] L07.qnorm  n=98304   finite=1 absmax=8.0589       mean=0.010271     sumsq=132112.5963        argmax=789
[dump]   top0 idx=789 val=6.92871
[dump]   top1 idx=1557 val=6.76041
[dump]   top2 idx=2581 val=6.48830
[dump]   top3 idx=95490 val=6.20793
[dump]   top4 idx=58626 val=6.09469
[dump] L07.knorm  n=8192    finite=1 absmax=5.3688       mean=0.0059718    sumsq=14496.44662        argmax=6288
[dump]   top0 idx=6288 val=5.36881
[dump]   top1 idx=3019 val=4.98963
[dump]   top2 idx=1817 val=4.85053
[dump]   top3 idx=2653 val=4.59457
[dump]   top4 idx=2630 val=4.54527
[dump] L07.vraw   n=8192    finite=1 absmax=10.549       mean=0.01364      sumsq=4473.115729        argmax=238
[dump]   top0 idx=238 val=10.54893
[dump]   top1 idx=1560 val=2.87835
[dump]   top2 idx=4780 val=2.87806
[dump]   top3 idx=5292 val=2.84196
[dump]   top4 idx=7068 val=2.72040
[dump] L07.Q      n=98304   finite=1 absmax=8.0589       mean=0.0053682    sumsq=132112.5961        argmax=789
[dump]   top0 idx=789 val=6.92871
[dump]   top1 idx=1557 val=6.76041
[dump]   top2 idx=2581 val=6.48830
[dump]   top3 idx=53796 val=6.46330
[dump]   top4 idx=72228 val=6.36775
[dump] L07.K      n=8192    finite=1 absmax=5.3688       mean=0.0046933    sumsq=14496.44659        argmax=6288
[dump]   top0 idx=6288 val=5.36881
[dump]   top1 idx=3019 val=4.98963
[dump]   top2 idx=1817 val=4.85049
[dump]   top3 idx=2653 val=4.59457
[dump]   top4 idx=2630 val=4.54527
[dump] L07.faout  n=98304   finite=1 absmax=10.545       mean=0.008226     sumsq=54548.67956        argmax=238
[dump]   top0 idx=238 val=10.54538
[dump]   top1 idx=494 val=10.54538
[dump]   top2 idx=1006 val=10.54538
[dump]   top3 idx=1262 val=10.54538
[dump]   top4 idx=1518 val=10.54538
[dump] L07.gate   n=98304   finite=1 absmax=5.0644       mean=-1.3138      sumsq=214428.0218        argmax=37402
[dump]   top0 idx=37402 val=1.56538
[dump]   top1 idx=12826 val=1.24461
[dump]   top2 idx=95002 val=1.18663
[dump]   top3 idx=15356 val=1.10862
[dump]   top4 idx=3360 val=1.09308
[dump] L07.gated  n=98304   finite=1 absmax=2.9204       mean=0.0028485    sumsq=2551.43753         argmax=1518
[dump]   top0 idx=1518 val=2.92044
[dump]   top1 idx=2286 val=2.74990
[dump]   top2 idx=3054 val=2.65038
[dump]   top3 idx=2798 val=2.34639
[dump]   top4 idx=2542 val=2.33320
[dump] L07.att    n=40960   finite=1 absmax=2.431        mean=0.0021762    sumsq=695.9311527        argmax=951
[dump]   top0 idx=951 val=2.43103
[dump]   top1 idx=1736 val=1.84751
[dump]   top2 idx=1134 val=1.69483
[dump]   top3 idx=1795 val=1.63014
[dump]   top4 idx=47 val=1.37794
[dump] L07.fmix   n=40960   finite=1 absmax=3.3568       mean=0.017629     sumsq=11397.12853        argmax=2949
[dump]   top0 idx=2949 val=2.19868
[dump]   top1 idx=11241 val=2.19244
[dump]   top2 idx=10936 val=2.13877
[dump]   top3 idx=10596 val=2.13429
[dump]   top4 idx=8681 val=2.09504
[dump] L07.mlogit n=8192    finite=1 absmax=8.4164       mean=-5.9244      sumsq=292720.2535        argmax=3995
[dump]   top0 idx=3995 val=-2.19766
[dump]   top1 idx=4678 val=-2.31953
[dump]   top2 idx=2251 val=-2.63826
[dump]   top3 idx=2131 val=-2.71232
[dump]   top4 idx=7014 val=-2.77053
[dump] L07.mprob  n=8192    finite=1 absmax=0.055432     mean=0.0019531    sumsq=0.07565646306      argmax=4678
[dump]   top0 idx=4678 val=0.05543
[dump]   top1 idx=3995 val=0.05331
[dump]   top2 idx=165 val=0.03624
[dump]   top3 idx=2251 val=0.03475
[dump]   top4 idx=2131 val=0.03227
[dump] L07.mid    n=160     finite=1 absmax=0 mean=0 sumsq=0 ids: 165 351 159 346 242 432 455 8 163 22 159 194 346 486 351 367 325 498 366 433 256 340 456 486 369 265 50 403 88 502 486 301 445 156 242 504 498 340 303 179 203 83 393 71 293 149 194 195 146 504 242 451 287 165 22 84 194 60 464 303 486 502 194 69 403 116 50 309 313 237 411 296 227 159 358 256 338 304 223 340 411 70 403 152 169 188 368 294 47 462 70 403 411 194 294 252 142 15 359 498 194 41 498 87 369 411 486 8 70 285 87 358 203 455 445 464 194 433 456 411 50 511 82 87 69 389 194 403 413 486 358 445 509 87 471 252 159 367 50 393 365 194 77 48 5 445 405 196 8 374 418 400 502 3 501 198 203 423 194 28
[dump] L07.rlogit n=8192    finite=1 absmax=8.4164       mean=-5.9244      sumsq=292720.2535        argmax=3995
[dump]   top0 idx=3995 val=-2.19766
[dump]   top1 idx=4678 val=-2.31953
[dump]   top2 idx=2251 val=-2.63826
[dump]   top3 idx=2131 val=-2.71232
[dump]   top4 idx=7014 val=-2.77053
[dump] L07.mwt    n=160     finite=1 absmax=0.36576      mean=0.1          sumsq=1.970131943        argmax=90
[dump] L07.mgate  n=102400  finite=1 absmax=2.3266       mean=-0.2374      sumsq=21787.15695        argmax=31465
[dump]   top0 idx=31465 val=2.32656
[dump]   top1 idx=70792 val=2.30074
[dump]   top2 idx=93452 val=2.15807
[dump]   top3 idx=85904 val=2.09355
[dump]   top4 idx=101869 val=2.08119
[dump] L07.mup    n=102400  finite=1 absmax=1.6896       mean=-0.00083919  sumsq=11779.88394        argmax=15697
[dump]   top0 idx=15697 val=1.68955
[dump]   top1 idx=87429 val=1.56738
[dump]   top2 idx=74910 val=1.52964
[dump]   top3 idx=65406 val=1.52765
[dump]   top4 idx=6514 val=1.52048
[dump] L07.mgu    n=102400  finite=1 absmax=1.9994       mean=0.00013067   sumsq=482.1910943        argmax=31465
[dump]   top0 idx=31465 val=1.99942
[dump]   top1 idx=65406 val=1.47617
[dump]   top2 idx=97205 val=1.44586
[dump]   top3 idx=10883 val=1.43183
[dump]   top4 idx=93452 val=1.34821
[dump] L07.mdown  n=409600  finite=1 absmax=0.20555      mean=2.8628e-05   sumsq=190.8943624        argmax=339055
[dump]   top0 idx=339055 val=0.18117
[dump]   top1 idx=110776 val=0.16053
[dump]   top2 idx=282805 val=0.15143
[dump]   top3 idx=403234 val=0.14825
[dump]   top4 idx=388064 val=0.14013
[dump] L07.msh    n=40960   finite=1 absmax=0.074653     mean=0.00018393   sumsq=0.8648445527       argmax=5013
[dump]   top0 idx=5013 val=0.03376
[dump]   top1 idx=25493 val=0.03199
[dump]   top2 idx=30613 val=0.03062
[dump]   top3 idx=40853 val=0.03053
[dump]   top4 idx=27203 val=0.03004
[dump] L07.mout   n=40960   finite=1 absmax=0.094858     mean=0.00022671   sumsq=4.110731123        argmax=30613
[dump]   top0 idx=30613 val=0.06389
[dump]   top1 idx=17813 val=0.05996
[dump]   top2 idx=24353 val=0.05826
[dump]   top3 idx=29365 val=0.05560
[dump]   top4 idx=12693 val=0.05379
[dump] L07.moe    n=40960   finite=1 absmax=0.094858     mean=0.00022671   sumsq=4.110731123        argmax=30613
[dump]   top0 idx=30613 val=0.06389
[dump]   top1 idx=17813 val=0.05996
[dump]   top2 idx=24353 val=0.05826
[dump]   top3 idx=29365 val=0.05560
[dump]   top4 idx=12693 val=0.05379
[dump] L07.res    n=163840  finite=1 absmax=3.0731       mean=0.00128      sumsq=252.358505         argmax=1500
[dump]   top0 idx=1500 val=0.84825
[dump]   top1 idx=46085 val=0.38197
[dump]   top2 idx=46808 val=0.37902
[dump]   top3 idx=788 val=0.36463
[dump]   top4 idx=2121 val=0.36315
[dump] L08.hcmix  n=40960   finite=1 absmax=5.183        mean=0.024459     sumsq=10179.79691        argmax=17813
[dump]   top0 idx=17813 val=4.84940
[dump]   top1 idx=30613 val=4.38950
[dump]   top2 idx=28791 val=3.88534
[dump]   top3 idx=7573 val=3.82769
[dump]   top4 idx=12693 val=3.51700
[dump] L08.conv   n=163840  finite=1 absmax=1.238        mean=0.0014535    sumsq=257.4257296        argmax=40361
[dump]   top0 idx=40361 val=1.23803
[dump]   top1 idx=81321 val=1.22251
[dump]   top2 idx=71081 val=1.21183
[dump]   top3 idx=60841 val=1.19685
[dump]   top4 idx=50601 val=1.19161
[dump] L08.gnorm  n=98304   finite=1 absmax=0.33289      mean=5.2795e-05   sumsq=30.05956988        argmax=49579
[dump]   top0 idx=49579 val=0.33289
[dump]   top1 idx=95030 val=0.31803
[dump]   top2 idx=93002 val=0.30711
[dump]   top3 idx=91120 val=0.25619
[dump]   top4 idx=10817 val=0.22999
[dump] L08.lin    n=40960   finite=1 absmax=0.20273      mean=0.00091343   sumsq=29.48798437        argmax=16565
[dump]   top0 idx=16565 val=0.18730
[dump]   top1 idx=38756 val=0.16963
[dump]   top2 idx=39605 val=0.15452
[dump]   top3 idx=20680 val=0.15197
[dump]   top4 idx=21685 val=0.15002
[dump] L08.att    n=40960   finite=1 absmax=0.20273      mean=0.00091343   sumsq=29.48798437        argmax=16565
[dump]   top0 idx=16565 val=0.18730
[dump]   top1 idx=38756 val=0.16963
[dump]   top2 idx=39605 val=0.15452
[dump]   top3 idx=20680 val=0.15197
[dump]   top4 idx=21685 val=0.15002
[dump] L08.fmix   n=40960   finite=1 absmax=5.036        mean=0.022576     sumsq=11114.39461        argmax=1500
[dump]   top0 idx=1500 val=5.03597
[dump]   top1 idx=4046 val=3.10394
[dump]   top2 idx=5751 val=3.03507
[dump]   top3 idx=28791 val=2.70878
[dump]   top4 idx=10871 val=2.56715
[dump] L08.mlogit n=8192    finite=1 absmax=9.1594       mean=-5.8843      sumsq=288119.7912        argmax=6407
[dump]   top0 idx=6407 val=-1.97422
[dump]   top1 idx=5383 val=-2.18692
[dump]   top2 idx=731 val=-2.23579
[dump]   top3 idx=308 val=-2.40064
[dump]   top4 idx=1799 val=-2.43461
[dump] L08.mprob  n=8192    finite=1 absmax=0.067948     mean=0.0019531    sumsq=0.08623907445      argmax=6407
[dump]   top0 idx=6407 val=0.06795
[dump]   top1 idx=5383 val=0.05529
[dump]   top2 idx=731 val=0.05453
[dump]   top3 idx=308 val=0.05399
[dump]   top4 idx=1799 val=0.04934
[dump] L08.mid    n=160     finite=1 absmax=0 mean=0 sumsq=0 ids: 308 456 387 175 439 181 263 219 370 46 219 263 387 462 183 231 121 308 175 433 134 263 99 74 371 308 212 183 436 429 263 360 342 175 99 308 46 387 11 206 263 157 128 217 342 360 134 83 74 308 175 308 206 360 263 439 46 473 387 490 134 387 263 360 99 114 359 74 436 277 387 134 263 46 175 204 1 394 313 261 360 263 252 66 313 295 367 133 370 163 263 360 46 354 27 395 308 105 432 370 263 181 360 308 370 387 46 175 218 105 181 263 134 183 387 462 308 218 51 121 263 218 183 462 308 114 360 354 436 46 263 181 134 183 462 360 218 392 175 81 263 181 360 462 387 175 183 46 392 308 317 263 462 436 465 196 192 17 412 157
[dump] L08.rlogit n=8192    finite=1 absmax=9.1594       mean=-5.8843      sumsq=288119.7912        argmax=6407
[dump]   top0 idx=6407 val=-1.97422
[dump]   top1 idx=5383 val=-2.18692
[dump]   top2 idx=731 val=-2.23579
[dump]   top3 idx=308 val=-2.40064
[dump]   top4 idx=1799 val=-2.43461
[dump] L08.mwt    n=160     finite=1 absmax=0.42564      mean=0.1          sumsq=2.186818217        argmax=120
[dump] L08.mgate  n=102400  finite=1 absmax=2.6426       mean=-0.25704     sumsq=20913.0633         argmax=32138
[dump]   top0 idx=32138 val=2.04518
[dump]   top1 idx=17665 val=1.88556
[dump]   top2 idx=23603 val=1.85578
[dump]   top3 idx=84337 val=1.79304
[dump]   top4 idx=11273 val=1.78074
[dump] L08.mup    n=102400  finite=1 absmax=2.3011       mean=3.7625e-05   sumsq=13600.16755        argmax=550
[dump]   top0 idx=550 val=2.30106
[dump]   top1 idx=76889 val=2.26466
[dump]   top2 idx=385 val=1.82331
[dump]   top3 idx=4311 val=1.78927
[dump]   top4 idx=64861 val=1.68970
[dump] L08.mgu    n=102400  finite=1 absmax=2.9369       mean=-0.00026993  sumsq=549.7965167        argmax=550
[dump]   top0 idx=550 val=2.93687
[dump]   top1 idx=76889 val=1.80861
[dump]   top2 idx=39512 val=1.46249
[dump]   top3 idx=353 val=1.39942
[dump]   top4 idx=3517 val=1.26464
[dump] L08.mdown  n=409600  finite=1 absmax=0.5011       mean=-9.9136e-06  sumsq=239.9641795        argmax=337868
[dump]   top0 idx=337868 val=0.24516
[dump]   top1 idx=336811 val=0.21621
[dump]   top2 idx=1500 val=0.20842
[dump]   top3 idx=30 val=0.20221
[dump]   top4 idx=132 val=0.19438
[dump] L08.msh    n=40960   finite=1 absmax=0.034818     mean=-1.9326e-05  sumsq=0.4042486365       argmax=23145
[dump]   top0 idx=23145 val=0.03482
[dump]   top1 idx=20585 val=0.02698
[dump]   top2 idx=24792 val=0.02651
[dump]   top3 idx=31759 val=0.02406
[dump]   top4 idx=18025 val=0.02090
[dump] L08.mout   n=40960   finite=1 absmax=0.11919      mean=-7.1495e-05  sumsq=5.602127484        argmax=1500
[dump]   top0 idx=1500 val=0.08745
[dump]   top1 idx=30 val=0.06903
[dump]   top2 idx=32279 val=0.06865
[dump]   top3 idx=484 val=0.06417
[dump]   top4 idx=1077 val=0.06325
[dump] L08.moe    n=40960   finite=1 absmax=0.11919      mean=-7.1495e-05  sumsq=5.602127484        argmax=1500
[dump]   top0 idx=1500 val=0.08745
[dump]   top1 idx=30 val=0.06903
[dump]   top2 idx=32279 val=0.06865
[dump]   top3 idx=484 val=0.06417
[dump]   top4 idx=1077 val=0.06325
[dump] L08.res    n=163840  finite=1 absmax=3.1229       mean=0.0013736    sumsq=265.2759809        argmax=1500
[dump]   top0 idx=1500 val=0.88731
[dump]   top1 idx=46085 val=0.38197
[dump]   top2 idx=71573 val=0.38187
[dump]   top3 idx=46808 val=0.37903
[dump]   top4 idx=788 val=0.37702
[dump] L09.hcmix  n=40960   finite=1 absmax=11.524       mean=0.018588     sumsq=11956.99205        argmax=1500
[dump]   top0 idx=1500 val=6.87836
[dump]   top1 idx=17813 val=4.62647
[dump]   top2 idx=30613 val=4.49998
[dump]   top3 idx=21685 val=3.67277
[dump]   top4 idx=37045 val=3.63279
[dump] L09.conv   n=163840  finite=1 absmax=1.1408       mean=0.001023     sumsq=219.5198105        argmax=113758
[dump]   top0 idx=113758 val=1.14078
[dump]   top1 idx=12383 val=1.08177
[dump]   top2 idx=83038 val=1.07650
[dump]   top3 idx=73499 val=1.06089
[dump]   top4 idx=155419 val=1.04839
[dump] L09.gnorm  n=98304   finite=1 absmax=0.96059      mean=-0.0012139   sumsq=213.7870005        argmax=23395
[dump]   top0 idx=23395 val=0.88495
[dump]   top1 idx=21313 val=0.87759
[dump]   top2 idx=75433 val=0.79060
[dump]   top3 idx=63107 val=0.66126
[dump]   top4 idx=69289 val=0.65311
[dump] L09.lin    n=40960   finite=1 absmax=0.60577      mean=0.00021478   sumsq=163.7757273        argmax=9166
[dump]   top0 idx=9166 val=0.60577
[dump]   top1 idx=3511 val=0.36584
[dump]   top2 idx=7104 val=0.29792
[dump]   top3 idx=11191 val=0.29278
[dump]   top4 idx=20134 val=0.28176
[dump] L09.att    n=40960   finite=1 absmax=0.60577      mean=0.00021478   sumsq=163.7757273        argmax=9166
[dump]   top0 idx=9166 val=0.60577
[dump]   top1 idx=3511 val=0.36584
[dump]   top2 idx=7104 val=0.29792
[dump]   top3 idx=11191 val=0.29278
[dump]   top4 idx=20134 val=0.28176
[dump] L09.fmix   n=40960   finite=1 absmax=4.2364       mean=0.02414      sumsq=11773.50557        argmax=1500
[dump]   top0 idx=1500 val=4.23636
[dump]   top1 idx=4046 val=2.41418
[dump]   top2 idx=681 val=2.34951
[dump]   top3 idx=11241 val=2.32063
[dump]   top4 idx=10968 val=2.29850
[dump] L09.mlogit n=8192    finite=1 absmax=8.8746       mean=-5.8988      sumsq=289420.2574        argmax=5497
[dump]   top0 idx=5497 val=-2.50403
[dump]   top1 idx=2419 val=-2.73536
[dump]   top2 idx=6920 val=-2.84328
[dump]   top3 idx=4043 val=-3.07511
[dump]   top4 idx=1857 val=-3.13926
[dump] L09.mprob  n=8192    finite=1 absmax=0.041807     mean=0.0019531    sumsq=0.05995199914      argmax=5497
[dump]   top0 idx=5497 val=0.04181
[dump]   top1 idx=2419 val=0.03290
[dump]   top2 idx=6920 val=0.03142
[dump]   top3 idx=4043 val=0.02481
[dump]   top4 idx=1857 val=0.02209
[dump] L09.mid    n=160     finite=1 absmax=0 mean=0 sumsq=0 ids: 218 369 368 68 376 209 430 142 96 321 292 425 430 321 218 40 68 396 17 369 113 428 382 425 266 271 205 402 40 321 321 425 444 218 209 430 68 376 205 477 371 425 382 276 201 110 321 91 311 162 425 376 238 371 218 361 141 427 377 478 427 148 374 430 468 425 153 371 369 18 459 211 430 377 427 372 456 126 142 410 10 90 372 459 142 427 426 20 55 109 459 377 20 141 90 73 14 370 211 376 377 70 409 218 205 427 445 418 410 321 264 430 374 153 96 478 427 321 218 11 264 370 230 430 374 218 321 276 478 96 264 478 292 230 463 370 427 376 276 430 264 478 230 430 508 146 427 211 68 370 18 230 468 237 339 399 146 378 427 321
[dump] L09.rlogit n=8192    finite=1 absmax=8.8746       mean=-5.8988      sumsq=289420.2574        argmax=5497
[dump]   top0 idx=5497 val=-2.50403
[dump]   top1 idx=2419 val=-2.73536
[dump]   top2 idx=6920 val=-2.84328
[dump]   top3 idx=4043 val=-3.07511
[dump]   top4 idx=1857 val=-3.13926
[dump] L09.mwt    n=160     finite=1 absmax=0.35798      mean=0.1          sumsq=1.877339117        argmax=100
[dump] L09.mgate  n=102400  finite=1 absmax=2.3109       mean=-0.22268     sumsq=19594.61344        argmax=73105
[dump]   top0 idx=73105 val=1.89023
[dump]   top1 idx=79579 val=1.84802
[dump]   top2 idx=11386 val=1.80751
[dump]   top3 idx=14674 val=1.72003
[dump]   top4 idx=90150 val=1.60935
[dump] L09.mup    n=102400  finite=1 absmax=2.6109       mean=0.0037747    sumsq=12850.25468        argmax=79579
[dump]   top0 idx=79579 val=2.61091
[dump]   top1 idx=71646 val=1.73217
[dump]   top2 idx=77773 val=1.68245
[dump]   top3 idx=81251 val=1.66262
[dump]   top4 idx=42421 val=1.65733
[dump] L09.mgu    n=102400  finite=1 absmax=4.1683       mean=-9.8717e-05  sumsq=498.9300782        argmax=79579
[dump]   top0 idx=79579 val=4.16830
[dump]   top1 idx=90150 val=1.98646
[dump]   top2 idx=14674 val=1.96599
[dump]   top3 idx=66835 val=1.35674
[dump]   top4 idx=17972 val=1.25800
[dump] L09.mdown  n=409600  finite=1 absmax=0.46163      mean=-4.1674e-05  sumsq=204.3528234        argmax=348791
[dump]   top0 idx=348791 val=0.46163
[dump]   top1 idx=374391 val=0.41606
[dump]   top2 idx=297591 val=0.30200
[dump]   top3 idx=293704 val=0.30078
[dump]   top4 idx=293760 val=0.18646
[dump] L09.msh    n=40960   finite=1 absmax=0.039551     mean=2.0657e-05   sumsq=0.4262551818       argmax=23145
[dump]   top0 idx=23145 val=0.02246
[dump]   top1 idx=24435 val=0.02020
[dump]   top2 idx=39795 val=0.01990
[dump]   top3 idx=2453 val=0.01834
[dump]   top4 idx=20585 val=0.01753
[dump] L09.mout   n=40960   finite=1 absmax=0.052054     mean=-2.8316e-05  sumsq=3.409129088        argmax=27110
[dump]   top0 idx=27110 val=0.04453
[dump]   top1 idx=15991 val=0.04180
[dump]   top2 idx=27090 val=0.04105
[dump]   top3 idx=31302 val=0.03915
[dump]   top4 idx=40047 val=0.03816
[dump] L09.moe    n=40960   finite=1 absmax=0.052054     mean=-2.8316e-05  sumsq=3.409129088        argmax=27110
[dump]   top0 idx=27110 val=0.04453
[dump]   top1 idx=15991 val=0.04180
[dump]   top2 idx=27090 val=0.04105
[dump]   top3 idx=31302 val=0.03915
[dump]   top4 idx=40047 val=0.03816
[dump] L09.res    n=163840  finite=1 absmax=3.1213       mean=0.0013751    sumsq=269.1823465        argmax=1500
[dump]   top0 idx=1500 val=0.89119
[dump]   top1 idx=46085 val=0.38197
[dump]   top2 idx=46808 val=0.37898
[dump]   top3 idx=788 val=0.37828
[dump]   top4 idx=2121 val=0.37536
[dump] L10.hcmix  n=40960   finite=1 absmax=12.313       mean=0.018782     sumsq=12733.20396        argmax=1500
[dump]   top0 idx=1500 val=8.05485
[dump]   top1 idx=17813 val=4.24915
[dump]   top2 idx=30613 val=4.21907
[dump]   top3 idx=15991 val=3.68851
[dump]   top4 idx=33911 val=3.64643
[dump] L10.conv   n=163840  finite=1 absmax=0.84275      mean=1.6897e-05   sumsq=249.8179285        argmax=96639
[dump]   top0 idx=96639 val=0.84275
[dump]   top1 idx=117119 val=0.83552
[dump]   top2 idx=106879 val=0.82641
[dump]   top3 idx=55679 val=0.82279
[dump]   top4 idx=35199 val=0.82222
[dump] L10.gnorm  n=98304   finite=1 absmax=2.0564       mean=-0.0015483   sumsq=370.4285761        argmax=68762
[dump]   top0 idx=68762 val=1.68937
[dump]   top1 idx=81050 val=1.60823
[dump]   top2 idx=19393 val=1.60570
[dump]   top3 idx=18539 val=1.12016
[dump]   top4 idx=38042 val=1.06846
[dump] L10.lin    n=40960   finite=1 absmax=0.75154      mean=1.9628e-05   sumsq=285.7348123        argmax=9166
[dump]   top0 idx=9166 val=0.75154
[dump]   top1 idx=39393 val=0.53384
[dump]   top2 idx=18871 val=0.52988
[dump]   top3 idx=6071 val=0.52015
[dump]   top4 idx=5848 val=0.50344
[dump] L10.att    n=40960   finite=1 absmax=0.75154      mean=1.9628e-05   sumsq=285.7348123        argmax=9166
[dump]   top0 idx=9166 val=0.75154
[dump]   top1 idx=39393 val=0.53384
[dump]   top2 idx=18871 val=0.52988
[dump]   top3 idx=6071 val=0.52015
[dump]   top4 idx=5848 val=0.50344
[dump] L10.fmix   n=40960   finite=1 absmax=3.1552       mean=0.015611     sumsq=9946.2903          argmax=15991
[dump]   top0 idx=15991 val=2.72327
[dump]   top1 idx=5751 val=2.63504
[dump]   top2 idx=10936 val=2.57745
[dump]   top3 idx=4046 val=2.35420
[dump]   top4 idx=33911 val=2.34613
[dump] L10.mlogit n=8192    finite=1 absmax=10.737       mean=-6.0482      sumsq=305335.5535        argmax=776
[dump]   top0 idx=776 val=-1.47092
[dump]   top1 idx=1800 val=-1.74242
[dump]   top2 idx=1997 val=-1.96284
[dump]   top3 idx=973 val=-1.98188
[dump]   top4 idx=461 val=-1.98490
[dump] L10.mprob  n=8192    finite=1 absmax=0.11004      mean=0.0019531    sumsq=0.112813372        argmax=776
[dump]   top0 idx=776 val=0.11004
[dump]   top1 idx=461 val=0.08383
[dump]   top2 idx=1800 val=0.07890
[dump]   top3 idx=973 val=0.06602
[dump]   top4 idx=2235 val=0.06508
[dump] L10.mid    n=160     finite=1 absmax=0 mean=0 sumsq=0 ids: 461 325 264 107 164 508 495 278 355 322 264 461 278 417 325 164 58 341 355 504 461 230 278 17 40 325 319 187 264 291 264 461 278 58 341 417 508 379 70 230 187 25 373 346 408 461 87 167 433 288 461 508 97 373 379 264 355 417 28 433 461 464 417 97 373 230 355 278 508 357 461 373 97 455 164 509 28 464 508 177 143 461 97 398 509 508 501 343 423 489 423 461 508 97 417 501 28 18 63 379 461 97 423 58 373 508 379 28 17 18 97 355 373 461 417 17 278 464 69 230 18 278 69 461 97 508 355 404 230 70 355 461 495 97 69 387 404 508 341 320 97 461 355 373 88 417 322 500 416 18 373 97 459 103 464 322 247 461 416 69
[dump] L10.rlogit n=8192    finite=1 absmax=10.737       mean=-6.0482      sumsq=305335.5535        argmax=776
[dump]   top0 idx=776 val=-1.47092
[dump]   top1 idx=1800 val=-1.74242
[dump]   top2 idx=1997 val=-1.96284
[dump]   top3 idx=973 val=-1.98188
[dump]   top4 idx=461 val=-1.98490
[dump] L10.mwt    n=160     finite=1 absmax=0.38854      mean=0.1          sumsq=2.191898521        argmax=40
[dump] L10.mgate  n=102400  finite=1 absmax=2.3763       mean=-0.22692     sumsq=18230.48798        argmax=97952
[dump]   top0 idx=97952 val=2.37628
[dump]   top1 idx=2286 val=2.05669
[dump]   top2 idx=65981 val=1.87452
[dump]   top3 idx=28101 val=1.72645
[dump]   top4 idx=1996 val=1.64156
[dump] L10.mup    n=102400  finite=1 absmax=2.0343       mean=-0.00053045  sumsq=11709.93138        argmax=1996
[dump]   top0 idx=1996 val=2.03433
[dump]   top1 idx=85721 val=1.90550
[dump]   top2 idx=31431 val=1.82656
[dump]   top3 idx=82781 val=1.76955
[dump]   top4 idx=495 val=1.58663
[dump] L10.mgu    n=102400  finite=1 absmax=2.7976       mean=5.4078e-05   sumsq=458.6398889        argmax=1996
[dump]   top0 idx=1996 val=2.79764
[dump]   top1 idx=2286 val=2.79568
[dump]   top2 idx=85721 val=2.50321
[dump]   top3 idx=71001 val=1.93488
[dump]   top4 idx=62243 val=1.67330
[dump] L10.mdown  n=409600  finite=1 absmax=1.1645       mean=-8.2183e-05  sumsq=187.7554424        argmax=9592
[dump]   top0 idx=9592 val=0.37631
[dump]   top1 idx=9180 val=0.37581
[dump]   top2 idx=7701 val=0.27373
[dump]   top3 idx=9260 val=0.25180
[dump]   top4 idx=8259 val=0.23594
[dump] L10.msh    n=40960   finite=1 absmax=0.022618     mean=-3.2238e-05  sumsq=0.2309272737       argmax=32021
[dump]   top0 idx=32021 val=0.01534
[dump]   top1 idx=23076 val=0.01520
[dump]   top2 idx=24643 val=0.01466
[dump]   top3 idx=32323 val=0.01435
[dump]   top4 idx=30756 val=0.01412
[dump] L10.mout   n=40960   finite=1 absmax=0.31808      mean=-7.8951e-05  sumsq=3.584457327        argmax=21
[dump]   top0 idx=21 val=0.08718
[dump]   top1 idx=1912 val=0.08529
[dump]   top2 idx=1500 val=0.06686
[dump]   top3 idx=579 val=0.06403
[dump]   top4 idx=788 val=0.05637
[dump] L10.moe    n=40960   finite=1 absmax=0.31808      mean=-7.8951e-05  sumsq=3.584457327        argmax=21
[dump]   top0 idx=21 val=0.08718
[dump]   top1 idx=1912 val=0.08529
[dump]   top2 idx=1500 val=0.06686
[dump]   top3 idx=579 val=0.06403
[dump]   top4 idx=788 val=0.05637
[dump] L10.res    n=163840  finite=1 absmax=3.1889       mean=0.0013639    sumsq=275.6830531        argmax=1500
[dump]   top0 idx=1500 val=0.91857
[dump]   top1 idx=788 val=0.39570
[dump]   top2 idx=2121 val=0.38924
[dump]   top3 idx=46085 val=0.38202
[dump]   top4 idx=71573 val=0.38010
[dump] L11.hcmix  n=40960   finite=1 absmax=19.241       mean=0.011615     sumsq=5274.185688        argmax=12805
[dump]   top0 idx=12805 val=3.14603
[dump]   top1 idx=7685 val=2.87411
[dump]   top2 idx=1500 val=2.83817
[dump]   top3 idx=35845 val=2.82218
[dump]   top4 idx=5125 val=2.79623
[dump] L11.cur    n=40960   finite=1 absmax=19.241       mean=0.011615     sumsq=5274.185688        argmax=12805
[dump]   top0 idx=12805 val=3.14603
[dump]   top1 idx=7685 val=2.87411
[dump]   top2 idx=1500 val=2.83817
[dump]   top3 idx=35845 val=2.82218
[dump]   top4 idx=5125 val=2.79623
[dump] L11.qnorm  n=98304   finite=1 absmax=9.1759       mean=-0.042709    sumsq=126717.1653        argmax=46851
[dump]   top0 idx=46851 val=5.44251
[dump]   top1 idx=89859 val=5.34191
[dump]   top2 idx=71427 val=5.21596
[dump]   top3 idx=3514 val=5.15125
[dump]   top4 idx=83715 val=5.13685
[dump] L11.knorm  n=8192    finite=1 absmax=8.8069       mean=0.038581     sumsq=14714.68369        argmax=2618
[dump]   top0 idx=2618 val=8.80687
[dump]   top1 idx=1594 val=6.87615
[dump]   top2 idx=2106 val=6.02265
[dump]   top3 idx=4034 val=5.90030
[dump]   top4 idx=3642 val=5.71993
[dump] L11.vraw   n=8192    finite=1 absmax=17.098       mean=-0.016543    sumsq=3010.675921        argmax=2706
[dump]   top0 idx=2706 val=2.14266
[dump]   top1 idx=7624 val=2.11801
[dump]   top2 idx=1170 val=2.04144
[dump]   top3 idx=1682 val=2.02007
[dump]   top4 idx=658 val=2.01939
[dump] L11.Q      n=98304   finite=1 absmax=8.8621       mean=-0.033278    sumsq=126717.1649        argmax=31264
[dump]   top0 idx=31264 val=8.86207
[dump]   top1 idx=18944 val=8.83648
[dump]   top2 idx=55808 val=7.82732
[dump]   top3 idx=19200 val=7.29753
[dump]   top4 idx=23808 val=7.13048
[dump] L11.K      n=8192    finite=1 absmax=8.8068       mean=0.043881     sumsq=14714.68368        argmax=2618
[dump]   top0 idx=2618 val=8.80685
[dump]   top1 idx=1594 val=6.87615
[dump]   top2 idx=2106 val=6.02264
[dump]   top3 idx=4034 val=5.90030
[dump]   top4 idx=3642 val=5.71992
[dump] L11.faout  n=98304   finite=1 absmax=17.091       mean=-0.027594    sumsq=35769.83956        argmax=32146
[dump]   top0 idx=32146 val=2.12554
[dump]   top1 idx=32914 val=2.06459
[dump]   top2 idx=31378 val=2.05256
[dump]   top3 idx=32658 val=2.04674
[dump]   top4 idx=14482 val=2.03823
[dump] L11.gate   n=98304   finite=1 absmax=4.2437       mean=-1.1945      sumsq=178522.1189        argmax=19770
[dump]   top0 idx=19770 val=1.60514
[dump]   top1 idx=19825 val=1.60172
[dump]   top2 idx=44486 val=1.57351
[dump]   top3 idx=5528 val=1.56924
[dump]   top4 idx=13681 val=1.56746
[dump] L11.gated  n=98304   finite=1 absmax=6.7719       mean=-0.0046837   sumsq=1985.951974        argmax=146
[dump]   top0 idx=146 val=1.21619
[dump]   top1 idx=2962 val=1.07770
[dump]   top2 idx=1170 val=1.07461
[dump]   top3 idx=1046 val=0.98795
[dump]   top4 idx=1426 val=0.97339
[dump] L11.att    n=40960   finite=1 absmax=2.8085       mean=-0.0004474   sumsq=568.8054576        argmax=2311
[dump]   top0 idx=2311 val=2.80852
[dump]   top1 idx=47 val=2.36228
[dump]   top2 idx=1795 val=1.85251
[dump]   top3 idx=2307 val=1.64096
[dump]   top4 idx=86 val=1.41186
[dump] L11.fmix   n=40960   finite=1 absmax=2.7027       mean=0.016508     sumsq=9577.970424        argmax=33911
[dump]   top0 idx=33911 val=2.70272
[dump]   top1 idx=28791 val=2.56868
[dump]   top2 idx=17813 val=2.39249
[dump]   top3 idx=4046 val=2.34671
[dump]   top4 idx=4060 val=2.13126
[dump] L11.mlogit n=8192    finite=1 absmax=8.8275       mean=-5.8903      sumsq=289496.3435        argmax=5538
[dump]   top0 idx=5538 val=-2.73962
[dump]   top1 idx=7074 val=-2.74071
[dump]   top2 idx=6979 val=-2.76829
[dump]   top3 idx=6050 val=-2.81384
[dump]   top4 idx=7164 val=-2.82274
[dump] L11.mprob  n=8192    finite=1 absmax=0.031204     mean=0.0019531    sumsq=0.07033732828      argmax=5538
[dump]   top0 idx=5538 val=0.03120
[dump]   top1 idx=6467 val=0.02988
[dump]   top2 idx=7074 val=0.02987
[dump]   top3 idx=6562 val=0.02912
[dump]   top4 idx=6979 val=0.02906
[dump] L11.mid    n=160     finite=1 absmax=0 mean=0 sumsq=0 ids: 130 393 163 108 104 128 430 417 180 424 418 163 350 477 30 261 273 424 108 430 323 211 482 108 418 163 360 240 508 23 482 323 108 418 163 430 350 273 461 84 461 323 285 174 108 36 23 418 211 430 108 120 350 323 201 418 508 166 500 358 323 36 108 360 418 27 211 166 10 268 120 418 350 323 108 492 268 384 7 508 384 418 350 360 430 108 120 323 35 490 418 108 323 120 350 164 35 430 98 8 418 108 23 323 317 485 273 430 508 268 418 323 508 104 98 261 108 163 120 457 323 418 508 108 457 261 166 238 253 120 418 323 508 166 430 261 120 249 273 108 166 418 430 323 508 249 371 108 261 120 418 166 249 323 240 430 261 371 457 151
[dump] L11.rlogit n=8192    finite=1 absmax=8.8275       mean=-5.8903      sumsq=289496.3435        argmax=5538
[dump]   top0 idx=5538 val=-2.73962
[dump]   top1 idx=7074 val=-2.74071
[dump]   top2 idx=6979 val=-2.76829
[dump]   top3 idx=6050 val=-2.81384
[dump]   top4 idx=7164 val=-2.82274
[dump] L11.mwt    n=160     finite=1 absmax=0.23827      mean=0.1          sumsq=1.88169754         argmax=120
[dump] L11.mgate  n=102400  finite=1 absmax=2.0226       mean=-0.20294     sumsq=16339.84374        argmax=72214
[dump]   top0 idx=72214 val=1.95816
[dump]   top1 idx=101545 val=1.91885
[dump]   top2 idx=71435 val=1.72147
[dump]   top3 idx=84235 val=1.70237
[dump]   top4 idx=12891 val=1.68751
[dump] L11.mup    n=102400  finite=1 absmax=2.7032       mean=-0.0045402   sumsq=10606.25007        argmax=49990
[dump]   top0 idx=49990 val=1.89382
[dump]   top1 idx=45085 val=1.63930
[dump]   top2 idx=87382 val=1.55046
[dump]   top3 idx=66185 val=1.53038
[dump]   top4 idx=10079 val=1.48396
[dump] L11.mgu    n=102400  finite=1 absmax=3.1325       mean=0.00028238   sumsq=416.1789938        argmax=72214
[dump]   top0 idx=72214 val=2.18488
[dump]   top1 idx=45068 val=1.48805
[dump]   top2 idx=7452 val=1.46696
[dump]   top3 idx=33310 val=1.36468
[dump]   top4 idx=47303 val=1.18476
[dump] L11.mdown  n=409600  finite=1 absmax=0.15852      mean=-4.2522e-05  sumsq=168.1490119        argmax=285191
[dump]   top0 idx=285191 val=0.14872
[dump]   top1 idx=285020 val=0.14684
[dump]   top2 idx=335492 val=0.14150
[dump]   top3 idx=387128 val=0.13557
[dump]   top4 idx=286117 val=0.13192
[dump] L11.msh    n=40960   finite=1 absmax=0.0099053    mean=7.0928e-06   sumsq=0.1111087351       argmax=23328
[dump]   top0 idx=23328 val=0.00991
[dump]   top1 idx=7570 val=0.00942
[dump]   top2 idx=6658 val=0.00839
[dump]   top3 idx=6773 val=0.00795
[dump]   top4 idx=25888 val=0.00792
[dump] L11.mout   n=40960   finite=1 absmax=0.05769      mean=-4.6348e-05  sumsq=3.18630076         argmax=29177
[dump]   top0 idx=29177 val=0.05769
[dump]   top1 idx=29275 val=0.04845
[dump]   top2 idx=29802 val=0.04387
[dump]   top3 idx=30507 val=0.04244
[dump]   top4 idx=29640 val=0.04121
[dump] L11.moe    n=40960   finite=1 absmax=0.05769      mean=-4.6348e-05  sumsq=3.18630076         argmax=29177
[dump]   top0 idx=29177 val=0.05769
[dump]   top1 idx=29275 val=0.04845
[dump]   top2 idx=29802 val=0.04387
[dump]   top3 idx=30507 val=0.04244
[dump]   top4 idx=29640 val=0.04121
[dump] L11.res    n=163840  finite=1 absmax=3.0841       mean=0.0013325    sumsq=281.0370382        argmax=1500
[dump]   top0 idx=1500 val=0.90811
[dump]   top1 idx=2121 val=0.42120
[dump]   top2 idx=788 val=0.38606
[dump]   top3 idx=46085 val=0.38201
[dump]   top4 idx=46808 val=0.37912
[dump] L12.hcmix  n=40960   finite=1 absmax=18.992       mean=0.015858     sumsq=12061.96861        argmax=1500
[dump]   top0 idx=1500 val=9.11847
[dump]   top1 idx=17813 val=3.46475
[dump]   top2 idx=10157 val=3.25905
[dump]   top3 idx=21685 val=3.24809
[dump]   top4 idx=1912 val=3.04491
[dump] L12.conv   n=163840  finite=1 absmax=3.0849       mean=-0.0013642   sumsq=239.9509615        argmax=26631
[dump]   top0 idx=26631 val=3.08487
[dump]   top1 idx=6233 val=2.45475
[dump]   top2 idx=12968 val=1.39230
[dump]   top3 idx=26628 val=1.34672
[dump]   top4 idx=13037 val=0.84205
[dump] L12.gnorm  n=98304   finite=1 absmax=3.8          mean=-0.001509    sumsq=216.1706043        argmax=1488
[dump]   top0 idx=1488 val=3.79995
[dump]   top1 idx=82562 val=0.89342
[dump]   top2 idx=76418 val=0.88411
[dump]   top3 idx=70274 val=0.86377
[dump]   top4 idx=3785 val=0.84737
[dump] L12.lin    n=40960   finite=1 absmax=0.58977      mean=-0.0012563   sumsq=172.9103877        argmax=2311
[dump]   top0 idx=2311 val=0.58977
[dump]   top1 idx=16353 val=0.52437
[dump]   top2 idx=914 val=0.50410
[dump]   top3 idx=359 val=0.41800
[dump]   top4 idx=17862 val=0.40386
[dump] L12.att    n=40960   finite=1 absmax=0.58977      mean=-0.0012563   sumsq=172.9103877        argmax=2311
[dump]   top0 idx=2311 val=0.58977
[dump]   top1 idx=16353 val=0.52437
[dump]   top2 idx=914 val=0.50410
[dump]   top3 idx=359 val=0.41800
[dump]   top4 idx=17862 val=0.40386
[dump] L12.fmix   n=40960   finite=1 absmax=3.0375       mean=0.014576     sumsq=10106.16312        argmax=10171
[dump]   top0 idx=10171 val=2.50819
[dump]   top1 idx=4868 val=2.39362
[dump]   top2 idx=33911 val=2.30288
[dump]   top3 idx=36536 val=2.24343
[dump]   top4 idx=16020 val=2.19617
[dump] L12.mlogit n=8192    finite=1 absmax=8.9333       mean=-5.9554      sumsq=295830.1099        argmax=28
[dump]   top0 idx=28 val=-2.50639
[dump]   top1 idx=4448 val=-2.82561
[dump]   top2 idx=864 val=-2.93680
[dump]   top3 idx=1144 val=-2.93912
[dump]   top4 idx=6053 val=-2.99191
[dump] L12.mprob  n=8192    finite=1 absmax=0.045979     mean=0.0019531    sumsq=0.06851101327      argmax=28
[dump]   top0 idx=28 val=0.04598
[dump]   top1 idx=4448 val=0.03121
[dump]   top2 idx=864 val=0.02986
[dump]   top3 idx=6053 val=0.02656
[dump]   top4 idx=1144 val=0.02527
[dump] L12.mid    n=160     finite=1 absmax=0 mean=0 sumsq=0 ids: 28 139 283 433 201 277 300 386 474 325 352 139 421 52 229 101 43 474 180 277 120 352 229 141 139 133 18 496 307 381 101 352 139 52 277 219 81 381 390 433 118 352 282 393 101 219 52 165 433 139 277 52 9 352 386 390 392 219 172 150 214 229 52 352 141 133 404 238 504 339 352 503 52 386 215 451 355 139 433 141 352 52 189 43 422 381 167 133 66 229 52 43 170 229 352 66 54 139 150 133 421 52 54 352 45 286 386 161 422 433 421 81 433 0 352 52 422 66 366 229 366 0 421 433 52 133 214 352 283 368 0 421 433 366 21 63 52 275 368 172 421 0 52 433 460 63 368 275 366 256 433 368 52 352 0 275 422 421 283 297
[dump] L12.rlogit n=8192    finite=1 absmax=8.9333       mean=-5.9554      sumsq=295830.1099        argmax=28
[dump]   top0 idx=28 val=-2.50639
[dump]   top1 idx=4448 val=-2.82561
[dump]   top2 idx=864 val=-2.93680
[dump]   top3 idx=1144 val=-2.93912
[dump]   top4 idx=6053 val=-2.99191
[dump] L12.mwt    n=160     finite=1 absmax=0.39566      mean=0.1          sumsq=1.918220205        argmax=0
[dump] L12.mgate  n=102400  finite=1 absmax=2.6617       mean=-0.21471     sumsq=19039.54072        argmax=90191
[dump]   top0 idx=90191 val=2.01691
[dump]   top1 idx=11650 val=1.83633
[dump]   top2 idx=76751 val=1.83359
[dump]   top3 idx=69611 val=1.63818
[dump]   top4 idx=35221 val=1.63356
[dump] L12.mup    n=102400  finite=1 absmax=1.7409       mean=0.0016883    sumsq=11090.1348         argmax=70525
[dump]   top0 idx=70525 val=1.58125
[dump]   top1 idx=36482 val=1.55122
[dump]   top2 idx=14701 val=1.51770
[dump]   top3 idx=101863 val=1.47299
[dump]   top4 idx=64500 val=1.46070
[dump] L12.mgu    n=102400  finite=1 absmax=1.5644       mean=-0.00025694  sumsq=393.9622666        argmax=11650
[dump]   top0 idx=11650 val=1.56444
[dump]   top1 idx=67766 val=1.17392
[dump]   top2 idx=35221 val=1.05154
[dump]   top3 idx=65080 val=1.01605
[dump]   top4 idx=35209 val=0.98877
[dump] L12.mdown  n=409600  finite=1 absmax=0.18651      mean=-2.0692e-05  sumsq=160.7334595        argmax=260958
[dump]   top0 idx=260958 val=0.16189
[dump]   top1 idx=260276 val=0.15746
[dump]   top2 idx=337080 val=0.12991
[dump]   top3 idx=358534 val=0.12689
[dump]   top4 idx=88381 val=0.12582
[dump] L12.msh    n=40960   finite=1 absmax=0.044467     mean=2.2231e-05   sumsq=0.4330379143       argmax=12693
[dump]   top0 idx=12693 val=0.04447
[dump]   top1 idx=15253 val=0.04313
[dump]   top2 idx=20373 val=0.03842
[dump]   top3 idx=39067 val=0.03483
[dump]   top4 idx=40853 val=0.03344
[dump] L12.mout   n=40960   finite=1 absmax=0.056396     mean=-1.2066e-05  sumsq=3.077052274        argmax=13467
[dump]   top0 idx=13467 val=0.05640
[dump]   top1 idx=39067 val=0.05520
[dump]   top2 idx=12693 val=0.05187
[dump]   top3 idx=17813 val=0.04724
[dump]   top4 idx=36507 val=0.04680
[dump] L12.moe    n=40960   finite=1 absmax=0.056396     mean=-1.2066e-05  sumsq=3.077052274        argmax=13467
[dump]   top0 idx=13467 val=0.05640
[dump]   top1 idx=39067 val=0.05520
[dump]   top2 idx=12693 val=0.05187
[dump]   top3 idx=17813 val=0.04724
[dump]   top4 idx=36507 val=0.04680
[dump] L12.res    n=163840  finite=1 absmax=3.029        mean=0.0012662    sumsq=295.8978115        argmax=1500
[dump]   top0 idx=1500 val=0.89480
[dump]   top1 idx=2121 val=0.43821
[dump]   top2 idx=71573 val=0.43052
[dump]   top3 idx=50435 val=0.39300
[dump]   top4 idx=788 val=0.39228
[dump] L13.hcmix  n=40960   finite=1 absmax=5.1862       mean=0.013678     sumsq=12595.74329        argmax=17813
[dump]   top0 idx=17813 val=4.53404
[dump]   top1 idx=7573 val=4.27392
[dump]   top2 idx=12693 val=4.14662
[dump]   top3 idx=30613 val=3.59627
[dump]   top4 idx=19715 val=3.15956
[dump] L13.conv   n=163840  finite=1 absmax=1.2097       mean=0.0009794    sumsq=196.0030912        argmax=36098
[dump]   top0 idx=36098 val=1.20967
[dump]   top1 idx=46338 val=1.16938
[dump]   top2 idx=56578 val=1.11594
[dump]   top3 idx=66818 val=1.04080
[dump]   top4 idx=77058 val=0.97484
[dump] L13.gnorm  n=98304   finite=1 absmax=0.68919      mean=0.00010329   sumsq=93.80606766        argmax=57187
[dump]   top0 idx=57187 val=0.58798
[dump]   top1 idx=87215 val=0.54818
[dump]   top2 idx=80562 val=0.49295
[dump]   top3 idx=14108 val=0.42610
[dump]   top4 idx=30905 val=0.41372
[dump] L13.lin    n=40960   finite=1 absmax=0.34214      mean=-0.0010588   sumsq=68.94984315        argmax=23991
[dump]   top0 idx=23991 val=0.34214
[dump]   top1 idx=24033 val=0.33068
[dump]   top2 idx=39351 val=0.32157
[dump]   top3 idx=7328 val=0.28672
[dump]   top4 idx=36791 val=0.28012
[dump] L13.att    n=40960   finite=1 absmax=0.34214      mean=-0.0010588   sumsq=68.94984315        argmax=23991
[dump]   top0 idx=23991 val=0.34214
[dump]   top1 idx=24033 val=0.33068
[dump]   top2 idx=39351 val=0.32157
[dump]   top3 idx=7328 val=0.28672
[dump]   top4 idx=36791 val=0.28012
[dump] L13.fmix   n=40960   finite=1 absmax=3.3064       mean=0.0040527    sumsq=8919.591254        argmax=1500
[dump]   top0 idx=1500 val=3.21573
[dump]   top1 idx=17813 val=2.95488
[dump]   top2 idx=30613 val=2.87939
[dump]   top3 idx=7573 val=2.74572
[dump]   top4 idx=788 val=2.50531
[dump] L13.mlogit n=8192    finite=1 absmax=9.5325       mean=-5.9911      sumsq=299968.372         argmax=293
[dump]   top0 idx=293 val=-1.06681
[dump]   top1 idx=899 val=-2.37295
[dump]   top2 idx=7939 val=-2.54501
[dump]   top3 idx=6915 val=-2.66291
[dump]   top4 idx=6403 val=-2.66367
[dump] L13.mprob  n=8192    finite=1 absmax=0.20732      mean=0.0019531    sumsq=0.1244382129       argmax=293
[dump]   top0 idx=293 val=0.20732
[dump]   top1 idx=899 val=0.04682
[dump]   top2 idx=7939 val=0.04067
[dump]   top3 idx=6403 val=0.03770
[dump]   top4 idx=5891 val=0.03745
[dump] L13.mid    n=160     finite=1 absmax=0 mean=0 sumsq=0 ids: 293 68 466 268 366 219 145 67 224 400 387 273 148 290 293 91 93 250 50 468 290 394 387 148 185 325 250 273 16 330 387 273 148 290 93 221 91 250 368 267 148 508 290 250 64 394 273 118 81 482 387 290 273 148 93 118 338 468 357 296 118 394 290 185 508 325 259 338 453 64 273 290 387 118 265 93 81 259 337 123 273 290 387 504 93 118 81 24 152 265 273 387 118 265 290 259 93 91 317 389 273 290 387 118 470 91 148 259 265 250 259 265 387 274 468 290 123 273 97 453 259 265 387 438 468 118 273 290 451 274 259 387 265 468 273 97 93 451 357 274 259 265 387 468 273 118 97 123 232 91 259 265 468 118 249 290 338 207 274 279
[dump] L13.rlogit n=8192    finite=1 absmax=9.5325       mean=-5.9911      sumsq=299968.372         argmax=293
[dump]   top0 idx=293 val=-1.06681
[dump]   top1 idx=899 val=-2.37295
[dump]   top2 idx=7939 val=-2.54501
[dump]   top3 idx=6915 val=-2.66291
[dump]   top4 idx=6403 val=-2.66367
[dump] L13.mwt    n=160     finite=1 absmax=0.70038      mean=0.1          sumsq=2.341257641        argmax=0
[dump] L13.mgate  n=102400  finite=1 absmax=2.5064       mean=-0.19052     sumsq=15870.80964        argmax=96335
[dump]   top0 idx=96335 val=2.50636
[dump]   top1 idx=89935 val=1.96967
[dump]   top2 idx=77970 val=1.95693
[dump]   top3 idx=77135 val=1.67139
[dump]   top4 idx=85010 val=1.63872
[dump] L13.mup    n=102400  finite=1 absmax=2.2576       mean=-0.0036119   sumsq=10034.82726        argmax=1468
[dump]   top0 idx=1468 val=2.25764
[dump]   top1 idx=96163 val=1.84099
[dump]   top2 idx=76963 val=1.79933
[dump]   top3 idx=89763 val=1.71930
[dump]   top4 idx=83363 val=1.66965
[dump] L13.mgu    n=102400  finite=1 absmax=2.6266       mean=-2.1784e-05  sumsq=366.4446065        argmax=83363
[dump]   top0 idx=83363 val=1.20597
[dump]   top1 idx=60963 val=1.07357
[dump]   top2 idx=1468 val=1.03956
[dump]   top3 idx=70563 val=1.02071
[dump]   top4 idx=16558 val=1.00115
[dump] L13.mdown  n=409600  finite=1 absmax=0.21722      mean=4.3973e-05   sumsq=151.9766911        argmax=309662
[dump]   top0 idx=309662 val=0.17674
[dump]   top1 idx=385959 val=0.15588
[dump]   top2 idx=359067 val=0.14641
[dump]   top3 idx=335178 val=0.14437
[dump]   top4 idx=283691 val=0.14088
[dump] L13.msh    n=40960   finite=1 absmax=0.023758     mean=2.8839e-05   sumsq=0.36263578         argmax=17013
[dump]   top0 idx=17013 val=0.02062
[dump]   top1 idx=24693 val=0.02038
[dump]   top2 idx=5156 val=0.01945
[dump]   top3 idx=7570 val=0.01931
[dump]   top4 idx=23076 val=0.01866
[dump] L13.mout   n=40960   finite=1 absmax=0.16188      mean=0.00015038   sumsq=4.614254294        argmax=1716
[dump]   top0 idx=1716 val=0.09663
[dump]   top1 idx=1301 val=0.08728
[dump]   top2 idx=2035 val=0.07642
[dump]   top3 idx=1912 val=0.07532
[dump]   top4 idx=138 val=0.07356
[dump] L13.moe    n=40960   finite=1 absmax=0.16188      mean=0.00015038   sumsq=4.614254294        argmax=1716
[dump]   top0 idx=1716 val=0.09663
[dump]   top1 idx=1301 val=0.08728
[dump]   top2 idx=2035 val=0.07642
[dump]   top3 idx=1912 val=0.07532
[dump]   top4 idx=138 val=0.07356
[dump] L13.res    n=163840  finite=1 absmax=3.0661       mean=0.0012544    sumsq=309.3732383        argmax=1500
[dump]   top0 idx=1500 val=0.90115
[dump]   top1 idx=71573 val=0.43299
[dump]   top2 idx=2121 val=0.43180
[dump]   top3 idx=60675 val=0.39875
[dump]   top4 idx=50435 val=0.39630
[dump] L14.hcmix  n=40960   finite=1 absmax=8.0094       mean=0.015916     sumsq=11136.56487        argmax=1500
[dump]   top0 idx=1500 val=8.00941
[dump]   top1 idx=17813 val=4.89669
[dump]   top2 idx=12035 val=3.56776
[dump]   top3 idx=10157 val=3.17153
[dump]   top4 idx=15277 val=3.08792
[dump] L14.conv   n=163840  finite=1 absmax=1.0565       mean=-0.00044321  sumsq=242.5537543        argmax=35989
[dump]   top0 idx=35989 val=1.05655
[dump]   top1 idx=46229 val=1.01288
[dump]   top2 idx=56469 val=0.98050
[dump]   top3 idx=76949 val=0.91237
[dump]   top4 idx=66709 val=0.90939
[dump] L14.gnorm  n=98304   finite=1 absmax=7.1103       mean=0.00016607   sumsq=256.8073904        argmax=1941
[dump]   top0 idx=1941 val=7.11030
[dump]   top1 idx=48080 val=0.75202
[dump]   top2 idx=8085 val=0.69921
[dump]   top3 idx=25765 val=0.57996
[dump]   top4 idx=33739 val=0.53435
[dump] L14.lin    n=40960   finite=1 absmax=2.0959       mean=-0.00071017  sumsq=213.9528643        argmax=138
[dump]   top0 idx=138 val=0.81451
[dump]   top1 idx=788 val=0.76609
[dump]   top2 idx=2162 val=0.66789
[dump]   top3 idx=679 val=0.66515
[dump]   top4 idx=1603 val=0.65015
[dump] L14.att    n=40960   finite=1 absmax=2.0959       mean=-0.00071017  sumsq=213.9528643        argmax=138
[dump]   top0 idx=138 val=0.81451
[dump]   top1 idx=788 val=0.76609
[dump]   top2 idx=2162 val=0.66789
[dump]   top3 idx=679 val=0.66515
[dump]   top4 idx=1603 val=0.65015
[dump] L14.fmix   n=40960   finite=1 absmax=6.4423       mean=0.0077649    sumsq=9923.994516        argmax=1500
[dump]   top0 idx=1500 val=3.52662
[dump]   top1 idx=4046 val=2.93343
[dump]   top2 idx=788 val=2.87140
[dump]   top3 idx=47 val=2.56996
[dump]   top4 idx=11241 val=2.39402
[dump] L14.mlogit n=8192    finite=1 absmax=10.195       mean=-5.9861      sumsq=299317.1131        argmax=7924
[dump]   top0 idx=7924 val=-2.47777
[dump]   top1 idx=2574 val=-2.62601
[dump]   top2 idx=1064 val=-2.66560
[dump]   top3 idx=2424 val=-2.73707
[dump]   top4 idx=398 val=-2.74792
[dump] L14.mprob  n=8192    finite=1 absmax=0.04671      mean=0.0019531    sumsq=0.08096589571      argmax=7924
[dump]   top0 idx=7924 val=0.04671
[dump]   top1 idx=398 val=0.04502
[dump]   top2 idx=4788 val=0.03554
[dump]   top3 idx=1064 val=0.03351
[dump]   top4 idx=2424 val=0.03350
[dump] L14.mid    n=160     finite=1 absmax=0 mean=0 sumsq=0 ids: 398 165 266 326 29 17 151 40 339 138 138 506 165 326 398 409 14 117 40 473 40 339 266 29 488 257 492 312 495 176 409 165 14 506 138 473 417 205 398 385 376 280 360 290 463 5 223 22 162 318 14 409 398 290 12 308 506 231 154 385 339 40 9 495 488 136 266 2 108 180 409 441 290 234 14 95 338 231 280 194 280 339 40 441 488 176 95 266 9 387 180 266 312 40 495 492 108 9 280 2 409 473 370 498 506 14 280 306 12 308 40 49 282 339 244 266 136 252 495 180 40 49 244 168 138 409 136 506 335 473 335 506 473 138 398 212 151 409 417 181 335 244 100 506 482 473 151 402 409 212 244 100 482 40 266 407 29 168 510 2
[dump] L14.rlogit n=8192    finite=1 absmax=10.195       mean=-5.9861      sumsq=299317.1131        argmax=7924
[dump]   top0 idx=7924 val=-2.47777
[dump]   top1 idx=2574 val=-2.62601
[dump]   top2 idx=1064 val=-2.66560
[dump]   top3 idx=2424 val=-2.73707
[dump]   top4 idx=398 val=-2.74792
[dump] L14.mwt    n=160     finite=1 absmax=0.29735      mean=0.1          sumsq=1.894959805        argmax=150
[dump] L14.mgate  n=102400  finite=1 absmax=2.7382       mean=-0.21824     sumsq=17371.18997        argmax=5952
[dump]   top0 idx=5952 val=2.19227
[dump]   top1 idx=52607 val=2.17553
[dump]   top2 idx=59726 val=1.92167
[dump]   top3 idx=50643 val=1.80525
[dump]   top4 idx=58852 val=1.75612
[dump] L14.mup    n=102400  finite=1 absmax=2.1534       mean=-0.0026287   sumsq=10198.9132         argmax=58852
[dump]   top0 idx=58852 val=2.15345
[dump]   top1 idx=40811 val=1.95457
[dump]   top2 idx=18411 val=1.94115
[dump]   top3 idx=60651 val=1.66069
[dump]   top4 idx=4699 val=1.65643
[dump] L14.mgu    n=102400  finite=1 absmax=3.2247       mean=-0.00025376  sumsq=369.8257123        argmax=58852
[dump]   top0 idx=58852 val=3.22475
[dump]   top1 idx=5170 val=1.55772
[dump]   top2 idx=300 val=1.39092
[dump]   top3 idx=60852 val=1.08432
[dump]   top4 idx=63162 val=1.01002
[dump] L14.mdown  n=409600  finite=1 absmax=0.38521      mean=1.9917e-05   sumsq=148.2227418        argmax=1500
[dump]   top0 idx=1500 val=0.38521
[dump]   top1 idx=793 val=0.23069
[dump]   top2 idx=788 val=0.20884
[dump]   top3 idx=2238 val=0.19689
[dump]   top4 idx=1094 val=0.19091
[dump] L14.msh    n=40960   finite=1 absmax=0.017967     mean=6.8092e-06   sumsq=0.1232071417       argmax=19715
[dump]   top0 idx=19715 val=0.01797
[dump]   top1 idx=34933 val=0.01571
[dump]   top2 idx=11893 val=0.01523
[dump]   top3 idx=35730 val=0.01450
[dump]   top4 idx=30756 val=0.01391
[dump] L14.mout   n=40960   finite=1 absmax=0.13814      mean=4.3034e-05   sumsq=2.579469737        argmax=1500
[dump]   top0 idx=1500 val=0.13814
[dump]   top1 idx=793 val=0.08070
[dump]   top2 idx=1094 val=0.07273
[dump]   top3 idx=788 val=0.07204
[dump]   top4 idx=2433 val=0.05689
[dump] L14.moe    n=40960   finite=1 absmax=0.13814      mean=4.3034e-05   sumsq=2.579469737        argmax=1500
[dump]   top0 idx=1500 val=0.13814
[dump]   top1 idx=793 val=0.08070
[dump]   top2 idx=1094 val=0.07273
[dump]   top3 idx=788 val=0.07204
[dump]   top4 idx=2433 val=0.05689
[dump] L14.res    n=163840  finite=1 absmax=3.0967       mean=0.0012389    sumsq=321.6809267        argmax=1500
[dump]   top0 idx=1500 val=0.93629
[dump]   top1 idx=788 val=0.48958
[dump]   top2 idx=2121 val=0.48578
[dump]   top3 idx=71573 val=0.43225
[dump]   top4 idx=1580 val=0.43117
[dump] L15.hcmix  n=40960   finite=1 absmax=10.304       mean=0.0060976    sumsq=3088.278457        argmax=1500
[dump]   top0 idx=1500 val=1.92952
[dump]   top1 idx=17813 val=1.77107
[dump]   top2 idx=23768 val=1.58688
[dump]   top3 idx=33947 val=1.56388
[dump]   top4 idx=8408 val=1.55927
[dump] L15.cur    n=40960   finite=1 absmax=10.304       mean=0.0060976    sumsq=3088.278457        argmax=1500
[dump]   top0 idx=1500 val=1.92952
[dump]   top1 idx=17813 val=1.77107
[dump]   top2 idx=23768 val=1.58688
[dump]   top3 idx=33947 val=1.56388
[dump]   top4 idx=8408 val=1.55927
[dump] L15.qnorm  n=98304   finite=1 absmax=6.1906       mean=-0.026467    sumsq=127029.695         argmax=86009
[dump]   top0 idx=86009 val=6.19056
[dump]   top1 idx=43001 val=6.14601
[dump]   top2 idx=67577 val=5.99710
[dump]   top3 idx=92153 val=5.95632
[dump]   top4 idx=15137 val=5.90662
[dump] L15.knorm  n=8192    finite=1 absmax=8.0015       mean=0.046471     sumsq=15181.17662        argmax=7404
[dump]   top0 idx=7404 val=5.31840
[dump]   top1 idx=3948 val=5.29881
[dump]   top2 idx=6892 val=4.95766
[dump]   top3 idx=569 val=4.79565
[dump]   top4 idx=6686 val=4.49132
[dump] L15.vraw   n=8192    finite=1 absmax=8.0112       mean=0.025247     sumsq=2676.68155         argmax=169
[dump]   top0 idx=169 val=8.01122
[dump]   top1 idx=266 val=5.27864
[dump]   top2 idx=7798 val=1.54024
[dump]   top3 idx=2166 val=1.53307
[dump]   top4 idx=2714 val=1.50134
[dump] L15.Q      n=98304   finite=1 absmax=6.1906       mean=-0.014034    sumsq=127029.6949        argmax=86009
[dump]   top0 idx=86009 val=6.19056
[dump]   top1 idx=43001 val=6.14601
[dump]   top2 idx=67577 val=5.99710
[dump]   top3 idx=92153 val=5.95632
[dump]   top4 idx=61433 val=5.87641
[dump] L15.K      n=8192    finite=1 absmax=8.0015       mean=0.036939     sumsq=15181.17661        argmax=7404
[dump]   top0 idx=7404 val=5.31840
[dump]   top1 idx=3948 val=5.29881
[dump]   top2 idx=6892 val=4.95766
[dump]   top3 idx=569 val=4.79566
[dump]   top4 idx=6686 val=4.49132
[dump] L15.faout  n=98304   finite=1 absmax=8.0067       mean=0.033977     sumsq=31952.06111        argmax=169
[dump]   top0 idx=169 val=8.00668
[dump]   top1 idx=425 val=8.00668
[dump]   top2 idx=681 val=8.00668
[dump]   top3 idx=937 val=8.00668
[dump]   top4 idx=1193 val=8.00668
[dump] L15.gate   n=98304   finite=1 absmax=4.2942       mean=-0.85279     sumsq=96938.29614        argmax=47246
[dump]   top0 idx=47246 val=0.74846
[dump]   top1 idx=54430 val=0.68632
[dump]   top2 idx=54416 val=0.67031
[dump]   top3 idx=2698 val=0.56612
[dump]   top4 idx=78285 val=0.55659
[dump] L15.gated  n=98304   finite=1 absmax=2.5992       mean=0.0094841    sumsq=3581.006452        argmax=2985
[dump]   top0 idx=2985 val=2.59921
[dump]   top1 idx=2729 val=1.71097
[dump]   top2 idx=1961 val=1.66609
[dump]   top3 idx=1193 val=1.61149
[dump]   top4 idx=5642 val=1.60840
[dump] L15.att    n=40960   finite=1 absmax=1.2739       mean=-0.0017137   sumsq=237.9687802        argmax=2311
[dump]   top0 idx=2311 val=1.27387
[dump]   top1 idx=892 val=0.99098
[dump]   top2 idx=2307 val=0.66062
[dump]   top3 idx=1795 val=0.53302
[dump]   top4 idx=1947 val=0.50075
[dump] L15.fmix   n=40960   finite=1 absmax=5.6352       mean=0.0104       sumsq=21420.95426        argmax=18648
[dump]   top0 idx=18648 val=5.38028
[dump]   top1 idx=10968 val=5.15401
[dump]   top2 idx=5848 val=4.98361
[dump]   top3 idx=21208 val=4.46272
[dump]   top4 idx=26328 val=4.34177
[dump] L15.mlogit n=8192    finite=1 absmax=12.491       mean=-5.9618      sumsq=297261.8521        argmax=3718
[dump]   top0 idx=3718 val=-2.11154
[dump]   top1 idx=283 val=-2.47586
[dump]   top2 idx=174 val=-3.10712
[dump]   top3 idx=3616 val=-3.17591
[dump]   top4 idx=7150 val=-3.17859
[dump] L15.mprob  n=8192    finite=1 absmax=0.064043     mean=0.0019531    sumsq=0.06856611825      argmax=3718
[dump]   top0 idx=3718 val=0.06404
[dump]   top1 idx=283 val=0.06300
[dump]   top2 idx=174 val=0.03351
[dump]   top3 idx=2255 val=0.02431
[dump]   top4 idx=4230 val=0.02351
[dump] L15.mid    n=160     finite=1 absmax=0 mean=0 sumsq=0 ids: 283 174 38 188 342 103 330 215 50 177 207 494 501 156 199 287 405 303 399 298 207 53 219 154 263 234 31 314 236 192 207 405 288 399 219 494 234 318 302 303 207 453 236 116 388 16 405 406 109 319 207 32 50 426 288 192 219 406 283 134 280 207 453 388 246 366 302 236 134 251 134 32 311 397 406 159 18 467 60 281 134 343 119 487 204 18 511 263 405 222 134 311 426 207 408 343 494 219 446 405 405 314 192 311 228 406 134 303 207 408 207 405 174 311 50 283 303 288 399 494 174 303 423 288 207 405 347 192 311 50 494 289 207 303 405 174 283 192 311 96 289 494 405 322 174 311 283 156 177 207 174 303 289 423 405 12 71 156 50 96
[dump] L15.rlogit n=8192    finite=1 absmax=12.491       mean=-5.9618      sumsq=297261.8521        argmax=3718
[dump]   top0 idx=3718 val=-2.11154
[dump]   top1 idx=283 val=-2.47586
[dump]   top2 idx=174 val=-3.10712
[dump]   top3 idx=3616 val=-3.17591
[dump]   top4 idx=7150 val=-3.17859
[dump] L15.mwt    n=160     finite=1 absmax=0.36872      mean=0.1          sumsq=1.881254672        argmax=70
[dump] L15.mgate  n=102400  finite=1 absmax=3.0175       mean=-0.40304     sumsq=42201.37901        argmax=17828
[dump]   top0 idx=17828 val=1.97082
[dump]   top1 idx=51756 val=1.96791
[dump]   top2 idx=75623 val=1.90342
[dump]   top3 idx=60495 val=1.89943
[dump]   top4 idx=49150 val=1.78650
[dump] L15.mup    n=102400  finite=1 absmax=2.5786       mean=0.0064547    sumsq=22407.71327        argmax=26967
[dump]   top0 idx=26967 val=2.57856
[dump]   top1 idx=49553 val=2.57471
[dump]   top2 idx=48208 val=2.46119
[dump]   top3 idx=84447 val=2.13580
[dump]   top4 idx=41276 val=2.07495
[dump] L15.mgu    n=102400  finite=1 absmax=2.9133       mean=-0.00061496  sumsq=1111.412661        argmax=75623
[dump]   top0 idx=75623 val=2.23368
[dump]   top1 idx=42072 val=1.99510
[dump]   top2 idx=488 val=1.93400
[dump]   top3 idx=33489 val=1.69734
[dump]   top4 idx=149 val=1.63625
[dump] L15.mdown  n=409600  finite=1 absmax=0.91797      mean=8.4096e-05   sumsq=438.1774829        argmax=1716
[dump]   top0 idx=1716 val=0.44840
[dump]   top1 idx=138 val=0.34832
[dump]   top2 idx=1984 val=0.24367
[dump]   top3 idx=2035 val=0.24014
[dump]   top4 idx=562 val=0.23146
[dump] L15.msh    n=40960   finite=1 absmax=0.028475     mean=8.2966e-06   sumsq=0.4494319928       argmax=40796
[dump]   top0 idx=40796 val=0.02847
[dump]   top1 idx=15994 val=0.01797
[dump]   top2 idx=16873 val=0.01759
[dump]   top3 idx=16876 val=0.01686
[dump]   top4 idx=40432 val=0.01685
[dump] L15.mout   n=40960   finite=1 absmax=0.31575      mean=8.7734e-05   sumsq=7.638000236        argmax=1716
[dump]   top0 idx=1716 val=0.15808
[dump]   top1 idx=138 val=0.12651
[dump]   top2 idx=1984 val=0.08904
[dump]   top3 idx=562 val=0.08808
[dump]   top4 idx=2035 val=0.08759
[dump] L15.moe    n=40960   finite=1 absmax=0.31575      mean=8.7734e-05   sumsq=7.638000236        argmax=1716
[dump]   top0 idx=1716 val=0.15808
[dump]   top1 idx=138 val=0.12651
[dump]   top2 idx=1984 val=0.08904
[dump]   top3 idx=562 val=0.08808
[dump]   top4 idx=2035 val=0.08759
[dump] L15.res    n=163840  finite=1 absmax=3.0409       mean=0.001178     sumsq=312.0837707        argmax=1500
[dump]   top0 idx=1500 val=0.93358
[dump]   top1 idx=2121 val=0.50649
[dump]   top2 idx=788 val=0.46735
[dump]   top3 idx=1787 val=0.43285
[dump]   top4 idx=1580 val=0.43242
[dump] L16.hcmix  n=40960   finite=1 absmax=16.005       mean=0.0077177    sumsq=13339.3146         argmax=1500
[dump]   top0 idx=1500 val=9.49409
[dump]   top1 idx=788 val=3.92493
[dump]   top2 idx=19715 val=3.59699
[dump]   top3 idx=20041 val=3.37133
[dump]   top4 idx=20373 val=3.29362
[dump] L16.conv   n=163840  finite=1 absmax=2.4059       mean=-0.0020569   sumsq=507.08184          argmax=18122
[dump]   top0 idx=18122 val=2.40592
[dump]   top1 idx=22823 val=2.06418
[dump]   top2 idx=18146 val=1.89489
[dump]   top3 idx=18153 val=1.77701
[dump]   top4 idx=14965 val=1.56341
[dump] L16.gnorm  n=98304   finite=1 absmax=0.68605      mean=-0.0046446   sumsq=135.5397017        argmax=69898
[dump]   top0 idx=69898 val=0.68605
[dump]   top1 idx=41596 val=0.59364
[dump]   top2 idx=33089 val=0.45821
[dump]   top3 idx=82186 val=0.39435
[dump]   top4 idx=84558 val=0.37570
[dump] L16.lin    n=40960   finite=1 absmax=0.40956      mean=-0.00068194  sumsq=62.79241192        argmax=5081
[dump]   top0 idx=5081 val=0.31554
[dump]   top1 idx=11374 val=0.30711
[dump]   top2 idx=3553 val=0.28371
[dump]   top3 idx=32111 val=0.28221
[dump]   top4 idx=20527 val=0.28054
[dump] L16.att    n=40960   finite=1 absmax=0.40956      mean=-0.00068194  sumsq=62.79241192        argmax=5081
[dump]   top0 idx=5081 val=0.31554
[dump]   top1 idx=11374 val=0.30711
[dump]   top2 idx=3553 val=0.28371
[dump]   top3 idx=32111 val=0.28221
[dump]   top4 idx=20527 val=0.28054
[dump] L16.fmix   n=40960   finite=1 absmax=4.3956       mean=0.0070101    sumsq=16773.32581        argmax=1500
[dump]   top0 idx=1500 val=4.39556
[dump]   top1 idx=6109 val=3.74226
[dump]   top2 idx=10596 val=3.01544
[dump]   top3 idx=788 val=2.87713
[dump]   top4 idx=16196 val=2.86558
[dump] L16.mlogit n=8192    finite=1 absmax=10.314       mean=-6.0533      sumsq=306723.8831        argmax=228
[dump]   top0 idx=228 val=-1.03461
[dump]   top1 idx=7411 val=-2.10887
[dump]   top2 idx=6899 val=-2.15430
[dump]   top3 idx=2788 val=-2.29697
[dump]   top4 idx=5392 val=-2.30083
[dump] L16.mprob  n=8192    finite=1 absmax=0.20559      mean=0.0019531    sumsq=0.1334674457       argmax=228
[dump]   top0 idx=228 val=0.20559
[dump]   top1 idx=7411 val=0.06241
[dump]   top2 idx=6899 val=0.06182
[dump]   top3 idx=740 val=0.05599
[dump]   top4 idx=2788 val=0.04993
[dump] L16.mid    n=160     finite=1 absmax=0 mean=0 sumsq=0 ids: 228 487 243 272 142 132 473 361 32 392 228 272 243 142 447 429 140 479 58 270 228 398 400 124 140 113 457 447 263 319 228 272 142 447 429 479 140 400 270 278 188 447 228 138 104 270 479 303 400 243 228 140 272 142 394 369 278 58 400 346 228 64 303 188 48 447 341 272 263 429 394 400 228 272 140 282 415 240 61 171 228 140 400 272 149 201 393 282 394 181 140 228 243 142 272 263 400 278 61 429 272 228 400 236 465 263 140 142 61 243 243 228 272 140 367 429 263 58 142 487 228 243 142 272 140 263 429 487 479 278 243 58 228 140 263 278 142 272 489 134 243 228 58 278 263 142 272 134 61 480 243 228 202 272 278 263 235 58 487 392
[dump] L16.rlogit n=8192    finite=1 absmax=10.314       mean=-6.0533      sumsq=306723.8831        argmax=228
[dump]   top0 idx=228 val=-1.03461
[dump]   top1 idx=7411 val=-2.10887
[dump]   top2 idx=6899 val=-2.15430
[dump]   top3 idx=2788 val=-2.29697
[dump]   top4 idx=5392 val=-2.30083
[dump] L16.mwt    n=160     finite=1 absmax=0.68536      mean=0.1          sumsq=2.442741213        argmax=0
[dump] L16.mgate  n=102400  finite=1 absmax=3.4564       mean=-0.29471     sumsq=28589.77907        argmax=69
[dump]   top0 idx=69 val=2.02372
[dump]   top1 idx=66508 val=1.86093
[dump]   top2 idx=595 val=1.83326
[dump]   top3 idx=51641 val=1.72134
[dump]   top4 idx=49808 val=1.68498
[dump] L16.mup    n=102400  finite=1 absmax=2.6814       mean=-0.00070255  sumsq=17066.03341        argmax=6294
[dump]   top0 idx=6294 val=2.68137
[dump]   top1 idx=65637 val=2.19661
[dump]   top2 idx=84661 val=2.08292
[dump]   top3 idx=38508 val=1.96355
[dump]   top4 idx=51765 val=1.91965
[dump] L16.mgu    n=102400  finite=1 absmax=2.9912       mean=0.00058184   sumsq=753.0478281        argmax=595
[dump]   top0 idx=595 val=2.61220
[dump]   top1 idx=84661 val=2.46231
[dump]   top2 idx=49808 val=2.03091
[dump]   top3 idx=65637 val=1.82970
[dump]   top4 idx=15454 val=1.67839
[dump] L16.mdown  n=409600  finite=1 absmax=1.0856       mean=-3.0319e-05  sumsq=286.8586852        argmax=2311
[dump]   top0 idx=2311 val=0.35850
[dump]   top1 idx=2366 val=0.32882
[dump]   top2 idx=472 val=0.29140
[dump]   top3 idx=138 val=0.28889
[dump]   top4 idx=627 val=0.28654
[dump] L16.msh    n=40960   finite=1 absmax=0.027334     mean=3.334e-05    sumsq=0.3467203508       argmax=951
[dump]   top0 idx=951 val=0.02733
[dump]   top1 idx=10276 val=0.01846
[dump]   top2 idx=39673 val=0.01778
[dump]   top3 idx=35876 val=0.01632
[dump]   top4 idx=15396 val=0.01619
[dump] L16.mout   n=40960   finite=1 absmax=0.75348      mean=-7.2231e-07  sumsq=11.12727588        argmax=2311
[dump]   top0 idx=2311 val=0.25872
[dump]   top1 idx=2366 val=0.22937
[dump]   top2 idx=138 val=0.20246
[dump]   top3 idx=472 val=0.20185
[dump]   top4 idx=1303 val=0.19586
[dump] L16.moe    n=40960   finite=1 absmax=0.75348      mean=-7.2231e-07  sumsq=11.12727588        argmax=2311
[dump]   top0 idx=2311 val=0.25872
[dump]   top1 idx=2366 val=0.22937
[dump]   top2 idx=138 val=0.20246
[dump]   top3 idx=472 val=0.20185
[dump]   top4 idx=1303 val=0.19586
[dump] L16.res    n=163840  finite=1 absmax=2.8917       mean=0.0011266    sumsq=319.9006849        argmax=1500
[dump]   top0 idx=1500 val=0.90836
[dump]   top1 idx=2121 val=0.53627
[dump]   top2 idx=1580 val=0.52579
[dump]   top3 idx=788 val=0.51095
[dump]   top4 idx=1787 val=0.50733
[dump] L17.hcmix  n=40960   finite=1 absmax=6.5086       mean=0.010885     sumsq=13263.73614        argmax=17813
[dump]   top0 idx=17813 val=4.68631
[dump]   top1 idx=1500 val=4.23688
[dump]   top2 idx=7573 val=3.69877
[dump]   top3 idx=12693 val=3.67061
[dump]   top4 idx=10157 val=3.57863
[dump] L17.conv   n=163840  finite=1 absmax=1.7355       mean=0.0009315    sumsq=335.5234675        argmax=13091
[dump]   top0 idx=13091 val=1.73545
[dump]   top1 idx=67237 val=0.98565
[dump]   top2 idx=97957 val=0.98168
[dump]   top3 idx=56997 val=0.97405
[dump]   top4 idx=108197 val=0.96991
[dump] L17.gnorm  n=98304   finite=1 absmax=0.93203      mean=-0.0013463   sumsq=75.20071167        argmax=5356
[dump]   top0 idx=5356 val=0.93203
[dump]   top1 idx=11500 val=0.63585
[dump]   top2 idx=38138 val=0.36034
[dump]   top3 idx=3834 val=0.35777
[dump]   top4 idx=33819 val=0.30613
[dump] L17.lin    n=40960   finite=1 absmax=0.40879      mean=-0.0010857   sumsq=52.68818645        argmax=38577
[dump]   top0 idx=38577 val=0.23137
[dump]   top1 idx=40384 val=0.21527
[dump]   top2 idx=17345 val=0.21382
[dump]   top3 idx=30897 val=0.20978
[dump]   top4 idx=28337 val=0.19772
[dump] L17.att    n=40960   finite=1 absmax=0.40879      mean=-0.0010857   sumsq=52.68818645        argmax=38577
[dump]   top0 idx=38577 val=0.23137
[dump]   top1 idx=40384 val=0.21527
[dump]   top2 idx=17345 val=0.21382
[dump]   top3 idx=30897 val=0.20978
[dump]   top4 idx=28337 val=0.19772
[dump] L17.fmix   n=40960   finite=1 absmax=3.4043       mean=0.0035237    sumsq=12403.90943        argmax=4046
[dump]   top0 idx=4046 val=3.40430
[dump]   top1 idx=39912 val=2.92465
[dump]   top2 idx=788 val=2.85699
[dump]   top3 idx=10596 val=2.49212
[dump]   top4 idx=10988 val=2.44947
[dump] L17.mlogit n=8192    finite=1 absmax=9.9157       mean=-6.1321      sumsq=315696.2233        argmax=486
[dump]   top0 idx=486 val=-2.43378
[dump]   top1 idx=648 val=-2.61836
[dump]   top2 idx=1352 val=-2.63545
[dump]   top3 idx=5078 val=-2.84226
[dump]   top4 idx=3592 val=-2.84443
[dump] L17.mprob  n=8192    finite=1 absmax=0.060906     mean=0.0019531    sumsq=0.08733373365      argmax=486
[dump]   top0 idx=486 val=0.06091
[dump]   top1 idx=648 val=0.04039
[dump]   top2 idx=1352 val=0.03855
[dump]   top3 idx=136 val=0.03781
[dump]   top4 idx=5078 val=0.03266
[dump] L17.mid    n=160     finite=1 absmax=0 mean=0 sumsq=0 ids: 486 136 510 209 84 135 15 330 274 130 136 486 328 469 305 499 471 84 387 105 328 469 71 387 136 374 249 486 127 83 136 328 471 486 469 249 387 127 84 366 366 486 333 374 97 471 444 136 18 157 84 136 127 486 448 210 471 328 387 310 444 328 136 486 374 464 194 71 97 221 8 387 181 136 404 486 310 471 394 177 8 136 181 387 470 398 328 404 419 304 470 136 419 127 374 471 327 194 362 474 136 486 84 8 327 127 328 387 438 433 136 471 84 374 486 498 419 1 499 363 136 471 374 366 486 139 362 279 363 419 136 84 486 374 471 499 209 139 363 366 84 209 363 136 499 139 486 419 422 253 139 363 209 471 136 374 486 287 498 279
[dump] L17.rlogit n=8192    finite=1 absmax=9.9157       mean=-6.1321      sumsq=315696.2233        argmax=486
[dump]   top0 idx=486 val=-2.43378
[dump]   top1 idx=648 val=-2.61836
[dump]   top2 idx=1352 val=-2.63545
[dump]   top3 idx=5078 val=-2.84226
[dump]   top4 idx=3592 val=-2.84443
[dump] L17.mwt    n=160     finite=1 absmax=0.29996      mean=0.1          sumsq=1.855982044        argmax=0
[dump] L17.mgate  n=102400  finite=1 absmax=2.0548       mean=-0.20369     sumsq=18896.92114        argmax=78290
[dump]   top0 idx=78290 val=2.05478
[dump]   top1 idx=89878 val=1.86006
[dump]   top2 idx=101000 val=1.69945
[dump]   top3 idx=37478 val=1.69564
[dump]   top4 idx=99410 val=1.69251
[dump] L17.mup    n=102400  finite=1 absmax=1.9014       mean=-0.0024735   sumsq=13287.66808        argmax=18663
[dump]   top0 idx=18663 val=1.78945
[dump]   top1 idx=21730 val=1.73778
[dump]   top2 idx=24900 val=1.73653
[dump]   top3 idx=95508 val=1.69319
[dump]   top4 idx=14086 val=1.65909
[dump] L17.mgu    n=102400  finite=1 absmax=1.6361       mean=-0.00043326  sumsq=490.0699416        argmax=78290
[dump]   top0 idx=78290 val=1.63610
[dump]   top1 idx=249 val=1.51651
[dump]   top2 idx=99410 val=1.35978
[dump]   top3 idx=85330 val=1.33561
[dump]   top4 idx=86542 val=1.25079
[dump] L17.mdown  n=409600  finite=1 absmax=0.44786      mean=0.00013276   sumsq=190.376036         argmax=1716
[dump]   top0 idx=1716 val=0.17849
[dump]   top1 idx=354067 val=0.13053
[dump]   top2 idx=333587 val=0.12738
[dump]   top3 idx=138 val=0.12580
[dump]   top4 idx=45162 val=0.12473
[dump] L17.msh    n=40960   finite=1 absmax=0.015827     mean=6.9223e-06   sumsq=0.185379749        argmax=40195
[dump]   top0 idx=40195 val=0.01583
[dump]   top1 idx=20313 val=0.01327
[dump]   top2 idx=22873 val=0.01319
[dump]   top3 idx=19471 val=0.01115
[dump]   top4 idx=21536 val=0.01004
[dump] L17.mout   n=40960   finite=1 absmax=0.20631      mean=0.00014284   sumsq=2.883957869        argmax=1716
[dump]   top0 idx=1716 val=0.09155
[dump]   top1 idx=138 val=0.05892
[dump]   top2 idx=230 val=0.04297
[dump]   top3 idx=192 val=0.03820
[dump]   top4 idx=1887 val=0.03792
[dump] L17.moe    n=40960   finite=1 absmax=0.20631      mean=0.00014284   sumsq=2.883957869        argmax=1716
[dump]   top0 idx=1716 val=0.09155
[dump]   top1 idx=138 val=0.05892
[dump]   top2 idx=230 val=0.04297
[dump]   top3 idx=192 val=0.03820
[dump]   top4 idx=1887 val=0.03792
[dump] L17.res    n=163840  finite=1 absmax=2.9132       mean=0.0010814    sumsq=317.0107366        argmax=1500
[dump]   top0 idx=1500 val=0.91386
[dump]   top1 idx=1580 val=0.52909
[dump]   top2 idx=2121 val=0.52618
[dump]   top3 idx=788 val=0.51697
[dump]   top4 idx=2366 val=0.49269
[dump] L18.hcmix  n=40960   finite=1 absmax=18.822       mean=0.012043     sumsq=13525.63572        argmax=1500
[dump]   top0 idx=1500 val=8.00764
[dump]   top1 idx=17813 val=4.35345
[dump]   top2 idx=21685 val=4.14535
[dump]   top3 idx=1912 val=3.90295
[dump]   top4 idx=26805 val=3.83397
[dump] L18.conv   n=163840  finite=1 absmax=1.5822       mean=0.00061048   sumsq=276.2848679        argmax=662
[dump]   top0 idx=662 val=1.58218
[dump]   top1 idx=143731 val=0.86335
[dump]   top2 idx=113029 val=0.79645
[dump]   top3 idx=59777 val=0.79507
[dump]   top4 idx=72069 val=0.78994
[dump] L18.gnorm  n=98304   finite=1 absmax=0.68396      mean=0.00012168   sumsq=166.2241275        argmax=93575
[dump]   top0 idx=93575 val=0.62854
[dump]   top1 idx=44423 val=0.62723
[dump]   top2 idx=25991 val=0.59874
[dump]   top3 idx=1663 val=0.58596
[dump]   top4 idx=13703 val=0.56758
[dump] L18.lin    n=40960   finite=1 absmax=0.42107      mean=-0.00075913  sumsq=84.58782277        argmax=38882
[dump]   top0 idx=38882 val=0.42107
[dump]   top1 idx=634 val=0.41440
[dump]   top2 idx=10722 val=0.36098
[dump]   top3 idx=13282 val=0.34290
[dump]   top4 idx=33762 val=0.31020
[dump] L18.att    n=40960   finite=1 absmax=0.42107      mean=-0.00075913  sumsq=84.58782277        argmax=38882
[dump]   top0 idx=38882 val=0.42107
[dump]   top1 idx=634 val=0.41440
[dump]   top2 idx=10722 val=0.36098
[dump]   top3 idx=13282 val=0.34290
[dump]   top4 idx=33762 val=0.31020
[dump] L18.fmix   n=40960   finite=1 absmax=3.4252       mean=0.0098482    sumsq=10923.08996        argmax=17813
[dump]   top0 idx=17813 val=3.42523
[dump]   top1 idx=1500 val=3.05057
[dump]   top2 idx=7573 val=3.00333
[dump]   top3 idx=10936 val=2.93015
[dump]   top4 idx=12655 val=2.81960
[dump] L18.mlogit n=8192    finite=1 absmax=9.7084       mean=-6.2767      sumsq=330443.8934        argmax=2647
[dump]   top0 idx=2647 val=-2.27510
[dump]   top1 idx=449 val=-2.29982
[dump]   top2 idx=2488 val=-2.33371
[dump]   top3 idx=1155 val=-2.37315
[dump]   top4 idx=4125 val=-2.44981
[dump] L18.mprob  n=8192    finite=1 absmax=0.066275     mean=0.0019531    sumsq=0.1148283137       argmax=449
[dump]   top0 idx=449 val=0.06628
[dump]   top1 idx=2488 val=0.06110
[dump]   top2 idx=2647 val=0.05792
[dump]   top3 idx=1155 val=0.05354
[dump]   top4 idx=4125 val=0.04806
[dump] L18.mid    n=160     finite=1 absmax=0 mean=0 sumsq=0 ids: 449 475 399 87 275 411 35 211 24 264 111 29 185 264 201 459 87 325 275 135 131 29 459 157 106 7 201 506 111 119 7 29 201 185 264 101 87 299 405 135 440 131 29 201 459 190 398 111 157 151 87 88 264 277 411 275 297 29 24 101 131 24 102 29 459 7 111 101 366 203 88 469 131 185 200 33 119 29 135 101 29 5 157 459 119 7 353 102 469 411 29 448 264 24 353 87 101 157 185 201 111 29 299 185 201 459 264 106 101 157 131 24 448 101 111 366 29 347 264 106 111 29 366 448 24 201 102 101 157 273 24 131 29 101 448 201 264 211 22 273 24 101 201 448 150 29 211 264 185 123 448 207 29 201 474 24 266 459 270 366
[dump] L18.rlogit n=8192    finite=1 absmax=9.7084       mean=-6.2767      sumsq=330443.8934        argmax=2647
[dump]   top0 idx=2647 val=-2.27510
[dump]   top1 idx=449 val=-2.29982
[dump]   top2 idx=2488 val=-2.33371
[dump]   top3 idx=1155 val=-2.37315
[dump]   top4 idx=4125 val=-2.44981
[dump] L18.mwt    n=160     finite=1 absmax=0.32782      mean=0.1          sumsq=2.035681742        argmax=0
[dump] L18.mgate  n=102400  finite=1 absmax=2.8758       mean=-0.20248     sumsq=20236.55372        argmax=62346
[dump]   top0 idx=62346 val=2.87582
[dump]   top1 idx=31248 val=2.27221
[dump]   top2 idx=71322 val=1.98891
[dump]   top3 idx=24670 val=1.96197
[dump]   top4 idx=52727 val=1.91033
[dump] L18.mup    n=102400  finite=1 absmax=2.239        mean=0.0020842    sumsq=13836.58958        argmax=86168
[dump]   top0 idx=86168 val=2.23904
[dump]   top1 idx=82377 val=2.09871
[dump]   top2 idx=49978 val=1.94766
[dump]   top3 idx=25970 val=1.87547
[dump]   top4 idx=79128 val=1.81242
[dump] L18.mgu    n=102400  finite=1 absmax=2.2694       mean=-3.1034e-05  sumsq=560.5912972        argmax=86168
[dump]   top0 idx=86168 val=2.26944
[dump]   top1 idx=1119 val=1.89331
[dump]   top2 idx=72088 val=1.64311
[dump]   top3 idx=90051 val=1.46375
[dump]   top4 idx=62606 val=1.46281
[dump] L18.mdown  n=409600  finite=1 absmax=0.3556       mean=-8.7828e-06  sumsq=224.6693339        argmax=353228
[dump]   top0 idx=353228 val=0.20556
[dump]   top1 idx=257486 val=0.17492
[dump]   top2 idx=334312 val=0.16166
[dump]   top3 idx=125304 val=0.14902
[dump]   top4 idx=335184 val=0.14666
[dump] L18.msh    n=40960   finite=1 absmax=0.024489     mean=-0.00011406  sumsq=0.285967271        argmax=40853
[dump]   top0 idx=40853 val=0.01935
[dump]   top1 idx=21839 val=0.01766
[dump]   top2 idx=32323 val=0.01646
[dump]   top3 idx=31820 val=0.01579
[dump]   top4 idx=34883 val=0.01510
[dump] L18.mout   n=40960   finite=1 absmax=0.059095     mean=-0.00013457  sumsq=4.223389813        argmax=27086
[dump]   top0 idx=27086 val=0.05812
[dump]   top1 idx=34764 val=0.04649
[dump]   top2 idx=22196 val=0.04638
[dump]   top3 idx=20707 val=0.04627
[dump]   top4 idx=15004 val=0.04522
[dump] L18.moe    n=40960   finite=1 absmax=0.059095     mean=-0.00013457  sumsq=4.223389813        argmax=27086
[dump]   top0 idx=27086 val=0.05812
[dump]   top1 idx=34764 val=0.04649
[dump]   top2 idx=22196 val=0.04638
[dump]   top3 idx=20707 val=0.04627
[dump]   top4 idx=15004 val=0.04522
[dump] L18.res    n=163840  finite=1 absmax=2.9146       mean=0.00090414   sumsq=337.4279525        argmax=1500
[dump]   top0 idx=1500 val=0.90721
[dump]   top1 idx=1580 val=0.53774
[dump]   top2 idx=2121 val=0.52049
[dump]   top3 idx=788 val=0.50164
[dump]   top4 idx=138 val=0.49623
[dump] L19.hcmix  n=40960   finite=1 absmax=11.304       mean=0.0051244    sumsq=4815.071374        argmax=17813
[dump]   top0 idx=17813 val=2.90816
[dump]   top1 idx=19715 val=2.34225
[dump]   top2 idx=7573 val=2.26521
[dump]   top3 idx=30613 val=2.25213
[dump]   top4 idx=27341 val=2.08301
[dump] L19.cur    n=40960   finite=1 absmax=11.304       mean=0.0051244    sumsq=4815.071374        argmax=17813
[dump]   top0 idx=17813 val=2.90816
[dump]   top1 idx=19715 val=2.34225
[dump]   top2 idx=7573 val=2.26521
[dump]   top3 idx=30613 val=2.25213
[dump]   top4 idx=27341 val=2.08301
[dump] L19.qnorm  n=98304   finite=1 absmax=8.8472       mean=0.030078     sumsq=135746.054         argmax=33333
[dump]   top0 idx=33333 val=8.84722
[dump]   top1 idx=88629 val=8.76772
[dump]   top2 idx=70197 val=8.69894
[dump]   top3 idx=82485 val=8.67113
[dump]   top4 idx=27189 val=8.66114
[dump] L19.knorm  n=8192    finite=1 absmax=5.91         mean=-0.011121    sumsq=16528.98777        argmax=2072
[dump]   top0 idx=2072 val=5.90995
[dump]   top1 idx=4632 val=5.62845
[dump]   top2 idx=1048 val=5.30475
[dump]   top3 idx=5144 val=5.11363
[dump]   top4 idx=6351 val=5.02028
[dump] L19.vraw   n=8192    finite=1 absmax=14.331       mean=-0.015901    sumsq=3270.344091        argmax=325
[dump]   top0 idx=325 val=14.33053
[dump]   top1 idx=249 val=9.84310
[dump]   top2 idx=837 val=5.70740
[dump]   top3 idx=761 val=3.72903
[dump]   top4 idx=3154 val=3.17189
[dump] L19.Q      n=98304   finite=1 absmax=8.8473       mean=0.014893     sumsq=135746.0539        argmax=33333
[dump]   top0 idx=33333 val=8.84725
[dump]   top1 idx=88629 val=8.76772
[dump]   top2 idx=70197 val=8.69885
[dump]   top3 idx=82485 val=8.67110
[dump]   top4 idx=27189 val=8.66109
[dump] L19.K      n=8192    finite=1 absmax=5.91         mean=-0.00090851  sumsq=16528.98776        argmax=2072
[dump]   top0 idx=2072 val=5.90998
[dump]   top1 idx=4632 val=5.62859
[dump]   top2 idx=1048 val=5.30478
[dump]   top3 idx=5144 val=5.11373
[dump]   top4 idx=6351 val=5.02028
[dump] L19.faout  n=98304   finite=1 absmax=14.326       mean=-0.0056032   sumsq=35046.11469        argmax=3141
[dump]   top0 idx=3141 val=14.32610
[dump]   top1 idx=3653 val=14.32610
[dump]   top2 idx=3909 val=14.32610
[dump]   top3 idx=4421 val=14.32610
[dump]   top4 idx=4677 val=14.32610
[dump] L19.gate   n=98304   finite=1 absmax=4.2741       mean=-1.1964      sumsq=179568.5717        argmax=23871
[dump]   top0 idx=23871 val=1.32804
[dump]   top1 idx=23936 val=1.32608
[dump]   top2 idx=29973 val=1.28045
[dump]   top3 idx=72981 val=1.26741
[dump]   top4 idx=17727 val=1.24026
[dump] L19.gated  n=98304   finite=1 absmax=4.6015       mean=-0.0034139   sumsq=2342.451407        argmax=5445
[dump]   top0 idx=5445 val=4.60150
[dump]   top1 idx=4165 val=4.32792
[dump]   top2 idx=3141 val=3.86410
[dump]   top3 idx=5957 val=3.55901
[dump]   top4 idx=4677 val=3.02552
[dump] L19.att    n=40960   finite=1 absmax=1.639        mean=0.00097255   sumsq=343.5881704        argmax=892
[dump]   top0 idx=892 val=1.57169
[dump]   top1 idx=1736 val=1.20646
[dump]   top2 idx=2238 val=1.18070
[dump]   top3 idx=2307 val=1.04547
[dump]   top4 idx=1795 val=0.95046
[dump] L19.fmix   n=40960   finite=1 absmax=3.8399       mean=0.006433     sumsq=14348.02597        argmax=4046
[dump]   top0 idx=4046 val=3.83995
[dump]   top1 idx=12035 val=3.24064
[dump]   top2 idx=19715 val=3.16434
[dump]   top3 idx=14245 val=2.94764
[dump]   top4 idx=34792 val=2.74269
[dump] L19.mlogit n=8192    finite=1 absmax=10.022       mean=-6.224       sumsq=325526.3919        argmax=5080
[dump]   top0 idx=5080 val=-2.42566
[dump]   top1 idx=3981 val=-2.44461
[dump]   top2 idx=6687 val=-2.45673
[dump]   top3 idx=2563 val=-2.51543
[dump]   top4 idx=3544 val=-2.56555
[dump] L19.mprob  n=8192    finite=1 absmax=0.048609     mean=0.0019531    sumsq=0.1021496974       argmax=6687
[dump]   top0 idx=6687 val=0.04861
[dump]   top1 idx=5080 val=0.04672
[dump]   top2 idx=3981 val=0.04521
[dump]   top3 idx=2563 val=0.04181
[dump]   top4 idx=3544 val=0.04158
[dump] L19.mid    n=160     finite=1 absmax=0 mean=0 sumsq=0 ids: 406 360 413 162 434 170 31 173 377 293 161 434 472 31 3 377 277 342 188 403 222 161 309 455 56 403 259 70 287 434 3 472 357 161 70 222 31 377 170 291 70 161 259 56 381 472 364 124 74 353 3 368 9 222 501 472 74 357 434 453 472 161 34 375 56 364 259 193 70 222 397 472 86 222 368 3 52 455 161 9 161 397 291 472 222 193 15 3 309 9 472 3 291 222 375 161 364 397 193 315 222 472 161 170 455 3 31 377 426 397 222 472 150 31 3 267 315 375 426 56 375 472 315 3 397 364 121 31 222 434 31 121 490 162 472 173 470 377 103 315 31 472 162 173 14 454 388 372 121 64 472 31 375 121 315 162 56 161 103 388
[dump] L19.rlogit n=8192    finite=1 absmax=10.022       mean=-6.224       sumsq=325526.3919        argmax=5080
[dump]   top0 idx=5080 val=-2.42566
[dump]   top1 idx=3981 val=-2.44461
[dump]   top2 idx=6687 val=-2.45673
[dump]   top3 idx=2563 val=-2.51543
[dump]   top4 idx=3544 val=-2.56555
[dump] L19.mwt    n=160     finite=1 absmax=0.25324      mean=0.1          sumsq=1.859129919        argmax=90
[dump] L19.mgate  n=102400  finite=1 absmax=2.9351       mean=-0.26048     sumsq=24374.93032        argmax=85921
[dump]   top0 idx=85921 val=2.93513
[dump]   top1 idx=90401 val=2.84277
[dump]   top2 idx=71201 val=2.75073
[dump]   top3 idx=96161 val=2.51153
[dump]   top4 idx=77601 val=2.11761
[dump] L19.mup    n=102400  finite=1 absmax=3.8353       mean=-0.0065307   sumsq=15750.8976         argmax=96097
[dump]   top0 idx=96097 val=2.60354
[dump]   top1 idx=57697 val=2.32117
[dump]   top2 idx=85857 val=2.27863
[dump]   top3 idx=71137 val=2.26560
[dump]   top4 idx=90337 val=2.12536
[dump] L19.mgu    n=102400  finite=1 absmax=10.046       mean=-0.00029284  sumsq=1029.647584        argmax=58093
[dump]   top0 idx=58093 val=3.03456
[dump]   top1 idx=74368 val=1.90214
[dump]   top2 idx=78736 val=1.87385
[dump]   top3 idx=24996 val=1.24906
[dump]   top4 idx=58738 val=1.23076
[dump] L19.mdown  n=409600  finite=1 absmax=0.45495      mean=0.00021911   sumsq=399.7633646        argmax=344408
[dump]   top0 idx=344408 val=0.45495
[dump]   top1 idx=344552 val=0.41648
[dump]   top2 idx=344938 val=0.40850
[dump]   top3 idx=285672 val=0.39727
[dump]   top4 idx=362472 val=0.39298
[dump] L19.msh    n=40960   finite=1 absmax=0.015766     mean=8.1885e-05   sumsq=0.2100157097       argmax=38505
[dump]   top0 idx=38505 val=0.01577
[dump]   top1 idx=35945 val=0.01540
[dump]   top2 idx=23994 val=0.01420
[dump]   top3 idx=35876 val=0.01359
[dump]   top4 idx=36975 val=0.01350
[dump] L19.mout   n=40960   finite=1 absmax=0.075921     mean=0.00033309   sumsq=7.08193425         argmax=23592
[dump]   top0 idx=23592 val=0.06991
[dump]   top1 idx=29672 val=0.06549
[dump]   top2 idx=24434 val=0.06401
[dump]   top3 idx=30717 val=0.06360
[dump]   top4 idx=30058 val=0.06331
[dump] L19.moe    n=40960   finite=1 absmax=0.075921     mean=0.00033309   sumsq=7.08193425         argmax=23592
[dump]   top0 idx=23592 val=0.06991
[dump]   top1 idx=29672 val=0.06549
[dump]   top2 idx=24434 val=0.06401
[dump]   top3 idx=30717 val=0.06360
[dump]   top4 idx=30058 val=0.06331
[dump] L19.res    n=163840  finite=1 absmax=2.9404       mean=0.0011347    sumsq=347.4878364        argmax=1500
[dump]   top0 idx=1500 val=0.90904
[dump]   top1 idx=2121 val=0.54838
[dump]   top2 idx=1580 val=0.52252
[dump]   top3 idx=138 val=0.51557
[dump]   top4 idx=788 val=0.48453
[dump] L20.hcmix  n=40960   finite=1 absmax=21.124       mean=0.0069756    sumsq=12574.66198        argmax=1500
[dump]   top0 idx=1500 val=7.06185
[dump]   top1 idx=1736 val=4.42058
[dump]   top2 idx=19715 val=3.95396
[dump]   top3 idx=47 val=3.72493
[dump]   top4 idx=23991 val=3.21218
[dump] L20.conv   n=163840  finite=1 absmax=2.6004       mean=-0.0010643   sumsq=562.3755891        argmax=114037
[dump]   top0 idx=114037 val=2.60040
[dump]   top1 idx=134517 val=2.21830
[dump]   top2 idx=21877 val=2.10364
[dump]   top3 idx=144757 val=1.82509
[dump]   top4 idx=13601 val=1.79399
[dump] L20.gnorm  n=98304   finite=1 absmax=10.351       mean=-0.010824    sumsq=837.4372597        argmax=3916
[dump]   top0 idx=3916 val=10.35070
[dump]   top1 idx=5932 val=1.19603
[dump]   top2 idx=1866 val=0.93643
[dump]   top3 idx=5980 val=0.91126
[dump]   top4 idx=63166 val=0.69031
[dump] L20.lin    n=40960   finite=1 absmax=5.829        mean=0.00026823   sumsq=435.9169071        argmax=2238
[dump]   top0 idx=2238 val=3.27066
[dump]   top1 idx=403 val=3.01984
[dump]   top2 idx=1500 val=2.60493
[dump]   top3 idx=1827 val=1.78164
[dump]   top4 idx=1132 val=1.46440
[dump] L20.att    n=40960   finite=1 absmax=5.829        mean=0.00026823   sumsq=435.9169071        argmax=2238
[dump]   top0 idx=2238 val=3.27066
[dump]   top1 idx=403 val=3.01984
[dump]   top2 idx=1500 val=2.60493
[dump]   top3 idx=1827 val=1.78164
[dump]   top4 idx=1132 val=1.46440
[dump] L20.fmix   n=40960   finite=1 absmax=5.9513       mean=0.0192       sumsq=19967.78489        argmax=4046
[dump]   top0 idx=4046 val=5.66273
[dump]   top1 idx=14245 val=3.61837
[dump]   top2 idx=8681 val=3.61516
[dump]   top3 idx=32206 val=3.46150
[dump]   top4 idx=31387 val=3.28836
[dump] L20.mlogit n=8192    finite=1 absmax=12.519       mean=-6.2182      sumsq=324194.524         argmax=6019
[dump]   top0 idx=6019 val=-2.22615
[dump]   top1 idx=8067 val=-2.28413
[dump]   top2 idx=6531 val=-2.33678
[dump]   top3 idx=7043 val=-2.74513
[dump]   top4 idx=2614 val=-2.79652
[dump] L20.mprob  n=8192    finite=1 absmax=0.070562     mean=0.0019531    sumsq=0.08798607634      argmax=6019
[dump]   top0 idx=6019 val=0.07056
[dump]   top1 idx=8067 val=0.06279
[dump]   top2 idx=6531 val=0.05955
[dump]   top3 idx=7043 val=0.03968
[dump]   top4 idx=4065 val=0.03783
[dump] L20.mid    n=160     finite=1 absmax=0 mean=0 sumsq=0 ids: 429 363 39 439 407 179 307 485 219 169 109 363 76 439 387 388 78 485 269 429 122 218 494 105 26 388 109 158 488 27 363 110 109 40 485 146 134 388 147 313 146 358 125 134 187 199 109 96 218 39 54 491 4 55 481 59 306 313 363 411 243 218 146 445 187 387 244 339 369 122 481 491 244 44 409 59 145 306 387 341 387 59 218 481 137 341 491 127 63 233 387 258 59 168 485 330 243 25 363 127 387 363 339 26 481 485 148 313 168 218 387 168 258 25 154 485 248 242 39 330 387 25 168 258 330 485 358 169 65 146 387 168 485 179 442 258 25 185 313 307 387 179 168 258 442 278 262 18 265 485 387 168 179 442 25 258 125 262 185 182
[dump] L20.rlogit n=8192    finite=1 absmax=12.519       mean=-6.2182      sumsq=324194.524         argmax=6019
[dump]   top0 idx=6019 val=-2.22615
[dump]   top1 idx=8067 val=-2.28413
[dump]   top2 idx=6531 val=-2.33678
[dump]   top3 idx=7043 val=-2.74513
[dump]   top4 idx=2614 val=-2.79652
[dump] L20.mwt    n=160     finite=1 absmax=0.39416      mean=0.1          sumsq=2.110331526        argmax=110
[dump] L20.mgate  n=102400  finite=1 absmax=3.22         mean=-0.24685     sumsq=30248.71082        argmax=96390
[dump]   top0 idx=96390 val=2.53607
[dump]   top1 idx=65904 val=2.51028
[dump]   top2 idx=12882 val=2.49921
[dump]   top3 idx=43952 val=2.49274
[dump]   top4 idx=18911 val=2.33136
[dump] L20.mup    n=102400  finite=1 absmax=2.7108       mean=0.0020705    sumsq=22368.05862        argmax=98202
[dump]   top0 idx=98202 val=2.70715
[dump]   top1 idx=65917 val=2.37867
[dump]   top2 idx=74252 val=2.23793
[dump]   top3 idx=52766 val=2.18834
[dump]   top4 idx=92442 val=2.18743
[dump] L20.mgu    n=102400  finite=1 absmax=4.1935       mean=0.00026625   sumsq=1143.419884        argmax=25610
[dump]   top0 idx=25610 val=2.97789
[dump]   top1 idx=12166 val=2.06186
[dump]   top2 idx=31447 val=1.62633
[dump]   top3 idx=70359 val=1.51131
[dump]   top4 idx=13635 val=1.42869
[dump] L20.mdown  n=409600  finite=1 absmax=0.23436      mean=0.00011083   sumsq=430.5363673        argmax=286329
[dump]   top0 idx=286329 val=0.23436
[dump]   top1 idx=286058 val=0.22221
[dump]   top2 idx=286508 val=0.21841
[dump]   top3 idx=286362 val=0.20877
[dump]   top4 idx=261163 val=0.19935
[dump] L20.msh    n=40960   finite=1 absmax=0.049549     mean=5.0492e-05   sumsq=0.6765047683       argmax=24058
[dump]   top0 idx=24058 val=0.02687
[dump]   top1 idx=35753 val=0.02548
[dump]   top2 idx=4213 val=0.02367
[dump]   top3 idx=4588 val=0.02326
[dump]   top4 idx=25513 val=0.02194
[dump] L20.mout   n=40960   finite=1 absmax=0.075203     mean=0.00013821   sumsq=7.560935461        argmax=32935
[dump]   top0 idx=32935 val=0.07138
[dump]   top1 idx=28298 val=0.05988
[dump]   top2 idx=30280 val=0.05977
[dump]   top3 idx=28739 val=0.05779
[dump]   top4 idx=29615 val=0.05750
[dump] L20.moe    n=40960   finite=1 absmax=0.075203     mean=0.00013821   sumsq=7.560935461        argmax=32935
[dump]   top0 idx=32935 val=0.07138
[dump]   top1 idx=28298 val=0.05988
[dump]   top2 idx=30280 val=0.05977
[dump]   top3 idx=28739 val=0.05779
[dump]   top4 idx=29615 val=0.05750
[dump] L20.res    n=163840  finite=1 absmax=2.8711       mean=0.0011843    sumsq=358.7271584        argmax=1500
[dump]   top0 idx=1500 val=1.28687
[dump]   top1 idx=138 val=0.65669
[dump]   top2 idx=1580 val=0.62177
[dump]   top3 idx=1827 val=0.61166
[dump]   top4 idx=1787 val=0.55774
[dump] L21.hcmix  n=40960   finite=1 absmax=14.076       mean=0.033787     sumsq=14224.62528        argmax=1500
[dump]   top0 idx=1500 val=7.25484
[dump]   top1 idx=1736 val=4.70622
[dump]   top2 idx=1827 val=4.57594
[dump]   top3 idx=1912 val=4.21531
[dump]   top4 idx=21685 val=3.86630
[dump] L21.conv   n=163840  finite=1 absmax=2.5588       mean=-0.00026659  sumsq=868.656544         argmax=12997
[dump]   top0 idx=12997 val=2.55881
[dump]   top1 idx=15063 val=2.04085
[dump]   top2 idx=143375 val=1.89930
[dump]   top3 idx=133135 val=1.89860
[dump]   top4 idx=14990 val=1.88294
[dump] L21.gnorm  n=98304   finite=1 absmax=2.1134       mean=-0.00045752  sumsq=48.64932638        argmax=3391
[dump]   top0 idx=3391 val=2.11336
[dump]   top1 idx=15823 val=0.43425
[dump]   top2 idx=18988 val=0.36600
[dump]   top3 idx=93741 val=0.30172
[dump]   top4 idx=38283 val=0.29847
[dump] L21.lin    n=40960   finite=1 absmax=0.86297      mean=0.00029999   sumsq=35.19618254        argmax=2238
[dump]   top0 idx=2238 val=0.55007
[dump]   top1 idx=16353 val=0.34742
[dump]   top2 idx=33472 val=0.33291
[dump]   top3 idx=30912 val=0.31983
[dump]   top4 idx=38592 val=0.30936
[dump] L21.att    n=40960   finite=1 absmax=0.86297      mean=0.00029999   sumsq=35.19618254        argmax=2238
[dump]   top0 idx=2238 val=0.55007
[dump]   top1 idx=16353 val=0.34742
[dump]   top2 idx=33472 val=0.33291
[dump]   top3 idx=30912 val=0.31983
[dump]   top4 idx=38592 val=0.30936
[dump] L21.fmix   n=40960   finite=1 absmax=5.7356       mean=0.033756     sumsq=17428.21292        argmax=4046
[dump]   top0 idx=4046 val=4.57940
[dump]   top1 idx=10936 val=3.94582
[dump]   top2 idx=10871 val=3.86919
[dump]   top3 idx=5751 val=3.67246
[dump]   top4 idx=1500 val=3.49260
[dump] L21.mlogit n=8192    finite=1 absmax=11.347       mean=-6.2021      sumsq=323293.7368        argmax=7514
[dump]   top0 idx=7514 val=-2.23084
[dump]   top1 idx=1152 val=-2.37106
[dump]   top2 idx=7002 val=-2.37637
[dump]   top3 idx=2862 val=-2.38142
[dump]   top4 idx=6513 val=-2.46253
[dump] L21.mprob  n=8192    finite=1 absmax=0.063968     mean=0.0019531    sumsq=0.1051107434       argmax=7514
[dump]   top0 idx=7514 val=0.06397
[dump]   top1 idx=1152 val=0.05585
[dump]   top2 idx=7002 val=0.05090
[dump]   top3 idx=2862 val=0.04998
[dump]   top4 idx=2585 val=0.04277
[dump] L21.mid    n=160     finite=1 absmax=0 mean=0 sumsq=0 ids: 72 255 379 25 267 128 297 507 190 10 255 128 25 19 379 306 118 426 467 466 128 451 306 507 200 25 372 19 494 385 255 306 379 25 128 511 265 19 426 150 128 48 181 359 346 19 306 60 409 451 302 25 131 379 255 297 134 118 323 426 19 128 385 306 336 484 313 25 200 153 25 480 360 446 427 19 27 260 297 506 352 118 166 19 306 25 484 85 427 248 352 19 306 118 313 57 25 426 369 484 25 118 379 19 255 57 317 128 369 313 369 346 19 57 200 25 128 313 278 118 369 19 57 118 128 153 346 471 264 200 346 313 57 469 369 131 498 255 471 420 346 313 321 369 57 420 118 19 189 418 369 346 313 57 471 420 118 19 128 469
[dump] L21.rlogit n=8192    finite=1 absmax=11.347       mean=-6.2021      sumsq=323293.7368        argmax=7514
[dump]   top0 idx=7514 val=-2.23084
[dump]   top1 idx=1152 val=-2.37106
[dump]   top2 idx=7002 val=-2.37637
[dump]   top3 idx=2862 val=-2.38142
[dump]   top4 idx=6513 val=-2.46253
[dump] L21.mwt    n=160     finite=1 absmax=0.35087      mean=0.1          sumsq=2.015605871        argmax=140
[dump] L21.mgate  n=102400  finite=1 absmax=3.2366       mean=-0.28758     sumsq=31305.07122        argmax=76166
[dump]   top0 idx=76166 val=3.23657
[dump]   top1 idx=78726 val=2.69762
[dump]   top2 idx=72692 val=2.38193
[dump]   top3 idx=52613 val=2.08753
[dump]   top4 idx=101448 val=2.04657
[dump] L21.mup    n=102400  finite=1 absmax=2.4752       mean=-0.0044155   sumsq=19051.46458        argmax=76166
[dump]   top0 idx=76166 val=2.47516
[dump]   top1 idx=83005 val=2.19069
[dump]   top2 idx=78726 val=2.10042
[dump]   top3 idx=78553 val=2.08750
[dump]   top4 idx=100937 val=2.02860
[dump] L21.mgu    n=102400  finite=1 absmax=7.7081       mean=0.00030408   sumsq=1015.954397        argmax=76166
[dump]   top0 idx=76166 val=7.70812
[dump]   top1 idx=78726 val=5.30853
[dump]   top2 idx=99846 val=2.83688
[dump]   top3 idx=93446 val=2.47688
[dump]   top4 idx=72692 val=1.88323
[dump] L21.mdown  n=409600  finite=1 absmax=0.36452      mean=0.00014566   sumsq=395.0865243        argmax=305343
[dump]   top0 idx=305343 val=0.36452
[dump]   top1 idx=305995 val=0.34803
[dump]   top2 idx=306303 val=0.33929
[dump]   top3 idx=306328 val=0.31590
[dump]   top4 idx=306093 val=0.29120
[dump] L21.msh    n=40960   finite=1 absmax=0.020613     mean=2.9151e-06   sumsq=0.3569593396       argmax=32181
[dump]   top0 idx=32181 val=0.01707
[dump]   top1 idx=8204 val=0.01486
[dump]   top2 idx=40850 val=0.01470
[dump]   top3 idx=13751 val=0.01448
[dump]   top4 idx=30756 val=0.01444
[dump] L21.mout   n=40960   finite=1 absmax=0.054229     mean=0.00011974   sumsq=5.604348977        argmax=30592
[dump]   top0 idx=30592 val=0.05337
[dump]   top1 idx=6606 val=0.05192
[dump]   top2 idx=28558 val=0.04995
[dump]   top3 idx=29001 val=0.04948
[dump]   top4 idx=24526 val=0.04913
[dump] L21.moe    n=40960   finite=1 absmax=0.054229     mean=0.00011974   sumsq=5.604348977        argmax=30592
[dump]   top0 idx=30592 val=0.05337
[dump]   top1 idx=6606 val=0.05192
[dump]   top2 idx=28558 val=0.04995
[dump]   top3 idx=29001 val=0.04948
[dump]   top4 idx=24526 val=0.04913
[dump] L21.res    n=163840  finite=1 absmax=2.8934       mean=0.0012905    sumsq=373.468787         argmax=1500
[dump]   top0 idx=1500 val=1.28772
[dump]   top1 idx=138 val=0.65817
[dump]   top2 idx=1580 val=0.61768
[dump]   top3 idx=1827 val=0.61048
[dump]   top4 idx=1787 val=0.55800
[dump] L22.hcmix  n=40960   finite=1 absmax=22.978       mean=0.016975     sumsq=12486.34742        argmax=1500
[dump]   top0 idx=1500 val=9.73821
[dump]   top1 idx=5 val=4.80326
[dump]   top2 idx=2565 val=4.64511
[dump]   top3 idx=17925 val=4.62060
[dump]   top4 idx=25605 val=4.59674
[dump] L22.conv   n=163840  finite=1 absmax=9.4258       mean=-0.0011394   sumsq=1044.394219        argmax=17264
[dump]   top0 idx=17264 val=9.42580
[dump]   top1 idx=15196 val=7.22237
[dump]   top2 idx=27481 val=6.49138
[dump]   top3 idx=19327 val=4.96199
[dump]   top4 idx=37721 val=4.74285
[dump] L22.gnorm  n=98304   finite=1 absmax=1.5818       mean=-0.00042764  sumsq=203.645384         argmax=5707
[dump]   top0 idx=5707 val=1.58184
[dump]   top1 idx=3378 val=1.51415
[dump]   top2 idx=3721 val=0.83344
[dump]   top3 idx=72059 val=0.61791
[dump]   top4 idx=4475 val=0.60457
[dump] L22.lin    n=40960   finite=1 absmax=1.9404       mean=0.00039904   sumsq=131.7356401        argmax=793
[dump]   top0 idx=793 val=1.94043
[dump]   top1 idx=1500 val=1.36138
[dump]   top2 idx=25868 val=1.13322
[dump]   top3 idx=23308 val=0.95274
[dump]   top4 idx=5388 val=0.89224
[dump] L22.att    n=40960   finite=1 absmax=1.9404       mean=0.00039904   sumsq=131.7356401        argmax=793
[dump]   top0 idx=793 val=1.94043
[dump]   top1 idx=1500 val=1.36138
[dump]   top2 idx=25868 val=1.13322
[dump]   top3 idx=23308 val=0.95274
[dump]   top4 idx=5388 val=0.89224
[dump] L22.fmix   n=40960   finite=1 absmax=5.1879       mean=0.029839     sumsq=16017.79842        argmax=36536
[dump]   top0 idx=36536 val=4.30265
[dump]   top1 idx=12655 val=4.14432
[dump]   top2 idx=10936 val=4.12800
[dump]   top3 idx=8681 val=3.35947
[dump]   top4 idx=17813 val=3.22796
[dump] L22.mlogit n=8192    finite=1 absmax=10.367       mean=-6.3359      sumsq=337138.0726        argmax=3825
[dump]   top0 idx=3825 val=-2.45181
[dump]   top1 idx=1484 val=-2.55508
[dump]   top2 idx=1212 val=-2.57236
[dump]   top3 idx=4600 val=-2.64841
[dump]   top4 idx=3875 val=-2.65597
[dump] L22.mprob  n=8192    finite=1 absmax=0.052851     mean=0.0019531    sumsq=0.09701779591      argmax=4600
[dump]   top0 idx=4600 val=0.05285
[dump]   top1 idx=3825 val=0.05275
[dump]   top2 idx=2000 val=0.05167
[dump]   top3 idx=1484 val=0.04363
[dump]   top4 idx=3875 val=0.04301
[dump] L22.mid    n=160     finite=1 absmax=0 mean=0 sumsq=0 ids: 317 309 283 32 456 206 205 57 446 287 305 279 402 376 188 488 484 164 51 50 460 188 488 454 96 50 425 402 164 187 464 51 352 384 425 145 396 488 460 310 13 460 306 183 396 384 193 244 482 102 341 235 347 309 205 104 206 425 462 393 454 460 396 363 488 258 7 389 50 117 241 291 106 124 425 83 365 481 388 360 504 425 50 400 365 388 96 7 164 83 460 504 279 454 50 135 7 487 301 355 87 153 117 182 452 71 425 164 329 277 460 244 117 239 331 134 50 454 483 188 483 117 188 164 51 116 460 425 27 13 173 412 287 355 483 143 262 457 308 301 370 168 442 459 429 254 323 320 476 92 286 483 260 354 173 25 94 209 44 14
[dump] L22.rlogit n=8192    finite=1 absmax=10.367       mean=-6.3359      sumsq=337138.0726        argmax=3825
[dump]   top0 idx=3825 val=-2.45181
[dump]   top1 idx=1484 val=-2.55508
[dump]   top2 idx=1212 val=-2.57236
[dump]   top3 idx=4600 val=-2.64841
[dump]   top4 idx=3875 val=-2.65597
[dump] L22.mwt    n=160     finite=1 absmax=0.28342      mean=0.1          sumsq=1.907386893        argmax=30
[dump] L22.mgate  n=102400  finite=1 absmax=3.7819       mean=-0.20026     sumsq=25606.79853        argmax=18899
[dump]   top0 idx=18899 val=2.86778
[dump]   top1 idx=31739 val=2.69439
[dump]   top2 idx=50352 val=2.61385
[dump]   top3 idx=64250 val=2.58420
[dump]   top4 idx=67307 val=2.47947
[dump] L22.mup    n=102400  finite=1 absmax=3.1912       mean=0.00014004   sumsq=17689.26896        argmax=69741
[dump]   top0 idx=69741 val=3.19121
[dump]   top1 idx=64577 val=2.53486
[dump]   top2 idx=80136 val=2.29506
[dump]   top3 idx=25650 val=2.01705
[dump]   top4 idx=55968 val=1.95822
[dump] L22.mgu    n=102400  finite=1 absmax=3.0729       mean=3.4077e-05   sumsq=858.3630307        argmax=64250
[dump]   top0 idx=64250 val=2.94966
[dump]   top1 idx=65510 val=1.90581
[dump]   top2 idx=90874 val=1.87965
[dump]   top3 idx=49116 val=1.71084
[dump]   top4 idx=69759 val=1.56481
[dump] L22.mdown  n=409600  finite=1 absmax=0.38507      mean=-4.9966e-07  sumsq=325.8986654        argmax=256799
[dump]   top0 idx=256799 val=0.38507
[dump]   top1 idx=75726 val=0.38313
[dump]   top2 idx=258337 val=0.37735
[dump]   top3 idx=257303 val=0.28251
[dump]   top4 idx=256841 val=0.25053
[dump] L22.msh    n=40960   finite=1 absmax=0.048025     mean=-2.1035e-05  sumsq=0.393877618        argmax=40342
[dump]   top0 idx=40342 val=0.02496
[dump]   top1 idx=8631 val=0.02491
[dump]   top2 idx=3280 val=0.02454
[dump]   top3 idx=32515 val=0.02357
[dump]   top4 idx=27542 val=0.02339
[dump] L22.mout   n=40960   finite=1 absmax=0.11244      mean=-4.0349e-05  sumsq=5.55543965         argmax=27937
[dump]   top0 idx=27937 val=0.10309
[dump]   top1 idx=26399 val=0.09930
[dump]   top2 idx=26320 val=0.09217
[dump]   top3 idx=26903 val=0.06863
[dump]   top4 idx=26441 val=0.06281
[dump] L22.moe    n=40960   finite=1 absmax=0.11244      mean=-4.0349e-05  sumsq=5.55543965         argmax=27937
[dump]   top0 idx=27937 val=0.10309
[dump]   top1 idx=26399 val=0.09930
[dump]   top2 idx=26320 val=0.09217
[dump]   top3 idx=26903 val=0.06863
[dump]   top4 idx=26441 val=0.06281
[dump] L22.res    n=163840  finite=1 absmax=2.8932       mean=0.0013073    sumsq=402.3785519        argmax=1500
[dump]   top0 idx=1500 val=1.28945
[dump]   top1 idx=138 val=0.65769
[dump]   top2 idx=1580 val=0.61777
[dump]   top3 idx=1827 val=0.61034
[dump]   top4 idx=1787 val=0.55887
[dump] L23.hcmix  n=40960   finite=1 absmax=7.7759       mean=0.010673     sumsq=4306.789352        argmax=1500
[dump]   top0 idx=1500 val=7.77590
[dump]   top1 idx=793 val=6.69343
[dump]   top2 idx=38405 val=3.17449
[dump]   top3 idx=10245 val=3.14130
[dump]   top4 idx=15365 val=3.12367
[dump] L23.cur    n=40960   finite=1 absmax=7.7759       mean=0.010673     sumsq=4306.789352        argmax=1500
[dump]   top0 idx=1500 val=7.77590
[dump]   top1 idx=793 val=6.69343
[dump]   top2 idx=38405 val=3.17449
[dump]   top3 idx=10245 val=3.14130
[dump]   top4 idx=15365 val=3.12367
[dump] L23.qnorm  n=98304   finite=1 absmax=9.1556       mean=-0.0016624   sumsq=135133.812         argmax=5685
[dump]   top0 idx=5685 val=9.15564
[dump]   top1 idx=66613 val=8.10873
[dump]   top2 idx=43043 val=7.46444
[dump]   top3 idx=36899 val=7.16179
[dump]   top4 idx=60469 val=6.86966
[dump] L23.knorm  n=8192    finite=1 absmax=7.9618       mean=0.052712     sumsq=18182.33751        argmax=5177
[dump]   top0 idx=5177 val=5.83545
[dump]   top1 idx=1048 val=5.78453
[dump]   top2 idx=536 val=5.63256
[dump]   top3 idx=225 val=5.57213
[dump]   top4 idx=3097 val=5.31655
[dump] L23.vraw   n=8192    finite=1 absmax=6.8343       mean=0.008588     sumsq=3459.788654        argmax=3554
[dump]   top0 idx=3554 val=3.09432
[dump]   top1 idx=3371 val=3.04541
[dump]   top2 idx=5090 val=3.01047
[dump]   top3 idx=7138 val=2.97798
[dump]   top4 idx=6626 val=2.93105
[dump] L23.Q      n=98304   finite=1 absmax=9.1556       mean=0.0011971    sumsq=135133.8118        argmax=5685
[dump]   top0 idx=5685 val=9.15564
[dump]   top1 idx=66613 val=8.10837
[dump]   top2 idx=89121 val=7.08010
[dump]   top3 idx=60469 val=6.86968
[dump]   top4 idx=42037 val=6.81626
[dump] L23.K      n=8192    finite=1 absmax=7.9618       mean=0.046805     sumsq=18182.3375         argmax=5177
[dump]   top0 idx=5177 val=5.83560
[dump]   top1 idx=1048 val=5.78451
[dump]   top2 idx=536 val=5.63254
[dump]   top3 idx=225 val=5.57213
[dump]   top4 idx=3097 val=5.31650
[dump] L23.faout  n=98304   finite=1 absmax=6.835        mean=-0.0038703   sumsq=39221.17473        argmax=83426
[dump]   top0 idx=83426 val=2.84011
[dump]   top1 idx=77282 val=2.82455
[dump]   top2 idx=40418 val=2.78319
[dump]   top3 idx=28130 val=2.76682
[dump]   top4 idx=95714 val=2.67353
[dump] L23.gate   n=98304   finite=1 absmax=5.0125       mean=-1.1928      sumsq=181302.1942        argmax=31292
[dump]   top0 idx=31292 val=1.42468
[dump]   top1 idx=25148 val=1.36506
[dump]   top2 idx=25162 val=1.36142
[dump]   top3 idx=31444 val=1.36124
[dump]   top4 idx=80444 val=1.33836
[dump] L23.gated  n=98304   finite=1 absmax=1.6779       mean=-0.00097759  sumsq=3347.131874        argmax=25224
[dump]   top0 idx=25224 val=0.86167
[dump]   top1 idx=31368 val=0.85139
[dump]   top2 idx=539 val=0.84337
[dump]   top3 idx=74376 val=0.84236
[dump]   top4 idx=12936 val=0.84217
[dump] L23.att    n=40960   finite=1 absmax=0.98948      mean=0.0038507    sumsq=315.931088         argmax=35102
[dump]   top0 idx=35102 val=0.64116
[dump]   top1 idx=21537 val=0.62726
[dump]   top2 idx=32542 val=0.61250
[dump]   top3 idx=12104 val=0.58888
[dump]   top4 idx=38959 val=0.57470
[dump] L23.fmix   n=40960   finite=1 absmax=6.0222       mean=0.023722     sumsq=24413.4829         argmax=8681
[dump]   top0 idx=8681 val=6.02219
[dump]   top1 idx=21886 val=3.87555
[dump]   top2 idx=21943 val=3.84657
[dump]   top3 idx=23619 val=3.82665
[dump]   top4 idx=15939 val=3.80495
[dump] L23.mlogit n=8192    finite=1 absmax=10.431       mean=-6.1822      sumsq=319021.2512        argmax=2916
[dump]   top0 idx=2916 val=-1.75002
[dump]   top1 idx=5988 val=-2.02587
[dump]   top2 idx=868 val=-2.09410
[dump]   top3 idx=4064 val=-2.31785
[dump]   top4 idx=5476 val=-2.36011
[dump] L23.mprob  n=8192    finite=1 absmax=0.096059     mean=0.0019531    sumsq=0.1094775592       argmax=2916
[dump]   top0 idx=2916 val=0.09606
[dump]   top1 idx=868 val=0.08560
[dump]   top2 idx=5988 val=0.08158
[dump]   top3 idx=356 val=0.06768
[dump]   top4 idx=4064 val=0.06649
[dump] L23.mid    n=160     finite=1 absmax=0 mean=0 sumsq=0 ids: 356 285 299 389 430 244 334 494 338 42 356 42 506 297 199 61 99 306 466 53 356 48 506 355 99 459 161 354 439 42 356 42 355 99 307 376 107 264 349 335 356 99 109 367 42 342 500 128 264 53 356 480 336 82 372 45 367 128 314 201 297 356 228 104 77 219 186 99 53 349 480 375 356 314 320 367 121 372 45 222 356 480 375 128 320 353 87 171 243 21 356 406 128 480 375 219 273 200 320 87 356 128 442 477 161 297 21 367 506 375 356 128 391 318 61 477 215 480 334 110 356 128 89 177 297 477 383 391 32 77 356 128 127 233 480 56 477 492 110 186 356 128 110 127 233 425 297 257 451 214 356 233 109 128 340 41 411 216 180 488
[dump] L23.rlogit n=8192    finite=1 absmax=10.431       mean=-6.1822      sumsq=319021.2512        argmax=2916
[dump]   top0 idx=2916 val=-1.75002
[dump]   top1 idx=5988 val=-2.02587
[dump]   top2 idx=868 val=-2.09410
[dump]   top3 idx=4064 val=-2.31785
[dump]   top4 idx=5476 val=-2.36011
[dump] L23.mwt    n=160     finite=1 absmax=0.57769      mean=0.1          sumsq=2.967827909        argmax=10
[dump] L23.mgate  n=102400  finite=1 absmax=3.266        mean=-0.29638     sumsq=37154.49004        argmax=27368
[dump]   top0 idx=27368 val=2.11204
[dump]   top1 idx=22543 val=2.10201
[dump]   top2 idx=84149 val=2.01598
[dump]   top3 idx=66601 val=2.00610
[dump]   top4 idx=13079 val=2.00534
[dump] L23.mup    n=102400  finite=1 absmax=4.1426       mean=0.00064075   sumsq=26453.40874        argmax=67329
[dump]   top0 idx=67329 val=4.14259
[dump]   top1 idx=23291 val=2.50685
[dump]   top2 idx=81592 val=2.50270
[dump]   top3 idx=54421 val=2.27485
[dump]   top4 idx=31439 val=2.19374
[dump] L23.mgu    n=102400  finite=1 absmax=4.0187       mean=0.00016867   sumsq=1507.109929        argmax=67329
[dump]   top0 idx=67329 val=4.01874
[dump]   top1 idx=54421 val=2.55808
[dump]   top2 idx=57933 val=2.48823
[dump]   top3 idx=65727 val=2.46988
[dump]   top4 idx=63863 val=2.19484
[dump] L23.mdown  n=409600  finite=1 absmax=0.37404      mean=0.0001593    sumsq=542.2340808        argmax=271130
[dump]   top0 idx=271130 val=0.30284
[dump]   top1 idx=269338 val=0.29076
[dump]   top2 idx=269262 val=0.27335
[dump]   top3 idx=270999 val=0.26532
[dump]   top4 idx=270629 val=0.24564
[dump] L23.msh    n=40960   finite=1 absmax=0.042001     mean=-0.00010403  sumsq=1.046880793        argmax=18640
[dump]   top0 idx=18640 val=0.03946
[dump]   top1 idx=37474 val=0.03877
[dump]   top2 idx=16080 val=0.03527
[dump]   top3 idx=27203 val=0.02940
[dump]   top4 idx=36639 val=0.02869
[dump] L23.mout   n=40960   finite=1 absmax=0.085056     mean=0.00012447   sumsq=12.79377144        argmax=23921
[dump]   top0 idx=23921 val=0.08506
[dump]   top1 idx=23898 val=0.08271
[dump]   top2 idx=25559 val=0.07895
[dump]   top3 idx=3267 val=0.07879
[dump]   top4 idx=2949 val=0.07681
[dump] L23.moe    n=40960   finite=1 absmax=0.085056     mean=0.00012447   sumsq=12.79377144        argmax=23921
[dump]   top0 idx=23921 val=0.08506
[dump]   top1 idx=23898 val=0.08271
[dump]   top2 idx=25559 val=0.07895
[dump]   top3 idx=3267 val=0.07879
[dump]   top4 idx=2949 val=0.07681
[dump] L23.res    n=163840  finite=1 absmax=2.8981       mean=0.0015561    sumsq=411.328122         argmax=1500
[dump]   top0 idx=1500 val=1.28783
[dump]   top1 idx=138 val=0.65103
[dump]   top2 idx=1580 val=0.61323
[dump]   top3 idx=1827 val=0.60338
[dump]   top4 idx=1787 val=0.56196
[dump] L24.hcmix  n=40960   finite=1 absmax=7.3629       mean=0.032374     sumsq=12522.28593        argmax=17813
[dump]   top0 idx=17813 val=5.13204
[dump]   top1 idx=7573 val=4.28192
[dump]   top2 idx=5751 val=4.24745
[dump]   top3 idx=1500 val=4.11684
[dump]   top4 idx=15991 val=3.57938
[dump] L24.conv   n=163840  finite=1 absmax=2.607        mean=0.0019321    sumsq=532.1201296        argmax=73829
[dump]   top0 idx=73829 val=2.60705
[dump]   top1 idx=84069 val=2.14435
[dump]   top2 idx=125029 val=2.12059
[dump]   top3 idx=14136 val=1.84114
[dump]   top4 idx=16653 val=1.74809
[dump] L24.gnorm  n=98304   finite=1 absmax=0.38081      mean=0.00020528   sumsq=33.92070975        argmax=29680
[dump]   top0 idx=29680 val=0.38081
[dump]   top1 idx=10000 val=0.26199
[dump]   top2 idx=42795 val=0.24357
[dump]   top3 idx=38107 val=0.23790
[dump]   top4 idx=23470 val=0.23580
[dump] L24.lin    n=40960   finite=1 absmax=0.23171      mean=-0.00013264  sumsq=26.92411433        argmax=11445
[dump]   top0 idx=11445 val=0.23171
[dump]   top1 idx=39693 val=0.18194
[dump]   top2 idx=17155 val=0.16296
[dump]   top3 idx=6606 val=0.15764
[dump]   top4 idx=29955 val=0.14996
[dump] L24.att    n=40960   finite=1 absmax=0.23171      mean=-0.00013264  sumsq=26.92411433        argmax=11445
[dump]   top0 idx=11445 val=0.23171
[dump]   top1 idx=39693 val=0.18194
[dump]   top2 idx=17155 val=0.16296
[dump]   top3 idx=6606 val=0.15764
[dump]   top4 idx=29955 val=0.14996
[dump] L24.fmix   n=40960   finite=1 absmax=5.6392       mean=0.025612     sumsq=12537.07887        argmax=1500
[dump]   top0 idx=1500 val=5.63920
[dump]   top1 idx=4046 val=3.08122
[dump]   top2 idx=6606 val=2.87903
[dump]   top3 idx=17813 val=2.72044
[dump]   top4 idx=15991 val=2.61405
[dump] L24.mlogit n=8192    finite=1 absmax=10.125       mean=-6.2182      sumsq=324422.5623        argmax=2311
[dump]   top0 idx=2311 val=-1.61669
[dump]   top1 idx=6407 val=-1.71543
[dump]   top2 idx=5301 val=-1.83598
[dump]   top3 idx=1799 val=-1.86156
[dump]   top4 idx=1158 val=-1.94415
[dump] L24.mprob  n=8192    finite=1 absmax=0.11674      mean=0.0019531    sumsq=0.1759103952       argmax=2311
[dump]   top0 idx=2311 val=0.11674
[dump]   top1 idx=6407 val=0.10184
[dump]   top2 idx=5301 val=0.09585
[dump]   top3 idx=1799 val=0.08987
[dump]   top4 idx=1158 val=0.07812
[dump] L24.mid    n=160     finite=1 absmax=0 mean=0 sumsq=0 ids: 308 456 387 175 219 439 46 263 181 370 387 263 219 175 308 46 354 479 99 395 134 99 263 446 36 387 320 308 488 183 263 360 99 342 308 433 387 46 354 134 263 342 360 308 157 217 128 82 134 190 206 360 387 175 395 46 263 394 458 27 134 263 387 99 277 308 498 183 360 446 387 134 90 204 261 6 360 323 263 313 360 354 66 263 387 446 252 99 27 133 263 360 354 387 446 66 204 308 134 183 181 263 360 46 308 387 446 175 134 294 134 263 181 183 387 360 462 354 446 175 263 462 360 183 134 354 387 181 308 218 181 263 134 183 354 462 439 231 360 219 181 263 360 134 387 231 462 465 316 175 263 181 462 360 183 134 317 231 422 81
[dump] L24.rlogit n=8192    finite=1 absmax=10.125       mean=-6.2182      sumsq=324422.5623        argmax=2311
[dump]   top0 idx=2311 val=-1.61669
[dump]   top1 idx=6407 val=-1.71543
[dump]   top2 idx=5301 val=-1.83598
[dump]   top3 idx=1799 val=-1.86156
[dump]   top4 idx=1158 val=-1.94415
[dump] L24.mwt    n=160     finite=1 absmax=0.43669      mean=0.1          sumsq=2.540179574        argmax=40
[dump] L24.mgate  n=102400  finite=1 absmax=2.7115       mean=-0.28133     sumsq=24076.48985        argmax=353
[dump]   top0 idx=353 val=2.62871
[dump]   top1 idx=63086 val=2.26577
[dump]   top2 idx=69486 val=2.24307
[dump]   top3 idx=429 val=2.08193
[dump]   top4 idx=31314 val=1.95702
[dump] L24.mup    n=102400  finite=1 absmax=2.2172       mean=0.002166     sumsq=15009.00459        argmax=353
[dump]   top0 idx=353 val=2.09447
[dump]   top1 idx=53209 val=1.99264
[dump]   top2 idx=384 val=1.92829
[dump]   top3 idx=38644 val=1.89062
[dump]   top4 idx=81030 val=1.87758
[dump] L24.mgu    n=102400  finite=1 absmax=5.1351       mean=0.00022765   sumsq=652.1385104        argmax=353
[dump]   top0 idx=353 val=5.13514
[dump]   top1 idx=81030 val=3.04256
[dump]   top2 idx=73350 val=1.79862
[dump]   top3 idx=63086 val=1.74382
[dump]   top4 idx=83716 val=1.43332
[dump] L24.mdown  n=409600  finite=1 absmax=2.2295       mean=0.00014157   sumsq=263.6802319        argmax=422
[dump]   top0 idx=422 val=1.11664
[dump]   top1 idx=634 val=0.29166
[dump]   top2 idx=1116 val=0.27376
[dump]   top3 idx=915 val=0.27163
[dump]   top4 idx=2238 val=0.26776
[dump] L24.msh    n=40960   finite=1 absmax=0.022183     mean=8.5468e-05   sumsq=0.4071663332       argmax=18025
[dump]   top0 idx=18025 val=0.02210
[dump]   top1 idx=15465 val=0.02032
[dump]   top2 idx=23328 val=0.02003
[dump]   top3 idx=21966 val=0.01845
[dump]   top4 idx=20585 val=0.01798
[dump] L24.mout   n=40960   finite=1 absmax=0.60815      mean=0.00021238   sumsq=6.999203395        argmax=422
[dump]   top0 idx=422 val=0.29548
[dump]   top1 idx=403 val=0.09534
[dump]   top2 idx=2238 val=0.08420
[dump]   top3 idx=430 val=0.07676
[dump]   top4 idx=634 val=0.07218
[dump] L24.moe    n=40960   finite=1 absmax=0.60815      mean=0.00021238   sumsq=6.999203395        argmax=422
[dump]   top0 idx=422 val=0.29548
[dump]   top1 idx=403 val=0.09534
[dump]   top2 idx=2238 val=0.08420
[dump]   top3 idx=430 val=0.07676
[dump]   top4 idx=634 val=0.07218
[dump] L24.res    n=163840  finite=1 absmax=3.7345       mean=0.0017323    sumsq=470.4049494        argmax=1500
[dump]   top0 idx=1500 val=1.26620
[dump]   top1 idx=1787 val=0.61923
[dump]   top2 idx=788 val=0.56950
[dump]   top3 idx=71573 val=0.54411
[dump]   top4 idx=138 val=0.54105
[dump] L25.hcmix  n=40960   finite=1 absmax=11.983       mean=0.023549     sumsq=13233.48984        argmax=1500
[dump]   top0 idx=1500 val=8.03178
[dump]   top1 idx=17813 val=4.77987
[dump]   top2 idx=7573 val=4.68810
[dump]   top3 idx=10157 val=4.04564
[dump]   top4 idx=11445 val=3.78034
[dump] L25.conv   n=163840  finite=1 absmax=1.763        mean=0.00092561   sumsq=436.3135387        argmax=12383
[dump]   top0 idx=12383 val=1.76297
[dump]   top1 idx=20301 val=1.29926
[dump]   top2 idx=87448 val=1.29234
[dump]   top3 idx=107928 val=1.29049
[dump]   top4 idx=66968 val=1.26591
[dump] L25.gnorm  n=98304   finite=1 absmax=0.81315      mean=-0.0014831   sumsq=180.078695         argmax=23395
[dump]   top0 idx=23395 val=0.81315
[dump]   top1 idx=63107 val=0.66163
[dump]   top2 idx=21313 val=0.64320
[dump]   top3 idx=6889 val=0.57250
[dump]   top4 idx=13033 val=0.54304
[dump] L25.lin    n=40960   finite=1 absmax=0.41059      mean=0.00060083   sumsq=93.45756247        argmax=8673
[dump]   top0 idx=8673 val=0.41059
[dump]   top1 idx=31671 val=0.35001
[dump]   top2 idx=422 val=0.34801
[dump]   top3 idx=23991 val=0.32103
[dump]   top4 idx=29111 val=0.32078
[dump] L25.att    n=40960   finite=1 absmax=0.41059      mean=0.00060083   sumsq=93.45756247        argmax=8673
[dump]   top0 idx=8673 val=0.41059
[dump]   top1 idx=31671 val=0.35001
[dump]   top2 idx=422 val=0.34801
[dump]   top3 idx=23991 val=0.32103
[dump]   top4 idx=29111 val=0.32078
[dump] L25.fmix   n=40960   finite=1 absmax=4.2512       mean=0.031785     sumsq=13270.31781        argmax=6606
[dump]   top0 idx=6606 val=3.34273
[dump]   top1 idx=4046 val=3.15921
[dump]   top2 idx=1500 val=2.97489
[dump]   top3 idx=7573 val=2.63869
[dump]   top4 idx=17813 val=2.56959
[dump] L25.mlogit n=8192    finite=1 absmax=11.877       mean=-6.1259      sumsq=314482.0344        argmax=5896
[dump]   top0 idx=5896 val=-2.41928
[dump]   top1 idx=6920 val=-2.47479
[dump]   top2 idx=2419 val=-2.51663
[dump]   top3 idx=5497 val=-2.55296
[dump]   top4 idx=3446 val=-2.64545
[dump] L25.mprob  n=8192    finite=1 absmax=0.049672     mean=0.0019531    sumsq=0.08779010084      argmax=6920
[dump]   top0 idx=6920 val=0.04967
[dump]   top1 idx=2419 val=0.04880
[dump]   top2 idx=5896 val=0.04759
[dump]   top3 idx=5497 val=0.04407
[dump]   top4 idx=3446 val=0.03615
[dump] L25.mid    n=160     finite=1 absmax=0 mean=0 sumsq=0 ids: 192 218 430 150 209 322 376 229 369 87 192 369 376 425 430 466 68 321 154 277 317 113 209 20 205 382 374 40 425 466 444 425 321 209 374 463 104 218 430 376 371 425 115 219 417 276 321 201 487 110 427 218 361 376 377 141 73 162 371 430 374 153 430 369 218 371 321 264 425 376 459 170 430 369 153 211 427 169 372 456 427 430 153 372 264 55 11 103 90 29 374 68 153 264 218 376 430 427 488 370 377 264 427 445 321 376 218 68 153 374 264 374 430 153 142 68 478 218 96 376 264 59 478 374 292 8 45 68 156 275 264 142 376 478 427 153 430 96 87 277 264 430 374 427 153 376 146 506 68 240 264 59 156 275 142 374 427 96 370 376
[dump] L25.rlogit n=8192    finite=1 absmax=11.877       mean=-6.1259      sumsq=314482.0344        argmax=5896
[dump]   top0 idx=5896 val=-2.41928
[dump]   top1 idx=6920 val=-2.47479
[dump]   top2 idx=2419 val=-2.51663
[dump]   top3 idx=5497 val=-2.55296
[dump]   top4 idx=3446 val=-2.64545
[dump] L25.mwt    n=160     finite=1 absmax=0.3359       mean=0.1          sumsq=1.92555845         argmax=130
[dump] L25.mgate  n=102400  finite=1 absmax=3.2664       mean=-0.2411      sumsq=21633.85624        argmax=75665
[dump]   top0 idx=75665 val=2.22629
[dump]   top1 idx=87940 val=2.16748
[dump]   top2 idx=57441 val=1.89908
[dump]   top3 idx=40596 val=1.77964
[dump]   top4 idx=64656 val=1.72346
[dump] L25.mup    n=102400  finite=1 absmax=1.9896       mean=0.004683     sumsq=14791.03315        argmax=77355
[dump]   top0 idx=77355 val=1.98957
[dump]   top1 idx=21660 val=1.90663
[dump]   top2 idx=57408 val=1.79987
[dump]   top3 idx=45897 val=1.76714
[dump]   top4 idx=62391 val=1.69435
[dump] L25.mgu    n=102400  finite=1 absmax=2.2837       mean=0.00020032   sumsq=571.3493386        argmax=87940
[dump]   top0 idx=87940 val=2.28366
[dump]   top1 idx=40596 val=1.97648
[dump]   top2 idx=38723 val=1.39864
[dump]   top3 idx=57939 val=1.35040
[dump]   top4 idx=20452 val=1.34795
[dump] L25.mdown  n=409600  finite=1 absmax=0.18863      mean=-1.5452e-05  sumsq=212.6909259        argmax=352488
[dump]   top0 idx=352488 val=0.18863
[dump]   top1 idx=162066 val=0.15755
[dump]   top2 idx=161855 val=0.15056
[dump]   top3 idx=80362 val=0.14031
[dump]   top4 idx=353058 val=0.13902
[dump] L25.msh    n=40960   finite=1 absmax=0.024369     mean=6.1977e-05   sumsq=0.3556730376       argmax=10962
[dump]   top0 idx=10962 val=0.02126
[dump]   top1 idx=39122 val=0.01995
[dump]   top2 idx=36562 val=0.01917
[dump]   top3 idx=8402 val=0.01775
[dump]   top4 idx=23762 val=0.01749
[dump] L25.mout   n=40960   finite=1 absmax=0.04341      mean=3.3765e-05   sumsq=3.395234107        argmax=16173
[dump]   top0 idx=16173 val=0.04341
[dump]   top1 idx=16330 val=0.04168
[dump]   top2 idx=23853 val=0.04101
[dump]   top3 idx=16731 val=0.03996
[dump]   top4 idx=15712 val=0.03788
[dump] L25.moe    n=40960   finite=1 absmax=0.04341      mean=3.3765e-05   sumsq=3.395234107        argmax=16173
[dump]   top0 idx=16173 val=0.04341
[dump]   top1 idx=16330 val=0.04168
[dump]   top2 idx=23853 val=0.04101
[dump]   top3 idx=16731 val=0.03996
[dump]   top4 idx=15712 val=0.03788
[dump] L25.res    n=163840  finite=1 absmax=3.7709       mean=0.0018424    sumsq=467.8839395        argmax=1500
[dump]   top0 idx=1500 val=1.24048
[dump]   top1 idx=1787 val=0.60694
[dump]   top2 idx=788 val=0.57141
[dump]   top3 idx=71573 val=0.53725
[dump]   top4 idx=138 val=0.52809
[dump] L26.hcmix  n=40960   finite=1 absmax=14.554       mean=0.025132     sumsq=14469.53114        argmax=1500
[dump]   top0 idx=1500 val=9.93792
[dump]   top1 idx=793 val=5.02234
[dump]   top2 idx=17813 val=4.80889
[dump]   top3 idx=7573 val=4.12260
[dump]   top4 idx=12035 val=3.98549
[dump] L26.conv   n=163840  finite=1 absmax=2.0104       mean=-0.0003357   sumsq=566.7862644        argmax=96639
[dump]   top0 idx=96639 val=2.01040
[dump]   top1 idx=35199 val=1.93541
[dump]   top2 idx=106879 val=1.85982
[dump]   top3 idx=55679 val=1.85040
[dump]   top4 idx=127359 val=1.84775
[dump] L26.gnorm  n=98304   finite=1 absmax=2.8902       mean=-0.0020463   sumsq=379.3852919        argmax=69689
[dump]   top0 idx=69689 val=1.27718
[dump]   top1 idx=68762 val=0.91943
[dump]   top2 idx=13249 val=0.86218
[dump]   top3 idx=54804 val=0.84025
[dump]   top4 idx=67196 val=0.74571
[dump] L26.lin    n=40960   finite=1 absmax=1.1386       mean=-0.0020703   sumsq=190.6209733        argmax=39534
[dump]   top0 idx=39534 val=0.46932
[dump]   top1 idx=9166 val=0.43028
[dump]   top2 idx=18551 val=0.39902
[dump]   top3 idx=10722 val=0.38332
[dump]   top4 idx=39128 val=0.38280
[dump] L26.att    n=40960   finite=1 absmax=1.1386       mean=-0.0020703   sumsq=190.6209733        argmax=39534
[dump]   top0 idx=39534 val=0.46932
[dump]   top1 idx=9166 val=0.43028
[dump]   top2 idx=18551 val=0.39902
[dump]   top3 idx=10722 val=0.38332
[dump]   top4 idx=39128 val=0.38280
[dump] L26.fmix   n=40960   finite=1 absmax=3.5381       mean=0.020279     sumsq=11602.31938        argmax=7573
[dump]   top0 idx=7573 val=3.08498
[dump]   top1 idx=17813 val=2.91929
[dump]   top2 idx=788 val=2.68580
[dump]   top3 idx=10936 val=2.53489
[dump]   top4 idx=12655 val=2.52830
[dump] L26.mlogit n=8192    finite=1 absmax=11.294       mean=-6.3872      sumsq=344716.2599        argmax=776
[dump]   top0 idx=776 val=-0.66868
[dump]   top1 idx=973 val=-1.15539
[dump]   top2 idx=1800 val=-1.45590
[dump]   top3 idx=7011 val=-1.64284
[dump]   top4 idx=1485 val=-1.68185
[dump] L26.mprob  n=8192    finite=1 absmax=0.19658      mean=0.0019531    sumsq=0.2480993592       argmax=776
[dump]   top0 idx=776 val=0.19658
[dump]   top1 idx=973 val=0.12082
[dump]   top2 idx=461 val=0.10831
[dump]   top3 idx=1800 val=0.10647
[dump]   top4 idx=7011 val=0.10391
[dump] L26.mid    n=160     finite=1 absmax=0 mean=0 sumsq=0 ids: 461 264 107 325 508 341 164 379 495 417 264 461 417 278 341 164 58 508 325 296 461 264 278 230 319 17 164 70 341 58 264 461 278 379 417 70 230 58 508 464 187 230 373 17 433 461 97 25 278 320 461 379 508 97 177 243 278 355 417 373 417 355 464 97 461 230 278 40 319 17 97 373 461 455 464 278 164 417 89 40 97 461 423 417 464 164 320 373 18 243 461 423 417 97 355 384 508 379 464 18 461 278 97 508 379 7 423 373 417 464 355 461 417 97 464 278 18 320 40 384 461 355 278 18 243 387 417 69 267 203 355 461 320 384 495 417 203 267 322 97 355 461 97 417 267 320 384 203 500 296 355 97 18 267 373 461 417 387 464 322
[dump] L26.rlogit n=8192    finite=1 absmax=11.294       mean=-6.3872      sumsq=344716.2599        argmax=776
[dump]   top0 idx=776 val=-0.66868
[dump]   top1 idx=973 val=-1.15539
[dump]   top2 idx=1800 val=-1.45590
[dump]   top3 idx=7011 val=-1.64284
[dump]   top4 idx=1485 val=-1.68185
[dump] L26.mwt    n=160     finite=1 absmax=0.40286      mean=0.1          sumsq=2.334653155        argmax=10
[dump] L26.mgate  n=102400  finite=1 absmax=3.1705       mean=-0.24461     sumsq=21502.32639        argmax=16713
[dump]   top0 idx=16713 val=2.71725
[dump]   top1 idx=1646 val=2.37444
[dump]   top2 idx=98551 val=2.01509
[dump]   top3 idx=56479 val=2.01093
[dump]   top4 idx=98510 val=1.86620
[dump] L26.mup    n=102400  finite=1 absmax=2.2513       mean=0.0034816    sumsq=14207.98565        argmax=406
[dump]   top0 idx=406 val=2.25127
[dump]   top1 idx=1646 val=2.09086
[dump]   top2 idx=91481 val=2.03512
[dump]   top3 idx=40921 val=1.92473
[dump]   top4 idx=42931 val=1.89672
[dump] L26.mgu    n=102400  finite=1 absmax=4.5419       mean=-0.00013147  sumsq=605.1733399        argmax=1646
[dump]   top0 idx=1646 val=4.54192
[dump]   top1 idx=98551 val=2.66825
[dump]   top2 idx=97241 val=1.53519
[dump]   top3 idx=92354 val=1.39706
[dump]   top4 idx=7157 val=1.39452
[dump] L26.mdown  n=409600  finite=1 absmax=2.2333       mean=2.8442e-05   sumsq=240.9738936        argmax=211801
[dump]   top0 idx=211801 val=0.24292
[dump]   top1 idx=5265 val=0.20052
[dump]   top2 idx=7444 val=0.19723
[dump]   top3 idx=114126 val=0.18172
[dump]   top4 idx=183480 val=0.17895
[dump] L26.msh    n=40960   finite=1 absmax=0.026012     mean=-7.4059e-05  sumsq=0.2308601211       argmax=40853
[dump]   top0 idx=40853 val=0.01944
[dump]   top1 idx=31387 val=0.01589
[dump]   top2 idx=40003 val=0.01483
[dump]   top3 idx=37443 val=0.01446
[dump]   top4 idx=31299 val=0.01433
[dump] L26.mout   n=40960   finite=1 absmax=0.64877      mean=7.413e-06    sumsq=4.809756435        argmax=422
[dump]   top0 idx=422 val=0.05291
[dump]   top1 idx=2324 val=0.05088
[dump]   top2 idx=579 val=0.05065
[dump]   top3 idx=3563 val=0.04856
[dump]   top4 idx=2523 val=0.04745
[dump] L26.moe    n=40960   finite=1 absmax=0.64877      mean=7.413e-06    sumsq=4.809756435        argmax=422
[dump]   top0 idx=422 val=0.05291
[dump]   top1 idx=2324 val=0.05088
[dump]   top2 idx=579 val=0.05065
[dump]   top3 idx=3563 val=0.04856
[dump]   top4 idx=2523 val=0.04745
[dump] L26.res    n=163840  finite=1 absmax=4.9416       mean=0.0016387    sumsq=507.8505715        argmax=1500
[dump]   top0 idx=1500 val=1.28065
[dump]   top1 idx=788 val=0.67669
[dump]   top2 idx=1787 val=0.64027
[dump]   top3 idx=784 val=0.59087
[dump]   top4 idx=2366 val=0.58486
[dump] L27.hcmix  n=40960   finite=1 absmax=31.008       mean=0.012123     sumsq=6189.6777          argmax=15365
[dump]   top0 idx=15365 val=2.72108
[dump]   top1 idx=5125 val=2.69971
[dump]   top2 idx=10245 val=2.64292
[dump]   top3 idx=2565 val=2.60427
[dump]   top4 idx=17925 val=2.52560
[dump] L27.cur    n=40960   finite=1 absmax=31.008       mean=0.012123     sumsq=6189.6777          argmax=15365
[dump]   top0 idx=15365 val=2.72108
[dump]   top1 idx=5125 val=2.69971
[dump]   top2 idx=10245 val=2.64292
[dump]   top3 idx=2565 val=2.60427
[dump]   top4 idx=17925 val=2.52560
[dump] L27.qnorm  n=98304   finite=1 absmax=11.617       mean=-0.053237    sumsq=143061.2681        argmax=4655
[dump]   top0 idx=4655 val=7.11773
[dump]   top1 idx=52995 val=6.41896
[dump]   top2 idx=59139 val=6.26226
[dump]   top3 idx=46851 val=6.25208
[dump]   top4 idx=40707 val=6.14130
[dump] L27.knorm  n=8192    finite=1 absmax=8.8163       mean=0.0065952    sumsq=18896.79802        argmax=2618
[dump]   top0 idx=2618 val=7.11294
[dump]   top1 idx=1594 val=7.00106
[dump]   top2 idx=5690 val=6.25328
[dump]   top3 idx=4154 val=6.14593
[dump]   top4 idx=2106 val=6.04255
[dump] L27.vraw   n=8192    finite=1 absmax=33.495       mean=-0.016601    sumsq=4947.389699        argmax=6290
[dump]   top0 idx=6290 val=2.77680
[dump]   top1 idx=4754 val=2.77028
[dump]   top2 idx=5778 val=2.75075
[dump]   top3 idx=146 val=2.64192
[dump]   top4 idx=7826 val=2.55417
[dump] L27.Q      n=98304   finite=1 absmax=10.539       mean=-0.037785    sumsq=143061.2675        argmax=36128
[dump]   top0 idx=36128 val=10.53946
[dump]   top1 idx=22016 val=10.34011
[dump]   top2 idx=23808 val=9.94177
[dump]   top3 idx=31264 val=9.40532
[dump]   top4 idx=72992 val=9.38825
[dump] L27.K      n=8192    finite=1 absmax=8.8163       mean=0.013505     sumsq=18896.79802        argmax=2618
[dump]   top0 idx=2618 val=7.11291
[dump]   top1 idx=1594 val=7.00106
[dump]   top2 idx=5690 val=6.25320
[dump]   top3 idx=4154 val=6.14589
[dump]   top4 idx=2106 val=6.04254
[dump] L27.faout  n=98304   finite=1 absmax=33.495       mean=-0.041999    sumsq=75903.81245        argmax=75922
[dump]   top0 idx=75922 val=2.76674
[dump]   top1 idx=75154 val=2.74194
[dump]   top2 idx=69778 val=2.73828
[dump]   top3 idx=69010 val=2.71318
[dump]   top4 idx=70034 val=2.69246
[dump] L27.gate   n=98304   finite=1 absmax=4.6314       mean=-1.1797      sumsq=171844.9042        argmax=5528
[dump]   top0 idx=5528 val=2.58706
[dump]   top1 idx=4167 val=1.87962
[dump]   top2 idx=1258 val=1.66351
[dump]   top3 idx=5647 val=1.64145
[dump]   top4 idx=4182 val=1.61707
[dump] L27.gated  n=98304   finite=1 absmax=7.3352       mean=-0.0062059   sumsq=2959.525506        argmax=146
[dump]   top0 idx=146 val=1.82179
[dump]   top1 idx=2962 val=1.49838
[dump]   top2 idx=1938 val=1.43532
[dump]   top3 idx=764 val=1.41631
[dump]   top4 idx=1170 val=1.33510
[dump] L27.att    n=40960   finite=1 absmax=3.5053       mean=-0.00010956  sumsq=395.1639229        argmax=2311
[dump]   top0 idx=2311 val=3.50531
[dump]   top1 idx=47 val=1.35094
[dump]   top2 idx=86 val=1.22441
[dump]   top3 idx=1378 val=1.13102
[dump]   top4 idx=2433 val=1.04532
[dump] L27.fmix   n=40960   finite=1 absmax=3.3769       mean=0.021425     sumsq=12332.37581        argmax=17813
[dump]   top0 idx=17813 val=3.37691
[dump]   top1 idx=6606 val=3.25829
[dump]   top2 idx=7573 val=2.83708
[dump]   top3 idx=18551 val=2.72100
[dump]   top4 idx=16176 val=2.59699
[dump] L27.mlogit n=8192    finite=1 absmax=10.371       mean=-6.1756      sumsq=321652.4079        argmax=3395
[dump]   top0 idx=3395 val=-1.77654
[dump]   top1 idx=2680 val=-1.84206
[dump]   top2 idx=5955 val=-1.87500
[dump]   top3 idx=3907 val=-1.97103
[dump]   top4 idx=4931 val=-1.98404
[dump] L27.mprob  n=8192    finite=1 absmax=0.08391      mean=0.0019531    sumsq=0.1429300197       argmax=5955
[dump]   top0 idx=5955 val=0.08391
[dump]   top1 idx=3395 val=0.08043
[dump]   top2 idx=3907 val=0.06648
[dump]   top3 idx=2680 val=0.06529
[dump]   top4 idx=4931 val=0.06348
[dump] L27.mid    n=160     finite=1 absmax=0 mean=0 sumsq=0 ids: 430 424 361 108 98 400 130 307 323 104 323 98 350 108 273 84 424 97 430 250 323 360 350 211 23 108 482 219 98 430 482 323 98 108 418 360 30 350 461 430 323 461 108 418 174 309 360 430 508 285 120 350 418 108 323 98 430 23 358 201 323 98 360 508 418 286 108 36 164 350 323 418 350 98 120 490 430 360 97 434 360 323 418 98 350 120 384 430 261 508 323 418 98 350 166 430 108 151 360 261 323 317 418 108 508 430 360 98 261 406 323 98 508 418 261 104 120 430 360 166 323 418 508 98 350 261 413 120 108 166 508 430 323 418 166 98 151 261 437 293 430 323 418 508 166 98 249 261 371 350 323 249 418 166 430 437 360 508 98 240
[dump] L27.rlogit n=8192    finite=1 absmax=10.371       mean=-6.1756      sumsq=321652.4079        argmax=3395
[dump]   top0 idx=3395 val=-1.77654
[dump]   top1 idx=2680 val=-1.84206
[dump]   top2 idx=5955 val=-1.87500
[dump]   top3 idx=3907 val=-1.97103
[dump]   top4 idx=4931 val=-1.98404
[dump] L27.mwt    n=160     finite=1 absmax=0.35368      mean=0.1          sumsq=2.185169603        argmax=110
[dump] L27.mgate  n=102400  finite=1 absmax=2.2903       mean=-0.233       sumsq=21275.32712        argmax=72214
[dump]   top0 idx=72214 val=2.29030
[dump]   top1 idx=78614 val=2.09803
[dump]   top2 idx=40854 val=1.96793
[dump]   top3 idx=53790 val=1.92036
[dump]   top4 idx=8090 val=1.80365
[dump] L27.mup    n=102400  finite=1 absmax=3.058        mean=-0.0056654   sumsq=14851.96411        argmax=70454
[dump]   top0 idx=70454 val=2.21085
[dump]   top1 idx=72326 val=1.99022
[dump]   top2 idx=97286 val=1.95406
[dump]   top3 idx=26604 val=1.90717
[dump]   top4 idx=37033 val=1.86566
[dump] L27.mgu    n=102400  finite=1 absmax=3.0134       mean=-0.00065475  sumsq=632.7799952        argmax=70454
[dump]   top0 idx=70454 val=3.01336
[dump]   top1 idx=26604 val=1.78805
[dump]   top2 idx=53790 val=1.65818
[dump]   top3 idx=59725 val=1.39590
[dump]   top4 idx=57654 val=1.37232
[dump] L27.mdown  n=409600  finite=1 absmax=0.16381      mean=0.00015501   sumsq=230.6343829        argmax=239543
[dump]   top0 idx=239543 val=0.14816
[dump]   top1 idx=164861 val=0.14598
[dump]   top2 idx=134141 val=0.14436
[dump]   top3 idx=282975 val=0.14073
[dump]   top4 idx=283131 val=0.13984
[dump] L27.msh    n=40960   finite=1 absmax=0.010185     mean=2.061e-05    sumsq=0.1619059057       argmax=11046
[dump]   top0 idx=11046 val=0.01019
[dump]   top1 idx=22116 val=0.00999
[dump]   top2 idx=24816 val=0.00938
[dump]   top3 idx=36213 val=0.00935
[dump]   top4 idx=27236 val=0.00931
[dump] L27.mout   n=40960   finite=1 absmax=0.069754     mean=0.00021987   sumsq=4.638400945        argmax=30370
[dump]   top0 idx=30370 val=0.05875
[dump]   top1 idx=29170 val=0.05442
[dump]   top2 idx=30281 val=0.05424
[dump]   top3 idx=29995 val=0.05391
[dump]   top4 idx=28813 val=0.05358
[dump] L27.moe    n=40960   finite=1 absmax=0.069754     mean=0.00021987   sumsq=4.638400945        argmax=30370
[dump]   top0 idx=30370 val=0.05875
[dump]   top1 idx=29170 val=0.05442
[dump]   top2 idx=30281 val=0.05424
[dump]   top3 idx=29995 val=0.05391
[dump]   top4 idx=28813 val=0.05358
[dump] L27.res    n=163840  finite=1 absmax=4.5381       mean=0.0018502    sumsq=527.447684         argmax=1500
[dump]   top0 idx=1500 val=1.32020
[dump]   top1 idx=2366 val=0.69305
[dump]   top2 idx=788 val=0.68825
[dump]   top3 idx=2121 val=0.67518
[dump]   top4 idx=1787 val=0.65848
[dump] L28.hcmix  n=40960   finite=1 absmax=31.289       mean=0.021715     sumsq=14699.26565        argmax=1500
[dump]   top0 idx=1500 val=10.82457
[dump]   top1 idx=788 val=4.30124
[dump]   top2 idx=47 val=3.99649
[dump]   top3 idx=17813 val=3.98835
[dump]   top4 idx=7573 val=3.83361
[dump] L28.conv   n=163840  finite=1 absmax=20.153       mean=-0.0019015   sumsq=1029.674486        argmax=26631
[dump]   top0 idx=26631 val=20.15264
[dump]   top1 idx=26628 val=10.56476
[dump]   top2 idx=6233 val=7.69346
[dump]   top3 idx=12968 val=3.59545
[dump]   top4 idx=36871 val=1.75372
[dump] L28.gnorm  n=98304   finite=1 absmax=1.541        mean=-0.0017663   sumsq=180.957752         argmax=1488
[dump]   top0 idx=1488 val=1.54099
[dump]   top1 idx=70274 val=0.87910
[dump]   top2 idx=58004 val=0.87271
[dump]   top3 idx=57986 val=0.84899
[dump]   top4 idx=39554 val=0.64595
[dump] L28.lin    n=40960   finite=1 absmax=0.61524      mean=-0.0019864   sumsq=108.2543958        argmax=2311
[dump]   top0 idx=2311 val=0.61524
[dump]   top1 idx=6113 val=0.30047
[dump]   top2 idx=914 val=0.28052
[dump]   top3 idx=23639 val=0.23099
[dump]   top4 idx=4544 val=0.22647
[dump] L28.att    n=40960   finite=1 absmax=0.61524      mean=-0.0019864   sumsq=108.2543958        argmax=2311
[dump]   top0 idx=2311 val=0.61524
[dump]   top1 idx=6113 val=0.30047
[dump]   top2 idx=914 val=0.28052
[dump]   top3 idx=23639 val=0.23099
[dump]   top4 idx=4544 val=0.22647
[dump] L28.fmix   n=40960   finite=1 absmax=4.0686       mean=0.020649     sumsq=13233.55258        argmax=36536
[dump]   top0 idx=36536 val=3.18268
[dump]   top1 idx=17813 val=2.97778
[dump]   top2 idx=33211 val=2.93903
[dump]   top3 idx=7573 val=2.93167
[dump]   top4 idx=9908 val=2.65617
[dump] L28.mlogit n=8192    finite=1 absmax=11.457       mean=-6.3419      sumsq=338790.6463        argmax=28
[dump]   top0 idx=28 val=-2.41657
[dump]   top1 idx=2400 val=-2.51779
[dump]   top2 idx=2612 val=-2.53778
[dump]   top3 idx=1376 val=-2.59575
[dump]   top4 idx=7589 val=-2.61680
[dump] L28.mprob  n=8192    finite=1 absmax=0.06838      mean=0.0019531    sumsq=0.1116808199       argmax=28
[dump]   top0 idx=28 val=0.06838
[dump]   top1 idx=1376 val=0.05076
[dump]   top2 idx=2400 val=0.05039
[dump]   top3 idx=7077 val=0.04292
[dump]   top4 idx=2612 val=0.04217
[dump] L28.mid    n=160     finite=1 absmax=0 mean=0 sumsq=0 ids: 28 139 297 364 300 433 421 129 201 474 352 52 139 150 474 219 101 86 297 90 352 141 381 52 133 130 43 229 139 110 52 139 297 352 101 219 474 90 147 381 352 118 282 52 101 219 139 136 238 425 52 150 392 390 277 352 219 9 421 386 229 52 352 408 63 141 0 433 285 422 433 52 352 503 172 219 422 130 141 66 52 433 352 189 66 0 229 219 43 133 433 390 52 21 219 277 229 392 63 66 421 52 352 0 54 63 150 450 21 139 421 0 433 52 63 229 352 21 469 81 421 0 52 214 433 63 352 21 366 66 421 0 52 433 297 219 275 63 469 133 421 52 0 275 21 182 433 63 114 460 0 421 52 433 21 368 275 352 366 182
[dump] L28.rlogit n=8192    finite=1 absmax=11.457       mean=-6.3419      sumsq=338790.6463        argmax=28
[dump]   top0 idx=28 val=-2.41657
[dump]   top1 idx=2400 val=-2.51779
[dump]   top2 idx=2612 val=-2.53778
[dump]   top3 idx=1376 val=-2.59575
[dump]   top4 idx=7589 val=-2.61680
[dump] L28.mwt    n=160     finite=1 absmax=0.45744      mean=0.1          sumsq=2.058872982        argmax=0
[dump] L28.mgate  n=102400  finite=1 absmax=3.7128       mean=-0.24296     sumsq=24465.9751         argmax=63324
[dump]   top0 idx=63324 val=2.14470
[dump]   top1 idx=73564 val=2.02892
[dump]   top2 idx=88192 val=1.96741
[dump]   top3 idx=73472 val=1.95660
[dump]   top4 idx=60159 val=1.87894
[dump] L28.mup    n=102400  finite=1 absmax=2.3691       mean=-0.00059968  sumsq=16577.70526        argmax=8423
[dump]   top0 idx=8423 val=2.36908
[dump]   top1 idx=73146 val=2.04744
[dump]   top2 idx=69105 val=1.94753
[dump]   top3 idx=62906 val=1.92189
[dump]   top4 idx=32743 val=1.91080
[dump] L28.mgu    n=102400  finite=1 absmax=3.4133       mean=-0.00043736  sumsq=748.6295269        argmax=69105
[dump]   top0 idx=69105 val=2.03496
[dump]   top1 idx=93198 val=1.63636
[dump]   top2 idx=39271 val=1.25304
[dump]   top3 idx=41146 val=1.19182
[dump]   top4 idx=32440 val=1.06426
[dump] L28.mdown  n=409600  finite=1 absmax=0.2605       mean=-0.00015803  sumsq=306.6179896        argmax=294099
[dump]   top0 idx=294099 val=0.26050
[dump]   top1 idx=294139 val=0.23906
[dump]   top2 idx=2311 val=0.22630
[dump]   top3 idx=202345 val=0.22475
[dump]   top4 idx=253179 val=0.22309
[dump] L28.msh    n=40960   finite=1 absmax=0.033695     mean=3.9083e-07   sumsq=0.3237996787       argmax=22933
[dump]   top0 idx=22933 val=0.02853
[dump]   top1 idx=40853 val=0.02628
[dump]   top2 idx=20373 val=0.02460
[dump]   top3 idx=24982 val=0.02099
[dump]   top4 idx=39067 val=0.02030
[dump] L28.mout   n=40960   finite=1 absmax=0.13565      mean=-0.00017395  sumsq=4.514535299        argmax=2311
[dump]   top0 idx=2311 val=0.13565
[dump]   top1 idx=40853 val=0.06752
[dump]   top2 idx=27542 val=0.05850
[dump]   top3 idx=22878 val=0.05375
[dump]   top4 idx=30419 val=0.05319
[dump] L28.moe    n=40960   finite=1 absmax=0.13565      mean=-0.00017395  sumsq=4.514535299        argmax=2311
[dump]   top0 idx=2311 val=0.13565
[dump]   top1 idx=40853 val=0.06752
[dump]   top2 idx=27542 val=0.05850
[dump]   top3 idx=22878 val=0.05375
[dump]   top4 idx=30419 val=0.05319
[dump] L28.res    n=163840  finite=1 absmax=4.2602       mean=0.0013723    sumsq=566.3961156        argmax=1500
[dump]   top0 idx=1500 val=1.25370
[dump]   top1 idx=2366 val=0.72114
[dump]   top2 idx=2121 val=0.71242
[dump]   top3 idx=788 val=0.69114
[dump]   top4 idx=1787 val=0.67214
[dump] L29.hcmix  n=40960   finite=1 absmax=5.6444       mean=0.014625     sumsq=15435.44896        argmax=7573
[dump]   top0 idx=7573 val=4.99419
[dump]   top1 idx=17813 val=3.95372
[dump]   top2 idx=12693 val=3.90952
[dump]   top3 idx=788 val=3.50709
[dump]   top4 idx=3084 val=3.37751
[dump] L29.conv   n=163840  finite=1 absmax=1.3249       mean=0.0019423    sumsq=481.4012163        argmax=113225
[dump]   top0 idx=113225 val=1.32492
[dump]   top1 idx=45566 val=1.31712
[dump]   top2 idx=31305 val=1.30608
[dump]   top3 idx=90654 val=1.29088
[dump]   top4 idx=102769 val=1.28902
[dump] L29.gnorm  n=98304   finite=1 absmax=0.28323      mean=0.00019654   sumsq=44.48245648        argmax=68783
[dump]   top0 idx=68783 val=0.28323
[dump]   top1 idx=91273 val=0.27785
[dump]   top2 idx=56495 val=0.27272
[dump]   top3 idx=45700 val=0.26796
[dump]   top4 idx=33351 val=0.26567
[dump] L29.lin    n=40960   finite=1 absmax=0.16292      mean=0.00014354   sumsq=23.33362081        argmax=40195
[dump]   top0 idx=40195 val=0.16292
[dump]   top1 idx=11191 val=0.14880
[dump]   top2 idx=23768 val=0.14784
[dump]   top3 idx=23991 val=0.14681
[dump]   top4 idx=36568 val=0.13967
[dump] L29.att    n=40960   finite=1 absmax=0.16292      mean=0.00014354   sumsq=23.33362081        argmax=40195
[dump]   top0 idx=40195 val=0.16292
[dump]   top1 idx=11191 val=0.14880
[dump]   top2 idx=23768 val=0.14784
[dump]   top3 idx=23991 val=0.14681
[dump]   top4 idx=36568 val=0.13967
[dump] L29.fmix   n=40960   finite=1 absmax=4.2032       mean=0.013143     sumsq=14236.65131        argmax=7573
[dump]   top0 idx=7573 val=4.20321
[dump]   top1 idx=17813 val=4.03910
[dump]   top2 idx=788 val=3.73459
[dump]   top3 idx=12693 val=3.41546
[dump]   top4 idx=10133 val=3.09858
[dump] L29.mlogit n=8192    finite=1 absmax=11.122       mean=-6.4153      sumsq=348205.0467        argmax=293
[dump]   top0 idx=293 val=-0.67721
[dump]   top1 idx=1314 val=-1.96156
[dump]   top2 idx=899 val=-2.00754
[dump]   top3 idx=4995 val=-2.10714
[dump]   top4 idx=2850 val=-2.16544
[dump] L29.mprob  n=8192    finite=1 absmax=0.32114      mean=0.0019531    sumsq=0.2508340189       argmax=293
[dump]   top0 idx=293 val=0.32114
[dump]   top1 idx=4995 val=0.07389
[dump]   top2 idx=1314 val=0.07169
[dump]   top3 idx=899 val=0.06790
[dump]   top4 idx=2850 val=0.05650
[dump] L29.mid    n=160     finite=1 absmax=0 mean=0 sumsq=0 ids: 293 466 68 262 387 400 285 294 338 54 387 290 273 330 148 250 93 337 293 50 290 387 325 148 273 330 394 16 250 389 290 148 330 387 250 273 91 93 265 463 290 508 148 118 387 250 273 312 64 267 290 387 93 273 148 91 317 259 468 118 387 290 259 265 118 394 273 250 312 325 259 290 118 387 273 265 93 123 325 338 387 259 290 265 273 91 118 342 451 22 387 259 290 273 93 97 22 91 265 317 387 273 118 290 259 265 250 93 148 91 387 259 273 290 438 342 265 453 118 325 342 438 259 387 265 290 118 451 291 279 279 259 93 97 387 453 273 185 389 342 387 259 273 93 118 265 97 342 438 290 438 259 342 468 279 118 265 97 387 249
[dump] L29.rlogit n=8192    finite=1 absmax=11.122       mean=-6.4153      sumsq=348205.0467        argmax=293
[dump]   top0 idx=293 val=-0.67721
[dump]   top1 idx=1314 val=-1.96156
[dump]   top2 idx=899 val=-2.00754
[dump]   top3 idx=4995 val=-2.10714
[dump]   top4 idx=2850 val=-2.16544
[dump] L29.mwt    n=160     finite=1 absmax=0.77756      mean=0.1          sumsq=2.510330717        argmax=0
[dump] L29.mgate  n=102400  finite=1 absmax=2.8969       mean=-0.22641     sumsq=24996.66411        argmax=96975
[dump]   top0 idx=96975 val=2.89693
[dump]   top1 idx=90575 val=2.71326
[dump]   top2 idx=58876 val=2.60756
[dump]   top3 idx=74770 val=2.50043
[dump]   top4 idx=40850 val=2.37377
[dump] L29.mup    n=102400  finite=1 absmax=2.4262       mean=-0.0015836   sumsq=19147.64762        argmax=58863
[dump]   top0 idx=58863 val=2.42618
[dump]   top1 idx=39843 val=2.41374
[dump]   top2 idx=52463 val=2.37165
[dump]   top3 idx=828 val=2.12563
[dump]   top4 idx=43905 val=2.11089
[dump] L29.mgu    n=102400  finite=1 absmax=5.4402       mean=-0.0015344   sumsq=1102.416712        argmax=39843
[dump]   top0 idx=39843 val=2.39470
[dump]   top1 idx=43901 val=2.37917
[dump]   top2 idx=43919 val=1.93577
[dump]   top3 idx=40850 val=1.69203
[dump]   top4 idx=52463 val=1.60446
[dump] L29.mdown  n=409600  finite=1 absmax=0.35568      mean=5.474e-05    sumsq=464.6895437        argmax=234756
[dump]   top0 idx=234756 val=0.33099
[dump]   top1 idx=361965 val=0.30608
[dump]   top2 idx=234860 val=0.29854
[dump]   top3 idx=363256 val=0.29669
[dump]   top4 idx=234213 val=0.28723
[dump] L29.msh    n=40960   finite=1 absmax=0.018259     mean=4.9833e-05   sumsq=0.2755574215       argmax=29813
[dump]   top0 idx=29813 val=0.01826
[dump]   top1 idx=39439 val=0.01612
[dump]   top2 idx=24079 val=0.01495
[dump]   top3 idx=22133 val=0.01451
[dump]   top4 idx=30354 val=0.01436
[dump] L29.mout   n=40960   finite=1 absmax=0.16166      mean=5.491e-05    sumsq=9.266519369        argmax=2311
[dump]   top0 idx=2311 val=0.16166
[dump]   top1 idx=20902 val=0.07996
[dump]   top2 idx=24836 val=0.07783
[dump]   top3 idx=23426 val=0.07312
[dump]   top4 idx=21613 val=0.07292
[dump] L29.moe    n=40960   finite=1 absmax=0.16166      mean=5.491e-05    sumsq=9.266519369        argmax=2311
[dump]   top0 idx=2311 val=0.16166
[dump]   top1 idx=20902 val=0.07996
[dump]   top2 idx=24836 val=0.07783
[dump]   top3 idx=23426 val=0.07312
[dump]   top4 idx=21613 val=0.07292
[dump] L29.res    n=163840  finite=1 absmax=4.0254       mean=0.0014547    sumsq=641.6135503        argmax=1500
[dump]   top0 idx=1500 val=1.28966
[dump]   top1 idx=2121 val=0.71567
[dump]   top2 idx=1787 val=0.70739
[dump]   top3 idx=2366 val=0.70426
[dump]   top4 idx=788 val=0.69071
[dump] L30.hcmix  n=40960   finite=1 absmax=8.9861       mean=0.014832     sumsq=13554.10954        argmax=1500
[dump]   top0 idx=1500 val=8.98609
[dump]   top1 idx=788 val=4.45246
[dump]   top2 idx=7573 val=3.71663
[dump]   top3 idx=12693 val=3.56457
[dump]   top4 idx=1787 val=3.48378
[dump] L30.conv   n=163840  finite=1 absmax=1.3697       mean=-0.00075441  sumsq=504.2032417        argmax=35989
[dump]   top0 idx=35989 val=1.36968
[dump]   top1 idx=46229 val=1.23659
[dump]   top2 idx=56469 val=1.23243
[dump]   top3 idx=13407 val=1.22821
[dump]   top4 idx=133574 val=1.20410
[dump] L30.gnorm  n=98304   finite=1 absmax=3.1048       mean=-1.429e-05   sumsq=202.2117177        argmax=1941
[dump]   top0 idx=1941 val=3.10484
[dump]   top1 idx=17360 val=0.59416
[dump]   top2 idx=38085 val=0.52282
[dump]   top3 idx=56517 val=0.51965
[dump]   top4 idx=44708 val=0.50807
[dump] L30.lin    n=40960   finite=1 absmax=1.1269       mean=-0.00061973  sumsq=117.3286554        argmax=38882
[dump]   top0 idx=38882 val=0.41512
[dump]   top1 idx=1603 val=0.41329
[dump]   top2 idx=31713 val=0.40792
[dump]   top3 idx=20294 val=0.34405
[dump]   top4 idx=26082 val=0.33848
[dump] L30.att    n=40960   finite=1 absmax=1.1269       mean=-0.00061973  sumsq=117.3286554        argmax=38882
[dump]   top0 idx=38882 val=0.41512
[dump]   top1 idx=1603 val=0.41329
[dump]   top2 idx=31713 val=0.40792
[dump]   top3 idx=20294 val=0.34405
[dump]   top4 idx=26082 val=0.33848
[dump] L30.fmix   n=40960   finite=1 absmax=6.2965       mean=0.013372     sumsq=19420.72952        argmax=788
[dump]   top0 idx=788 val=3.85925
[dump]   top1 idx=6606 val=3.56770
[dump]   top2 idx=4046 val=3.50174
[dump]   top3 idx=1500 val=3.23271
[dump]   top4 idx=4060 val=3.15538
[dump] L30.mlogit n=8192    finite=1 absmax=12.111       mean=-6.3381      sumsq=340925.9144        argmax=1741
[dump]   top0 idx=1741 val=-2.08341
[dump]   top1 idx=2424 val=-2.62937
[dump]   top2 idx=2328 val=-2.70582
[dump]   top3 idx=165 val=-2.71640
[dump]   top4 idx=4376 val=-2.73779
[dump] L30.mprob  n=8192    finite=1 absmax=0.067355     mean=0.0019531    sumsq=0.1090547637       argmax=1741
[dump]   top0 idx=1741 val=0.06735
[dump]   top1 idx=165 val=0.05860
[dump]   top2 idx=2424 val=0.04125
[dump]   top3 idx=6184 val=0.03984
[dump]   top4 idx=2328 val=0.03821
[dump] L30.mid    n=160     finite=1 absmax=0 mean=0 sumsq=0 ids: 165 151 398 326 331 506 40 137 417 117 165 506 138 14 111 398 326 409 308 40 506 14 280 95 414 409 370 205 311 385 205 280 223 498 506 398 318 370 165 439 376 280 5 223 81 205 335 463 318 385 14 308 506 409 110 95 151 129 205 398 138 506 212 205 11 162 280 111 40 488 506 138 441 95 335 280 14 212 409 86 280 506 335 498 441 95 64 439 11 138 506 11 14 335 138 398 111 212 129 360 181 64 506 237 370 129 14 409 473 439 11 398 506 138 181 151 282 40 49 335 40 506 138 500 128 409 212 11 473 49 181 151 335 506 280 79 11 86 415 398 11 506 335 181 326 244 398 111 86 151 335 506 100 11 244 482 40 398 181 151
[dump] L30.rlogit n=8192    finite=1 absmax=12.111       mean=-6.3381      sumsq=340925.9144        argmax=1741
[dump]   top0 idx=1741 val=-2.08341
[dump]   top1 idx=2424 val=-2.62937
[dump]   top2 idx=2328 val=-2.70582
[dump]   top3 idx=165 val=-2.71640
[dump]   top4 idx=4376 val=-2.73779
[dump] L30.mwt    n=160     finite=1 absmax=0.35314      mean=0.1          sumsq=1.8950333          argmax=30
[dump] L30.mgate  n=102400  finite=1 absmax=3.3133       mean=-0.29085     sumsq=32707.49161        argmax=64009
[dump]   top0 idx=64009 val=3.31334
[dump]   top1 idx=83304 val=2.93330
[dump]   top2 idx=64584 val=2.10680
[dump]   top3 idx=59473 val=2.03096
[dump]   top4 idx=46628 val=1.94855
[dump] L30.mup    n=102400  finite=1 absmax=2.6355       mean=-0.00095603  sumsq=24688.14259        argmax=39710
[dump]   top0 idx=39710 val=2.63553
[dump]   top1 idx=36690 val=2.30271
[dump]   top2 idx=83501 val=2.22438
[dump]   top3 idx=16690 val=2.21731
[dump]   top4 idx=39686 val=2.15830
[dump] L30.mgu    n=102400  finite=1 absmax=4.5344       mean=-0.00072366  sumsq=1314.089071        argmax=2047
[dump]   top0 idx=2047 val=2.38707
[dump]   top1 idx=39686 val=1.91427
[dump]   top2 idx=38860 val=1.58014
[dump]   top3 idx=29372 val=1.57737
[dump]   top4 idx=25779 val=1.54710
[dump] L30.mdown  n=409600  finite=1 absmax=0.37553      mean=1.7557e-05   sumsq=538.6767562        argmax=256175
[dump]   top0 idx=256175 val=0.37553
[dump]   top1 idx=257715 val=0.30995
[dump]   top2 idx=258304 val=0.27859
[dump]   top3 idx=160711 val=0.26984
[dump]   top4 idx=257150 val=0.26293
[dump] L30.msh    n=40960   finite=1 absmax=0.024223     mean=4.8446e-05   sumsq=0.422955577        argmax=14403
[dump]   top0 idx=14403 val=0.02350
[dump]   top1 idx=31035 val=0.01977
[dump]   top2 idx=29763 val=0.01953
[dump]   top3 idx=23355 val=0.01953
[dump]   top4 idx=9475 val=0.01914
[dump] L30.mout   n=40960   finite=1 absmax=0.068738     mean=9.1465e-05   sumsq=7.92315055         argmax=27904
[dump]   top0 idx=27904 val=0.06228
[dump]   top1 idx=17103 val=0.06213
[dump]   top2 idx=25775 val=0.06154
[dump]   top3 idx=17351 val=0.06138
[dump]   top4 idx=17713 val=0.05893
[dump] L30.moe    n=40960   finite=1 absmax=0.068738     mean=9.1465e-05   sumsq=7.92315055         argmax=27904
[dump]   top0 idx=27904 val=0.06228
[dump]   top1 idx=17103 val=0.06213
[dump]   top2 idx=25775 val=0.06154
[dump]   top3 idx=17351 val=0.06138
[dump]   top4 idx=17713 val=0.05893
[dump] L30.res    n=163840  finite=1 absmax=4.0071       mean=0.0014499    sumsq=715.0890805        argmax=1500
[dump]   top0 idx=1500 val=1.29151
[dump]   top1 idx=2121 val=0.84484
[dump]   top2 idx=788 val=0.78570
[dump]   top3 idx=2366 val=0.71546
[dump]   top4 idx=1787 val=0.71531
[dump] L31.hcmix  n=40960   finite=1 absmax=9.7395       mean=0.0050008    sumsq=3595.790165        argmax=16088
[dump]   top0 idx=16088 val=2.22106
[dump]   top1 idx=8408 val=2.18708
[dump]   top2 idx=23768 val=2.07913
[dump]   top3 idx=21208 val=1.98893
[dump]   top4 idx=39128 val=1.98325
[dump] L31.cur    n=40960   finite=1 absmax=9.7395       mean=0.0050008    sumsq=3595.790165        argmax=16088
[dump]   top0 idx=16088 val=2.22106
[dump]   top1 idx=8408 val=2.18708
[dump]   top2 idx=23768 val=2.07913
[dump]   top3 idx=21208 val=1.98893
[dump]   top4 idx=39128 val=1.98325
[dump] L31.qnorm  n=98304   finite=1 absmax=7.9519       mean=-0.026235    sumsq=175372.015         argmax=67577
[dump]   top0 idx=67577 val=7.95186
[dump]   top1 idx=61433 val=7.85521
[dump]   top2 idx=43001 val=7.50375
[dump]   top3 idx=12281 val=7.44747
[dump]   top4 idx=55289 val=7.36040
[dump] L31.knorm  n=8192    finite=1 absmax=9.2916       mean=0.031894     sumsq=20025.90651        argmax=4638
[dump]   top0 idx=4638 val=6.79372
[dump]   top1 idx=3608 val=6.22970
[dump]   top2 idx=1081 val=6.14838
[dump]   top3 idx=4126 val=5.77063
[dump]   top4 idx=1593 val=5.73805
[dump] L31.vraw   n=8192    finite=1 absmax=8.3823       mean=0.02422      sumsq=2558.900112        argmax=169
[dump]   top0 idx=169 val=8.38230
[dump]   top1 idx=266 val=5.74708
[dump]   top2 idx=7120 val=1.82088
[dump]   top3 idx=6995 val=1.56308
[dump]   top4 idx=2393 val=1.54323
[dump] L31.Q      n=98304   finite=1 absmax=7.9519       mean=-0.01562     sumsq=175372.0148        argmax=67577
[dump]   top0 idx=67577 val=7.95186
[dump]   top1 idx=61433 val=7.85521
[dump]   top2 idx=43001 val=7.50375
[dump]   top3 idx=12281 val=7.44747
[dump]   top4 idx=55289 val=7.36040
[dump] L31.K      n=8192    finite=1 absmax=9.2916       mean=0.021353     sumsq=20025.90649        argmax=4638
[dump]   top0 idx=4638 val=6.79372
[dump]   top1 idx=3608 val=6.22980
[dump]   top2 idx=1081 val=6.14840
[dump]   top3 idx=4126 val=5.77063
[dump]   top4 idx=1593 val=5.73808
[dump] L31.faout  n=98304   finite=1 absmax=8.3816       mean=0.041815     sumsq=31806.409          argmax=169
[dump]   top0 idx=169 val=8.38163
[dump]   top1 idx=425 val=8.38163
[dump]   top2 idx=681 val=8.38163
[dump]   top3 idx=937 val=8.38163
[dump]   top4 idx=1193 val=8.38163
[dump] L31.gate   n=98304   finite=1 absmax=4.2108       mean=-0.86724     sumsq=97364.40605        argmax=54354
[dump]   top0 idx=54354 val=0.61832
[dump]   top1 idx=28871 val=0.59182
[dump]   top2 idx=21208 val=0.57961
[dump]   top3 idx=4114 val=0.55902
[dump]   top4 idx=4294 val=0.55368
[dump] L31.gated  n=98304   finite=1 absmax=1.5435       mean=0.011379     sumsq=3374.679525        argmax=1193
[dump]   top0 idx=1193 val=1.54352
[dump]   top1 idx=1961 val=1.49107
[dump]   top2 idx=2729 val=1.48650
[dump]   top3 idx=937 val=1.47293
[dump]   top4 idx=2985 val=1.39813
[dump] L31.att    n=40960   finite=1 absmax=0.76105      mean=-0.00094947  sumsq=162.6973692        argmax=892
[dump]   top0 idx=892 val=0.76105
[dump]   top1 idx=2311 val=0.72455
[dump]   top2 idx=1795 val=0.45975
[dump]   top3 idx=1086 val=0.37580
[dump]   top4 idx=2121 val=0.34160
[dump] L31.fmix   n=40960   finite=1 absmax=6.3852       mean=0.011531     sumsq=29511.29474        argmax=23768
[dump]   top0 idx=23768 val=6.38520
[dump]   top1 idx=8408 val=6.28386
[dump]   top2 idx=10968 val=5.35598
[dump]   top3 idx=21208 val=5.12556
[dump]   top4 idx=8681 val=4.94771
[dump] L31.mlogit n=8192    finite=1 absmax=16.77        mean=-6.0814      sumsq=312957.8565        argmax=3566
[dump]   top0 idx=3566 val=-2.53371
[dump]   top1 idx=5102 val=-2.56266
[dump]   top2 idx=6945 val=-2.73857
[dump]   top3 idx=6939 val=-2.81917
[dump]   top4 idx=4078 val=-2.93956
[dump] L31.mprob  n=8192    finite=1 absmax=0.04058      mean=0.0019531    sumsq=0.07182958218      argmax=3566
[dump]   top0 idx=3566 val=0.04058
[dump]   top1 idx=6945 val=0.03793
[dump]   top2 idx=5102 val=0.03718
[dump]   top3 idx=6939 val=0.03500
[dump]   top4 idx=1006 val=0.03083
[dump] L31.mid    n=160     finite=1 absmax=0 mean=0 sumsq=0 ids: 283 174 156 215 96 136 55 199 303 50 494 199 207 156 100 193 405 501 318 446 494 199 207 263 314 156 318 343 501 234 207 156 234 219 379 33 444 388 323 3 207 236 116 453 210 16 246 494 326 156 288 426 199 494 32 263 501 50 303 110 494 288 156 207 199 318 399 501 302 211 494 193 134 311 199 32 426 501 303 289 494 311 446 207 174 303 288 318 199 405 494 199 501 156 318 405 399 311 302 288 156 207 405 399 192 314 100 283 302 408 283 494 399 405 50 311 318 342 449 289 494 174 399 318 405 283 50 303 408 501 289 283 494 327 405 156 96 449 207 177 289 283 156 494 405 174 302 303 449 207 283 289 303 174 449 156 405 494 12 177
[dump] L31.rlogit n=8192    finite=1 absmax=16.77        mean=-6.0814      sumsq=312957.8565        argmax=3566
[dump]   top0 idx=3566 val=-2.53371
[dump]   top1 idx=5102 val=-2.56266
[dump]   top2 idx=6945 val=-2.73857
[dump]   top3 idx=6939 val=-2.81917
[dump]   top4 idx=4078 val=-2.93956
[dump] L31.mwt    n=160     finite=1 absmax=0.26014      mean=0.1          sumsq=1.8753448          argmax=10
[dump] L31.mgate  n=102400  finite=1 absmax=2.8896       mean=-0.43675     sumsq=53736.92138        argmax=70609
[dump]   top0 idx=70609 val=2.22971
[dump]   top1 idx=8847 val=2.21202
[dump]   top2 idx=28440 val=2.18745
[dump]   top3 idx=28463 val=2.06709
[dump]   top4 idx=75285 val=1.97167
[dump] L31.mup    n=102400  finite=1 absmax=2.9298       mean=0.005847     sumsq=31499.82428        argmax=378
[dump]   top0 idx=378 val=2.92975
[dump]   top1 idx=64138 val=2.61385
[dump]   top2 idx=2788 val=2.51603
[dump]   top3 idx=73608 val=2.44802
[dump]   top4 idx=149 val=2.41519
[dump] L31.mgu    n=102400  finite=1 absmax=3.2813       mean=3.6172e-05   sumsq=1802.073821        argmax=28440
[dump]   top0 idx=28440 val=3.28128
[dump]   top1 idx=378 val=2.87123
[dump]   top2 idx=149 val=2.13668
[dump]   top3 idx=11184 val=2.00701
[dump]   top4 idx=102156 val=1.80921
[dump] L31.mdown  n=409600  finite=1 absmax=0.48266      mean=2.4719e-05   sumsq=755.2160107        argmax=2311
[dump]   top0 idx=2311 val=0.48266
[dump]   top1 idx=162884 val=0.26778
[dump]   top2 idx=114598 val=0.26430
[dump]   top3 idx=283012 val=0.23745
[dump]   top4 idx=98039 val=0.23569
[dump] L31.msh    n=40960   finite=1 absmax=0.023821     mean=9.6559e-05   sumsq=0.5165142516       argmax=13031
[dump]   top0 idx=13031 val=0.01968
[dump]   top1 idx=14612 val=0.01894
[dump]   top2 idx=24656 val=0.01856
[dump]   top3 idx=23674 val=0.01817
[dump]   top4 idx=29260 val=0.01816
[dump] L31.mout   n=40960   finite=1 absmax=0.10402      mean=0.00013545   sumsq=10.56958834        argmax=2311
[dump]   top0 idx=2311 val=0.10402
[dump]   top1 idx=8142 val=0.08330
[dump]   top2 idx=33745 val=0.07381
[dump]   top3 idx=10094 val=0.07370
[dump]   top4 idx=9652 val=0.06924
[dump] L31.moe    n=40960   finite=1 absmax=0.10402      mean=0.00013545   sumsq=10.56958834        argmax=2311
[dump]   top0 idx=2311 val=0.10402
[dump]   top1 idx=8142 val=0.08330
[dump]   top2 idx=33745 val=0.07381
[dump]   top3 idx=10094 val=0.07370
[dump]   top4 idx=9652 val=0.06924
[dump] L31.res    n=163840  finite=1 absmax=3.7711       mean=0.0014137    sumsq=696.0005068        argmax=1500
[dump]   top0 idx=1500 val=1.26240
[dump]   top1 idx=2121 val=0.92428
[dump]   top2 idx=788 val=0.73548
[dump]   top3 idx=1787 val=0.71624
[dump]   top4 idx=2366 val=0.70861
[dump] L32.hcmix  n=40960   finite=1 absmax=16.225       mean=0.01209      sumsq=15374.44221        argmax=1500
[dump]   top0 idx=1500 val=10.42664
[dump]   top1 idx=788 val=4.95115
[dump]   top2 idx=4060 val=4.11585
[dump]   top3 idx=12693 val=3.61420
[dump]   top4 idx=579 val=3.60150
[dump] L32.conv   n=163840  finite=1 absmax=3.6957       mean=-0.0035024   sumsq=945.3586444        argmax=18153
[dump]   top0 idx=18153 val=3.69571
[dump]   top1 idx=18122 val=3.09882
[dump]   top2 idx=22823 val=2.71551
[dump]   top3 idx=18146 val=2.56982
[dump]   top4 idx=14770 val=2.44761
[dump] L32.gnorm  n=98304   finite=1 absmax=0.4746       mean=-0.0032272   sumsq=96.56341766        argmax=14657
[dump]   top0 idx=14657 val=0.47460
[dump]   top1 idx=76251 val=0.35756
[dump]   top2 idx=14623 val=0.34604
[dump]   top3 idx=20767 val=0.30730
[dump]   top4 idx=57189 val=0.29347
[dump] L32.lin    n=40960   finite=1 absmax=0.35973      mean=-0.00085194  sumsq=51.31615756        argmax=5081
[dump]   top0 idx=5081 val=0.35973
[dump]   top1 idx=3553 val=0.35195
[dump]   top2 idx=3942 val=0.27685
[dump]   top3 idx=33222 val=0.24508
[dump]   top4 idx=9562 val=0.23188
[dump] L32.att    n=40960   finite=1 absmax=0.35973      mean=-0.00085194  sumsq=51.31615756        argmax=5081
[dump]   top0 idx=5081 val=0.35973
[dump]   top1 idx=3553 val=0.35195
[dump]   top2 idx=3942 val=0.27685
[dump]   top3 idx=33222 val=0.24508
[dump]   top4 idx=9562 val=0.23188
[dump] L32.fmix   n=40960   finite=1 absmax=4.2274       mean=0.0096704    sumsq=26584.91345        argmax=8681
[dump]   top0 idx=8681 val=4.22736
[dump]   top1 idx=9908 val=3.75616
[dump]   top2 idx=14245 val=3.54473
[dump]   top3 idx=1500 val=3.47787
[dump]   top4 idx=788 val=3.41452
[dump] L32.mlogit n=8192    finite=1 absmax=11.715       mean=-6.2216      sumsq=327034.1972        argmax=228
[dump]   top0 idx=228 val=-1.09476
[dump]   top1 idx=5348 val=-1.46790
[dump]   top2 idx=2788 val=-1.97854
[dump]   top3 idx=5392 val=-2.01154
[dump]   top4 idx=740 val=-2.01399
[dump] L32.mprob  n=8192    finite=1 absmax=0.21394      mean=0.0019531    sumsq=0.195398013        argmax=228
[dump]   top0 idx=228 val=0.21394
[dump]   top1 idx=5348 val=0.11160
[dump]   top2 idx=740 val=0.08130
[dump]   top3 idx=2788 val=0.07222
[dump]   top4 idx=5392 val=0.06480
[dump] L32.mid    n=160     finite=1 absmax=0 mean=0 sumsq=0 ids: 228 243 272 256 429 487 58 132 392 74 228 359 429 28 272 243 92 307 142 191 228 429 140 28 263 191 261 400 487 201 228 429 447 188 319 418 307 341 191 124 228 188 447 429 104 138 319 303 305 307 228 394 272 142 140 12 400 205 419 369 429 228 359 243 272 140 487 263 92 132 228 272 243 429 394 32 140 201 92 61 228 263 243 429 272 140 149 359 142 278 228 429 272 243 359 263 142 92 61 377 228 272 429 243 465 142 92 400 479 447 429 228 272 243 359 263 454 140 75 479 228 272 429 263 243 140 359 142 75 132 243 228 272 479 58 489 454 429 480 278 228 243 278 75 23 272 201 26 480 454 243 228 359 278 263 235 480 189 56 454
[dump] L32.rlogit n=8192    finite=1 absmax=11.715       mean=-6.2216      sumsq=327034.1972        argmax=228
[dump]   top0 idx=228 val=-1.09476
[dump]   top1 idx=5348 val=-1.46790
[dump]   top2 idx=2788 val=-1.97854
[dump]   top3 idx=5392 val=-2.01154
[dump]   top4 idx=740 val=-2.01399
[dump] L32.mwt    n=160     finite=1 absmax=0.67647      mean=0.1          sumsq=2.757093295        argmax=0
[dump] L32.mgate  n=102400  finite=1 absmax=3.2568       mean=-0.33607     sumsq=42113.03801        argmax=15090
[dump]   top0 idx=15090 val=2.24417
[dump]   top1 idx=32661 val=2.24222
[dump]   top2 idx=8388 val=2.14483
[dump]   top3 idx=13202 val=2.06480
[dump]   top4 idx=36354 val=2.05499
[dump] L32.mup    n=102400  finite=1 absmax=2.7978       mean=-0.00079492  sumsq=32189.0243         argmax=89670
[dump]   top0 idx=89670 val=2.79778
[dump]   top1 idx=13242 val=2.78351
[dump]   top2 idx=5654 val=2.67416
[dump]   top3 idx=12843 val=2.62767
[dump]   top4 idx=51642 val=2.59739
[dump] L32.mgu    n=102400  finite=1 absmax=3.108        mean=0.0020428    sumsq=1897.17261         argmax=36354
[dump]   top0 idx=36354 val=2.93428
[dump]   top1 idx=88193 val=2.81559
[dump]   top2 idx=51642 val=2.66532
[dump]   top3 idx=89061 val=2.28657
[dump]   top4 idx=70009 val=2.28362
[dump] L32.mdown  n=409600  finite=1 absmax=0.56006      mean=4.9095e-05   sumsq=765.9855238        argmax=2311
[dump]   top0 idx=2311 val=0.50879
[dump]   top1 idx=256276 val=0.25894
[dump]   top2 idx=204808 val=0.24166
[dump]   top3 idx=52931 val=0.23256
[dump]   top4 idx=142160 val=0.22890
[dump] L32.msh    n=40960   finite=1 absmax=0.056197     mean=-1.2433e-05  sumsq=0.4963685818       argmax=7716
[dump]   top0 idx=7716 val=0.02526
[dump]   top1 idx=10276 val=0.02252
[dump]   top2 idx=10819 val=0.02229
[dump]   top3 idx=8259 val=0.02086
[dump]   top4 idx=25636 val=0.01975
[dump] L32.mout   n=40960   finite=1 absmax=0.40669      mean=6.533e-05    sumsq=18.49588881        argmax=2311
[dump]   top0 idx=2311 val=0.35419
[dump]   top1 idx=25876 val=0.11609
[dump]   top2 idx=472 val=0.11604
[dump]   top3 idx=1547 val=0.11576
[dump]   top4 idx=895 val=0.11464
[dump] L32.moe    n=40960   finite=1 absmax=0.40669      mean=6.533e-05    sumsq=18.49588881        argmax=2311
[dump]   top0 idx=2311 val=0.35419
[dump]   top1 idx=25876 val=0.11609
[dump]   top2 idx=472 val=0.11604
[dump]   top3 idx=1547 val=0.11576
[dump]   top4 idx=895 val=0.11464
[dump] L32.res    n=163840  finite=1 absmax=3.0652       mean=0.0013354    sumsq=785.8011481        argmax=1500
[dump]   top0 idx=1500 val=1.31038
[dump]   top1 idx=2121 val=1.04832
[dump]   top2 idx=2366 val=0.88640
[dump]   top3 idx=138 val=0.85070
[dump]   top4 idx=788 val=0.78538
[dump] L33.hcmix  n=40960   finite=1 absmax=6.0066       mean=0.018548     sumsq=16376.35567        argmax=12693
[dump]   top0 idx=12693 val=4.49350
[dump]   top1 idx=788 val=4.41922
[dump]   top2 idx=7573 val=4.12519
[dump]   top3 idx=17813 val=4.09045
[dump]   top4 idx=3084 val=3.90773
[dump] L33.conv   n=163840  finite=1 absmax=3.2362       mean=0.0023563    sumsq=612.3700569        argmax=13091
[dump]   top0 idx=13091 val=3.23620
[dump]   top1 idx=56997 val=1.37978
[dump]   top2 idx=71390 val=1.37873
[dump]   top3 idx=61150 val=1.37097
[dump]   top4 idx=36517 val=1.35750
[dump] L33.gnorm  n=98304   finite=1 absmax=0.39856      mean=-0.00026831  sumsq=45.089959          argmax=15957
[dump]   top0 idx=15957 val=0.28132
[dump]   top1 idx=14085 val=0.24824
[dump]   top2 idx=3834 val=0.24043
[dump]   top3 idx=46382 val=0.22627
[dump]   top4 idx=34094 val=0.22618
[dump] L33.lin    n=40960   finite=1 absmax=0.21755      mean=-0.0012219   sumsq=31.09413293        argmax=4960
[dump]   top0 idx=4960 val=0.16707
[dump]   top1 idx=32602 val=0.16070
[dump]   top2 idx=32213 val=0.15416
[dump]   top3 idx=6071 val=0.14810
[dump]   top4 idx=10073 val=0.14785
[dump] L33.att    n=40960   finite=1 absmax=0.21755      mean=-0.0012219   sumsq=31.09413293        argmax=4960
[dump]   top0 idx=4960 val=0.16707
[dump]   top1 idx=32602 val=0.16070
[dump]   top2 idx=32213 val=0.15416
[dump]   top3 idx=6071 val=0.14810
[dump]   top4 idx=10073 val=0.14785
[dump] L33.fmix   n=40960   finite=1 absmax=4.7051       mean=0.010174     sumsq=21971.89848        argmax=6606
[dump]   top0 idx=6606 val=4.70514
[dump]   top1 idx=4046 val=4.01948
[dump]   top2 idx=788 val=3.25115
[dump]   top3 idx=4060 val=3.03361
[dump]   top4 idx=6433 val=2.98617
[dump] L33.mlogit n=8192    finite=1 absmax=11.018       mean=-6.4282      sumsq=348324.3709        argmax=648
[dump]   top0 idx=648 val=-1.72000
[dump]   top1 idx=899 val=-2.17281
[dump]   top2 idx=4971 val=-2.25886
[dump]   top3 idx=1411 val=-2.34650
[dump]   top4 idx=3720 val=-2.47656
[dump] L33.mprob  n=8192    finite=1 absmax=0.092027     mean=0.0019531    sumsq=0.1464682792       argmax=648
[dump]   top0 idx=648 val=0.09203
[dump]   top1 idx=899 val=0.05851
[dump]   top2 idx=5256 val=0.05764
[dump]   top3 idx=4971 val=0.05525
[dump]   top4 idx=1411 val=0.05283
[dump] L33.mid    n=160     finite=1 absmax=0 mean=0 sumsq=0 ids: 136 486 387 243 105 160 471 28 200 209 136 387 486 363 365 279 160 419 84 243 387 328 136 486 398 471 259 304 363 194 328 249 136 469 387 105 486 160 4 363 486 136 366 387 333 469 444 363 471 194 387 136 419 84 471 210 243 486 328 448 419 279 136 363 387 499 328 105 366 486 136 419 387 363 486 279 194 105 365 206 136 419 470 363 362 279 486 387 105 471 363 136 470 419 471 387 84 105 486 328 136 84 428 363 486 160 419 279 328 469 136 84 363 486 471 362 279 419 374 345 136 362 363 84 471 486 366 374 155 279 345 84 136 374 363 279 486 155 471 387 136 84 253 363 345 209 299 261 139 279 362 84 279 136 345 374 139 509 299 419
[dump] L33.rlogit n=8192    finite=1 absmax=11.018       mean=-6.4282      sumsq=348324.3709        argmax=648
[dump]   top0 idx=648 val=-1.72000
[dump]   top1 idx=899 val=-2.17281
[dump]   top2 idx=4971 val=-2.25886
[dump]   top3 idx=1411 val=-2.34650
[dump]   top4 idx=3720 val=-2.47656
[dump] L33.mwt    n=160     finite=1 absmax=0.32987      mean=0.1          sumsq=1.999270096        argmax=10
[dump] L33.mgate  n=102400  finite=1 absmax=3.3738       mean=-0.27524     sumsq=33664.128          argmax=42118
[dump]   top0 idx=42118 val=3.37381
[dump]   top1 idx=17025 val=3.12891
[dump]   top2 idx=42237 val=3.03884
[dump]   top3 idx=64918 val=2.67742
[dump]   top4 idx=6761 val=2.56142
[dump] L33.mup    n=102400  finite=1 absmax=2.6832       mean=-0.0024233   sumsq=26415.30581        argmax=14780
[dump]   top0 idx=14780 val=2.68315
[dump]   top1 idx=14500 val=2.62174
[dump]   top2 idx=72208 val=2.36102
[dump]   top3 idx=27054 val=2.28906
[dump]   top4 idx=88853 val=2.27644
[dump] L33.mgu    n=102400  finite=1 absmax=4.3367       mean=-0.00038882  sumsq=1534.616193        argmax=38961
[dump]   top0 idx=38961 val=2.59536
[dump]   top1 idx=52401 val=2.23167
[dump]   top2 idx=95050 val=1.71269
[dump]   top3 idx=6934 val=1.52257
[dump]   top4 idx=19901 val=1.47398
[dump] L33.mdown  n=409600  finite=1 absmax=0.3689       mean=-1.5456e-05  sumsq=612.7091751        argmax=26961
[dump]   top0 idx=26961 val=0.36890
[dump]   top1 idx=28264 val=0.28021
[dump]   top2 idx=26619 val=0.27187
[dump]   top3 idx=51304 val=0.26398
[dump]   top4 idx=153708 val=0.26080
[dump] L33.msh    n=40960   finite=1 absmax=0.019658     mean=-3.922e-05   sumsq=0.278539128        argmax=12633
[dump]   top0 idx=12633 val=0.01966
[dump]   top1 idx=4021 val=0.01781
[dump]   top2 idx=10173 val=0.01632
[dump]   top3 idx=10073 val=0.01581
[dump]   top4 idx=13362 val=0.01568
[dump] L33.mout   n=40960   finite=1 absmax=0.14402      mean=-6.0734e-05  sumsq=10.62032705        argmax=3921
[dump]   top0 idx=3921 val=0.14402
[dump]   top1 idx=4000 val=0.11589
[dump]   top2 idx=2664 val=0.11426
[dump]   top3 idx=3579 val=0.10980
[dump]   top4 idx=4654 val=0.09645
[dump] L33.moe    n=40960   finite=1 absmax=0.14402      mean=-6.0734e-05  sumsq=10.62032705        argmax=3921
[dump]   top0 idx=3921 val=0.14402
[dump]   top1 idx=4000 val=0.11589
[dump]   top2 idx=2664 val=0.11426
[dump]   top3 idx=3579 val=0.10980
[dump]   top4 idx=4654 val=0.09645
[dump] L33.res    n=163840  finite=1 absmax=3.0014       mean=0.00085453   sumsq=851.707231         argmax=1500
[dump]   top0 idx=1500 val=1.27408
[dump]   top1 idx=2121 val=1.03167
[dump]   top2 idx=138 val=0.88931
[dump]   top3 idx=2366 val=0.85656
[dump]   top4 idx=788 val=0.75318
[dump] L34.hcmix  n=40960   finite=1 absmax=17.722       mean=0.011797     sumsq=16455.55289        argmax=1500
[dump]   top0 idx=1500 val=8.71960
[dump]   top1 idx=793 val=4.87583
[dump]   top2 idx=788 val=4.30935
[dump]   top3 idx=1912 val=3.91018
[dump]   top4 idx=26805 val=3.56600
[dump] L34.conv   n=163840  finite=1 absmax=1.7569       mean=0.00079898   sumsq=489.3779169        argmax=11003
[dump]   top0 idx=11003 val=1.75693
[dump]   top1 idx=21243 val=1.42617
[dump]   top2 idx=134876 val=1.30416
[dump]   top3 idx=114396 val=1.25526
[dump]   top4 idx=51963 val=1.22000
[dump] L34.gnorm  n=98304   finite=1 absmax=0.41724      mean=0.00056875   sumsq=119.3097573        argmax=24095
[dump]   top0 idx=24095 val=0.39553
[dump]   top1 idx=24878 val=0.35959
[dump]   top2 idx=70812 val=0.33788
[dump]   top3 idx=69540 val=0.33577
[dump]   top4 idx=98213 val=0.32193
[dump] L34.lin    n=40960   finite=1 absmax=0.32373      mean=-0.00048197  sumsq=62.37615241        argmax=26082
[dump]   top0 idx=26082 val=0.32373
[dump]   top1 idx=36322 val=0.29981
[dump]   top2 idx=31202 val=0.27506
[dump]   top3 idx=32602 val=0.27249
[dump]   top4 idx=38882 val=0.26727
[dump] L34.att    n=40960   finite=1 absmax=0.32373      mean=-0.00048197  sumsq=62.37615241        argmax=26082
[dump]   top0 idx=26082 val=0.32373
[dump]   top1 idx=36322 val=0.29981
[dump]   top2 idx=31202 val=0.27506
[dump]   top3 idx=32602 val=0.27249
[dump]   top4 idx=38882 val=0.26727
[dump] L34.fmix   n=40960   finite=1 absmax=4.4335       mean=0.01837      sumsq=19769.88343        argmax=1500
[dump]   top0 idx=1500 val=3.96667
[dump]   top1 idx=7573 val=3.90233
[dump]   top2 idx=17813 val=3.52540
[dump]   top3 idx=10936 val=3.48914
[dump]   top4 idx=36536 val=3.35521
[dump] L34.mlogit n=8192    finite=1 absmax=12.125       mean=-6.4834      sumsq=354957.0735        argmax=5763
[dump]   top0 idx=5763 val=-0.62519
[dump]   top1 idx=1155 val=-1.58077
[dump]   top2 idx=1565 val=-1.79919
[dump]   top3 idx=623 val=-1.90464
[dump]   top4 idx=449 val=-1.94453
[dump] L34.mprob  n=8192    finite=1 absmax=0.25255      mean=0.0019531    sumsq=0.2489623184       argmax=5763
[dump]   top0 idx=5763 val=0.25255
[dump]   top1 idx=1155 val=0.11860
[dump]   top2 idx=1565 val=0.09985
[dump]   top3 idx=623 val=0.09939
[dump]   top4 idx=449 val=0.09811
[dump] L34.mid    n=160     finite=1 absmax=0 mean=0 sumsq=0 ids: 449 475 275 87 111 19 496 101 399 11 111 29 101 119 275 131 460 484 19 475 131 157 29 111 119 102 7 325 22 110 29 7 459 201 185 101 299 119 157 102 440 111 459 29 157 131 119 299 506 201 87 496 101 264 24 88 275 277 399 29 131 24 111 101 22 448 29 102 366 203 131 22 88 119 448 111 101 29 24 496 29 448 102 24 22 5 353 101 119 131 29 448 24 101 264 22 353 102 131 376 111 299 29 24 201 101 366 459 185 465 131 24 101 22 366 448 111 102 460 347 111 366 448 22 101 102 131 24 402 427 24 131 353 101 29 448 22 275 102 273 131 24 448 101 201 150 22 123 275 29 448 24 131 101 22 366 247 102 201 275
[dump] L34.rlogit n=8192    finite=1 absmax=12.125       mean=-6.4834      sumsq=354957.0735        argmax=5763
[dump]   top0 idx=5763 val=-0.62519
[dump]   top1 idx=1155 val=-1.58077
[dump]   top2 idx=1565 val=-1.79919
[dump]   top3 idx=623 val=-1.90464
[dump]   top4 idx=449 val=-1.94453
[dump] L34.mwt    n=160     finite=1 absmax=0.59115      mean=0.1          sumsq=2.444703021        argmax=110
[dump] L34.mgate  n=102400  finite=1 absmax=3.4313       mean=-0.30136     sumsq=38312.59205        argmax=68385
[dump]   top0 idx=68385 val=2.89396
[dump]   top1 idx=24586 val=2.72365
[dump]   top2 idx=90588 val=2.59925
[dump]   top3 idx=51841 val=2.54442
[dump]   top4 idx=65403 val=2.49461
[dump] L34.mup    n=102400  finite=1 absmax=2.8642       mean=0.0037328    sumsq=27974.59705        argmax=13116
[dump]   top0 idx=13116 val=2.86415
[dump]   top1 idx=42008 val=2.73859
[dump]   top2 idx=52248 val=2.60098
[dump]   top3 idx=29191 val=2.54969
[dump]   top4 idx=13968 val=2.54263
[dump] L34.mgu    n=102400  finite=1 absmax=3.3071       mean=0.00080621   sumsq=1788.842169        argmax=90588
[dump]   top0 idx=90588 val=3.30710
[dump]   top1 idx=83584 val=3.14328
[dump]   top2 idx=31610 val=3.00577
[dump]   top3 idx=6434 val=2.58761
[dump]   top4 idx=24586 val=2.56442
[dump] L34.mdown  n=409600  finite=1 absmax=0.49331      mean=0.00020557   sumsq=747.7106566        argmax=75726
[dump]   top0 idx=75726 val=0.40605
[dump]   top1 idx=62724 val=0.33258
[dump]   top2 idx=34564 val=0.32432
[dump]   top3 idx=333420 val=0.29269
[dump]   top4 idx=333438 val=0.29184
[dump] L34.msh    n=40960   finite=1 absmax=0.02221      mean=4.5882e-05   sumsq=0.4565586905       argmax=9396
[dump]   top0 idx=9396 val=0.02155
[dump]   top1 idx=2913 val=0.02145
[dump]   top2 idx=5005 val=0.01977
[dump]   top3 idx=3160 val=0.01851
[dump]   top4 idx=27395 val=0.01838
[dump] L34.mout   n=40960   finite=1 absmax=0.15086      mean=0.00028881   sumsq=15.85916291        argmax=28691
[dump]   top0 idx=28691 val=0.11692
[dump]   top1 idx=28226 val=0.11275
[dump]   top2 idx=30391 val=0.11168
[dump]   top3 idx=28740 val=0.10599
[dump]   top4 idx=30007 val=0.10590
[dump] L34.moe    n=40960   finite=1 absmax=0.15086      mean=0.00028881   sumsq=15.85916291        argmax=28691
[dump]   top0 idx=28691 val=0.11692
[dump]   top1 idx=28226 val=0.11275
[dump]   top2 idx=30391 val=0.11168
[dump]   top3 idx=28740 val=0.10599
[dump]   top4 idx=30007 val=0.10590
[dump] L34.res    n=163840  finite=1 absmax=2.9785       mean=0.00098254   sumsq=1017.288128        argmax=1500
[dump]   top0 idx=1500 val=1.27003
[dump]   top1 idx=2121 val=1.01787
[dump]   top2 idx=138 val=0.91842
[dump]   top3 idx=2366 val=0.84595
[dump]   top4 idx=51682 val=0.77905
[dump] L35.hcmix  n=40960   finite=1 absmax=8.4702       mean=0.008443     sumsq=5431.856847        argmax=8162
[dump]   top0 idx=8162 val=2.45969
[dump]   top1 idx=28888 val=2.26470
[dump]   top2 idx=13282 val=2.21890
[dump]   top3 idx=27341 val=2.14921
[dump]   top4 idx=5848 val=2.13419
[dump] L35.cur    n=40960   finite=1 absmax=8.4702       mean=0.008443     sumsq=5431.856847        argmax=8162
[dump]   top0 idx=8162 val=2.45969
[dump]   top1 idx=28888 val=2.26470
[dump]   top2 idx=13282 val=2.21890
[dump]   top3 idx=27341 val=2.14921
[dump]   top4 idx=5848 val=2.13419
[dump] L35.qnorm  n=98304   finite=1 absmax=8.2194       mean=0.037674     sumsq=142220.1849        argmax=3093
[dump]   top0 idx=3093 val=8.21940
[dump]   top1 idx=4629 val=7.73935
[dump]   top2 idx=94773 val=7.48435
[dump]   top3 idx=5653 val=7.44354
[dump]   top4 idx=39477 val=7.33806
[dump] L35.knorm  n=8192    finite=1 absmax=8.2061       mean=-0.0033232   sumsq=19630.13788        argmax=5912
[dump]   top0 idx=5912 val=8.20609
[dump]   top1 idx=4376 val=7.46710
[dump]   top2 idx=4888 val=7.21018
[dump]   top3 idx=6424 val=7.06481
[dump]   top4 idx=5689 val=6.88876
[dump] L35.vraw   n=8192    finite=1 absmax=8.602        mean=0.002601     sumsq=2415.775347        argmax=325
[dump]   top0 idx=325 val=8.60198
[dump]   top1 idx=249 val=6.31294
[dump]   top2 idx=3154 val=3.17012
[dump]   top3 idx=1219 val=2.03107
[dump]   top4 idx=1181 val=1.97259
[dump] L35.Q      n=98304   finite=1 absmax=8.2194       mean=0.028748     sumsq=142220.1848        argmax=3093
[dump]   top0 idx=3093 val=8.21940
[dump]   top1 idx=4629 val=7.73935
[dump]   top2 idx=94773 val=7.48329
[dump]   top3 idx=5653 val=7.44354
[dump]   top4 idx=39477 val=7.33769
[dump] L35.K      n=8192    finite=1 absmax=8.2063       mean=0.0099164    sumsq=19630.13792        argmax=5912
[dump]   top0 idx=5912 val=8.20626
[dump]   top1 idx=4376 val=7.46732
[dump]   top2 idx=4888 val=7.21046
[dump]   top3 idx=6424 val=7.06505
[dump]   top4 idx=5689 val=6.88881
[dump] L35.faout  n=98304   finite=1 absmax=8.6003       mean=0.0022247    sumsq=19396.43309        argmax=3141
[dump]   top0 idx=3141 val=8.60034
[dump]   top1 idx=3397 val=8.60034
[dump]   top2 idx=3653 val=8.60034
[dump]   top3 idx=3909 val=8.60034
[dump]   top4 idx=4165 val=8.60034
[dump] L35.gate   n=98304   finite=1 absmax=4.3528       mean=-1.3406      sumsq=208025.1987        argmax=85329
[dump]   top0 idx=85329 val=0.45555
[dump]   top1 idx=85378 val=0.43633
[dump]   top2 idx=85288 val=0.41654
[dump]   top3 idx=11586 val=0.41422
[dump]   top4 idx=91532 val=0.40226
[dump] L35.gated  n=98304   finite=1 absmax=2.7682       mean=-0.00090144  sumsq=1143.713596        argmax=5445
[dump]   top0 idx=5445 val=2.76819
[dump]   top1 idx=4165 val=2.63965
[dump]   top2 idx=5957 val=2.56168
[dump]   top3 idx=3909 val=2.53634
[dump]   top4 idx=3141 val=2.52513
[dump] L35.att    n=40960   finite=1 absmax=0.84213      mean=0.0014159    sumsq=156.8619825        argmax=1736
[dump]   top0 idx=1736 val=0.74938
[dump]   top1 idx=360 val=0.54209
[dump]   top2 idx=1795 val=0.53550
[dump]   top3 idx=994 val=0.52443
[dump]   top4 idx=1181 val=0.49177
[dump] L35.fmix   n=40960   finite=1 absmax=5.2726       mean=0.01755      sumsq=26168.25143        argmax=40195
[dump]   top0 idx=40195 val=3.58923
[dump]   top1 idx=29955 val=3.41838
[dump]   top2 idx=12035 val=3.40202
[dump]   top3 idx=6008 val=3.34870
[dump]   top4 idx=4060 val=3.32193
[dump] L35.mlogit n=8192    finite=1 absmax=12.317       mean=-6.2271      sumsq=327249.4962        argmax=3544
[dump]   top0 idx=3544 val=-1.02310
[dump]   top1 idx=6104 val=-1.70398
[dump]   top2 idx=984 val=-1.79035
[dump]   top3 idx=4056 val=-1.83472
[dump]   top4 idx=1246 val=-1.86452
[dump] L35.mprob  n=8192    finite=1 absmax=0.15408      mean=0.0019531    sumsq=0.1902264133       argmax=3544
[dump]   top0 idx=3544 val=0.15408
[dump]   top1 idx=6104 val=0.09229
[dump]   top2 idx=4056 val=0.08055
[dump]   top3 idx=6777 val=0.08030
[dump]   top4 idx=8152 val=0.07706
[dump] L35.mid    n=160     finite=1 absmax=0 mean=0 sumsq=0 ids: 434 31 170 360 342 472 406 372 500 162 472 222 309 161 342 362 31 3 453 5 222 3 309 342 472 161 9 403 362 375 161 291 403 222 472 372 309 342 357 259 472 161 222 70 342 375 345 9 31 403 3 472 368 9 222 501 453 357 309 372 472 3 31 375 161 34 342 121 49 434 472 375 397 31 3 372 161 315 434 52 472 375 161 3 315 56 291 222 121 31 472 161 372 3 31 315 375 434 56 222 472 500 170 161 372 31 426 56 222 434 472 31 375 315 161 121 434 385 377 277 375 472 315 385 3 31 434 372 222 161 121 472 31 490 56 315 161 375 136 173 472 31 121 315 454 161 56 490 64 14 472 121 31 315 490 375 161 56 162 136
[dump] L35.rlogit n=8192    finite=1 absmax=12.317       mean=-6.2271      sumsq=327249.4962        argmax=3544
[dump]   top0 idx=3544 val=-1.02310
[dump]   top1 idx=6104 val=-1.70398
[dump]   top2 idx=984 val=-1.79035
[dump]   top3 idx=4056 val=-1.83472
[dump]   top4 idx=1246 val=-1.86452
[dump] L35.mwt    n=160     finite=1 absmax=0.49172      mean=0.1          sumsq=2.481565149        argmax=60
[dump] L35.mgate  n=102400  finite=1 absmax=5.3004       mean=-0.35952     sumsq=46030.13968        argmax=68467
[dump]   top0 idx=68467 val=5.30044
[dump]   top1 idx=35517 val=2.16253
[dump]   top2 idx=38561 val=2.15248
[dump]   top3 idx=39777 val=2.10984
[dump]   top4 idx=51361 val=2.06382
[dump] L35.mup    n=102400  finite=1 absmax=3.5764       mean=-0.008664    sumsq=32463.3783         argmax=42083
[dump]   top0 idx=42083 val=2.69270
[dump]   top1 idx=68295 val=2.68696
[dump]   top2 idx=47594 val=2.66611
[dump]   top3 idx=68336 val=2.66598
[dump]   top4 idx=39274 val=2.59698
[dump] L35.mgu    n=102400  finite=1 absmax=6.8967       mean=-2.9232e-05  sumsq=2224.99011         argmax=47594
[dump]   top0 idx=47594 val=4.84322
[dump]   top1 idx=39274 val=3.58840
[dump]   top2 idx=42083 val=2.59698
[dump]   top3 idx=73050 val=2.37357
[dump]   top4 idx=14176 val=2.24963
[dump] L35.mdown  n=409600  finite=1 absmax=0.61847      mean=0.00026236   sumsq=993.3229534        argmax=155482
[dump]   top0 idx=155482 val=0.61847
[dump]   top1 idx=206682 val=0.43737
[dump]   top2 idx=167120 val=0.39416
[dump]   top3 idx=190051 val=0.39212
[dump]   top4 idx=154829 val=0.36547
[dump] L35.msh    n=40960   finite=1 absmax=0.028092     mean=0.00012412   sumsq=0.5060182882       argmax=4380
[dump]   top0 idx=4380 val=0.02809
[dump]   top1 idx=2900 val=0.02441
[dump]   top2 idx=4021 val=0.02363
[dump]   top3 idx=2681 val=0.02344
[dump]   top4 idx=4697 val=0.02339
[dump] L35.mout   n=40960   finite=1 absmax=0.29393      mean=0.00071808   sumsq=27.91581861        argmax=17242
[dump]   top0 idx=17242 val=0.29393
[dump]   top1 idx=16047 val=0.19496
[dump]   top2 idx=16788 val=0.17829
[dump]   top3 idx=16469 val=0.17324
[dump]   top4 idx=16585 val=0.17262
[dump] L35.moe    n=40960   finite=1 absmax=0.29393      mean=0.00071808   sumsq=27.91581861        argmax=17242
[dump]   top0 idx=17242 val=0.29393
[dump]   top1 idx=16047 val=0.19496
[dump]   top2 idx=16788 val=0.17829
[dump]   top3 idx=16469 val=0.17324
[dump]   top4 idx=16585 val=0.17262
[dump] L35.res    n=163840  finite=1 absmax=3.0068       mean=0.0020233    sumsq=1230.912082        argmax=63322
[dump]   top0 idx=63322 val=1.49655
[dump]   top1 idx=1500 val=1.25417
[dump]   top2 idx=2121 val=1.03960
[dump]   top3 idx=138 val=0.99563
[dump]   top4 idx=62129 val=0.83490
[dump] L36.hcmix  n=40960   finite=1 absmax=12.71        mean=0.015923     sumsq=15462.78207        argmax=1500
[dump]   top0 idx=1500 val=6.72601
[dump]   top1 idx=793 val=5.43582
[dump]   top2 idx=3511 val=4.02766
[dump]   top3 idx=788 val=3.83558
[dump]   top4 idx=1736 val=3.72599
[dump] L36.conv   n=163840  finite=1 absmax=5.3679       mean=-0.0011537   sumsq=933.3922057        argmax=12399
[dump]   top0 idx=12399 val=5.36795
[dump]   top1 idx=1397 val=3.15744
[dump]   top2 idx=134517 val=3.03400
[dump]   top3 idx=11637 val=2.78470
[dump]   top4 idx=13601 val=2.55633
[dump] L36.gnorm  n=98304   finite=1 absmax=8.8795       mean=0.0020059    sumsq=1034.866586        argmax=3916
[dump]   top0 idx=3916 val=8.87952
[dump]   top1 idx=8253 val=1.81502
[dump]   top2 idx=5980 val=1.61347
[dump]   top3 idx=12163 val=1.10847
[dump]   top4 idx=37879 val=1.08623
[dump] L36.lin    n=40960   finite=1 absmax=6.1809       mean=0.0032206    sumsq=869.0961767        argmax=1827
[dump]   top0 idx=1827 val=3.13123
[dump]   top1 idx=2311 val=2.05195
[dump]   top2 idx=2238 val=1.95783
[dump]   top3 idx=1984 val=1.94481
[dump]   top4 idx=403 val=1.89160
[dump] L36.att    n=40960   finite=1 absmax=6.1809       mean=0.0032206    sumsq=869.0961767        argmax=1827
[dump]   top0 idx=1827 val=3.13123
[dump]   top1 idx=2311 val=2.05195
[dump]   top2 idx=2238 val=1.95783
[dump]   top3 idx=1984 val=1.94481
[dump]   top4 idx=403 val=1.89160
[dump] L36.fmix   n=40960   finite=1 absmax=6.5815       mean=0.038072     sumsq=39459.29501        argmax=8681
[dump]   top0 idx=8681 val=4.77403
[dump]   top1 idx=14245 val=4.40593
[dump]   top2 idx=12360 val=4.23574
[dump]   top3 idx=4954 val=4.00682
[dump]   top4 idx=19388 val=3.91260
[dump] L36.mlogit n=8192    finite=1 absmax=12.47        mean=-6.1336      sumsq=316238.2356        argmax=3828
[dump]   top0 idx=3828 val=-1.87935
[dump]   top1 idx=3971 val=-1.91377
[dump]   top2 idx=3802 val=-1.92518
[dump]   top3 idx=1754 val=-1.95568
[dump]   top4 idx=4483 val=-2.00207
[dump] L36.mprob  n=8192    finite=1 absmax=0.079396     mean=0.0019531    sumsq=0.1052185117       argmax=4483
[dump]   top0 idx=4483 val=0.07940
[dump]   top1 idx=1754 val=0.07416
[dump]   top2 idx=8067 val=0.07379
[dump]   top3 idx=6531 val=0.07159
[dump]   top4 idx=6019 val=0.05730
[dump] L36.mid    n=160     finite=1 absmax=0 mean=0 sumsq=0 ids: 363 78 76 55 429 407 473 388 210 179 412 45 396 387 395 151 26 102 127 218 396 218 412 387 102 233 256 336 388 217 218 76 388 308 147 412 349 233 445 105 358 96 396 233 218 151 388 387 125 146 54 210 233 63 102 114 25 396 217 313 387 218 210 243 313 102 59 485 306 217 244 387 218 102 63 30 122 210 481 248 387 210 25 248 296 313 218 233 258 341 387 210 76 102 396 63 218 258 25 330 218 387 339 293 148 140 26 388 363 158 387 218 25 210 313 485 243 363 388 76 387 25 258 210 388 330 76 169 265 63 387 185 442 218 307 25 168 258 314 243 387 442 278 25 258 370 179 314 18 26 387 442 179 258 25 168 307 182 185 485
[dump] L36.rlogit n=8192    finite=1 absmax=12.47        mean=-6.1336      sumsq=316238.2356        argmax=3828
[dump]   top0 idx=3828 val=-1.87935
[dump]   top1 idx=3971 val=-1.91377
[dump]   top2 idx=3802 val=-1.92518
[dump]   top3 idx=1754 val=-1.95568
[dump]   top4 idx=4483 val=-2.00207
[dump] L36.mwt    n=160     finite=1 absmax=0.43437      mean=0.1          sumsq=2.348411733        argmax=80
[dump] L36.mgate  n=102400  finite=1 absmax=4.2046       mean=-0.29998     sumsq=60564.3199         argmax=65904
[dump]   top0 idx=65904 val=4.20456
[dump]   top1 idx=65765 val=2.96569
[dump]   top2 idx=41976 val=2.77039
[dump]   top3 idx=31370 val=2.69024
[dump]   top4 idx=77840 val=2.68709
[dump] L36.mup    n=102400  finite=1 absmax=3.7938       mean=-0.0014489   sumsq=50626.17682        argmax=57893
[dump]   top0 idx=57893 val=3.40472
[dump]   top1 idx=43887 val=3.36613
[dump]   top2 idx=64483 val=3.28815
[dump]   top3 idx=77441 val=3.22883
[dump]   top4 idx=52481 val=3.17534
[dump] L36.mgu    n=102400  finite=1 absmax=6.2496       mean=0.00033702   sumsq=5095.452944        argmax=31370
[dump]   top0 idx=31370 val=6.24964
[dump]   top1 idx=96556 val=5.19536
[dump]   top2 idx=66605 val=4.86535
[dump]   top3 idx=50575 val=3.65547
[dump]   top4 idx=6539 val=3.55748
[dump] L36.mdown  n=409600  finite=1 absmax=0.4259       mean=0.00038344   sumsq=2105.562695        argmax=333076
[dump]   top0 idx=333076 val=0.39472
[dump]   top1 idx=335196 val=0.36692
[dump]   top2 idx=268021 val=0.36678
[dump]   top3 idx=332905 val=0.36232
[dump]   top4 idx=154601 val=0.36230
[dump] L36.msh    n=40960   finite=1 absmax=0.17286      mean=0.00016566   sumsq=4.036519953        argmax=14595
[dump]   top0 idx=14595 val=0.07736
[dump]   top1 idx=14828 val=0.07646
[dump]   top2 idx=9507 val=0.07512
[dump]   top3 idx=9475 val=0.07371
[dump]   top4 idx=24867 val=0.07217
[dump] L36.mout   n=40960   finite=1 absmax=0.22789      mean=0.0009055    sumsq=46.59898083        argmax=35107
[dump]   top0 idx=35107 val=0.16208
[dump]   top1 idx=17187 val=0.15491
[dump]   top2 idx=9708 val=0.15295
[dump]   top3 idx=32547 val=0.14672
[dump]   top4 idx=9800 val=0.14074
[dump] L36.moe    n=40960   finite=1 absmax=0.22789      mean=0.0009055    sumsq=46.59898083        argmax=35107
[dump]   top0 idx=35107 val=0.16208
[dump]   top1 idx=17187 val=0.15491
[dump]   top2 idx=9708 val=0.15295
[dump]   top3 idx=32547 val=0.14672
[dump]   top4 idx=9800 val=0.14074
[dump] L36.res    n=163840  finite=1 absmax=6.7457       mean=0.0033143    sumsq=2422.340023        argmax=1827
[dump]   top0 idx=1827 val=3.00860
[dump]   top1 idx=138 val=2.36573
[dump]   top2 idx=63322 val=2.17416
[dump]   top3 idx=1984 val=1.80478
[dump]   top4 idx=1736 val=1.79301
[dump] L37.hcmix  n=40960   finite=1 absmax=17.193       mean=0.029299     sumsq=13917.26799        argmax=1500
[dump]   top0 idx=1500 val=8.34727
[dump]   top1 idx=1827 val=6.79445
[dump]   top2 idx=793 val=4.39259
[dump]   top3 idx=19715 val=4.20363
[dump]   top4 idx=1736 val=4.07667
[dump] L37.conv   n=163840  finite=1 absmax=3.2731       mean=0.0014149    sumsq=1182.361           argmax=135177
[dump]   top0 idx=135177 val=3.27310
[dump]   top1 idx=155657 val=3.11944
[dump]   top2 idx=124937 val=3.01711
[dump]   top3 idx=143375 val=2.74411
[dump]   top4 idx=10975 val=2.71163
[dump] L37.gnorm  n=98304   finite=1 absmax=4.281        mean=2.6342e-05   sumsq=177.8529402        argmax=3391
[dump]   top0 idx=3391 val=4.28103
[dump]   top1 idx=29343 val=0.63709
[dump]   top2 idx=68127 val=0.62822
[dump]   top3 idx=11921 val=0.52140
[dump]   top4 idx=47489 val=0.44528
[dump] L37.lin    n=40960   finite=1 absmax=2.3247       mean=-0.00098922  sumsq=123.1894507        argmax=2537
[dump]   top0 idx=2537 val=1.20302
[dump]   top1 idx=932 val=0.70695
[dump]   top2 idx=1984 val=0.56958
[dump]   top3 idx=1359 val=0.56635
[dump]   top4 idx=138 val=0.56308
[dump] L37.att    n=40960   finite=1 absmax=2.3247       mean=-0.00098922  sumsq=123.1894507        argmax=2537
[dump]   top0 idx=2537 val=1.20302
[dump]   top1 idx=932 val=0.70695
[dump]   top2 idx=1984 val=0.56958
[dump]   top3 idx=1359 val=0.56635
[dump]   top4 idx=138 val=0.56308
[dump] L37.fmix   n=40960   finite=1 absmax=5.1255       mean=0.047225     sumsq=39409.47901        argmax=12360
[dump]   top0 idx=12360 val=4.64227
[dump]   top1 idx=10936 val=4.49993
[dump]   top2 idx=8681 val=4.49584
[dump]   top3 idx=4954 val=4.26500
[dump]   top4 idx=36536 val=4.20386
[dump] L37.mlogit n=8192    finite=1 absmax=14.726       mean=-6.2586      sumsq=329885.3392        argmax=4960
[dump]   top0 idx=4960 val=-1.58592
[dump]   top1 idx=6969 val=-2.10356
[dump]   top2 idx=7993 val=-2.25584
[dump]   top3 idx=8026 val=-2.51762
[dump]   top4 idx=6201 val=-2.55779
[dump] L37.mprob  n=8192    finite=1 absmax=0.095355     mean=0.0019531    sumsq=0.109914941        argmax=4960
[dump]   top0 idx=4960 val=0.09535
[dump]   top1 idx=6969 val=0.06833
[dump]   top2 idx=7993 val=0.05158
[dump]   top3 idx=8026 val=0.03970
[dump]   top4 idx=7514 val=0.03939
[dump] L37.mid    n=160     finite=1 absmax=0 mean=0 sumsq=0 ids: 255 72 379 304 131 420 297 25 10 314 435 304 19 150 324 255 379 118 436 32 286 118 435 350 451 369 128 255 324 200 19 306 150 494 255 314 359 312 511 284 128 346 187 51 33 142 324 304 435 118 131 302 394 118 57 218 324 33 392 255 19 118 57 255 484 346 313 155 200 369 118 57 360 19 27 346 255 218 369 64 19 57 118 352 369 346 255 484 200 264 352 118 57 19 306 200 369 255 346 494 19 317 255 346 118 379 484 128 369 57 346 255 131 57 369 118 379 313 200 19 57 369 264 19 304 118 346 255 131 326 313 389 346 57 369 469 200 306 128 19 346 313 19 321 57 369 326 118 255 494 313 346 57 369 469 19 304 118 326 264
[dump] L37.rlogit n=8192    finite=1 absmax=14.726       mean=-6.2586      sumsq=329885.3392        argmax=4960
[dump]   top0 idx=4960 val=-1.58592
[dump]   top1 idx=6969 val=-2.10356
[dump]   top2 idx=7993 val=-2.25584
[dump]   top3 idx=8026 val=-2.51762
[dump]   top4 idx=6201 val=-2.55779
[dump] L37.mwt    n=160     finite=1 absmax=0.3358       mean=0.1          sumsq=1.916098778        argmax=90
[dump] L37.mgate  n=102400  finite=1 absmax=5.0288       mean=-0.3867      sumsq=71500.69834        argmax=39035
[dump]   top0 idx=39035 val=4.19898
[dump]   top1 idx=95510 val=3.84886
[dump]   top2 idx=92532 val=3.66556
[dump]   top3 idx=51835 val=3.42118
[dump]   top4 idx=76795 val=3.37689
[dump] L37.mup    n=102400  finite=1 absmax=5.3607       mean=-0.0043244   sumsq=55375.13057        argmax=73606
[dump]   top0 idx=73606 val=5.36074
[dump]   top1 idx=80006 val=4.54561
[dump]   top2 idx=100486 val=4.48677
[dump]   top3 idx=39046 val=4.26164
[dump]   top4 idx=52486 val=3.58109
[dump] L37.mgu    n=102400  finite=1 absmax=12.287       mean=0.0017091    sumsq=6905.542004        argmax=73606
[dump]   top0 idx=73606 val=12.28655
[dump]   top1 idx=80006 val=9.52690
[dump]   top2 idx=100486 val=8.09077
[dump]   top3 idx=39046 val=7.37096
[dump]   top4 idx=7372 val=6.29854
[dump] L37.mdown  n=409600  finite=1 absmax=0.77772      mean=7.0224e-05   sumsq=3216.567361        argmax=154036
[dump]   top0 idx=154036 val=0.77772
[dump]   top1 idx=155618 val=0.70800
[dump]   top2 idx=155750 val=0.70376
[dump]   top3 idx=296449 val=0.68752
[dump]   top4 idx=154886 val=0.68457
[dump] L37.msh    n=40960   finite=1 absmax=0.092665     mean=4.8353e-05   sumsq=2.343026972        argmax=27482
[dump]   top0 idx=27482 val=0.06382
[dump]   top1 idx=10133 val=0.05457
[dump]   top2 idx=2602 val=0.05039
[dump]   top3 idx=9507 val=0.05020
[dump]   top4 idx=3084 val=0.05006
[dump] L37.mout   n=40960   finite=1 absmax=0.21723      mean=0.00019275   sumsq=48.55505222        argmax=24921
[dump]   top0 idx=24921 val=0.21723
[dump]   top1 idx=17378 val=0.19504
[dump]   top2 idx=15893 val=0.18101
[dump]   top3 idx=15796 val=0.18081
[dump]   top4 idx=17149 val=0.17336
[dump] L37.moe    n=40960   finite=1 absmax=0.21723      mean=0.00019275   sumsq=48.55505222        argmax=24921
[dump]   top0 idx=24921 val=0.21723
[dump]   top1 idx=17378 val=0.19504
[dump]   top2 idx=15893 val=0.18101
[dump]   top3 idx=15796 val=0.18081
[dump]   top4 idx=17149 val=0.17336
[dump] L37.res    n=163840  finite=1 absmax=7.116        mean=0.0031072    sumsq=2892.837607        argmax=1827
[dump]   top0 idx=1827 val=3.05246
[dump]   top1 idx=138 val=2.45468
[dump]   top2 idx=63322 val=2.07199
[dump]   top3 idx=1984 val=1.90790
[dump]   top4 idx=12614 val=1.83003
[dump] L38.hcmix  n=40960   finite=1 absmax=34.672       mean=0.020655     sumsq=14902.94166        argmax=1500
[dump]   top0 idx=1500 val=9.69694
[dump]   top1 idx=1827 val=5.87856
[dump]   top2 idx=138 val=5.55255
[dump]   top3 idx=793 val=5.28460
[dump]   top4 idx=1984 val=4.85063
[dump] L38.conv   n=163840  finite=1 absmax=11.752       mean=-0.0045081   sumsq=1569.672129        argmax=15196
[dump]   top0 idx=15196 val=11.75165
[dump]   top1 idx=17264 val=10.54001
[dump]   top2 idx=27481 val=7.36833
[dump]   top3 idx=19327 val=4.80040
[dump]   top4 idx=6921 val=4.53596
[dump] L38.gnorm  n=98304   finite=1 absmax=0.53077      mean=-0.0010608   sumsq=164.1357228        argmax=96816
[dump]   top0 idx=96816 val=0.47054
[dump]   top1 idx=23088 val=0.46482
[dump]   top2 idx=72240 val=0.46452
[dump]   top3 idx=66096 val=0.46040
[dump]   top4 idx=90672 val=0.43487
[dump] L38.lin    n=40960   finite=1 absmax=0.46829      mean=-0.00071874  sumsq=107.577851         argmax=403
[dump]   top0 idx=403 val=0.39997
[dump]   top1 idx=36753 val=0.31340
[dump]   top2 idx=34193 val=0.30667
[dump]   top3 idx=23953 val=0.30277
[dump]   top4 idx=36166 val=0.27743
[dump] L38.att    n=40960   finite=1 absmax=0.46829      mean=-0.00071874  sumsq=107.577851         argmax=403
[dump]   top0 idx=403 val=0.39997
[dump]   top1 idx=36753 val=0.31340
[dump]   top2 idx=34193 val=0.30667
[dump]   top3 idx=23953 val=0.30277
[dump]   top4 idx=36166 val=0.27743
[dump] L38.fmix   n=40960   finite=1 absmax=6.2749       mean=0.046192     sumsq=36157.3712         argmax=10936
[dump]   top0 idx=10936 val=6.27491
[dump]   top1 idx=12655 val=5.72467
[dump]   top2 idx=8681 val=5.29871
[dump]   top3 idx=1863 val=4.10421
[dump]   top4 idx=20338 val=4.04192
[dump] L38.mlogit n=8192    finite=1 absmax=10.25        mean=-6.3813      sumsq=341524.1598        argmax=4600
[dump]   top0 idx=4600 val=-2.65438
[dump]   top1 idx=5112 val=-2.68853
[dump]   top2 idx=7906 val=-2.74616
[dump]   top3 idx=1484 val=-2.79775
[dump]   top4 idx=3825 val=-3.02498
[dump] L38.mprob  n=8192    finite=1 absmax=0.05986      mean=0.0019531    sumsq=0.09200220763      argmax=4600
[dump]   top0 idx=4600 val=0.05986
[dump]   top1 idx=1484 val=0.04892
[dump]   top2 idx=5112 val=0.04747
[dump]   top3 idx=7906 val=0.04450
[dump]   top4 idx=317 val=0.03518
[dump] L38.mid    n=160     finite=1 absmax=0 mean=0 sumsq=0 ids: 317 456 283 345 41 309 57 205 43 287 394 402 96 484 425 164 305 188 275 204 460 188 96 265 402 394 425 438 241 232 352 96 464 279 402 164 460 300 425 51 460 183 96 396 193 300 202 384 394 306 206 18 438 309 347 341 462 493 235 104 206 7 460 438 504 50 116 226 18 344 241 124 425 438 360 259 375 388 291 106 504 206 460 96 50 259 400 124 486 388 504 460 454 486 279 438 355 135 439 50 153 87 460 452 71 226 454 173 164 117 460 206 116 457 18 244 438 7 117 213 483 438 206 460 7 18 486 117 226 188 226 412 173 206 262 457 287 460 50 44 226 173 168 370 254 206 323 429 320 483 226 206 173 287 483 438 354 260 286 76
[dump] L38.rlogit n=8192    finite=1 absmax=10.25        mean=-6.3813      sumsq=341524.1598        argmax=4600
[dump]   top0 idx=4600 val=-2.65438
[dump]   top1 idx=5112 val=-2.68853
[dump]   top2 idx=7906 val=-2.74616
[dump]   top3 idx=1484 val=-2.79775
[dump]   top4 idx=3825 val=-3.02498
[dump] L38.mwt    n=160     finite=1 absmax=0.39817      mean=0.1          sumsq=1.974668181        argmax=80
[dump] L38.mgate  n=102400  finite=1 absmax=4.0535       mean=-0.31797     sumsq=62676.71084        argmax=19732
[dump]   top0 idx=19732 val=3.27733
[dump]   top1 idx=70217 val=3.01710
[dump]   top2 idx=3331 val=2.98258
[dump]   top3 idx=20899 val=2.93239
[dump]   top4 idx=38256 val=2.84764
[dump] L38.mup    n=102400  finite=1 absmax=3.9504       mean=0.00122      sumsq=48281.43721        argmax=65217
[dump]   top0 idx=65217 val=3.95043
[dump]   top1 idx=45382 val=3.25031
[dump]   top2 idx=64214 val=3.18201
[dump]   top3 idx=80484 val=3.11977
[dump]   top4 idx=52459 val=3.07294
[dump] L38.mgu    n=102400  finite=1 absmax=6.7173       mean=0.00016733   sumsq=4816.595527        argmax=19732
[dump]   top0 idx=19732 val=6.71731
[dump]   top1 idx=39031 val=4.40458
[dump]   top2 idx=38256 val=4.01981
[dump]   top3 idx=98355 val=3.66146
[dump]   top4 idx=26455 val=3.47048
[dump] L38.mdown  n=409600  finite=1 absmax=0.67867      mean=-0.0001967   sumsq=2065.577391        argmax=260897
[dump]   top0 idx=260897 val=0.67867
[dump]   top1 idx=199692 val=0.42462
[dump]   top2 idx=366006 val=0.41609
[dump]   top3 idx=200137 val=0.41580
[dump]   top4 idx=394822 val=0.41188
[dump] L38.msh    n=40960   finite=1 absmax=0.078676     mean=6.7479e-05   sumsq=3.02609919         argmax=19658
[dump]   top0 idx=19658 val=0.04771
[dump]   top1 idx=11996 val=0.04597
[dump]   top2 idx=16047 val=0.04454
[dump]   top3 idx=36784 val=0.04420
[dump]   top4 idx=26287 val=0.04391
[dump] L38.mout   n=40960   finite=1 absmax=0.20592      mean=-0.00011262  sumsq=32.95669779        argmax=27937
[dump]   top0 idx=27937 val=0.20592
[dump]   top1 idx=26320 val=0.14977
[dump]   top2 idx=9436 val=0.13561
[dump]   top3 idx=16667 val=0.13024
[dump]   top4 idx=25936 val=0.11371
[dump] L38.moe    n=40960   finite=1 absmax=0.20592      mean=-0.00011262  sumsq=32.95669779        argmax=27937
[dump]   top0 idx=27937 val=0.20592
[dump]   top1 idx=26320 val=0.14977
[dump]   top2 idx=9436 val=0.13561
[dump]   top3 idx=16667 val=0.13024
[dump]   top4 idx=25936 val=0.11371
[dump] L38.res    n=163840  finite=1 absmax=7.1067       mean=0.0029233    sumsq=3137.665741        argmax=1827
[dump]   top0 idx=1827 val=3.05035
[dump]   top1 idx=138 val=2.45405
[dump]   top2 idx=63322 val=2.09072
[dump]   top3 idx=1984 val=1.90561
[dump]   top4 idx=12614 val=1.82709
[dump] L39.hcmix  n=40960   finite=1 absmax=5.4192       mean=0.0082566    sumsq=5515.650794        argmax=793
[dump]   top0 idx=793 val=5.41922
[dump]   top1 idx=1500 val=3.63758
[dump]   top2 idx=23045 val=3.32964
[dump]   top3 idx=25605 val=3.29855
[dump]   top4 idx=30725 val=3.29649
[dump] L39.cur    n=40960   finite=1 absmax=5.4192       mean=0.0082566    sumsq=5515.650794        argmax=793
[dump]   top0 idx=793 val=5.41922
[dump]   top1 idx=1500 val=3.63758
[dump]   top2 idx=23045 val=3.32964
[dump]   top3 idx=25605 val=3.29855
[dump]   top4 idx=30725 val=3.29649
[dump] L39.qnorm  n=98304   finite=1 absmax=6.1242       mean=0.012721     sumsq=123641.4078        argmax=15925
[dump]   top0 idx=15925 val=6.12415
[dump]   top1 idx=12570 val=6.08375
[dump]   top2 idx=9781 val=5.99872
[dump]   top3 idx=25114 val=5.64053
[dump]   top4 idx=95807 val=5.61986
[dump] L39.knorm  n=8192    finite=1 absmax=8.9732       mean=0.058586     sumsq=20066.27428        argmax=6201
[dump]   top0 idx=6201 val=8.73230
[dump]   top1 idx=5177 val=8.51648
[dump]   top2 idx=5689 val=8.40877
[dump]   top3 idx=2105 val=8.24258
[dump]   top4 idx=3641 val=8.20925
[dump] L39.vraw   n=8192    finite=1 absmax=5.7814       mean=-0.0070963   sumsq=4234.219573        argmax=1369
[dump]   top0 idx=1369 val=3.02569
[dump]   top1 idx=5059 val=2.99858
[dump]   top2 idx=5602 val=2.95720
[dump]   top3 idx=5090 val=2.92077
[dump]   top4 idx=6554 val=2.86343
[dump] L39.Q      n=98304   finite=1 absmax=6.1242       mean=0.014561     sumsq=123641.4078        argmax=15925
[dump]   top0 idx=15925 val=6.12423
[dump]   top1 idx=12570 val=6.08375
[dump]   top2 idx=9781 val=5.99875
[dump]   top3 idx=25114 val=5.64051
[dump]   top4 idx=95807 val=5.61986
[dump] L39.K      n=8192    finite=1 absmax=8.9732       mean=0.053066     sumsq=20066.27427        argmax=6201
[dump]   top0 idx=6201 val=8.73251
[dump]   top1 idx=5177 val=8.51667
[dump]   top2 idx=5689 val=8.40901
[dump]   top3 idx=2105 val=8.24267
[dump]   top4 idx=3641 val=8.20938
[dump] L39.faout  n=98304   finite=1 absmax=5.7804       mean=-0.013891    sumsq=30326.50779        argmax=60898
[dump]   top0 idx=60898 val=2.70407
[dump]   top1 idx=85474 val=2.51175
[dump]   top2 idx=67042 val=2.49436
[dump]   top3 idx=283 val=2.46450
[dump]   top4 idx=1563 val=2.46450
[dump] L39.gate   n=98304   finite=1 absmax=5.9404       mean=-1.6538      sumsq=309561.9571        argmax=22780
[dump]   top0 idx=22780 val=0.41200
[dump]   top1 idx=86634 val=0.20954
[dump]   top2 idx=7983 val=0.20762
[dump]   top3 idx=16636 val=0.17347
[dump]   top4 idx=13930 val=0.15420
[dump] L39.gated  n=98304   finite=1 absmax=0.94416      mean=-0.0020608   sumsq=1659.755553        argmax=22780
[dump]   top0 idx=22780 val=0.94416
[dump]   top1 idx=16636 val=0.85128
[dump]   top2 idx=86634 val=0.83975
[dump]   top3 idx=95284 val=0.82727
[dump]   top4 idx=33844 val=0.82192
[dump] L39.att    n=40960   finite=1 absmax=0.6414       mean=-0.00013964  sumsq=216.4975968        argmax=39292
[dump]   top0 idx=39292 val=0.44799
[dump]   top1 idx=23839 val=0.44711
[dump]   top2 idx=29052 val=0.43787
[dump]   top3 idx=5225 val=0.42796
[dump]   top4 idx=6159 val=0.40824
[dump] L39.fmix   n=40960   finite=1 absmax=8.5173       mean=0.034084     sumsq=43715.22601        argmax=8681
[dump]   top0 idx=8681 val=8.51726
[dump]   top1 idx=8288 val=5.85021
[dump]   top2 idx=23619 val=5.27212
[dump]   top3 idx=33859 val=5.07927
[dump]   top4 idx=14245 val=5.02260
[dump] L39.mlogit n=8192    finite=1 absmax=9.9631       mean=-6.1078      sumsq=310641.8296        argmax=8036
[dump]   top0 idx=8036 val=-0.99157
[dump]   top1 idx=6500 val=-1.16378
[dump]   top2 idx=356 val=-1.35154
[dump]   top3 idx=7524 val=-1.65505
[dump]   top4 idx=5988 val=-1.70437
[dump] L39.mprob  n=8192    finite=1 absmax=0.18264      mean=0.0019531    sumsq=0.217613052        argmax=356
[dump]   top0 idx=356 val=0.18264
[dump]   top1 idx=8036 val=0.16964
[dump]   top2 idx=6500 val=0.16409
[dump]   top3 idx=4964 val=0.11756
[dump]   top4 idx=7524 val=0.10245
[dump] L39.mid    n=160     finite=1 absmax=0 mean=0 sumsq=0 ids: 356 323 285 42 496 242 260 334 9 82 356 496 167 103 45 242 480 128 285 143 48 496 356 103 128 45 167 42 223 480 356 496 42 107 103 307 466 99 337 14 356 496 128 103 99 42 41 245 480 267 480 356 128 496 82 494 103 372 242 477 356 128 480 42 334 496 299 148 104 110 356 480 496 375 42 128 121 464 336 477 356 128 148 480 414 353 199 120 477 494 356 406 128 496 32 480 477 126 219 177 356 42 442 477 459 128 372 36 215 45 356 128 496 480 60 299 334 391 215 477 356 128 480 477 32 120 496 42 372 45 356 127 60 128 233 116 108 10 433 492 356 425 60 334 128 116 257 110 233 127 356 60 425 233 128 127 116 110 463 274
[dump] L39.rlogit n=8192    finite=1 absmax=9.9631       mean=-6.1078      sumsq=310641.8296        argmax=8036
[dump]   top0 idx=8036 val=-0.99157
[dump]   top1 idx=6500 val=-1.16378
[dump]   top2 idx=356 val=-1.35154
[dump]   top3 idx=7524 val=-1.65505
[dump]   top4 idx=5988 val=-1.70437
[dump] L39.mwt    n=160     finite=1 absmax=0.68153      mean=0.1          sumsq=4.171318667        argmax=0
[dump] L39.mgate  n=102400  finite=1 absmax=3.8962       mean=-0.34533     sumsq=70715.40978        argmax=32437
[dump]   top0 idx=32437 val=3.74194
[dump]   top1 idx=18997 val=3.57496
[dump]   top2 idx=31157 val=3.37396
[dump]   top3 idx=38427 val=3.14593
[dump]   top4 idx=67188 val=2.99119
[dump] L39.mup    n=102400  finite=1 absmax=3.8745       mean=0.0048471    sumsq=54734.38058        argmax=86073
[dump]   top0 idx=86073 val=3.55094
[dump]   top1 idx=28671 val=3.47855
[dump]   top2 idx=95033 val=3.24823
[dump]   top3 idx=23464 val=3.22181
[dump]   top4 idx=100108 val=3.15968
[dump] L39.mgu    n=102400  finite=1 absmax=11.008       mean=-0.00051868  sumsq=6613.549441        argmax=6862
[dump]   top0 idx=6862 val=4.74421
[dump]   top1 idx=64159 val=4.65523
[dump]   top2 idx=36258 val=4.07919
[dump]   top3 idx=28671 val=3.97139
[dump]   top4 idx=64514 val=3.85255
[dump] L39.mdown  n=409600  finite=1 absmax=0.73146      mean=-0.00012476  sumsq=2893.957677        argmax=2311
[dump]   top0 idx=2311 val=0.69075
[dump]   top1 idx=128697 val=0.61734
[dump]   top2 idx=128413 val=0.58851
[dump]   top3 idx=76279 val=0.53687
[dump]   top4 idx=128139 val=0.52925
[dump] L39.msh    n=40960   finite=1 absmax=0.080091     mean=-6.7148e-05  sumsq=3.073988455        argmax=30453
[dump]   top0 idx=30453 val=0.07869
[dump]   top1 idx=29730 val=0.07231
[dump]   top2 idx=37208 val=0.06988
[dump]   top3 idx=38055 val=0.06808
[dump]   top4 idx=16930 val=0.06500
[dump] L39.mout   n=40960   finite=1 absmax=0.48141      mean=5.0075e-05   sumsq=101.1170199        argmax=2311
[dump]   top0 idx=2311 val=0.48141
[dump]   top1 idx=422 val=0.29841
[dump]   top2 idx=1882 val=0.25202
[dump]   top3 idx=17273 val=0.23089
[dump]   top4 idx=32051 val=0.21600
[dump] L39.moe    n=40960   finite=1 absmax=0.48141      mean=5.0075e-05   sumsq=101.1170199        argmax=2311
[dump]   top0 idx=2311 val=0.48141
[dump]   top1 idx=422 val=0.29841
[dump]   top2 idx=1882 val=0.25202
[dump]   top3 idx=17273 val=0.23089
[dump]   top4 idx=32051 val=0.21600
[dump] L39.res    n=163840  finite=1 absmax=6.4677       mean=0.0029238    sumsq=3945.184939        argmax=1827
[dump]   top0 idx=1827 val=3.18133
[dump]   top1 idx=63322 val=2.53333
[dump]   top2 idx=138 val=2.50997
[dump]   top3 idx=1984 val=2.11941
[dump]   top4 idx=12614 val=1.97635
[dump] L40.hcmix  n=40960   finite=1 absmax=20.202       mean=0.029541     sumsq=27695.61215        argmax=138
[dump]   top0 idx=138 val=7.31003
[dump]   top1 idx=1827 val=7.25475
[dump]   top2 idx=12655 val=6.40531
[dump]   top3 idx=1984 val=5.12015
[dump]   top4 idx=472 val=4.83955
[dump] L40.conv   n=163840  finite=1 absmax=10.383       mean=-0.010921    sumsq=4206.305696        argmax=26999
[dump]   top0 idx=26999 val=10.38283
[dump]   top1 idx=28977 val=9.32566
[dump]   top2 idx=20051 val=7.63276
[dump]   top3 idx=28965 val=7.38405
[dump]   top4 idx=26957 val=7.33402
[dump] L40.gnorm  n=98304   finite=1 absmax=1.105        mean=-0.003222    sumsq=311.0373549        argmax=49748
[dump]   top0 idx=49748 val=1.10125
[dump]   top1 idx=66834 val=0.93544
[dump]   top2 idx=62036 val=0.91064
[dump]   top3 idx=89893 val=0.90402
[dump]   top4 idx=89904 val=0.82607
[dump] L40.lin    n=40960   finite=1 absmax=0.75252      mean=0.0023184    sumsq=200.0331025        argmax=36901
[dump]   top0 idx=36901 val=0.75252
[dump]   top1 idx=21541 val=0.62613
[dump]   top2 idx=11301 val=0.54505
[dump]   top3 idx=39461 val=0.53626
[dump]   top4 idx=29221 val=0.45241
[dump] L40.att    n=40960   finite=1 absmax=0.75252      mean=0.0023184    sumsq=200.0331025        argmax=36901
[dump]   top0 idx=36901 val=0.75252
[dump]   top1 idx=21541 val=0.62613
[dump]   top2 idx=11301 val=0.54505
[dump]   top3 idx=39461 val=0.53626
[dump]   top4 idx=29221 val=0.45241
[dump] L40.fmix   n=40960   finite=1 absmax=6.8648       mean=0.036174     sumsq=48665.18666        argmax=8681
[dump]   top0 idx=8681 val=6.86481
[dump]   top1 idx=20158 val=6.19747
[dump]   top2 idx=33859 val=6.00695
[dump]   top3 idx=25278 val=5.94137
[dump]   top4 idx=27838 val=5.65516
[dump] L40.mlogit n=8192    finite=1 absmax=9.8853       mean=-6.0987      sumsq=310050.4848        argmax=2316
[dump]   top0 idx=2316 val=-1.13406
[dump]   top1 idx=792 val=-1.97951
[dump]   top2 idx=2840 val=-2.29386
[dump]   top3 idx=7920 val=-2.39908
[dump]   top4 idx=7408 val=-2.49933
[dump] L40.mprob  n=8192    finite=1 absmax=0.18465      mean=0.0019531    sumsq=0.1159614756       argmax=2316
[dump]   top0 idx=2316 val=0.18465
[dump]   top1 idx=792 val=0.07739
[dump]   top2 idx=2840 val=0.05601
[dump]   top3 idx=7408 val=0.05053
[dump]   top4 idx=7920 val=0.05029
[dump] L40.mid    n=160     finite=1 absmax=0 mean=0 sumsq=0 ids: 172 280 309 449 178 91 428 141 87 492 280 28 249 141 449 332 168 372 398 311 268 280 282 8 66 218 508 332 335 135 280 217 380 277 299 52 199 334 119 309 268 280 334 217 160 391 380 398 8 282 280 188 428 36 127 168 449 178 141 398 280 335 398 138 172 188 141 178 309 268 280 128 335 188 50 465 336 398 135 219 280 335 465 220 492 201 411 438 398 181 280 398 204 335 52 22 250 420 229 16 307 280 412 77 170 282 351 301 60 479 280 172 335 398 178 138 64 208 374 449 335 280 141 208 138 172 282 398 465 411 240 491 57 155 335 435 494 334 86 260 240 172 491 335 208 398 138 212 470 61 240 335 491 172 208 470 436 138 398 267
[dump] L40.rlogit n=8192    finite=1 absmax=9.8853       mean=-6.0987      sumsq=310050.4848        argmax=2316
[dump]   top0 idx=2316 val=-1.13406
[dump]   top1 idx=792 val=-1.97951
[dump]   top2 idx=2840 val=-2.29386
[dump]   top3 idx=7920 val=-2.39908
[dump]   top4 idx=7408 val=-2.49933
[dump] L40.mwt    n=160     finite=1 absmax=0.6173       mean=0.1          sumsq=2.597621267        argmax=40
[dump] L40.mgate  n=102400  finite=1 absmax=4.519        mean=-0.56988     sumsq=93992.26516        argmax=25727
[dump]   top0 idx=25727 val=3.45754
[dump]   top1 idx=7351 val=2.90216
[dump]   top2 idx=68940 val=2.87360
[dump]   top3 idx=89817 val=2.77841
[dump]   top4 idx=27490 val=2.74829
[dump] L40.mup    n=102400  finite=1 absmax=4.8032       mean=-0.003355    sumsq=51866.43714        argmax=27295
[dump]   top0 idx=27295 val=4.80318
[dump]   top1 idx=88095 val=4.62566
[dump]   top2 idx=83496 val=4.57473
[dump]   top3 idx=22992 val=4.48433
[dump]   top4 idx=24095 val=4.19803
[dump] L40.mgu    n=102400  finite=1 absmax=5.6873       mean=0.00014223   sumsq=4504.078647        argmax=22992
[dump]   top0 idx=22992 val=5.68733
[dump]   top1 idx=25727 val=5.59616
[dump]   top2 idx=58322 val=3.55661
[dump]   top3 idx=39975 val=3.48683
[dump]   top4 idx=87911 val=3.09744
[dump] L40.mdown  n=409600  finite=1 absmax=0.41358      mean=-0.00013909  sumsq=1795.65703         argmax=128990
[dump]   top0 idx=128990 val=0.41358
[dump]   top1 idx=129585 val=0.39865
[dump]   top2 idx=102958 val=0.39400
[dump]   top3 idx=155569 val=0.36691
[dump]   top4 idx=107716 val=0.34703
[dump] L40.msh    n=40960   finite=1 absmax=0.070633     mean=8.8991e-05   sumsq=2.050918818        argmax=14331
[dump]   top0 idx=14331 val=0.07063
[dump]   top1 idx=36800 val=0.05452
[dump]   top2 idx=17116 val=0.05422
[dump]   top3 idx=27356 val=0.05389
[dump]   top4 idx=37371 val=0.05208
[dump] L40.mout   n=40960   finite=1 absmax=0.23284      mean=-5.4422e-05  sumsq=43.07898566        argmax=10798
[dump]   top0 idx=10798 val=0.23284
[dump]   top1 idx=12239 val=0.22104
[dump]   top2 idx=11549 val=0.21841
[dump]   top3 idx=11855 val=0.21735
[dump]   top4 idx=10624 val=0.21227
[dump] L40.moe    n=40960   finite=1 absmax=0.23284      mean=-5.4422e-05  sumsq=43.07898566        argmax=10798
[dump]   top0 idx=10798 val=0.23284
[dump]   top1 idx=12239 val=0.22104
[dump]   top2 idx=11549 val=0.21841
[dump]   top3 idx=11855 val=0.21735
[dump]   top4 idx=10624 val=0.21227
[dump] L40.res    n=163840  finite=1 absmax=6.4742       mean=0.0034789    sumsq=4505.861573        argmax=1827
[dump]   top0 idx=1827 val=3.20080
[dump]   top1 idx=63322 val=2.64734
[dump]   top2 idx=138 val=2.54007
[dump]   top3 idx=1984 val=2.09888
[dump]   top4 idx=12614 val=1.97161
[dump] L41.hcmix  n=40960   finite=1 absmax=19.702       mean=0.02729      sumsq=20570.24071        argmax=138
[dump]   top0 idx=138 val=6.71609
[dump]   top1 idx=1827 val=6.18358
[dump]   top2 idx=1500 val=6.01186
[dump]   top3 idx=1984 val=5.21558
[dump]   top4 idx=27937 val=4.06994
[dump] L41.conv   n=163840  finite=1 absmax=6.1494       mean=-0.0044042   sumsq=1256.351673        argmax=16403
[dump]   top0 idx=16403 val=6.14943
[dump]   top1 idx=24244 val=4.05340
[dump]   top2 idx=6269 val=3.16202
[dump]   top3 idx=77843 val=2.84016
[dump]   top4 idx=2650 val=2.77098
[dump] L41.gnorm  n=98304   finite=1 absmax=1.9119       mean=-0.00016657  sumsq=295.0986285        argmax=25143
[dump]   top0 idx=25143 val=1.91185
[dump]   top1 idx=31562 val=1.31458
[dump]   top2 idx=3941 val=1.11973
[dump]   top3 idx=8050 val=0.91021
[dump]   top4 idx=63194 val=0.70411
[dump] L41.lin    n=40960   finite=1 absmax=0.64166      mean=0.0017178    sumsq=162.6690377        argmax=17242
[dump]   top0 idx=17242 val=0.64166
[dump]   top1 idx=14682 val=0.50461
[dump]   top2 idx=22362 val=0.48623
[dump]   top3 idx=32602 val=0.46475
[dump]   top4 idx=1984 val=0.46169
[dump] L41.att    n=40960   finite=1 absmax=0.64166      mean=0.0017178    sumsq=162.6690377        argmax=17242
[dump]   top0 idx=17242 val=0.64166
[dump]   top1 idx=14682 val=0.50461
[dump]   top2 idx=22362 val=0.48623
[dump]   top3 idx=32602 val=0.46475
[dump]   top4 idx=1984 val=0.46169
[dump] L41.fmix   n=40960   finite=1 absmax=6.9041       mean=0.039551     sumsq=53054.83448        argmax=1500
[dump]   top0 idx=1500 val=5.80693
[dump]   top1 idx=8681 val=5.63449
[dump]   top2 idx=8288 val=5.34429
[dump]   top3 idx=35036 val=5.09277
[dump]   top4 idx=25380 val=4.68180
[dump] L41.mlogit n=8192    finite=1 absmax=10.315       mean=-6.3481      sumsq=335927.5213        argmax=3056
[dump]   top0 idx=3056 val=-1.63845
[dump]   top1 idx=7739 val=-2.20384
[dump]   top2 idx=7227 val=-2.30157
[dump]   top3 idx=8130 val=-2.49935
[dump]   top4 idx=5691 val=-2.61144
[dump] L41.mprob  n=8192    finite=1 absmax=0.10748      mean=0.0019531    sumsq=0.1111274887       argmax=3056
[dump]   top0 idx=3056 val=0.10748
[dump]   top1 idx=7227 val=0.07754
[dump]   top2 idx=7739 val=0.07381
[dump]   top3 idx=5691 val=0.06039
[dump]   top4 idx=8130 val=0.05493
[dump] L41.mid    n=160     finite=1 absmax=0 mean=0 sumsq=0 ids: 240 59 491 198 482 331 445 420 266 42 348 178 27 20 214 19 196 489 505 21 205 348 378 20 480 132 423 58 299 489 289 348 387 90 19 135 281 160 333 229 21 299 454 95 348 204 71 160 342 433 496 433 59 348 299 476 55 42 294 20 59 157 299 116 348 433 198 132 496 20 489 299 376 348 74 440 47 198 332 294 253 404 506 132 376 335 442 342 116 118 366 205 348 404 426 342 118 131 20 19 406 389 45 303 461 146 19 169 505 443 59 118 450 240 433 440 477 416 20 198 59 299 450 433 348 440 118 149 198 20 305 450 278 59 17 483 221 413 433 52 59 450 433 346 301 338 240 221 486 118 59 450 491 240 433 119 118 472 338 301
[dump] L41.rlogit n=8192    finite=1 absmax=10.315       mean=-6.3481      sumsq=335927.5213        argmax=3056
[dump]   top0 idx=3056 val=-1.63845
[dump]   top1 idx=7739 val=-2.20384
[dump]   top2 idx=7227 val=-2.30157
[dump]   top3 idx=8130 val=-2.49935
[dump]   top4 idx=5691 val=-2.61144
[dump] L41.mwt    n=160     finite=1 absmax=0.39988      mean=0.1          sumsq=2.367293635        argmax=50
[dump] L41.mgate  n=102400  finite=1 absmax=4.8629       mean=-0.49407     sumsq=94850.32012        argmax=84552
[dump]   top0 idx=84552 val=4.11092
[dump]   top1 idx=20793 val=3.67967
[dump]   top2 idx=21024 val=3.25873
[dump]   top3 idx=84899 val=3.11533
[dump]   top4 idx=100021 val=3.11051
[dump] L41.mup    n=102400  finite=1 absmax=6.6039       mean=0.001207     sumsq=61859.1822         argmax=68968
[dump]   top0 idx=68968 val=5.68831
[dump]   top1 idx=81828 val=4.46118
[dump]   top2 idx=81884 val=4.09540
[dump]   top3 idx=29143 val=3.94745
[dump]   top4 idx=30384 val=3.63253
[dump] L41.mgu    n=102400  finite=1 absmax=8.9801       mean=0.00033492   sumsq=6809.33009         argmax=86494
[dump]   top0 idx=86494 val=6.03824
[dump]   top1 idx=30384 val=5.32778
[dump]   top2 idx=96649 val=5.18966
[dump]   top3 idx=68711 val=4.94624
[dump]   top4 idx=20793 val=4.63313
[dump] L41.mdown  n=409600  finite=1 absmax=0.67023      mean=0.0001499    sumsq=2606.826971        argmax=340100
[dump]   top0 idx=340100 val=0.63653
[dump]   top1 idx=274539 val=0.51734
[dump]   top2 idx=338019 val=0.49028
[dump]   top3 idx=340029 val=0.48998
[dump]   top4 idx=247545 val=0.48969
[dump] L41.msh    n=40960   finite=1 absmax=0.065603     mean=-0.00012932  sumsq=2.056011931        argmax=10451
[dump]   top0 idx=10451 val=0.05106
[dump]   top1 idx=38333 val=0.05054
[dump]   top2 idx=27790 val=0.04610
[dump]   top3 idx=25686 val=0.04238
[dump]   top4 idx=12030 val=0.04069
[dump] L41.mout   n=40960   finite=1 absmax=0.15019      mean=0.00012068   sumsq=43.97466637        argmax=7887
[dump]   top0 idx=7887 val=0.15019
[dump]   top1 idx=13334 val=0.14003
[dump]   top2 idx=11254 val=0.13989
[dump]   top3 idx=39528 val=0.13539
[dump]   top4 idx=14978 val=0.13512
[dump] L41.moe    n=40960   finite=1 absmax=0.15019      mean=0.00012068   sumsq=43.97466637        argmax=7887
[dump]   top0 idx=7887 val=0.15019
[dump]   top1 idx=13334 val=0.14003
[dump]   top2 idx=11254 val=0.13989
[dump]   top3 idx=39528 val=0.13539
[dump]   top4 idx=14978 val=0.13512
[dump] L41.res    n=163840  finite=1 absmax=6.3996       mean=0.0042054    sumsq=4999.77545         argmax=1827
[dump]   top0 idx=1827 val=3.32570
[dump]   top1 idx=63322 val=2.96527
[dump]   top2 idx=138 val=2.67632
[dump]   top3 idx=1984 val=2.33750
[dump]   top4 idx=12614 val=2.07721
[dump] L42.hcmix  n=40960   finite=1 absmax=12.504       mean=0.032809     sumsq=21629.65781        argmax=1984
[dump]   top0 idx=1984 val=6.60805
[dump]   top1 idx=138 val=5.58448
[dump]   top2 idx=3694 val=4.07798
[dump]   top3 idx=37858 val=3.82108
[dump]   top4 idx=17242 val=3.68231
[dump] L42.conv   n=163840  finite=1 absmax=2.4544       mean=-0.0016247   sumsq=872.9984038        argmax=117439
[dump]   top0 idx=117439 val=2.45442
[dump]   top1 idx=127679 val=2.38346
[dump]   top2 idx=158399 val=2.29759
[dump]   top3 idx=86719 val=2.27553
[dump]   top4 idx=15039 val=2.25987
[dump] L42.gnorm  n=98304   finite=1 absmax=0.76516      mean=0.00050685   sumsq=215.9658222        argmax=22289
[dump]   top0 idx=22289 val=0.76516
[dump]   top1 idx=33607 val=0.74367
[dump]   top2 idx=50346 val=0.72705
[dump]   top3 idx=15175 val=0.70188
[dump]   top4 idx=39751 val=0.69145
[dump] L42.lin    n=40960   finite=1 absmax=0.63873      mean=0.0012635    sumsq=146.2069231        argmax=23522
[dump]   top0 idx=23522 val=0.41642
[dump]   top1 idx=20962 val=0.40331
[dump]   top2 idx=10722 val=0.38026
[dump]   top3 idx=8673 val=0.36106
[dump]   top4 idx=8882 val=0.35436
[dump] L42.att    n=40960   finite=1 absmax=0.63873      mean=0.0012635    sumsq=146.2069231        argmax=23522
[dump]   top0 idx=23522 val=0.41642
[dump]   top1 idx=20962 val=0.40331
[dump]   top2 idx=10722 val=0.38026
[dump]   top3 idx=8673 val=0.36106
[dump]   top4 idx=8882 val=0.35436
[dump] L42.fmix   n=40960   finite=1 absmax=5.7459       mean=0.046169     sumsq=51363.66456        argmax=8681
[dump]   top0 idx=8681 val=5.15324
[dump]   top1 idx=12360 val=4.74823
[dump]   top2 idx=18864 val=4.54857
[dump]   top3 idx=27937 val=4.53217
[dump]   top4 idx=28612 val=4.49233
[dump] L42.mlogit n=8192    finite=1 absmax=10.047       mean=-6.3245      sumsq=333751.5843        argmax=294
[dump]   top0 idx=294 val=-1.65983
[dump]   top1 idx=151 val=-2.54245
[dump]   top2 idx=4949 val=-2.66386
[dump]   top3 idx=2613 val=-2.78967
[dump]   top4 idx=6147 val=-2.81109
[dump] L42.mprob  n=8192    finite=1 absmax=0.13418      mean=0.0019531    sumsq=0.09615996608      argmax=294
[dump]   top0 idx=294 val=0.13418
[dump]   top1 idx=4949 val=0.06312
[dump]   top2 idx=151 val=0.05551
[dump]   top3 idx=6147 val=0.04307
[dump]   top4 idx=2613 val=0.03866
[dump] L42.mid    n=160     finite=1 absmax=0 mean=0 sumsq=0 ids: 294 151 366 283 212 248 393 322 83 53 455 276 78 232 357 93 319 279 263 341 357 302 455 279 495 78 276 328 341 14 474 42 21 455 141 105 39 266 414 86 455 276 357 59 92 78 377 414 3 39 53 506 276 215 357 507 90 455 248 14 310 3 357 455 140 276 110 53 90 411 3 310 354 455 276 78 357 53 458 90 310 3 455 191 357 276 283 341 90 193 341 391 191 3 269 452 278 276 496 357 310 283 3 6 333 105 151 14 227 357 3 212 140 337 151 5 276 231 393 53 3 466 276 411 357 151 455 53 5 140 321 212 3 446 399 509 7 310 341 432 212 310 494 509 3 399 358 7 498 180 212 509 3 310 399 140 498 494 6 290
[dump] L42.rlogit n=8192    finite=1 absmax=10.047       mean=-6.3245      sumsq=333751.5843        argmax=294
[dump]   top0 idx=294 val=-1.65983
[dump]   top1 idx=151 val=-2.54245
[dump]   top2 idx=4949 val=-2.66386
[dump]   top3 idx=2613 val=-2.78967
[dump]   top4 idx=6147 val=-2.81109
[dump] L42.mwt    n=160     finite=1 absmax=0.41603      mean=0.1          sumsq=2.146631827        argmax=0
[dump] L42.mgate  n=102400  finite=1 absmax=7.0238       mean=-0.46567     sumsq=99020.18875        argmax=22046
[dump]   top0 idx=22046 val=6.44944
[dump]   top1 idx=51411 val=3.71828
[dump]   top2 idx=21972 val=3.45265
[dump]   top3 idx=90608 val=3.27700
[dump]   top4 idx=97915 val=3.22029
[dump] L42.mup    n=102400  finite=1 absmax=3.9091       mean=0.0020589    sumsq=67114.70117        argmax=42168
[dump]   top0 idx=42168 val=3.77900
[dump]   top1 idx=9143 val=3.74336
[dump]   top2 idx=51569 val=3.60554
[dump]   top3 idx=15517 val=3.55082
[dump]   top4 idx=39863 val=3.46789
[dump] L42.mgu    n=102400  finite=1 absmax=7.3699       mean=0.00037495   sumsq=8967.708801        argmax=100030
[dump]   top0 idx=100030 val=7.36992
[dump]   top1 idx=98288 val=7.20401
[dump]   top2 idx=90608 val=7.14766
[dump]   top3 idx=97915 val=5.34118
[dump]   top4 idx=73909 val=5.02373
[dump] L42.mdown  n=409600  finite=1 absmax=1.0884       mean=0.00026818   sumsq=3860.880307        argmax=362778
[dump]   top0 idx=362778 val=0.91806
[dump]   top1 idx=393498 val=0.88131
[dump]   top2 idx=154482 val=0.84404
[dump]   top3 idx=394100 val=0.77144
[dump]   top4 idx=351137 val=0.75721
[dump] L42.msh    n=40960   finite=1 absmax=0.11114      mean=4.9451e-05   sumsq=4.007339141        argmax=15571
[dump]   top0 idx=15571 val=0.08689
[dump]   top1 idx=3194 val=0.08407
[dump]   top2 idx=10874 val=0.07663
[dump]   top3 idx=27224 val=0.07633
[dump]   top4 idx=34482 val=0.07105
[dump] L42.mout   n=40960   finite=1 absmax=0.25864      mean=0.00039484   sumsq=68.03667726        argmax=37658
[dump]   top0 idx=37658 val=0.25864
[dump]   top1 idx=36044 val=0.22283
[dump]   top2 idx=38030 val=0.19855
[dump]   top3 idx=544 val=0.19218
[dump]   top4 idx=36682 val=0.18883
[dump] L42.moe    n=40960   finite=1 absmax=0.25864      mean=0.00039484   sumsq=68.03667726        argmax=37658
[dump]   top0 idx=37658 val=0.25864
[dump]   top1 idx=36044 val=0.22283
[dump]   top2 idx=38030 val=0.19855
[dump]   top3 idx=544 val=0.19218
[dump]   top4 idx=36682 val=0.18883
[dump] L42.res    n=163840  finite=1 absmax=6.4248       mean=0.0052441    sumsq=6131.458878        argmax=1827
[dump]   top0 idx=1827 val=3.40730
[dump]   top1 idx=63322 val=2.97889
[dump]   top2 idx=138 val=2.82200
[dump]   top3 idx=1984 val=2.43200
[dump]   top4 idx=12614 val=2.09961
[dump] L43.hcmix  n=40960   finite=1 absmax=3.5413       mean=0.0065969    sumsq=2639.522917        argmax=29042
[dump]   top0 idx=29042 val=3.54128
[dump]   top1 idx=21362 val=3.51040
[dump]   top2 idx=18802 val=3.39723
[dump]   top3 idx=6002 val=3.09068
[dump]   top4 idx=3442 val=3.06159
[dump] L43.cur    n=40960   finite=1 absmax=3.5413       mean=0.0065969    sumsq=2639.522917        argmax=29042
[dump]   top0 idx=29042 val=3.54128
[dump]   top1 idx=21362 val=3.51040
[dump]   top2 idx=18802 val=3.39723
[dump]   top3 idx=6002 val=3.09068
[dump]   top4 idx=3442 val=3.06159
[dump] L43.qnorm  n=98304   finite=1 absmax=5.3904       mean=0.025016     sumsq=105454.1525        argmax=82725
[dump]   top0 idx=82725 val=5.08497
[dump]   top1 idx=82723 val=4.87904
[dump]   top2 idx=7702 val=4.62171
[dump]   top3 idx=12566 val=4.61857
[dump]   top4 idx=39731 val=4.59831
[dump] L43.knorm  n=8192    finite=1 absmax=9.3417       mean=0.015201     sumsq=16009.57842        argmax=3867
[dump]   top0 idx=3867 val=9.34167
[dump]   top1 idx=147 val=8.15411
[dump]   top2 idx=5403 val=8.11112
[dump]   top3 idx=795 val=8.05173
[dump]   top4 idx=5915 val=7.89540
[dump] L43.vraw   n=8192    finite=1 absmax=4.0931       mean=-0.026305    sumsq=2950.799703        argmax=5070
[dump]   top0 idx=5070 val=4.09313
[dump]   top1 idx=4633 val=3.27245
[dump]   top2 idx=6359 val=2.95299
[dump]   top3 idx=1172 val=2.63841
[dump]   top4 idx=5566 val=2.62444
[dump] L43.Q      n=98304   finite=1 absmax=5.3905       mean=0.025021     sumsq=105454.1525        argmax=7702
[dump]   top0 idx=7702 val=4.62170
[dump]   top1 idx=12566 val=4.61855
[dump]   top2 idx=39731 val=4.59825
[dump]   top3 idx=825 val=4.29761
[dump]   top4 idx=1558 val=4.24923
[dump] L43.K      n=8192    finite=1 absmax=9.3417       mean=0.018834     sumsq=16009.5784         argmax=3867
[dump]   top0 idx=3867 val=9.34170
[dump]   top1 idx=147 val=8.15411
[dump]   top2 idx=5403 val=8.11116
[dump]   top3 idx=795 val=8.05173
[dump]   top4 idx=5915 val=7.89543
[dump] L43.faout  n=98304   finite=1 absmax=1.7388       mean=-0.036317    sumsq=29766.49872        argmax=54564
[dump]   top0 idx=54564 val=1.47331
[dump]   top1 idx=42276 val=1.47217
[dump]   top2 idx=60708 val=1.47157
[dump]   top3 idx=52772 val=1.47086
[dump]   top4 idx=42788 val=1.47078
[dump] L43.gate   n=98304   finite=1 absmax=3.642        mean=-0.80059     sumsq=78532.81897        argmax=92627
[dump]   top0 idx=92627 val=0.45768
[dump]   top1 idx=73932 val=0.44907
[dump]   top2 idx=43995 val=0.42558
[dump]   top3 idx=92416 val=0.41950
[dump]   top4 idx=62427 val=0.39688
[dump] L43.gated  n=98304   finite=1 absmax=0.95184      mean=-0.011944    sumsq=3453.628869        argmax=12068
[dump]   top0 idx=12068 val=0.86007
[dump]   top1 idx=70948 val=0.84100
[dump]   top2 idx=40740 val=0.82430
[dump]   top3 idx=41252 val=0.78942
[dump]   top4 idx=84260 val=0.78214
[dump] L43.att    n=40960   finite=1 absmax=0.50031      mean=0.0010359    sumsq=168.2427025        argmax=16751
[dump]   top0 idx=16751 val=0.48902
[dump]   top1 idx=26991 val=0.43240
[dump]   top2 idx=32111 val=0.43203
[dump]   top3 idx=29551 val=0.42729
[dump]   top4 idx=37231 val=0.42468
[dump] L43.fmix   n=40960   finite=1 absmax=5.755        mean=0.036171     sumsq=37797.74919        argmax=25380
[dump]   top0 idx=25380 val=5.75504
[dump]   top1 idx=9856 val=4.54026
[dump]   top2 idx=29120 val=4.17886
[dump]   top3 idx=3520 val=4.09613
[dump]   top4 idx=8288 val=4.05437
[dump] L43.mlogit n=8192    finite=1 absmax=9.9438       mean=-6.1628      sumsq=315972.1734        argmax=300
[dump]   top0 idx=300 val=-1.37260
[dump]   top1 idx=3372 val=-1.87693
[dump]   top2 idx=5932 val=-2.10070
[dump]   top3 idx=3884 val=-2.11072
[dump]   top4 idx=6444 val=-2.17271
[dump] L43.mprob  n=8192    finite=1 absmax=0.13595      mean=0.0019531    sumsq=0.1264281598       argmax=300
[dump]   top0 idx=300 val=0.13595
[dump]   top1 idx=3372 val=0.10190
[dump]   top2 idx=3884 val=0.08043
[dump]   top3 idx=5420 val=0.07761
[dump]   top4 idx=5932 val=0.07574
[dump] L43.mid    n=160     finite=1 absmax=0 mean=0 sumsq=0 ids: 300 86 180 133 13 413 91 64 60 306 44 300 471 166 124 293 126 24 146 266 293 300 166 417 499 346 266 4 363 483 300 293 401 439 397 166 155 352 227 357 300 166 219 221 293 257 266 132 346 146 300 499 337 146 10 293 26 166 172 44 300 499 337 146 293 86 363 26 133 483 300 374 146 86 499 124 293 101 337 24 300 499 293 146 266 121 286 86 363 324 300 483 266 293 462 430 216 166 132 286 300 496 323 90 86 117 499 64 182 293 300 86 499 61 0 227 146 133 272 289 300 499 483 86 133 462 293 505 146 331 300 325 499 86 355 133 259 248 436 483 300 325 499 86 347 226 4 432 462 146 300 86 325 499 337 436 133 99 146 462
[dump] L43.rlogit n=8192    finite=1 absmax=9.9438       mean=-6.1628      sumsq=315972.1734        argmax=300
[dump]   top0 idx=300 val=-1.37260
[dump]   top1 idx=3372 val=-1.87693
[dump]   top2 idx=5932 val=-2.10070
[dump]   top3 idx=3884 val=-2.11072
[dump]   top4 idx=6444 val=-2.17271
[dump] L43.mwt    n=160     finite=1 absmax=0.49386      mean=0.1          sumsq=3.102111879        argmax=80
[dump] L43.mgate  n=102400  finite=1 absmax=3.6938       mean=-0.40707     sumsq=65933.14736        argmax=35473
[dump]   top0 idx=35473 val=3.11378
[dump]   top1 idx=9873 val=2.89358
[dump]   top2 idx=35660 val=2.85205
[dump]   top3 idx=44878 val=2.70138
[dump]   top4 idx=41233 val=2.56919
[dump] L43.mup    n=102400  finite=1 absmax=4.5168       mean=0.0040469    sumsq=50442.73819        argmax=82452
[dump]   top0 idx=82452 val=3.28194
[dump]   top1 idx=39995 val=3.25799
[dump]   top2 idx=32521 val=3.23063
[dump]   top3 idx=24608 val=3.12773
[dump]   top4 idx=23980 val=3.11540
[dump] L43.mgu    n=102400  finite=1 absmax=5.603        mean=0.00066973   sumsq=4311.135251        argmax=44878
[dump]   top0 idx=44878 val=3.95977
[dump]   top1 idx=24240 val=3.74013
[dump]   top2 idx=21134 val=3.73999
[dump]   top3 idx=22115 val=3.73117
[dump]   top4 idx=35660 val=3.50071
[dump] L43.mdown  n=409600  finite=1 absmax=0.44581      mean=9.9843e-05   sumsq=1806.551898        argmax=136327
[dump]   top0 idx=136327 val=0.44581
[dump]   top1 idx=137903 val=0.44047
[dump]   top2 idx=141505 val=0.41604
[dump]   top3 idx=161927 val=0.41029
[dump]   top4 idx=307515 val=0.39230
[dump] L43.msh    n=40960   finite=1 absmax=0.073826     mean=0.00018911   sumsq=2.483954717        argmax=8408
[dump]   top0 idx=8408 val=0.07383
[dump]   top1 idx=9067 val=0.06217
[dump]   top2 idx=10968 val=0.05843
[dump]   top3 idx=8631 val=0.05786
[dump]   top4 idx=7911 val=0.05604
[dump] L43.mout   n=40960   finite=1 absmax=0.17573      mean=0.00024871   sumsq=40.77675678        argmax=31035
[dump]   top0 idx=31035 val=0.17573
[dump]   top1 idx=28475 val=0.16323
[dump]   top2 idx=28742 val=0.16129
[dump]   top3 idx=31302 val=0.14127
[dump]   top4 idx=1770 val=0.13823
[dump] L43.moe    n=40960   finite=1 absmax=0.17573      mean=0.00024871   sumsq=40.77675678        argmax=31035
[dump]   top0 idx=31035 val=0.17573
[dump]   top1 idx=28475 val=0.16323
[dump]   top2 idx=28742 val=0.16129
[dump]   top3 idx=31302 val=0.14127
[dump]   top4 idx=1770 val=0.13823
[dump] L43.res    n=163840  finite=1 absmax=6.4192       mean=0.005823     sumsq=6714.7354          argmax=1827
[dump]   top0 idx=1827 val=3.27615
[dump]   top1 idx=63322 val=3.11562
[dump]   top2 idx=138 val=2.80704
[dump]   top3 idx=1984 val=2.38569
[dump]   top4 idx=63814 val=2.22539
[dump] L44.hcmix  n=40960   finite=1 absmax=23.742       mean=0.026313     sumsq=20064.73114        argmax=138
[dump]   top0 idx=138 val=8.39777
[dump]   top1 idx=1984 val=8.05021
[dump]   top2 idx=1827 val=6.44572
[dump]   top3 idx=18402 val=5.96840
[dump]   top4 idx=4934 val=5.91951
[dump] L44.conv   n=163840  finite=1 absmax=12.525       mean=-0.016723    sumsq=4653.423956        argmax=905
[dump]   top0 idx=905 val=12.52480
[dump]   top1 idx=2040 val=10.70131
[dump]   top2 idx=104440 val=8.89221
[dump]   top3 idx=124920 val=8.14593
[dump]   top4 idx=103530 val=7.89349
[dump] L44.gnorm  n=98304   finite=1 absmax=6.5411       mean=-0.11379     sumsq=6337.304868        argmax=4569
[dump]   top0 idx=4569 val=6.54108
[dump]   top1 idx=19588 val=2.25283
[dump]   top2 idx=62596 val=1.99370
[dump]   top3 idx=1156 val=1.90553
[dump]   top4 idx=98126 val=1.58498
[dump] L44.lin    n=40960   finite=1 absmax=4.7261       mean=0.0053222    sumsq=1224.72683         argmax=1827
[dump]   top0 idx=1827 val=3.84696
[dump]   top1 idx=2187 val=3.24386
[dump]   top2 idx=27787 val=2.76853
[dump]   top3 idx=422 val=2.40506
[dump]   top4 idx=138 val=2.21831
[dump] L44.att    n=40960   finite=1 absmax=4.7261       mean=0.0053222    sumsq=1224.72683         argmax=1827
[dump]   top0 idx=1827 val=3.84696
[dump]   top1 idx=2187 val=3.24386
[dump]   top2 idx=27787 val=2.76853
[dump]   top3 idx=422 val=2.40506
[dump]   top4 idx=138 val=2.21831
[dump] L44.fmix   n=40960   finite=1 absmax=8.5957       mean=0.051633     sumsq=55692.74143        argmax=25380
[dump]   top0 idx=25380 val=6.00912
[dump]   top1 idx=31821 val=5.80002
[dump]   top2 idx=29261 val=5.30072
[dump]   top3 idx=21581 val=5.24044
[dump]   top4 idx=24008 val=5.13656
[dump] L44.mlogit n=8192    finite=1 absmax=18.141       mean=-6.3538      sumsq=337002.4776        argmax=56
[dump]   top0 idx=56 val=-2.07480
[dump]   top1 idx=2734 val=-2.22542
[dump]   top2 idx=433 val=-2.51883
[dump]   top3 idx=338 val=-3.15020
[dump]   top4 idx=405 val=-3.23598
[dump] L44.mprob  n=8192    finite=1 absmax=0.087678     mean=0.0019531    sumsq=0.07391646828      argmax=2734
[dump]   top0 idx=2734 val=0.08768
[dump]   top1 idx=56 val=0.06809
[dump]   top2 idx=433 val=0.04367
[dump]   top3 idx=1875 val=0.03132
[dump]   top4 idx=1063 val=0.02759
[dump] L44.mid    n=160     finite=1 absmax=0 mean=0 sumsq=0 ids: 56 433 338 405 263 174 51 209 142 248 472 1 505 441 285 358 39 426 458 303 39 24 396 285 505 402 59 472 374 485 339 24 27 117 311 260 417 439 194 485 117 258 303 24 402 59 260 311 328 119 174 59 56 172 248 395 169 387 358 441 87 59 174 248 24 117 441 433 283 37 441 501 81 301 87 59 207 209 358 395 283 59 37 409 338 87 402 24 248 501 472 287 190 303 39 45 447 401 59 431 102 416 490 24 87 418 441 61 56 377 87 433 209 24 207 338 61 56 441 174 87 338 433 56 119 24 209 490 174 213 437 87 174 340 424 47 56 61 490 386 61 424 87 96 174 35 56 209 119 207 87 174 61 433 209 248 56 424 119 338
[dump] L44.rlogit n=8192    finite=1 absmax=18.141       mean=-6.3538      sumsq=337002.4776        argmax=56
[dump]   top0 idx=56 val=-2.07480
[dump]   top1 idx=2734 val=-2.22542
[dump]   top2 idx=433 val=-2.51883
[dump]   top3 idx=338 val=-3.15020
[dump]   top4 idx=405 val=-3.23598
[dump] L44.mwt    n=160     finite=1 absmax=0.53279      mean=0.1          sumsq=2.096850358        argmax=50
[dump] L44.mgate  n=102400  finite=1 absmax=5.4415       mean=-0.61191     sumsq=109321.2109        argmax=35377
[dump]   top0 idx=35377 val=4.26462
[dump]   top1 idx=19287 val=4.20797
[dump]   top2 idx=6990 val=3.31251
[dump]   top3 idx=34420 val=3.11044
[dump]   top4 idx=32689 val=3.07038
[dump] L44.mup    n=102400  finite=1 absmax=6.2296       mean=-0.0020874   sumsq=68551.57981        argmax=58830
[dump]   top0 idx=58830 val=4.27832
[dump]   top1 idx=47495 val=4.11633
[dump]   top2 idx=64584 val=3.93894
[dump]   top3 idx=39489 val=3.89647
[dump]   top4 idx=65502 val=3.62425
[dump] L44.mgu    n=102400  finite=1 absmax=10.493       mean=-0.0013408   sumsq=6409.355372        argmax=73304
[dump]   top0 idx=73304 val=5.36369
[dump]   top1 idx=34420 val=4.86079
[dump]   top2 idx=50603 val=4.34645
[dump]   top3 idx=98334 val=4.04342
[dump]   top4 idx=102173 val=4.04265
[dump] L44.mdown  n=409600  finite=1 absmax=0.61185      mean=-6.1341e-05  sumsq=2696.420303        argmax=79359
[dump]   top0 idx=79359 val=0.61185
[dump]   top1 idx=78326 val=0.59124
[dump]   top2 idx=79087 val=0.53892
[dump]   top3 idx=76960 val=0.52500
[dump]   top4 idx=78030 val=0.52102
[dump] L44.msh    n=40960   finite=1 absmax=0.18342      mean=6.9994e-06   sumsq=3.829656807        argmax=5258
[dump]   top0 idx=5258 val=0.10408
[dump]   top1 idx=31354 val=0.09789
[dump]   top2 idx=31448 val=0.09774
[dump]   top3 idx=32107 val=0.08806
[dump]   top4 idx=31671 val=0.08067
[dump] L44.mout   n=40960   finite=1 absmax=0.24368      mean=-0.00012091  sumsq=45.41822832        argmax=10239
[dump]   top0 idx=10239 val=0.18581
[dump]   top1 idx=13940 val=0.17220
[dump]   top2 idx=9067 val=0.16083
[dump]   top3 idx=10971 val=0.15830
[dump]   top4 idx=15265 val=0.15651
[dump] L44.moe    n=40960   finite=1 absmax=0.24368      mean=-0.00012091  sumsq=45.41822832        argmax=10239
[dump]   top0 idx=10239 val=0.18581
[dump]   top1 idx=13940 val=0.17220
[dump]   top2 idx=9067 val=0.16083
[dump]   top3 idx=10971 val=0.15830
[dump]   top4 idx=15265 val=0.15651
[dump] L44.res    n=163840  finite=1 absmax=10.837       mean=0.0077136    sumsq=11054.93256        argmax=1827
[dump]   top0 idx=1827 val=9.11631
[dump]   top1 idx=138 val=6.21615
[dump]   top2 idx=1736 val=4.76737
[dump]   top3 idx=2187 val=4.36436
[dump]   top4 idx=1603 val=3.84717
[dump] L45.hcmix  n=40960   finite=1 absmax=11.871       mean=0.032648     sumsq=20008.60723        argmax=138
[dump]   top0 idx=138 val=9.07905
[dump]   top1 idx=1736 val=5.43192
[dump]   top2 idx=1500 val=4.41998
[dump]   top3 idx=18802 val=3.80473
[dump]   top4 idx=21362 val=3.50256
[dump] L45.conv   n=163840  finite=1 absmax=2.9275       mean=-0.0036785   sumsq=877.6315756        argmax=1014
[dump]   top0 idx=1014 val=2.92745
[dump]   top1 idx=11148 val=2.87354
[dump]   top2 idx=11254 val=1.97659
[dump]   top3 idx=21494 val=1.73472
[dump]   top4 idx=104066 val=1.61286
[dump] L45.gnorm  n=98304   finite=1 absmax=3.9437       mean=-0.0082409   sumsq=3776.732348        argmax=84949
[dump]   top0 idx=84949 val=2.30037
[dump]   top1 idx=54374 val=2.23009
[dump]   top2 idx=30795 val=2.11822
[dump]   top3 idx=35447 val=2.10895
[dump]   top4 idx=41941 val=2.03881
[dump] L45.lin    n=40960   finite=1 absmax=2.106        mean=0.0060267    sumsq=2458.037525        argmax=17170
[dump]   top0 idx=17170 val=2.02297
[dump]   top1 idx=1810 val=1.83612
[dump]   top2 idx=932 val=1.81952
[dump]   top3 idx=22290 val=1.72407
[dump]   top4 idx=40210 val=1.69775
[dump] L45.att    n=40960   finite=1 absmax=2.106        mean=0.0060267    sumsq=2458.037525        argmax=17170
[dump]   top0 idx=17170 val=2.02297
[dump]   top1 idx=1810 val=1.83612
[dump]   top2 idx=932 val=1.81952
[dump]   top3 idx=22290 val=1.72407
[dump]   top4 idx=40210 val=1.69775
[dump] L45.fmix   n=40960   finite=1 absmax=9.6078       mean=0.045528     sumsq=58476.757          argmax=31821
[dump]   top0 idx=31821 val=5.94047
[dump]   top1 idx=28794 val=5.78630
[dump]   top2 idx=25380 val=5.67534
[dump]   top3 idx=39034 val=5.57157
[dump]   top4 idx=1500 val=5.53718
[dump] L45.mlogit n=8192    finite=1 absmax=12.011       mean=-6.3596      sumsq=336304.0455        argmax=237
[dump]   top0 idx=237 val=-1.40337
[dump]   top1 idx=5357 val=-1.88066
[dump]   top2 idx=5869 val=-1.99510
[dump]   top3 idx=6381 val=-2.21907
[dump]   top4 idx=3309 val=-2.37760
[dump] L45.mprob  n=8192    finite=1 absmax=0.13674      mean=0.0019531    sumsq=0.1366628654       argmax=5357
[dump]   top0 idx=5357 val=0.13674
[dump]   top1 idx=237 val=0.12901
[dump]   top2 idx=5869 val=0.10220
[dump]   top3 idx=6381 val=0.09031
[dump]   top4 idx=3309 val=0.07505
[dump] L45.mid    n=160     finite=1 absmax=0 mean=0 sumsq=0 ids: 237 475 48 51 303 227 22 406 215 443 269 237 149 222 391 488 429 231 156 455 316 237 222 488 7 231 391 87 343 229 237 391 371 331 292 123 263 156 488 153 263 176 391 68 307 323 492 488 235 214 198 237 484 186 169 51 270 75 235 152 237 229 51 235 186 75 342 303 198 79 237 303 51 171 156 229 231 75 252 223 237 29 303 79 156 0 235 186 223 229 131 222 219 156 385 338 185 106 142 99 237 108 303 127 335 235 22 79 51 61 237 51 303 443 235 231 497 229 87 75 237 51 443 303 22 229 235 75 127 342 237 443 51 277 303 75 177 342 486 385 443 237 303 389 486 431 51 393 461 257 443 237 51 303 393 486 75 431 177 218
[dump] L45.rlogit n=8192    finite=1 absmax=12.011       mean=-6.3596      sumsq=336304.0455        argmax=237
[dump]   top0 idx=237 val=-1.40337
[dump]   top1 idx=5357 val=-1.88066
[dump]   top2 idx=5869 val=-1.99510
[dump]   top3 idx=6381 val=-2.21907
[dump]   top4 idx=3309 val=-2.37760
[dump] L45.mwt    n=160     finite=1 absmax=0.63815      mean=0.1          sumsq=3.18055239         argmax=100
[dump] L45.mgate  n=102400  finite=1 absmax=7.1253       mean=-0.67481     sumsq=120423.0435        argmax=73490
[dump]   top0 idx=73490 val=3.11539
[dump]   top1 idx=8108 val=2.95015
[dump]   top2 idx=37786 val=2.84770
[dump]   top3 idx=32585 val=2.84524
[dump]   top4 idx=71360 val=2.83973
[dump] L45.mup    n=102400  finite=1 absmax=7.3157       mean=-0.0024719   sumsq=71954.05257        argmax=36101
[dump]   top0 idx=36101 val=4.76925
[dump]   top1 idx=92091 val=4.74562
[dump]   top2 idx=50158 val=4.39584
[dump]   top3 idx=66281 val=4.27993
[dump]   top4 idx=67122 val=4.24660
[dump] L45.mgu    n=102400  finite=1 absmax=9.5838       mean=0.00093284   sumsq=6333.835579        argmax=57816
[dump]   top0 idx=57816 val=5.89309
[dump]   top1 idx=59404 val=4.72443
[dump]   top2 idx=3681 val=3.92019
[dump]   top3 idx=25740 val=3.81151
[dump]   top4 idx=37214 val=3.71090
[dump] L45.mdown  n=409600  finite=1 absmax=0.6805       mean=-0.00026216  sumsq=2438.575878        argmax=139672
[dump]   top0 idx=139672 val=0.68050
[dump]   top1 idx=283787 val=0.55219
[dump]   top2 idx=292652 val=0.49073
[dump]   top3 idx=162092 val=0.47386
[dump]   top4 idx=274688 val=0.47185
[dump] L45.msh    n=40960   finite=1 absmax=0.12682      mean=-0.00035329  sumsq=5.84023145         argmax=16311
[dump]   top0 idx=16311 val=0.07972
[dump]   top1 idx=27131 val=0.07689
[dump]   top2 idx=7053 val=0.07577
[dump]   top3 idx=6246 val=0.07508
[dump]   top4 idx=31747 val=0.07146
[dump] L45.mout   n=40960   finite=1 absmax=0.3279       mean=-0.00051944  sumsq=61.65557979        argmax=30347
[dump]   top0 idx=30347 val=0.32790
[dump]   top1 idx=28137 val=0.23521
[dump]   top2 idx=27961 val=0.20201
[dump]   top3 idx=28159 val=0.20093
[dump]   top4 idx=26838 val=0.20091
[dump] L45.moe    n=40960   finite=1 absmax=0.3279       mean=-0.00051944  sumsq=61.65557979        argmax=30347
[dump]   top0 idx=30347 val=0.32790
[dump]   top1 idx=28137 val=0.23521
[dump]   top2 idx=27961 val=0.20201
[dump]   top3 idx=28159 val=0.20093
[dump]   top4 idx=26838 val=0.20091
[dump] L45.res    n=163840  finite=1 absmax=10.928       mean=0.0097434    sumsq=18081.52214        argmax=1827
[dump]   top0 idx=1827 val=9.08653
[dump]   top1 idx=138 val=6.33119
[dump]   top2 idx=1736 val=4.90149
[dump]   top3 idx=63322 val=4.44650
[dump]   top4 idx=2187 val=4.18304
[dump] L46.hcmix  n=40960   finite=1 absmax=8.9364       mean=0.028894     sumsq=27558.34562        argmax=932
[dump]   top0 idx=932 val=8.93642
[dump]   top1 idx=138 val=7.80945
[dump]   top2 idx=1810 val=6.75877
[dump]   top3 idx=17170 val=6.13815
[dump]   top4 idx=2537 val=6.13257
[dump] L46.conv   n=163840  finite=1 absmax=3.044        mean=-0.0049197   sumsq=1332.774138        argmax=1307
[dump]   top0 idx=1307 val=3.04399
[dump]   top1 idx=32328 val=2.66655
[dump]   top2 idx=32246 val=2.51514
[dump]   top3 idx=93768 val=2.45562
[dump]   top4 idx=11848 val=2.36958
[dump] L46.gnorm  n=98304   finite=1 absmax=5.0045       mean=-0.0053324   sumsq=5436.357816        argmax=96930
[dump]   top0 idx=96930 val=3.18772
[dump]   top1 idx=84642 val=2.94632
[dump]   top2 idx=60489 val=2.68010
[dump]   top3 idx=11223 val=2.59666
[dump]   top4 idx=90786 val=2.56593
[dump] L46.lin    n=40960   finite=1 absmax=4.748        mean=0.0058114    sumsq=3500.995189        argmax=15994
[dump]   top0 idx=15994 val=4.74800
[dump]   top1 idx=21114 val=4.13716
[dump]   top2 idx=18554 val=3.67601
[dump]   top3 idx=13751 val=3.47078
[dump]   top4 idx=1497 val=3.20140
[dump] L46.att    n=40960   finite=1 absmax=4.748        mean=0.0058114    sumsq=3500.995189        argmax=15994
[dump]   top0 idx=15994 val=4.74800
[dump]   top1 idx=21114 val=4.13716
[dump]   top2 idx=18554 val=3.67601
[dump]   top3 idx=13751 val=3.47078
[dump]   top4 idx=1497 val=3.20140
[dump] L46.fmix   n=40960   finite=1 absmax=8.9737       mean=0.040016     sumsq=59165.77899        argmax=2682
[dump]   top0 idx=2682 val=6.34212
[dump]   top1 idx=30042 val=5.24813
[dump]   top2 idx=29261 val=5.21114
[dump]   top3 idx=26234 val=5.17632
[dump]   top4 idx=21581 val=5.12231
[dump] L46.mlogit n=8192    finite=1 absmax=10.891       mean=-6.4029      sumsq=340799.5547        argmax=25
[dump]   top0 idx=25 val=-1.24475
[dump]   top1 idx=4121 val=-1.84366
[dump]   top2 idx=3097 val=-1.94862
[dump]   top3 idx=5145 val=-2.02396
[dump]   top4 idx=3609 val=-2.24503
[dump] L46.mprob  n=8192    finite=1 absmax=0.18849      mean=0.0019531    sumsq=0.1702441189       argmax=25
[dump]   top0 idx=25 val=0.18849
[dump]   top1 idx=4121 val=0.13638
[dump]   top2 idx=5145 val=0.12131
[dump]   top3 idx=3097 val=0.11889
[dump]   top4 idx=3609 val=0.08243
[dump] L46.mid    n=160     finite=1 absmax=0 mean=0 sumsq=0 ids: 25 230 338 77 348 297 239 60 31 477 384 68 25 38 138 221 426 226 454 227 25 510 38 257 227 60 296 167 31 219 25 427 508 60 279 301 397 510 438 343 25 296 459 164 427 3 343 397 122 60 81 25 341 348 80 510 230 419 343 297 25 81 56 230 348 60 341 510 419 194 25 56 81 230 163 60 6 348 194 419 25 227 81 348 230 294 194 56 119 145 25 337 119 56 191 269 231 227 123 294 25 56 60 491 230 63 215 281 377 6 25 230 419 56 348 60 497 34 6 343 25 230 56 60 348 264 419 194 81 6 25 56 474 264 60 297 98 497 491 338 25 56 298 230 348 494 343 497 180 297 25 56 60 343 348 500 497 230 338 81
[dump] L46.rlogit n=8192    finite=1 absmax=10.891       mean=-6.4029      sumsq=340799.5547        argmax=25
[dump]   top0 idx=25 val=-1.24475
[dump]   top1 idx=4121 val=-1.84366
[dump]   top2 idx=3097 val=-1.94862
[dump]   top3 idx=5145 val=-2.02396
[dump]   top4 idx=3609 val=-2.24503
[dump] L46.mwt    n=160     finite=1 absmax=0.66618      mean=0.1          sumsq=3.717174614        argmax=0
[dump] L46.mgate  n=102400  finite=1 absmax=7.035        mean=-0.75278     sumsq=141458.1842        argmax=64376
[dump]   top0 idx=64376 val=3.91006
[dump]   top1 idx=77176 val=3.86212
[dump]   top2 idx=61358 val=3.83046
[dump]   top3 idx=56759 val=3.82600
[dump]   top4 idx=77461 val=3.70408
[dump] L46.mup    n=102400  finite=1 absmax=7.2119       mean=0.0039571    sumsq=85313.12073        argmax=99707
[dump]   top0 idx=99707 val=7.21193
[dump]   top1 idx=99641 val=4.32689
[dump]   top2 idx=61415 val=4.30971
[dump]   top3 idx=8397 val=4.20900
[dump]   top4 idx=8364 val=4.13014
[dump] L46.mgu    n=102400  finite=1 absmax=7.2584       mean=0.001007     sumsq=7476.008122        argmax=56759
[dump]   top0 idx=56759 val=7.25839
[dump]   top1 idx=2284 val=5.99141
[dump]   top2 idx=73548 val=5.74337
[dump]   top3 idx=65598 val=5.41356
[dump]   top4 idx=32459 val=4.58734
[dump] L46.mdown  n=409600  finite=1 absmax=1.0106       mean=-1.7827e-05  sumsq=3110.215975        argmax=226439
[dump]   top0 idx=226439 val=1.01056
[dump]   top1 idx=226583 val=0.77704
[dump]   top2 idx=226003 val=0.73842
[dump]   top3 idx=225372 val=0.73533
[dump]   top4 idx=131587 val=0.73262
[dump] L46.msh    n=40960   finite=1 absmax=0.14493      mean=-0.00012119  sumsq=11.29316473        argmax=26551
[dump]   top0 idx=26551 val=0.14493
[dump]   top1 idx=31671 val=0.13957
[dump]   top2 idx=39351 val=0.11734
[dump]   top3 idx=16311 val=0.11579
[dump]   top4 idx=27790 val=0.10341
[dump] L46.mout   n=40960   finite=1 absmax=0.34432      mean=-0.00031662  sumsq=107.5391312        argmax=16387
[dump]   top0 idx=16387 val=0.34432
[dump]   top1 idx=31671 val=0.29620
[dump]   top2 idx=16083 val=0.29524
[dump]   top3 idx=26551 val=0.27730
[dump]   top4 idx=16518 val=0.25877
[dump] L46.moe    n=40960   finite=1 absmax=0.34432      mean=-0.00031662  sumsq=107.5391312        argmax=16387
[dump]   top0 idx=16387 val=0.34432
[dump]   top1 idx=31671 val=0.29620
[dump]   top2 idx=16083 val=0.29524
[dump]   top3 idx=26551 val=0.27730
[dump]   top4 idx=16518 val=0.25877
[dump] L46.res    n=163840  finite=1 absmax=10.967       mean=0.011666     sumsq=24639.27016        argmax=1827
[dump]   top0 idx=1827 val=9.21337
[dump]   top1 idx=64634 val=7.47171
[dump]   top2 idx=85114 val=6.29397
[dump]   top3 idx=74874 val=6.09004
[dump]   top4 idx=138 val=6.08954
[dump] L47.hcmix  n=40960   finite=1 absmax=7.9887       mean=0.011254     sumsq=12057.61381        argmax=1827
[dump]   top0 idx=1827 val=6.47856
[dump]   top1 idx=138 val=4.08519
[dump]   top2 idx=2682 val=3.57899
[dump]   top3 idx=4934 val=3.36315
[dump]   top4 idx=23994 val=3.05905
[dump] L47.cur    n=40960   finite=1 absmax=7.9887       mean=0.011254     sumsq=12057.61381        argmax=1827
[dump]   top0 idx=1827 val=6.47856
[dump]   top1 idx=138 val=4.08519
[dump]   top2 idx=2682 val=3.57899
[dump]   top3 idx=4934 val=3.36315
[dump]   top4 idx=23994 val=3.05905
[dump] L47.qnorm  n=98304   finite=1 absmax=11.91        mean=-0.0043079   sumsq=172608.3507        argmax=73234
[dump]   top0 idx=73234 val=11.91043
[dump]   top1 idx=79378 val=11.84320
[dump]   top2 idx=28178 val=11.81231
[dump]   top3 idx=71186 val=11.63301
[dump]   top4 idx=91666 val=11.62978
[dump] L47.knorm  n=8192    finite=1 absmax=15.018       mean=0.026607     sumsq=18310.40348        argmax=7482
[dump]   top0 idx=7482 val=6.42315
[dump]   top1 idx=3386 val=5.87701
[dump]   top2 idx=7200 val=5.32125
[dump]   top3 idx=2592 val=5.02675
[dump]   top4 idx=6688 val=4.99252
[dump] L47.vraw   n=8192    finite=1 absmax=3.4004       mean=-0.032032    sumsq=7180.553221        argmax=635
[dump]   top0 idx=635 val=3.01595
[dump]   top1 idx=3014 val=2.88218
[dump]   top2 idx=5079 val=2.79793
[dump]   top3 idx=388 val=2.78668
[dump]   top4 idx=56 val=2.60358
[dump] L47.Q      n=98304   finite=1 absmax=11.912       mean=-0.00936     sumsq=172608.3507        argmax=73234
[dump]   top0 idx=73234 val=11.91187
[dump]   top1 idx=79378 val=11.84457
[dump]   top2 idx=28178 val=11.81226
[dump]   top3 idx=91666 val=11.63274
[dump]   top4 idx=71186 val=11.63231
[dump] L47.K      n=8192    finite=1 absmax=15.018       mean=-0.012198    sumsq=18310.40348        argmax=7482
[dump]   top0 idx=7482 val=6.42323
[dump]   top1 idx=3386 val=5.87706
[dump]   top2 idx=7994 val=4.86903
[dump]   top3 idx=5946 val=4.81723
[dump]   top4 idx=5434 val=4.78281
[dump] L47.faout  n=98304   finite=1 absmax=2.9729       mean=-0.025658    sumsq=73736.99927        argmax=6523
[dump]   top0 idx=6523 val=2.97287
[dump]   top1 idx=7291 val=2.85137
[dump]   top2 idx=4484 val=2.78672
[dump]   top3 idx=3204 val=2.78671
[dump]   top4 idx=3460 val=2.78671
[dump] L47.gate   n=98304   finite=1 absmax=7.3414       mean=-1.9147      sumsq=520339.9377        argmax=17942
[dump]   top0 idx=17942 val=5.07310
[dump]   top1 idx=11798 val=4.59571
[dump]   top2 idx=36519 val=4.51107
[dump]   top3 idx=48723 val=4.35378
[dump]   top4 idx=18081 val=4.33645
[dump] L47.gated  n=98304   finite=1 absmax=2.5663       mean=-0.0024856   sumsq=2489.400059        argmax=3460
[dump]   top0 idx=3460 val=2.56627
[dump]   top1 idx=3972 val=1.95982
[dump]   top2 idx=1729 val=1.30719
[dump]   top3 idx=312 val=1.22888
[dump]   top4 idx=5396 val=1.12830
[dump] L47.att    n=40960   finite=1 absmax=2.9023       mean=-0.0030883   sumsq=967.7728727        argmax=2314
[dump]   top0 idx=2314 val=2.90229
[dump]   top1 idx=722 val=1.89469
[dump]   top2 idx=579 val=1.43380
[dump]   top3 idx=1202 val=1.38228
[dump]   top4 idx=1027 val=1.30198
[dump] L47.fmix   n=2560    finite=1 absmax=5.3231       mean=-0.0091607   sumsq=3308.694304        argmax=1795
[dump]   top0 idx=1795 val=4.32218
[dump]   top1 idx=1429 val=4.27983
[dump]   top2 idx=122 val=3.85038
[dump]   top3 idx=260 val=3.69466
[dump]   top4 idx=1101 val=3.61491
[dump] L47.mlogit n=512     finite=1 absmax=8.5022       mean=-6.1578      sumsq=19662.51291        argmax=352
[dump] L47.mprob  n=512     finite=1 absmax=0.017936     mean=0.0019531    sumsq=0.00335447807      argmax=352
[dump] L47.mid    n=10      finite=1 absmax=0 mean=0 sumsq=0 ids: 352 95 186 444 344 157 451 232 179 422
[dump] L47.rlogit n=512     finite=1 absmax=8.5022       mean=-6.1578      sumsq=19662.51291        argmax=352
[dump] L47.mwt    n=10      finite=1 absmax=0.17493      mean=0.1          sumsq=0.1122658326       argmax=0
[dump] L47.mgate  n=6400    finite=1 absmax=8.0657       mean=-0.90672     sumsq=12911.93976        argmax=2458
[dump]   top0 idx=2458 val=2.95626
[dump]   top1 idx=3521 val=2.56077
[dump]   top2 idx=105 val=2.47858
[dump]   top3 idx=3550 val=2.38805
[dump]   top4 idx=3952 val=2.35239
[dump] L47.mup    n=6400    finite=1 absmax=4.1662       mean=0.015289     sumsq=5520.049713        argmax=3144
[dump]   top0 idx=3144 val=4.16625
[dump]   top1 idx=252 val=4.02449
[dump]   top2 idx=5355 val=3.63483
[dump]   top3 idx=3817 val=3.54917
[dump]   top4 idx=2389 val=3.52909
[dump] L47.mgu    n=6400    finite=1 absmax=4.3873       mean=-0.0031928   sumsq=472.9798675        argmax=2932
[dump]   top0 idx=2932 val=4.36529
[dump]   top1 idx=159 val=3.71193
[dump]   top2 idx=2716 val=2.38846
[dump]   top3 idx=3036 val=2.22202
[dump]   top4 idx=162 val=2.19922
[dump] L47.mdown  n=25600   finite=1 absmax=0.96311      mean=-0.00045128  sumsq=237.7458834        argmax=338
[dump]   top0 idx=338 val=0.59438
[dump]   top1 idx=1086 val=0.57467
[dump]   top2 idx=21507 val=0.55938
[dump]   top3 idx=402 val=0.48319
[dump]   top4 idx=1306 val=0.47948
[dump] L47.msh    n=2560    finite=1 absmax=0.64479      mean=0.00069844   sumsq=10.37933725        argmax=951
[dump]   top0 idx=951 val=0.64479
[dump]   top1 idx=192 val=0.39501
[dump]   top2 idx=617 val=0.35061
[dump]   top3 idx=88 val=0.34305
[dump]   top4 idx=92 val=0.28774
[dump] L47.mout   n=2560    finite=1 absmax=0.66397      mean=0.00042077   sumsq=15.73962164        argmax=951
[dump]   top0 idx=951 val=0.66397
[dump]   top1 idx=192 val=0.45067
[dump]   top2 idx=88 val=0.44748
[dump]   top3 idx=617 val=0.41493
[dump]   top4 idx=92 val=0.34538
[dump] L47.moe    n=2560    finite=1 absmax=0.66397      mean=0.00042077   sumsq=15.73962164        argmax=951
[dump]   top0 idx=951 val=0.66397
[dump]   top1 idx=192 val=0.45067
[dump]   top2 idx=88 val=0.44748
[dump]   top3 idx=617 val=0.41493
[dump]   top4 idx=92 val=0.34538
[dump] L47.res    n=10240   finite=1 absmax=4.1543       mean=0.0023297    sumsq=1338.814188        argmax=4370
[dump]   top0 idx=4370 val=2.70356
[dump]   top1 idx=1882 val=2.20641
[dump]   top2 idx=4522 val=1.76419
[dump]   top3 idx=4635 val=1.72317
[dump]   top4 idx=3932 val=1.71904
[dump] final      n=2560    finite=1 absmax=41.334       mean=-0.02746     sumsq=22528.13465        argmax=402
[dump]   top0 idx=402 val=16.23222
[dump]   top1 idx=951 val=13.40636
[dump]   top2 idx=1303 val=12.74527
[dump]   top3 idx=88 val=12.44851
[dump]   top4 idx=634 val=12.33334
[dump] logits     n=248320  finite=1 absmax=10.142       mean=-1.4225      sumsq=1212649.899        argmax=271
[dump]   top0 idx=271 val=10.14158
[dump]   top1 idx=5513 val=8.97551
[dump]   top2 idx=248044 val=8.87505
[dump]   top3 idx=248046 val=8.70512
[dump]   top4 idx=12 val=8.22260
[dump] L00.inp    n=2560    finite=1 absmax=0.028631     mean=0.00018991   sumsq=0.007040199034     argmax=728
[dump]   top0 idx=728 val=0.02863
[dump]   top1 idx=951 val=0.01624
[dump]   top2 idx=268 val=0.00976
[dump]   top3 idx=1499 val=0.00726
[dump]   top4 idx=2093 val=0.00726
[dump] L00.emb    n=10240   finite=1 absmax=0.028631     mean=0.00018991   sumsq=0.02816079614      argmax=728
[dump]   top0 idx=728 val=0.02863
[dump]   top1 idx=3288 val=0.02863
[dump]   top2 idx=5848 val=0.02863
[dump]   top3 idx=8408 val=0.02863
[dump]   top4 idx=951 val=0.01624
[dump] L00.hcmix  n=2560    finite=1 absmax=15.256       mean=0.055099     sumsq=1172.68121         argmax=728
[dump]   top0 idx=728 val=15.25633
[dump]   top1 idx=951 val=9.45867
[dump]   top2 idx=2093 val=5.17961
[dump]   top3 idx=943 val=5.09720
[dump]   top4 idx=1499 val=4.66081
[dump] L00.conv   n=10240   finite=1 absmax=5.4486       mean=0.018315     sumsq=491.6974812        argmax=8426
[dump]   top0 idx=8426 val=5.44863
[dump]   top1 idx=6093 val=5.10483
[dump]   top2 idx=306 val=4.72351
[dump]   top3 idx=5884 val=4.58933
[dump]   top4 idx=6325 val=4.34308
[dump] L00.gnorm  n=6144    finite=1 absmax=1.1388       mean=-0.002904    sumsq=26.06269455        argmax=1842
[dump]   top0 idx=1842 val=0.68535
[dump]   top1 idx=5247 val=0.48717
[dump]   top2 idx=243 val=0.44548
[dump]   top3 idx=1080 val=0.44212
[dump]   top4 idx=5459 val=0.40763
[dump] L00.lin    n=2560    finite=1 absmax=0.86693      mean=-0.0015659   sumsq=19.22813939        argmax=5
[dump]   top0 idx=5 val=0.86693
[dump]   top1 idx=36 val=0.46014
[dump]   top2 idx=579 val=0.36343
[dump]   top3 idx=1205 val=0.36022
[dump]   top4 idx=1682 val=0.33788
[dump] L00.att    n=2560    finite=1 absmax=0.86693      mean=-0.0015659   sumsq=19.22813939        argmax=5
[dump]   top0 idx=5 val=0.86693
[dump]   top1 idx=36 val=0.46014
[dump]   top2 idx=579 val=0.36343
[dump]   top3 idx=1205 val=0.36022
[dump]   top4 idx=1682 val=0.33788
[dump] L00.fmix   n=2560    finite=1 absmax=3.0792       mean=0.0095757    sumsq=486.9965683        argmax=1682
[dump]   top0 idx=1682 val=2.51468
[dump]   top1 idx=5 val=2.33846
[dump]   top2 idx=2474 val=2.08385
[dump]   top3 idx=268 val=2.03760
[dump]   top4 idx=1733 val=1.97922
[dump] L00.mlogit n=512     finite=1 absmax=10.34        mean=-7.323       sumsq=27965.1263         argmax=109
[dump] L00.mprob  n=512     finite=1 absmax=0.17945      mean=0.0019531    sumsq=0.06985837627      argmax=109
[dump] L00.mid    n=10      finite=1 absmax=0 mean=0 sumsq=0 ids: 109 351 249 213 435 395 315 333 83 90
[dump] L00.rlogit n=512     finite=1 absmax=10.34        mean=-7.323       sumsq=27965.1263         argmax=109
[dump] L00.mwt    n=10      finite=1 absmax=0.28348      mean=0.1          sumsq=0.172349435        argmax=0
[dump] L00.mgate  n=6400    finite=1 absmax=1.9346       mean=-0.19891     sumsq=1176.990034        argmax=3917
[dump]   top0 idx=3917 val=1.50585
[dump]   top1 idx=1914 val=1.49514
[dump]   top2 idx=5072 val=1.46315
[dump]   top3 idx=5555 val=1.37580
[dump]   top4 idx=5564 val=1.32546
[dump] L00.mup    n=6400    finite=1 absmax=1.8882       mean=-0.010454    sumsq=817.8218637        argmax=1328
[dump]   top0 idx=1328 val=1.88824
[dump]   top1 idx=1704 val=1.76344
[dump]   top2 idx=2540 val=1.49199
[dump]   top3 idx=5645 val=1.44659
[dump]   top4 idx=554 val=1.36097
[dump] L00.mgu    n=6400    finite=1 absmax=1.5223       mean=0.00047128   sumsq=46.46810807        argmax=6085
[dump]   top0 idx=6085 val=0.96600
[dump]   top1 idx=5729 val=0.80012
[dump]   top2 idx=105 val=0.76983
[dump]   top3 idx=5573 val=0.63626
[dump]   top4 idx=5523 val=0.56428
[dump] L00.mdown  n=25600   finite=1 absmax=0.43474      mean=6.5334e-06   sumsq=23.43478196        argmax=5388
[dump]   top0 idx=5388 val=0.43474
[dump]   top1 idx=268 val=0.33773
[dump]   top2 idx=7948 val=0.21358
[dump]   top3 idx=6673 val=0.19061
[dump]   top4 idx=9233 val=0.19051
[dump] L00.msh    n=2560    finite=1 absmax=0.25544      mean=0.00053137   sumsq=1.459086128        argmax=1682
[dump]   top0 idx=1682 val=0.25544
[dump]   top1 idx=579 val=0.20184
[dump]   top2 idx=36 val=0.18799
[dump]   top3 idx=728 val=0.15004
[dump]   top4 idx=2238 val=0.14971
[dump] L00.mout   n=2560    finite=1 absmax=0.28742      mean=0.0007176    sumsq=3.032310514        argmax=1682
[dump]   top0 idx=1682 val=0.28742
[dump]   top1 idx=579 val=0.27972
[dump]   top2 idx=36 val=0.24721
[dump]   top3 idx=2238 val=0.17967
[dump]   top4 idx=1387 val=0.16615
[dump] L00.moe    n=2560    finite=1 absmax=0.28742      mean=0.0007176    sumsq=3.032310514        argmax=1682
[dump]   top0 idx=1682 val=0.28742
[dump]   top1 idx=579 val=0.27972
[dump]   top2 idx=36 val=0.24721
[dump]   top3 idx=2238 val=0.17967
[dump]   top4 idx=1387 val=0.16615
[dump] L00.res    n=10240   finite=1 absmax=0.14309      mean=0.00023508   sumsq=0.8464507705       argmax=6802
[dump]   top0 idx=6802 val=0.14309
[dump]   top1 idx=5699 val=0.14034
[dump]   top2 idx=5156 val=0.12698
[dump]   top3 idx=5125 val=0.11516
[dump]   top4 idx=5848 val=0.09410
[dump] ple.inp    n=2560    finite=1 absmax=0.030854     mean=9.1861e-05   sumsq=0.04256393866      argmax=365
[dump]   top0 idx=365 val=0.02459
[dump]   top1 idx=639 val=0.02330
[dump]   top2 idx=350 val=0.02236
[dump]   top3 idx=281 val=0.02179
[dump]   top4 idx=574 val=0.02162
[dump] ple.key    n=10240   finite=1 absmax=0.10407      mean=-0.0001444   sumsq=0.1274911616       argmax=943
[dump]   top0 idx=943 val=0.05224
[dump]   top1 idx=7568 val=0.03800
[dump]   top2 idx=8565 val=0.01968
[dump]   top3 idx=302 val=0.01805
[dump]   top4 idx=3445 val=0.01717
[dump] ple.value  n=2560    finite=1 absmax=0.017391     mean=2.1975e-05   sumsq=0.04168963241      argmax=389
[dump]   top0 idx=389 val=0.01495
[dump]   top1 idx=1529 val=0.01367
[dump]   top2 idx=902 val=0.01351
[dump]   top3 idx=2075 val=0.01319
[dump]   top4 idx=379 val=0.01309
[dump] ple.knorm  n=10240   finite=1 absmax=57.048       mean=-0.034035    sumsq=11830.39795        argmax=7568
[dump]   top0 idx=7568 val=17.22554
[dump]   top1 idx=943 val=12.28608
[dump]   top2 idx=8565 val=8.92723
[dump]   top3 idx=3445 val=7.03262
[dump]   top4 idx=6534 val=5.96114
[dump] ple.qnorm  n=10240   finite=1 absmax=16.988       mean=0.075228     sumsq=7327.400105        argmax=8408
[dump]   top0 idx=8408 val=16.98791
[dump]   top1 idx=3288 val=14.93709
[dump]   top2 idx=728 val=14.01206
[dump]   top3 idx=2828 val=12.43811
[dump]   top4 idx=8631 val=9.69033
[dump] ple.gate   n=4       finite=1 absmax=0.12715      mean=0.059555     sumsq=0.0226121939       argmax=2
[dump] ple.gated  n=10240   finite=1 absmax=0.0022113    mean=1.3087e-06   sumsq=0.0009426940504    argmax=5509
[dump]   top0 idx=5509 val=0.00190
[dump]   top1 idx=6649 val=0.00174
[dump]   top2 idx=6022 val=0.00172
[dump]   top3 idx=7195 val=0.00168
[dump]   top4 idx=5499 val=0.00166
[dump] ple.conv   n=10240   finite=1 absmax=0.27595      mean=-0.00010791  sumsq=0.2442165552       argmax=3853
[dump]   top0 idx=3853 val=0.04383
[dump]   top1 idx=2242 val=0.02153
[dump]   top2 idx=8973 val=0.01768
[dump]   top3 idx=6071 val=0.01204
[dump]   top4 idx=36 val=0.01079
[dump] ple.out    n=10240   finite=1 absmax=0.20577      mean=0.00012848   sumsq=0.8817348656       argmax=5125
[dump]   top0 idx=5125 val=0.11403
[dump]   top1 idx=5848 val=0.10494
[dump]   top2 idx=7358 val=0.08302
[dump]   top3 idx=6507 val=0.08001
[dump]   top4 idx=6214 val=0.07931
[dump] L01.hcmix  n=2560    finite=1 absmax=2.8397       mean=0.013294     sumsq=359.2871132        argmax=2539
[dump]   top0 idx=2539 val=2.00323
[dump]   top1 idx=5 val=1.98606
[dump]   top2 idx=1868 val=1.92220
[dump]   top3 idx=1461 val=1.84481
[dump]   top4 idx=1094 val=1.76256
[dump] L01.conv   n=10240   finite=1 absmax=0.54924      mean=0.00069623   sumsq=9.062287808        argmax=8821
[dump]   top0 idx=8821 val=0.54924
[dump]   top1 idx=5304 val=0.53737
[dump]   top2 idx=5332 val=0.39166
[dump]   top3 idx=8453 val=0.38867
[dump]   top4 idx=8425 val=0.38566
[dump] L01.gnorm  n=6144    finite=1 absmax=1.4846       mean=0.0013638    sumsq=41.9703649         argmax=412
[dump]   top0 idx=412 val=0.97710
[dump]   top1 idx=472 val=0.87969
[dump]   top2 idx=3010 val=0.87269
[dump]   top3 idx=440 val=0.83365
[dump]   top4 idx=2093 val=0.74312
[dump] L01.lin    n=2560    finite=1 absmax=1.0217       mean=-0.0056855   sumsq=54.93708175        argmax=1473
[dump]   top0 idx=1473 val=1.02165
[dump]   top1 idx=331 val=0.82603
[dump]   top2 idx=736 val=0.82517
[dump]   top3 idx=2314 val=0.62431
[dump]   top4 idx=2324 val=0.59323
[dump] L01.att    n=2560    finite=1 absmax=1.0217       mean=-0.0056855   sumsq=54.93708175        argmax=1473
[dump]   top0 idx=1473 val=1.02165
[dump]   top1 idx=331 val=0.82603
[dump]   top2 idx=736 val=0.82517
[dump]   top3 idx=2314 val=0.62431
[dump]   top4 idx=2324 val=0.59323
[dump] L01.fmix   n=2560    finite=1 absmax=1.8097       mean=0.0036709    sumsq=396.2824066        argmax=1021
[dump]   top0 idx=1021 val=1.71586
[dump]   top1 idx=1947 val=1.63963
[dump]   top2 idx=2531 val=1.49064
[dump]   top3 idx=1610 val=1.47794
[dump]   top4 idx=5 val=1.39813
[dump] L01.mlogit n=512     finite=1 absmax=7.3759       mean=-5.8392      sumsq=17686.68367        argmax=349
[dump] L01.mprob  n=512     finite=1 absmax=0.029796     mean=0.0019531    sumsq=0.005782636885     argmax=349
[dump] L01.mid    n=10      finite=1 absmax=0 mean=0 sumsq=0 ids: 349 383 235 505 32 500 74 306 97 158
[dump] L01.rlogit n=512     finite=1 absmax=7.3759       mean=-5.8392      sumsq=17686.68367        argmax=349
[dump] L01.mwt    n=10      finite=1 absmax=0.16193      mean=0.1          sumsq=0.1098139573       argmax=0
[dump] L01.mgate  n=6400    finite=1 absmax=1.793        mean=-0.16547     sumsq=881.8296432        argmax=239
[dump]   top0 idx=239 val=1.79296
[dump]   top1 idx=2310 val=1.48240
[dump]   top2 idx=1604 val=1.23504
[dump]   top3 idx=3763 val=1.16632
[dump]   top4 idx=307 val=1.12491
[dump] L01.mup    n=6400    finite=1 absmax=1.241        mean=-0.0015126   sumsq=563.790239         argmax=288
[dump]   top0 idx=288 val=1.24099
[dump]   top1 idx=6286 val=1.18207
[dump]   top2 idx=889 val=1.13724
[dump]   top3 idx=2822 val=1.07627
[dump]   top4 idx=579 val=1.06866
[dump] L01.mgu    n=6400    finite=1 absmax=1.5123       mean=0.00027935   sumsq=21.79141602        argmax=239
[dump]   top0 idx=239 val=1.51231
[dump]   top1 idx=5005 val=0.57577
[dump]   top2 idx=889 val=0.56769
[dump]   top3 idx=4963 val=0.51328
[dump]   top4 idx=2419 val=0.46999
[dump] L01.mdown  n=25600   finite=1 absmax=0.10008      mean=-2.6769e-05  sumsq=9.825122976        argmax=945
[dump]   top0 idx=945 val=0.10008
[dump]   top1 idx=15500 val=0.09291
[dump]   top2 idx=1995 val=0.08978
[dump]   top3 idx=17218 val=0.08733
[dump]   top4 idx=587 val=0.08339
[dump] L01.msh    n=2560    finite=1 absmax=0.015768     mean=0.00015359   sumsq=0.01538367313      argmax=331
[dump]   top0 idx=331 val=0.01577
[dump]   top1 idx=1883 val=0.01252
[dump]   top2 idx=2453 val=0.01088
[dump]   top3 idx=2397 val=0.01014
[dump]   top4 idx=1893 val=0.00894
[dump] L01.mout   n=2560    finite=1 absmax=0.03831      mean=0.00010898   sumsq=0.1935340932       argmax=2254
[dump]   top0 idx=2254 val=0.03179
[dump]   top1 idx=2453 val=0.03145
[dump]   top2 idx=2462 val=0.02887
[dump]   top3 idx=1169 val=0.02673
[dump]   top4 idx=1829 val=0.02636
[dump] L01.moe    n=2560    finite=1 absmax=0.03831      mean=0.00010898   sumsq=0.1935340932       argmax=2254
[dump]   top0 idx=2254 val=0.03179
[dump]   top1 idx=2453 val=0.03145
[dump]   top2 idx=2462 val=0.02887
[dump]   top3 idx=1169 val=0.02673
[dump]   top4 idx=1829 val=0.02636
[dump] L01.res    n=10240   finite=1 absmax=0.20503      mean=0.00010656   sumsq=0.9144808785       argmax=5125
[dump]   top0 idx=5125 val=0.11410
[dump]   top1 idx=5848 val=0.10362
[dump]   top2 idx=7358 val=0.08314
[dump]   top3 idx=6507 val=0.07995
[dump]   top4 idx=6214 val=0.07801
[dump] L02.hcmix  n=2560    finite=1 absmax=4.1594       mean=0.010954     sumsq=637.2106063        argmax=5
[dump]   top0 idx=5 val=3.27308
[dump]   top1 idx=1094 val=2.24631
[dump]   top2 idx=331 val=2.04444
[dump]   top3 idx=1069 val=1.93882
[dump]   top4 idx=1173 val=1.93509
[dump] L02.conv   n=10240   finite=1 absmax=0.88608      mean=-0.00016098  sumsq=18.26397059        argmax=5680
[dump]   top0 idx=5680 val=0.88608
[dump]   top1 idx=7459 val=0.85707
[dump]   top2 idx=8582 val=0.70166
[dump]   top3 idx=6434 val=0.52842
[dump]   top4 idx=7487 val=0.51003
[dump] L02.gnorm  n=6144    finite=1 absmax=1.478        mean=-0.0028776   sumsq=61.61120305        argmax=233
[dump]   top0 idx=233 val=1.47799
[dump]   top1 idx=837 val=1.36976
[dump]   top2 idx=5587 val=1.08823
[dump]   top3 idx=4982 val=0.91410
[dump]   top4 idx=4895 val=0.83137
[dump] L02.lin    n=2560    finite=1 absmax=0.78663      mean=0.0079812    sumsq=63.83396441        argmax=693
[dump]   top0 idx=693 val=0.78663
[dump]   top1 idx=1617 val=0.76306
[dump]   top2 idx=2272 val=0.54639
[dump]   top3 idx=2324 val=0.54165
[dump]   top4 idx=691 val=0.47084
[dump] L02.att    n=2560    finite=1 absmax=0.78663      mean=0.0079812    sumsq=63.83396441        argmax=693
[dump]   top0 idx=693 val=0.78663
[dump]   top1 idx=1617 val=0.76306
[dump]   top2 idx=2272 val=0.54639
[dump]   top3 idx=2324 val=0.54165
[dump]   top4 idx=691 val=0.47084
[dump] L02.fmix   n=2560    finite=1 absmax=2.111        mean=0.023309     sumsq=397.3222463        argmax=1799
[dump]   top0 idx=1799 val=1.73728
[dump]   top1 idx=693 val=1.68554
[dump]   top2 idx=1120 val=1.66989
[dump]   top3 idx=2272 val=1.65044
[dump]   top4 idx=1610 val=1.62120
[dump] L02.mlogit n=512     finite=1 absmax=8.2522       mean=-5.6014      sumsq=16312.58469        argmax=12
[dump] L02.mprob  n=512     finite=1 absmax=0.017463     mean=0.0019531    sumsq=0.004000862134     argmax=12
[dump] L02.mid    n=10      finite=1 absmax=0 mean=0 sumsq=0 ids: 12 75 115 247 403 357 32 372 9 4
[dump] L02.rlogit n=512     finite=1 absmax=8.2522       mean=-5.6014      sumsq=16312.58469        argmax=12
[dump] L02.mwt    n=10      finite=1 absmax=0.13297      mean=0.1          sumsq=0.1032892975       argmax=0
[dump] L02.mgate  n=6400    finite=1 absmax=3.1428       mean=-0.15555     sumsq=796.594049         argmax=1893
[dump]   top0 idx=1893 val=1.22238
[dump]   top1 idx=6326 val=1.18756
[dump]   top2 idx=2183 val=1.02404
[dump]   top3 idx=4263 val=0.97203
[dump]   top4 idx=2221 val=0.93180
[dump] L02.mup    n=6400    finite=1 absmax=1.3869       mean=0.0052966    sumsq=569.1194208        argmax=1315
[dump]   top0 idx=1315 val=1.38687
[dump]   top1 idx=1419 val=1.29479
[dump]   top2 idx=5848 val=1.13000
[dump]   top3 idx=1731 val=1.12136
[dump]   top4 idx=4291 val=1.09594
[dump] L02.mgu    n=6400    finite=1 absmax=0.54982      mean=-0.0013297   sumsq=15.72310277        argmax=6137
[dump]   top0 idx=6137 val=0.52584
[dump]   top1 idx=2183 val=0.51494
[dump]   top2 idx=3518 val=0.47840
[dump]   top3 idx=4026 val=0.37794
[dump]   top4 idx=5191 val=0.37544
[dump] L02.mdown  n=25600   finite=1 absmax=0.079349     mean=0.00032526   sumsq=6.656417732        argmax=8054
[dump]   top0 idx=8054 val=0.07935
[dump]   top1 idx=7720 val=0.07455
[dump]   top2 idx=21558 val=0.07108
[dump]   top3 idx=20639 val=0.07051
[dump]   top4 idx=23404 val=0.06688
[dump] L02.msh    n=2560    finite=1 absmax=0.038441     mean=0.00014752   sumsq=0.02898600792      argmax=728
[dump]   top0 idx=728 val=0.03844
[dump]   top1 idx=951 val=0.02946
[dump]   top2 idx=2238 val=0.02455
[dump]   top3 idx=268 val=0.02387
[dump]   top4 idx=788 val=0.02061
[dump] L02.mout   n=2560    finite=1 absmax=0.053493     mean=0.00044609   sumsq=0.1232353478       argmax=728
[dump]   top0 idx=728 val=0.05349
[dump]   top1 idx=951 val=0.03415
[dump]   top2 idx=2010 val=0.02885
[dump]   top3 idx=5 val=0.02774
[dump]   top4 idx=2311 val=0.02502
[dump] L02.moe    n=2560    finite=1 absmax=0.053493     mean=0.00044609   sumsq=0.1232353478       argmax=728
[dump]   top0 idx=728 val=0.05349
[dump]   top1 idx=951 val=0.03415
[dump]   top2 idx=2010 val=0.02885
[dump]   top3 idx=5 val=0.02774
[dump]   top4 idx=2311 val=0.02502
[dump] L02.res    n=10240   finite=1 absmax=0.18947      mean=0.0003497    sumsq=1.279563705        argmax=5848
[dump]   top0 idx=5848 val=0.14257
[dump]   top1 idx=5125 val=0.13365
[dump]   top2 idx=6071 val=0.10023
[dump]   top3 idx=7358 val=0.09967
[dump]   top4 idx=6507 val=0.09262
[dump] L03.hcmix  n=2560    finite=1 absmax=3.8358       mean=0.020785     sumsq=288.4848274        argmax=5
[dump]   top0 idx=5 val=3.83578
[dump]   top1 idx=2010 val=3.35285
[dump]   top2 idx=788 val=2.98843
[dump]   top3 idx=546 val=1.67786
[dump]   top4 idx=615 val=1.28713
[dump] L03.cur    n=2560    finite=1 absmax=3.8358       mean=0.020785     sumsq=288.4848274        argmax=5
[dump]   top0 idx=5 val=3.83578
[dump]   top1 idx=2010 val=3.35285
[dump]   top2 idx=788 val=2.98843
[dump]   top3 idx=546 val=1.67786
[dump]   top4 idx=615 val=1.28713
[dump] L03.qnorm  n=6144    finite=1 absmax=10.193       mean=-0.019991    sumsq=8317.981748        argmax=545
[dump]   top0 idx=545 val=7.63898
[dump]   top1 idx=5909 val=7.02267
[dump]   top2 idx=1313 val=6.86708
[dump]   top3 idx=2817 val=6.76817
[dump]   top4 idx=5913 val=6.72206
[dump] L03.knorm  n=512     finite=1 absmax=3.863        mean=0.014958     sumsq=763.4308799        argmax=119
[dump] L03.vraw   n=512     finite=1 absmax=3.4844       mean=0.030424     sumsq=119.614812         argmax=410
[dump] L03.Q      n=6144    finite=1 absmax=10.193       mean=-0.01565     sumsq=8317.981784        argmax=1
[dump]   top0 idx=1 val=9.21362
[dump]   top1 idx=2593 val=7.86800
[dump]   top2 idx=1793 val=7.67408
[dump]   top3 idx=801 val=7.11710
[dump]   top4 idx=5909 val=7.02207
[dump] L03.K      n=512     finite=1 absmax=3.863        mean=0.004835     sumsq=763.4308816        argmax=119
[dump] L03.faout  n=6144    finite=1 absmax=3.2232       mean=0.012426     sumsq=620.3356059        argmax=5756
[dump]   top0 idx=5756 val=3.22316
[dump]   top1 idx=5500 val=3.19544
[dump]   top2 idx=4220 val=3.11502
[dump]   top3 idx=4988 val=2.43156
[dump]   top4 idx=3738 val=2.40899
[dump] L03.gate   n=6144    finite=1 absmax=4.4148       mean=-1.3445      sumsq=13792.70039        argmax=858
[dump]   top0 idx=858 val=0.92782
[dump]   top1 idx=1304 val=0.79687
[dump]   top2 idx=240 val=0.74023
[dump]   top3 idx=2584 val=0.62341
[dump]   top4 idx=3778 val=0.62115
[dump] L03.gated  n=6144    finite=1 absmax=0.92633      mean=0.0016665    sumsq=26.17402792        argmax=2090
[dump]   top0 idx=2090 val=0.53281
[dump]   top1 idx=42 val=0.47807
[dump]   top2 idx=4248 val=0.40867
[dump]   top3 idx=2979 val=0.39048
[dump]   top4 idx=5784 val=0.36169
[dump] L03.att    n=2560    finite=1 absmax=0.53756      mean=-0.0045519   sumsq=18.48938419        argmax=408
[dump]   top0 idx=408 val=0.32496
[dump]   top1 idx=1457 val=0.32117
[dump]   top2 idx=1553 val=0.30375
[dump]   top3 idx=270 val=0.30116
[dump]   top4 idx=1693 val=0.29215
[dump] L03.fmix   n=2560    finite=1 absmax=2.3735       mean=0.021782     sumsq=663.013902         argmax=615
[dump]   top0 idx=615 val=1.93373
[dump]   top1 idx=1610 val=1.81547
[dump]   top2 idx=717 val=1.72364
[dump]   top3 idx=126 val=1.63271
[dump]   top4 idx=1223 val=1.58496
[dump] L03.mlogit n=512     finite=1 absmax=7.7999       mean=-5.6746      sumsq=16670.01758        argmax=441
[dump] L03.mprob  n=512     finite=1 absmax=0.01204      mean=0.0019531    sumsq=0.003160206221     argmax=441
[dump] L03.mid    n=10      finite=1 absmax=0 mean=0 sumsq=0 ids: 441 394 194 182 269 205 504 206 455 190
[dump] L03.rlogit n=512     finite=1 absmax=7.7999       mean=-5.6746      sumsq=16670.01758        argmax=441
[dump] L03.mwt    n=10      finite=1 absmax=0.13191      mean=0.1          sumsq=0.1031693505       argmax=0
[dump] L03.mgate  n=6400    finite=1 absmax=1.8347       mean=-0.2235      sumsq=1251.810664        argmax=2398
[dump]   top0 idx=2398 val=1.40599
[dump]   top1 idx=683 val=1.32673
[dump]   top2 idx=4128 val=1.31260
[dump]   top3 idx=5685 val=1.24695
[dump]   top4 idx=5018 val=1.15372
[dump] L03.mup    n=6400    finite=1 absmax=1.7748       mean=0.0028639    sumsq=815.482776         argmax=3792
[dump]   top0 idx=3792 val=1.53624
[dump]   top1 idx=2440 val=1.45117
[dump]   top2 idx=2321 val=1.43161
[dump]   top3 idx=4243 val=1.31094
[dump]   top4 idx=932 val=1.28467
[dump] L03.mgu    n=6400    finite=1 absmax=1.1203       mean=-0.00016088  sumsq=31.36459826        argmax=4128
[dump]   top0 idx=4128 val=1.12031
[dump]   top1 idx=2909 val=0.70946
[dump]   top2 idx=3792 val=0.69071
[dump]   top3 idx=5693 val=0.66741
[dump]   top4 idx=2901 val=0.61467
[dump] L03.mdown  n=25600   finite=1 absmax=0.10203      mean=7.5987e-05   sumsq=12.55053993        argmax=17233
[dump]   top0 idx=17233 val=0.10203
[dump]   top1 idx=3087 val=0.09920
[dump]   top2 idx=17730 val=0.09552
[dump]   top3 idx=17705 val=0.09509
[dump]   top4 idx=15913 val=0.09406
[dump] L03.msh    n=2560    finite=1 absmax=0.012088     mean=-2.1702e-05  sumsq=0.01033336763      argmax=1395
[dump]   top0 idx=1395 val=0.01209
[dump]   top1 idx=1603 val=0.00894
[dump]   top2 idx=36 val=0.00865
[dump]   top3 idx=1653 val=0.00843
[dump]   top4 idx=722 val=0.00796
[dump] L03.mout   n=2560    finite=1 absmax=0.031478     mean=1.541e-05    sumsq=0.1613275668       argmax=954
[dump]   top0 idx=954 val=0.02756
[dump]   top1 idx=92 val=0.02662
[dump]   top2 idx=315 val=0.02612
[dump]   top3 idx=2114 val=0.02441
[dump]   top4 idx=1636 val=0.02365
[dump] L03.moe    n=2560    finite=1 absmax=0.031478     mean=1.541e-05    sumsq=0.1613275668       argmax=954
[dump]   top0 idx=954 val=0.02756
[dump]   top1 idx=92 val=0.02662
[dump]   top2 idx=315 val=0.02612
[dump]   top3 idx=2114 val=0.02441
[dump]   top4 idx=1636 val=0.02365
[dump] L03.res    n=10240   finite=1 absmax=0.18976      mean=0.00028649   sumsq=1.371246751        argmax=5848
[dump]   top0 idx=5848 val=0.14077
[dump]   top1 idx=5125 val=0.13348
[dump]   top2 idx=6071 val=0.09878
[dump]   top3 idx=7358 val=0.09872
[dump]   top4 idx=6507 val=0.09182
[dump] L04.hcmix  n=2560    finite=1 absmax=4.3961       mean=0.027902     sumsq=816.4893826        argmax=5
[dump]   top0 idx=5 val=4.39606
[dump]   top1 idx=92 val=2.35275
[dump]   top2 idx=2048 val=2.19868
[dump]   top3 idx=1728 val=1.99911
[dump]   top4 idx=588 val=1.95943
[dump] L04.conv   n=10240   finite=1 absmax=0.96699      mean=5.9398e-05   sumsq=24.95950846        argmax=214
[dump]   top0 idx=214 val=0.96699
[dump]   top1 idx=7582 val=0.79918
[dump]   top2 idx=162 val=0.74290
[dump]   top3 idx=5574 val=0.69599
[dump]   top4 idx=6204 val=0.69201
[dump] L04.gnorm  n=6144    finite=1 absmax=0.86411      mean=-0.0018579   sumsq=18.15166203        argmax=1004
[dump]   top0 idx=1004 val=0.84681
[dump]   top1 idx=2069 val=0.58080
[dump]   top2 idx=4912 val=0.54633
[dump]   top3 idx=793 val=0.52423
[dump]   top4 idx=959 val=0.47673
[dump] L04.lin    n=2560    finite=1 absmax=0.32725      mean=-0.0026283   sumsq=15.06852475        argmax=1795
[dump]   top0 idx=1795 val=0.32725
[dump]   top1 idx=1653 val=0.28357
[dump]   top2 idx=2433 val=0.28075
[dump]   top3 idx=1546 val=0.26094
[dump]   top4 idx=1718 val=0.26036
[dump] L04.att    n=2560    finite=1 absmax=0.32725      mean=-0.0026283   sumsq=15.06852475        argmax=1795
[dump]   top0 idx=1795 val=0.32725
[dump]   top1 idx=1653 val=0.28357
[dump]   top2 idx=2433 val=0.28075
[dump]   top3 idx=1546 val=0.26094
[dump]   top4 idx=1718 val=0.26036
[dump] L04.fmix   n=2560    finite=1 absmax=2.216        mean=0.019489     sumsq=767.8998995        argmax=2433
[dump]   top0 idx=2433 val=2.21598
[dump]   top1 idx=1150 val=1.94436
[dump]   top2 idx=2162 val=1.88104
[dump]   top3 idx=427 val=1.81420
[dump]   top4 idx=1223 val=1.75527
[dump] L04.mlogit n=512     finite=1 absmax=7.6062       mean=-5.9196      sumsq=18246.39259        argmax=41
[dump] L04.mprob  n=512     finite=1 absmax=0.032655     mean=0.0019531    sumsq=0.007294839025     argmax=41
[dump] L04.mid    n=10      finite=1 absmax=0 mean=0 sumsq=0 ids: 41 28 106 496 252 309 465 59 410 209
[dump] L04.rlogit n=512     finite=1 absmax=7.6062       mean=-5.9196      sumsq=18246.39259        argmax=41
[dump] L04.mwt    n=10      finite=1 absmax=0.1567       mean=0.1          sumsq=0.110954055        argmax=0
[dump] L04.mgate  n=6400    finite=1 absmax=3.404        mean=-0.27206     sumsq=1633.969058        argmax=1445
[dump]   top0 idx=1445 val=1.46513
[dump]   top1 idx=4963 val=1.41450
[dump]   top2 idx=137 val=1.33738
[dump]   top3 idx=2608 val=1.33259
[dump]   top4 idx=5381 val=1.31878
[dump] L04.mup    n=6400    finite=1 absmax=2.195        mean=-0.0015795   sumsq=1048.546447        argmax=5342
[dump]   top0 idx=5342 val=2.19499
[dump]   top1 idx=5577 val=1.93022
[dump]   top2 idx=4541 val=1.78082
[dump]   top3 idx=670 val=1.46005
[dump]   top4 idx=5178 val=1.45655
[dump] L04.mgu    n=6400    finite=1 absmax=1.4976       mean=-0.00012366  sumsq=49.41066871        argmax=137
[dump]   top0 idx=137 val=1.49762
[dump]   top1 idx=1039 val=0.91013
[dump]   top2 idx=5178 val=0.87909
[dump]   top3 idx=2510 val=0.75459
[dump]   top4 idx=1788 val=0.74980
[dump] L04.mdown  n=25600   finite=1 absmax=0.14197      mean=-0.00047739  sumsq=20.98028959        argmax=1215
[dump]   top0 idx=1215 val=0.14197
[dump]   top1 idx=2356 val=0.13723
[dump]   top2 idx=1150 val=0.13349
[dump]   top3 idx=9942 val=0.12797
[dump]   top4 idx=22275 val=0.12557
[dump] L04.msh    n=2560    finite=1 absmax=0.01477      mean=3.8835e-05   sumsq=0.01537270572      argmax=1653
[dump]   top0 idx=1653 val=0.01477
[dump]   top1 idx=1868 val=0.01058
[dump]   top2 idx=667 val=0.00924
[dump]   top3 idx=1893 val=0.00904
[dump]   top4 idx=403 val=0.00902
[dump] L04.mout   n=2560    finite=1 absmax=0.048706     mean=-0.00044244  sumsq=0.3533217711       argmax=2157
[dump]   top0 idx=2157 val=0.04307
[dump]   top1 idx=1795 val=0.03829
[dump]   top2 idx=1394 val=0.03781
[dump]   top3 idx=538 val=0.03761
[dump]   top4 idx=315 val=0.03574
[dump] L04.moe    n=2560    finite=1 absmax=0.048706     mean=-0.00044244  sumsq=0.3533217711       argmax=2157
[dump]   top0 idx=2157 val=0.04307
[dump]   top1 idx=1795 val=0.03829
[dump]   top2 idx=1394 val=0.03781
[dump]   top3 idx=538 val=0.03761
[dump]   top4 idx=315 val=0.03574
[dump] L04.res    n=10240   finite=1 absmax=0.18848      mean=0.00011764   sumsq=1.707936483        argmax=5848
[dump]   top0 idx=5848 val=0.14146
[dump]   top1 idx=5125 val=0.13386
[dump]   top2 idx=6071 val=0.09777
[dump]   top3 idx=7358 val=0.09593
[dump]   top4 idx=6507 val=0.09186
[dump] L05.hcmix  n=2560    finite=1 absmax=5.5625       mean=0.00082243   sumsq=870.6056654        argmax=1653
[dump]   top0 idx=1653 val=5.56255
[dump]   top1 idx=5 val=3.51071
[dump]   top2 idx=682 val=2.61845
[dump]   top3 idx=92 val=2.58080
[dump]   top4 idx=315 val=2.10650
[dump] L05.conv   n=10240   finite=1 absmax=0.85609      mean=-0.00032818  sumsq=25.13212597        argmax=1020
[dump]   top0 idx=1020 val=0.85609
[dump]   top1 idx=4847 val=0.72329
[dump]   top2 idx=9713 val=0.61494
[dump]   top3 idx=7568 val=0.59128
[dump]   top4 idx=7672 val=0.58930
[dump] L05.gnorm  n=6144    finite=1 absmax=0.79612      mean=-0.00090738  sumsq=17.45537883        argmax=3840
[dump]   top0 idx=3840 val=0.66674
[dump]   top1 idx=2618 val=0.56075
[dump]   top2 idx=532 val=0.53964
[dump]   top3 idx=2776 val=0.52373
[dump]   top4 idx=600 val=0.45148
[dump] L05.lin    n=2560    finite=1 absmax=0.44866      mean=-0.00030729  sumsq=17.11533849        argmax=1795
[dump]   top0 idx=1795 val=0.44866
[dump]   top1 idx=1134 val=0.39199
[dump]   top2 idx=200 val=0.30831
[dump]   top3 idx=1942 val=0.29872
[dump]   top4 idx=717 val=0.29629
[dump] L05.att    n=2560    finite=1 absmax=0.44866      mean=-0.00030729  sumsq=17.11533849        argmax=1795
[dump]   top0 idx=1795 val=0.44866
[dump]   top1 idx=1134 val=0.39199
[dump]   top2 idx=200 val=0.30831
[dump]   top3 idx=1942 val=0.29872
[dump]   top4 idx=717 val=0.29629
[dump] L05.fmix   n=2560    finite=1 absmax=2.0632       mean=0.0074279    sumsq=581.5111792        argmax=372
[dump]   top0 idx=372 val=1.72454
[dump]   top1 idx=1150 val=1.64631
[dump]   top2 idx=1770 val=1.57058
[dump]   top3 idx=1365 val=1.50420
[dump]   top4 idx=2433 val=1.47584
[dump] L05.mlogit n=512     finite=1 absmax=8.0964       mean=-6.2931      sumsq=20652.97123        argmax=236
[dump] L05.mprob  n=512     finite=1 absmax=0.068496     mean=0.0019531    sumsq=0.01403005413      argmax=236
[dump] L05.mid    n=10      finite=1 absmax=0 mean=0 sumsq=0 ids: 236 446 468 292 142 436 185 250 344 98
[dump] L05.rlogit n=512     finite=1 absmax=8.0964       mean=-6.2931      sumsq=20652.97123        argmax=236
[dump] L05.mwt    n=10      finite=1 absmax=0.22634      mean=0.1          sumsq=0.1279675806       argmax=0
[dump] L05.mgate  n=6400    finite=1 absmax=1.6896       mean=-0.19552     sumsq=1087.118027        argmax=5157
[dump]   top0 idx=5157 val=1.68956
[dump]   top1 idx=532 val=1.49550
[dump]   top2 idx=3521 val=1.40336
[dump]   top3 idx=6277 val=1.38747
[dump]   top4 idx=1792 val=1.28373
[dump] L05.mup    n=6400    finite=1 absmax=1.5043       mean=0.0010029    sumsq=743.187184         argmax=2022
[dump]   top0 idx=2022 val=1.40805
[dump]   top1 idx=1628 val=1.24937
[dump]   top2 idx=5346 val=1.22437
[dump]   top3 idx=5698 val=1.18139
[dump]   top4 idx=2705 val=1.17972
[dump] L05.mgu    n=6400    finite=1 absmax=0.93965      mean=-0.0012253   sumsq=28.46344471        argmax=149
[dump]   top0 idx=149 val=0.68110
[dump]   top1 idx=3521 val=0.64722
[dump]   top2 idx=853 val=0.59071
[dump]   top3 idx=4742 val=0.50555
[dump]   top4 idx=4779 val=0.47074
[dump] L05.mdown  n=25600   finite=1 absmax=0.12939      mean=-0.00014522  sumsq=12.11988212        argmax=141
[dump]   top0 idx=141 val=0.12939
[dump]   top1 idx=1930 val=0.10646
[dump]   top2 idx=2083 val=0.10429
[dump]   top3 idx=22010 val=0.09464
[dump]   top4 idx=7679 val=0.08809
[dump] L05.msh    n=2560    finite=1 absmax=0.011502     mean=0.00018401   sumsq=0.009087926089     argmax=1301
[dump]   top0 idx=1301 val=0.01150
[dump]   top1 idx=1827 val=0.01101
[dump]   top2 idx=722 val=0.01020
[dump]   top3 idx=1395 val=0.01009
[dump]   top4 idx=770 val=0.00920
[dump] L05.mout   n=2560    finite=1 absmax=0.039944     mean=-2.7583e-05  sumsq=0.2476047581       argmax=885
[dump]   top0 idx=885 val=0.03994
[dump]   top1 idx=682 val=0.03617
[dump]   top2 idx=894 val=0.03353
[dump]   top3 idx=86 val=0.03088
[dump]   top4 idx=689 val=0.02949
[dump] L05.moe    n=2560    finite=1 absmax=0.039944     mean=-2.7583e-05  sumsq=0.2476047581       argmax=885
[dump]   top0 idx=885 val=0.03994
[dump]   top1 idx=682 val=0.03617
[dump]   top2 idx=894 val=0.03353
[dump]   top3 idx=86 val=0.03088
[dump]   top4 idx=689 val=0.02949
[dump] L05.res    n=10240   finite=1 absmax=0.18963      mean=0.00010046   sumsq=2.293096336        argmax=9475
[dump]   top0 idx=9475 val=0.14036
[dump]   top1 idx=5848 val=0.14004
[dump]   top2 idx=5125 val=0.13334
[dump]   top3 idx=7995 val=0.10893
[dump]   top4 idx=8362 val=0.10357
[dump] L06.hcmix  n=2560    finite=1 absmax=4.6047       mean=0.0091528    sumsq=694.7598508        argmax=5
[dump]   top0 idx=5 val=4.13588
[dump]   top1 idx=315 val=2.56357
[dump]   top2 idx=682 val=2.30807
[dump]   top3 idx=92 val=2.25013
[dump]   top4 idx=1795 val=2.18987
[dump] L06.conv   n=10240   finite=1 absmax=1.0052       mean=0.00053702   sumsq=15.57097809        argmax=4625
[dump]   top0 idx=4625 val=1.00517
[dump]   top1 idx=4664 val=0.93060
[dump]   top2 idx=919 val=0.63853
[dump]   top3 idx=4703 val=0.63561
[dump]   top4 idx=8794 val=0.59906
[dump] L06.gnorm  n=6144    finite=1 absmax=1.5246       mean=0.0017866    sumsq=68.54378669        argmax=1956
[dump]   top0 idx=1956 val=1.25712
[dump]   top1 idx=30 val=1.23676
[dump]   top2 idx=480 val=1.09369
[dump]   top3 idx=3487 val=1.02433
[dump]   top4 idx=1996 val=1.01224
[dump] L06.lin    n=2560    finite=1 absmax=2.4729       mean=-0.0021572   sumsq=90.58198964        argmax=951
[dump]   top0 idx=951 val=2.47291
[dump]   top1 idx=728 val=1.25292
[dump]   top2 idx=482 val=1.06963
[dump]   top3 idx=1682 val=0.81568
[dump]   top4 idx=993 val=0.71527
[dump] L06.att    n=2560    finite=1 absmax=2.4729       mean=-0.0021572   sumsq=90.58198964        argmax=951
[dump]   top0 idx=951 val=2.47291
[dump]   top1 idx=728 val=1.25292
[dump]   top2 idx=482 val=1.06963
[dump]   top3 idx=1682 val=0.81568
[dump]   top4 idx=993 val=0.71527
[dump] L06.fmix   n=2560    finite=1 absmax=2.0355       mean=0.0096665    sumsq=728.7279708        argmax=1512
[dump]   top0 idx=1512 val=1.96097
[dump]   top1 idx=315 val=1.83504
[dump]   top2 idx=1854 val=1.83201
[dump]   top3 idx=1134 val=1.78891
[dump]   top4 idx=200 val=1.71382
[dump] L06.mlogit n=512     finite=1 absmax=8.6553       mean=-6.0098      sumsq=18846.40558        argmax=397
[dump] L06.mprob  n=512     finite=1 absmax=0.030552     mean=0.0019531    sumsq=0.005842461403     argmax=397
[dump] L06.mid    n=10      finite=1 absmax=0 mean=0 sumsq=0 ids: 397 152 326 292 237 182 259 320 165 68
[dump] L06.rlogit n=512     finite=1 absmax=8.6553       mean=-6.0098      sumsq=18846.40558        argmax=397
[dump] L06.mwt    n=10      finite=1 absmax=0.17618      mean=0.1          sumsq=0.109663264        argmax=0
[dump] L06.mgate  n=6400    finite=1 absmax=1.8953       mean=-0.29134     sumsq=1672.681696        argmax=1907
[dump]   top0 idx=1907 val=1.47546
[dump]   top1 idx=2819 val=1.46242
[dump]   top2 idx=972 val=1.35810
[dump]   top3 idx=3292 val=1.28959
[dump]   top4 idx=2988 val=1.24463
[dump] L06.mup    n=6400    finite=1 absmax=1.5702       mean=0.0071503    sumsq=838.7923905        argmax=861
[dump]   top0 idx=861 val=1.57022
[dump]   top1 idx=74 val=1.49357
[dump]   top2 idx=1361 val=1.40418
[dump]   top3 idx=2625 val=1.34864
[dump]   top4 idx=1391 val=1.28059
[dump] L06.mgu    n=6400    finite=1 absmax=0.99627      mean=0.00017975   sumsq=38.20019656        argmax=1391
[dump]   top0 idx=1391 val=0.99627
[dump]   top1 idx=2607 val=0.89137
[dump]   top2 idx=5201 val=0.87300
[dump]   top3 idx=4678 val=0.80775
[dump]   top4 idx=2625 val=0.80339
[dump] L06.mdown  n=25600   finite=1 absmax=0.14403      mean=3.0816e-05   sumsq=15.82804545        argmax=5963
[dump]   top0 idx=5963 val=0.12087
[dump]   top1 idx=6150 val=0.11267
[dump]   top2 idx=5138 val=0.10436
[dump]   top3 idx=12094 val=0.09523
[dump]   top4 idx=6581 val=0.09203
[dump] L06.msh    n=2560    finite=1 absmax=0.022574     mean=3.4069e-05   sumsq=0.02928136094      argmax=579
[dump]   top0 idx=579 val=0.02082
[dump]   top1 idx=667 val=0.01770
[dump]   top2 idx=1603 val=0.01756
[dump]   top3 idx=86 val=0.01669
[dump]   top4 idx=2453 val=0.01401
[dump] L06.mout   n=2560    finite=1 absmax=0.054188     mean=0.00016786   sumsq=0.2615746275       argmax=2543
[dump]   top0 idx=2543 val=0.03464
[dump]   top1 idx=65 val=0.03364
[dump]   top2 idx=2404 val=0.03353
[dump]   top3 idx=2227 val=0.03319
[dump]   top4 idx=18 val=0.03297
[dump] L06.moe    n=2560    finite=1 absmax=0.054188     mean=0.00016786   sumsq=0.2615746275       argmax=2543
[dump]   top0 idx=2543 val=0.03464
[dump]   top1 idx=65 val=0.03364
[dump]   top2 idx=2404 val=0.03353
[dump]   top3 idx=2227 val=0.03319
[dump]   top4 idx=18 val=0.03297
[dump] L06.res    n=10240   finite=1 absmax=0.18926      mean=0.00010516   sumsq=2.424358518        argmax=9475
[dump]   top0 idx=9475 val=0.14237
[dump]   top1 idx=5848 val=0.14145
[dump]   top2 idx=5125 val=0.13271
[dump]   top3 idx=7995 val=0.12137
[dump]   top4 idx=8362 val=0.10303
[dump] L07.hcmix  n=2560    finite=1 absmax=3.5873       mean=0.0079508    sumsq=305.7869284        argmax=5
[dump]   top0 idx=5 val=3.58733
[dump]   top1 idx=315 val=1.74096
[dump]   top2 idx=728 val=1.61346
[dump]   top3 idx=1500 val=1.59610
[dump]   top4 idx=682 val=1.55618
[dump] L07.cur    n=2560    finite=1 absmax=3.5873       mean=0.0079508    sumsq=305.7869284        argmax=5
[dump]   top0 idx=5 val=3.58733
[dump]   top1 idx=315 val=1.74096
[dump]   top2 idx=728 val=1.61346
[dump]   top3 idx=1500 val=1.59610
[dump]   top4 idx=682 val=1.55618
[dump] L07.qnorm  n=6144    finite=1 absmax=6.4614       mean=0.058544     sumsq=8013.919314        argmax=1537
[dump]   top0 idx=1537 val=6.46143
[dump]   top1 idx=4612 val=6.45064
[dump]   top2 idx=40 val=5.33782
[dump]   top3 idx=3333 val=4.95523
[dump]   top4 idx=4643 val=4.70938
[dump] L07.knorm  n=512     finite=1 absmax=4.1799       mean=0.0031567    sumsq=900.0933357        argmax=240
[dump] L07.vraw   n=512     finite=1 absmax=2.7294       mean=0.036681     sumsq=248.87995          argmax=143
[dump] L07.Q      n=6144    finite=1 absmax=7.1184       mean=0.023949     sumsq=8013.919314        argmax=4613
[dump]   top0 idx=4613 val=7.11845
[dump]   top1 idx=4611 val=5.85391
[dump]   top2 idx=5635 val=5.46457
[dump]   top3 idx=40 val=5.29268
[dump]   top4 idx=3331 val=5.13983
[dump] L07.K      n=512     finite=1 absmax=4.1799       mean=0.017932     sumsq=900.0933364        argmax=240
[dump] L07.faout  n=6144    finite=1 absmax=10.26        mean=0.012631     sumsq=2782.788068        argmax=1262
[dump]   top0 idx=1262 val=10.26019
[dump]   top1 idx=2030 val=9.93516
[dump]   top2 idx=1518 val=9.75689
[dump]   top3 idx=238 val=8.90153
[dump]   top4 idx=2542 val=8.12725
[dump] L07.gate   n=6144    finite=1 absmax=3.9003       mean=-1.2659      sumsq=12145.0064         argmax=2924
[dump]   top0 idx=2924 val=0.92883
[dump]   top1 idx=2878 val=0.87003
[dump]   top2 idx=2892 val=0.58319
[dump]   top3 idx=2884 val=0.58211
[dump]   top4 idx=5670 val=0.53030
[dump] L07.gated  n=6144    finite=1 absmax=0.91509      mean=0.0023329    sumsq=139.3023314        argmax=4252
[dump]   top0 idx=4252 val=0.83933
[dump]   top1 idx=3444 val=0.78139
[dump]   top2 idx=4165 val=0.74746
[dump]   top3 idx=4724 val=0.73955
[dump]   top4 idx=5532 val=0.72239
[dump] L07.att    n=2560    finite=1 absmax=0.67141      mean=0.001969     sumsq=32.66807277        argmax=1134
[dump]   top0 idx=1134 val=0.62474
[dump]   top1 idx=1795 val=0.61314
[dump]   top2 idx=1345 val=0.50185
[dump]   top3 idx=104 val=0.45100
[dump]   top4 idx=1993 val=0.43050
[dump] L07.fmix   n=2560    finite=1 absmax=2.7288       mean=0.0057227    sumsq=657.7819252        argmax=1854
[dump]   top0 idx=1854 val=1.70438
[dump]   top1 idx=1313 val=1.64072
[dump]   top2 idx=482 val=1.58171
[dump]   top3 idx=92 val=1.47480
[dump]   top4 idx=141 val=1.42609
[dump] L07.mlogit n=512     finite=1 absmax=8.0599       mean=-5.9504      sumsq=18457.6786         argmax=445
[dump] L07.mprob  n=512     finite=1 absmax=0.041654     mean=0.0019531    sumsq=0.007709227347     argmax=445
[dump] L07.mid    n=10      finite=1 absmax=0 mean=0 sumsq=0 ids: 445 242 452 158 163 191 425 8 144 303
[dump] L07.rlogit n=512     finite=1 absmax=8.0599       mean=-5.9504      sumsq=18457.6786         argmax=445
[dump] L07.mwt    n=10      finite=1 absmax=0.203        mean=0.1          sumsq=0.1256800392       argmax=0
[dump] L07.mgate  n=6400    finite=1 absmax=2.0964       mean=-0.18919     sumsq=1181.464658        argmax=761
[dump]   top0 idx=761 val=2.09642
[dump]   top1 idx=2571 val=1.98266
[dump]   top2 idx=2740 val=1.89733
[dump]   top3 idx=2741 val=1.77943
[dump]   top4 idx=972 val=1.54435
[dump] L07.mup    n=6400    finite=1 absmax=1.6406       mean=0.00091615   sumsq=754.6601454        argmax=954
[dump]   top0 idx=954 val=1.50364
[dump]   top1 idx=3683 val=1.25259
[dump]   top2 idx=4336 val=1.24861
[dump]   top3 idx=4670 val=1.22438
[dump]   top4 idx=2262 val=1.22097
[dump] L07.mgu    n=6400    finite=1 absmax=2.088        mean=0.00011591   sumsq=39.23013387        argmax=4336
[dump]   top0 idx=4336 val=1.04913
[dump]   top1 idx=4652 val=1.00286
[dump]   top2 idx=2023 val=0.83546
[dump]   top3 idx=761 val=0.67103
[dump]   top4 idx=6369 val=0.66585
[dump] L07.mdown  n=25600   finite=1 absmax=0.17359      mean=7.0946e-05   sumsq=16.2507829         argmax=4355
[dump]   top0 idx=4355 val=0.17359
[dump]   top1 idx=3450 val=0.11516
[dump]   top2 idx=4587 val=0.11345
[dump]   top3 idx=8532 val=0.11206
[dump]   top4 idx=3327 val=0.11103
[dump] L07.msh    n=2560    finite=1 absmax=0.03326      mean=0.00018595   sumsq=0.0307239395       argmax=1603
[dump]   top0 idx=1603 val=0.02153
[dump]   top1 idx=770 val=0.01940
[dump]   top2 idx=1301 val=0.01925
[dump]   top3 idx=2171 val=0.01621
[dump]   top4 idx=667 val=0.01503
[dump] L07.mout   n=2560    finite=1 absmax=0.051947     mean=0.00037517   sumsq=0.3379705309       argmax=2097
[dump]   top0 idx=2097 val=0.04780
[dump]   top1 idx=852 val=0.03869
[dump]   top2 idx=524 val=0.03839
[dump]   top3 idx=1795 val=0.03794
[dump]   top4 idx=526 val=0.03597
[dump] L07.moe    n=2560    finite=1 absmax=0.051947     mean=0.00037517   sumsq=0.3379705309       argmax=2097
[dump]   top0 idx=2097 val=0.04780
[dump]   top1 idx=852 val=0.03869
[dump]   top2 idx=524 val=0.03839
[dump]   top3 idx=1795 val=0.03794
[dump]   top4 idx=526 val=0.03597
[dump] L07.res    n=10240   finite=1 absmax=0.20259      mean=0.00024444   sumsq=2.885576627        argmax=9475
[dump]   top0 idx=9475 val=0.20259
[dump]   top1 idx=5848 val=0.13853
[dump]   top2 idx=5125 val=0.13217
[dump]   top3 idx=8362 val=0.12859
[dump]   top4 idx=9071 val=0.11962
[dump] L08.hcmix  n=2560    finite=1 absmax=4.4693       mean=0.019435     sumsq=833.8399274        argmax=2097
[dump]   top0 idx=2097 val=2.09796
[dump]   top1 idx=1795 val=2.02829
[dump]   top2 idx=2477 val=1.95999
[dump]   top3 idx=1290 val=1.90283
[dump]   top4 idx=1313 val=1.88463
[dump] L08.conv   n=10240   finite=1 absmax=1.151        mean=0.0010936    sumsq=16.84675232        argmax=9641
[dump]   top0 idx=9641 val=1.15102
[dump]   top1 idx=9618 val=0.98559
[dump]   top2 idx=4384 val=0.67221
[dump]   top3 idx=10113 val=0.64016
[dump]   top4 idx=6740 val=0.60472
[dump] L08.gnorm  n=6144    finite=1 absmax=0.24865      mean=0.0003321    sumsq=2.09325973         argmax=2873
[dump]   top0 idx=2873 val=0.24865
[dump]   top1 idx=4361 val=0.16828
[dump]   top2 idx=2870 val=0.15085
[dump]   top3 idx=4701 val=0.14206
[dump]   top4 idx=2342 val=0.13106
[dump] L08.lin    n=2560    finite=1 absmax=0.12325      mean=0.00021144   sumsq=2.106264623        argmax=1300
[dump]   top0 idx=1300 val=0.10019
[dump]   top1 idx=1795 val=0.09804
[dump]   top2 idx=799 val=0.09760
[dump]   top3 idx=1865 val=0.09532
[dump]   top4 idx=2382 val=0.09504
[dump] L08.att    n=2560    finite=1 absmax=0.12325      mean=0.00021144   sumsq=2.106264623        argmax=1300
[dump]   top0 idx=1300 val=0.10019
[dump]   top1 idx=1795 val=0.09804
[dump]   top2 idx=799 val=0.09760
[dump]   top3 idx=1865 val=0.09532
[dump]   top4 idx=2382 val=0.09504
[dump] L08.fmix   n=2560    finite=1 absmax=1.9606       mean=0.01892      sumsq=645.7602703        argmax=1313
[dump]   top0 idx=1313 val=1.96057
[dump]   top1 idx=1512 val=1.61913
[dump]   top2 idx=2433 val=1.58808
[dump]   top3 idx=1503 val=1.56861
[dump]   top4 idx=1854 val=1.48300
[dump] L08.mlogit n=512     finite=1 absmax=7.336        mean=-5.8174      sumsq=17563.58779        argmax=263
[dump] L08.mprob  n=512     finite=1 absmax=0.030463     mean=0.0019531    sumsq=0.004748858515     argmax=263
[dump] L08.mid    n=10      finite=1 absmax=0 mean=0 sumsq=0 ids: 263 181 175 462 183 46 308 231 316 360
[dump] L08.rlogit n=512     finite=1 absmax=7.336        mean=-5.8174      sumsq=17563.58779        argmax=263
[dump] L08.mwt    n=10      finite=1 absmax=0.2103       mean=0.1          sumsq=0.1204067277       argmax=0
[dump] L08.mgate  n=6400    finite=1 absmax=1.6234       mean=-0.24678     sumsq=1272.309194        argmax=5999
[dump]   top0 idx=5999 val=1.38882
[dump]   top1 idx=749 val=1.29764
[dump]   top2 idx=5964 val=1.21987
[dump]   top3 idx=5527 val=1.20604
[dump]   top4 idx=6120 val=1.18217
[dump] L08.mup    n=6400    finite=1 absmax=1.7484       mean=-0.0031324   sumsq=841.2304205        argmax=4583
[dump]   top0 idx=4583 val=1.49169
[dump]   top1 idx=5933 val=1.34900
[dump]   top2 idx=6060 val=1.16715
[dump]   top3 idx=220 val=1.15454
[dump]   top4 idx=2235 val=1.15421
[dump] L08.mgu    n=6400    finite=1 absmax=1.5558       mean=-0.00075217  sumsq=37.85033441        argmax=4583
[dump]   top0 idx=4583 val=1.22743
[dump]   top1 idx=5527 val=0.83107
[dump]   top2 idx=4615 val=0.65880
[dump]   top3 idx=1300 val=0.52762
[dump]   top4 idx=5933 val=0.52704
[dump] L08.mdown  n=25600   finite=1 absmax=0.15173      mean=-0.00027546  sumsq=16.80611628        argmax=4631
[dump]   top0 idx=4631 val=0.11003
[dump]   top1 idx=4202 val=0.10837
[dump]   top2 idx=23858 val=0.10645
[dump]   top3 idx=20337 val=0.10636
[dump]   top4 idx=24458 val=0.10581
[dump] L08.msh    n=2560    finite=1 absmax=0.012105     mean=-4.3877e-05  sumsq=0.02125028152      argmax=967
[dump]   top0 idx=967 val=0.01211
[dump]   top1 idx=2450 val=0.01160
[dump]   top2 idx=36 val=0.01148
[dump]   top3 idx=231 val=0.01117
[dump]   top4 idx=1039 val=0.01015
[dump] L08.mout   n=2560    finite=1 absmax=0.036632     mean=-0.00031708  sumsq=0.2524810066       argmax=1679
[dump]   top0 idx=1679 val=0.03178
[dump]   top1 idx=967 val=0.03083
[dump]   top2 idx=2095 val=0.02923
[dump]   top3 idx=1636 val=0.02894
[dump]   top4 idx=435 val=0.02820
[dump] L08.moe    n=2560    finite=1 absmax=0.036632     mean=-0.00031708  sumsq=0.2524810066       argmax=1679
[dump]   top0 idx=1679 val=0.03178
[dump]   top1 idx=967 val=0.03083
[dump]   top2 idx=2095 val=0.02923
[dump]   top3 idx=1636 val=0.02894
[dump]   top4 idx=435 val=0.02820
[dump] L08.res    n=10240   finite=1 absmax=0.21916      mean=0.00021073   sumsq=3.130149525        argmax=9475
[dump]   top0 idx=9475 val=0.21916
[dump]   top1 idx=5848 val=0.13856
[dump]   top2 idx=5125 val=0.13217
[dump]   top3 idx=8362 val=0.12940
[dump]   top4 idx=7995 val=0.12533
[dump] L09.hcmix  n=2560    finite=1 absmax=2.3726       mean=0.016405     sumsq=716.9896839        argmax=315
[dump]   top0 idx=315 val=2.37257
[dump]   top1 idx=1795 val=2.31618
[dump]   top2 idx=92 val=2.21248
[dump]   top3 idx=1313 val=2.11467
[dump]   top4 idx=1020 val=2.10264
[dump] L09.conv   n=10240   finite=1 absmax=0.73487      mean=0.00077255   sumsq=13.79636314        argmax=1819
[dump]   top0 idx=1819 val=0.73487
[dump]   top1 idx=5528 val=0.70022
[dump]   top2 idx=4296 val=0.54595
[dump]   top3 idx=1118 val=0.52774
[dump]   top4 idx=9179 val=0.45085
[dump] L09.gnorm  n=6144    finite=1 absmax=0.79966      mean=-0.00014136  sumsq=20.91295694        argmax=2542
[dump]   top0 idx=2542 val=0.73407
[dump]   top1 idx=1705 val=0.67486
[dump]   top2 idx=1773 val=0.49743
[dump]   top3 idx=1667 val=0.45150
[dump]   top4 idx=5346 val=0.44640
[dump] L09.lin    n=2560    finite=1 absmax=0.35761      mean=0.0029562    sumsq=16.85430147        argmax=951
[dump]   top0 idx=951 val=0.35761
[dump]   top1 idx=2085 val=0.28490
[dump]   top2 idx=84 val=0.28363
[dump]   top3 idx=149 val=0.26879
[dump]   top4 idx=2393 val=0.26686
[dump] L09.att    n=2560    finite=1 absmax=0.35761      mean=0.0029562    sumsq=16.85430147        argmax=951
[dump]   top0 idx=951 val=0.35761
[dump]   top1 idx=2085 val=0.28490
[dump]   top2 idx=84 val=0.28363
[dump]   top3 idx=149 val=0.26879
[dump]   top4 idx=2393 val=0.26686
[dump] L09.fmix   n=2560    finite=1 absmax=1.6731       mean=0.020224     sumsq=653.6542918        argmax=780
[dump]   top0 idx=780 val=1.67313
[dump]   top1 idx=2264 val=1.62407
[dump]   top2 idx=1854 val=1.61636
[dump]   top3 idx=47 val=1.59637
[dump]   top4 idx=2338 val=1.52372
[dump] L09.mlogit n=512     finite=1 absmax=7.3945       mean=-5.6952      sumsq=16829.0866         argmax=478
[dump] L09.mprob  n=512     finite=1 absmax=0.02523      mean=0.0019531    sumsq=0.003698240961     argmax=478
[dump] L09.mid    n=10      finite=1 absmax=0 mean=0 sumsq=0 ids: 478 264 508 376 506 430 142 68 139 73
[dump] L09.rlogit n=512     finite=1 absmax=7.3945       mean=-5.6952      sumsq=16829.0866         argmax=478
[dump] L09.mwt    n=10      finite=1 absmax=0.23029      mean=0.1          sumsq=0.1216496911       argmax=0
[dump] L09.mgate  n=6400    finite=1 absmax=1.4641       mean=-0.18206     sumsq=1080.725562        argmax=3131
[dump]   top0 idx=3131 val=1.46408
[dump]   top1 idx=872 val=1.45518
[dump]   top2 idx=2030 val=1.41763
[dump]   top3 idx=1190 val=1.36596
[dump]   top4 idx=5477 val=1.30266
[dump] L09.mup    n=6400    finite=1 absmax=1.6933       mean=0.0029414    sumsq=798.1313715        argmax=1190
[dump]   top0 idx=1190 val=1.69331
[dump]   top1 idx=3806 val=1.63688
[dump]   top2 idx=2751 val=1.38818
[dump]   top3 idx=2287 val=1.37343
[dump]   top4 idx=1740 val=1.23127
[dump] L09.mgu    n=6400    finite=1 absmax=1.8428       mean=0.00042962   sumsq=34.59403545        argmax=1190
[dump]   top0 idx=1190 val=1.84282
[dump]   top1 idx=872 val=0.78105
[dump]   top2 idx=6032 val=0.58035
[dump]   top3 idx=1740 val=0.57001
[dump]   top4 idx=2170 val=0.52156
[dump] L09.mdown  n=25600   finite=1 absmax=0.12558      mean=-0.00014197  sumsq=14.64709443        argmax=4768
[dump]   top0 idx=4768 val=0.11712
[dump]   top1 idx=3119 val=0.10619
[dump]   top2 idx=8460 val=0.10533
[dump]   top3 idx=3250 val=0.10343
[dump]   top4 idx=3143 val=0.10162
[dump] L09.msh    n=2560    finite=1 absmax=0.01922      mean=5.5484e-05   sumsq=0.0251568497       argmax=1395
[dump]   top0 idx=1395 val=0.01508
[dump]   top1 idx=667 val=0.01343
[dump]   top2 idx=403 val=0.01298
[dump]   top3 idx=2453 val=0.01268
[dump]   top4 idx=105 val=0.01256
[dump] L09.mout   n=2560    finite=1 absmax=0.035128     mean=-0.00011857  sumsq=0.2364059174       argmax=1395
[dump]   top0 idx=1395 val=0.03181
[dump]   top1 idx=690 val=0.03179
[dump]   top2 idx=105 val=0.03108
[dump]   top3 idx=276 val=0.03013
[dump]   top4 idx=2472 val=0.02971
[dump] L09.moe    n=2560    finite=1 absmax=0.035128     mean=-0.00011857  sumsq=0.2364059174       argmax=1395
[dump]   top0 idx=1395 val=0.03181
[dump]   top1 idx=690 val=0.03179
[dump]   top2 idx=105 val=0.03108
[dump]   top3 idx=276 val=0.03013
[dump]   top4 idx=2472 val=0.02971
[dump] L09.res    n=10240   finite=1 absmax=0.22482      mean=0.00024371   sumsq=3.224366557        argmax=9475
[dump]   top0 idx=9475 val=0.22482
[dump]   top1 idx=5848 val=0.13839
[dump]   top2 idx=9071 val=0.13315
[dump]   top3 idx=5125 val=0.13228
[dump]   top4 idx=8362 val=0.12878
[dump] L10.hcmix  n=2560    finite=1 absmax=2.9263       mean=0.024406     sumsq=833.7208689        argmax=682
[dump]   top0 idx=682 val=2.54316
[dump]   top1 idx=315 val=2.48771
[dump]   top2 idx=92 val=2.45804
[dump]   top3 idx=1391 val=2.39815
[dump]   top4 idx=1209 val=1.97388
[dump] L10.conv   n=10240   finite=1 absmax=0.72956      mean=-4.1434e-05  sumsq=17.00971012        argmax=4479
[dump]   top0 idx=4479 val=0.72956
[dump]   top1 idx=6606 val=0.66909
[dump]   top2 idx=542 val=0.45222
[dump]   top3 idx=6515 val=0.44067
[dump]   top4 idx=5817 val=0.42749
[dump] L10.gnorm  n=6144    finite=1 absmax=0.65272      mean=0.00081166   sumsq=23.53273181        argmax=89
[dump]   top0 idx=89 val=0.65272
[dump]   top1 idx=5055 val=0.61379
[dump]   top2 idx=2553 val=0.59675
[dump]   top3 idx=955 val=0.53786
[dump]   top4 idx=5646 val=0.44824
[dump] L10.lin    n=2560    finite=1 absmax=0.30806      mean=-0.00093879  sumsq=16.7142982         argmax=951
[dump]   top0 idx=951 val=0.30487
[dump]   top1 idx=2269 val=0.27705
[dump]   top2 idx=728 val=0.27331
[dump]   top3 idx=508 val=0.27069
[dump]   top4 idx=153 val=0.26681
[dump] L10.att    n=2560    finite=1 absmax=0.30806      mean=-0.00093879  sumsq=16.7142982         argmax=951
[dump]   top0 idx=951 val=0.30487
[dump]   top1 idx=2269 val=0.27705
[dump]   top2 idx=728 val=0.27331
[dump]   top3 idx=508 val=0.27069
[dump]   top4 idx=153 val=0.26681
[dump] L10.fmix   n=2560    finite=1 absmax=2.0903       mean=0.011759     sumsq=611.7995709        argmax=780
[dump]   top0 idx=780 val=2.09031
[dump]   top1 idx=110 val=1.68239
[dump]   top2 idx=1512 val=1.60251
[dump]   top3 idx=2433 val=1.56558
[dump]   top4 idx=1313 val=1.39988
[dump] L10.mlogit n=512     finite=1 absmax=8.8438       mean=-6.0671      sumsq=19214.74736        argmax=355
[dump] L10.mprob  n=512     finite=1 absmax=0.028466     mean=0.0019531    sumsq=0.005000430169     argmax=355
[dump] L10.mid    n=10      finite=1 absmax=0 mean=0 sumsq=0 ids: 355 461 495 296 97 322 203 373 417 336
[dump] L10.rlogit n=512     finite=1 absmax=8.8438       mean=-6.0671      sumsq=19214.74736        argmax=355
[dump] L10.mwt    n=10      finite=1 absmax=0.19342      mean=0.1          sumsq=0.1159218639       argmax=0
[dump] L10.mgate  n=6400    finite=1 absmax=1.3911       mean=-0.21111     sumsq=1139.934834        argmax=5542
[dump]   top0 idx=5542 val=1.30682
[dump]   top1 idx=3998 val=1.28391
[dump]   top2 idx=4567 val=1.27133
[dump]   top3 idx=3161 val=1.18443
[dump]   top4 idx=2314 val=1.18241
[dump] L10.mup    n=6400    finite=1 absmax=1.7937       mean=0.0014066    sumsq=797.690992         argmax=3161
[dump]   top0 idx=3161 val=1.58997
[dump]   top1 idx=5000 val=1.45335
[dump]   top2 idx=3998 val=1.40935
[dump]   top3 idx=152 val=1.33282
[dump]   top4 idx=1164 val=1.23315
[dump] L10.mgu    n=6400    finite=1 absmax=1.442        mean=-0.0002345   sumsq=36.19454127        argmax=3161
[dump]   top0 idx=3161 val=1.44205
[dump]   top1 idx=3998 val=1.41702
[dump]   top2 idx=2756 val=0.57093
[dump]   top3 idx=4041 val=0.48295
[dump]   top4 idx=757 val=0.47192
[dump] L10.mdown  n=25600   finite=1 absmax=0.12336      mean=-0.00028074  sumsq=15.86314138        argmax=21837
[dump]   top0 idx=21837 val=0.11061
[dump]   top1 idx=7805 val=0.10794
[dump]   top2 idx=12368 val=0.10779
[dump]   top3 idx=19384 val=0.10544
[dump]   top4 idx=17909 val=0.10455
[dump] L10.msh    n=2560    finite=1 absmax=0.013156     mean=-3.3479e-05  sumsq=0.01271512453      argmax=1603
[dump]   top0 idx=1603 val=0.01281
[dump]   top1 idx=36 val=0.00881
[dump]   top2 idx=1653 val=0.00813
[dump]   top3 idx=1301 val=0.00798
[dump]   top4 idx=2103 val=0.00729
[dump] L10.mout   n=2560    finite=1 absmax=0.031338     mean=-0.00026576  sumsq=0.2132400318       argmax=2160
[dump]   top0 idx=2160 val=0.03134
[dump]   top1 idx=2409 val=0.02825
[dump]   top2 idx=727 val=0.02781
[dump]   top3 idx=1694 val=0.02773
[dump]   top4 idx=687 val=0.02690
[dump] L10.moe    n=2560    finite=1 absmax=0.031338     mean=-0.00026576  sumsq=0.2132400318       argmax=2160
[dump]   top0 idx=2160 val=0.03134
[dump]   top1 idx=2409 val=0.02825
[dump]   top2 idx=727 val=0.02781
[dump]   top3 idx=1694 val=0.02773
[dump]   top4 idx=687 val=0.02690
[dump] L10.res    n=10240   finite=1 absmax=0.2233       mean=0.00016519   sumsq=3.361443919        argmax=9475
[dump]   top0 idx=9475 val=0.22330
[dump]   top1 idx=5848 val=0.13866
[dump]   top2 idx=8362 val=0.13274
[dump]   top3 idx=9071 val=0.13264
[dump]   top4 idx=5125 val=0.13239
[dump] L11.hcmix  n=2560    finite=1 absmax=2.6799       mean=0.0070327    sumsq=342.1245551        argmax=5
[dump]   top0 idx=5 val=2.67995
[dump]   top1 idx=1500 val=1.55469
[dump]   top2 idx=682 val=1.52659
[dump]   top3 idx=2238 val=1.37264
[dump]   top4 idx=728 val=1.36169
[dump] L11.cur    n=2560    finite=1 absmax=2.6799       mean=0.0070327    sumsq=342.1245551        argmax=5
[dump]   top0 idx=5 val=2.67995
[dump]   top1 idx=1500 val=1.55469
[dump]   top2 idx=682 val=1.52659
[dump]   top3 idx=2238 val=1.37264
[dump]   top4 idx=728 val=1.36169
[dump] L11.qnorm  n=6144    finite=1 absmax=8.3133       mean=-0.055984    sumsq=7530.562308        argmax=2618
[dump]   top0 idx=2618 val=6.07592
[dump]   top1 idx=3876 val=4.81564
[dump]   top2 idx=3843 val=4.69004
[dump]   top3 idx=826 val=4.03895
[dump]   top4 idx=2874 val=4.00853
[dump] L11.knorm  n=512     finite=1 absmax=6.4534       mean=0.058836     sumsq=917.9333942        argmax=58
[dump] L11.vraw   n=512     finite=1 absmax=2.4283       mean=-0.0052078   sumsq=187.0946851        argmax=456
[dump] L11.Q      n=6144    finite=1 absmax=8.0214       mean=-0.027318    sumsq=7530.562298        argmax=512
[dump]   top0 idx=512 val=8.02143
[dump]   top1 idx=5376 val=6.12832
[dump]   top2 idx=2618 val=6.07592
[dump]   top3 idx=3584 val=6.00729
[dump]   top4 idx=1280 val=5.52625
[dump] L11.K      n=512     finite=1 absmax=6.4533       mean=0.054204     sumsq=917.9333942        argmax=58
[dump] L11.faout  n=6144    finite=1 absmax=6.507        mean=-0.017397    sumsq=1485.575249        argmax=2706
[dump]   top0 idx=2706 val=1.91332
[dump]   top1 idx=1938 val=1.90643
[dump]   top2 idx=1170 val=1.86977
[dump]   top3 idx=402 val=1.81917
[dump]   top4 idx=1426 val=1.80089
[dump] L11.gate   n=6144    finite=1 absmax=3.6962       mean=-1.1362      sumsq=10075.30102        argmax=1338
[dump]   top0 idx=1338 val=1.32768
[dump]   top1 idx=1393 val=1.13548
[dump]   top2 idx=5805 val=0.91224
[dump]   top3 idx=1478 val=0.89923
[dump]   top4 idx=5784 val=0.83595
[dump] L11.gated  n=6144    finite=1 absmax=0.77699      mean=-0.0034538   sumsq=105.1801159        argmax=4531
[dump]   top0 idx=4531 val=0.77699
[dump]   top1 idx=1120 val=0.77019
[dump]   top2 idx=1307 val=0.70195
[dump]   top3 idx=5299 val=0.66234
[dump]   top4 idx=2144 val=0.62572
[dump] L11.att    n=2560    finite=1 absmax=0.44986      mean=0.002529     sumsq=23.28141724        argmax=1751
[dump]   top0 idx=1751 val=0.34013
[dump]   top1 idx=422 val=0.33805
[dump]   top2 idx=1853 val=0.31779
[dump]   top3 idx=816 val=0.30420
[dump]   top4 idx=202 val=0.29781
[dump] L11.fmix   n=2560    finite=1 absmax=2.003        mean=0.0097708    sumsq=646.7801596        argmax=1182
[dump]   top0 idx=1182 val=1.92985
[dump]   top1 idx=780 val=1.68405
[dump]   top2 idx=1512 val=1.64336
[dump]   top3 idx=2433 val=1.56394
[dump]   top4 idx=110 val=1.55546
[dump] L11.mlogit n=512     finite=1 absmax=8.6303       mean=-5.9513      sumsq=18500.77584        argmax=166
[dump] L11.mprob  n=512     finite=1 absmax=0.040768     mean=0.0019531    sumsq=0.007644622879     argmax=166
[dump] L11.mid    n=10      finite=1 absmax=0 mean=0 sumsq=0 ids: 166 323 508 418 249 273 430 48 371 120
[dump] L11.rlogit n=512     finite=1 absmax=8.6303       mean=-5.9513      sumsq=18500.77584        argmax=166
[dump] L11.mwt    n=10      finite=1 absmax=0.20001      mean=0.1          sumsq=0.128460397        argmax=0
[dump] L11.mgate  n=6400    finite=1 absmax=1.5032       mean=-0.21901     sumsq=1218.254056        argmax=2497
[dump]   top0 idx=2497 val=1.44594
[dump]   top1 idx=1035 val=1.40115
[dump]   top2 idx=694 val=1.35071
[dump]   top3 idx=5605 val=1.31374
[dump]   top4 idx=3324 val=1.27815
[dump] L11.mup    n=6400    finite=1 absmax=2.4349       mean=-0.0088511   sumsq=801.709327         argmax=3169
[dump]   top0 idx=3169 val=1.40859
[dump]   top1 idx=1061 val=1.29994
[dump]   top2 idx=6102 val=1.25077
[dump]   top3 idx=4716 val=1.21962
[dump]   top4 idx=3656 val=1.17063
[dump] L11.mgu    n=6400    finite=1 absmax=1.9155       mean=-0.00045474  sumsq=41.27712581        argmax=694
[dump]   top0 idx=694 val=1.17670
[dump]   top1 idx=3169 val=0.98529
[dump]   top2 idx=1061 val=0.61896
[dump]   top3 idx=1878 val=0.60302
[dump]   top4 idx=2269 val=0.60237
[dump] L11.mdown  n=25600   finite=1 absmax=0.13902      mean=-0.00012013  sumsq=17.30504863        argmax=3651
[dump]   top0 idx=3651 val=0.13902
[dump]   top1 idx=3520 val=0.12265
[dump]   top2 idx=4646 val=0.11311
[dump]   top3 idx=4348 val=0.10926
[dump]   top4 idx=7210 val=0.10721
[dump] L11.msh    n=2560    finite=1 absmax=0.0054541    mean=2.4153e-05   sumsq=0.00440197272      argmax=1636
[dump]   top0 idx=1636 val=0.00545
[dump]   top1 idx=2217 val=0.00439
[dump]   top2 idx=1843 val=0.00421
[dump]   top3 idx=1488 val=0.00419
[dump]   top4 idx=1021 val=0.00401
[dump] L11.mout   n=2560    finite=1 absmax=0.036374     mean=-0.00012646  sumsq=0.3722149193       argmax=442
[dump]   top0 idx=442 val=0.03554
[dump]   top1 idx=2533 val=0.03312
[dump]   top2 idx=1732 val=0.03302
[dump]   top3 idx=1577 val=0.03256
[dump]   top4 idx=1642 val=0.03228
[dump] L11.moe    n=2560    finite=1 absmax=0.036374     mean=-0.00012646  sumsq=0.3722149193       argmax=442
[dump]   top0 idx=442 val=0.03554
[dump]   top1 idx=2533 val=0.03312
[dump]   top2 idx=1732 val=0.03302
[dump]   top3 idx=1577 val=0.03256
[dump]   top4 idx=1642 val=0.03228
[dump] L11.res    n=10240   finite=1 absmax=0.22858      mean=0.00016484   sumsq=3.559164697        argmax=9475
[dump]   top0 idx=9475 val=0.22858
[dump]   top1 idx=5848 val=0.13856
[dump]   top2 idx=9071 val=0.13482
[dump]   top3 idx=5125 val=0.13235
[dump]   top4 idx=7995 val=0.13145
[dump] L12.hcmix  n=2560    finite=1 absmax=3.8739       mean=0.010063     sumsq=853.9653948        argmax=1795
[dump]   top0 idx=1795 val=3.00357
[dump]   top1 idx=1512 val=2.26444
[dump]   top2 idx=524 val=2.25101
[dump]   top3 idx=682 val=2.16189
[dump]   top4 idx=1182 val=2.11058
[dump] L12.conv   n=10240   finite=1 absmax=0.58705      mean=-0.001849    sumsq=16.9950932         argmax=1925
[dump]   top0 idx=1925 val=0.58705
[dump]   top1 idx=508 val=0.55737
[dump]   top2 idx=8559 val=0.53614
[dump]   top3 idx=1749 val=0.44639
[dump]   top4 idx=7758 val=0.43153
[dump] L12.gnorm  n=6144    finite=1 absmax=1.1498       mean=-0.0016367   sumsq=19.64820363        argmax=2690
[dump]   top0 idx=2690 val=1.14983
[dump]   top1 idx=2742 val=0.80025
[dump]   top2 idx=292 val=0.58437
[dump]   top3 idx=4788 val=0.55623
[dump]   top4 idx=2002 val=0.49738
[dump] L12.lin    n=2560    finite=1 absmax=0.33196      mean=-0.00099824  sumsq=18.40802459        argmax=2431
[dump]   top0 idx=2431 val=0.28748
[dump]   top1 idx=691 val=0.28178
[dump]   top2 idx=1432 val=0.28038
[dump]   top3 idx=91 val=0.27979
[dump]   top4 idx=1372 val=0.26536
[dump] L12.att    n=2560    finite=1 absmax=0.33196      mean=-0.00099824  sumsq=18.40802459        argmax=2431
[dump]   top0 idx=2431 val=0.28748
[dump]   top1 idx=691 val=0.28178
[dump]   top2 idx=1432 val=0.28038
[dump]   top3 idx=91 val=0.27979
[dump]   top4 idx=1372 val=0.26536
[dump] L12.fmix   n=2560    finite=1 absmax=2.0462       mean=0.0083385    sumsq=736.6059666        argmax=1512
[dump]   top0 idx=1512 val=2.00568
[dump]   top1 idx=780 val=1.90663
[dump]   top2 idx=110 val=1.88137
[dump]   top3 idx=728 val=1.79506
[dump]   top4 idx=2433 val=1.62281
[dump] L12.mlogit n=512     finite=1 absmax=8.6286       mean=-6.1053      sumsq=19563.50087        argmax=421
[dump] L12.mprob  n=512     finite=1 absmax=0.042685     mean=0.0019531    sumsq=0.006923275816     argmax=421
[dump] L12.mid    n=10      finite=1 absmax=0 mean=0 sumsq=0 ids: 421 459 9 433 63 392 37 390 277 0
[dump] L12.rlogit n=512     finite=1 absmax=8.6286       mean=-6.1053      sumsq=19563.50087        argmax=421
[dump] L12.mwt    n=10      finite=1 absmax=0.23372      mean=0.1          sumsq=0.1260158314       argmax=0
[dump] L12.mgate  n=6400    finite=1 absmax=2.3768       mean=-0.20095     sumsq=1315.735391        argmax=4553
[dump]   top0 idx=4553 val=2.37678
[dump]   top1 idx=4151 val=1.79284
[dump]   top2 idx=5104 val=1.64670
[dump]   top3 idx=1352 val=1.47961
[dump]   top4 idx=591 val=1.47418
[dump] L12.mup    n=6400    finite=1 absmax=2.1714       mean=0.0049775    sumsq=886.5403708        argmax=1304
[dump]   top0 idx=1304 val=1.45555
[dump]   top1 idx=992 val=1.39826
[dump]   top2 idx=0 val=1.34626
[dump]   top3 idx=4218 val=1.31505
[dump]   top4 idx=3667 val=1.29715
[dump] L12.mgu    n=6400    finite=1 absmax=1.3641       mean=-0.0016381   sumsq=40.64027665        argmax=5104
[dump]   top0 idx=5104 val=1.36411
[dump]   top1 idx=3711 val=0.95764
[dump]   top2 idx=4501 val=0.70081
[dump]   top3 idx=3667 val=0.61985
[dump]   top4 idx=5584 val=0.57963
[dump] L12.mdown  n=25600   finite=1 absmax=0.17164      mean=-8.8229e-05  sumsq=19.15259522        argmax=19660
[dump]   top0 idx=19660 val=0.17164
[dump]   top1 idx=19127 val=0.12722
[dump]   top2 idx=18089 val=0.11799
[dump]   top3 idx=18146 val=0.11651
[dump]   top4 idx=19831 val=0.11453
[dump] L12.msh    n=2560    finite=1 absmax=0.032263     mean=-2.5576e-05  sumsq=0.02518203172      argmax=2324
[dump]   top0 idx=2324 val=0.02195
[dump]   top1 idx=667 val=0.02192
[dump]   top2 idx=1603 val=0.01940
[dump]   top3 idx=1887 val=0.01795
[dump]   top4 idx=36 val=0.01568
[dump] L12.mout   n=2560    finite=1 absmax=0.041016     mean=-0.00016738  sumsq=0.2895695737       argmax=1027
[dump]   top0 idx=1027 val=0.03982
[dump]   top1 idx=1253 val=0.03580
[dump]   top2 idx=732 val=0.03372
[dump]   top3 idx=134 val=0.03281
[dump]   top4 idx=559 val=0.03094
[dump] L12.moe    n=2560    finite=1 absmax=0.041016     mean=-0.00016738  sumsq=0.2895695737       argmax=1027
[dump]   top0 idx=1027 val=0.03982
[dump]   top1 idx=1253 val=0.03580
[dump]   top2 idx=732 val=0.03372
[dump]   top3 idx=134 val=0.03281
[dump]   top4 idx=559 val=0.03094
[dump] L12.res    n=10240   finite=1 absmax=0.24081      mean=8.784e-05    sumsq=4.016661348        argmax=9475
[dump]   top0 idx=9475 val=0.24081
[dump]   top1 idx=9071 val=0.14020
[dump]   top2 idx=8362 val=0.13950
[dump]   top3 idx=5848 val=0.13862
[dump]   top4 idx=5125 val=0.13235
[dump] L13.hcmix  n=2560    finite=1 absmax=4.0581       mean=0.0060815    sumsq=1014.100042        argmax=682
[dump]   top0 idx=682 val=2.72036
[dump]   top1 idx=1512 val=2.64214
[dump]   top2 idx=1795 val=2.53699
[dump]   top3 idx=1253 val=2.50446
[dump]   top4 idx=524 val=2.42847
[dump] L13.conv   n=10240   finite=1 absmax=0.80757      mean=0.0013648    sumsq=15.14400584        argmax=5378
[dump]   top0 idx=5378 val=0.80757
[dump]   top1 idx=585 val=0.76760
[dump]   top2 idx=4164 val=0.56941
[dump]   top3 idx=6733 val=0.54678
[dump]   top4 idx=46 val=0.51587
[dump] L13.gnorm  n=6144    finite=1 absmax=0.42711      mean=-0.00067115  sumsq=6.645194154        argmax=1199
[dump]   top0 idx=1199 val=0.42711
[dump]   top1 idx=4716 val=0.32928
[dump]   top2 idx=690 val=0.27547
[dump]   top3 idx=2440 val=0.26374
[dump]   top4 idx=3226 val=0.26178
[dump] L13.lin    n=2560    finite=1 absmax=0.31125      mean=8.0297e-06   sumsq=5.556648601        argmax=1795
[dump]   top0 idx=1795 val=0.31125
[dump]   top1 idx=951 val=0.25026
[dump]   top2 idx=728 val=0.19047
[dump]   top3 idx=991 val=0.17505
[dump]   top4 idx=2521 val=0.15953
[dump] L13.att    n=2560    finite=1 absmax=0.31125      mean=8.0297e-06   sumsq=5.556648601        argmax=1795
[dump]   top0 idx=1795 val=0.31125
[dump]   top1 idx=951 val=0.25026
[dump]   top2 idx=728 val=0.19047
[dump]   top3 idx=991 val=0.17505
[dump]   top4 idx=2521 val=0.15953
[dump] L13.fmix   n=2560    finite=1 absmax=1.9353       mean=-0.0040515   sumsq=635.990355         argmax=780
[dump]   top0 idx=780 val=1.61632
[dump]   top1 idx=110 val=1.60147
[dump]   top2 idx=1905 val=1.57165
[dump]   top3 idx=728 val=1.55573
[dump]   top4 idx=1512 val=1.54662
[dump] L13.mlogit n=512     finite=1 absmax=8.5173       mean=-6.0815      sumsq=19418.5823         argmax=387
[dump] L13.mprob  n=512     finite=1 absmax=0.034632     mean=0.0019531    sumsq=0.006510032041     argmax=387
[dump] L13.mid    n=10      finite=1 absmax=0 mean=0 sumsq=0 ids: 387 385 381 259 91 290 463 265 148 273
[dump] L13.rlogit n=512     finite=1 absmax=8.5173       mean=-6.0815      sumsq=19418.5823         argmax=387
[dump] L13.mwt    n=10      finite=1 absmax=0.1953       mean=0.1          sumsq=0.1200266804       argmax=0
[dump] L13.mgate  n=6400    finite=1 absmax=1.8409       mean=-0.22336     sumsq=1287.559103        argmax=2255
[dump]   top0 idx=2255 val=1.84090
[dump]   top1 idx=2556 val=1.64316
[dump]   top2 idx=270 val=1.36085
[dump]   top3 idx=1485 val=1.32546
[dump]   top4 idx=5870 val=1.27612
[dump] L13.mup    n=6400    finite=1 absmax=1.9885       mean=-0.0021225   sumsq=796.0932788        argmax=2083
[dump]   top0 idx=2083 val=1.84343
[dump]   top1 idx=1987 val=1.36168
[dump]   top2 idx=4572 val=1.35265
[dump]   top3 idx=1799 val=1.20638
[dump]   top4 idx=5322 val=1.18989
[dump] L13.mgu    n=6400    finite=1 absmax=2.7379       mean=-0.00073399  sumsq=41.07987254        argmax=2083
[dump]   top0 idx=2083 val=1.26609
[dump]   top1 idx=5922 val=0.86474
[dump]   top2 idx=1485 val=0.60990
[dump]   top3 idx=1871 val=0.53663
[dump]   top4 idx=1987 val=0.50421
[dump] L13.mdown  n=25600   finite=1 absmax=0.16286      mean=5.3241e-06   sumsq=17.73345114        argmax=9657
[dump]   top0 idx=9657 val=0.16149
[dump]   top1 idx=8174 val=0.16000
[dump]   top2 idx=10081 val=0.14539
[dump]   top3 idx=8492 val=0.14390
[dump]   top4 idx=9602 val=0.14348
[dump] L13.msh    n=2560    finite=1 absmax=0.017554     mean=8.4315e-05   sumsq=0.009995398845     argmax=1039
[dump]   top0 idx=1039 val=0.00816
[dump]   top1 idx=1653 val=0.00786
[dump]   top2 idx=1231 val=0.00757
[dump]   top3 idx=2396 val=0.00695
[dump]   top4 idx=2073 val=0.00643
[dump] L13.mout   n=2560    finite=1 absmax=0.043406     mean=-4.7513e-06  sumsq=0.2851936578       argmax=687
[dump]   top0 idx=687 val=0.04341
[dump]   top1 idx=1931 val=0.03914
[dump]   top2 idx=1753 val=0.03557
[dump]   top3 idx=1445 val=0.03402
[dump]   top4 idx=362 val=0.03397
[dump] L13.moe    n=2560    finite=1 absmax=0.043406     mean=-4.7513e-06  sumsq=0.2851936578       argmax=687
[dump]   top0 idx=687 val=0.04341
[dump]   top1 idx=1931 val=0.03914
[dump]   top2 idx=1753 val=0.03557
[dump]   top3 idx=1445 val=0.03402
[dump]   top4 idx=362 val=0.03397
[dump] L13.res    n=10240   finite=1 absmax=0.2563       mean=8.6379e-05   sumsq=4.440901562        argmax=9475
[dump]   top0 idx=9475 val=0.25630
[dump]   top1 idx=5848 val=0.13875
[dump]   top2 idx=8362 val=0.13815
[dump]   top3 idx=9071 val=0.13620
[dump]   top4 idx=5125 val=0.13235
[dump] L14.hcmix  n=2560    finite=1 absmax=3.4929       mean=0.0074142    sumsq=935.2213576        argmax=1795
[dump]   top0 idx=1795 val=3.49287
[dump]   top1 idx=983 val=2.63722
[dump]   top2 idx=728 val=2.62522
[dump]   top3 idx=1253 val=2.29672
[dump]   top4 idx=2121 val=2.01411
[dump] L14.conv   n=10240   finite=1 absmax=0.90774      mean=-0.00083715  sumsq=20.47162226        argmax=760
[dump]   top0 idx=760 val=0.90774
[dump]   top1 idx=1582 val=0.77449
[dump]   top2 idx=5269 val=0.71489
[dump]   top3 idx=1656 val=0.66755
[dump]   top4 idx=66 val=0.58283
[dump] L14.gnorm  n=6144    finite=1 absmax=0.60914      mean=0.00085698   sumsq=21.83277031        argmax=1422
[dump]   top0 idx=1422 val=0.60914
[dump]   top1 idx=5533 val=0.57582
[dump]   top2 idx=1173 val=0.54676
[dump]   top3 idx=1680 val=0.38168
[dump]   top4 idx=5560 val=0.37368
[dump] L14.lin    n=2560    finite=1 absmax=0.49457      mean=0.00035715   sumsq=17.77096323        argmax=2433
[dump]   top0 idx=2433 val=0.49457
[dump]   top1 idx=482 val=0.45646
[dump]   top2 idx=2502 val=0.32481
[dump]   top3 idx=360 val=0.31594
[dump]   top4 idx=1947 val=0.30821
[dump] L14.att    n=2560    finite=1 absmax=0.49457      mean=0.00035715   sumsq=17.77096323        argmax=2433
[dump]   top0 idx=2433 val=0.49457
[dump]   top1 idx=482 val=0.45646
[dump]   top2 idx=2502 val=0.32481
[dump]   top3 idx=360 val=0.31594
[dump]   top4 idx=1947 val=0.30821
[dump] L14.fmix   n=2560    finite=1 absmax=1.9779       mean=-2.5227e-05  sumsq=785.8763548        argmax=1253
[dump]   top0 idx=1253 val=1.83037
[dump]   top1 idx=728 val=1.75870
[dump]   top2 idx=788 val=1.71162
[dump]   top3 idx=983 val=1.71070
[dump]   top4 idx=816 val=1.69059
[dump] L14.mlogit n=512     finite=1 absmax=9.2948       mean=-6.0172      sumsq=18943.78566        argmax=86
[dump] L14.mprob  n=512     finite=1 absmax=0.024967     mean=0.0019531    sumsq=0.005138495337     argmax=86
[dump] L14.mid    n=10      finite=1 absmax=0 mean=0 sumsq=0 ids: 86 506 82 335 486 398 69 212 138 473
[dump] L14.rlogit n=512     finite=1 absmax=9.2948       mean=-6.0172      sumsq=18943.78566        argmax=86
[dump] L14.mwt    n=10      finite=1 absmax=0.16421      mean=0.1          sumsq=0.1105011345       argmax=0
[dump] L14.mgate  n=6400    finite=1 absmax=1.8241       mean=-0.2287      sumsq=1371.64346         argmax=13
[dump]   top0 idx=13 val=1.82413
[dump]   top1 idx=408 val=1.52734
[dump]   top2 idx=615 val=1.34377
[dump]   top3 idx=630 val=1.32434
[dump]   top4 idx=6001 val=1.28895
[dump] L14.mup    n=6400    finite=1 absmax=1.8984       mean=-0.0052926   sumsq=977.1103114        argmax=200
[dump]   top0 idx=200 val=1.89845
[dump]   top1 idx=181 val=1.55846
[dump]   top2 idx=255 val=1.46777
[dump]   top3 idx=1577 val=1.36375
[dump]   top4 idx=537 val=1.33906
[dump] L14.mgu    n=6400    finite=1 absmax=1.5236       mean=0.0013537    sumsq=41.15521287        argmax=200
[dump]   top0 idx=200 val=1.52363
[dump]   top1 idx=1874 val=0.87278
[dump]   top2 idx=630 val=0.80799
[dump]   top3 idx=181 val=0.65550
[dump]   top4 idx=88 val=0.65263
[dump] L14.mdown  n=25600   finite=1 absmax=0.13808      mean=2.0972e-05   sumsq=16.97907539        argmax=1694
[dump]   top0 idx=1694 val=0.12575
[dump]   top1 idx=1873 val=0.12369
[dump]   top2 idx=2433 val=0.12138
[dump]   top3 idx=953 val=0.11787
[dump]   top4 idx=2262 val=0.11762
[dump] L14.msh    n=2560    finite=1 absmax=0.0125       mean=3.4715e-05   sumsq=0.01256687216      argmax=1653
[dump]   top0 idx=1653 val=0.01198
[dump]   top1 idx=36 val=0.00968
[dump]   top2 idx=667 val=0.00946
[dump]   top3 idx=579 val=0.00892
[dump]   top4 idx=1395 val=0.00815
[dump] L14.mout   n=2560    finite=1 absmax=0.042505     mean=7.1842e-05   sumsq=0.2913192388       argmax=502
[dump]   top0 idx=502 val=0.04250
[dump]   top1 idx=1266 val=0.03745
[dump]   top2 idx=1285 val=0.03603
[dump]   top3 idx=1461 val=0.03107
[dump]   top4 idx=1039 val=0.03058
[dump] L14.moe    n=2560    finite=1 absmax=0.042505     mean=7.1842e-05   sumsq=0.2913192388       argmax=502
[dump]   top0 idx=502 val=0.04250
[dump]   top1 idx=1266 val=0.03745
[dump]   top2 idx=1285 val=0.03603
[dump]   top3 idx=1461 val=0.03107
[dump]   top4 idx=1039 val=0.03058
[dump] L14.res    n=10240   finite=1 absmax=0.26571      mean=0.00012238   sumsq=4.95664722         argmax=9475
[dump]   top0 idx=9475 val=0.26571
[dump]   top1 idx=9071 val=0.14614
[dump]   top2 idx=8362 val=0.14170
[dump]   top3 idx=5848 val=0.13588
[dump]   top4 idx=5125 val=0.13190
[dump] L15.hcmix  n=2560    finite=1 absmax=1.6088       mean=0.0035425    sumsq=213.8645335        argmax=1795
[dump]   top0 idx=1795 val=1.57472
[dump]   top1 idx=2433 val=1.46881
[dump]   top2 idx=1947 val=1.21845
[dump]   top3 idx=728 val=1.21521
[dump]   top4 idx=482 val=1.18549
[dump] L15.cur    n=2560    finite=1 absmax=1.6088       mean=0.0035425    sumsq=213.8645335        argmax=1795
[dump]   top0 idx=1795 val=1.57472
[dump]   top1 idx=2433 val=1.46881
[dump]   top2 idx=1947 val=1.21845
[dump]   top3 idx=728 val=1.21521
[dump]   top4 idx=482 val=1.18549
[dump] L15.qnorm  n=6144    finite=1 absmax=6.4364       mean=-0.024972    sumsq=8088.228062        argmax=6137
[dump]   top0 idx=6137 val=6.43639
[dump]   top1 idx=2849 val=6.20130
[dump]   top2 idx=3097 val=4.79770
[dump]   top3 idx=4601 val=4.31739
[dump]   top4 idx=156 val=4.11725
[dump] L15.knorm  n=512     finite=1 absmax=6.8388       mean=0.014348     sumsq=976.5401481        argmax=30
[dump] L15.vraw   n=512     finite=1 absmax=1.5858       mean=0.010979     sumsq=159.6133681        argmax=217
[dump] L15.Q      n=6144    finite=1 absmax=6.4364       mean=-0.012012    sumsq=8088.228056        argmax=6137
[dump]   top0 idx=6137 val=6.43639
[dump]   top1 idx=3097 val=4.79768
[dump]   top2 idx=1060 val=4.32901
[dump]   top3 idx=4601 val=4.31739
[dump]   top4 idx=1031 val=4.18603
[dump] L15.K      n=512     finite=1 absmax=6.8387       mean=0.0082542    sumsq=976.5401519        argmax=30
[dump] L15.faout  n=6144    finite=1 absmax=5.4452       mean=0.030241     sumsq=1837.942137        argmax=1449
[dump]   top0 idx=1449 val=5.44521
[dump]   top1 idx=1961 val=4.68802
[dump]   top2 idx=2217 val=4.50242
[dump]   top3 idx=681 val=3.80887
[dump]   top4 idx=425 val=3.71270
[dump] L15.gate   n=6144    finite=1 absmax=3.5272       mean=-0.8116      sumsq=5462.106206        argmax=2569
[dump]   top0 idx=2569 val=0.61756
[dump]   top1 idx=5202 val=0.51802
[dump]   top2 idx=5659 val=0.48239
[dump]   top3 idx=2624 val=0.45743
[dump]   top4 idx=4238 val=0.43172
[dump] L15.gated  n=6144    finite=1 absmax=0.81506      mean=0.0087464    sumsq=214.218569         argmax=2217
[dump]   top0 idx=2217 val=0.81506
[dump]   top1 idx=1398 val=0.63400
[dump]   top2 idx=2934 val=0.60708
[dump]   top3 idx=337 val=0.57991
[dump]   top4 idx=985 val=0.57065
[dump] L15.att    n=2560    finite=1 absmax=0.44031      mean=-0.0032271   sumsq=15.24501053        argmax=1359
[dump]   top0 idx=1359 val=0.42672
[dump]   top1 idx=1716 val=0.34483
[dump]   top2 idx=1205 val=0.32030
[dump]   top3 idx=2311 val=0.28240
[dump]   top4 idx=1898 val=0.27265
[dump] L15.fmix   n=2560    finite=1 absmax=4.484        mean=-0.0032711   sumsq=1478.006307        argmax=728
[dump]   top0 idx=728 val=4.48395
[dump]   top1 idx=1266 val=2.82285
[dump]   top2 idx=2238 val=2.54007
[dump]   top3 idx=1905 val=2.48436
[dump]   top4 idx=690 val=2.30632
[dump] L15.mlogit n=512     finite=1 absmax=8.972        mean=-5.9452      sumsq=18346.79653        argmax=289
[dump] L15.mprob  n=512     finite=1 absmax=0.021382     mean=0.0019531    sumsq=0.003601146853     argmax=289
[dump] L15.mid    n=10      finite=1 absmax=0 mean=0 sumsq=0 ids: 289 494 207 283 302 226 199 311 405 156
[dump] L15.rlogit n=512     finite=1 absmax=8.972        mean=-5.9452      sumsq=18346.79653        argmax=289
[dump] L15.mwt    n=10      finite=1 absmax=0.19851      mean=0.1          sumsq=0.1215326935       argmax=0
[dump] L15.mgate  n=6400    finite=1 absmax=2.2428       mean=-0.40081     sumsq=2758.539931        argmax=6282
[dump]   top0 idx=6282 val=1.63614
[dump]   top1 idx=927 val=1.62123
[dump]   top2 idx=3607 val=1.37498
[dump]   top3 idx=3477 val=1.35347
[dump]   top4 idx=5711 val=1.28910
[dump] L15.mup    n=6400    finite=1 absmax=2.1287       mean=0.00056055   sumsq=1568.839755        argmax=3975
[dump]   top0 idx=3975 val=2.04394
[dump]   top1 idx=3537 val=1.75871
[dump]   top2 idx=607 val=1.73382
[dump]   top3 idx=1654 val=1.69344
[dump]   top4 idx=5532 val=1.66491
[dump] L15.mgu    n=6400    finite=1 absmax=0.9236       mean=0.00076245   sumsq=74.5951892         argmax=3787
[dump]   top0 idx=3787 val=0.91068
[dump]   top1 idx=4558 val=0.87291
[dump]   top2 idx=3477 val=0.78185
[dump]   top3 idx=1645 val=0.73275
[dump]   top4 idx=403 val=0.63119
[dump] L15.mdown  n=25600   finite=1 absmax=0.16259      mean=0.00020301   sumsq=30.01055395        argmax=2703
[dump]   top0 idx=2703 val=0.16259
[dump]   top1 idx=988 val=0.15071
[dump]   top2 idx=14519 val=0.14955
[dump]   top3 idx=15354 val=0.14268
[dump]   top4 idx=13586 val=0.13701
[dump] L15.msh    n=2560    finite=1 absmax=0.016452     mean=8.3816e-05   sumsq=0.03092417873      argmax=1076
[dump]   top0 idx=1076 val=0.01451
[dump]   top1 idx=636 val=0.01273
[dump]   top2 idx=1077 val=0.01242
[dump]   top3 idx=1551 val=0.01200
[dump]   top4 idx=793 val=0.01187
[dump] L15.mout   n=2560    finite=1 absmax=0.049297     mean=0.00028649   sumsq=0.408978905        argmax=988
[dump]   top0 idx=988 val=0.04930
[dump]   top1 idx=1719 val=0.04571
[dump]   top2 idx=962 val=0.04249
[dump]   top3 idx=1909 val=0.03935
[dump]   top4 idx=1822 val=0.03835
[dump] L15.moe    n=2560    finite=1 absmax=0.049297     mean=0.00028649   sumsq=0.408978905        argmax=988
[dump]   top0 idx=988 val=0.04930
[dump]   top1 idx=1719 val=0.04571
[dump]   top2 idx=962 val=0.04249
[dump]   top3 idx=1909 val=0.03935
[dump]   top4 idx=1822 val=0.03835
[dump] L15.res    n=10240   finite=1 absmax=0.26301      mean=7.6363e-05   sumsq=4.688851883        argmax=9475
[dump]   top0 idx=9475 val=0.26301
[dump]   top1 idx=9071 val=0.14414
[dump]   top2 idx=8362 val=0.14238
[dump]   top3 idx=5848 val=0.13610
[dump]   top4 idx=5125 val=0.13178
[dump] L16.hcmix  n=2560    finite=1 absmax=3.9263       mean=-0.00069729  sumsq=1165.158059        argmax=1795
[dump]   top0 idx=1795 val=3.92628
[dump]   top1 idx=2121 val=2.78625
[dump]   top2 idx=1947 val=2.76590
[dump]   top3 idx=1266 val=2.74334
[dump]   top4 idx=1905 val=2.30274
[dump] L16.conv   n=10240   finite=1 absmax=1.3551       mean=-0.0021931   sumsq=33.38904365        argmax=1082
[dump]   top0 idx=1082 val=1.35508
[dump]   top1 idx=1194 val=1.26171
[dump]   top2 idx=6567 val=0.99448
[dump]   top3 idx=879 val=0.93436
[dump]   top4 idx=10053 val=0.93054
[dump] L16.gnorm  n=6144    finite=1 absmax=0.41835      mean=-0.0046899   sumsq=11.06891064        argmax=3181
[dump]   top0 idx=3181 val=0.27698
[dump]   top1 idx=3073 val=0.26322
[dump]   top2 idx=2335 val=0.25484
[dump]   top3 idx=4630 val=0.25398
[dump]   top4 idx=3901 val=0.23810
[dump] L16.lin    n=2560    finite=1 absmax=0.22214      mean=-0.00046852  sumsq=6.210569648        argmax=1209
[dump]   top0 idx=1209 val=0.22214
[dump]   top1 idx=211 val=0.21874
[dump]   top2 idx=1738 val=0.17631
[dump]   top3 idx=689 val=0.16946
[dump]   top4 idx=1076 val=0.16758
[dump] L16.att    n=2560    finite=1 absmax=0.22214      mean=-0.00046852  sumsq=6.210569648        argmax=1209
[dump]   top0 idx=1209 val=0.22214
[dump]   top1 idx=211 val=0.21874
[dump]   top2 idx=1738 val=0.17631
[dump]   top3 idx=689 val=0.16946
[dump]   top4 idx=1076 val=0.16758
[dump] L16.fmix   n=2560    finite=1 absmax=2.8188       mean=-0.0028391   sumsq=1277.174308        argmax=1266
[dump]   top0 idx=1266 val=2.81885
[dump]   top1 idx=1253 val=2.66724
[dump]   top2 idx=1905 val=2.48470
[dump]   top3 idx=2160 val=2.33307
[dump]   top4 idx=690 val=2.19323
[dump] L16.mlogit n=512     finite=1 absmax=8.8134       mean=-6.0189      sumsq=18897.28601        argmax=243
[dump] L16.mprob  n=512     finite=1 absmax=0.041838     mean=0.0019531    sumsq=0.00733224447      argmax=243
[dump] L16.mid    n=10      finite=1 absmax=0 mean=0 sumsq=0 ids: 243 228 58 263 278 23 142 201 26 480
[dump] L16.rlogit n=512     finite=1 absmax=8.8134       mean=-6.0189      sumsq=18897.28601        argmax=243
[dump] L16.mwt    n=10      finite=1 absmax=0.20843      mean=0.1          sumsq=0.1309522401       argmax=0
[dump] L16.mgate  n=6400    finite=1 absmax=2.4263       mean=-0.28269     sumsq=2047.05763         argmax=5912
[dump]   top0 idx=5912 val=1.57092
[dump]   top1 idx=821 val=1.56157
[dump]   top2 idx=1098 val=1.41653
[dump]   top3 idx=6335 val=1.41320
[dump]   top4 idx=6054 val=1.36045
[dump] L16.mup    n=6400    finite=1 absmax=2.1467       mean=0.00034247   sumsq=1403.459424        argmax=821
[dump]   top0 idx=821 val=2.14671
[dump]   top1 idx=2661 val=1.57976
[dump]   top2 idx=2055 val=1.53692
[dump]   top3 idx=1238 val=1.52686
[dump]   top4 idx=1163 val=1.52382
[dump] L16.mgu    n=6400    finite=1 absmax=2.7709       mean=0.00098436   sumsq=84.78906526        argmax=821
[dump]   top0 idx=821 val=2.77088
[dump]   top1 idx=2661 val=1.24511
[dump]   top2 idx=5981 val=1.15386
[dump]   top3 idx=5526 val=0.89613
[dump]   top4 idx=6054 val=0.87590
[dump] L16.mdown  n=25600   finite=1 absmax=0.21813      mean=-0.00016561  sumsq=32.42994096        argmax=4788
[dump]   top0 idx=4788 val=0.21813
[dump]   top1 idx=4361 val=0.17970
[dump]   top2 idx=4015 val=0.17663
[dump]   top3 idx=3728 val=0.16795
[dump]   top4 idx=3313 val=0.15909
[dump] L16.msh    n=2560    finite=1 absmax=0.013881     mean=-4.7126e-05  sumsq=0.02649446835      argmax=2276
[dump]   top0 idx=2276 val=0.01388
[dump]   top1 idx=2450 val=0.01244
[dump]   top2 idx=1618 val=0.01166
[dump]   top3 idx=254 val=0.01162
[dump]   top4 idx=1019 val=0.01109
[dump] L16.mout   n=2560    finite=1 absmax=0.061882     mean=-0.00030406  sumsq=0.6148478268       argmax=1455
[dump]   top0 idx=1455 val=0.06188
[dump]   top1 idx=2228 val=0.05444
[dump]   top2 idx=787 val=0.05292
[dump]   top3 idx=1801 val=0.05270
[dump]   top4 idx=138 val=0.05101
[dump] L16.moe    n=2560    finite=1 absmax=0.061882     mean=-0.00030406  sumsq=0.6148478268       argmax=1455
[dump]   top0 idx=1455 val=0.06188
[dump]   top1 idx=2228 val=0.05444
[dump]   top2 idx=787 val=0.05292
[dump]   top3 idx=1801 val=0.05270
[dump]   top4 idx=138 val=0.05101
[dump] L16.res    n=10240   finite=1 absmax=0.25708      mean=1.9662e-06   sumsq=4.899737962        argmax=9475
[dump]   top0 idx=9475 val=0.25708
[dump]   top1 idx=8362 val=0.14033
[dump]   top2 idx=9071 val=0.13844
[dump]   top3 idx=5848 val=0.13601
[dump]   top4 idx=5125 val=0.13173
[dump] L17.hcmix  n=2560    finite=1 absmax=4.1322       mean=-0.0033187   sumsq=1087.227201        argmax=1795
[dump]   top0 idx=1795 val=3.12564
[dump]   top1 idx=359 val=2.78438
[dump]   top2 idx=1253 val=2.73951
[dump]   top3 idx=1266 val=2.65963
[dump]   top4 idx=524 val=2.59438
[dump] L17.conv   n=10240   finite=1 absmax=0.93297      mean=0.0018705    sumsq=25.96598946        argmax=125
[dump]   top0 idx=125 val=0.93297
[dump]   top1 idx=5797 val=0.84042
[dump]   top2 idx=457 val=0.83063
[dump]   top3 idx=9950 val=0.81543
[dump]   top4 idx=4651 val=0.76221
[dump] L17.gnorm  n=6144    finite=1 absmax=0.3163       mean=-0.0018966   sumsq=6.030517416        argmax=2370
[dump]   top0 idx=2370 val=0.28615
[dump]   top1 idx=562 val=0.24603
[dump]   top2 idx=2417 val=0.20889
[dump]   top3 idx=307 val=0.18192
[dump]   top4 idx=4354 val=0.17181
[dump] L17.lin    n=2560    finite=1 absmax=0.18269      mean=8.0832e-05   sumsq=4.299097851        argmax=1984
[dump]   top0 idx=1984 val=0.17680
[dump]   top1 idx=1082 val=0.14613
[dump]   top2 idx=2393 val=0.14265
[dump]   top3 idx=906 val=0.14176
[dump]   top4 idx=657 val=0.14134
[dump] L17.att    n=2560    finite=1 absmax=0.18269      mean=8.0832e-05   sumsq=4.299097851        argmax=1984
[dump]   top0 idx=1984 val=0.17680
[dump]   top1 idx=1082 val=0.14613
[dump]   top2 idx=2393 val=0.14265
[dump]   top3 idx=906 val=0.14176
[dump]   top4 idx=657 val=0.14134
[dump] L17.fmix   n=2560    finite=1 absmax=2.5853       mean=-0.0069179   sumsq=1040.819496        argmax=1266
[dump]   top0 idx=1266 val=2.58534
[dump]   top1 idx=1905 val=2.36131
[dump]   top2 idx=1253 val=2.12373
[dump]   top3 idx=793 val=1.98778
[dump]   top4 idx=2160 val=1.98040
[dump] L17.mlogit n=512     finite=1 absmax=9.1171       mean=-6.359       sumsq=21201.63059        argmax=469
[dump] L17.mprob  n=512     finite=1 absmax=0.030828     mean=0.0019531    sumsq=0.007282731955     argmax=469
[dump] L17.mid    n=10      finite=1 absmax=0 mean=0 sumsq=0 ids: 469 499 136 422 84 172 209 486 267 372
[dump] L17.rlogit n=512     finite=1 absmax=9.1171       mean=-6.359       sumsq=21201.63059        argmax=469
[dump] L17.mwt    n=10      finite=1 absmax=0.15957      mean=0.1          sumsq=0.1087944781       argmax=0
[dump] L17.mgate  n=6400    finite=1 absmax=2.225        mean=-0.19573     sumsq=1663.196254        argmax=1741
[dump]   top0 idx=1741 val=2.22497
[dump]   top1 idx=315 val=1.87229
[dump]   top2 idx=431 val=1.74224
[dump]   top3 idx=2838 val=1.54318
[dump]   top4 idx=6042 val=1.51640
[dump] L17.mup    n=6400    finite=1 absmax=1.7          mean=-0.005456    sumsq=1220.139552        argmax=1350
[dump]   top0 idx=1350 val=1.69997
[dump]   top1 idx=2542 val=1.64713
[dump]   top2 idx=1202 val=1.64456
[dump]   top3 idx=4908 val=1.61052
[dump]   top4 idx=3266 val=1.59798
[dump] L17.mgu    n=6400    finite=1 absmax=1.4503       mean=-0.0011603   sumsq=67.27644288        argmax=2445
[dump]   top0 idx=2445 val=1.17384
[dump]   top1 idx=315 val=1.17014
[dump]   top2 idx=2132 val=0.93230
[dump]   top3 idx=6042 val=0.75820
[dump]   top4 idx=2998 val=0.75340
[dump] L17.mdown  n=25600   finite=1 absmax=0.16507      mean=0.00017866   sumsq=27.07057107        argmax=753
[dump]   top0 idx=753 val=0.15278
[dump]   top1 idx=1642 val=0.14059
[dump]   top2 idx=9381 val=0.13620
[dump]   top3 idx=9141 val=0.13599
[dump]   top4 idx=2066 val=0.12314
[dump] L17.msh    n=2560    finite=1 absmax=0.014668     mean=2.9422e-05   sumsq=0.01691990975      argmax=106
[dump]   top0 idx=106 val=0.00979
[dump]   top1 idx=1204 val=0.00918
[dump]   top2 idx=1795 val=0.00887
[dump]   top3 idx=1183 val=0.00866
[dump]   top4 idx=2141 val=0.00811
[dump] L17.mout   n=2560    finite=1 absmax=0.047573     mean=0.00021607   sumsq=0.3800938475       argmax=803
[dump]   top0 idx=803 val=0.04757
[dump]   top1 idx=87 val=0.04065
[dump]   top2 idx=2265 val=0.03621
[dump]   top3 idx=248 val=0.03587
[dump]   top4 idx=1266 val=0.03535
[dump] L17.moe    n=2560    finite=1 absmax=0.047573     mean=0.00021607   sumsq=0.3800938475       argmax=803
[dump]   top0 idx=803 val=0.04757
[dump]   top1 idx=87 val=0.04065
[dump]   top2 idx=2265 val=0.03621
[dump]   top3 idx=248 val=0.03587
[dump]   top4 idx=1266 val=0.03535
[dump] L17.res    n=10240   finite=1 absmax=0.25586      mean=6.8124e-05   sumsq=4.986829791        argmax=9475
[dump]   top0 idx=9475 val=0.25586
[dump]   top1 idx=9071 val=0.14164
[dump]   top2 idx=8362 val=0.13994
[dump]   top3 idx=5848 val=0.13608
[dump]   top4 idx=5125 val=0.13211
[dump] L18.hcmix  n=2560    finite=1 absmax=4.4348       mean=0.0061875    sumsq=1142.742809        argmax=1266
[dump]   top0 idx=1266 val=2.81075
[dump]   top1 idx=1253 val=2.76185
[dump]   top2 idx=2121 val=2.71637
[dump]   top3 idx=682 val=2.67416
[dump]   top4 idx=359 val=2.61490
[dump] L18.conv   n=10240   finite=1 absmax=0.72874      mean=0.00051053   sumsq=22.23171049        argmax=389
[dump]   top0 idx=389 val=0.72874
[dump]   top1 idx=371 val=0.71843
[dump]   top2 idx=95 val=0.69373
[dump]   top3 idx=30 val=0.66679
[dump]   top4 idx=9259 val=0.63541
[dump] L18.gnorm  n=6144    finite=1 absmax=0.48291      mean=0.00063573   sumsq=10.82613488        argmax=1415
[dump]   top0 idx=1415 val=0.48291
[dump]   top1 idx=3145 val=0.39166
[dump]   top2 idx=2012 val=0.31745
[dump]   top3 idx=3119 val=0.31098
[dump]   top4 idx=3660 val=0.29618
[dump] L18.lin    n=2560    finite=1 absmax=0.33565      mean=-0.00037075  sumsq=6.416203451        argmax=482
[dump]   top0 idx=482 val=0.33565
[dump]   top1 idx=1134 val=0.23059
[dump]   top2 idx=689 val=0.21800
[dump]   top3 idx=1094 val=0.18456
[dump]   top4 idx=1051 val=0.18348
[dump] L18.att    n=2560    finite=1 absmax=0.33565      mean=-0.00037075  sumsq=6.416203451        argmax=482
[dump]   top0 idx=482 val=0.33565
[dump]   top1 idx=1134 val=0.23059
[dump]   top2 idx=689 val=0.21800
[dump]   top3 idx=1094 val=0.18456
[dump]   top4 idx=1051 val=0.18348
[dump] L18.fmix   n=2560    finite=1 absmax=2.6877       mean=-0.0014705   sumsq=921.7265104        argmax=1266
[dump]   top0 idx=1266 val=2.19539
[dump]   top1 idx=2121 val=2.01408
[dump]   top2 idx=1253 val=1.99763
[dump]   top3 idx=753 val=1.75374
[dump]   top4 idx=695 val=1.70690
[dump] L18.mlogit n=512     finite=1 absmax=10.15        mean=-6.6313      sumsq=23198.88775        argmax=264
[dump] L18.mprob  n=512     finite=1 absmax=0.078013     mean=0.0019531    sumsq=0.01490399302      argmax=264
[dump] L18.mid    n=10      finite=1 absmax=0 mean=0 sumsq=0 ids: 264 184 211 501 49 370 471 50 6 42
[dump] L18.rlogit n=512     finite=1 absmax=10.15        mean=-6.6313      sumsq=23198.88775        argmax=264
[dump] L18.mwt    n=10      finite=1 absmax=0.26408      mean=0.1          sumsq=0.1386850504       argmax=0
[dump] L18.mgate  n=6400    finite=1 absmax=2.1824       mean=-0.16477     sumsq=1455.664411        argmax=100
[dump]   top0 idx=100 val=2.04041
[dump]   top1 idx=6139 val=1.94875
[dump]   top2 idx=4188 val=1.61947
[dump]   top3 idx=959 val=1.44584
[dump]   top4 idx=718 val=1.43960
[dump] L18.mup    n=6400    finite=1 absmax=1.4538       mean=-0.0017714   sumsq=1084.315181        argmax=5584
[dump]   top0 idx=5584 val=1.42789
[dump]   top1 idx=643 val=1.40884
[dump]   top2 idx=5713 val=1.35612
[dump]   top3 idx=4586 val=1.34880
[dump]   top4 idx=1674 val=1.31530
[dump] L18.mgu    n=6400    finite=1 absmax=1.1986       mean=-0.00075464  sumsq=53.6334571         argmax=100
[dump]   top0 idx=100 val=0.93869
[dump]   top1 idx=534 val=0.85290
[dump]   top2 idx=1059 val=0.83501
[dump]   top3 idx=1756 val=0.61796
[dump]   top4 idx=453 val=0.57904
[dump] L18.mdown  n=25600   finite=1 absmax=0.17123      mean=0.00031646   sumsq=22.23030728        argmax=3101
[dump]   top0 idx=3101 val=0.17123
[dump]   top1 idx=937 val=0.15587
[dump]   top2 idx=2268 val=0.13730
[dump]   top3 idx=4947 val=0.12778
[dump]   top4 idx=15127 val=0.12495
[dump] L18.msh    n=2560    finite=1 absmax=0.020319     mean=-1.8034e-05  sumsq=0.01506518177      argmax=1603
[dump]   top0 idx=1603 val=0.01267
[dump]   top1 idx=1359 val=0.01034
[dump]   top2 idx=1827 val=0.00974
[dump]   top3 idx=1662 val=0.00901
[dump]   top4 idx=2453 val=0.00844
[dump] L18.mout   n=2560    finite=1 absmax=0.048304     mean=0.00025884   sumsq=0.5014746972       argmax=287
[dump]   top0 idx=287 val=0.04575
[dump]   top1 idx=2268 val=0.04489
[dump]   top2 idx=2356 val=0.04169
[dump]   top3 idx=2383 val=0.04135
[dump]   top4 idx=1493 val=0.04129
[dump] L18.moe    n=2560    finite=1 absmax=0.048304     mean=0.00025884   sumsq=0.5014746972       argmax=287
[dump]   top0 idx=287 val=0.04575
[dump]   top1 idx=2268 val=0.04489
[dump]   top2 idx=2356 val=0.04169
[dump]   top3 idx=2383 val=0.04135
[dump]   top4 idx=1493 val=0.04129
[dump] L18.res    n=10240   finite=1 absmax=0.28185      mean=0.0001637    sumsq=5.996986815        argmax=9475
[dump]   top0 idx=9475 val=0.28185
[dump]   top1 idx=9071 val=0.15235
[dump]   top2 idx=8362 val=0.14981
[dump]   top3 idx=5848 val=0.13602
[dump]   top4 idx=5125 val=0.13204
[dump] L19.hcmix  n=2560    finite=1 absmax=1.8886       mean=0.0042446    sumsq=378.4618182        argmax=1795
[dump]   top0 idx=1795 val=1.88864
[dump]   top1 idx=482 val=1.43368
[dump]   top2 idx=1266 val=1.40912
[dump]   top3 idx=983 val=1.38527
[dump]   top4 idx=1947 val=1.37030
[dump] L19.cur    n=2560    finite=1 absmax=1.8886       mean=0.0042446    sumsq=378.4618182        argmax=1795
[dump]   top0 idx=1795 val=1.88864
[dump]   top1 idx=482 val=1.43368
[dump]   top2 idx=1266 val=1.40912
[dump]   top3 idx=983 val=1.38527
[dump]   top4 idx=1947 val=1.37030
[dump] L19.qnorm  n=6144    finite=1 absmax=8.7195       mean=0.01701      sumsq=8594.391679        argmax=2613
[dump]   top0 idx=2613 val=8.71951
[dump]   top1 idx=1845 val=7.29175
[dump]   top2 idx=1589 val=7.05617
[dump]   top3 idx=2869 val=6.75727
[dump]   top4 idx=565 val=6.59807
[dump] L19.knorm  n=512     finite=1 absmax=4.7381       mean=0.078102     sumsq=1053.781988        argmax=316
[dump] L19.vraw   n=512     finite=1 absmax=2.026        mean=-0.018906    sumsq=198.3321668        argmax=359
[dump] L19.Q      n=6144    finite=1 absmax=8.7195       mean=0.005901     sumsq=8594.391684        argmax=2613
[dump]   top0 idx=2613 val=8.71948
[dump]   top1 idx=1845 val=7.29073
[dump]   top2 idx=1589 val=7.05654
[dump]   top3 idx=2869 val=6.75665
[dump]   top4 idx=565 val=6.59699
[dump] L19.K      n=512     finite=1 absmax=4.7381       mean=0.068329     sumsq=1053.781989        argmax=316
[dump] L19.faout  n=6144    finite=1 absmax=4.6341       mean=-0.011084    sumsq=1549.109042        argmax=2809
[dump]   top0 idx=2809 val=4.63414
[dump]   top1 idx=2553 val=4.39296
[dump]   top2 idx=3065 val=4.12742
[dump]   top3 idx=249 val=3.73855
[dump]   top4 idx=1529 val=3.35200
[dump] L19.gate   n=6144    finite=1 absmax=3.4448       mean=-1.1388      sumsq=10336.41626        argmax=5397
[dump]   top0 idx=5397 val=1.11683
[dump]   top1 idx=5504 val=1.11165
[dump]   top2 idx=454 val=1.04638
[dump]   top3 idx=5439 val=1.00468
[dump]   top4 idx=425 val=0.90946
[dump] L19.gated  n=6144    finite=1 absmax=0.75203      mean=-0.0044574   sumsq=128.2403188        argmax=112
[dump]   top0 idx=112 val=0.63549
[dump]   top1 idx=368 val=0.62803
[dump]   top2 idx=5410 val=0.61363
[dump]   top3 idx=2587 val=0.60557
[dump]   top4 idx=264 val=0.60461
[dump] L19.att    n=2560    finite=1 absmax=0.41432      mean=0.0025083    sumsq=16.65126222        argmax=892
[dump]   top0 idx=892 val=0.41432
[dump]   top1 idx=1067 val=0.32412
[dump]   top2 idx=742 val=0.30272
[dump]   top3 idx=1458 val=0.28076
[dump]   top4 idx=2183 val=0.27622
[dump] L19.fmix   n=2560    finite=1 absmax=2.9695       mean=0.0053781    sumsq=1106.941117        argmax=1266
[dump]   top0 idx=1266 val=2.96953
[dump]   top1 idx=2268 val=2.17524
[dump]   top2 idx=1253 val=2.16447
[dump]   top3 idx=667 val=1.96199
[dump]   top4 idx=753 val=1.88223
[dump] L19.mlogit n=512     finite=1 absmax=9.5026       mean=-6.3107      sumsq=20988.69658        argmax=454
[dump] L19.mprob  n=512     finite=1 absmax=0.054415     mean=0.0019531    sumsq=0.0106072494       argmax=454
[dump] L19.mid    n=10      finite=1 absmax=0 mean=0 sumsq=0 ids: 454 372 377 31 192 173 162 14 103 3
[dump] L19.rlogit n=512     finite=1 absmax=9.5026       mean=-6.3107      sumsq=20988.69658        argmax=454
[dump] L19.mwt    n=10      finite=1 absmax=0.21513      mean=0.1          sumsq=0.118527722        argmax=0
[dump] L19.mgate  n=6400    finite=1 absmax=2.0879       mean=-0.2173      sumsq=1723.98723         argmax=284
[dump]   top0 idx=284 val=2.08793
[dump]   top1 idx=3193 val=1.74752
[dump]   top2 idx=6290 val=1.53443
[dump]   top3 idx=2342 val=1.51625
[dump]   top4 idx=685 val=1.50743
[dump] L19.mup    n=6400    finite=1 absmax=1.6593       mean=-0.0080399   sumsq=1216.30567         argmax=2432
[dump]   top0 idx=2432 val=1.46206
[dump]   top1 idx=302 val=1.44471
[dump]   top2 idx=2434 val=1.44348
[dump]   top3 idx=1258 val=1.43162
[dump]   top4 idx=893 val=1.42636
[dump] L19.mgu    n=6400    finite=1 absmax=1.2852       mean=-0.00017053  sumsq=58.24630637        argmax=284
[dump]   top0 idx=284 val=1.28523
[dump]   top1 idx=2342 val=1.19563
[dump]   top2 idx=146 val=1.03879
[dump]   top3 idx=240 val=0.83022
[dump]   top4 idx=3450 val=0.65247
[dump] L19.mdown  n=25600   finite=1 absmax=0.1499       mean=8.0404e-05   sumsq=21.19840612        argmax=276
[dump]   top0 idx=276 val=0.14990
[dump]   top1 idx=1266 val=0.11906
[dump]   top2 idx=206 val=0.11385
[dump]   top3 idx=2405 val=0.11270
[dump]   top4 idx=474 val=0.11121
[dump] L19.msh    n=2560    finite=1 absmax=0.0089694    mean=4.256e-05    sumsq=0.009419275161     argmax=787
[dump]   top0 idx=787 val=0.00806
[dump]   top1 idx=1488 val=0.00743
[dump]   top2 idx=1070 val=0.00727
[dump]   top3 idx=1641 val=0.00682
[dump]   top4 idx=1628 val=0.00648
[dump] L19.mout   n=2560    finite=1 absmax=0.040076     mean=-5.4679e-05  sumsq=0.3414442125       argmax=2490
[dump]   top0 idx=2490 val=0.03962
[dump]   top1 idx=276 val=0.03902
[dump]   top2 idx=1189 val=0.03432
[dump]   top3 idx=474 val=0.03358
[dump]   top4 idx=2554 val=0.03338
[dump] L19.moe    n=2560    finite=1 absmax=0.040076     mean=-5.4679e-05  sumsq=0.3414442125       argmax=2490
[dump]   top0 idx=2490 val=0.03962
[dump]   top1 idx=276 val=0.03902
[dump]   top2 idx=1189 val=0.03432
[dump]   top3 idx=474 val=0.03358
[dump]   top4 idx=2554 val=0.03338
[dump] L19.res    n=10240   finite=1 absmax=0.26905      mean=0.00022023   sumsq=6.213674802        argmax=9475
[dump]   top0 idx=9475 val=0.26905
[dump]   top1 idx=9071 val=0.15624
[dump]   top2 idx=8362 val=0.13912
[dump]   top3 idx=5848 val=0.13627
[dump]   top4 idx=8347 val=0.13513
[dump] L20.hcmix  n=2560    finite=1 absmax=3.2086       mean=0.0074436    sumsq=988.1748577        argmax=359
[dump]   top0 idx=359 val=3.18979
[dump]   top1 idx=1266 val=2.73235
[dump]   top2 idx=1795 val=2.45301
[dump]   top3 idx=1461 val=2.38055
[dump]   top4 idx=2085 val=2.16268
[dump] L20.conv   n=10240   finite=1 absmax=1.4525       mean=-0.0020923   sumsq=36.83667916        argmax=1397
[dump]   top0 idx=1397 val=1.45248
[dump]   top1 idx=1594 val=1.37329
[dump]   top2 idx=7075 val=1.10299
[dump]   top3 idx=857 val=0.87241
[dump]   top4 idx=1396 val=0.79318
[dump] L20.gnorm  n=6144    finite=1 absmax=0.577        mean=-0.011922    sumsq=50.91106039        argmax=1847
[dump]   top0 idx=1847 val=0.57638
[dump]   top1 idx=6072 val=0.50064
[dump]   top2 idx=3235 val=0.49377
[dump]   top3 idx=1917 val=0.45398
[dump]   top4 idx=4080 val=0.44874
[dump] L20.lin    n=2560    finite=1 absmax=0.52051      mean=-0.00077693  sumsq=16.4542558         argmax=1641
[dump]   top0 idx=1641 val=0.44553
[dump]   top1 idx=717 val=0.39505
[dump]   top2 idx=1580 val=0.33555
[dump]   top3 idx=2028 val=0.31655
[dump]   top4 idx=475 val=0.30697
[dump] L20.att    n=2560    finite=1 absmax=0.52051      mean=-0.00077693  sumsq=16.4542558         argmax=1641
[dump]   top0 idx=1641 val=0.44553
[dump]   top1 idx=717 val=0.39505
[dump]   top2 idx=1580 val=0.33555
[dump]   top3 idx=2028 val=0.31655
[dump]   top4 idx=475 val=0.30697
[dump] L20.fmix   n=2560    finite=1 absmax=3.2802       mean=0.0015801    sumsq=1540.957936        argmax=1266
[dump]   top0 idx=1266 val=3.28022
[dump]   top1 idx=1253 val=2.62527
[dump]   top2 idx=2113 val=2.47723
[dump]   top3 idx=147 val=2.38864
[dump]   top4 idx=276 val=2.38607
[dump] L20.mlogit n=512     finite=1 absmax=8.5836       mean=-6.2334      sumsq=20425.72385        argmax=210
[dump] L20.mprob  n=512     finite=1 absmax=0.0501       mean=0.0019531    sumsq=0.01210660655      argmax=210
[dump] L20.mid    n=10      finite=1 absmax=0 mean=0 sumsq=0 ids: 210 15 485 55 442 179 363 76 307 258
[dump] L20.rlogit n=512     finite=1 absmax=8.5836       mean=-6.2334      sumsq=20425.72385        argmax=210
[dump] L20.mwt    n=10      finite=1 absmax=0.17935      mean=0.1          sumsq=0.1226756775       argmax=0
[dump] L20.mgate  n=6400    finite=1 absmax=2.4347       mean=-0.22388     sumsq=2096.287438        argmax=4577
[dump]   top0 idx=4577 val=2.43471
[dump]   top1 idx=5327 val=1.82642
[dump]   top2 idx=5954 val=1.80866
[dump]   top3 idx=910 val=1.72667
[dump]   top4 idx=1258 val=1.66241
[dump] L20.mup    n=6400    finite=1 absmax=2.0985       mean=-0.0017158   sumsq=1665.01667         argmax=3661
[dump]   top0 idx=3661 val=2.02583
[dump]   top1 idx=2446 val=1.92783
[dump]   top2 idx=2842 val=1.91033
[dump]   top3 idx=756 val=1.88923
[dump]   top4 idx=6272 val=1.87776
[dump] L20.mgu    n=6400    finite=1 absmax=3.2611       mean=0.0023733    sumsq=106.7872537        argmax=5832
[dump]   top0 idx=5832 val=1.06495
[dump]   top1 idx=2352 val=0.97636
[dump]   top2 idx=3126 val=0.95273
[dump]   top3 idx=5808 val=0.87574
[dump]   top4 idx=5241 val=0.86432
[dump] L20.mdown  n=25600   finite=1 absmax=0.24897      mean=-0.0001359   sumsq=42.09394203        argmax=25039
[dump]   top0 idx=25039 val=0.24897
[dump]   top1 idx=23434 val=0.23962
[dump]   top2 idx=24406 val=0.21664
[dump]   top3 idx=24198 val=0.19996
[dump]   top4 idx=24547 val=0.18769
[dump] L20.msh    n=2560    finite=1 absmax=0.024351     mean=1.4275e-05   sumsq=0.05400894217      argmax=954
[dump]   top0 idx=954 val=0.01905
[dump]   top1 idx=1795 val=0.01604
[dump]   top2 idx=1021 val=0.01576
[dump]   top3 idx=2101 val=0.01573
[dump]   top4 idx=2232 val=0.01499
[dump] L20.mout   n=2560    finite=1 absmax=0.048393     mean=-8.973e-05   sumsq=0.4967796316       argmax=1400
[dump]   top0 idx=1400 val=0.04839
[dump]   top1 idx=647 val=0.04267
[dump]   top2 idx=2181 val=0.04040
[dump]   top3 idx=744 val=0.03745
[dump]   top4 idx=806 val=0.03741
[dump] L20.moe    n=2560    finite=1 absmax=0.048393     mean=-8.973e-05   sumsq=0.4967796316       argmax=1400
[dump]   top0 idx=1400 val=0.04839
[dump]   top1 idx=647 val=0.04267
[dump]   top2 idx=2181 val=0.04040
[dump]   top3 idx=744 val=0.03745
[dump]   top4 idx=806 val=0.03741
[dump] L20.res    n=10240   finite=1 absmax=0.26798      mean=0.00016258   sumsq=6.289469189        argmax=9475
[dump]   top0 idx=9475 val=0.26798
[dump]   top1 idx=8362 val=0.15319
[dump]   top2 idx=9071 val=0.15285
[dump]   top3 idx=8204 val=0.14124
[dump]   top4 idx=5848 val=0.13602
[dump] L21.hcmix  n=2560    finite=1 absmax=4.0632       mean=0.0050768    sumsq=1190.390767        argmax=359
[dump]   top0 idx=359 val=3.67813
[dump]   top1 idx=524 val=3.37473
[dump]   top2 idx=1795 val=3.10088
[dump]   top3 idx=474 val=2.57624
[dump]   top4 idx=1253 val=2.51790
[dump] L21.conv   n=10240   finite=1 absmax=1.721        mean=0.00041606   sumsq=63.62461588        argmax=15
[dump]   top0 idx=15 val=1.72097
[dump]   top1 idx=1589 val=1.51585
[dump]   top2 idx=4638 val=1.48272
[dump]   top3 idx=8840 val=1.20379
[dump]   top4 idx=9801 val=1.19190
[dump] L21.gnorm  n=6144    finite=1 absmax=0.28839      mean=-0.00082461  sumsq=2.756361797        argmax=1581
[dump]   top0 idx=1581 val=0.28839
[dump]   top1 idx=3723 val=0.18556
[dump]   top2 idx=5787 val=0.13655
[dump]   top3 idx=1494 val=0.13377
[dump]   top4 idx=5714 val=0.13319
[dump] L21.lin    n=2560    finite=1 absmax=0.24034      mean=0.0017339    sumsq=2.04420211         argmax=192
[dump]   top0 idx=192 val=0.24034
[dump]   top1 idx=951 val=0.18120
[dump]   top2 idx=993 val=0.15019
[dump]   top3 idx=728 val=0.13204
[dump]   top4 idx=2355 val=0.12979
[dump] L21.att    n=2560    finite=1 absmax=0.24034      mean=0.0017339    sumsq=2.04420211         argmax=192
[dump]   top0 idx=192 val=0.24034
[dump]   top1 idx=951 val=0.18120
[dump]   top2 idx=993 val=0.15019
[dump]   top3 idx=728 val=0.13204
[dump]   top4 idx=2355 val=0.12979
[dump] L21.fmix   n=2560    finite=1 absmax=2.8909       mean=0.014567     sumsq=1408.273036        argmax=1266
[dump]   top0 idx=1266 val=2.89091
[dump]   top1 idx=2554 val=2.54703
[dump]   top2 idx=1253 val=2.37210
[dump]   top3 idx=780 val=2.23663
[dump]   top4 idx=1763 val=2.22427
[dump] L21.mlogit n=512     finite=1 absmax=9.4914       mean=-6.4119      sumsq=21797.71355        argmax=255
[dump] L21.mprob  n=512     finite=1 absmax=0.063143     mean=0.0019531    sumsq=0.01633414989      argmax=255
[dump] L21.mid    n=10      finite=1 absmax=0 mean=0 sumsq=0 ids: 255 100 394 418 215 118 220 392 44 379
[dump] L21.rlogit n=512     finite=1 absmax=9.4914       mean=-6.4119      sumsq=21797.71355        argmax=255
[dump] L21.mwt    n=10      finite=1 absmax=0.19713      mean=0.1          sumsq=0.1324507979       argmax=0
[dump] L21.mgate  n=6400    finite=1 absmax=2.7157       mean=-0.28549     sumsq=2235.476576        argmax=4261
[dump]   top0 idx=4261 val=1.68196
[dump]   top1 idx=3294 val=1.51978
[dump]   top2 idx=30 val=1.49839
[dump]   top3 idx=5176 val=1.49368
[dump]   top4 idx=4242 val=1.46938
[dump] L21.mup    n=6400    finite=1 absmax=1.9455       mean=-0.010749    sumsq=1439.230311        argmax=1695
[dump]   top0 idx=1695 val=1.94547
[dump]   top1 idx=6388 val=1.94297
[dump]   top2 idx=1507 val=1.75487
[dump]   top3 idx=949 val=1.65392
[dump]   top4 idx=4192 val=1.60919
[dump] L21.mgu    n=6400    finite=1 absmax=1.1623       mean=0.00070248   sumsq=74.87262197        argmax=1339
[dump]   top0 idx=1339 val=0.94174
[dump]   top1 idx=781 val=0.88348
[dump]   top2 idx=3480 val=0.82803
[dump]   top3 idx=5926 val=0.77130
[dump]   top4 idx=1386 val=0.77099
[dump] L21.mdown  n=25600   finite=1 absmax=0.16997      mean=0.00018095   sumsq=28.41302405        argmax=5138
[dump]   top0 idx=5138 val=0.16005
[dump]   top1 idx=6466 val=0.14251
[dump]   top2 idx=24573 val=0.13090
[dump]   top3 idx=6055 val=0.12995
[dump]   top4 idx=7206 val=0.12728
[dump] L21.msh    n=2560    finite=1 absmax=0.015944     mean=2.0465e-05   sumsq=0.0249334187       argmax=579
[dump]   top0 idx=579 val=0.01358
[dump]   top1 idx=1882 val=0.01232
[dump]   top2 idx=403 val=0.01133
[dump]   top3 idx=2053 val=0.01098
[dump]   top4 idx=2450 val=0.01095
[dump] L21.mout   n=2560    finite=1 absmax=0.049824     mean=0.00019082   sumsq=0.4607142343       argmax=1457
[dump]   top0 idx=1457 val=0.04982
[dump]   top1 idx=1176 val=0.04407
[dump]   top2 idx=1065 val=0.04176
[dump]   top3 idx=2086 val=0.04059
[dump]   top4 idx=273 val=0.04049
[dump] L21.moe    n=2560    finite=1 absmax=0.049824     mean=0.00019082   sumsq=0.4607142343       argmax=1457
[dump]   top0 idx=1457 val=0.04982
[dump]   top1 idx=1176 val=0.04407
[dump]   top2 idx=1065 val=0.04176
[dump]   top3 idx=2086 val=0.04059
[dump]   top4 idx=273 val=0.04049
[dump] L21.res    n=10240   finite=1 absmax=0.2663       mean=0.00038733   sumsq=6.504472969        argmax=9475
[dump]   top0 idx=9475 val=0.26630
[dump]   top1 idx=8362 val=0.16357
[dump]   top2 idx=9071 val=0.14967
[dump]   top3 idx=8424 val=0.14664
[dump]   top4 idx=8933 val=0.13968
[dump] L22.hcmix  n=2560    finite=1 absmax=4.0406       mean=0.023475     sumsq=974.675743         argmax=682
[dump]   top0 idx=682 val=2.85455
[dump]   top1 idx=359 val=2.64277
[dump]   top2 idx=1500 val=2.61975
[dump]   top3 idx=747 val=2.46353
[dump]   top4 idx=524 val=2.43104
[dump] L22.conv   n=10240   finite=1 absmax=2.2827       mean=-0.00148     sumsq=47.60384309        argmax=7024
[dump]   top0 idx=7024 val=2.28267
[dump]   top1 idx=7001 val=2.14743
[dump]   top2 idx=4956 val=1.17204
[dump]   top3 idx=6579 val=1.10135
[dump]   top4 idx=6484 val=1.09723
[dump] L22.gnorm  n=6144    finite=1 absmax=1.1711       mean=0.0014415    sumsq=15.45181346        argmax=5707
[dump]   top0 idx=5707 val=1.17111
[dump]   top1 idx=3803 val=0.89410
[dump]   top2 idx=4475 val=0.60472
[dump]   top3 idx=3721 val=0.48612
[dump]   top4 idx=1597 val=0.42841
[dump] L22.lin    n=2560    finite=1 absmax=1.3811       mean=0.0012874    sumsq=19.26744596        argmax=793
[dump]   top0 idx=793 val=1.38108
[dump]   top1 idx=268 val=0.91815
[dump]   top2 idx=1500 val=0.83441
[dump]   top3 idx=728 val=0.65459
[dump]   top4 idx=951 val=0.56963
[dump] L22.att    n=2560    finite=1 absmax=1.3811       mean=0.0012874    sumsq=19.26744596        argmax=793
[dump]   top0 idx=793 val=1.38108
[dump]   top1 idx=268 val=0.91815
[dump]   top2 idx=1500 val=0.83441
[dump]   top3 idx=728 val=0.65459
[dump]   top4 idx=951 val=0.56963
[dump] L22.fmix   n=2560    finite=1 absmax=3.29         mean=0.021105     sumsq=1221.733288        argmax=780
[dump]   top0 idx=780 val=2.71820
[dump]   top1 idx=2554 val=2.50179
[dump]   top2 idx=1253 val=2.45920
[dump]   top3 idx=2338 val=2.34574
[dump]   top4 idx=1500 val=2.30021
[dump] L22.mlogit n=512     finite=1 absmax=9.1752       mean=-6.6456      sumsq=23281.71523        argmax=223
[dump] L22.mprob  n=512     finite=1 absmax=0.06372      mean=0.0019531    sumsq=0.01908005846      argmax=223
[dump] L22.mid    n=10      finite=1 absmax=0 mean=0 sumsq=0 ids: 223 81 30 345 293 41 287 205 104 196
[dump] L22.rlogit n=512     finite=1 absmax=9.1752       mean=-6.6456      sumsq=23281.71523        argmax=223
[dump] L22.mwt    n=10      finite=1 absmax=0.17412      mean=0.1          sumsq=0.1239813689       argmax=0
[dump] L22.mgate  n=6400    finite=1 absmax=2.4488       mean=-0.2489      sumsq=2008.063363        argmax=877
[dump]   top0 idx=877 val=1.70440
[dump]   top1 idx=907 val=1.69189
[dump]   top2 idx=2885 val=1.59046
[dump]   top3 idx=1077 val=1.48868
[dump]   top4 idx=1677 val=1.47103
[dump] L22.mup    n=6400    finite=1 absmax=2.0146       mean=0.0018377    sumsq=1283.012495        argmax=2226
[dump]   top0 idx=2226 val=2.01455
[dump]   top1 idx=405 val=1.79485
[dump]   top2 idx=3138 val=1.53405
[dump]   top3 idx=2752 val=1.52655
[dump]   top4 idx=3323 val=1.49068
[dump] L22.mgu    n=6400    finite=1 absmax=1.3297       mean=-0.00042124  sumsq=63.87057836        argmax=1677
[dump]   top0 idx=1677 val=0.99406
[dump]   top1 idx=3217 val=0.95507
[dump]   top2 idx=2747 val=0.71101
[dump]   top3 idx=2226 val=0.67099
[dump]   top4 idx=802 val=0.63349
[dump] L22.mdown  n=25600   finite=1 absmax=0.19337      mean=0.00039276   sumsq=25.21191296        argmax=4682
[dump]   top0 idx=4682 val=0.17146
[dump]   top1 idx=4498 val=0.13099
[dump]   top2 idx=7632 val=0.13072
[dump]   top3 idx=3376 val=0.13057
[dump]   top4 idx=3217 val=0.13050
[dump] L22.msh    n=2560    finite=1 absmax=0.026337     mean=7.346e-05    sumsq=0.02030829171      argmax=1603
[dump]   top0 idx=1603 val=0.01487
[dump]   top1 idx=1827 val=0.01455
[dump]   top2 idx=2493 val=0.01291
[dump]   top3 idx=579 val=0.01117
[dump]   top4 idx=403 val=0.01095
[dump] L22.mout   n=2560    finite=1 absmax=0.085444     mean=0.00037386   sumsq=0.483887019        argmax=816
[dump]   top0 idx=816 val=0.04782
[dump]   top1 idx=344 val=0.04477
[dump]   top2 idx=2534 val=0.04213
[dump]   top3 idx=2432 val=0.04121
[dump]   top4 idx=2264 val=0.03950
[dump] L22.moe    n=2560    finite=1 absmax=0.085444     mean=0.00037386   sumsq=0.483887019        argmax=816
[dump]   top0 idx=816 val=0.04782
[dump]   top1 idx=344 val=0.04477
[dump]   top2 idx=2534 val=0.04213
[dump]   top3 idx=2432 val=0.04121
[dump]   top4 idx=2264 val=0.03950
[dump] L22.res    n=10240   finite=1 absmax=0.35725      mean=0.00063312   sumsq=9.636799309        argmax=5913
[dump]   top0 idx=5913 val=0.35725
[dump]   top1 idx=9475 val=0.27302
[dump]   top2 idx=5848 val=0.27020
[dump]   top3 idx=6620 val=0.26020
[dump]   top4 idx=5125 val=0.21715
[dump] L23.hcmix  n=2560    finite=1 absmax=5.8192       mean=0.0038928    sumsq=85.31711304        argmax=793
[dump]   top0 idx=793 val=5.81915
[dump]   top1 idx=1500 val=2.82355
[dump]   top2 idx=951 val=1.68159
[dump]   top3 idx=1756 val=0.93273
[dump]   top4 idx=2121 val=0.89472
[dump] L23.cur    n=2560    finite=1 absmax=5.8192       mean=0.0038928    sumsq=85.31711304        argmax=793
[dump]   top0 idx=793 val=5.81915
[dump]   top1 idx=1500 val=2.82355
[dump]   top2 idx=951 val=1.68159
[dump]   top3 idx=1756 val=0.93273
[dump]   top4 idx=2121 val=0.89472
[dump] L23.qnorm  n=6144    finite=1 absmax=8.35         mean=-0.0077049   sumsq=8336.179483        argmax=5173
[dump]   top0 idx=5173 val=8.35002
[dump]   top1 idx=5685 val=7.52673
[dump]   top2 idx=3893 val=6.77337
[dump]   top3 idx=3636 val=6.17910
[dump]   top4 idx=4917 val=5.16070
[dump] L23.knorm  n=512     finite=1 absmax=7.4339       mean=0.071502     sumsq=1085.079631        argmax=281
[dump] L23.vraw   n=512     finite=1 absmax=6.5756       mean=-0.014705    sumsq=215.1761316        argmax=27
[dump] L23.Q      n=6144    finite=1 absmax=8.3496       mean=-0.021937    sumsq=8336.179497        argmax=5173
[dump]   top0 idx=5173 val=8.34959
[dump]   top1 idx=5685 val=7.52633
[dump]   top2 idx=3893 val=6.77348
[dump]   top3 idx=3636 val=6.18073
[dump]   top4 idx=4917 val=5.16040
[dump] L23.K      n=512     finite=1 absmax=7.4339       mean=0.072274     sumsq=1085.079635        argmax=281
[dump] L23.faout  n=6144    finite=1 absmax=6.7797       mean=-0.0068021   sumsq=2785.805884        argmax=2843
[dump]   top0 idx=2843 val=2.20116
[dump]   top1 idx=1819 val=2.18808
[dump]   top2 idx=283 val=2.17523
[dump]   top3 idx=1307 val=2.17480
[dump]   top4 idx=2075 val=2.12622
[dump] L23.gate   n=6144    finite=1 absmax=2.4478       mean=-0.63383     sumsq=3390.415472        argmax=550
[dump]   top0 idx=550 val=0.89221
[dump]   top1 idx=572 val=0.86108
[dump]   top2 idx=732 val=0.83921
[dump]   top3 idx=724 val=0.83647
[dump]   top4 idx=586 val=0.82879
[dump] L23.gated  n=6144    finite=1 absmax=1.2405       mean=-0.0011822   sumsq=353.6521695        argmax=648
[dump]   top0 idx=648 val=0.70283
[dump]   top1 idx=1898 val=0.67992
[dump]   top2 idx=3380 val=0.67252
[dump]   top3 idx=3124 val=0.65467
[dump]   top4 idx=4148 val=0.65288
[dump] L23.att    n=2560    finite=1 absmax=0.4579       mean=0.0041742    sumsq=15.62069894        argmax=86
[dump]   top0 idx=86 val=0.43114
[dump]   top1 idx=667 val=0.31635
[dump]   top2 idx=2517 val=0.30994
[dump]   top3 idx=616 val=0.29754
[dump]   top4 idx=1616 val=0.27294
[dump] L23.fmix   n=2560    finite=1 absmax=4.0021       mean=0.017749     sumsq=1572.883146        argmax=1266
[dump]   top0 idx=1266 val=4.00211
[dump]   top1 idx=1593 val=3.24518
[dump]   top2 idx=2338 val=2.88612
[dump]   top3 idx=474 val=2.75251
[dump]   top4 idx=2215 val=2.67388
[dump] L23.mlogit n=512     finite=1 absmax=8.7293       mean=-6.187       sumsq=19918.70579        argmax=356
[dump] L23.mprob  n=512     finite=1 absmax=0.12594      mean=0.0019531    sumsq=0.01903823117      argmax=356
[dump] L23.mid    n=10      finite=1 absmax=0 mean=0 sumsq=0 ids: 356 128 425 493 480 334 323 354 42 390
[dump] L23.rlogit n=512     finite=1 absmax=8.7293       mean=-6.187       sumsq=19918.70579        argmax=356
[dump] L23.mwt    n=10      finite=1 absmax=0.54998      mean=0.1          sumsq=0.3267597899       argmax=0
[dump] L23.mgate  n=6400    finite=1 absmax=2.0518       mean=-0.18173     sumsq=1875.645083        argmax=1945
[dump]   top0 idx=1945 val=1.83979
[dump]   top1 idx=6156 val=1.65421
[dump]   top2 idx=4560 val=1.63049
[dump]   top3 idx=5438 val=1.49152
[dump]   top4 idx=1619 val=1.41235
[dump] L23.mup    n=6400    finite=1 absmax=2.1643       mean=0.0050137    sumsq=1658.655804        argmax=3725
[dump]   top0 idx=3725 val=2.16430
[dump]   top1 idx=4860 val=1.80207
[dump]   top2 idx=3406 val=1.74162
[dump]   top3 idx=1783 val=1.55840
[dump]   top4 idx=6327 val=1.53719
[dump] L23.mgu    n=6400    finite=1 absmax=1.3311       mean=0.00054703   sumsq=93.53471259        argmax=6229
[dump]   top0 idx=6229 val=1.27779
[dump]   top1 idx=4241 val=1.05454
[dump]   top2 idx=6209 val=1.03565
[dump]   top3 idx=6107 val=0.95364
[dump]   top4 idx=6302 val=0.90748
[dump] L23.mdown  n=25600   finite=1 absmax=0.20362      mean=-7.1709e-05  sumsq=35.42218296        argmax=25211
[dump]   top0 idx=25211 val=0.20362
[dump]   top1 idx=23970 val=0.17988
[dump]   top2 idx=24008 val=0.17496
[dump]   top3 idx=24278 val=0.17419
[dump]   top4 idx=24110 val=0.17346
[dump] L23.msh    n=2560    finite=1 absmax=0.040387     mean=-7.8901e-05  sumsq=0.2087334198       argmax=720
[dump]   top0 idx=720 val=0.04039
[dump]   top1 idx=403 val=0.03728
[dump]   top2 idx=1634 val=0.03706
[dump]   top3 idx=1858 val=0.03411
[dump]   top4 idx=799 val=0.03305
[dump] L23.mout   n=2560    finite=1 absmax=0.071092     mean=-3.9335e-05  sumsq=1.150018892        argmax=359
[dump]   top0 idx=359 val=0.07109
[dump]   top1 idx=1354 val=0.06720
[dump]   top2 idx=1905 val=0.06457
[dump]   top3 idx=720 val=0.06380
[dump]   top4 idx=577 val=0.06251
[dump] L23.moe    n=2560    finite=1 absmax=0.071092     mean=-3.9335e-05  sumsq=1.150018892        argmax=359
[dump]   top0 idx=359 val=0.07109
[dump]   top1 idx=1354 val=0.06720
[dump]   top2 idx=1905 val=0.06457
[dump]   top3 idx=720 val=0.06380
[dump]   top4 idx=577 val=0.06251
[dump] L23.res    n=10240   finite=1 absmax=0.34945      mean=0.00078984   sumsq=10.08611566        argmax=5913
[dump]   top0 idx=5913 val=0.34945
[dump]   top1 idx=9475 val=0.26514
[dump]   top2 idx=5848 val=0.26489
[dump]   top3 idx=6620 val=0.26122
[dump]   top4 idx=5125 val=0.21724
[dump] L24.hcmix  n=2560    finite=1 absmax=5.0009       mean=0.037574     sumsq=962.4883334        argmax=1253
[dump]   top0 idx=1253 val=2.88300
[dump]   top1 idx=1797 val=2.49730
[dump]   top2 idx=359 val=2.49665
[dump]   top3 idx=2338 val=2.33582
[dump]   top4 idx=2097 val=2.27943
[dump] L24.conv   n=10240   finite=1 absmax=1.1867       mean=0.0020584    sumsq=34.01397642        argmax=10113
[dump]   top0 idx=10113 val=1.18670
[dump]   top1 idx=4384 val=1.14251
[dump]   top2 idx=5958 val=1.03816
[dump]   top3 idx=6322 val=1.03669
[dump]   top4 idx=8069 val=1.02177
[dump] L24.gnorm  n=6144    finite=1 absmax=0.16621      mean=0.00029164   sumsq=1.406476098        argmax=3266
[dump]   top0 idx=3266 val=0.14734
[dump]   top1 idx=5594 val=0.11403
[dump]   top2 idx=2870 val=0.11316
[dump]   top3 idx=3062 val=0.10505
[dump]   top4 idx=4432 val=0.10404
[dump] L24.lin    n=2560    finite=1 absmax=0.14488      mean=-0.000883    sumsq=1.214111488        argmax=1391
[dump]   top0 idx=1391 val=0.11433
[dump]   top1 idx=2431 val=0.08402
[dump]   top2 idx=799 val=0.08286
[dump]   top3 idx=914 val=0.08264
[dump]   top4 idx=86 val=0.07078
[dump] L24.att    n=2560    finite=1 absmax=0.14488      mean=-0.000883    sumsq=1.214111488        argmax=1391
[dump]   top0 idx=1391 val=0.11433
[dump]   top1 idx=2431 val=0.08402
[dump]   top2 idx=799 val=0.08286
[dump]   top3 idx=914 val=0.08264
[dump]   top4 idx=86 val=0.07078
[dump] L24.fmix   n=2560    finite=1 absmax=2.2905       mean=0.013555     sumsq=850.9343385        argmax=1266
[dump]   top0 idx=1266 val=2.29048
[dump]   top1 idx=744 val=2.12344
[dump]   top2 idx=1593 val=2.06425
[dump]   top3 idx=1253 val=2.05163
[dump]   top4 idx=125 val=1.93021
[dump] L24.mlogit n=512     finite=1 absmax=9.1697       mean=-6.4212      sumsq=21744.97503        argmax=175
[dump] L24.mprob  n=512     finite=1 absmax=0.036959     mean=0.0019531    sumsq=0.008722037351     argmax=175
[dump] L24.mid    n=10      finite=1 absmax=0 mean=0 sumsq=0 ids: 175 316 46 263 233 41 35 231 181 458
[dump] L24.rlogit n=512     finite=1 absmax=9.1697       mean=-6.4212      sumsq=21744.97503        argmax=175
[dump] L24.mwt    n=10      finite=1 absmax=0.16988      mean=0.1          sumsq=0.1075467328       argmax=0
[dump] L24.mgate  n=6400    finite=1 absmax=1.6115       mean=-0.26494     sumsq=1442.705664        argmax=753
[dump]   top0 idx=753 val=1.42291
[dump]   top1 idx=2162 val=1.23022
[dump]   top2 idx=955 val=1.22930
[dump]   top3 idx=5078 val=1.10840
[dump]   top4 idx=5160 val=1.06851
[dump] L24.mup    n=6400    finite=1 absmax=1.935        mean=-0.0023691   sumsq=1007.581358        argmax=753
[dump]   top0 idx=753 val=1.93503
[dump]   top1 idx=5193 val=1.50766
[dump]   top2 idx=2584 val=1.41051
[dump]   top3 idx=0 val=1.37628
[dump]   top4 idx=2975 val=1.37276
[dump] L24.mgu    n=6400    finite=1 absmax=2.2187       mean=0.0012769    sumsq=38.28789243        argmax=753
[dump]   top0 idx=753 val=2.21865
[dump]   top1 idx=4308 val=0.58220
[dump]   top2 idx=0 val=0.55683
[dump]   top3 idx=5636 val=0.49193
[dump]   top4 idx=70 val=0.46342
[dump] L24.mdown  n=25600   finite=1 absmax=0.10912      mean=-0.00017259  sumsq=15.03795062        argmax=3108
[dump]   top0 idx=3108 val=0.10644
[dump]   top1 idx=3279 val=0.10450
[dump]   top2 idx=4369 val=0.10373
[dump]   top3 idx=2973 val=0.10039
[dump]   top4 idx=3631 val=0.09492
[dump] L24.msh    n=2560    finite=1 absmax=0.015964     mean=0.00014323   sumsq=0.02008953825      argmax=288
[dump]   top0 idx=288 val=0.01596
[dump]   top1 idx=36 val=0.01276
[dump]   top2 idx=177 val=0.00954
[dump]   top3 idx=231 val=0.00946
[dump]   top4 idx=517 val=0.00928
[dump] L24.mout   n=2560    finite=1 absmax=0.037594     mean=-9.2129e-05  sumsq=0.2310955264       argmax=1595
[dump]   top0 idx=1595 val=0.03492
[dump]   top1 idx=824 val=0.02917
[dump]   top2 idx=2406 val=0.02832
[dump]   top3 idx=405 val=0.02771
[dump]   top4 idx=792 val=0.02614
[dump] L24.moe    n=2560    finite=1 absmax=0.037594     mean=-9.2129e-05  sumsq=0.2310955264       argmax=1595
[dump]   top0 idx=1595 val=0.03492
[dump]   top1 idx=824 val=0.02917
[dump]   top2 idx=2406 val=0.02832
[dump]   top3 idx=405 val=0.02771
[dump]   top4 idx=792 val=0.02614
[dump] L24.res    n=10240   finite=1 absmax=0.34931      mean=0.00050906   sumsq=11.89577966        argmax=5913
[dump]   top0 idx=5913 val=0.34931
[dump]   top1 idx=9475 val=0.31159
[dump]   top2 idx=5848 val=0.26473
[dump]   top3 idx=6620 val=0.26116
[dump]   top4 idx=5125 val=0.21727
[dump] L25.hcmix  n=2560    finite=1 absmax=4.7575       mean=0.0085961    sumsq=919.4609085        argmax=359
[dump]   top0 idx=359 val=3.07640
[dump]   top1 idx=524 val=2.86437
[dump]   top2 idx=1266 val=2.30325
[dump]   top3 idx=1795 val=2.23375
[dump]   top4 idx=1500 val=2.23020
[dump] L25.conv   n=10240   finite=1 absmax=1.3567       mean=0.00049119   sumsq=31.80872897        argmax=5528
[dump]   top0 idx=5528 val=1.35668
[dump]   top1 idx=972 val=1.07476
[dump]   top2 idx=2236 val=0.98891
[dump]   top3 idx=4296 val=0.80933
[dump]   top4 idx=7902 val=0.79842
[dump] L25.gnorm  n=6144    finite=1 absmax=0.33605      mean=-0.0018312   sumsq=12.71003201        argmax=745
[dump]   top0 idx=745 val=0.33605
[dump]   top1 idx=2292 val=0.33547
[dump]   top2 idx=5346 val=0.30620
[dump]   top3 idx=4685 val=0.25309
[dump]   top4 idx=1737 val=0.23316
[dump] L25.lin    n=2560    finite=1 absmax=0.27279      mean=-0.00016489  sumsq=7.040027374        argmax=951
[dump]   top0 idx=951 val=0.27279
[dump]   top1 idx=177 val=0.23193
[dump]   top2 idx=2045 val=0.16609
[dump]   top3 idx=993 val=0.16418
[dump]   top4 idx=681 val=0.16360
[dump] L25.att    n=2560    finite=1 absmax=0.27279      mean=-0.00016489  sumsq=7.040027374        argmax=951
[dump]   top0 idx=951 val=0.27279
[dump]   top1 idx=177 val=0.23193
[dump]   top2 idx=2045 val=0.16609
[dump]   top3 idx=993 val=0.16418
[dump]   top4 idx=681 val=0.16360
[dump] L25.fmix   n=2560    finite=1 absmax=2.0074       mean=0.0067386    sumsq=787.0030611        argmax=1266
[dump]   top0 idx=1266 val=2.00737
[dump]   top1 idx=2141 val=1.94358
[dump]   top2 idx=744 val=1.90630
[dump]   top3 idx=1593 val=1.77986
[dump]   top4 idx=2261 val=1.77831
[dump] L25.mlogit n=512     finite=1 absmax=9.2483       mean=-6.092       sumsq=19440.90029        argmax=329
[dump] L25.mprob  n=512     finite=1 absmax=0.024686     mean=0.0019531    sumsq=0.005609200597     argmax=329
[dump] L25.mid    n=10      finite=1 absmax=0 mean=0 sumsq=0 ids: 329 264 478 506 376 111 430 68 346 488
[dump] L25.rlogit n=512     finite=1 absmax=9.2483       mean=-6.092       sumsq=19440.90029        argmax=329
[dump] L25.mwt    n=10      finite=1 absmax=0.15378      mean=0.1          sumsq=0.1112249398       argmax=0
[dump] L25.mgate  n=6400    finite=1 absmax=2.1677       mean=-0.26023     sumsq=1496.635808        argmax=4743
[dump]   top0 idx=4743 val=1.83104
[dump]   top1 idx=3159 val=1.61479
[dump]   top2 idx=5716 val=1.48981
[dump]   top3 idx=3563 val=1.45943
[dump]   top4 idx=1305 val=1.41869
[dump] L25.mup    n=6400    finite=1 absmax=1.77         mean=-0.00040303  sumsq=973.067699         argmax=1622
[dump]   top0 idx=1622 val=1.52902
[dump]   top1 idx=4871 val=1.33475
[dump]   top2 idx=4884 val=1.30260
[dump]   top3 idx=4861 val=1.24966
[dump]   top4 idx=4756 val=1.24088
[dump] L25.mgu    n=6400    finite=1 absmax=1.3112       mean=-0.00020157  sumsq=44.53028365        argmax=4743
[dump]   top0 idx=4743 val=1.15728
[dump]   top1 idx=1871 val=1.14503
[dump]   top2 idx=3310 val=0.63596
[dump]   top3 idx=1344 val=0.60171
[dump]   top4 idx=3563 val=0.59075
[dump] L25.mdown  n=25600   finite=1 absmax=0.13731      mean=-0.00010387  sumsq=16.92901981        argmax=18857
[dump]   top0 idx=18857 val=0.13731
[dump]   top1 idx=11331 val=0.09738
[dump]   top2 idx=362 val=0.09596
[dump]   top3 idx=5574 val=0.09581
[dump]   top4 idx=20938 val=0.09574
[dump] L25.msh    n=2560    finite=1 absmax=0.012058     mean=5.5125e-06   sumsq=0.01798328449      argmax=579
[dump]   top0 idx=579 val=0.01109
[dump]   top1 idx=722 val=0.00986
[dump]   top2 idx=105 val=0.00948
[dump]   top3 idx=2161 val=0.00925
[dump]   top4 idx=796 val=0.00919
[dump] L25.mout   n=2560    finite=1 absmax=0.031744     mean=-8.2237e-05  sumsq=0.2331337798       argmax=934
[dump]   top0 idx=934 val=0.02987
[dump]   top1 idx=990 val=0.02927
[dump]   top2 idx=1409 val=0.02804
[dump]   top3 idx=188 val=0.02795
[dump]   top4 idx=362 val=0.02596
[dump] L25.moe    n=2560    finite=1 absmax=0.031744     mean=-8.2237e-05  sumsq=0.2331337798       argmax=934
[dump]   top0 idx=934 val=0.02987
[dump]   top1 idx=990 val=0.02927
[dump]   top2 idx=1409 val=0.02804
[dump]   top3 idx=188 val=0.02795
[dump]   top4 idx=362 val=0.02596
[dump] L25.res    n=10240   finite=1 absmax=0.34909      mean=0.00044549   sumsq=12.39230739        argmax=5913
[dump]   top0 idx=5913 val=0.34909
[dump]   top1 idx=9475 val=0.31158
[dump]   top2 idx=5848 val=0.26377
[dump]   top3 idx=6620 val=0.26146
[dump]   top4 idx=5125 val=0.21676
[dump] L26.hcmix  n=2560    finite=1 absmax=5.3424       mean=0.0049455    sumsq=1045.785425        argmax=359
[dump]   top0 idx=359 val=2.48961
[dump]   top1 idx=524 val=2.48476
[dump]   top2 idx=682 val=2.26908
[dump]   top3 idx=957 val=2.12220
[dump]   top4 idx=1795 val=2.07969
[dump] L26.conv   n=10240   finite=1 absmax=2.0844       mean=-0.00061649  sumsq=41.86878277        argmax=4479
[dump]   top0 idx=4479 val=2.08437
[dump]   top1 idx=6606 val=1.70668
[dump]   top2 idx=9717 val=1.02814
[dump]   top3 idx=268 val=0.62773
[dump]   top4 idx=7360 val=0.62434
[dump] L26.gnorm  n=6144    finite=1 absmax=0.81394      mean=-0.00094496  sumsq=22.06471277        argmax=89
[dump]   top0 idx=89 val=0.81394
[dump]   top1 idx=3555 val=0.55670
[dump]   top2 idx=107 val=0.46886
[dump]   top3 idx=62 val=0.43733
[dump]   top4 idx=3611 val=0.37894
[dump] L26.lin    n=2560    finite=1 absmax=0.23231      mean=-0.0004661   sumsq=10.66552526        argmax=1377
[dump]   top0 idx=1377 val=0.23231
[dump]   top1 idx=816 val=0.23011
[dump]   top2 idx=728 val=0.22368
[dump]   top3 idx=2092 val=0.20920
[dump]   top4 idx=1981 val=0.20056
[dump] L26.att    n=2560    finite=1 absmax=0.23231      mean=-0.0004661   sumsq=10.66552526        argmax=1377
[dump]   top0 idx=1377 val=0.23231
[dump]   top1 idx=816 val=0.23011
[dump]   top2 idx=728 val=0.22368
[dump]   top3 idx=2092 val=0.20920
[dump]   top4 idx=1981 val=0.20056
[dump] L26.fmix   n=2560    finite=1 absmax=2.1291       mean=-1.9164e-05  sumsq=719.2864914        argmax=1500
[dump]   top0 idx=1500 val=2.12915
[dump]   top1 idx=746 val=1.83166
[dump]   top2 idx=2261 val=1.66289
[dump]   top3 idx=973 val=1.57325
[dump]   top4 idx=110 val=1.54903
[dump] L26.mlogit n=512     finite=1 absmax=9.7889       mean=-6.4379      sumsq=21982.79384        argmax=461
[dump] L26.mprob  n=512     finite=1 absmax=0.064329     mean=0.0019531    sumsq=0.01242839379      argmax=461
[dump] L26.mid    n=10      finite=1 absmax=0 mean=0 sumsq=0 ids: 461 313 384 9 417 355 370 296 97 330
[dump] L26.rlogit n=512     finite=1 absmax=9.7889       mean=-6.4379      sumsq=21982.79384        argmax=461
[dump] L26.mwt    n=10      finite=1 absmax=0.23666      mean=0.1          sumsq=0.1230982671       argmax=0
[dump] L26.mgate  n=6400    finite=1 absmax=2.0229       mean=-0.28686     sumsq=1544.836743        argmax=655
[dump]   top0 idx=655 val=1.80573
[dump]   top1 idx=6021 val=1.69045
[dump]   top2 idx=117 val=1.42440
[dump]   top3 idx=2131 val=1.26076
[dump]   top4 idx=4467 val=1.21240
[dump] L26.mup    n=6400    finite=1 absmax=1.4552       mean=-0.0022912   sumsq=937.0305146        argmax=5721
[dump]   top0 idx=5721 val=1.45518
[dump]   top1 idx=5200 val=1.29800
[dump]   top2 idx=4258 val=1.25110
[dump]   top3 idx=757 val=1.20408
[dump]   top4 idx=4535 val=1.19594
[dump] L26.mgu    n=6400    finite=1 absmax=1.1056       mean=-0.00050907  sumsq=36.42053427        argmax=117
[dump]   top0 idx=117 val=1.10562
[dump]   top1 idx=5316 val=0.90704
[dump]   top2 idx=2131 val=0.89877
[dump]   top3 idx=655 val=0.70872
[dump]   top4 idx=6021 val=0.69700
[dump] L26.mdown  n=25600   finite=1 absmax=0.12516      mean=-0.00013696  sumsq=14.36104694        argmax=8972
[dump]   top0 idx=8972 val=0.12516
[dump]   top1 idx=4678 val=0.09794
[dump]   top2 idx=18892 val=0.09502
[dump]   top3 idx=3550 val=0.09402
[dump]   top4 idx=23299 val=0.09302
[dump] L26.msh    n=2560    finite=1 absmax=0.018083     mean=-3.5993e-05  sumsq=0.01010991862      argmax=722
[dump]   top0 idx=722 val=0.00820
[dump]   top1 idx=667 val=0.00816
[dump]   top2 idx=1603 val=0.00808
[dump]   top3 idx=579 val=0.00798
[dump]   top4 idx=2179 val=0.00697
[dump] L26.mout   n=2560    finite=1 absmax=0.034556     mean=-3.1589e-05  sumsq=0.2284422586       argmax=1465
[dump]   top0 idx=1465 val=0.03084
[dump]   top1 idx=359 val=0.02895
[dump]   top2 idx=2137 val=0.02794
[dump]   top3 idx=2146 val=0.02790
[dump]   top4 idx=792 val=0.02753
[dump] L26.moe    n=2560    finite=1 absmax=0.034556     mean=-3.1589e-05  sumsq=0.2284422586       argmax=1465
[dump]   top0 idx=1465 val=0.03084
[dump]   top1 idx=359 val=0.02895
[dump]   top2 idx=2137 val=0.02794
[dump]   top3 idx=2146 val=0.02790
[dump]   top4 idx=792 val=0.02753
[dump] L26.res    n=10240   finite=1 absmax=0.34914      mean=0.00038189   sumsq=13.81525368        argmax=5913
[dump]   top0 idx=5913 val=0.34914
[dump]   top1 idx=9475 val=0.29663
[dump]   top2 idx=5848 val=0.26374
[dump]   top3 idx=6620 val=0.26158
[dump]   top4 idx=8204 val=0.22258
[dump] L27.hcmix  n=2560    finite=1 absmax=2.958        mean=0.0016732    sumsq=322.6275841        argmax=793
[dump]   top0 idx=793 val=2.95803
[dump]   top1 idx=728 val=2.52045
[dump]   top2 idx=951 val=2.47057
[dump]   top3 idx=5 val=2.37101
[dump]   top4 idx=2238 val=2.30159
[dump] L27.cur    n=2560    finite=1 absmax=2.958        mean=0.0016732    sumsq=322.6275841        argmax=793
[dump]   top0 idx=793 val=2.95803
[dump]   top1 idx=728 val=2.52045
[dump]   top2 idx=951 val=2.47057
[dump]   top3 idx=5 val=2.37101
[dump]   top4 idx=2238 val=2.30159
[dump] L27.qnorm  n=6144    finite=1 absmax=10.91        mean=-0.04631     sumsq=7985.880259        argmax=2618
[dump]   top0 idx=2618 val=6.01345
[dump]   top1 idx=4634 val=4.16494
[dump]   top2 idx=4355 val=4.12248
[dump]   top3 idx=3081 val=3.95941
[dump]   top4 idx=3849 val=3.76125
[dump] L27.knorm  n=512     finite=1 absmax=6.4468       mean=-0.0064669   sumsq=1137.862673        argmax=282
[dump] L27.vraw   n=512     finite=1 absmax=2.9645       mean=0.011313     sumsq=229.3587053        argmax=146
[dump] L27.Q      n=6144    finite=1 absmax=10.456       mean=-0.0065161   sumsq=7985.88026         argmax=5376
[dump]   top0 idx=5376 val=10.45558
[dump]   top1 idx=512 val=9.14977
[dump]   top2 idx=3584 val=8.64372
[dump]   top3 idx=4096 val=7.55278
[dump]   top4 idx=2048 val=6.80878
[dump] L27.K      n=512     finite=1 absmax=6.4466       mean=-0.0048703   sumsq=1137.862675        argmax=282
[dump] L27.faout  n=6144    finite=1 absmax=10.414       mean=-0.017988    sumsq=2282.842728        argmax=2450
[dump]   top0 idx=2450 val=2.81559
[dump]   top1 idx=1426 val=2.76589
[dump]   top2 idx=402 val=2.72044
[dump]   top3 idx=658 val=2.69168
[dump]   top4 idx=1938 val=2.67657
[dump] L27.gate   n=6144    finite=1 absmax=4.2326       mean=-1.0575      sumsq=8619.877276        argmax=1338
[dump]   top0 idx=1338 val=1.31134
[dump]   top1 idx=1348 val=1.10901
[dump]   top2 idx=1393 val=1.04051
[dump]   top3 idx=1449 val=0.96424
[dump]   top4 idx=1354 val=0.96228
[dump] L27.gated  n=6144    finite=1 absmax=0.75884      mean=-0.0037896   sumsq=164.4026281        argmax=3193
[dump]   top0 idx=3193 val=0.75884
[dump]   top1 idx=2144 val=0.73772
[dump]   top2 idx=1426 val=0.73002
[dump]   top3 idx=4104 val=0.72717
[dump]   top4 idx=1307 val=0.71336
[dump] L27.att    n=2560    finite=1 absmax=0.29663      mean=0.0013211    sumsq=14.66099585        argmax=711
[dump]   top0 idx=711 val=0.26931
[dump]   top1 idx=1319 val=0.26630
[dump]   top2 idx=724 val=0.26530
[dump]   top3 idx=892 val=0.25517
[dump]   top4 idx=2106 val=0.24990
[dump] L27.fmix   n=2560    finite=1 absmax=2.6985       mean=0.0021242    sumsq=796.8266135        argmax=1500
[dump]   top0 idx=1500 val=2.69848
[dump]   top1 idx=751 val=1.88698
[dump]   top2 idx=2453 val=1.71182
[dump]   top3 idx=1605 val=1.66195
[dump]   top4 idx=816 val=1.65999
[dump] L27.mlogit n=512     finite=1 absmax=9.1859       mean=-6.2348      sumsq=20442.72117        argmax=430
[dump] L27.mprob  n=512     finite=1 absmax=0.035706     mean=0.0019531    sumsq=0.007292558088     argmax=430
[dump] L27.mid    n=10      finite=1 absmax=0 mean=0 sumsq=0 ids: 430 166 350 323 250 98 58 508 97 273
[dump] L27.rlogit n=512     finite=1 absmax=9.1859       mean=-6.2348      sumsq=20442.72117        argmax=430
[dump] L27.mwt    n=10      finite=1 absmax=0.18028      mean=0.1          sumsq=0.1119384187       argmax=0
[dump] L27.mgate  n=6400    finite=1 absmax=1.7438       mean=-0.24257     sumsq=1340.993423        argmax=4427
[dump]   top0 idx=4427 val=1.29950
[dump]   top1 idx=6031 val=1.24924
[dump]   top2 idx=1547 val=1.20107
[dump]   top3 idx=570 val=1.13923
[dump]   top4 idx=2816 val=1.13655
[dump] L27.mup    n=6400    finite=1 absmax=2.0374       mean=-0.007473    sumsq=974.1931096        argmax=1974
[dump]   top0 idx=1974 val=1.81023
[dump]   top1 idx=1892 val=1.23666
[dump]   top2 idx=6332 val=1.20954
[dump]   top3 idx=1159 val=1.20921
[dump]   top4 idx=3316 val=1.20872
[dump] L27.mgu    n=6400    finite=1 absmax=1.338        mean=0.00046733   sumsq=34.82738504        argmax=1974
[dump]   top0 idx=1974 val=1.33802
[dump]   top1 idx=2902 val=0.56839
[dump]   top2 idx=949 val=0.49349
[dump]   top3 idx=2185 val=0.43410
[dump]   top4 idx=1418 val=0.42146
[dump] L27.mdown  n=25600   finite=1 absmax=0.098243     mean=0.00022582   sumsq=12.56251568        argmax=17250
[dump]   top0 idx=17250 val=0.09219
[dump]   top1 idx=10179 val=0.09153
[dump]   top2 idx=8783 val=0.08863
[dump]   top3 idx=5605 val=0.08230
[dump]   top4 idx=23218 val=0.08059
[dump] L27.msh    n=2560    finite=1 absmax=0.0076241    mean=2.7898e-05   sumsq=0.008819367955     argmax=251
[dump]   top0 idx=251 val=0.00762
[dump]   top1 idx=1096 val=0.00740
[dump]   top2 idx=85 val=0.00687
[dump]   top3 idx=1023 val=0.00647
[dump]   top4 idx=2529 val=0.00602
[dump] L27.mout   n=2560    finite=1 absmax=0.031126     mean=0.00024093   sumsq=0.162404714        argmax=2530
[dump]   top0 idx=2530 val=0.03113
[dump]   top1 idx=44 val=0.03033
[dump]   top2 idx=1253 val=0.03000
[dump]   top3 idx=549 val=0.02687
[dump]   top4 idx=441 val=0.02482
[dump] L27.moe    n=2560    finite=1 absmax=0.031126     mean=0.00024093   sumsq=0.162404714        argmax=2530
[dump]   top0 idx=2530 val=0.03113
[dump]   top1 idx=44 val=0.03033
[dump]   top2 idx=1253 val=0.03000
[dump]   top3 idx=549 val=0.02687
[dump]   top4 idx=441 val=0.02482
[dump] L27.res    n=10240   finite=1 absmax=0.34914      mean=0.00065367   sumsq=14.23451196        argmax=5913
[dump]   top0 idx=5913 val=0.34914
[dump]   top1 idx=9475 val=0.29965
[dump]   top2 idx=5848 val=0.26374
[dump]   top3 idx=6620 val=0.26158
[dump]   top4 idx=8204 val=0.22756
[dump] L28.hcmix  n=2560    finite=1 absmax=4.9827       mean=0.0099176    sumsq=1051.898565        argmax=1500
[dump]   top0 idx=1500 val=4.18950
[dump]   top1 idx=359 val=3.23851
[dump]   top2 idx=524 val=2.62972
[dump]   top3 idx=2085 val=2.36936
[dump]   top4 idx=1253 val=2.25887
[dump] L28.conv   n=10240   finite=1 absmax=1.0305       mean=-0.0025177   sumsq=30.10652403        argmax=8559
[dump]   top0 idx=8559 val=1.03046
[dump]   top1 idx=6464 val=0.94951
[dump]   top2 idx=7758 val=0.79538
[dump]   top3 idx=33 val=0.72508
[dump]   top4 idx=5720 val=0.70351
[dump] L28.gnorm  n=6144    finite=1 absmax=0.55581      mean=-0.0023817   sumsq=15.0212108         argmax=1184
[dump]   top0 idx=1184 val=0.52878
[dump]   top1 idx=2690 val=0.45536
[dump]   top2 idx=2708 val=0.42982
[dump]   top3 idx=2725 val=0.30159
[dump]   top4 idx=1619 val=0.28874
[dump] L28.lin    n=2560    finite=1 absmax=0.23323      mean=-0.0021298   sumsq=9.586891676        argmax=200
[dump]   top0 idx=200 val=0.23323
[dump]   top1 idx=1756 val=0.19513
[dump]   top2 idx=490 val=0.18819
[dump]   top3 idx=2223 val=0.18708
[dump]   top4 idx=1246 val=0.18495
[dump] L28.att    n=2560    finite=1 absmax=0.23323      mean=-0.0021298   sumsq=9.586891676        argmax=200
[dump]   top0 idx=200 val=0.23323
[dump]   top1 idx=1756 val=0.19513
[dump]   top2 idx=490 val=0.18819
[dump]   top3 idx=2223 val=0.18708
[dump]   top4 idx=1246 val=0.18495
[dump] L28.fmix   n=2560    finite=1 absmax=2.5098       mean=0.0035444    sumsq=917.0771782        argmax=1500
[dump]   top0 idx=1500 val=2.50984
[dump]   top1 idx=549 val=1.96232
[dump]   top2 idx=1253 val=1.96019
[dump]   top3 idx=2431 val=1.89436
[dump]   top4 idx=2261 val=1.79443
[dump] L28.mlogit n=512     finite=1 absmax=9.9469       mean=-6.4396      sumsq=21957.00903        argmax=392
[dump] L28.mprob  n=512     finite=1 absmax=0.03843      mean=0.0019531    sumsq=0.008570077584     argmax=392
[dump] L28.mid    n=10      finite=1 absmax=0 mean=0 sumsq=0 ids: 392 9 421 390 297 277 139 471 433 172
[dump] L28.rlogit n=512     finite=1 absmax=9.9469       mean=-6.4396      sumsq=21957.00903        argmax=392
[dump] L28.mwt    n=10      finite=1 absmax=0.17626      mean=0.1          sumsq=0.1149344714       argmax=0
[dump] L28.mgate  n=6400    finite=1 absmax=2.1702       mean=-0.2229      sumsq=1562.406031        argmax=2289
[dump]   top0 idx=2289 val=1.94837
[dump]   top1 idx=4033 val=1.59557
[dump]   top2 idx=1233 val=1.45275
[dump]   top3 idx=712 val=1.37400
[dump]   top4 idx=738 val=1.26614
[dump] L28.mup    n=6400    finite=1 absmax=1.9154       mean=0.00078335   sumsq=1162.216165        argmax=664
[dump]   top0 idx=664 val=1.86681
[dump]   top1 idx=511 val=1.80174
[dump]   top2 idx=4828 val=1.54564
[dump]   top3 idx=3685 val=1.43744
[dump]   top4 idx=654 val=1.39445
[dump] L28.mgu    n=6400    finite=1 absmax=2.1002       mean=-0.00046674  sumsq=54.92055517        argmax=664
[dump]   top0 idx=664 val=1.18974
[dump]   top1 idx=6235 val=0.76432
[dump]   top2 idx=3442 val=0.71477
[dump]   top3 idx=511 val=0.71075
[dump]   top4 idx=356 val=0.68693
[dump] L28.mdown  n=25600   finite=1 absmax=0.17713      mean=4.2634e-05   sumsq=21.87615499        argmax=4731
[dump]   top0 idx=4731 val=0.17713
[dump]   top1 idx=3939 val=0.13043
[dump]   top2 idx=2945 val=0.12994
[dump]   top3 idx=7628 val=0.12912
[dump]   top4 idx=3949 val=0.12669
[dump] L28.msh    n=2560    finite=1 absmax=0.017496     mean=2.0984e-05   sumsq=0.02024982253      argmax=667
[dump]   top0 idx=667 val=0.01384
[dump]   top1 idx=1942 val=0.01235
[dump]   top2 idx=1658 val=0.01212
[dump]   top3 idx=579 val=0.01145
[dump]   top4 idx=1795 val=0.01128
[dump] L28.mout   n=2560    finite=1 absmax=0.04276      mean=-5.3257e-05  sumsq=0.3417205883       argmax=558
[dump]   top0 idx=558 val=0.04188
[dump]   top1 idx=1632 val=0.04050
[dump]   top2 idx=1176 val=0.03808
[dump]   top3 idx=700 val=0.03786
[dump]   top4 idx=1841 val=0.03697
[dump] L28.moe    n=2560    finite=1 absmax=0.04276      mean=-5.3257e-05  sumsq=0.3417205883       argmax=558
[dump]   top0 idx=558 val=0.04188
[dump]   top1 idx=1632 val=0.04050
[dump]   top2 idx=1176 val=0.03808
[dump]   top3 idx=700 val=0.03786
[dump]   top4 idx=1841 val=0.03697
[dump] L28.res    n=10240   finite=1 absmax=0.34828      mean=0.00040353   sumsq=17.58250486        argmax=5913
[dump]   top0 idx=5913 val=0.34828
[dump]   top1 idx=9475 val=0.33455
[dump]   top2 idx=5848 val=0.26347
[dump]   top3 idx=6620 val=0.26208
[dump]   top4 idx=8204 val=0.23789
[dump] L29.hcmix  n=2560    finite=1 absmax=5.5206       mean=0.0051133    sumsq=1162.484964        argmax=1500
[dump]   top0 idx=1500 val=3.81608
[dump]   top1 idx=2085 val=2.74756
[dump]   top2 idx=524 val=2.54859
[dump]   top3 idx=200 val=2.33268
[dump]   top4 idx=1253 val=2.32469
[dump] L29.conv   n=10240   finite=1 absmax=1.3432       mean=0.0026939    sumsq=34.85440315        argmax=585
[dump]   top0 idx=585 val=1.34315
[dump]   top1 idx=7006 val=1.05850
[dump]   top2 idx=4164 val=1.03786
[dump]   top3 idx=6733 val=0.89965
[dump]   top4 idx=8734 val=0.89934
[dump] L29.gnorm  n=6144    finite=1 absmax=0.29183      mean=-0.00024889  sumsq=3.18241313         argmax=583
[dump]   top0 idx=583 val=0.29183
[dump]   top1 idx=1335 val=0.21650
[dump]   top2 idx=2657 val=0.17069
[dump]   top3 idx=659 val=0.16379
[dump]   top4 idx=1196 val=0.14234
[dump] L29.lin    n=2560    finite=1 absmax=0.11135      mean=-0.00032202  sumsq=1.637602914        argmax=1736
[dump]   top0 idx=1736 val=0.10696
[dump]   top1 idx=1795 val=0.10585
[dump]   top2 idx=295 val=0.09540
[dump]   top3 idx=1812 val=0.07856
[dump]   top4 idx=358 val=0.07837
[dump] L29.att    n=2560    finite=1 absmax=0.11135      mean=-0.00032202  sumsq=1.637602914        argmax=1736
[dump]   top0 idx=1736 val=0.10696
[dump]   top1 idx=1795 val=0.10585
[dump]   top2 idx=295 val=0.09540
[dump]   top3 idx=1812 val=0.07856
[dump]   top4 idx=358 val=0.07837
[dump] L29.fmix   n=2560    finite=1 absmax=2.0609       mean=-0.0020536   sumsq=970.6177113        argmax=549
[dump]   top0 idx=549 val=2.02343
[dump]   top1 idx=2261 val=2.00866
[dump]   top2 idx=200 val=1.99594
[dump]   top3 idx=1905 val=1.83457
[dump]   top4 idx=2453 val=1.83033
[dump] L29.mlogit n=512     finite=1 absmax=9.7475       mean=-6.5582      sumsq=22844.53925        argmax=387
[dump] L29.mprob  n=512     finite=1 absmax=0.06953      mean=0.0019531    sumsq=0.01275693792      argmax=387
[dump] L29.mid    n=10      finite=1 absmax=0 mean=0 sumsq=0 ids: 387 290 385 273 93 148 330 209 381 463
[dump] L29.rlogit n=512     finite=1 absmax=9.7475       mean=-6.5582      sumsq=22844.53925        argmax=387
[dump] L29.mwt    n=10      finite=1 absmax=0.25594      mean=0.1          sumsq=0.1290439613       argmax=0
[dump] L29.mgate  n=6400    finite=1 absmax=2.2261       mean=-0.26014     sumsq=1708.293683        argmax=5264
[dump]   top0 idx=5264 val=1.67584
[dump]   top1 idx=782 val=1.50564
[dump]   top2 idx=1935 val=1.32629
[dump]   top3 idx=3444 val=1.30320
[dump]   top4 idx=5739 val=1.23083
[dump] L29.mup    n=6400    finite=1 absmax=2.0166       mean=0.013879     sumsq=1304.258426        argmax=628
[dump]   top0 idx=628 val=1.78509
[dump]   top1 idx=503 val=1.61335
[dump]   top2 idx=478 val=1.60611
[dump]   top3 idx=4737 val=1.59843
[dump]   top4 idx=4799 val=1.55501
[dump] L29.mgu    n=6400    finite=1 absmax=0.90344      mean=-0.00090426  sumsq=55.33028477        argmax=3444
[dump]   top0 idx=3444 val=0.87189
[dump]   top1 idx=4799 val=0.77989
[dump]   top2 idx=5377 val=0.69486
[dump]   top3 idx=4169 val=0.69364
[dump]   top4 idx=5739 val=0.68022
[dump] L29.mdown  n=25600   finite=1 absmax=0.1641       mean=-1.6793e-05  sumsq=22.74071857        argmax=22702
[dump]   top0 idx=22702 val=0.15595
[dump]   top1 idx=22227 val=0.12920
[dump]   top2 idx=20972 val=0.12526
[dump]   top3 idx=22910 val=0.12424
[dump]   top4 idx=16502 val=0.12242
[dump] L29.msh    n=2560    finite=1 absmax=0.020032     mean=0.00014624   sumsq=0.0161564414       argmax=1923
[dump]   top0 idx=1923 val=0.02003
[dump]   top1 idx=2194 val=0.00941
[dump]   top2 idx=1653 val=0.00902
[dump]   top3 idx=1788 val=0.00901
[dump]   top4 idx=1318 val=0.00869
[dump] L29.mout   n=2560    finite=1 absmax=0.043324     mean=0.00011815   sumsq=0.359031743        argmax=2450
[dump]   top0 idx=2450 val=0.04332
[dump]   top1 idx=527 val=0.04279
[dump]   top2 idx=980 val=0.04242
[dump]   top3 idx=485 val=0.04095
[dump]   top4 idx=655 val=0.04064
[dump] L29.moe    n=2560    finite=1 absmax=0.043324     mean=0.00011815   sumsq=0.359031743        argmax=2450
[dump]   top0 idx=2450 val=0.04332
[dump]   top1 idx=527 val=0.04279
[dump]   top2 idx=980 val=0.04242
[dump]   top3 idx=485 val=0.04095
[dump]   top4 idx=655 val=0.04064
[dump] L29.res    n=10240   finite=1 absmax=0.34828      mean=0.00045432   sumsq=20.01045235        argmax=5913
[dump]   top0 idx=5913 val=0.34828
[dump]   top1 idx=9475 val=0.34468
[dump]   top2 idx=5848 val=0.26347
[dump]   top3 idx=6620 val=0.26208
[dump]   top4 idx=8204 val=0.24568
[dump] L30.hcmix  n=2560    finite=1 absmax=4.3151       mean=0.0060662    sumsq=949.4539454        argmax=2085
[dump]   top0 idx=2085 val=2.98405
[dump]   top1 idx=359 val=2.77323
[dump]   top2 idx=524 val=2.23194
[dump]   top3 idx=1500 val=2.18477
[dump]   top4 idx=1795 val=2.12247
[dump] L30.conv   n=10240   finite=1 absmax=1.009        mean=0.00014048   sumsq=37.14762298        argmax=760
[dump]   top0 idx=760 val=1.00902
[dump]   top1 idx=5269 val=1.00291
[dump]   top2 idx=9937 val=0.98335
[dump]   top3 idx=7848 val=0.90269
[dump]   top4 idx=66 val=0.86322
[dump] L30.gnorm  n=6144    finite=1 absmax=0.7265       mean=0.0012703    sumsq=16.7422269         argmax=5533
[dump]   top0 idx=5533 val=0.72650
[dump]   top1 idx=5574 val=0.41123
[dump]   top2 idx=1968 val=0.40780
[dump]   top3 idx=1221 val=0.37212
[dump]   top4 idx=1199 val=0.33373
[dump] L30.lin    n=2560    finite=1 absmax=0.29453      mean=-0.00083166  sumsq=10.07213421        argmax=482
[dump]   top0 idx=482 val=0.25385
[dump]   top1 idx=2502 val=0.24951
[dump]   top2 idx=993 val=0.24165
[dump]   top3 idx=360 val=0.21916
[dump]   top4 idx=2374 val=0.20394
[dump] L30.att    n=2560    finite=1 absmax=0.29453      mean=-0.00083166  sumsq=10.07213421        argmax=482
[dump]   top0 idx=482 val=0.25385
[dump]   top1 idx=2502 val=0.24951
[dump]   top2 idx=993 val=0.24165
[dump]   top3 idx=360 val=0.21916
[dump]   top4 idx=2374 val=0.20394
[dump] L30.fmix   n=2560    finite=1 absmax=2.7548       mean=-0.0020218   sumsq=1223.223057        argmax=2085
[dump]   top0 idx=2085 val=2.75478
[dump]   top1 idx=1500 val=2.32190
[dump]   top2 idx=2264 val=2.06706
[dump]   top3 idx=2261 val=2.06308
[dump]   top4 idx=2453 val=1.96044
[dump] L30.mlogit n=512     finite=1 absmax=10.534       mean=-6.3578      sumsq=21386.60207        argmax=506
[dump] L30.mprob  n=512     finite=1 absmax=0.039218     mean=0.0019531    sumsq=0.007685832591     argmax=506
[dump] L30.mid    n=10      finite=1 absmax=0 mean=0 sumsq=0 ids: 506 14 86 398 284 11 326 409 112 473
[dump] L30.rlogit n=512     finite=1 absmax=10.534       mean=-6.3578      sumsq=21386.60207        argmax=506
[dump] L30.mwt    n=10      finite=1 absmax=0.20071      mean=0.1          sumsq=0.1155513289       argmax=0
[dump] L30.mgate  n=6400    finite=1 absmax=2.5802       mean=-0.31938     sumsq=2256.390552        argmax=1581
[dump]   top0 idx=1581 val=2.09263
[dump]   top1 idx=2672 val=1.71877
[dump]   top2 idx=6001 val=1.69066
[dump]   top3 idx=2394 val=1.68713
[dump]   top4 idx=3507 val=1.63980
[dump] L30.mup    n=6400    finite=1 absmax=2.0695       mean=-0.0023449   sumsq=1740.333013        argmax=1480
[dump]   top0 idx=1480 val=2.06950
[dump]   top1 idx=1731 val=1.98297
[dump]   top2 idx=1535 val=1.86782
[dump]   top3 idx=5983 val=1.62692
[dump]   top4 idx=5153 val=1.62069
[dump] L30.mgu    n=6400    finite=1 absmax=1.8696       mean=-0.0021491   sumsq=94.83353096        argmax=5153
[dump]   top0 idx=5153 val=1.61697
[dump]   top1 idx=3009 val=1.01924
[dump]   top2 idx=1286 val=1.01156
[dump]   top3 idx=2394 val=0.90736
[dump]   top4 idx=663 val=0.87207
[dump] L30.mdown  n=25600   finite=1 absmax=0.18958      mean=-0.00025941  sumsq=39.8826795         argmax=6605
[dump]   top0 idx=6605 val=0.18449
[dump]   top1 idx=5239 val=0.17830
[dump]   top2 idx=7385 val=0.17358
[dump]   top3 idx=4185 val=0.15931
[dump]   top4 idx=6405 val=0.15757
[dump] L30.msh    n=2560    finite=1 absmax=0.014378     mean=6.1309e-05   sumsq=0.02213393322      argmax=1603
[dump]   top0 idx=1603 val=0.01430
[dump]   top1 idx=1827 val=0.01040
[dump]   top2 idx=36 val=0.01037
[dump]   top3 idx=2058 val=0.00879
[dump]   top4 idx=2360 val=0.00874
[dump] L30.mout   n=2560    finite=1 absmax=0.051298     mean=-0.00013434  sumsq=0.5753275802       argmax=1089
[dump]   top0 idx=1089 val=0.04980
[dump]   top1 idx=1557 val=0.04398
[dump]   top2 idx=2418 val=0.04378
[dump]   top3 idx=1114 val=0.04238
[dump]   top4 idx=375 val=0.04065
[dump] L30.moe    n=2560    finite=1 absmax=0.051298     mean=-0.00013434  sumsq=0.5753275802       argmax=1089
[dump]   top0 idx=1089 val=0.04980
[dump]   top1 idx=1557 val=0.04398
[dump]   top2 idx=2418 val=0.04378
[dump]   top3 idx=1114 val=0.04238
[dump]   top4 idx=375 val=0.04065
[dump] L30.res    n=10240   finite=1 absmax=0.35052      mean=0.00024326   sumsq=25.57037699        argmax=9475
[dump]   top0 idx=9475 val=0.34935
[dump]   top1 idx=5913 val=0.34849
[dump]   top2 idx=482 val=0.26847
[dump]   top3 idx=5848 val=0.26342
[dump]   top4 idx=6620 val=0.26212
[dump] L31.hcmix  n=2560    finite=1 absmax=2.071        mean=0.0006615    sumsq=236.0202873        argmax=728
[dump]   top0 idx=728 val=1.81532
[dump]   top1 idx=1500 val=1.74060
[dump]   top2 idx=1947 val=1.39711
[dump]   top3 idx=793 val=1.36847
[dump]   top4 idx=482 val=1.19876
[dump] L31.cur    n=2560    finite=1 absmax=2.071        mean=0.0006615    sumsq=236.0202873        argmax=728
[dump]   top0 idx=728 val=1.81532
[dump]   top1 idx=1500 val=1.74060
[dump]   top2 idx=1947 val=1.39711
[dump]   top3 idx=793 val=1.36847
[dump]   top4 idx=482 val=1.19876
[dump] L31.qnorm  n=6144    finite=1 absmax=8.6685       mean=-0.045678    sumsq=11439.27607        argmax=6137
[dump]   top0 idx=6137 val=8.66851
[dump]   top1 idx=2849 val=7.23374
[dump]   top2 idx=2850 val=5.93169
[dump]   top3 idx=4345 val=5.90108
[dump]   top4 idx=3321 val=5.73732
[dump] L31.knorm  n=512     finite=1 absmax=6.6022       mean=-0.018739    sumsq=1250.614342        argmax=486
[dump] L31.vraw   n=512     finite=1 absmax=1.5461       mean=0.01118      sumsq=168.6538352        argmax=216
[dump] L31.Q      n=6144    finite=1 absmax=8.6685       mean=-0.041343    sumsq=11439.27609        argmax=6137
[dump]   top0 idx=6137 val=8.66851
[dump]   top1 idx=4345 val=5.90108
[dump]   top2 idx=3321 val=5.73732
[dump]   top3 idx=4601 val=5.46273
[dump]   top4 idx=3833 val=5.09600
[dump] L31.K      n=512     finite=1 absmax=6.6021       mean=-0.026931    sumsq=1250.614342        argmax=486
[dump] L31.faout  n=6144    finite=1 absmax=6.2179       mean=0.037163     sumsq=1865.1937          argmax=2217
[dump]   top0 idx=2217 val=6.21787
[dump]   top1 idx=1449 val=5.70392
[dump]   top2 idx=5642 val=4.57921
[dump]   top3 idx=4874 val=4.32260
[dump]   top4 idx=937 val=4.05316
[dump] L31.gate   n=6144    finite=1 absmax=3.8794       mean=-0.73496     sumsq=4522.203846        argmax=4131
[dump]   top0 idx=4131 val=0.54802
[dump]   top1 idx=4227 val=0.49364
[dump]   top2 idx=5202 val=0.44131
[dump]   top3 idx=4198 val=0.41882
[dump]   top4 idx=4308 val=0.39953
[dump] L31.gated  n=6144    finite=1 absmax=0.73026      mean=0.011026     sumsq=226.6510276        argmax=3850
[dump]   top0 idx=3850 val=0.73026
[dump]   top1 idx=2934 val=0.63981
[dump]   top2 idx=1398 val=0.57919
[dump]   top3 idx=2896 val=0.57752
[dump]   top4 idx=2777 val=0.54010
[dump] L31.att    n=2560    finite=1 absmax=0.26537      mean=-0.0017086   sumsq=10.69496318        argmax=892
[dump]   top0 idx=892 val=0.26537
[dump]   top1 idx=708 val=0.25583
[dump]   top2 idx=1035 val=0.22514
[dump]   top3 idx=1431 val=0.19882
[dump]   top4 idx=582 val=0.19340
[dump] L31.fmix   n=2560    finite=1 absmax=3.4551       mean=-0.017346    sumsq=1858.333561        argmax=2261
[dump]   top0 idx=2261 val=3.04196
[dump]   top1 idx=2238 val=2.76782
[dump]   top2 idx=98 val=2.70584
[dump]   top3 idx=793 val=2.67077
[dump]   top4 idx=728 val=2.63231
[dump] L31.mlogit n=512     finite=1 absmax=12.4         mean=-6.135       sumsq=19748.45056        argmax=156
[dump] L31.mprob  n=512     finite=1 absmax=0.016725     mean=0.0019531    sumsq=0.004218121155     argmax=156
[dump] L31.mid    n=10      finite=1 absmax=0 mean=0 sumsq=0 ids: 156 289 302 494 405 283 399 226 288 6
[dump] L31.rlogit n=512     finite=1 absmax=12.4         mean=-6.135       sumsq=19748.45056        argmax=156
[dump] L31.mwt    n=10      finite=1 absmax=0.13316      mean=0.1          sumsq=0.1059223687       argmax=0
[dump] L31.mgate  n=6400    finite=1 absmax=2.4888       mean=-0.38896     sumsq=3217.524946        argmax=6363
[dump]   top0 idx=6363 val=2.00801
[dump]   top1 idx=6309 val=1.99684
[dump]   top2 idx=4649 val=1.76819
[dump]   top3 idx=4598 val=1.73065
[dump]   top4 idx=2489 val=1.72310
[dump] L31.mup    n=6400    finite=1 absmax=2.6024       mean=0.0053678    sumsq=2226.167174        argmax=4986
[dump]   top0 idx=4986 val=2.30888
[dump]   top1 idx=5068 val=2.00643
[dump]   top2 idx=2231 val=1.88949
[dump]   top3 idx=3368 val=1.85318
[dump]   top4 idx=3295 val=1.78754
[dump] L31.mgu    n=6400    finite=1 absmax=2.1371       mean=-0.00067162  sumsq=154.281209         argmax=4513
[dump]   top0 idx=4513 val=2.13712
[dump]   top1 idx=2489 val=1.85465
[dump]   top2 idx=6309 val=1.81792
[dump]   top3 idx=3310 val=1.31224
[dump]   top4 idx=2042 val=1.30773
[dump] L31.mdown  n=25600   finite=1 absmax=0.26984      mean=0.00029089   sumsq=64.54413096        argmax=23413
[dump]   top0 idx=23413 val=0.26984
[dump]   top1 idx=23253 val=0.23914
[dump]   top2 idx=24003 val=0.21663
[dump]   top3 idx=18018 val=0.21432
[dump]   top4 idx=18366 val=0.21292
[dump] L31.msh    n=2560    finite=1 absmax=0.016467     mean=0.00018717   sumsq=0.04348431313      argmax=1161
[dump]   top0 idx=1161 val=0.01549
[dump]   top1 idx=1653 val=0.01391
[dump]   top2 idx=1505 val=0.01366
[dump]   top3 idx=1164 val=0.01353
[dump]   top4 idx=416 val=0.01331
[dump] L31.mout   n=2560    finite=1 absmax=0.066224     mean=0.00049205   sumsq=0.757517863        argmax=375
[dump]   top0 idx=375 val=0.06130
[dump]   top1 idx=136 val=0.05357
[dump]   top2 idx=753 val=0.05200
[dump]   top3 idx=2135 val=0.05107
[dump]   top4 idx=357 val=0.05088
[dump] L31.moe    n=2560    finite=1 absmax=0.066224     mean=0.00049205   sumsq=0.757517863        argmax=375
[dump]   top0 idx=375 val=0.06130
[dump]   top1 idx=136 val=0.05357
[dump]   top2 idx=753 val=0.05200
[dump]   top3 idx=2135 val=0.05107
[dump]   top4 idx=357 val=0.05088
[dump] L31.res    n=10240   finite=1 absmax=0.35011      mean=0.00024887   sumsq=24.88224261        argmax=5913
[dump]   top0 idx=5913 val=0.34856
[dump]   top1 idx=9475 val=0.34807
[dump]   top2 idx=1566 val=0.26419
[dump]   top3 idx=5848 val=0.26351
[dump]   top4 idx=6620 val=0.26192
[dump] L32.hcmix  n=2560    finite=1 absmax=4.0639       mean=0.0012984    sumsq=1066.449711        argmax=1947
[dump]   top0 idx=1947 val=3.48822
[dump]   top1 idx=2085 val=3.21318
[dump]   top2 idx=359 val=3.04215
[dump]   top3 idx=1795 val=2.69067
[dump]   top4 idx=524 val=2.48176
[dump] L32.conv   n=10240   finite=1 absmax=1.7619       mean=-0.0045491   sumsq=55.94108044        argmax=6567
[dump]   top0 idx=6567 val=1.76194
[dump]   top1 idx=879 val=1.63758
[dump]   top2 idx=10053 val=1.52528
[dump]   top3 idx=4530 val=1.29663
[dump]   top4 idx=8742 val=1.22770
[dump] L32.gnorm  n=6144    finite=1 absmax=0.39216      mean=-0.0050615   sumsq=8.293650518        argmax=3869
[dump]   top0 idx=3869 val=0.33533
[dump]   top1 idx=303 val=0.21567
[dump]   top2 idx=2335 val=0.18049
[dump]   top3 idx=1844 val=0.17517
[dump]   top4 idx=4648 val=0.17298
[dump] L32.lin    n=2560    finite=1 absmax=0.20949      mean=-0.00067362  sumsq=3.537144405        argmax=1882
[dump]   top0 idx=1882 val=0.20949
[dump]   top1 idx=689 val=0.19447
[dump]   top2 idx=2184 val=0.18492
[dump]   top3 idx=1134 val=0.17851
[dump]   top4 idx=1738 val=0.17200
[dump] L32.att    n=2560    finite=1 absmax=0.20949      mean=-0.00067362  sumsq=3.537144405        argmax=1882
[dump]   top0 idx=1882 val=0.20949
[dump]   top1 idx=689 val=0.19447
[dump]   top2 idx=2184 val=0.18492
[dump]   top3 idx=1134 val=0.17851
[dump]   top4 idx=1738 val=0.17200
[dump] L32.fmix   n=2560    finite=1 absmax=3.2387       mean=-0.010339    sumsq=1811.154268        argmax=2264
[dump]   top0 idx=2264 val=3.23866
[dump]   top1 idx=1905 val=3.03025
[dump]   top2 idx=2480 val=2.92577
[dump]   top3 idx=2261 val=2.87321
[dump]   top4 idx=98 val=2.85277
[dump] L32.mlogit n=512     finite=1 absmax=12.393       mean=-6.2851      sumsq=20875.60909        argmax=228
[dump] L32.mprob  n=512     finite=1 absmax=0.15092      mean=0.0019531    sumsq=0.02785006314      argmax=228
[dump] L32.mid    n=10      finite=1 absmax=0 mean=0 sumsq=0 ids: 228 142 272 26 263 243 92 23 278 394
[dump] L32.rlogit n=512     finite=1 absmax=12.393       mean=-6.2851      sumsq=20875.60909        argmax=228
[dump] L32.mwt    n=10      finite=1 absmax=0.48881      mean=0.1          sumsq=0.2716193481       argmax=0
[dump] L32.mgate  n=6400    finite=1 absmax=2.4396       mean=-0.37927     sumsq=3076.543693        argmax=2421
[dump]   top0 idx=2421 val=1.70051
[dump]   top1 idx=6118 val=1.58906
[dump]   top2 idx=6132 val=1.54583
[dump]   top3 idx=5704 val=1.52728
[dump]   top4 idx=4868 val=1.46625
[dump] L32.mup    n=6400    finite=1 absmax=2.4496       mean=0.010529     sumsq=2270.936869        argmax=1411
[dump]   top0 idx=1411 val=2.44956
[dump]   top1 idx=108 val=2.29897
[dump]   top2 idx=70 val=2.24084
[dump]   top3 idx=2421 val=2.05945
[dump]   top4 idx=5902 val=1.95470
[dump] L32.mgu    n=6400    finite=1 absmax=2.9614       mean=-0.001252    sumsq=153.2852903        argmax=2421
[dump]   top0 idx=2421 val=2.96140
[dump]   top1 idx=4986 val=1.47123
[dump]   top2 idx=4012 val=1.16928
[dump]   top3 idx=181 val=1.05068
[dump]   top4 idx=1522 val=0.95938
[dump] L32.mdown  n=25600   finite=1 absmax=0.22769      mean=-6.915e-05   sumsq=61.43731283        argmax=24680
[dump]   top0 idx=24680 val=0.20943
[dump]   top1 idx=24946 val=0.20930
[dump]   top2 idx=8665 val=0.20382
[dump]   top3 idx=4229 val=0.20294
[dump]   top4 idx=24740 val=0.19816
[dump] L32.msh    n=2560    finite=1 absmax=0.042507     mean=-0.00019755  sumsq=0.03615876922      argmax=1070
[dump]   top0 idx=1070 val=0.01557
[dump]   top1 idx=1551 val=0.01458
[dump]   top2 idx=955 val=0.01433
[dump]   top3 idx=36 val=0.01413
[dump]   top4 idx=2450 val=0.01388
[dump] L32.mout   n=2560    finite=1 absmax=0.10012      mean=-0.0005187   sumsq=1.774885901        argmax=465
[dump]   top0 idx=465 val=0.08488
[dump]   top1 idx=2441 val=0.08287
[dump]   top2 idx=1593 val=0.08269
[dump]   top3 idx=1851 val=0.07819
[dump]   top4 idx=2455 val=0.07735
[dump] L32.moe    n=2560    finite=1 absmax=0.10012      mean=-0.0005187   sumsq=1.774885901        argmax=465
[dump]   top0 idx=465 val=0.08488
[dump]   top1 idx=2441 val=0.08287
[dump]   top2 idx=1593 val=0.08269
[dump]   top3 idx=1851 val=0.07819
[dump]   top4 idx=2455 val=0.07735
[dump] L32.res    n=10240   finite=1 absmax=0.35918      mean=-0.00011442  sumsq=31.26962435        argmax=9475
[dump]   top0 idx=9475 val=0.35191
[dump]   top1 idx=5913 val=0.34824
[dump]   top2 idx=1795 val=0.32023
[dump]   top3 idx=359 val=0.30220
[dump]   top4 idx=2085 val=0.28420
[dump] L33.hcmix  n=2560    finite=1 absmax=5.6469       mean=-0.0032647   sumsq=1084.139275        argmax=2085
[dump]   top0 idx=2085 val=3.43457
[dump]   top1 idx=1500 val=3.10963
[dump]   top2 idx=524 val=3.03741
[dump]   top3 idx=359 val=3.01905
[dump]   top4 idx=1795 val=2.31652
[dump] L33.conv   n=10240   finite=1 absmax=1.2704       mean=0.0032352    sumsq=40.72545699        argmax=9950
[dump]   top0 idx=9950 val=1.27041
[dump]   top1 idx=5797 val=1.24965
[dump]   top2 idx=7368 val=1.24777
[dump]   top3 idx=8775 val=1.17190
[dump]   top4 idx=4651 val=1.10466
[dump] L33.gnorm  n=6144    finite=1 absmax=0.17903      mean=-0.00031207  sumsq=2.3794792          argmax=3131
[dump]   top0 idx=3131 val=0.17812
[dump]   top1 idx=562 val=0.17029
[dump]   top2 idx=3099 val=0.16320
[dump]   top3 idx=5783 val=0.16129
[dump]   top4 idx=5837 val=0.15012
[dump] L33.lin    n=2560    finite=1 absmax=0.12609      mean=-0.0011047   sumsq=1.621400165        argmax=1882
[dump]   top0 idx=1882 val=0.12609
[dump]   top1 idx=1061 val=0.11400
[dump]   top2 idx=2393 val=0.11300
[dump]   top3 idx=550 val=0.09047
[dump]   top4 idx=793 val=0.08417
[dump] L33.att    n=2560    finite=1 absmax=0.12609      mean=-0.0011047   sumsq=1.621400165        argmax=1882
[dump]   top0 idx=1882 val=0.12609
[dump]   top1 idx=1061 val=0.11400
[dump]   top2 idx=2393 val=0.11300
[dump]   top3 idx=550 val=0.09047
[dump]   top4 idx=793 val=0.08417
[dump] L33.fmix   n=2560    finite=1 absmax=2.8783       mean=-0.016427    sumsq=1560.498625        argmax=2264
[dump]   top0 idx=2264 val=2.87830
[dump]   top1 idx=2085 val=2.84981
[dump]   top2 idx=1593 val=2.75396
[dump]   top3 idx=793 val=2.63220
[dump]   top4 idx=1795 val=2.44392
[dump] L33.mlogit n=512     finite=1 absmax=9.9071       mean=-6.5654      sumsq=22887.90863        argmax=136
[dump] L33.mprob  n=512     finite=1 absmax=0.053348     mean=0.0019531    sumsq=0.01261576486      argmax=136
[dump] L33.mid    n=10      finite=1 absmax=0 mean=0 sumsq=0 ids: 136 469 120 253 386 209 160 84 486 499
[dump] L33.rlogit n=512     finite=1 absmax=9.9071       mean=-6.5654      sumsq=22887.90863        argmax=136
[dump] L33.mwt    n=10      finite=1 absmax=0.18887      mean=0.1          sumsq=0.1110798307       argmax=0
[dump] L33.mgate  n=6400    finite=1 absmax=2.5501       mean=-0.223       sumsq=2210.833045        argmax=2651
[dump]   top0 idx=2651 val=1.86747
[dump]   top1 idx=6232 val=1.76683
[dump]   top2 idx=5019 val=1.72396
[dump]   top3 idx=2339 val=1.71175
[dump]   top4 idx=5841 val=1.61631
[dump] L33.mup    n=6400    finite=1 absmax=2.5443       mean=0.0021318    sumsq=1847.952657        argmax=4994
[dump]   top0 idx=4994 val=2.54428
[dump]   top1 idx=893 val=2.35060
[dump]   top2 idx=5913 val=2.09603
[dump]   top3 idx=2189 val=1.89876
[dump]   top4 idx=5471 val=1.78475
[dump] L33.mgu    n=6400    finite=1 absmax=1.7046       mean=-0.0023877   sumsq=121.6953461        argmax=6232
[dump]   top0 idx=6232 val=1.70463
[dump]   top1 idx=5079 val=1.45031
[dump]   top2 idx=6096 val=1.33156
[dump]   top3 idx=5031 val=1.18811
[dump]   top4 idx=3880 val=1.10833
[dump] L33.mdown  n=25600   finite=1 absmax=0.24397      mean=0.00052125   sumsq=48.8159682         argmax=10764
[dump]   top0 idx=10764 val=0.24397
[dump]   top1 idx=10604 val=0.18613
[dump]   top2 idx=25012 val=0.17457
[dump]   top3 idx=11571 val=0.17139
[dump]   top4 idx=12438 val=0.16747
[dump] L33.msh    n=2560    finite=1 absmax=0.012952     mean=2.5738e-05   sumsq=0.02049767956      argmax=586
[dump]   top0 idx=586 val=0.01074
[dump]   top1 idx=113 val=0.01001
[dump]   top2 idx=1013 val=0.00970
[dump]   top3 idx=547 val=0.00957
[dump]   top4 idx=952 val=0.00956
[dump] L33.mout   n=2560    finite=1 absmax=0.059092     mean=0.00051656   sumsq=0.5575828098       argmax=1580
[dump]   top0 idx=1580 val=0.05909
[dump]   top1 idx=2243 val=0.05446
[dump]   top2 idx=364 val=0.05193
[dump]   top3 idx=394 val=0.05051
[dump]   top4 idx=33 val=0.05016
[dump] L33.moe    n=2560    finite=1 absmax=0.059092     mean=0.00051656   sumsq=0.5575828098       argmax=1580
[dump]   top0 idx=1580 val=0.05909
[dump]   top1 idx=2243 val=0.05446
[dump]   top2 idx=364 val=0.05193
[dump]   top3 idx=394 val=0.05051
[dump]   top4 idx=33 val=0.05016
[dump] L33.res    n=10240   finite=1 absmax=0.46513      mean=7.1879e-06   sumsq=34.36994361        argmax=482
[dump]   top0 idx=482 val=0.36460
[dump]   top1 idx=5913 val=0.34825
[dump]   top2 idx=9475 val=0.34792
[dump]   top3 idx=1580 val=0.34705
[dump]   top4 idx=687 val=0.28569
[dump] L34.hcmix  n=2560    finite=1 absmax=4.8958       mean=0.0049218    sumsq=1109.706682        argmax=524
[dump]   top0 idx=524 val=3.22178
[dump]   top1 idx=2085 val=2.75271
[dump]   top2 idx=1500 val=2.48727
[dump]   top3 idx=634 val=2.43563
[dump]   top4 idx=842 val=2.17731
[dump] L34.conv   n=10240   finite=1 absmax=1.002        mean=0.0019589    sumsq=32.6206437         argmax=9259
[dump]   top0 idx=9259 val=1.00195
[dump]   top1 idx=7445 val=0.90871
[dump]   top2 idx=30 val=0.89924
[dump]   top3 idx=1756 val=0.88230
[dump]   top4 idx=1939 val=0.86567
[dump] L34.gnorm  n=6144    finite=1 absmax=0.24203      mean=0.0009878    sumsq=5.396896512        argmax=1636
[dump]   top0 idx=1636 val=0.24203
[dump]   top1 idx=3349 val=0.22123
[dump]   top2 idx=307 val=0.21082
[dump]   top3 idx=1588 val=0.20769
[dump]   top4 idx=5667 val=0.19874
[dump] L34.lin    n=2560    finite=1 absmax=0.21657      mean=9.0422e-05   sumsq=3.382132154        argmax=482
[dump]   top0 idx=482 val=0.21657
[dump]   top1 idx=1882 val=0.15891
[dump]   top2 idx=888 val=0.15254
[dump]   top3 idx=162 val=0.15159
[dump]   top4 idx=689 val=0.14988
[dump] L34.att    n=2560    finite=1 absmax=0.21657      mean=9.0422e-05   sumsq=3.382132154        argmax=482
[dump]   top0 idx=482 val=0.21657
[dump]   top1 idx=1882 val=0.15891
[dump]   top2 idx=888 val=0.15254
[dump]   top3 idx=162 val=0.15159
[dump]   top4 idx=689 val=0.14988
[dump] L34.fmix   n=2560    finite=1 absmax=2.9622       mean=0.0037775    sumsq=1345.19157         argmax=1500
[dump]   top0 idx=1500 val=2.96217
[dump]   top1 idx=1346 val=2.56926
[dump]   top2 idx=753 val=2.31799
[dump]   top3 idx=842 val=2.27527
[dump]   top4 idx=2085 val=2.27489
[dump] L34.mlogit n=512     finite=1 absmax=10.282       mean=-6.6976      sumsq=23789.89028        argmax=264
[dump] L34.mprob  n=512     finite=1 absmax=0.062485     mean=0.0019531    sumsq=0.01745252899      argmax=264
[dump] L34.mid    n=10      finite=1 absmax=0 mean=0 sumsq=0 ids: 264 184 211 50 370 42 471 496 275 49
[dump] L34.rlogit n=512     finite=1 absmax=10.282       mean=-6.6976      sumsq=23789.89028        argmax=264
[dump] L34.mwt    n=10      finite=1 absmax=0.18165      mean=0.1          sumsq=0.121428847        argmax=0
[dump] L34.mgate  n=6400    finite=1 absmax=2.5555       mean=-0.20233     sumsq=2214.520027        argmax=2120
[dump]   top0 idx=2120 val=2.10670
[dump]   top1 idx=3757 val=2.03140
[dump]   top2 idx=2426 val=1.94567
[dump]   top3 idx=3229 val=1.87703
[dump]   top4 idx=5933 val=1.74173
[dump] L34.mup    n=6400    finite=1 absmax=2.0312       mean=0.002315     sumsq=1733.216655        argmax=5377
[dump]   top0 idx=5377 val=2.01452
[dump]   top1 idx=607 val=1.78941
[dump]   top2 idx=4058 val=1.70150
[dump]   top3 idx=6240 val=1.63486
[dump]   top4 idx=313 val=1.62923
[dump] L34.mgu    n=6400    finite=1 absmax=1.3179       mean=0.0016845    sumsq=121.0470215        argmax=5913
[dump]   top0 idx=5913 val=1.21445
[dump]   top1 idx=2120 val=1.15204
[dump]   top2 idx=6361 val=1.15008
[dump]   top3 idx=5933 val=1.10798
[dump]   top4 idx=3229 val=1.00903
[dump] L34.mdown  n=25600   finite=1 absmax=0.20214      mean=0.00036011   sumsq=50.69615953        argmax=23889
[dump]   top0 idx=23889 val=0.20182
[dump]   top1 idx=24714 val=0.18202
[dump]   top2 idx=172 val=0.18006
[dump]   top3 idx=25267 val=0.17632
[dump]   top4 idx=8681 val=0.17450
[dump] L34.msh    n=2560    finite=1 absmax=0.012712     mean=0.00013667   sumsq=0.01696340529      argmax=1359
[dump]   top0 idx=1359 val=0.01271
[dump]   top1 idx=303 val=0.01032
[dump]   top2 idx=892 val=0.00971
[dump]   top3 idx=2338 val=0.00925
[dump]   top4 idx=295 val=0.00875
[dump] L34.mout   n=2560    finite=1 absmax=0.065937     mean=0.00080826   sumsq=0.8023174651       argmax=790
[dump]   top0 idx=790 val=0.06594
[dump]   top1 idx=1695 val=0.05818
[dump]   top2 idx=1686 val=0.05601
[dump]   top3 idx=1789 val=0.05388
[dump]   top4 idx=773 val=0.05076
[dump] L34.moe    n=2560    finite=1 absmax=0.065937     mean=0.00080826   sumsq=0.8023174651       argmax=790
[dump]   top0 idx=790 val=0.06594
[dump]   top1 idx=1695 val=0.05818
[dump]   top2 idx=1686 val=0.05601
[dump]   top3 idx=1789 val=0.05388
[dump]   top4 idx=773 val=0.05076
[dump] L34.res    n=10240   finite=1 absmax=0.50728      mean=0.00086215   sumsq=43.68463684        argmax=482
[dump]   top0 idx=482 val=0.47974
[dump]   top1 idx=1580 val=0.42889
[dump]   top2 idx=9475 val=0.39675
[dump]   top3 idx=5913 val=0.34830
[dump]   top4 idx=1795 val=0.32680
[dump] L35.hcmix  n=2560    finite=1 absmax=2.0072       mean=0.014805     sumsq=420.0569739        argmax=1500
[dump]   top0 idx=1500 val=2.00722
[dump]   top1 idx=1947 val=1.78911
[dump]   top2 idx=728 val=1.78680
[dump]   top3 idx=482 val=1.76748
[dump]   top4 idx=951 val=1.59093
[dump] L35.cur    n=2560    finite=1 absmax=2.0072       mean=0.014805     sumsq=420.0569739        argmax=1500
[dump]   top0 idx=1500 val=2.00722
[dump]   top1 idx=1947 val=1.78911
[dump]   top2 idx=728 val=1.78680
[dump]   top3 idx=482 val=1.76748
[dump]   top4 idx=951 val=1.59093
[dump] L35.qnorm  n=6144    finite=1 absmax=6.5748       mean=0.036948     sumsq=9329.899044        argmax=2613
[dump]   top0 idx=2613 val=6.57480
[dump]   top1 idx=1589 val=6.17260
[dump]   top2 idx=1845 val=5.78971
[dump]   top3 idx=2869 val=5.77541
[dump]   top4 idx=1050 val=5.51499
[dump] L35.knorm  n=512     finite=1 absmax=6.1575       mean=0.062738     sumsq=1220.741465        argmax=24
[dump] L35.vraw   n=512     finite=1 absmax=1.7264       mean=0.0060733    sumsq=149.3541305        argmax=17
[dump] L35.Q      n=6144    finite=1 absmax=6.5747       mean=0.049364     sumsq=9329.899065        argmax=2613
[dump]   top0 idx=2613 val=6.57468
[dump]   top1 idx=1589 val=6.17254
[dump]   top2 idx=1845 val=5.78920
[dump]   top3 idx=2869 val=5.77444
[dump]   top4 idx=1050 val=5.51495
[dump] L35.K      n=512     finite=1 absmax=6.1576       mean=0.064996     sumsq=1220.741467        argmax=24
[dump] L35.faout  n=6144    finite=1 absmax=5.3697       mean=0.0042263    sumsq=1080.816952        argmax=249
[dump]   top0 idx=249 val=5.36970
[dump]   top1 idx=5701 val=4.58877
[dump]   top2 idx=2553 val=4.35069
[dump]   top3 idx=2809 val=3.24590
[dump]   top4 idx=2041 val=3.12840
[dump] L35.gate   n=6144    finite=1 absmax=3.7002       mean=-1.1117      sumsq=9244.194589        argmax=502
[dump]   top0 idx=502 val=0.55071
[dump]   top1 idx=5409 val=0.45454
[dump]   top2 idx=274 val=0.41666
[dump]   top3 idx=139 val=0.41560
[dump]   top4 idx=5442 val=0.41093
[dump] L35.gated  n=6144    finite=1 absmax=0.58686      mean=-0.0011877   sumsq=77.93971753        argmax=112
[dump]   top0 idx=112 val=0.54879
[dump]   top1 idx=2778 val=0.53093
[dump]   top2 idx=1242 val=0.51333
[dump]   top3 idx=368 val=0.50844
[dump]   top4 idx=2126 val=0.50777
[dump] L35.att    n=2560    finite=1 absmax=0.39769      mean=0.0013317    sumsq=9.747281773        argmax=1882
[dump]   top0 idx=1882 val=0.39769
[dump]   top1 idx=2293 val=0.22040
[dump]   top2 idx=1194 val=0.21087
[dump]   top3 idx=1080 val=0.19914
[dump]   top4 idx=179 val=0.18264
[dump] L35.fmix   n=2560    finite=1 absmax=3.0202       mean=0.016208     sumsq=1813.853646        argmax=1346
[dump]   top0 idx=1346 val=3.02017
[dump]   top1 idx=1847 val=2.82699
[dump]   top2 idx=1974 val=2.73498
[dump]   top3 idx=842 val=2.42859
[dump]   top4 idx=2279 val=2.40508
[dump] L35.mlogit n=512     finite=1 absmax=10.971       mean=-6.7487      sumsq=24109.98097        argmax=31
[dump] L35.mprob  n=512     finite=1 absmax=0.035287     mean=0.0019531    sumsq=0.00964706814      argmax=31
[dump] L35.mid    n=10      finite=1 absmax=0 mean=0 sumsq=0 ids: 31 173 472 192 342 372 377 454 277 3
[dump] L35.rlogit n=512     finite=1 absmax=10.971       mean=-6.7487      sumsq=24109.98097        argmax=31
[dump] L35.mwt    n=10      finite=1 absmax=0.14334      mean=0.1          sumsq=0.1073689575       argmax=0
[dump] L35.mgate  n=6400    finite=1 absmax=2.8929       mean=-0.29427     sumsq=3005.324875        argmax=3771
[dump]   top0 idx=3771 val=1.97206
[dump]   top1 idx=4993 val=1.79786
[dump]   top2 idx=4508 val=1.77855
[dump]   top3 idx=4573 val=1.72915
[dump]   top4 idx=1314 val=1.70930
[dump] L35.mup    n=6400    finite=1 absmax=2.5764       mean=-0.0017014   sumsq=2288.290119        argmax=4878
[dump]   top0 idx=4878 val=2.13406
[dump]   top1 idx=1427 val=2.08649
[dump]   top2 idx=299 val=2.01222
[dump]   top3 idx=1892 val=1.86193
[dump]   top4 idx=2794 val=1.85747
[dump] L35.mgu    n=6400    finite=1 absmax=2.5361       mean=-0.0022309   sumsq=180.6261105        argmax=1427
[dump]   top0 idx=1427 val=1.78872
[dump]   top1 idx=2048 val=1.29798
[dump]   top2 idx=248 val=1.26025
[dump]   top3 idx=3349 val=1.24092
[dump]   top4 idx=3788 val=1.22330
[dump] L35.mdown  n=25600   finite=1 absmax=0.2521       mean=0.00097499   sumsq=76.35216118        argmax=14671
[dump]   top0 idx=14671 val=0.25210
[dump]   top1 idx=18769 val=0.22039
[dump]   top2 idx=16906 val=0.21551
[dump]   top3 idx=14426 val=0.21535
[dump]   top4 idx=5550 val=0.21189
[dump] L35.msh    n=2560    finite=1 absmax=0.020884     mean=9.6427e-05   sumsq=0.01990299619      argmax=1018
[dump]   top0 idx=1018 val=0.01290
[dump]   top1 idx=1882 val=0.01266
[dump]   top2 idx=952 val=0.01140
[dump]   top3 idx=1827 val=0.01034
[dump]   top4 idx=36 val=0.01011
[dump] L35.mout   n=2560    finite=1 absmax=0.061338     mean=0.0011345    sumsq=0.8764951236       argmax=449
[dump]   top0 idx=449 val=0.06134
[dump]   top1 idx=2028 val=0.06105
[dump]   top2 idx=2301 val=0.05780
[dump]   top3 idx=1232 val=0.05414
[dump]   top4 idx=363 val=0.05341
[dump] L35.moe    n=2560    finite=1 absmax=0.061338     mean=0.0011345    sumsq=0.8764951236       argmax=449
[dump]   top0 idx=449 val=0.06134
[dump]   top1 idx=2028 val=0.06105
[dump]   top2 idx=2301 val=0.05780
[dump]   top3 idx=1232 val=0.05414
[dump]   top4 idx=363 val=0.05341
[dump] L35.res    n=10240   finite=1 absmax=0.48224      mean=0.0025608    sumsq=53.8475646         argmax=9475
[dump]   top0 idx=9475 val=0.43735
[dump]   top1 idx=1882 val=0.36806
[dump]   top2 idx=689 val=0.36595
[dump]   top3 idx=1795 val=0.36124
[dump]   top4 idx=482 val=0.35924
[dump] L36.hcmix  n=2560    finite=1 absmax=2.3675       mean=0.032083     sumsq=1004.117708        argmax=359
[dump]   top0 idx=359 val=2.36746
[dump]   top1 idx=1795 val=2.32909
[dump]   top2 idx=524 val=2.25085
[dump]   top3 idx=951 val=2.23464
[dump]   top4 idx=842 val=2.08056
[dump] L36.conv   n=10240   finite=1 absmax=1.1603       mean=-0.00081244  sumsq=57.18362837        argmax=825
[dump]   top0 idx=825 val=1.16026
[dump]   top1 idx=2063 val=1.15097
[dump]   top2 idx=1310 val=0.96420
[dump]   top3 idx=1396 val=0.94912
[dump]   top4 idx=1594 val=0.86837
[dump] L36.gnorm  n=6144    finite=1 absmax=0.80671      mean=0.0018802    sumsq=47.95463332        argmax=2018
[dump]   top0 idx=2018 val=0.80671
[dump]   top1 idx=5290 val=0.79609
[dump]   top2 idx=2109 val=0.70072
[dump]   top3 idx=1481 val=0.56825
[dump]   top4 idx=1425 val=0.50077
[dump] L36.lin    n=2560    finite=1 absmax=0.53746      mean=0.00070451   sumsq=33.18916631        argmax=1882
[dump]   top0 idx=1882 val=0.53746
[dump]   top1 idx=689 val=0.48869
[dump]   top2 idx=2374 val=0.47873
[dump]   top3 idx=1061 val=0.41046
[dump]   top4 idx=98 val=0.39521
[dump] L36.att    n=2560    finite=1 absmax=0.53746      mean=0.00070451   sumsq=33.18916631        argmax=1882
[dump]   top0 idx=1882 val=0.53746
[dump]   top1 idx=689 val=0.48869
[dump]   top2 idx=2374 val=0.47873
[dump]   top3 idx=1061 val=0.41046
[dump]   top4 idx=98 val=0.39521
[dump] L36.fmix   n=2560    finite=1 absmax=4.281        mean=0.040135     sumsq=2996.604302        argmax=320
[dump]   top0 idx=320 val=3.43871
[dump]   top1 idx=778 val=3.40605
[dump]   top2 idx=638 val=3.32964
[dump]   top3 idx=1801 val=3.22958
[dump]   top4 idx=1797 val=3.22894
[dump] L36.mlogit n=512     finite=1 absmax=10.08        mean=-6.3471      sumsq=21260.4862         argmax=210
[dump] L36.mprob  n=512     finite=1 absmax=0.078878     mean=0.0019531    sumsq=0.01285523746      argmax=210
[dump] L36.mid    n=10      finite=1 absmax=0 mean=0 sumsq=0 ids: 210 55 15 485 76 387 265 457 363 477
[dump] L36.rlogit n=512     finite=1 absmax=10.08        mean=-6.3471      sumsq=21260.4862         argmax=210
[dump] L36.mwt    n=10      finite=1 absmax=0.31601      mean=0.1          sumsq=0.1663152732       argmax=0
[dump] L36.mgate  n=6400    finite=1 absmax=3.6297       mean=-0.241       sumsq=4271.078398        argmax=1305
[dump]   top0 idx=1305 val=2.54258
[dump]   top1 idx=1415 val=2.46506
[dump]   top2 idx=2902 val=2.34393
[dump]   top3 idx=834 val=2.33834
[dump]   top4 idx=1452 val=2.33482
[dump] L36.mup    n=6400    finite=1 absmax=3.4334       mean=0.0071295    sumsq=3943.708338        argmax=3628
[dump]   top0 idx=3628 val=3.43343
[dump]   top1 idx=5952 val=2.93284
[dump]   top2 idx=3450 val=2.90323
[dump]   top3 idx=4315 val=2.82995
[dump]   top4 idx=3564 val=2.81533
[dump] L36.mgu    n=6400    finite=1 absmax=3.8627       mean=0.0023472    sumsq=595.7738148        argmax=1364
[dump]   top0 idx=1364 val=3.60790
[dump]   top1 idx=1457 val=2.78557
[dump]   top2 idx=3564 val=2.66094
[dump]   top3 idx=1520 val=2.54704
[dump]   top4 idx=834 val=2.52648
[dump] L36.mdown  n=25600   finite=1 absmax=0.58601      mean=0.0011572    sumsq=253.1844036        argmax=7171
[dump]   top0 idx=7171 val=0.53491
[dump]   top1 idx=5122 val=0.53058
[dump]   top2 idx=6400 val=0.50358
[dump]   top3 idx=6794 val=0.49090
[dump]   top4 idx=6918 val=0.47804
[dump] L36.msh    n=2560    finite=1 absmax=0.11681      mean=4.6993e-05   sumsq=0.2537265139       argmax=1827
[dump]   top0 idx=1827 val=0.06269
[dump]   top1 idx=1795 val=0.05953
[dump]   top2 idx=2028 val=0.05245
[dump]   top3 idx=1603 val=0.04478
[dump]   top4 idx=2215 val=0.04060
[dump] L36.mout   n=2560    finite=1 absmax=0.21256      mean=0.0010906    sumsq=5.220985895        argmax=1161
[dump]   top0 idx=1161 val=0.21256
[dump]   top1 idx=533 val=0.14254
[dump]   top2 idx=1503 val=0.14198
[dump]   top3 idx=1144 val=0.13423
[dump]   top4 idx=1846 val=0.13265
[dump] L36.moe    n=2560    finite=1 absmax=0.21256      mean=0.0010906    sumsq=5.220985895        argmax=1161
[dump]   top0 idx=1161 val=0.21256
[dump]   top1 idx=533 val=0.14254
[dump]   top2 idx=1503 val=0.14198
[dump]   top3 idx=1144 val=0.13423
[dump]   top4 idx=1846 val=0.13265
[dump] L36.res    n=10240   finite=1 absmax=0.75104      mean=0.0035393    sumsq=115.7856855        argmax=689
[dump]   top0 idx=689 val=0.71258
[dump]   top1 idx=1132 val=0.59159
[dump]   top2 idx=638 val=0.58447
[dump]   top3 idx=359 val=0.58086
[dump]   top4 idx=1882 val=0.57405
[dump] L37.hcmix  n=2560    finite=1 absmax=5.0675       mean=0.034222     sumsq=948.4918983        argmax=1795
[dump]   top0 idx=1795 val=2.81786
[dump]   top1 idx=359 val=2.59555
[dump]   top2 idx=1132 val=2.32082
[dump]   top3 idx=524 val=2.26781
[dump]   top4 idx=1290 val=2.25496
[dump] L37.conv   n=10240   finite=1 absmax=2.5554       mean=0.0019792    sumsq=90.88386271        argmax=2057
[dump]   top0 idx=2057 val=2.55540
[dump]   top1 idx=15 val=2.12086
[dump]   top2 idx=1589 val=1.64179
[dump]   top3 idx=3605 val=1.56823
[dump]   top4 idx=8208 val=1.50781
[dump] L37.gnorm  n=6144    finite=1 absmax=0.28536      mean=-0.00028986  sumsq=7.512320911        argmax=3351
[dump]   top0 idx=3351 val=0.28536
[dump]   top1 idx=1630 val=0.28419
[dump]   top2 idx=3426 val=0.28343
[dump]   top3 idx=5777 val=0.26155
[dump]   top4 idx=3565 val=0.24968
[dump] L37.lin    n=2560    finite=1 absmax=0.29319      mean=0.00038143   sumsq=4.237585891        argmax=2348
[dump]   top0 idx=2348 val=0.29319
[dump]   top1 idx=1134 val=0.28115
[dump]   top2 idx=1882 val=0.23101
[dump]   top3 idx=882 val=0.21639
[dump]   top4 idx=713 val=0.17980
[dump] L37.att    n=2560    finite=1 absmax=0.29319      mean=0.00038143   sumsq=4.237585891        argmax=2348
[dump]   top0 idx=2348 val=0.29319
[dump]   top1 idx=1134 val=0.28115
[dump]   top2 idx=1882 val=0.23101
[dump]   top3 idx=882 val=0.21639
[dump]   top4 idx=713 val=0.17980
[dump] L37.fmix   n=2560    finite=1 absmax=4.078        mean=0.052648     sumsq=2644.551835        argmax=638
[dump]   top0 idx=638 val=3.72133
[dump]   top1 idx=2261 val=3.52724
[dump]   top2 idx=1144 val=2.99306
[dump]   top3 idx=1161 val=2.97986
[dump]   top4 idx=778 val=2.95711
[dump] L37.mlogit n=512     finite=1 absmax=9.5465       mean=-6.3291      sumsq=21163.3454         argmax=255
[dump] L37.mprob  n=512     finite=1 absmax=0.044869     mean=0.0019531    sumsq=0.01076675026      argmax=255
[dump] L37.mid    n=10      finite=1 absmax=0 mean=0 sumsq=0 ids: 255 394 131 418 100 324 150 33 469 44
[dump] L37.rlogit n=512     finite=1 absmax=9.5465       mean=-6.3291      sumsq=21163.3454         argmax=255
[dump] L37.mwt    n=10      finite=1 absmax=0.17276      mean=0.1          sumsq=0.116461467        argmax=0
[dump] L37.mgate  n=6400    finite=1 absmax=3.5997       mean=-0.44393     sumsq=4718.244202        argmax=2593
[dump]   top0 idx=2593 val=2.37975
[dump]   top1 idx=3768 val=2.10957
[dump]   top2 idx=3045 val=2.10311
[dump]   top3 idx=5409 val=1.99709
[dump]   top4 idx=590 val=1.83459
[dump] L37.mup    n=6400    finite=1 absmax=2.759        mean=0.013052     sumsq=3271.804287        argmax=5333
[dump]   top0 idx=5333 val=2.75766
[dump]   top1 idx=5017 val=2.59082
[dump]   top2 idx=4223 val=2.57734
[dump]   top3 idx=2482 val=2.41382
[dump]   top4 idx=292 val=2.40720
[dump] L37.mgu    n=6400    finite=1 absmax=2.5677       mean=0.0049113    sumsq=288.1496251        argmax=1262
[dump]   top0 idx=1262 val=1.88178
[dump]   top1 idx=1108 val=1.64345
[dump]   top2 idx=5820 val=1.62301
[dump]   top3 idx=1171 val=1.58702
[dump]   top4 idx=3540 val=1.42730
[dump] L37.mdown  n=25600   finite=1 absmax=0.39772      mean=-0.00032609  sumsq=125.4153212        argmax=2689
[dump]   top0 idx=2689 val=0.39772
[dump]   top1 idx=3671 val=0.35190
[dump]   top2 idx=2669 val=0.34679
[dump]   top3 idx=4276 val=0.32382
[dump]   top4 idx=3816 val=0.30090
[dump] L37.msh    n=2560    finite=1 absmax=0.027272     mean=1.9643e-06   sumsq=0.05899252602      argmax=1882
[dump]   top0 idx=1882 val=0.02727
[dump]   top1 idx=1318 val=0.02483
[dump]   top2 idx=579 val=0.02334
[dump]   top3 idx=861 val=0.01775
[dump]   top4 idx=2062 val=0.01762
[dump] L37.mout   n=2560    finite=1 absmax=0.095054     mean=-1.1085e-05  sumsq=1.8159711          argmax=263
[dump]   top0 idx=263 val=0.09311
[dump]   top1 idx=712 val=0.09099
[dump]   top2 idx=1111 val=0.08738
[dump]   top3 idx=1983 val=0.08676
[dump]   top4 idx=1716 val=0.08573
[dump] L37.moe    n=2560    finite=1 absmax=0.095054     mean=-1.1085e-05  sumsq=1.8159711          argmax=263
[dump]   top0 idx=263 val=0.09311
[dump]   top1 idx=712 val=0.09099
[dump]   top2 idx=1111 val=0.08738
[dump]   top3 idx=1983 val=0.08676
[dump]   top4 idx=1716 val=0.08573
[dump] L37.res    n=10240   finite=1 absmax=0.74457      mean=0.0036136    sumsq=130.1695272        argmax=689
[dump]   top0 idx=689 val=0.74457
[dump]   top1 idx=1132 val=0.61670
[dump]   top2 idx=638 val=0.61249
[dump]   top3 idx=1039 val=0.59691
[dump]   top4 idx=1580 val=0.57778
[dump] L38.hcmix  n=2560    finite=1 absmax=4.9791       mean=0.037966     sumsq=944.8712387        argmax=793
[dump]   top0 idx=793 val=4.97907
[dump]   top1 idx=1500 val=4.68813
[dump]   top2 idx=1741 val=2.56690
[dump]   top3 idx=1039 val=2.50163
[dump]   top4 idx=747 val=2.15507
[dump] L38.conv   n=10240   finite=1 absmax=2.0659       mean=-0.0046337   sumsq=71.38935994        argmax=7024
[dump]   top0 idx=7024 val=2.06586
[dump]   top1 idx=8983 val=1.70958
[dump]   top2 idx=4948 val=1.53281
[dump]   top3 idx=4956 val=1.42722
[dump]   top4 idx=6579 val=1.39766
[dump] L38.gnorm  n=6144    finite=1 absmax=1.7164       mean=-0.00053166  sumsq=14.43436082        argmax=5707
[dump]   top0 idx=5707 val=1.71640
[dump]   top1 idx=3721 val=0.69333
[dump]   top2 idx=3803 val=0.57735
[dump]   top3 idx=2678 val=0.39561
[dump]   top4 idx=4656 val=0.37387
[dump] L38.lin    n=2560    finite=1 absmax=1.5883       mean=0.0005418    sumsq=12.74193959        argmax=793
[dump]   top0 idx=793 val=1.58827
[dump]   top1 idx=1500 val=0.98740
[dump]   top2 idx=308 val=0.30291
[dump]   top3 idx=1531 val=0.30098
[dump]   top4 idx=36 val=0.23620
[dump] L38.att    n=2560    finite=1 absmax=1.5883       mean=0.0005418    sumsq=12.74193959        argmax=793
[dump]   top0 idx=793 val=1.58827
[dump]   top1 idx=1500 val=0.98740
[dump]   top2 idx=308 val=0.30291
[dump]   top3 idx=1531 val=0.30098
[dump]   top4 idx=36 val=0.23620
[dump] L38.fmix   n=2560    finite=1 absmax=4.8897       mean=0.040511     sumsq=2784.087509        argmax=638
[dump]   top0 idx=638 val=3.84804
[dump]   top1 idx=2261 val=3.53548
[dump]   top2 idx=1503 val=3.45684
[dump]   top3 idx=2511 val=3.42249
[dump]   top4 idx=1500 val=3.36764
[dump] L38.mlogit n=512     finite=1 absmax=8.9854       mean=-6.6146      sumsq=23098.34711        argmax=223
[dump] L38.mprob  n=512     finite=1 absmax=0.077936     mean=0.0019531    sumsq=0.01660239364      argmax=223
[dump] L38.mid    n=10      finite=1 absmax=0 mean=0 sumsq=0 ids: 223 41 293 345 18 287 205 81 30 196
[dump] L38.rlogit n=512     finite=1 absmax=8.9854       mean=-6.6146      sumsq=23098.34711        argmax=223
[dump] L38.mwt    n=10      finite=1 absmax=0.23171      mean=0.1          sumsq=0.1231263439       argmax=0
[dump] L38.mgate  n=6400    finite=1 absmax=3.9793       mean=-0.22721     sumsq=4727.071814        argmax=40
[dump]   top0 idx=40 val=3.07681
[dump]   top1 idx=494 val=2.73658
[dump]   top2 idx=2832 val=2.73219
[dump]   top3 idx=3892 val=2.69123
[dump]   top4 idx=5470 val=2.66063
[dump] L38.mup    n=6400    finite=1 absmax=5.0728       mean=0.0054076    sumsq=4210.896026        argmax=1467
[dump]   top0 idx=1467 val=5.07284
[dump]   top1 idx=523 val=3.66451
[dump]   top2 idx=3044 val=2.96040
[dump]   top3 idx=1028 val=2.68829
[dump]   top4 idx=1366 val=2.55836
[dump] L38.mgu    n=6400    finite=1 absmax=12.172       mean=0.0073679    sumsq=809.9028397        argmax=1467
[dump]   top0 idx=1467 val=12.17153
[dump]   top1 idx=5248 val=4.14783
[dump]   top2 idx=4892 val=3.41890
[dump]   top3 idx=5495 val=3.23285
[dump]   top4 idx=1153 val=2.87859
[dump] L38.mdown  n=25600   finite=1 absmax=0.87238      mean=0.00012481   sumsq=394.1693063        argmax=7603
[dump]   top0 idx=7603 val=0.87238
[dump]   top1 idx=6675 val=0.66449
[dump]   top2 idx=5859 val=0.64892
[dump]   top3 idx=5602 val=0.64283
[dump]   top4 idx=5698 val=0.62049
[dump] L38.msh    n=2560    finite=1 absmax=0.048192     mean=-6.5478e-05  sumsq=0.175528125        argmax=1882
[dump]   top0 idx=1882 val=0.03813
[dump]   top1 idx=687 val=0.03624
[dump]   top2 idx=2453 val=0.03295
[dump]   top3 idx=395 val=0.03249
[dump]   top4 idx=2039 val=0.03224
[dump] L38.mout   n=2560    finite=1 absmax=0.20536      mean=-2.0713e-05  sumsq=5.731087332        argmax=2064
[dump]   top0 idx=2064 val=0.20536
[dump]   top1 idx=1456 val=0.16238
[dump]   top2 idx=2207 val=0.16076
[dump]   top3 idx=1517 val=0.14872
[dump]   top4 idx=1633 val=0.14662
[dump] L38.moe    n=2560    finite=1 absmax=0.20536      mean=-2.0713e-05  sumsq=5.731087332        argmax=2064
[dump]   top0 idx=2064 val=0.20536
[dump]   top1 idx=1456 val=0.16238
[dump]   top2 idx=2207 val=0.16076
[dump]   top3 idx=1517 val=0.14872
[dump]   top4 idx=1633 val=0.14662
[dump] L38.res    n=10240   finite=1 absmax=1.1621       mean=0.0036718    sumsq=168.2628609        argmax=5913
[dump]   top0 idx=5913 val=1.16208
[dump]   top1 idx=6620 val=0.76782
[dump]   top2 idx=689 val=0.74353
[dump]   top3 idx=1132 val=0.61495
[dump]   top4 idx=638 val=0.61382
[dump] L39.hcmix  n=2560    finite=1 absmax=11.748       mean=0.008309     sumsq=204.5467052        argmax=793
[dump]   top0 idx=793 val=11.74811
[dump]   top1 idx=1500 val=7.41180
[dump]   top2 idx=1039 val=0.59251
[dump]   top3 idx=2076 val=0.57959
[dump]   top4 idx=138 val=0.50034
[dump] L39.cur    n=2560    finite=1 absmax=11.748       mean=0.008309     sumsq=204.5467052        argmax=793
[dump]   top0 idx=793 val=11.74811
[dump]   top1 idx=1500 val=7.41180
[dump]   top2 idx=1039 val=0.59251
[dump]   top3 idx=2076 val=0.57959
[dump]   top4 idx=138 val=0.50034
[dump] L39.qnorm  n=6144    finite=1 absmax=5.8974       mean=0.020132     sumsq=9058.870974        argmax=2616
[dump]   top0 idx=2616 val=5.89744
[dump]   top1 idx=538 val=5.13967
[dump]   top2 idx=4886 val=5.05591
[dump]   top3 idx=3862 val=4.94925
[dump]   top4 idx=1050 val=4.59203
[dump] L39.knorm  n=512     finite=1 absmax=9.1877       mean=0.067151     sumsq=1334.834161        argmax=225
[dump] L39.vraw   n=512     finite=1 absmax=13.432       mean=-0.027893    sumsq=387.8707061        argmax=27
[dump] L39.Q      n=6144    finite=1 absmax=5.8977       mean=0.021557     sumsq=9058.870981        argmax=2616
[dump]   top0 idx=2616 val=5.89766
[dump]   top1 idx=538 val=5.13959
[dump]   top2 idx=4886 val=5.05643
[dump]   top3 idx=3862 val=4.94967
[dump]   top4 idx=1050 val=4.59197
[dump] L39.K      n=512     finite=1 absmax=9.1877       mean=0.068004     sumsq=1334.834164        argmax=225
[dump] L39.faout  n=6144    finite=1 absmax=8.6206       mean=-0.017133    sumsq=2434.87604         argmax=2843
[dump]   top0 idx=2843 val=2.82816
[dump]   top1 idx=2075 val=2.69810
[dump]   top2 idx=283 val=2.69770
[dump]   top3 idx=27 val=2.66637
[dump]   top4 idx=795 val=2.62128
[dump] L39.gate   n=6144    finite=1 absmax=3.0251       mean=-0.48588     sumsq=2105.004868        argmax=1933
[dump]   top0 idx=1933 val=0.53276
[dump]   top1 idx=526 val=0.40954
[dump]   top2 idx=525 val=0.39099
[dump]   top3 idx=586 val=0.36962
[dump]   top4 idx=520 val=0.36960
[dump] L39.gated  n=6144    finite=1 absmax=0.94869      mean=-0.0041527   sumsq=322.6061041        argmax=5428
[dump]   top0 idx=5428 val=0.92554
[dump]   top1 idx=3124 val=0.90419
[dump]   top2 idx=3636 val=0.90163
[dump]   top3 idx=3892 val=0.89812
[dump]   top4 idx=4604 val=0.84163
[dump] L39.att    n=2560    finite=1 absmax=0.61687      mean=0.00070236   sumsq=13.17061776        argmax=2307
[dump]   top0 idx=2307 val=0.61687
[dump]   top1 idx=1039 val=0.58322
[dump]   top2 idx=892 val=0.47572
[dump]   top3 idx=1717 val=0.41192
[dump]   top4 idx=2359 val=0.35094
[dump] L39.fmix   n=2560    finite=1 absmax=4.1812       mean=0.032719     sumsq=2873.676552        argmax=638
[dump]   top0 idx=638 val=4.18116
[dump]   top1 idx=2261 val=3.52899
[dump]   top2 idx=1468 val=3.34767
[dump]   top3 idx=888 val=3.20079
[dump]   top4 idx=1503 val=3.14121
[dump] L39.mlogit n=512     finite=1 absmax=8.2168       mean=-6.0192      sumsq=18830.20441        argmax=356
[dump] L39.mprob  n=512     finite=1 absmax=0.1516       mean=0.0019531    sumsq=0.02556388617      argmax=356
[dump] L39.mid    n=10      finite=1 absmax=0 mean=0 sumsq=0 ids: 356 496 128 285 82 480 334 260 45 390
[dump] L39.rlogit n=512     finite=1 absmax=8.2168       mean=-6.0192      sumsq=18830.20441        argmax=356
[dump] L39.mwt    n=10      finite=1 absmax=0.63306      mean=0.1          sumsq=0.4166244382       argmax=0
[dump] L39.mgate  n=6400    finite=1 absmax=3.6445       mean=-0.27074     sumsq=4174.545115        argmax=2600
[dump]   top0 idx=2600 val=2.50356
[dump]   top1 idx=3530 val=2.42371
[dump]   top2 idx=5654 val=2.35241
[dump]   top3 idx=5844 val=2.27597
[dump]   top4 idx=6280 val=2.19133
[dump] L39.mup    n=6400    finite=1 absmax=3.356        mean=0.0046243    sumsq=3641.168266        argmax=3465
[dump]   top0 idx=3465 val=2.88280
[dump]   top1 idx=4664 val=2.83070
[dump]   top2 idx=3710 val=2.79483
[dump]   top3 idx=6041 val=2.67963
[dump]   top4 idx=3880 val=2.65047
[dump] L39.mgu    n=6400    finite=1 absmax=2.9818       mean=-0.0045628   sumsq=442.8703507        argmax=4664
[dump]   top0 idx=4664 val=2.98185
[dump]   top1 idx=2557 val=2.60729
[dump]   top2 idx=5334 val=2.55079
[dump]   top3 idx=1182 val=2.40189
[dump]   top4 idx=5654 val=2.11531
[dump] L39.mdown  n=25600   finite=1 absmax=0.41388      mean=0.0011572    sumsq=190.0202291        argmax=2230
[dump]   top0 idx=2230 val=0.39072
[dump]   top1 idx=25113 val=0.38506
[dump]   top2 idx=23907 val=0.35210
[dump]   top3 idx=23591 val=0.34533
[dump]   top4 idx=1315 val=0.33041
[dump] L39.msh    n=2560    finite=1 absmax=0.073395     mean=-0.00024061  sumsq=0.245687639        argmax=1736
[dump]   top0 idx=1736 val=0.04467
[dump]   top1 idx=2028 val=0.04415
[dump]   top2 idx=1727 val=0.04401
[dump]   top3 idx=2215 val=0.04339
[dump]   top4 idx=1429 val=0.04122
[dump] L39.mout   n=2560    finite=1 absmax=0.27298      mean=0.0010715    sumsq=10.04185392        argmax=2230
[dump]   top0 idx=2230 val=0.22254
[dump]   top1 idx=1315 val=0.20334
[dump]   top2 idx=1327 val=0.20053
[dump]   top3 idx=705 val=0.19340
[dump]   top4 idx=236 val=0.18209
[dump] L39.moe    n=2560    finite=1 absmax=0.27298      mean=0.0010715    sumsq=10.04185392        argmax=2230
[dump]   top0 idx=2230 val=0.22254
[dump]   top1 idx=1315 val=0.20334
[dump]   top2 idx=1327 val=0.20053
[dump]   top3 idx=705 val=0.19340
[dump]   top4 idx=236 val=0.18209
[dump] L39.res    n=10240   finite=1 absmax=1.315        mean=0.0045595    sumsq=225.5301943        argmax=1039
[dump]   top0 idx=1039 val=1.31502
[dump]   top1 idx=5913 val=1.15628
[dump]   top2 idx=2230 val=0.82219
[dump]   top3 idx=2307 val=0.79988
[dump]   top4 idx=6620 val=0.76066
[dump] L40.hcmix  n=2560    finite=1 absmax=4.3401       mean=0.039947     sumsq=2081.376218        argmax=2521
[dump]   top0 idx=2521 val=3.30563
[dump]   top1 idx=2412 val=3.17238
[dump]   top2 idx=982 val=3.12094
[dump]   top3 idx=1500 val=3.04987
[dump]   top4 idx=1456 val=2.97970
[dump] L40.conv   n=10240   finite=1 absmax=5.5745       mean=-0.013375    sumsq=274.8340461        argmax=9811
[dump]   top0 idx=9811 val=5.57448
[dump]   top1 idx=6519 val=3.79312
[dump]   top2 idx=8497 val=3.49294
[dump]   top3 idx=4444 val=3.39916
[dump]   top4 idx=4429 val=3.04342
[dump] L40.gnorm  n=6144    finite=1 absmax=1.403        mean=-0.0056519   sumsq=27.48672361        argmax=1964
[dump]   top0 idx=1964 val=1.13074
[dump]   top1 idx=4883 val=0.86908
[dump]   top2 idx=4886 val=0.67638
[dump]   top3 idx=1003 val=0.54343
[dump]   top4 idx=5996 val=0.48538
[dump] L40.lin    n=2560    finite=1 absmax=0.44526      mean=0.0033512    sumsq=19.86783738        argmax=1818
[dump]   top0 idx=1818 val=0.36712
[dump]   top1 idx=1159 val=0.34809
[dump]   top2 idx=138 val=0.33856
[dump]   top3 idx=1461 val=0.31183
[dump]   top4 idx=2396 val=0.30774
[dump] L40.att    n=2560    finite=1 absmax=0.44526      mean=0.0033512    sumsq=19.86783738        argmax=1818
[dump]   top0 idx=1818 val=0.36712
[dump]   top1 idx=1159 val=0.34809
[dump]   top2 idx=138 val=0.33856
[dump]   top3 idx=1461 val=0.31183
[dump]   top4 idx=2396 val=0.30774
[dump] L40.fmix   n=2560    finite=1 absmax=4.4132       mean=0.047237     sumsq=3112.137667        argmax=2230
[dump]   top0 idx=2230 val=4.23806
[dump]   top1 idx=1039 val=4.19258
[dump]   top2 idx=2238 val=3.82742
[dump]   top3 idx=638 val=3.67800
[dump]   top4 idx=2511 val=3.37570
[dump] L40.mlogit n=512     finite=1 absmax=7.7391       mean=-5.8722      sumsq=17919.14849        argmax=280
[dump] L40.mprob  n=512     finite=1 absmax=0.044559     mean=0.0019531    sumsq=0.005498348654     argmax=280
[dump] L40.mid    n=10      finite=1 absmax=0 mean=0 sumsq=0 ids: 280 172 309 138 36 397 87 141 449 178
[dump] L40.rlogit n=512     finite=1 absmax=7.7391       mean=-5.8722      sumsq=17919.14849        argmax=280
[dump] L40.mwt    n=10      finite=1 absmax=0.31401      mean=0.1          sumsq=0.1665543783       argmax=0
[dump] L40.mgate  n=6400    finite=1 absmax=3.2907       mean=-0.40017     sumsq=4572.629874        argmax=591
[dump]   top0 idx=591 val=2.60878
[dump]   top1 idx=1180 val=2.22601
[dump]   top2 idx=1752 val=2.12486
[dump]   top3 idx=769 val=2.05361
[dump]   top4 idx=3368 val=2.05001
[dump] L40.mup    n=6400    finite=1 absmax=2.9627       mean=0.0031251    sumsq=3444.254268        argmax=569
[dump]   top0 idx=569 val=2.70989
[dump]   top1 idx=1027 val=2.69922
[dump]   top2 idx=4095 val=2.67688
[dump]   top3 idx=1427 val=2.66456
[dump]   top4 idx=3438 val=2.47842
[dump] L40.mgu    n=6400    finite=1 absmax=3.1217       mean=-0.0031911   sumsq=329.3842691        argmax=591
[dump]   top0 idx=591 val=2.39821
[dump]   top1 idx=1014 val=2.32002
[dump]   top2 idx=1669 val=1.71531
[dump]   top3 idx=5338 val=1.62867
[dump]   top4 idx=4451 val=1.48109
[dump] L40.mdown  n=25600   finite=1 absmax=0.37757      mean=5.8559e-05   sumsq=136.7600212        argmax=613
[dump]   top0 idx=613 val=0.37757
[dump]   top1 idx=7199 val=0.33628
[dump]   top2 idx=1005 val=0.32178
[dump]   top3 idx=1307 val=0.30373
[dump]   top4 idx=7611 val=0.29425
[dump] L40.msh    n=2560    finite=1 absmax=0.053973     mean=-9.6916e-05  sumsq=0.1988855192       argmax=1159
[dump]   top0 idx=1159 val=0.05397
[dump]   top1 idx=1531 val=0.04362
[dump]   top2 idx=2359 val=0.03833
[dump]   top3 idx=2337 val=0.03754
[dump]   top4 idx=1882 val=0.03430
[dump] L40.mout   n=2560    finite=1 absmax=0.13921      mean=-4.0761e-05  sumsq=3.688830026        argmax=1005
[dump]   top0 idx=1005 val=0.13921
[dump]   top1 idx=1365 val=0.13022
[dump]   top2 idx=560 val=0.12993
[dump]   top3 idx=613 val=0.12787
[dump]   top4 idx=1091 val=0.11703
[dump] L40.moe    n=2560    finite=1 absmax=0.13921      mean=-4.0761e-05  sumsq=3.688830026        argmax=1005
[dump]   top0 idx=1005 val=0.13921
[dump]   top1 idx=1365 val=0.13022
[dump]   top2 idx=560 val=0.12993
[dump]   top3 idx=613 val=0.12787
[dump]   top4 idx=1091 val=0.11703
[dump] L40.res    n=10240   finite=1 absmax=1.2277       mean=0.0053465    sumsq=270.6599169        argmax=1039
[dump]   top0 idx=1039 val=1.22766
[dump]   top1 idx=5913 val=1.15186
[dump]   top2 idx=689 val=0.85108
[dump]   top3 idx=2307 val=0.80563
[dump]   top4 idx=2230 val=0.78949
[dump] L41.hcmix  n=2560    finite=1 absmax=4.0603       mean=0.032393     sumsq=1443.113409        argmax=982
[dump]   top0 idx=982 val=2.68943
[dump]   top1 idx=1468 val=2.61709
[dump]   top2 idx=2396 val=2.56605
[dump]   top3 idx=882 val=2.55900
[dump]   top4 idx=1716 val=2.54590
[dump] L41.conv   n=10240   finite=1 absmax=2.0887       mean=-0.004674    sumsq=72.12643296        argmax=6163
[dump]   top0 idx=6163 val=2.08872
[dump]   top1 idx=6250 val=1.79507
[dump]   top2 idx=463 val=1.27600
[dump]   top3 idx=8801 val=1.26189
[dump]   top4 idx=3796 val=0.95608
[dump] L41.gnorm  n=6144    finite=1 absmax=1.1226       mean=-0.0013706   sumsq=21.81768283        argmax=3721
[dump]   top0 idx=3721 val=0.75356
[dump]   top1 idx=6035 val=0.40697
[dump]   top2 idx=1894 val=0.38573
[dump]   top3 idx=3845 val=0.35034
[dump]   top4 idx=5648 val=0.34262
[dump] L41.lin    n=2560    finite=1 absmax=0.38203      mean=-0.00021489  sumsq=11.4866068         argmax=2180
[dump]   top0 idx=2180 val=0.38203
[dump]   top1 idx=1061 val=0.33139
[dump]   top2 idx=1622 val=0.27654
[dump]   top3 idx=1039 val=0.27150
[dump]   top4 idx=882 val=0.24260
[dump] L41.att    n=2560    finite=1 absmax=0.38203      mean=-0.00021489  sumsq=11.4866068         argmax=2180
[dump]   top0 idx=2180 val=0.38203
[dump]   top1 idx=1061 val=0.33139
[dump]   top2 idx=1622 val=0.27654
[dump]   top3 idx=1039 val=0.27150
[dump]   top4 idx=882 val=0.24260
[dump] L41.fmix   n=2560    finite=1 absmax=4.5259       mean=0.048016     sumsq=3642.083573        argmax=638
[dump]   top0 idx=638 val=4.17172
[dump]   top1 idx=960 val=3.75472
[dump]   top2 idx=1947 val=3.71370
[dump]   top3 idx=1346 val=3.60193
[dump]   top4 idx=2230 val=3.52039
[dump] L41.mlogit n=512     finite=1 absmax=9.6999       mean=-6.2337      sumsq=20203.92808        argmax=240
[dump] L41.mprob  n=512     finite=1 absmax=0.040799     mean=0.0019531    sumsq=0.006152572542     argmax=240
[dump] L41.mid    n=10      finite=1 absmax=0 mean=0 sumsq=0 ids: 240 59 42 445 348 226 20 198 443 450
[dump] L41.rlogit n=512     finite=1 absmax=9.6999       mean=-6.2337      sumsq=20203.92808        argmax=240
[dump] L41.mwt    n=10      finite=1 absmax=0.23955      mean=0.1          sumsq=0.1381405422       argmax=0
[dump] L41.mgate  n=6400    finite=1 absmax=3.9383       mean=-0.46817     sumsq=5645.747614        argmax=1293
[dump]   top0 idx=1293 val=3.20429
[dump]   top1 idx=2756 val=2.15552
[dump]   top2 idx=3785 val=1.93714
[dump]   top3 idx=5492 val=1.89742
[dump]   top4 idx=3593 val=1.78765
[dump] L41.mup    n=6400    finite=1 absmax=3.326        mean=-0.0060403   sumsq=4175.935774        argmax=2046
[dump]   top0 idx=2046 val=3.32599
[dump]   top1 idx=3682 val=2.65952
[dump]   top2 idx=5209 val=2.65558
[dump]   top3 idx=450 val=2.57552
[dump]   top4 idx=0 val=2.57068
[dump] L41.mgu    n=6400    finite=1 absmax=4.0948       mean=0.00097934   sumsq=405.3339936        argmax=2756
[dump]   top0 idx=2756 val=3.27246
[dump]   top1 idx=5492 val=2.41792
[dump]   top2 idx=1895 val=1.78490
[dump]   top3 idx=6038 val=1.67674
[dump]   top4 idx=4694 val=1.63196
[dump] L41.mdown  n=25600   finite=1 absmax=0.35867      mean=-0.00048462  sumsq=164.2960364        argmax=14978
[dump]   top0 idx=14978 val=0.35867
[dump]   top1 idx=18020 val=0.34266
[dump]   top2 idx=16752 val=0.33450
[dump]   top3 idx=2207 val=0.29606
[dump]   top4 idx=10907 val=0.29297
[dump] L41.msh    n=2560    finite=1 absmax=0.052545     mean=-0.00014006  sumsq=0.1485138232       argmax=1531
[dump]   top0 idx=1531 val=0.03144
[dump]   top1 idx=1882 val=0.02944
[dump]   top2 idx=1043 val=0.02528
[dump]   top3 idx=824 val=0.02469
[dump]   top4 idx=1879 val=0.02361
[dump] L41.mout   n=2560    finite=1 absmax=0.13478      mean=-0.00069003  sumsq=2.321487455        argmax=2204
[dump]   top0 idx=2204 val=0.10032
[dump]   top1 idx=1312 val=0.09409
[dump]   top2 idx=8 val=0.09062
[dump]   top3 idx=669 val=0.08506
[dump]   top4 idx=1340 val=0.08475
[dump] L41.moe    n=2560    finite=1 absmax=0.13478      mean=-0.00069003  sumsq=2.321487455        argmax=2204
[dump]   top0 idx=2204 val=0.10032
[dump]   top1 idx=1312 val=0.09409
[dump]   top2 idx=8 val=0.09062
[dump]   top3 idx=669 val=0.08506
[dump]   top4 idx=1340 val=0.08475
[dump] L41.res    n=10240   finite=1 absmax=1.293        mean=0.0044447    sumsq=295.9272444        argmax=1039
[dump]   top0 idx=1039 val=1.29302
[dump]   top1 idx=5913 val=1.14371
[dump]   top2 idx=2307 val=0.84056
[dump]   top3 idx=2230 val=0.81440
[dump]   top4 idx=3442 val=0.81094
[dump] L42.hcmix  n=2560    finite=1 absmax=8.0366       mean=0.03149      sumsq=1444.095018        argmax=1500
[dump]   top0 idx=1500 val=8.03664
[dump]   top1 idx=882 val=3.26677
[dump]   top2 idx=2412 val=2.89277
[dump]   top3 idx=2396 val=2.87966
[dump]   top4 idx=1633 val=2.75319
[dump] L42.conv   n=10240   finite=1 absmax=2.3427       mean=-0.0020522   sumsq=58.86418263        argmax=4799
[dump]   top0 idx=4799 val=2.34274
[dump]   top1 idx=6860 val=1.82180
[dump]   top2 idx=1370 val=1.67941
[dump]   top3 idx=413 val=1.30750
[dump]   top4 idx=4367 val=1.11583
[dump] L42.gnorm  n=6144    finite=1 absmax=0.44887      mean=0.00050018   sumsq=7.825023813        argmax=5302
[dump]   top0 idx=5302 val=0.44887
[dump]   top1 idx=5339 val=0.44038
[dump]   top2 idx=3219 val=0.31479
[dump]   top3 idx=1194 val=0.29347
[dump]   top4 idx=2881 val=0.26068
[dump] L42.lin    n=2560    finite=1 absmax=0.34707      mean=-0.00056082  sumsq=5.450362406        argmax=1039
[dump]   top0 idx=1039 val=0.34707
[dump]   top1 idx=2171 val=0.18404
[dump]   top2 idx=482 val=0.17536
[dump]   top3 idx=36 val=0.17079
[dump]   top4 idx=215 val=0.16074
[dump] L42.att    n=2560    finite=1 absmax=0.34707      mean=-0.00056082  sumsq=5.450362406        argmax=1039
[dump]   top0 idx=1039 val=0.34707
[dump]   top1 idx=2171 val=0.18404
[dump]   top2 idx=482 val=0.17536
[dump]   top3 idx=36 val=0.17079
[dump]   top4 idx=215 val=0.16074
[dump] L42.fmix   n=2560    finite=1 absmax=5.8118       mean=0.028563     sumsq=3408.199986        argmax=882
[dump]   top0 idx=882 val=4.46879
[dump]   top1 idx=638 val=4.27974
[dump]   top2 idx=2412 val=3.76540
[dump]   top3 idx=960 val=3.69642
[dump]   top4 idx=667 val=3.45520
[dump] L42.mlogit n=512     finite=1 absmax=8.4063       mean=-6.1735      sumsq=19927.36903        argmax=151
[dump] L42.mprob  n=512     finite=1 absmax=0.035246     mean=0.0019531    sumsq=0.00658698183      argmax=151
[dump] L42.mid    n=10      finite=1 absmax=0 mean=0 sumsq=0 ids: 151 393 366 212 87 83 276 80 3 217
[dump] L42.rlogit n=512     finite=1 absmax=8.4063       mean=-6.1735      sumsq=19927.36903        argmax=151
[dump] L42.mwt    n=10      finite=1 absmax=0.1921       mean=0.1          sumsq=0.1231885044       argmax=0
[dump] L42.mgate  n=6400    finite=1 absmax=4.4616       mean=-0.40404     sumsq=5686.48705         argmax=1765
[dump]   top0 idx=1765 val=2.41552
[dump]   top1 idx=3379 val=2.37572
[dump]   top2 idx=1993 val=2.32647
[dump]   top3 idx=4462 val=2.24875
[dump]   top4 idx=4064 val=2.23516
[dump] L42.mup    n=6400    finite=1 absmax=3.8259       mean=-0.0040285   sumsq=4640.238395        argmax=1110
[dump]   top0 idx=1110 val=3.82591
[dump]   top1 idx=1207 val=3.20940
[dump]   top2 idx=847 val=3.19511
[dump]   top3 idx=1854 val=2.80208
[dump]   top4 idx=822 val=2.71295
[dump] L42.mgu    n=6400    finite=1 absmax=4.6899       mean=0.0041807    sumsq=519.1331579        argmax=3224
[dump]   top0 idx=3224 val=2.72881
[dump]   top1 idx=2050 val=2.37964
[dump]   top2 idx=5836 val=2.20285
[dump]   top3 idx=34 val=2.17721
[dump]   top4 idx=681 val=2.09981
[dump] L42.mdown  n=25600   finite=1 absmax=0.49026      mean=-0.00087102  sumsq=214.4216144        argmax=3920
[dump]   top0 idx=3920 val=0.39328
[dump]   top1 idx=15727 val=0.34429
[dump]   top2 idx=8880 val=0.34068
[dump]   top3 idx=5462 val=0.33565
[dump]   top4 idx=7884 val=0.33403
[dump] L42.msh    n=2560    finite=1 absmax=0.087583     mean=0.00027901   sumsq=0.37278128         argmax=1658
[dump]   top0 idx=1658 val=0.06827
[dump]   top1 idx=861 val=0.05449
[dump]   top2 idx=1202 val=0.05410
[dump]   top3 idx=1624 val=0.04877
[dump]   top4 idx=1882 val=0.04695
[dump] L42.mout   n=2560    finite=1 absmax=0.16106      mean=-0.00065066  sumsq=3.496683853        argmax=1947
[dump]   top0 idx=1947 val=0.14877
[dump]   top1 idx=1202 val=0.14287
[dump]   top2 idx=1360 val=0.13160
[dump]   top3 idx=518 val=0.12231
[dump]   top4 idx=257 val=0.11719
[dump] L42.moe    n=2560    finite=1 absmax=0.16106      mean=-0.00065066  sumsq=3.496683853        argmax=1947
[dump]   top0 idx=1947 val=0.14877
[dump]   top1 idx=1202 val=0.14287
[dump]   top2 idx=1360 val=0.13160
[dump]   top3 idx=518 val=0.12231
[dump]   top4 idx=257 val=0.11719
[dump] L42.res    n=10240   finite=1 absmax=1.5072       mean=0.0035571    sumsq=339.5333242        argmax=1039
[dump]   top0 idx=1039 val=1.50715
[dump]   top1 idx=5913 val=1.14223
[dump]   top2 idx=3442 val=1.03242
[dump]   top3 idx=3599 val=1.01533
[dump]   top4 idx=482 val=0.86526
[dump] L43.hcmix  n=2560    finite=1 absmax=4.6716       mean=0.0014369    sumsq=53.88904953        argmax=1500
[dump]   top0 idx=1500 val=4.67164
[dump]   top1 idx=1039 val=2.85113
[dump]   top2 idx=882 val=0.80951
[dump]   top3 idx=2311 val=0.56198
[dump]   top4 idx=138 val=0.51307
[dump] L43.cur    n=2560    finite=1 absmax=4.6716       mean=0.0014369    sumsq=53.88904953        argmax=1500
[dump]   top0 idx=1500 val=4.67164
[dump]   top1 idx=1039 val=2.85113
[dump]   top2 idx=882 val=0.80951
[dump]   top3 idx=2311 val=0.56198
[dump]   top4 idx=138 val=0.51307
[dump] L43.qnorm  n=6144    finite=1 absmax=7.0594       mean=0.0044873    sumsq=9600.440963        argmax=5729
[dump]   top0 idx=5729 val=4.84128
[dump]   top1 idx=395 val=4.57375
[dump]   top2 idx=3121 val=4.53173
[dump]   top3 idx=558 val=4.51357
[dump]   top4 idx=46 val=4.48994
[dump] L43.knorm  n=512     finite=1 absmax=9.0608       mean=0.099748     sumsq=1211.568398        argmax=147
[dump] L43.vraw   n=512     finite=1 absmax=1.6733       mean=-0.033705    sumsq=124.8186325        argmax=292
[dump] L43.Q      n=6144    finite=1 absmax=7.0593       mean=0.012845     sumsq=9600.440964        argmax=5729
[dump]   top0 idx=5729 val=4.84128
[dump]   top1 idx=395 val=4.57375
[dump]   top2 idx=3121 val=4.53133
[dump]   top3 idx=558 val=4.48461
[dump]   top4 idx=46 val=4.47405
[dump] L43.K      n=512     finite=1 absmax=9.0608       mean=0.099506     sumsq=1211.568399        argmax=147
[dump] L43.faout  n=6144    finite=1 absmax=1.7086       mean=-0.034612    sumsq=1689.034442        argmax=3876
[dump]   top0 idx=3876 val=1.44773
[dump]   top1 idx=4132 val=1.43661
[dump]   top2 idx=4388 val=1.43652
[dump]   top3 idx=3364 val=1.43632
[dump]   top4 idx=5156 val=1.43573
[dump] L43.gate   n=6144    finite=1 absmax=1.4912       mean=-0.15529     sumsq=411.5842696        argmax=987
[dump]   top0 idx=987 val=0.29753
[dump]   top1 idx=3932 val=0.26125
[dump]   top2 idx=895 val=0.24635
[dump]   top3 idx=3440 val=0.23495
[dump]   top4 idx=626 val=0.22069
[dump] L43.gated  n=6144    finite=1 absmax=0.81227      mean=-0.015353    sumsq=368.2861614        argmax=3364
[dump]   top0 idx=3364 val=0.69205
[dump]   top1 idx=2430 val=0.68208
[dump]   top2 idx=4644 val=0.68065
[dump]   top3 idx=5924 val=0.67493
[dump]   top4 idx=1854 val=0.65946
[dump] L43.att    n=2560    finite=1 absmax=0.33422      mean=0.0016991    sumsq=5.851108484        argmax=1391
[dump]   top0 idx=1391 val=0.33422
[dump]   top1 idx=951 val=0.31256
[dump]   top2 idx=1616 val=0.27260
[dump]   top3 idx=1094 val=0.26598
[dump]   top4 idx=728 val=0.26189
[dump] L43.fmix   n=2560    finite=1 absmax=4.1786       mean=0.022766     sumsq=2366.402293        argmax=1947
[dump]   top0 idx=1947 val=3.60718
[dump]   top1 idx=667 val=3.46619
[dump]   top2 idx=960 val=3.13180
[dump]   top3 idx=990 val=3.05051
[dump]   top4 idx=2412 val=2.90071
[dump] L43.mlogit n=512     finite=1 absmax=8.6242       mean=-6.0478      sumsq=18973.77394        argmax=300
[dump] L43.mprob  n=512     finite=1 absmax=0.042433     mean=0.0019531    sumsq=0.005203070092     argmax=300
[dump] L43.mid    n=10      finite=1 absmax=0 mean=0 sumsq=0 ids: 300 180 86 2 293 133 60 146 278 64
[dump] L43.rlogit n=512     finite=1 absmax=8.6242       mean=-6.0478      sumsq=18973.77394        argmax=300
[dump] L43.mwt    n=10      finite=1 absmax=0.2847       mean=0.1          sumsq=0.1423476612       argmax=0
[dump] L43.mgate  n=6400    finite=1 absmax=3.3979       mean=-0.35078     sumsq=3785.216851        argmax=968
[dump]   top0 idx=968 val=2.26123
[dump]   top1 idx=1111 val=2.17554
[dump]   top2 idx=2952 val=2.13613
[dump]   top3 idx=2962 val=1.95554
[dump]   top4 idx=953 val=1.89931
[dump] L43.mup    n=6400    finite=1 absmax=2.6661       mean=-0.0036145   sumsq=2972.396758        argmax=3743
[dump]   top0 idx=3743 val=2.44693
[dump]   top1 idx=3567 val=2.29143
[dump]   top2 idx=4843 val=2.28976
[dump]   top3 idx=5965 val=2.16207
[dump]   top4 idx=5148 val=2.14905
[dump] L43.mgu    n=6400    finite=1 absmax=2.2346       mean=-0.00333     sumsq=231.0984138        argmax=3292
[dump]   top0 idx=3292 val=1.86317
[dump]   top1 idx=4046 val=1.45169
[dump]   top2 idx=1087 val=1.25784
[dump]   top3 idx=951 val=1.18819
[dump]   top4 idx=5382 val=1.13373
[dump] L43.mdown  n=25600   finite=1 absmax=0.3054       mean=0.0003546    sumsq=99.64884911        argmax=4751
[dump]   top0 idx=4751 val=0.30540
[dump]   top1 idx=5200 val=0.24874
[dump]   top2 idx=18323 val=0.24752
[dump]   top3 idx=16719 val=0.23922
[dump]   top4 idx=17352 val=0.23697
[dump] L43.msh    n=2560    finite=1 absmax=0.038222     mean=1.9078e-06   sumsq=0.1804234968       argmax=728
[dump]   top0 idx=728 val=0.03822
[dump]   top1 idx=1388 val=0.03521
[dump]   top2 idx=2056 val=0.03498
[dump]   top3 idx=716 val=0.03035
[dump]   top4 idx=634 val=0.02934
[dump] L43.mout   n=2560    finite=1 absmax=0.079546     mean=0.00015372   sumsq=1.627296235        argmax=1648
[dump]   top0 idx=1648 val=0.07955
[dump]   top1 idx=1076 val=0.07743
[dump]   top2 idx=315 val=0.07728
[dump]   top3 idx=889 val=0.07437
[dump]   top4 idx=634 val=0.07233
[dump] L43.moe    n=2560    finite=1 absmax=0.079546     mean=0.00015372   sumsq=1.627296235        argmax=1648
[dump]   top0 idx=1648 val=0.07955
[dump]   top1 idx=1076 val=0.07743
[dump]   top2 idx=315 val=0.07728
[dump]   top3 idx=889 val=0.07437
[dump]   top4 idx=634 val=0.07233
[dump] L43.res    n=10240   finite=1 absmax=1.4605       mean=0.0044108    sumsq=372.0036497        argmax=1039
[dump]   top0 idx=1039 val=1.46052
[dump]   top1 idx=3442 val=1.04523
[dump]   top2 idx=3599 val=1.01006
[dump]   top3 idx=482 val=0.85203
[dump]   top4 idx=2307 val=0.84227
[dump] L44.hcmix  n=2560    finite=1 absmax=4.1952       mean=0.033168     sumsq=1195.940371        argmax=960
[dump]   top0 idx=960 val=4.19524
[dump]   top1 idx=882 val=3.95571
[dump]   top2 idx=1633 val=3.43559
[dump]   top3 idx=792 val=3.30872
[dump]   top4 idx=482 val=3.13847
[dump] L44.conv   n=10240   finite=1 absmax=4.2945       mean=-0.010906    sumsq=182.6716627        argmax=905
[dump]   top0 idx=905 val=4.29445
[dump]   top1 idx=2040 val=2.96598
[dump]   top2 idx=3569 val=2.18720
[dump]   top3 idx=1130 val=1.83011
[dump]   top4 idx=9046 val=1.67466
[dump] L44.gnorm  n=6144    finite=1 absmax=1.1507       mean=-0.11885     sumsq=400.0756778        argmax=1103
[dump]   top0 idx=1103 val=1.06799
[dump]   top1 idx=3589 val=0.80951
[dump]   top2 idx=5142 val=0.71080
[dump]   top3 idx=3959 val=0.68443
[dump]   top4 idx=5212 val=0.65044
[dump] L44.lin    n=2560    finite=1 absmax=1.1516       mean=0.0024234    sumsq=77.24696099        argmax=1101
[dump]   top0 idx=1101 val=0.65682
[dump]   top1 idx=957 val=0.58924
[dump]   top2 idx=200 val=0.55194
[dump]   top3 idx=1800 val=0.54763
[dump]   top4 idx=1841 val=0.54560
[dump] L44.att    n=2560    finite=1 absmax=1.1516       mean=0.0024234    sumsq=77.24696099        argmax=1101
[dump]   top0 idx=1101 val=0.65682
[dump]   top1 idx=957 val=0.58924
[dump]   top2 idx=200 val=0.55194
[dump]   top3 idx=1800 val=0.54763
[dump]   top4 idx=1841 val=0.54560
[dump] L44.fmix   n=2560    finite=1 absmax=5.0511       mean=0.030081     sumsq=3457.800184        argmax=1947
[dump]   top0 idx=1947 val=4.38154
[dump]   top1 idx=960 val=4.31449
[dump]   top2 idx=990 val=4.29781
[dump]   top3 idx=1633 val=4.15847
[dump]   top4 idx=882 val=3.78248
[dump] L44.mlogit n=512     finite=1 absmax=11.409       mean=-6.3447      sumsq=20978.24706        argmax=433
[dump] L44.mprob  n=512     finite=1 absmax=0.053257     mean=0.0019531    sumsq=0.01123557954      argmax=433
[dump] L44.mid    n=10      finite=1 absmax=0 mean=0 sumsq=0 ids: 433 56 209 405 277 338 174 263 119 359
[dump] L44.rlogit n=512     finite=1 absmax=11.409       mean=-6.3447      sumsq=20978.24706        argmax=433
[dump] L44.mwt    n=10      finite=1 absmax=0.21169      mean=0.1          sumsq=0.1515427535       argmax=0
[dump] L44.mgate  n=6400    finite=1 absmax=3.4773       mean=-0.4395      sumsq=5434.058683        argmax=3709
[dump]   top0 idx=3709 val=2.53411
[dump]   top1 idx=1985 val=2.34273
[dump]   top2 idx=2327 val=2.31903
[dump]   top3 idx=3750 val=2.29840
[dump]   top4 idx=2340 val=2.19947
[dump] L44.mup    n=6400    finite=1 absmax=3.3583       mean=0.011195     sumsq=4165.26542         argmax=3273
[dump]   top0 idx=3273 val=3.12231
[dump]   top1 idx=1767 val=2.97208
[dump]   top2 idx=3768 val=2.93948
[dump]   top3 idx=2008 val=2.91079
[dump]   top4 idx=3058 val=2.88306
[dump] L44.mgu    n=6400    finite=1 absmax=4.0207       mean=0.0025309    sumsq=466.4327255        argmax=3574
[dump]   top0 idx=3574 val=4.02068
[dump]   top1 idx=2733 val=2.57008
[dump]   top2 idx=2632 val=2.26365
[dump]   top3 idx=4233 val=2.14807
[dump]   top4 idx=3073 val=2.13038
[dump] L44.mdown  n=25600   finite=1 absmax=0.44836      mean=0.0004603    sumsq=200.8325329        argmax=12010
[dump]   top0 idx=12010 val=0.44143
[dump]   top1 idx=14418 val=0.38275
[dump]   top2 idx=13035 val=0.37480
[dump]   top3 idx=15078 val=0.34966
[dump]   top4 idx=12596 val=0.34005
[dump] L44.msh    n=2560    finite=1 absmax=0.058324     mean=-0.0002824   sumsq=0.2712098427       argmax=1387
[dump]   top0 idx=1387 val=0.04635
[dump]   top1 idx=1238 val=0.04546
[dump]   top2 idx=530 val=0.03712
[dump]   top3 idx=72 val=0.03573
[dump]   top4 idx=1965 val=0.03525
[dump] L44.mout   n=2560    finite=1 absmax=0.13323      mean=0.00038325   sumsq=3.319845407        argmax=1310
[dump]   top0 idx=1310 val=0.13323
[dump]   top1 idx=408 val=0.12056
[dump]   top2 idx=634 val=0.11764
[dump]   top3 idx=2356 val=0.11278
[dump]   top4 idx=1220 val=0.10683
[dump] L44.moe    n=2560    finite=1 absmax=0.13323      mean=0.00038325   sumsq=3.319845407        argmax=1310
[dump]   top0 idx=1310 val=0.13323
[dump]   top1 idx=408 val=0.12056
[dump]   top2 idx=634 val=0.11764
[dump]   top3 idx=2356 val=0.11278
[dump]   top4 idx=1220 val=0.10683
[dump] L44.res    n=10240   finite=1 absmax=1.7814       mean=0.0057487    sumsq=546.0342412        argmax=1039
[dump]   top0 idx=1039 val=1.67858
[dump]   top1 idx=2013 val=1.15775
[dump]   top2 idx=550 val=1.12806
[dump]   top3 idx=990 val=1.11907
[dump]   top4 idx=1159 val=1.09039
[dump] L45.hcmix  n=2560    finite=1 absmax=4.0679       mean=0.01826      sumsq=1347.625466        argmax=882
[dump]   top0 idx=882 val=3.44751
[dump]   top1 idx=2396 val=2.95612
[dump]   top2 idx=2412 val=2.86879
[dump]   top3 idx=1633 val=2.79024
[dump]   top4 idx=1182 val=2.45813
[dump] L45.conv   n=10240   finite=1 absmax=1.3806       mean=-0.0037038   sumsq=55.54341559        argmax=1014
[dump]   top0 idx=1014 val=1.38056
[dump]   top1 idx=1972 val=1.21456
[dump]   top2 idx=325 val=1.10705
[dump]   top3 idx=332 val=0.99676
[dump]   top4 idx=1303 val=0.94336
[dump] L45.gnorm  n=6144    finite=1 absmax=4.3033       mean=-0.011339    sumsq=258.3969696        argmax=5209
[dump]   top0 idx=5209 val=2.58662
[dump]   top1 idx=5103 val=1.97639
[dump]   top2 idx=1728 val=1.82031
[dump]   top3 idx=5145 val=1.73822
[dump]   top4 idx=5175 val=1.56299
[dump] L45.lin    n=2560    finite=1 absmax=1.4321       mean=0.0047676    sumsq=169.4042636        argmax=1882
[dump]   top0 idx=1882 val=1.14358
[dump]   top1 idx=1685 val=1.07040
[dump]   top2 idx=1429 val=1.03166
[dump]   top3 idx=353 val=0.94504
[dump]   top4 idx=1795 val=0.91353
[dump] L45.att    n=2560    finite=1 absmax=1.4321       mean=0.0047676    sumsq=169.4042636        argmax=1882
[dump]   top0 idx=1882 val=1.14358
[dump]   top1 idx=1685 val=1.07040
[dump]   top2 idx=1429 val=1.03166
[dump]   top3 idx=353 val=0.94504
[dump]   top4 idx=1795 val=0.91353
[dump] L45.fmix   n=2560    finite=1 absmax=5.4176       mean=0.034627     sumsq=3906.243795        argmax=634
[dump]   top0 idx=634 val=5.41761
[dump]   top1 idx=1301 val=4.89920
[dump]   top2 idx=1795 val=4.79347
[dump]   top3 idx=1633 val=4.21143
[dump]   top4 idx=531 val=4.10087
[dump] L45.mlogit n=512     finite=1 absmax=11.609       mean=-6.3714      sumsq=21135.59291        argmax=237
[dump] L45.mprob  n=512     finite=1 absmax=0.14275      mean=0.0019531    sumsq=0.02529548978      argmax=237
[dump] L45.mid    n=10      finite=1 absmax=0 mean=0 sumsq=0 ids: 237 303 443 227 475 406 48 442 51 271
[dump] L45.rlogit n=512     finite=1 absmax=11.609       mean=-6.3714      sumsq=21135.59291        argmax=237
[dump] L45.mwt    n=10      finite=1 absmax=0.48192      mean=0.1          sumsq=0.2723908114       argmax=0
[dump] L45.mgate  n=6400    finite=1 absmax=4.8612       mean=-0.67794     sumsq=7523.718587        argmax=4054
[dump]   top0 idx=4054 val=3.38869
[dump]   top1 idx=3533 val=2.41990
[dump]   top2 idx=45 val=2.09223
[dump]   top3 idx=2226 val=2.04302
[dump]   top4 idx=2711 val=1.94136
[dump] L45.mup    n=6400    finite=1 absmax=3.6879       mean=0.0086324    sumsq=5023.771713        argmax=5070
[dump]   top0 idx=5070 val=3.38288
[dump]   top1 idx=5037 val=3.28553
[dump]   top2 idx=2000 val=3.10045
[dump]   top3 idx=4989 val=2.99405
[dump]   top4 idx=2861 val=2.99138
[dump] L45.mgu    n=6400    finite=1 absmax=3.3001       mean=-0.0036744   sumsq=417.6236612        argmax=3835
[dump]   top0 idx=3835 val=2.72043
[dump]   top1 idx=3533 val=2.72014
[dump]   top2 idx=4211 val=2.68671
[dump]   top3 idx=2566 val=2.38459
[dump]   top4 idx=5501 val=2.29588
[dump] L45.mdown  n=25600   finite=1 absmax=0.33776      mean=-0.00076048  sumsq=168.8269833        argmax=20768
[dump]   top0 idx=20768 val=0.32849
[dump]   top1 idx=20100 val=0.32704
[dump]   top2 idx=21034 val=0.31610
[dump]   top3 idx=15486 val=0.31106
[dump]   top4 idx=15147 val=0.30929
[dump] L45.msh    n=2560    finite=1 absmax=0.13255      mean=-0.00072006  sumsq=0.5205020466       argmax=2187
[dump]   top0 idx=2187 val=0.09545
[dump]   top1 idx=1795 val=0.05821
[dump]   top2 idx=2028 val=0.05779
[dump]   top3 idx=1933 val=0.05675
[dump]   top4 idx=2171 val=0.05327
[dump] L45.mout   n=2560    finite=1 absmax=0.23887      mean=-0.0014663   sumsq=4.203616659        argmax=2187
[dump]   top0 idx=2187 val=0.20254
[dump]   top1 idx=1353 val=0.15324
[dump]   top2 idx=1027 val=0.14782
[dump]   top3 idx=283 val=0.14344
[dump]   top4 idx=2540 val=0.13867
[dump] L45.moe    n=2560    finite=1 absmax=0.23887      mean=-0.0014663   sumsq=4.203616659        argmax=2187
[dump]   top0 idx=2187 val=0.20254
[dump]   top1 idx=1353 val=0.15324
[dump]   top2 idx=1027 val=0.14782
[dump]   top3 idx=283 val=0.14344
[dump]   top4 idx=2540 val=0.13867
[dump] L45.res    n=10240   finite=1 absmax=2.0218       mean=0.0055019    sumsq=956.1400521        argmax=1039
[dump]   top0 idx=1039 val=2.01152
[dump]   top1 idx=3599 val=1.82863
[dump]   top2 idx=4972 val=1.77974
[dump]   top3 idx=4442 val=1.68239
[dump]   top4 idx=4355 val=1.52826
[dump] L46.hcmix  n=2560    finite=1 absmax=5.0457       mean=0.016447     sumsq=1714.21994         argmax=1795
[dump]   top0 idx=1795 val=3.59142
[dump]   top1 idx=1134 val=3.26956
[dump]   top2 idx=1182 val=2.92768
[dump]   top3 idx=634 val=2.89838
[dump]   top4 idx=1630 val=2.89263
[dump] L46.conv   n=10240   finite=1 absmax=2.6599       mean=-0.0044812   sumsq=88.72639257        argmax=1390
[dump]   top0 idx=1390 val=2.65986
[dump]   top1 idx=1307 val=2.10270
[dump]   top2 idx=657 val=1.52765
[dump]   top3 idx=1526 val=1.46821
[dump]   top4 idx=1326 val=1.23954
[dump] L46.gnorm  n=6144    finite=1 absmax=4.2775       mean=-0.0046434   sumsq=338.9929574        argmax=2752
[dump]   top0 idx=2752 val=1.92458
[dump]   top1 idx=487 val=1.69318
[dump]   top2 idx=5324 val=1.67055
[dump]   top3 idx=2783 val=1.64790
[dump]   top4 idx=5374 val=1.48056
[dump] L46.lin    n=2560    finite=1 absmax=4.2161       mean=-0.002685    sumsq=215.8754663        argmax=1921
[dump]   top0 idx=1921 val=3.19334
[dump]   top1 idx=1497 val=2.22474
[dump]   top2 idx=1159 val=2.00993
[dump]   top3 idx=190 val=1.68787
[dump]   top4 idx=19 val=1.55261
[dump] L46.att    n=2560    finite=1 absmax=4.2161       mean=-0.002685    sumsq=215.8754663        argmax=1921
[dump]   top0 idx=1921 val=3.19334
[dump]   top1 idx=1497 val=2.22474
[dump]   top2 idx=1159 val=2.00993
[dump]   top3 idx=190 val=1.68787
[dump]   top4 idx=19 val=1.55261
[dump] L46.fmix   n=2560    finite=1 absmax=5.906        mean=0.013831     sumsq=3957.789934        argmax=1182
[dump]   top0 idx=1182 val=4.70929
[dump]   top1 idx=260 val=4.38855
[dump]   top2 idx=954 val=4.37341
[dump]   top3 idx=531 val=4.24021
[dump]   top4 idx=1787 val=4.17213
[dump] L46.mlogit n=512     finite=1 absmax=9.9891       mean=-6.5439      sumsq=22255.41745        argmax=25
[dump] L46.mprob  n=512     finite=1 absmax=0.05558      mean=0.0019531    sumsq=0.009287662838     argmax=25
[dump] L46.mid    n=10      finite=1 absmax=0 mean=0 sumsq=0 ids: 25 338 388 171 348 60 297 418 343 230
[dump] L46.rlogit n=512     finite=1 absmax=9.9891       mean=-6.5439      sumsq=22255.41745        argmax=25
[dump] L46.mwt    n=10      finite=1 absmax=0.2569       mean=0.1          sumsq=0.162552014        argmax=0
[dump] L46.mgate  n=6400    finite=1 absmax=4.7789       mean=-0.7313      sumsq=8662.190833        argmax=2381
[dump]   top0 idx=2381 val=2.62874
[dump]   top1 idx=4544 val=2.45597
[dump]   top2 idx=3 val=2.43983
[dump]   top3 idx=3230 val=2.34372
[dump]   top4 idx=1564 val=2.32323
[dump] L46.mup    n=6400    finite=1 absmax=4.5354       mean=0.00095587   sumsq=5638.687682        argmax=754
[dump]   top0 idx=754 val=4.53544
[dump]   top1 idx=2865 val=4.01311
[dump]   top2 idx=3880 val=3.96403
[dump]   top3 idx=2185 val=3.55401
[dump]   top4 idx=2826 val=3.33686
[dump] L46.mgu    n=6400    finite=1 absmax=7.1535       mean=0.0072149    sumsq=514.7019277        argmax=2185
[dump]   top0 idx=2185 val=7.15347
[dump]   top1 idx=830 val=2.73487
[dump]   top2 idx=3230 val=2.50879
[dump]   top3 idx=4091 val=2.23306
[dump]   top4 idx=702 val=2.21536
[dump] L46.mdown  n=25600   finite=1 absmax=0.51572      mean=0.00093663   sumsq=216.1036079        argmax=3056
[dump]   top0 idx=3056 val=0.46122
[dump]   top1 idx=8882 val=0.45942
[dump]   top2 idx=3005 val=0.39043
[dump]   top3 idx=8443 val=0.38832
[dump]   top4 idx=3222 val=0.38727
[dump] L46.msh    n=2560    finite=1 absmax=0.12664      mean=-0.00027423  sumsq=1.022403203        argmax=1290
[dump]   top0 idx=1290 val=0.10807
[dump]   top1 idx=951 val=0.10608
[dump]   top2 idx=617 val=0.10405
[dump]   top3 idx=2238 val=0.10161
[dump]   top4 idx=19 val=0.10129
[dump] L46.mout   n=2560    finite=1 absmax=0.26024      mean=0.00025666   sumsq=6.01927748         argmax=1290
[dump]   top0 idx=1290 val=0.26024
[dump]   top1 idx=951 val=0.17260
[dump]   top2 idx=386 val=0.16854
[dump]   top3 idx=706 val=0.16619
[dump]   top4 idx=1338 val=0.16517
[dump] L46.moe    n=2560    finite=1 absmax=0.26024      mean=0.00025666   sumsq=6.01927748         argmax=1290
[dump]   top0 idx=1290 val=0.26024
[dump]   top1 idx=951 val=0.17260
[dump]   top2 idx=386 val=0.16854
[dump]   top3 idx=706 val=0.16619
[dump]   top4 idx=1338 val=0.16517
[dump] L46.res    n=10240   finite=1 absmax=5.1091       mean=0.0048996    sumsq=1313.038112        argmax=4481
[dump]   top0 idx=4481 val=4.17754
[dump]   top1 idx=3719 val=2.20163
[dump]   top2 idx=3114 val=1.93355
[dump]   top3 idx=1039 val=1.89477
[dump]   top4 idx=5002 val=1.84709
[dump] L47.hcmix  n=2560    finite=1 absmax=2.8257       mean=0.012012     sumsq=815.6086167        argmax=954
[dump]   top0 idx=954 val=2.80953
[dump]   top1 idx=482 val=2.31860
[dump]   top2 idx=265 val=2.14218
[dump]   top3 idx=452 val=2.14129
[dump]   top4 idx=780 val=2.11876
[dump] L47.cur    n=2560    finite=1 absmax=2.8257       mean=0.012012     sumsq=815.6086167        argmax=954
[dump]   top0 idx=954 val=2.80953
[dump]   top1 idx=482 val=2.31860
[dump]   top2 idx=265 val=2.14218
[dump]   top3 idx=452 val=2.14129
[dump]   top4 idx=780 val=2.11876
[dump] L47.qnorm  n=6144    finite=1 absmax=11.122       mean=-0.0073614   sumsq=10293.33611        argmax=5650
[dump]   top0 idx=5650 val=11.12213
[dump]   top1 idx=3602 val=10.57121
[dump]   top2 idx=5138 val=10.04974
[dump]   top3 idx=5906 val=9.94837
[dump]   top4 idx=4626 val=9.70226
[dump] L47.knorm  n=512     finite=1 absmax=11.309       mean=0.050826     sumsq=1090.922196        argmax=314
[dump] L47.vraw   n=512     finite=1 absmax=2.5535       mean=-0.047926    sumsq=444.894715         argmax=56
[dump] L47.Q      n=6144    finite=1 absmax=11.124       mean=-0.019021    sumsq=10293.33608        argmax=5650
[dump]   top0 idx=5650 val=11.12442
[dump]   top1 idx=3602 val=10.57207
[dump]   top2 idx=5138 val=10.04760
[dump]   top3 idx=5906 val=9.95116
[dump]   top4 idx=4626 val=9.69538
[dump] L47.K      n=512     finite=1 absmax=11.309       mean=0.0053321    sumsq=1090.922195        argmax=314
[dump] L47.faout  n=6144    finite=1 absmax=2.5315       mean=-0.030174    sumsq=4799.205679        argmax=1080
[dump]   top0 idx=1080 val=2.53149
[dump]   top1 idx=568 val=2.50815
[dump]   top2 idx=1592 val=2.50192
[dump]   top3 idx=824 val=2.46991
[dump]   top4 idx=1848 val=2.44695
[dump] L47.gate   n=6144    finite=1 absmax=6.9311       mean=-2.0976      sumsq=39609.40849        argmax=5792
[dump]   top0 idx=5792 val=3.59236
[dump]   top1 idx=5816 val=3.48939
[dump]   top2 idx=5771 val=3.39370
[dump]   top3 idx=5669 val=3.36567
[dump]   top4 idx=5735 val=3.35988
[dump] L47.gated  n=6144    finite=1 absmax=1.1769       mean=-0.0013591   sumsq=112.7629378        argmax=1148
[dump]   top0 idx=1148 val=1.02076
[dump]   top1 idx=3402 val=0.98407
[dump]   top2 idx=5814 val=0.85188
[dump]   top3 idx=2940 val=0.81511
[dump]   top4 idx=2172 val=0.78997
[dump] L47.att    n=2560    finite=1 absmax=1.7967       mean=-0.003336    sumsq=52.5780833         argmax=1027
[dump]   top0 idx=1027 val=0.86001
[dump]   top1 idx=722 val=0.79283
[dump]   top2 idx=579 val=0.73457
[dump]   top3 idx=2450 val=0.70119
[dump]   top4 idx=1827 val=0.70090
[dump] L47.fmix   n=2560    finite=1 absmax=5.1723       mean=0.0070064    sumsq=3380.074035        argmax=1551
[dump]   top0 idx=1551 val=4.46442
[dump]   top1 idx=531 val=4.30982
[dump]   top2 idx=1795 val=3.75607
[dump]   top3 idx=780 val=3.68392
[dump]   top4 idx=1159 val=3.58248
[dump] L47.mlogit n=512     finite=1 absmax=9.0482       mean=-6.1204      sumsq=19603.74721        argmax=95
[dump] L47.mprob  n=512     finite=1 absmax=0.075508     mean=0.0019531    sumsq=0.009527641805     argmax=95
[dump] L47.mid    n=10      finite=1 absmax=0 mean=0 sumsq=0 ids: 95 157 451 82 273 272 245 352 430 186
[dump] L47.rlogit n=512     finite=1 absmax=9.0482       mean=-6.1204      sumsq=19603.74721        argmax=95
[dump] L47.mwt    n=10      finite=1 absmax=0.39062      mean=0.1          sumsq=0.2015518188       argmax=0
[dump] L47.mgate  n=6400    finite=1 absmax=7.9002       mean=-0.90831     sumsq=13748.63862        argmax=990
[dump]   top0 idx=990 val=2.42188
[dump]   top1 idx=2868 val=2.41392
[dump]   top2 idx=691 val=2.33682
[dump]   top3 idx=1456 val=2.31898
[dump]   top4 idx=4785 val=2.21273
[dump] L47.mup    n=6400    finite=1 absmax=4.4177       mean=0.010613     sumsq=6122.874753        argmax=5316
[dump]   top0 idx=5316 val=4.14709
[dump]   top1 idx=1257 val=4.06815
[dump]   top2 idx=4642 val=3.95753
[dump]   top3 idx=4484 val=3.86850
[dump]   top4 idx=5430 val=3.79893
[dump] L47.mgu    n=6400    finite=1 absmax=4.4539       mean=0.0016143    sumsq=557.8487627        argmax=5023
[dump]   top0 idx=5023 val=4.45391
[dump]   top1 idx=4785 val=3.61203
[dump]   top2 idx=1699 val=3.61192
[dump]   top3 idx=3225 val=3.24963
[dump]   top4 idx=5956 val=2.76705
[dump] L47.mdown  n=25600   finite=1 absmax=0.95376      mean=-0.00080309  sumsq=279.608635         argmax=18554
[dump]   top0 idx=18554 val=0.95376
[dump]   top1 idx=14172 val=0.93835
[dump]   top2 idx=13523 val=0.74865
[dump]   top3 idx=14759 val=0.72436
[dump]   top4 idx=14721 val=0.59676
[dump] L47.msh    n=2560    finite=1 absmax=0.67486      mean=0.00046244   sumsq=8.038645874        argmax=1391
[dump]   top0 idx=1391 val=0.67486
[dump]   top1 idx=192 val=0.36118
[dump]   top2 idx=1921 val=0.35251
[dump]   top3 idx=1413 val=0.35061
[dump]   top4 idx=728 val=0.33139
[dump] L47.mout   n=2560    finite=1 absmax=0.71421      mean=-0.00020804  sumsq=15.95392412        argmax=1391
[dump]   top0 idx=1391 val=0.71421
[dump]   top1 idx=1921 val=0.49195
[dump]   top2 idx=728 val=0.40097
[dump]   top3 idx=2238 val=0.36759
[dump]   top4 idx=192 val=0.35986
[dump] L47.moe    n=2560    finite=1 absmax=0.71421      mean=-0.00020804  sumsq=15.95392412        argmax=1391
[dump]   top0 idx=1391 val=0.71421
[dump]   top1 idx=1921 val=0.49195
[dump]   top2 idx=728 val=0.40097
[dump]   top3 idx=2238 val=0.36759
[dump]   top4 idx=192 val=0.35986
[dump] L47.res    n=10240   finite=1 absmax=5.4069       mean=0.0030075    sumsq=1432.920226        argmax=4481
[dump]   top0 idx=4481 val=5.14837
[dump]   top1 idx=3719 val=2.63474
[dump]   top2 idx=5002 val=2.33700
[dump]   top3 idx=3114 val=1.97707
[dump]   top4 idx=1159 val=1.92738
[dump] final      n=2560    finite=1 absmax=50.649       mean=-0.0075735   sumsq=28728.43319        argmax=1921
[dump]   top0 idx=1921 val=32.94134
[dump]   top1 idx=1159 val=28.95321
[dump]   top2 idx=1413 val=19.87305
[dump]   top3 idx=2442 val=18.44144
[dump]   top4 idx=1391 val=16.87996
[dump] logits     n=248320  finite=1 absmax=12.698       mean=-2.1876      sumsq=2088742.064        argmax=248044
[dump]   top0 idx=248044 val=12.69837
[dump]   top1 idx=248046 val=12.53095
[dump]   top2 idx=248058 val=10.82615
[dump]   top3 idx=248069 val=10.65664
[dump]   top4 idx=7 val=10.29717
