"Kind","Direction","Stream_Id","Source_Agent_Id","Destination_Agent_Id","Correlation_Id","Start_Timestamp","End_Timestamp"
"MEMORY_COPY","MEMORY_COPY_HOST_TO_DEVICE",1,"Agent 0","Agent 2",193,121610293945264,121610297218870
"MEMORY_COPY","MEMORY_COPY_HOST_TO_DEVICE",1,"Agent 0","Agent 2",194,121610301037703,121610303778394
"MEMORY_COPY","MEMORY_COPY_HOST_TO_DEVICE",1,"Agent 0","Agent 2",195,121610304382289,121610304435367
"MEMORY_COPY","MEMORY_COPY_HOST_TO_DEVICE",1,"Agent 0","Agent 2",196,121610304474468,121610304479090
"MEMORY_COPY","MEMORY_COPY_HOST_TO_DEVICE",1,"Agent 0","Agent 2",197,121610305057526,121610305154538
"MEMORY_COPY","MEMORY_COPY_HOST_TO_DEVICE",1,"Agent 0","Agent 2",198,121610305739661,121610305850575
"MEMORY_COPY","MEMORY_COPY_HOST_TO_DEVICE",1,"Agent 0","Agent 2",199,121610307236362,121610307423542
"MEMORY_COPY","MEMORY_COPY_HOST_TO_DEVICE",1,"Agent 0","Agent 2",200,121610313468605,121610317815749
"MEMORY_COPY","MEMORY_COPY_HOST_TO_DEVICE",1,"Agent 0","Agent 2",201,121610322426851,121610326036056
"MEMORY_COPY","MEMORY_COPY_HOST_TO_DEVICE",1,"Agent 0","Agent 2",202,121610326210726,121610326233048
"MEMORY_COPY","MEMORY_COPY_HOST_TO_DEVICE",1,"Agent 0","Agent 2",203,121610331647939,121610335520665
"MEMORY_COPY","MEMORY_COPY_HOST_TO_DEVICE",1,"Agent 0","Agent 2",204,121610335900064,121610335920722
"MEMORY_COPY","MEMORY_COPY_HOST_TO_DEVICE",1,"Agent 0","Agent 2",206,121610336046620,121610336092134
"MEMORY_COPY","MEMORY_COPY_HOST_TO_DEVICE",1,"Agent 0","Agent 2",207,121610341266254,121610345467178
"MEMORY_COPY","MEMORY_COPY_HOST_TO_DEVICE",1,"Agent 0","Agent 2",208,121610345685933,121610345702834
"MEMORY_COPY","MEMORY_COPY_HOST_TO_DEVICE",1,"Agent 0","Agent 2",209,121610346252347,121610346351722
"MEMORY_COPY","MEMORY_COPY_HOST_TO_DEVICE",1,"Agent 0","Agent 2",210,121610346383634,121610346387430
"MEMORY_COPY","MEMORY_COPY_HOST_TO_DEVICE",1,"Agent 0","Agent 2",211,121610346411802,121610346415543
"MEMORY_COPY","MEMORY_COPY_HOST_TO_DEVICE",1,"Agent 0","Agent 2",212,121610346807214,121610346919356
"MEMORY_COPY","MEMORY_COPY_HOST_TO_DEVICE",1,"Agent 0","Agent 2",213,121610347320543,121610347407270
"MEMORY_COPY","MEMORY_COPY_HOST_TO_DEVICE",1,"Agent 0","Agent 2",214,121610347436448,121610347439140
"MEMORY_COPY","MEMORY_COPY_HOST_TO_DEVICE",1,"Agent 0","Agent 2",215,121610347463484,121610347466372
"MEMORY_COPY","MEMORY_COPY_HOST_TO_DEVICE",1,"Agent 0","Agent 2",216,121610347847652,121610347956569
"MEMORY_COPY","MEMORY_COPY_HOST_TO_DEVICE",1,"Agent 0","Agent 2",218,121610348033277,121610348041450
"MEMORY_COPY","MEMORY_COPY_HOST_TO_DEVICE",1,"Agent 0","Agent 2",219,121610348078133,121610348085924
"MEMORY_COPY","MEMORY_COPY_HOST_TO_DEVICE",1,"Agent 0","Agent 2",220,121610348118536,121610348125188
"MEMORY_COPY","MEMORY_COPY_HOST_TO_DEVICE",1,"Agent 0","Agent 2",223,121610348627817,121610348766893
"MEMORY_COPY","MEMORY_COPY_HOST_TO_DEVICE",1,"Agent 0","Agent 2",224,121610349496901,121610349682756
"MEMORY_COPY","MEMORY_COPY_HOST_TO_DEVICE",1,"Agent 0","Agent 2",225,121610350395925,121610350625019
"MEMORY_COPY","MEMORY_COPY_HOST_TO_DEVICE",1,"Agent 0","Agent 2",226,121610355700008,121610359503071
"MEMORY_COPY","MEMORY_COPY_HOST_TO_DEVICE",1,"Agent 0","Agent 2",227,121610359698961,121610359736462
"MEMORY_COPY","MEMORY_COPY_HOST_TO_DEVICE",1,"Agent 0","Agent 2",228,121610364503629,121610368195982
"MEMORY_COPY","MEMORY_COPY_HOST_TO_DEVICE",1,"Agent 0","Agent 2",229,121610368496946,121610368546124
"MEMORY_COPY","MEMORY_COPY_HOST_TO_DEVICE",1,"Agent 0","Agent 2",231,121610368698596,121610368715755
"MEMORY_COPY","MEMORY_COPY_HOST_TO_DEVICE",1,"Agent 0","Agent 2",232,121610373422841,121610377197096
"MEMORY_COPY","MEMORY_COPY_HOST_TO_DEVICE",1,"Agent 0","Agent 2",233,121610377367789,121610377382667
"MEMORY_COPY","MEMORY_COPY_HOST_TO_DEVICE",1,"Agent 0","Agent 2",234,121610377995234,121610378108691
"MEMORY_COPY","MEMORY_COPY_HOST_TO_DEVICE",1,"Agent 0","Agent 2",235,121610378144617,121610378149739
"MEMORY_COPY","MEMORY_COPY_HOST_TO_DEVICE",1,"Agent 0","Agent 2",236,121610378176541,121610378177752
"MEMORY_COPY","MEMORY_COPY_HOST_TO_DEVICE",1,"Agent 0","Agent 2",237,121610378567112,121610378675884
"MEMORY_COPY","MEMORY_COPY_HOST_TO_DEVICE",1,"Agent 0","Agent 2",238,121610379024909,121610379134242
"MEMORY_COPY","MEMORY_COPY_HOST_TO_DEVICE",1,"Agent 0","Agent 2",239,121610379162703,121610379165300
"MEMORY_COPY","MEMORY_COPY_HOST_TO_DEVICE",1,"Agent 0","Agent 2",240,121610379189092,121610379194325
"MEMORY_COPY","MEMORY_COPY_HOST_TO_DEVICE",1,"Agent 0","Agent 2",241,121610379552326,121610379662091
"MEMORY_COPY","MEMORY_COPY_HOST_TO_DEVICE",1,"Agent 0","Agent 2",242,121610379697325,121610379702537
"MEMORY_COPY","MEMORY_COPY_HOST_TO_DEVICE",1,"Agent 0","Agent 2",243,121610381004333,121610381745383
"MEMORY_COPY","MEMORY_COPY_HOST_TO_DEVICE",1,"Agent 0","Agent 2",244,121610381808665,121610381814544
"MEMORY_COPY","MEMORY_COPY_HOST_TO_DEVICE",1,"Agent 0","Agent 2",245,121610381841013,121610381845603
"MEMORY_COPY","MEMORY_COPY_HOST_TO_DEVICE",1,"Agent 0","Agent 2",246,121610381868608,121610381872404
"MEMORY_COPY","MEMORY_COPY_HOST_TO_DEVICE",1,"Agent 0","Agent 2",247,121610382767985,121610382962977
"MEMORY_COPY","MEMORY_COPY_HOST_TO_DEVICE",1,"Agent 0","Agent 2",249,121610383042807,121610383049591
"MEMORY_COPY","MEMORY_COPY_HOST_TO_DEVICE",1,"Agent 0","Agent 2",250,121610383083245,121610383105747
"MEMORY_COPY","MEMORY_COPY_HOST_TO_DEVICE",1,"Agent 0","Agent 2",251,121610383123776,121610383128751
"MEMORY_COPY","MEMORY_COPY_HOST_TO_DEVICE",1,"Agent 0","Agent 2",254,121610383599374,121610383712305
"MEMORY_COPY","MEMORY_COPY_HOST_TO_DEVICE",1,"Agent 0","Agent 2",255,121610384131188,121610384226348
"MEMORY_COPY","MEMORY_COPY_HOST_TO_DEVICE",1,"Agent 0","Agent 2",256,121610385027745,121610385258882
"MEMORY_COPY","MEMORY_COPY_HOST_TO_DEVICE",1,"Agent 0","Agent 2",257,121610391118392,121610394996911
"MEMORY_COPY","MEMORY_COPY_HOST_TO_DEVICE",1,"Agent 0","Agent 2",258,121610399554119,121610403066402
"MEMORY_COPY","MEMORY_COPY_HOST_TO_DEVICE",1,"Agent 0","Agent 2",259,121610403235552,121610403255630
"MEMORY_COPY","MEMORY_COPY_HOST_TO_DEVICE",1,"Agent 0","Agent 2",260,121610408584694,121610412513210
"MEMORY_COPY","MEMORY_COPY_HOST_TO_DEVICE",1,"Agent 0","Agent 2",261,121610412823875,121610412851380
"MEMORY_COPY","MEMORY_COPY_HOST_TO_DEVICE",1,"Agent 0","Agent 2",263,121610412990596,121610412992066
"MEMORY_COPY","MEMORY_COPY_HOST_TO_DEVICE",1,"Agent 0","Agent 2",264,121610418171998,121610421667404
"MEMORY_COPY","MEMORY_COPY_HOST_TO_DEVICE",1,"Agent 0","Agent 2",265,121610421971675,121610422014300
"MEMORY_COPY","MEMORY_COPY_HOST_TO_DEVICE",1,"Agent 0","Agent 2",266,121610422534779,121610422638311
"MEMORY_COPY","MEMORY_COPY_HOST_TO_DEVICE",1,"Agent 0","Agent 2",267,121610422677405,121610422682685
"MEMORY_COPY","MEMORY_COPY_HOST_TO_DEVICE",1,"Agent 0","Agent 2",268,121610422706948,121610422710899
"MEMORY_COPY","MEMORY_COPY_HOST_TO_DEVICE",1,"Agent 0","Agent 2",269,121610423099853,121610423211005
"MEMORY_COPY","MEMORY_COPY_HOST_TO_DEVICE",1,"Agent 0","Agent 2",270,121610423569995,121610423679802
"MEMORY_COPY","MEMORY_COPY_HOST_TO_DEVICE",1,"Agent 0","Agent 2",271,121610423706595,121610423711783
"MEMORY_COPY","MEMORY_COPY_HOST_TO_DEVICE",1,"Agent 0","Agent 2",272,121610423735472,121610423739575
"MEMORY_COPY","MEMORY_COPY_HOST_TO_DEVICE",1,"Agent 0","Agent 2",273,121610424093036,121610424203774
"MEMORY_COPY","MEMORY_COPY_HOST_TO_DEVICE",1,"Agent 0","Agent 2",275,121610424265618,121610424272734
"MEMORY_COPY","MEMORY_COPY_HOST_TO_DEVICE",1,"Agent 0","Agent 2",276,121610424303934,121610424311848
"MEMORY_COPY","MEMORY_COPY_HOST_TO_DEVICE",1,"Agent 0","Agent 2",277,121610424340725,121610424347867
"MEMORY_COPY","MEMORY_COPY_HOST_TO_DEVICE",1,"Agent 0","Agent 2",280,121610424996912,121610425147330
"MEMORY_COPY","MEMORY_COPY_HOST_TO_DEVICE",1,"Agent 0","Agent 2",281,121610425229591,121610425243502
"MEMORY_COPY","MEMORY_COPY_HOST_TO_DEVICE",1,"Agent 0","Agent 2",283,121610425957429,121610426169774
"MEMORY_COPY","MEMORY_COPY_HOST_TO_DEVICE",1,"Agent 0","Agent 2",284,121610427011214,121610427285025
"MEMORY_COPY","MEMORY_COPY_HOST_TO_DEVICE",1,"Agent 0","Agent 2",286,121610427404405,121610427424840
"MEMORY_COPY","MEMORY_COPY_HOST_TO_DEVICE",1,"Agent 0","Agent 2",287,121610432466643,121610436435061
"MEMORY_COPY","MEMORY_COPY_HOST_TO_DEVICE",1,"Agent 0","Agent 2",288,121610436592003,121610436604923
"MEMORY_COPY","MEMORY_COPY_HOST_TO_DEVICE",1,"Agent 0","Agent 2",289,121610441371686,121610445151717
"MEMORY_COPY","MEMORY_COPY_HOST_TO_DEVICE",1,"Agent 0","Agent 2",290,121610445480638,121610445507260
"MEMORY_COPY","MEMORY_COPY_HOST_TO_DEVICE",1,"Agent 0","Agent 2",292,121610445630213,121610445647666
"MEMORY_COPY","MEMORY_COPY_HOST_TO_DEVICE",1,"Agent 0","Agent 2",293,121610450364534,121610454133835
"MEMORY_COPY","MEMORY_COPY_HOST_TO_DEVICE",1,"Agent 0","Agent 2",294,121610454307050,121610454325388
"MEMORY_COPY","MEMORY_COPY_HOST_TO_DEVICE",1,"Agent 0","Agent 2",295,121610454829844,121610454927107
"MEMORY_COPY","MEMORY_COPY_HOST_TO_DEVICE",1,"Agent 0","Agent 2",296,121610454964800,121610454969006
"MEMORY_COPY","MEMORY_COPY_HOST_TO_DEVICE",1,"Agent 0","Agent 2",297,121610454990406,121610455088196
"MEMORY_COPY","MEMORY_COPY_HOST_TO_DEVICE",1,"Agent 0","Agent 2",298,121610455392262,121610455502215
"MEMORY_COPY","MEMORY_COPY_HOST_TO_DEVICE",1,"Agent 0","Agent 2",299,121610455859438,121610455969389
"MEMORY_COPY","MEMORY_COPY_HOST_TO_DEVICE",1,"Agent 0","Agent 2",300,121610455996613,121610456002381
"MEMORY_COPY","MEMORY_COPY_HOST_TO_DEVICE",1,"Agent 0","Agent 2",301,121610456035719,121610456041355
"MEMORY_COPY","MEMORY_COPY_HOST_TO_DEVICE",1,"Agent 0","Agent 2",302,121610456397274,121610456507127
"MEMORY_COPY","MEMORY_COPY_HOST_TO_DEVICE",1,"Agent 0","Agent 2",304,121610456613952,121610456628536
"MEMORY_COPY","MEMORY_COPY_HOST_TO_DEVICE",1,"Agent 0","Agent 2",306,121610456846899,121610456883178
"MEMORY_COPY","MEMORY_COPY_HOST_TO_DEVICE",1,"Agent 0","Agent 2",307,121610457261521,121610457374588
"MEMORY_COPY","MEMORY_COPY_HOST_TO_DEVICE",1,"Agent 0","Agent 2",308,121610458231311,121610458551536
"MEMORY_COPY","MEMORY_COPY_HOST_TO_DEVICE",1,"Agent 0","Agent 2",309,121610464327086,121610468740818
"MEMORY_COPY","MEMORY_COPY_HOST_TO_DEVICE",1,"Agent 0","Agent 2",310,121610473270271,121610476979019
"MEMORY_COPY","MEMORY_COPY_HOST_TO_DEVICE",1,"Agent 0","Agent 2",311,121610477138343,121610477149832
"MEMORY_COPY","MEMORY_COPY_HOST_TO_DEVICE",1,"Agent 0","Agent 2",312,121610482454917,121610486483967
"MEMORY_COPY","MEMORY_COPY_HOST_TO_DEVICE",1,"Agent 0","Agent 2",313,121610486782979,121610486830082
"MEMORY_COPY","MEMORY_COPY_HOST_TO_DEVICE",1,"Agent 0","Agent 2",315,121610486973902,121610486993641
"MEMORY_COPY","MEMORY_COPY_HOST_TO_DEVICE",1,"Agent 0","Agent 2",316,121610492243303,121610495674770
"MEMORY_COPY","MEMORY_COPY_HOST_TO_DEVICE",1,"Agent 0","Agent 2",317,121610495839096,121610495855171
"MEMORY_COPY","MEMORY_COPY_HOST_TO_DEVICE",1,"Agent 0","Agent 2",318,121610496386299,121610496495172
"MEMORY_COPY","MEMORY_COPY_HOST_TO_DEVICE",1,"Agent 0","Agent 2",319,121610496533726,121610496538444
"MEMORY_COPY","MEMORY_COPY_HOST_TO_DEVICE",1,"Agent 0","Agent 2",320,121610496561791,121610496565936
"MEMORY_COPY","MEMORY_COPY_HOST_TO_DEVICE",1,"Agent 0","Agent 2",321,121610496976183,121610497087473
"MEMORY_COPY","MEMORY_COPY_HOST_TO_DEVICE",1,"Agent 0","Agent 2",322,121610497482154,121610497591477
"MEMORY_COPY","MEMORY_COPY_HOST_TO_DEVICE",1,"Agent 0","Agent 2",323,121610497621759,121610497626303
"MEMORY_COPY","MEMORY_COPY_HOST_TO_DEVICE",1,"Agent 0","Agent 2",324,121610497650493,121610497655298
"MEMORY_COPY","MEMORY_COPY_HOST_TO_DEVICE",1,"Agent 0","Agent 2",325,121610498025648,121610498137410
"MEMORY_COPY","MEMORY_COPY_HOST_TO_DEVICE",1,"Agent 0","Agent 2",327,121610498197777,121610498204808
"MEMORY_COPY","MEMORY_COPY_HOST_TO_DEVICE",1,"Agent 0","Agent 2",328,121610498238440,121610498245705
"MEMORY_COPY","MEMORY_COPY_HOST_TO_DEVICE",1,"Agent 0","Agent 2",329,121610498278951,121610498285531
"MEMORY_COPY","MEMORY_COPY_HOST_TO_DEVICE",1,"Agent 0","Agent 2",332,121610498769714,121610498909351
"MEMORY_COPY","MEMORY_COPY_HOST_TO_DEVICE",1,"Agent 0","Agent 2",333,121610499291962,121610499405149
"MEMORY_COPY","MEMORY_COPY_HOST_TO_DEVICE",1,"Agent 0","Agent 2",334,121610500329775,121610500643984
"MEMORY_COPY","MEMORY_COPY_HOST_TO_DEVICE",1,"Agent 0","Agent 2",335,121610505756696,121610509467682
"MEMORY_COPY","MEMORY_COPY_HOST_TO_DEVICE",1,"Agent 0","Agent 2",336,121610509696201,121610509716443
"MEMORY_COPY","MEMORY_COPY_HOST_TO_DEVICE",1,"Agent 0","Agent 2",337,121610515029193,121610518614682
"MEMORY_COPY","MEMORY_COPY_HOST_TO_DEVICE",1,"Agent 0","Agent 2",338,121610518911340,121610518957451
"MEMORY_COPY","MEMORY_COPY_HOST_TO_DEVICE",1,"Agent 0","Agent 2",340,121610519084418,121610519115691
"MEMORY_COPY","MEMORY_COPY_HOST_TO_DEVICE",1,"Agent 0","Agent 2",341,121610524365204,121610528484300
"MEMORY_COPY","MEMORY_COPY_HOST_TO_DEVICE",1,"Agent 0","Agent 2",342,121610528698110,121610528713103
"MEMORY_COPY","MEMORY_COPY_HOST_TO_DEVICE",1,"Agent 0","Agent 2",343,121610529232460,121610529330622
"MEMORY_COPY","MEMORY_COPY_HOST_TO_DEVICE",1,"Agent 0","Agent 2",344,121610529359329,121610529364867
"MEMORY_COPY","MEMORY_COPY_HOST_TO_DEVICE",1,"Agent 0","Agent 2",345,121610529388677,121610529392549
"MEMORY_COPY","MEMORY_COPY_HOST_TO_DEVICE",1,"Agent 0","Agent 2",346,121610529757307,121610529867348
"MEMORY_COPY","MEMORY_COPY_HOST_TO_DEVICE",1,"Agent 0","Agent 2",347,121610530228971,121610530339772
"MEMORY_COPY","MEMORY_COPY_HOST_TO_DEVICE",1,"Agent 0","Agent 2",348,121610530364517,121610530369939
"MEMORY_COPY","MEMORY_COPY_HOST_TO_DEVICE",1,"Agent 0","Agent 2",349,121610530396254,121610530397822
"MEMORY_COPY","MEMORY_COPY_HOST_TO_DEVICE",1,"Agent 0","Agent 2",350,121610530746417,121610530856670
"MEMORY_COPY","MEMORY_COPY_HOST_TO_DEVICE",1,"Agent 0","Agent 2",352,121610530923252,121610530931472
"MEMORY_COPY","MEMORY_COPY_HOST_TO_DEVICE",1,"Agent 0","Agent 2",353,121610530958934,121610530976916
"MEMORY_COPY","MEMORY_COPY_HOST_TO_DEVICE",1,"Agent 0","Agent 2",354,121610530997645,121610531004289
"MEMORY_COPY","MEMORY_COPY_HOST_TO_DEVICE",1,"Agent 0","Agent 2",357,121610531511911,121610531652536
"MEMORY_COPY","MEMORY_COPY_HOST_TO_DEVICE",1,"Agent 0","Agent 2",358,121610532067634,121610532207276
"MEMORY_COPY","MEMORY_COPY_HOST_TO_DEVICE",1,"Agent 0","Agent 2",359,121610533053923,121610533284545
"MEMORY_COPY","MEMORY_COPY_HOST_TO_DEVICE",1,"Agent 0","Agent 2",360,121610538508507,121610542416887
"MEMORY_COPY","MEMORY_COPY_HOST_TO_DEVICE",1,"Agent 0","Agent 2",361,121610542604158,121610542616836
"MEMORY_COPY","MEMORY_COPY_HOST_TO_DEVICE",1,"Agent 0","Agent 2",362,121610547391111,121610551180422
"MEMORY_COPY","MEMORY_COPY_HOST_TO_DEVICE",1,"Agent 0","Agent 2",363,121610551473123,121610551519053
"MEMORY_COPY","MEMORY_COPY_HOST_TO_DEVICE",1,"Agent 0","Agent 2",365,121610551622701,121610551640362
"MEMORY_COPY","MEMORY_COPY_HOST_TO_DEVICE",1,"Agent 0","Agent 2",366,121610556349445,121610560175405
"MEMORY_COPY","MEMORY_COPY_HOST_TO_DEVICE",1,"Agent 0","Agent 2",367,121610560386015,121610560411561
"MEMORY_COPY","MEMORY_COPY_HOST_TO_DEVICE",1,"Agent 0","Agent 2",368,121610561009220,121610561120122
"MEMORY_COPY","MEMORY_COPY_HOST_TO_DEVICE",1,"Agent 0","Agent 2",369,121610561147928,121610561151953
"MEMORY_COPY","MEMORY_COPY_HOST_TO_DEVICE",1,"Agent 0","Agent 2",370,121610561174782,121610561180086
"MEMORY_COPY","MEMORY_COPY_HOST_TO_DEVICE",1,"Agent 0","Agent 2",371,121610561544552,121610561654694
"MEMORY_COPY","MEMORY_COPY_HOST_TO_DEVICE",1,"Agent 0","Agent 2",372,121610562006727,121610562118011
"MEMORY_COPY","MEMORY_COPY_HOST_TO_DEVICE",1,"Agent 0","Agent 2",373,121610562147912,121610562151825
"MEMORY_COPY","MEMORY_COPY_HOST_TO_DEVICE",1,"Agent 0","Agent 2",374,121610562174563,121610562179437
"MEMORY_COPY","MEMORY_COPY_HOST_TO_DEVICE",1,"Agent 0","Agent 2",375,121610562535151,121610562644868
"MEMORY_COPY","MEMORY_COPY_HOST_TO_DEVICE",1,"Agent 0","Agent 2",377,121610562704693,121610562712085
"MEMORY_COPY","MEMORY_COPY_HOST_TO_DEVICE",1,"Agent 0","Agent 2",378,121610562742352,121610562758590
"MEMORY_COPY","MEMORY_COPY_HOST_TO_DEVICE",1,"Agent 0","Agent 2",379,121610562804748,121610562810111
"MEMORY_COPY","MEMORY_COPY_HOST_TO_DEVICE",1,"Agent 0","Agent 2",382,121610563450460,121610563629561
"MEMORY_COPY","MEMORY_COPY_HOST_TO_DEVICE",1,"Agent 0","Agent 2",383,121610563710968,121610563727056
"MEMORY_COPY","MEMORY_COPY_HOST_TO_DEVICE",1,"Agent 0","Agent 2",385,121610564292774,121610564471976
"MEMORY_COPY","MEMORY_COPY_HOST_TO_DEVICE",1,"Agent 0","Agent 2",386,121610565354340,121610565628735
"MEMORY_COPY","MEMORY_COPY_HOST_TO_DEVICE",1,"Agent 0","Agent 2",388,121610565741662,121610565762327
"MEMORY_COPY","MEMORY_COPY_HOST_TO_DEVICE",1,"Agent 0","Agent 2",389,121610570913445,121610574544137
"MEMORY_COPY","MEMORY_COPY_HOST_TO_DEVICE",1,"Agent 0","Agent 2",390,121610574721552,121610574740709
"MEMORY_COPY","MEMORY_COPY_HOST_TO_DEVICE",1,"Agent 0","Agent 2",391,121610579547935,121610583247157
"MEMORY_COPY","MEMORY_COPY_HOST_TO_DEVICE",1,"Agent 0","Agent 2",392,121610583540727,121610583586399
"MEMORY_COPY","MEMORY_COPY_HOST_TO_DEVICE",1,"Agent 0","Agent 2",394,121610583671872,121610583686358
"MEMORY_COPY","MEMORY_COPY_HOST_TO_DEVICE",1,"Agent 0","Agent 2",395,121610588510538,121610592239504
"MEMORY_COPY","MEMORY_COPY_HOST_TO_DEVICE",1,"Agent 0","Agent 2",396,121610592412212,121610592431808
"MEMORY_COPY","MEMORY_COPY_HOST_TO_DEVICE",1,"Agent 0","Agent 2",397,121610593012022,121610593123537
"MEMORY_COPY","MEMORY_COPY_HOST_TO_DEVICE",1,"Agent 0","Agent 2",398,121610593151923,121610593155448
"MEMORY_COPY","MEMORY_COPY_HOST_TO_DEVICE",1,"Agent 0","Agent 2",399,121610593178142,121610593182930
"MEMORY_COPY","MEMORY_COPY_HOST_TO_DEVICE",1,"Agent 0","Agent 2",400,121610593548319,121610593658510
"MEMORY_COPY","MEMORY_COPY_HOST_TO_DEVICE",1,"Agent 0","Agent 2",401,121610594019507,121610594131325
"MEMORY_COPY","MEMORY_COPY_HOST_TO_DEVICE",1,"Agent 0","Agent 2",402,121610594159714,121610594164808
"MEMORY_COPY","MEMORY_COPY_HOST_TO_DEVICE",1,"Agent 0","Agent 2",403,121610594187564,121610594192500
"MEMORY_COPY","MEMORY_COPY_HOST_TO_DEVICE",1,"Agent 0","Agent 2",404,121610594553781,121610594663983
"MEMORY_COPY","MEMORY_COPY_HOST_TO_DEVICE",1,"Agent 0","Agent 2",406,121610594736193,121610594750957
"MEMORY_COPY","MEMORY_COPY_HOST_TO_DEVICE",1,"Agent 0","Agent 2",408,121610594989523,121610595036838
"MEMORY_COPY","MEMORY_COPY_HOST_TO_DEVICE",1,"Agent 0","Agent 2",409,121610595511857,121610595641903
"MEMORY_COPY","MEMORY_COPY_HOST_TO_DEVICE",1,"Agent 0","Agent 2",410,121610596414207,121610596642807
"MEMORY_COPY","MEMORY_COPY_HOST_TO_DEVICE",1,"Agent 0","Agent 2",411,121610601828955,121610605524025
"MEMORY_COPY","MEMORY_COPY_HOST_TO_DEVICE",1,"Agent 0","Agent 2",412,121610605738926,121610605757416
"MEMORY_COPY","MEMORY_COPY_HOST_TO_DEVICE",1,"Agent 0","Agent 2",413,121610611639131,121610615877709
"MEMORY_COPY","MEMORY_COPY_HOST_TO_DEVICE",1,"Agent 0","Agent 2",414,121610618109651,121610619944515
"MEMORY_COPY","MEMORY_COPY_HOST_TO_DEVICE",1,"Agent 0","Agent 2",415,121610620246147,121610620292053
"MEMORY_COPY","MEMORY_COPY_HOST_TO_DEVICE",1,"Agent 0","Agent 2",417,121610620407187,121610620421728
"MEMORY_COPY","MEMORY_COPY_HOST_TO_DEVICE",1,"Agent 0","Agent 2",418,121610626220807,121610630015183
"MEMORY_COPY","MEMORY_COPY_HOST_TO_DEVICE",1,"Agent 0","Agent 2",419,121610632237868,121610634036564
"MEMORY_COPY","MEMORY_COPY_HOST_TO_DEVICE",1,"Agent 0","Agent 2",420,121610634202958,121610634219610
"MEMORY_COPY","MEMORY_COPY_HOST_TO_DEVICE",1,"Agent 0","Agent 2",421,121610634721966,121610634831127
"MEMORY_COPY","MEMORY_COPY_HOST_TO_DEVICE",1,"Agent 0","Agent 2",422,121610634868423,121610634873898
"MEMORY_COPY","MEMORY_COPY_HOST_TO_DEVICE",1,"Agent 0","Agent 2",423,121610634896623,121610634901631
"MEMORY_COPY","MEMORY_COPY_HOST_TO_DEVICE",1,"Agent 0","Agent 2",424,121610635273981,121610635383863
"MEMORY_COPY","MEMORY_COPY_HOST_TO_DEVICE",1,"Agent 0","Agent 2",425,121610635739489,121610635849214
"MEMORY_COPY","MEMORY_COPY_HOST_TO_DEVICE",1,"Agent 0","Agent 2",426,121610635875762,121610635880253
"MEMORY_COPY","MEMORY_COPY_HOST_TO_DEVICE",1,"Agent 0","Agent 2",427,121610635904055,121610635907454
"MEMORY_COPY","MEMORY_COPY_HOST_TO_DEVICE",1,"Agent 0","Agent 2",428,121610636267360,121610636377384
"MEMORY_COPY","MEMORY_COPY_HOST_TO_DEVICE",1,"Agent 0","Agent 2",430,121610636441675,121610636448678
"MEMORY_COPY","MEMORY_COPY_HOST_TO_DEVICE",1,"Agent 0","Agent 2",431,121610636480308,121610636495496
"MEMORY_COPY","MEMORY_COPY_HOST_TO_DEVICE",1,"Agent 0","Agent 2",432,121610636520177,121610636526786
"MEMORY_COPY","MEMORY_COPY_HOST_TO_DEVICE",1,"Agent 0","Agent 2",435,121610637152678,121610637291554
"MEMORY_COPY","MEMORY_COPY_HOST_TO_DEVICE",1,"Agent 0","Agent 2",436,121610638045447,121610638184954
"MEMORY_COPY","MEMORY_COPY_HOST_TO_DEVICE",1,"Agent 0","Agent 2",437,121610639086175,121610639427135
"MEMORY_COPY","MEMORY_COPY_HOST_TO_DEVICE",1,"Agent 0","Agent 2",438,121610644645891,121610648470639
"MEMORY_COPY","MEMORY_COPY_HOST_TO_DEVICE",1,"Agent 0","Agent 2",439,121610648699913,121610648720132
"MEMORY_COPY","MEMORY_COPY_HOST_TO_DEVICE",1,"Agent 0","Agent 2",440,121610654045626,121610657654780
"MEMORY_COPY","MEMORY_COPY_HOST_TO_DEVICE",1,"Agent 0","Agent 2",441,121610657990021,121610658036843
"MEMORY_COPY","MEMORY_COPY_HOST_TO_DEVICE",1,"Agent 0","Agent 2",443,121610658158135,121610658176978
"MEMORY_COPY","MEMORY_COPY_HOST_TO_DEVICE",1,"Agent 0","Agent 2",444,121610663443430,121610667524939
"MEMORY_COPY","MEMORY_COPY_HOST_TO_DEVICE",1,"Agent 0","Agent 2",445,121610667738613,121610667754493
"MEMORY_COPY","MEMORY_COPY_HOST_TO_DEVICE",1,"Agent 0","Agent 2",446,121610668235425,121610668345382
"MEMORY_COPY","MEMORY_COPY_HOST_TO_DEVICE",1,"Agent 0","Agent 2",447,121610668374424,121610668378865
"MEMORY_COPY","MEMORY_COPY_HOST_TO_DEVICE",1,"Agent 0","Agent 2",448,121610668405260,121610668408561
"MEMORY_COPY","MEMORY_COPY_HOST_TO_DEVICE",1,"Agent 0","Agent 2",449,121610668767348,121610668878500
"MEMORY_COPY","MEMORY_COPY_HOST_TO_DEVICE",1,"Agent 0","Agent 2",450,121610669238995,121610669349802
"MEMORY_COPY","MEMORY_COPY_HOST_TO_DEVICE",1,"Agent 0","Agent 2",451,121610669376167,121610669381312
"MEMORY_COPY","MEMORY_COPY_HOST_TO_DEVICE",1,"Agent 0","Agent 2",452,121610669405341,121610669408754
"MEMORY_COPY","MEMORY_COPY_HOST_TO_DEVICE",1,"Agent 0","Agent 2",453,121610669751675,121610669862533
"MEMORY_COPY","MEMORY_COPY_HOST_TO_DEVICE",1,"Agent 0","Agent 2",455,121610669926871,121610669935451
"MEMORY_COPY","MEMORY_COPY_HOST_TO_DEVICE",1,"Agent 0","Agent 2",456,121610669969840,121610669977901
"MEMORY_COPY","MEMORY_COPY_HOST_TO_DEVICE",1,"Agent 0","Agent 2",457,121610670014028,121610670020011
"MEMORY_COPY","MEMORY_COPY_HOST_TO_DEVICE",1,"Agent 0","Agent 2",460,121610670490734,121610670630636
"MEMORY_COPY","MEMORY_COPY_HOST_TO_DEVICE",1,"Agent 0","Agent 2",461,121610671321378,121610671535048
"MEMORY_COPY","MEMORY_COPY_HOST_TO_DEVICE",1,"Agent 0","Agent 2",462,121610672433785,121610672757972
"MEMORY_COPY","MEMORY_COPY_HOST_TO_DEVICE",1,"Agent 0","Agent 2",463,121610677890122,121610681562715
"MEMORY_COPY","MEMORY_COPY_HOST_TO_DEVICE",1,"Agent 0","Agent 2",464,121610681736558,121610681756311
"MEMORY_COPY","MEMORY_COPY_HOST_TO_DEVICE",1,"Agent 0","Agent 2",465,121610687102802,121610690698163
"MEMORY_COPY","MEMORY_COPY_HOST_TO_DEVICE",1,"Agent 0","Agent 2",466,121610691061968,121610691108530
"MEMORY_COPY","MEMORY_COPY_HOST_TO_DEVICE",1,"Agent 0","Agent 2",468,121610691208610,121610691223427
"MEMORY_COPY","MEMORY_COPY_HOST_TO_DEVICE",1,"Agent 0","Agent 2",469,121610696596562,121610700550438
"MEMORY_COPY","MEMORY_COPY_HOST_TO_DEVICE",1,"Agent 0","Agent 2",470,121610700727489,121610700746259
"MEMORY_COPY","MEMORY_COPY_HOST_TO_DEVICE",1,"Agent 0","Agent 2",471,121610701325113,121610701434922
"MEMORY_COPY","MEMORY_COPY_HOST_TO_DEVICE",1,"Agent 0","Agent 2",472,121610701466332,121610701471311
"MEMORY_COPY","MEMORY_COPY_HOST_TO_DEVICE",1,"Agent 0","Agent 2",473,121610701493845,121610701498593
"MEMORY_COPY","MEMORY_COPY_HOST_TO_DEVICE",1,"Agent 0","Agent 2",474,121610702057333,121610702168400
"MEMORY_COPY","MEMORY_COPY_HOST_TO_DEVICE",1,"Agent 0","Agent 2",475,121610702646767,121610702748278
"MEMORY_COPY","MEMORY_COPY_HOST_TO_DEVICE",1,"Agent 0","Agent 2",476,121610702775638,121610702780278
"MEMORY_COPY","MEMORY_COPY_HOST_TO_DEVICE",1,"Agent 0","Agent 2",477,121610702807759,121610702807900
"MEMORY_COPY","MEMORY_COPY_HOST_TO_DEVICE",1,"Agent 0","Agent 2",478,121610703300528,121610703410110
"MEMORY_COPY","MEMORY_COPY_HOST_TO_DEVICE",1,"Agent 0","Agent 2",480,121610703470387,121610703477408
"MEMORY_COPY","MEMORY_COPY_HOST_TO_DEVICE",1,"Agent 0","Agent 2",481,121610703508056,121610703515279
"MEMORY_COPY","MEMORY_COPY_HOST_TO_DEVICE",1,"Agent 0","Agent 2",482,121610703543730,121610703551107
"MEMORY_COPY","MEMORY_COPY_HOST_TO_DEVICE",1,"Agent 0","Agent 2",485,121610704212482,121610704392259
"MEMORY_COPY","MEMORY_COPY_HOST_TO_DEVICE",1,"Agent 0","Agent 2",486,121610704473831,121610704489443
"MEMORY_COPY","MEMORY_COPY_HOST_TO_DEVICE",1,"Agent 0","Agent 2",488,121610705148247,121610705361213
"MEMORY_COPY","MEMORY_COPY_HOST_TO_DEVICE",1,"Agent 0","Agent 2",489,121610706251236,121610706534643
"MEMORY_COPY","MEMORY_COPY_HOST_TO_DEVICE",1,"Agent 0","Agent 2",491,121610706651055,121610706667064
"MEMORY_COPY","MEMORY_COPY_HOST_TO_DEVICE",1,"Agent 0","Agent 2",492,121610711722115,121610715511251
"MEMORY_COPY","MEMORY_COPY_HOST_TO_DEVICE",1,"Agent 0","Agent 2",493,121610715726197,121610715745134
"MEMORY_COPY","MEMORY_COPY_HOST_TO_DEVICE",1,"Agent 0","Agent 2",494,121610720483778,121610724218309
"MEMORY_COPY","MEMORY_COPY_HOST_TO_DEVICE",1,"Agent 0","Agent 2",495,121610724519079,121610724558182
"MEMORY_COPY","MEMORY_COPY_HOST_TO_DEVICE",1,"Agent 0","Agent 2",497,121610724694809,121610724713786
"MEMORY_COPY","MEMORY_COPY_HOST_TO_DEVICE",1,"Agent 0","Agent 2",498,121610729396736,121610733172063
"MEMORY_COPY","MEMORY_COPY_HOST_TO_DEVICE",1,"Agent 0","Agent 2",499,121610733340044,121610733360039
"MEMORY_COPY","MEMORY_COPY_HOST_TO_DEVICE",1,"Agent 0","Agent 2",500,121610733842365,121610733952370
"MEMORY_COPY","MEMORY_COPY_HOST_TO_DEVICE",1,"Agent 0","Agent 2",501,121610733989451,121610733992476
"MEMORY_COPY","MEMORY_COPY_HOST_TO_DEVICE",1,"Agent 0","Agent 2",502,121610734023329,121610734027793
"MEMORY_COPY","MEMORY_COPY_HOST_TO_DEVICE",1,"Agent 0","Agent 2",503,121610734385911,121610734495338
"MEMORY_COPY","MEMORY_COPY_HOST_TO_DEVICE",1,"Agent 0","Agent 2",504,121610734853859,121610734962021
"MEMORY_COPY","MEMORY_COPY_HOST_TO_DEVICE",1,"Agent 0","Agent 2",505,121610734987069,121610734992228
"MEMORY_COPY","MEMORY_COPY_HOST_TO_DEVICE",1,"Agent 0","Agent 2",506,121610735030608,121610735035159
"MEMORY_COPY","MEMORY_COPY_HOST_TO_DEVICE",1,"Agent 0","Agent 2",507,121610735376545,121610735486143
"MEMORY_COPY","MEMORY_COPY_HOST_TO_DEVICE",1,"Agent 0","Agent 2",509,121610735562317,121610735577315
"MEMORY_COPY","MEMORY_COPY_HOST_TO_DEVICE",1,"Agent 0","Agent 2",511,121610735781397,121610735827789
"MEMORY_COPY","MEMORY_COPY_HOST_TO_DEVICE",1,"Agent 0","Agent 2",512,121610736187204,121610736301325
"MEMORY_COPY","MEMORY_COPY_HOST_TO_DEVICE",1,"Agent 0","Agent 2",513,121610737146253,121610737379646
"MEMORY_COPY","MEMORY_COPY_HOST_TO_DEVICE",1,"Agent 0","Agent 2",514,121610742514598,121610746440133
"MEMORY_COPY","MEMORY_COPY_HOST_TO_DEVICE",1,"Agent 0","Agent 2",515,121610746609711,121610746621386
"MEMORY_COPY","MEMORY_COPY_HOST_TO_DEVICE",1,"Agent 0","Agent 2",516,121610752457897,121610756790891
"MEMORY_COPY","MEMORY_COPY_HOST_TO_DEVICE",1,"Agent 0","Agent 2",517,121610756833706,121610756841587
"MEMORY_COPY","MEMORY_COPY_HOST_TO_DEVICE",1,"Agent 0","Agent 2",518,121610757118423,121610757165219
"MEMORY_COPY","MEMORY_COPY_HOST_TO_DEVICE",1,"Agent 0","Agent 2",520,121610757265745,121610757280748
"MEMORY_COPY","MEMORY_COPY_HOST_TO_DEVICE",1,"Agent 0","Agent 2",521,121610763048775,121610766955657
"MEMORY_COPY","MEMORY_COPY_HOST_TO_DEVICE",1,"Agent 0","Agent 2",522,121610766995112,121610767006557
"MEMORY_COPY","MEMORY_COPY_HOST_TO_DEVICE",1,"Agent 0","Agent 2",523,121610767164603,121610767179751
"MEMORY_COPY","MEMORY_COPY_HOST_TO_DEVICE",1,"Agent 0","Agent 2",524,121610767712831,121610767822598
"MEMORY_COPY","MEMORY_COPY_HOST_TO_DEVICE",1,"Agent 0","Agent 2",525,121610767856037,121610767861441
"MEMORY_COPY","MEMORY_COPY_HOST_TO_DEVICE",1,"Agent 0","Agent 2",526,121610767885499,121610767889414
"MEMORY_COPY","MEMORY_COPY_HOST_TO_DEVICE",1,"Agent 0","Agent 2",527,121610768271579,121610768381656
"MEMORY_COPY","MEMORY_COPY_HOST_TO_DEVICE",1,"Agent 0","Agent 2",528,121610768728164,121610768837789
"MEMORY_COPY","MEMORY_COPY_HOST_TO_DEVICE",1,"Agent 0","Agent 2",529,121610768863119,121610768867926
"MEMORY_COPY","MEMORY_COPY_HOST_TO_DEVICE",1,"Agent 0","Agent 2",530,121610768893548,121610768897472
"MEMORY_COPY","MEMORY_COPY_HOST_TO_DEVICE",1,"Agent 0","Agent 2",531,121610769246638,121610769357122
"MEMORY_COPY","MEMORY_COPY_HOST_TO_DEVICE",1,"Agent 0","Agent 2",533,121610769415586,121610769423147
"MEMORY_COPY","MEMORY_COPY_HOST_TO_DEVICE",1,"Agent 0","Agent 2",534,121610769453725,121610769467246
"MEMORY_COPY","MEMORY_COPY_HOST_TO_DEVICE",1,"Agent 0","Agent 2",535,121610769495832,121610769502678
"MEMORY_COPY","MEMORY_COPY_HOST_TO_DEVICE",1,"Agent 0","Agent 2",538,121610770257515,121610770471170
"MEMORY_COPY","MEMORY_COPY_HOST_TO_DEVICE",1,"Agent 0","Agent 2",539,121610770896293,121610771037061
"MEMORY_COPY","MEMORY_COPY_HOST_TO_DEVICE",1,"Agent 0","Agent 2",540,121610771802978,121610772047183
"MEMORY_COPY","MEMORY_COPY_HOST_TO_DEVICE",1,"Agent 0","Agent 2",541,121610777147406,121610780596031
"MEMORY_COPY","MEMORY_COPY_HOST_TO_DEVICE",1,"Agent 0","Agent 2",542,121610780753180,121610780765522
"MEMORY_COPY","MEMORY_COPY_HOST_TO_DEVICE",1,"Agent 0","Agent 2",543,121610785512212,121610789229910
"MEMORY_COPY","MEMORY_COPY_HOST_TO_DEVICE",1,"Agent 0","Agent 2",544,121610789521042,121610789559865
"MEMORY_COPY","MEMORY_COPY_HOST_TO_DEVICE",1,"Agent 0","Agent 2",546,121610789655080,121610789669783
"MEMORY_COPY","MEMORY_COPY_HOST_TO_DEVICE",1,"Agent 0","Agent 2",547,121610794497183,121610798212720
"MEMORY_COPY","MEMORY_COPY_HOST_TO_DEVICE",1,"Agent 0","Agent 2",548,121610798379269,121610798395346
"MEMORY_COPY","MEMORY_COPY_HOST_TO_DEVICE",1,"Agent 0","Agent 2",549,121610799058960,121610799168639
"MEMORY_COPY","MEMORY_COPY_HOST_TO_DEVICE",1,"Agent 0","Agent 2",550,121610799193927,121610799199417
"MEMORY_COPY","MEMORY_COPY_HOST_TO_DEVICE",1,"Agent 0","Agent 2",551,121610799222103,121610799226749
"MEMORY_COPY","MEMORY_COPY_HOST_TO_DEVICE",1,"Agent 0","Agent 2",552,121610799578877,121610799688533
"MEMORY_COPY","MEMORY_COPY_HOST_TO_DEVICE",1,"Agent 0","Agent 2",553,121610800032276,121610800143063
"MEMORY_COPY","MEMORY_COPY_HOST_TO_DEVICE",1,"Agent 0","Agent 2",554,121610800168261,121610800173741
"MEMORY_COPY","MEMORY_COPY_HOST_TO_DEVICE",1,"Agent 0","Agent 2",555,121610800196972,121610800201033
"MEMORY_COPY","MEMORY_COPY_HOST_TO_DEVICE",1,"Agent 0","Agent 2",556,121610800542388,121610800652026
"MEMORY_COPY","MEMORY_COPY_HOST_TO_DEVICE",1,"Agent 0","Agent 2",558,121610800714467,121610800722189
"MEMORY_COPY","MEMORY_COPY_HOST_TO_DEVICE",1,"Agent 0","Agent 2",559,121610800757711,121610800765541
"MEMORY_COPY","MEMORY_COPY_HOST_TO_DEVICE",1,"Agent 0","Agent 2",560,121610800795993,121610800802962
"MEMORY_COPY","MEMORY_COPY_HOST_TO_DEVICE",1,"Agent 0","Agent 2",563,121610801549910,121610801763289
"MEMORY_COPY","MEMORY_COPY_HOST_TO_DEVICE",1,"Agent 0","Agent 2",564,121610802217589,121610802365008
"MEMORY_COPY","MEMORY_COPY_HOST_TO_DEVICE",1,"Agent 0","Agent 2",565,121610803186760,121610803422579
"MEMORY_COPY","MEMORY_COPY_HOST_TO_DEVICE",1,"Agent 0","Agent 2",566,121610808430513,121610812379961
"MEMORY_COPY","MEMORY_COPY_HOST_TO_DEVICE",1,"Agent 0","Agent 2",567,121610812538197,121610812550163
"MEMORY_COPY","MEMORY_COPY_HOST_TO_DEVICE",1,"Agent 0","Agent 2",568,121610817764707,121610821612333
"MEMORY_COPY","MEMORY_COPY_HOST_TO_DEVICE",1,"Agent 0","Agent 2",569,121610822045613,121610822091449
"MEMORY_COPY","MEMORY_COPY_HOST_TO_DEVICE",1,"Agent 0","Agent 2",571,121610822216808,121610822238888
"MEMORY_COPY","MEMORY_COPY_HOST_TO_DEVICE",1,"Agent 0","Agent 2",572,121610827479222,121610831526204
"MEMORY_COPY","MEMORY_COPY_HOST_TO_DEVICE",1,"Agent 0","Agent 2",573,121610831739490,121610831759355
"MEMORY_COPY","MEMORY_COPY_HOST_TO_DEVICE",1,"Agent 0","Agent 2",574,121610832261230,121610832371324
"MEMORY_COPY","MEMORY_COPY_HOST_TO_DEVICE",1,"Agent 0","Agent 2",575,121610832396818,121610832401491
"MEMORY_COPY","MEMORY_COPY_HOST_TO_DEVICE",1,"Agent 0","Agent 2",576,121610832426305,121610832429965
"MEMORY_COPY","MEMORY_COPY_HOST_TO_DEVICE",1,"Agent 0","Agent 2",577,121610832810600,121610832920793
"MEMORY_COPY","MEMORY_COPY_HOST_TO_DEVICE",1,"Agent 0","Agent 2",578,121610833267020,121610833376987
"MEMORY_COPY","MEMORY_COPY_HOST_TO_DEVICE",1,"Agent 0","Agent 2",579,121610833405080,121610833409749
"MEMORY_COPY","MEMORY_COPY_HOST_TO_DEVICE",1,"Agent 0","Agent 2",580,121610833433414,121610833437471
"MEMORY_COPY","MEMORY_COPY_HOST_TO_DEVICE",1,"Agent 0","Agent 2",581,121610833779195,121610833889196
"MEMORY_COPY","MEMORY_COPY_HOST_TO_DEVICE",1,"Agent 0","Agent 2",583,121610833948194,121610833956393
"MEMORY_COPY","MEMORY_COPY_HOST_TO_DEVICE",1,"Agent 0","Agent 2",584,121610833984296,121610834028970
"MEMORY_COPY","MEMORY_COPY_HOST_TO_DEVICE",1,"Agent 0","Agent 2",585,121610834034564,121610834041915
"MEMORY_COPY","MEMORY_COPY_HOST_TO_DEVICE",1,"Agent 0","Agent 2",588,121610834648874,121610834828534
"MEMORY_COPY","MEMORY_COPY_HOST_TO_DEVICE",1,"Agent 0","Agent 2",589,121610834994056,121610835015878
"MEMORY_COPY","MEMORY_COPY_HOST_TO_DEVICE",1,"Agent 0","Agent 2",591,121610835640627,121610835854545
"MEMORY_COPY","MEMORY_COPY_HOST_TO_DEVICE",1,"Agent 0","Agent 2",592,121610836658107,121610836925442
"MEMORY_COPY","MEMORY_COPY_HOST_TO_DEVICE",1,"Agent 0","Agent 2",594,121610837040580,121610837055759
"MEMORY_COPY","MEMORY_COPY_HOST_TO_DEVICE",1,"Agent 0","Agent 2",595,121610842179997,121610845598536
"MEMORY_COPY","MEMORY_COPY_HOST_TO_DEVICE",1,"Agent 0","Agent 2",596,121610845769801,121610845789417
"MEMORY_COPY","MEMORY_COPY_HOST_TO_DEVICE",1,"Agent 0","Agent 2",597,121610851616678,121610855851729
"MEMORY_COPY","MEMORY_COPY_HOST_TO_DEVICE",1,"Agent 0","Agent 2",598,121610855888901,121610855896163
"MEMORY_COPY","MEMORY_COPY_HOST_TO_DEVICE",1,"Agent 0","Agent 2",599,121610856178704,121610856225006
"MEMORY_COPY","MEMORY_COPY_HOST_TO_DEVICE",1,"Agent 0","Agent 2",601,121610856358329,121610856382734
"MEMORY_COPY","MEMORY_COPY_HOST_TO_DEVICE",1,"Agent 0","Agent 2",602,121610862185891,121610866018960
"MEMORY_COPY","MEMORY_COPY_HOST_TO_DEVICE",1,"Agent 0","Agent 2",603,121610866071863,121610866080517
"MEMORY_COPY","MEMORY_COPY_HOST_TO_DEVICE",1,"Agent 0","Agent 2",604,121610866237665,121610866253835
"MEMORY_COPY","MEMORY_COPY_HOST_TO_DEVICE",1,"Agent 0","Agent 2",605,121610866721589,121610866831498
"MEMORY_COPY","MEMORY_COPY_HOST_TO_DEVICE",1,"Agent 0","Agent 2",606,121610866902864,121610866911499
"MEMORY_COPY","MEMORY_COPY_HOST_TO_DEVICE",1,"Agent 0","Agent 2",607,121610866934829,121610866939242
"MEMORY_COPY","MEMORY_COPY_HOST_TO_DEVICE",1,"Agent 0","Agent 2",608,121610867298000,121610867407638
"MEMORY_COPY","MEMORY_COPY_HOST_TO_DEVICE",1,"Agent 0","Agent 2",609,121610867754868,121610867864583
"MEMORY_COPY","MEMORY_COPY_HOST_TO_DEVICE",1,"Agent 0","Agent 2",610,121610867891937,121610867897225
"MEMORY_COPY","MEMORY_COPY_HOST_TO_DEVICE",1,"Agent 0","Agent 2",611,121610867920719,121610867924777
"MEMORY_COPY","MEMORY_COPY_HOST_TO_DEVICE",1,"Agent 0","Agent 2",612,121610868272101,121610868382163
"MEMORY_COPY","MEMORY_COPY_HOST_TO_DEVICE",1,"Agent 0","Agent 2",614,121610868462918,121610868477262
"MEMORY_COPY","MEMORY_COPY_HOST_TO_DEVICE",1,"Agent 0","Agent 2",616,121610868719176,121610868765518
"MEMORY_COPY","MEMORY_COPY_HOST_TO_DEVICE",1,"Agent 0","Agent 2",617,121610869354372,121610869493826
"MEMORY_COPY","MEMORY_COPY_HOST_TO_DEVICE",1,"Agent 0","Agent 2",618,121610870408110,121610870685011
"MEMORY_COPY","MEMORY_COPY_HOST_TO_DEVICE",1,"Agent 0","Agent 2",619,121610875904224,121610879562160
"MEMORY_COPY","MEMORY_COPY_HOST_TO_DEVICE",1,"Agent 0","Agent 2",620,121610879742009,121610879761177
"MEMORY_COPY","MEMORY_COPY_HOST_TO_DEVICE",1,"Agent 0","Agent 2",621,121610884563958,121610888243439
"MEMORY_COPY","MEMORY_COPY_HOST_TO_DEVICE",1,"Agent 0","Agent 2",622,121610888554231,121610888600505
"MEMORY_COPY","MEMORY_COPY_HOST_TO_DEVICE",1,"Agent 0","Agent 2",624,121610888715284,121610888733126
"MEMORY_COPY","MEMORY_COPY_HOST_TO_DEVICE",1,"Agent 0","Agent 2",625,121610893304484,121610897169271
"MEMORY_COPY","MEMORY_COPY_HOST_TO_DEVICE",1,"Agent 0","Agent 2",626,121610897329058,121610897345284
"MEMORY_COPY","MEMORY_COPY_HOST_TO_DEVICE",1,"Agent 0","Agent 2",627,121610897825245,121610897934990
"MEMORY_COPY","MEMORY_COPY_HOST_TO_DEVICE",1,"Agent 0","Agent 2",628,121610897963342,121610897968704
"MEMORY_COPY","MEMORY_COPY_HOST_TO_DEVICE",1,"Agent 0","Agent 2",629,121610897989403,121610898005000
"MEMORY_COPY","MEMORY_COPY_HOST_TO_DEVICE",1,"Agent 0","Agent 2",630,121610898359870,121610898470483
"MEMORY_COPY","MEMORY_COPY_HOST_TO_DEVICE",1,"Agent 0","Agent 2",631,121610898808535,121610898918621
"MEMORY_COPY","MEMORY_COPY_HOST_TO_DEVICE",1,"Agent 0","Agent 2",632,121610898945010,121610898949620
"MEMORY_COPY","MEMORY_COPY_HOST_TO_DEVICE",1,"Agent 0","Agent 2",633,121610898972836,121610898976731
"MEMORY_COPY","MEMORY_COPY_HOST_TO_DEVICE",1,"Agent 0","Agent 2",634,121610899319358,121610899429689
"MEMORY_COPY","MEMORY_COPY_HOST_TO_DEVICE",1,"Agent 0","Agent 2",636,121610899489125,121610899496275
"MEMORY_COPY","MEMORY_COPY_HOST_TO_DEVICE",1,"Agent 0","Agent 2",637,121610899527288,121610899534347
"MEMORY_COPY","MEMORY_COPY_HOST_TO_DEVICE",1,"Agent 0","Agent 2",638,121610899563613,121610899569884
"MEMORY_COPY","MEMORY_COPY_HOST_TO_DEVICE",1,"Agent 0","Agent 2",641,121610900305665,121610900518599
"MEMORY_COPY","MEMORY_COPY_HOST_TO_DEVICE",1,"Agent 0","Agent 2",642,121610901035532,121610901183267
"MEMORY_COPY","MEMORY_COPY_HOST_TO_DEVICE",1,"Agent 0","Agent 2",643,121610901852913,121610902083891
"MEMORY_COPY","MEMORY_COPY_HOST_TO_DEVICE",1,"Agent 0","Agent 2",644,121610907098490,121610910588596
"MEMORY_COPY","MEMORY_COPY_HOST_TO_DEVICE",1,"Agent 0","Agent 2",645,121610910758300,121610910777343
"MEMORY_COPY","MEMORY_COPY_HOST_TO_DEVICE",1,"Agent 0","Agent 2",646,121610916528440,121610920824517
"MEMORY_COPY","MEMORY_COPY_HOST_TO_DEVICE",1,"Agent 0","Agent 2",647,121610920867859,121610920875584
"MEMORY_COPY","MEMORY_COPY_HOST_TO_DEVICE",1,"Agent 0","Agent 2",648,121610921150928,121610921198154
"MEMORY_COPY","MEMORY_COPY_HOST_TO_DEVICE",1,"Agent 0","Agent 2",650,121610921311308,121610921329042
"MEMORY_COPY","MEMORY_COPY_HOST_TO_DEVICE",1,"Agent 0","Agent 2",651,121610927098675,121610930968635
"MEMORY_COPY","MEMORY_COPY_HOST_TO_DEVICE",1,"Agent 0","Agent 2",652,121610931022981,121610931031804
"MEMORY_COPY","MEMORY_COPY_HOST_TO_DEVICE",1,"Agent 0","Agent 2",653,121610931190632,121610931209591
"MEMORY_COPY","MEMORY_COPY_HOST_TO_DEVICE",1,"Agent 0","Agent 2",654,121610931717449,121610931827971
"MEMORY_COPY","MEMORY_COPY_HOST_TO_DEVICE",1,"Agent 0","Agent 2",655,121610931892839,121610931901831
"MEMORY_COPY","MEMORY_COPY_HOST_TO_DEVICE",1,"Agent 0","Agent 2",656,121610931925221,121610931929563
"MEMORY_COPY","MEMORY_COPY_HOST_TO_DEVICE",1,"Agent 0","Agent 2",657,121610932284360,121610932393932
"MEMORY_COPY","MEMORY_COPY_HOST_TO_DEVICE",1,"Agent 0","Agent 2",658,121610932732821,121610932843062
"MEMORY_COPY","MEMORY_COPY_HOST_TO_DEVICE",1,"Agent 0","Agent 2",659,121610932867171,121610932872768
"MEMORY_COPY","MEMORY_COPY_HOST_TO_DEVICE",1,"Agent 0","Agent 2",660,121610932896061,121610932900340
"MEMORY_COPY","MEMORY_COPY_HOST_TO_DEVICE",1,"Agent 0","Agent 2",661,121610933245573,121610933355261
"MEMORY_COPY","MEMORY_COPY_HOST_TO_DEVICE",1,"Agent 0","Agent 2",663,121610933412202,121610933419733
"MEMORY_COPY","MEMORY_COPY_HOST_TO_DEVICE",1,"Agent 0","Agent 2",664,121610933449744,121610933457465
"MEMORY_COPY","MEMORY_COPY_HOST_TO_DEVICE",1,"Agent 0","Agent 2",665,121610933486956,121610933493312
"MEMORY_COPY","MEMORY_COPY_HOST_TO_DEVICE",1,"Agent 0","Agent 2",668,121610934241353,121610934454722
"MEMORY_COPY","MEMORY_COPY_HOST_TO_DEVICE",1,"Agent 0","Agent 2",669,121610934859375,121610934999603
"MEMORY_COPY","MEMORY_COPY_HOST_TO_DEVICE",1,"Agent 0","Agent 2",670,121610935749626,121610935997772
"MEMORY_COPY","MEMORY_COPY_HOST_TO_DEVICE",1,"Agent 0","Agent 2",671,121610941166038,121610944607986
"MEMORY_COPY","MEMORY_COPY_HOST_TO_DEVICE",1,"Agent 0","Agent 2",672,121610944776575,121610944796052
"MEMORY_COPY","MEMORY_COPY_HOST_TO_DEVICE",1,"Agent 0","Agent 2",673,121610950634242,121610954873213
"MEMORY_COPY","MEMORY_COPY_HOST_TO_DEVICE",1,"Agent 0","Agent 2",674,121610957157290,121610958974384
"MEMORY_COPY","MEMORY_COPY_HOST_TO_DEVICE",1,"Agent 0","Agent 2",675,121610959283594,121610959330408
"MEMORY_COPY","MEMORY_COPY_HOST_TO_DEVICE",1,"Agent 0","Agent 2",677,121610959444309,121610959459552
"MEMORY_COPY","MEMORY_COPY_HOST_TO_DEVICE",1,"Agent 0","Agent 2",678,121610965298702,121610969786786
"MEMORY_COPY","MEMORY_COPY_HOST_TO_DEVICE",1,"Agent 0","Agent 2",679,121610972133164,121610973996232
"MEMORY_COPY","MEMORY_COPY_HOST_TO_DEVICE",1,"Agent 0","Agent 2",680,121610974169409,121610974185120
"MEMORY_COPY","MEMORY_COPY_HOST_TO_DEVICE",1,"Agent 0","Agent 2",681,121610974724378,121610974834449
"MEMORY_COPY","MEMORY_COPY_HOST_TO_DEVICE",1,"Agent 0","Agent 2",682,121610974872358,121610974876829
"MEMORY_COPY","MEMORY_COPY_HOST_TO_DEVICE",1,"Agent 0","Agent 2",683,121610974902351,121610974906054
"MEMORY_COPY","MEMORY_COPY_HOST_TO_DEVICE",1,"Agent 0","Agent 2",684,121610975296692,121610975406702
"MEMORY_COPY","MEMORY_COPY_HOST_TO_DEVICE",1,"Agent 0","Agent 2",685,121610975751993,121610975862254
"MEMORY_COPY","MEMORY_COPY_HOST_TO_DEVICE",1,"Agent 0","Agent 2",686,121610975894801,121610975899675
"MEMORY_COPY","MEMORY_COPY_HOST_TO_DEVICE",1,"Agent 0","Agent 2",687,121610975922910,121610975926836
"MEMORY_COPY","MEMORY_COPY_HOST_TO_DEVICE",1,"Agent 0","Agent 2",688,121610976294098,121610976405191
"MEMORY_COPY","MEMORY_COPY_HOST_TO_DEVICE",1,"Agent 0","Agent 2",690,121610976470609,121610976477198
"MEMORY_COPY","MEMORY_COPY_HOST_TO_DEVICE",1,"Agent 0","Agent 2",691,121610976511477,121610976519137
"MEMORY_COPY","MEMORY_COPY_HOST_TO_DEVICE",1,"Agent 0","Agent 2",692,121610976549278,121610976555265
"MEMORY_COPY","MEMORY_COPY_HOST_TO_DEVICE",1,"Agent 0","Agent 2",695,121610977507001,121610977711313
"MEMORY_COPY","MEMORY_COPY_HOST_TO_DEVICE",1,"Agent 0","Agent 2",696,121610977793696,121610977807956
"MEMORY_COPY","MEMORY_COPY_HOST_TO_DEVICE",1,"Agent 0","Agent 2",698,121610978478887,121610978692239
"MEMORY_COPY","MEMORY_COPY_HOST_TO_DEVICE",1,"Agent 0","Agent 2",699,121610979593037,121610979857545
"MEMORY_COPY","MEMORY_COPY_HOST_TO_DEVICE",1,"Agent 0","Agent 2",701,121610979954294,121610979968615
"MEMORY_COPY","MEMORY_COPY_HOST_TO_DEVICE",1,"Agent 0","Agent 2",702,121610985034583,121610988562248
"MEMORY_COPY","MEMORY_COPY_HOST_TO_DEVICE",1,"Agent 0","Agent 2",703,121610988775798,121610988787644
"MEMORY_COPY","MEMORY_COPY_HOST_TO_DEVICE",1,"Agent 0","Agent 2",704,121610994086769,121610997681816
"MEMORY_COPY","MEMORY_COPY_HOST_TO_DEVICE",1,"Agent 0","Agent 2",705,121610998018297,121610998065452
"MEMORY_COPY","MEMORY_COPY_HOST_TO_DEVICE",1,"Agent 0","Agent 2",707,121610998211949,121610998229713
"MEMORY_COPY","MEMORY_COPY_HOST_TO_DEVICE",1,"Agent 0","Agent 2",708,121611003441598,121611007538209
"MEMORY_COPY","MEMORY_COPY_HOST_TO_DEVICE",1,"Agent 0","Agent 2",709,121611007752284,121611007771280
"MEMORY_COPY","MEMORY_COPY_HOST_TO_DEVICE",1,"Agent 0","Agent 2",710,121611008279897,121611008390131
"MEMORY_COPY","MEMORY_COPY_HOST_TO_DEVICE",1,"Agent 0","Agent 2",711,121611008428323,121611008433023
"MEMORY_COPY","MEMORY_COPY_HOST_TO_DEVICE",1,"Agent 0","Agent 2",712,121611008456636,121611008460575
"MEMORY_COPY","MEMORY_COPY_HOST_TO_DEVICE",1,"Agent 0","Agent 2",713,121611008804789,121611008914985
"MEMORY_COPY","MEMORY_COPY_HOST_TO_DEVICE",1,"Agent 0","Agent 2",714,121611009274433,121611009384153
"MEMORY_COPY","MEMORY_COPY_HOST_TO_DEVICE",1,"Agent 0","Agent 2",715,121611009411583,121611009416273
"MEMORY_COPY","MEMORY_COPY_HOST_TO_DEVICE",1,"Agent 0","Agent 2",716,121611009439137,121611009443164
"MEMORY_COPY","MEMORY_COPY_HOST_TO_DEVICE",1,"Agent 0","Agent 2",717,121611009780928,121611009890921
"MEMORY_COPY","MEMORY_COPY_HOST_TO_DEVICE",1,"Agent 0","Agent 2",719,121611009969096,121611009983356
"MEMORY_COPY","MEMORY_COPY_HOST_TO_DEVICE",1,"Agent 0","Agent 2",721,121611010238275,121611010284837
"MEMORY_COPY","MEMORY_COPY_HOST_TO_DEVICE",1,"Agent 0","Agent 2",722,121611010884125,121611011023745
"MEMORY_COPY","MEMORY_COPY_HOST_TO_DEVICE",1,"Agent 0","Agent 2",723,121611012069068,121611012291354
"MEMORY_COPY","MEMORY_COPY_HOST_TO_DEVICE",1,"Agent 0","Agent 2",724,121611017334345,121611021432554
"MEMORY_COPY","MEMORY_COPY_HOST_TO_DEVICE",1,"Agent 0","Agent 2",725,121611021590949,121611021602335
"MEMORY_COPY","MEMORY_COPY_HOST_TO_DEVICE",1,"Agent 0","Agent 2",726,121611027491071,121611031872080
"MEMORY_COPY","MEMORY_COPY_HOST_TO_DEVICE",1,"Agent 0","Agent 2",727,121611034194122,121611036039687
"MEMORY_COPY","MEMORY_COPY_HOST_TO_DEVICE",1,"Agent 0","Agent 2",728,121611036331983,121611036378739
"MEMORY_COPY","MEMORY_COPY_HOST_TO_DEVICE",1,"Agent 0","Agent 2",730,121611036519883,121611036538481
"MEMORY_COPY","MEMORY_COPY_HOST_TO_DEVICE",1,"Agent 0","Agent 2",731,121611042398706,121611046804248
"MEMORY_COPY","MEMORY_COPY_HOST_TO_DEVICE",1,"Agent 0","Agent 2",732,121611049172293,121611051018083
"MEMORY_COPY","MEMORY_COPY_HOST_TO_DEVICE",1,"Agent 0","Agent 2",733,121611051188277,121611051203063
"MEMORY_COPY","MEMORY_COPY_HOST_TO_DEVICE",1,"Agent 0","Agent 2",734,121611051729342,121611051839237
"MEMORY_COPY","MEMORY_COPY_HOST_TO_DEVICE",1,"Agent 0","Agent 2",735,121611051874678,121611051879333
"MEMORY_COPY","MEMORY_COPY_HOST_TO_DEVICE",1,"Agent 0","Agent 2",736,121611051902909,121611051906684
"MEMORY_COPY","MEMORY_COPY_HOST_TO_DEVICE",1,"Agent 0","Agent 2",737,121611052276964,121611052387484
"MEMORY_COPY","MEMORY_COPY_HOST_TO_DEVICE",1,"Agent 0","Agent 2",738,121611052741187,121611052852094
"MEMORY_COPY","MEMORY_COPY_HOST_TO_DEVICE",1,"Agent 0","Agent 2",739,121611052879525,121611052884575
"MEMORY_COPY","MEMORY_COPY_HOST_TO_DEVICE",1,"Agent 0","Agent 2",740,121611052908268,121611052912137
"MEMORY_COPY","MEMORY_COPY_HOST_TO_DEVICE",1,"Agent 0","Agent 2",741,121611053288921,121611053399139
"MEMORY_COPY","MEMORY_COPY_HOST_TO_DEVICE",1,"Agent 0","Agent 2",743,121611053467165,121611053474151
"MEMORY_COPY","MEMORY_COPY_HOST_TO_DEVICE",1,"Agent 0","Agent 2",744,121611053508521,121611053515870
"MEMORY_COPY","MEMORY_COPY_HOST_TO_DEVICE",1,"Agent 0","Agent 2",745,121611053545804,121611053551357
"MEMORY_COPY","MEMORY_COPY_HOST_TO_DEVICE",1,"Agent 0","Agent 2",748,121611054310436,121611054520281
"MEMORY_COPY","MEMORY_COPY_HOST_TO_DEVICE",1,"Agent 0","Agent 2",749,121611054884722,121611054992785
"MEMORY_COPY","MEMORY_COPY_HOST_TO_DEVICE",1,"Agent 0","Agent 2",750,121611055790035,121611056031621
"MEMORY_COPY","MEMORY_COPY_HOST_TO_DEVICE",1,"Agent 0","Agent 2",751,121611061158185,121611064582222
"MEMORY_COPY","MEMORY_COPY_HOST_TO_DEVICE",1,"Agent 0","Agent 2",752,121611064753890,121611064773134
"MEMORY_COPY","MEMORY_COPY_HOST_TO_DEVICE",1,"Agent 0","Agent 2",753,121611070668829,121611074859552
"MEMORY_COPY","MEMORY_COPY_HOST_TO_DEVICE",1,"Agent 0","Agent 2",754,121611074910934,121611074918163
"MEMORY_COPY","MEMORY_COPY_HOST_TO_DEVICE",1,"Agent 0","Agent 2",755,121611075227437,121611075273846
"MEMORY_COPY","MEMORY_COPY_HOST_TO_DEVICE",1,"Agent 0","Agent 2",757,121611075418793,121611075435973
"MEMORY_COPY","MEMORY_COPY_HOST_TO_DEVICE",1,"Agent 0","Agent 2",758,121611081336483,121611085823430
"MEMORY_COPY","MEMORY_COPY_HOST_TO_DEVICE",1,"Agent 0","Agent 2",759,121611085872964,121611085880719
"MEMORY_COPY","MEMORY_COPY_HOST_TO_DEVICE",1,"Agent 0","Agent 2",760,121611086034253,121611086052754
"MEMORY_COPY","MEMORY_COPY_HOST_TO_DEVICE",1,"Agent 0","Agent 2",761,121611086528512,121611086639114
"MEMORY_COPY","MEMORY_COPY_HOST_TO_DEVICE",1,"Agent 0","Agent 2",762,121611086677942,121611086683037
"MEMORY_COPY","MEMORY_COPY_HOST_TO_DEVICE",1,"Agent 0","Agent 2",763,121611086706835,121611086710559
"MEMORY_COPY","MEMORY_COPY_HOST_TO_DEVICE",1,"Agent 0","Agent 2",764,121611087066288,121611087176541
"MEMORY_COPY","MEMORY_COPY_HOST_TO_DEVICE",1,"Agent 0","Agent 2",765,121611087533253,121611087643996
"MEMORY_COPY","MEMORY_COPY_HOST_TO_DEVICE",1,"Agent 0","Agent 2",766,121611087675104,121611087679393
"MEMORY_COPY","MEMORY_COPY_HOST_TO_DEVICE",1,"Agent 0","Agent 2",767,121611087703271,121611087707185
"MEMORY_COPY","MEMORY_COPY_HOST_TO_DEVICE",1,"Agent 0","Agent 2",768,121611088045373,121611088155414
"MEMORY_COPY","MEMORY_COPY_HOST_TO_DEVICE",1,"Agent 0","Agent 2",770,121611088220480,121611088227520
"MEMORY_COPY","MEMORY_COPY_HOST_TO_DEVICE",1,"Agent 0","Agent 2",771,121611088262648,121611088269710
"MEMORY_COPY","MEMORY_COPY_HOST_TO_DEVICE",1,"Agent 0","Agent 2",772,121611088299954,121611088305989
"MEMORY_COPY","MEMORY_COPY_HOST_TO_DEVICE",1,"Agent 0","Agent 2",775,121611088733777,121611088847313
"MEMORY_COPY","MEMORY_COPY_HOST_TO_DEVICE",1,"Agent 0","Agent 2",776,121611089194664,121611089308155
"MEMORY_COPY","MEMORY_COPY_HOST_TO_DEVICE",1,"Agent 0","Agent 2",777,121611090264873,121611090576225
"MEMORY_COPY","MEMORY_COPY_HOST_TO_DEVICE",1,"Agent 0","Agent 2",778,121611095746066,121611099517155
"MEMORY_COPY","MEMORY_COPY_HOST_TO_DEVICE",1,"Agent 0","Agent 2",779,121611099732193,121611099751238
"MEMORY_COPY","MEMORY_COPY_HOST_TO_DEVICE",1,"Agent 0","Agent 2",780,121611105657261,121611109862193
"MEMORY_COPY","MEMORY_COPY_HOST_TO_DEVICE",1,"Agent 0","Agent 2",781,121611112154376,121611113992990
"MEMORY_COPY","MEMORY_COPY_HOST_TO_DEVICE",1,"Agent 0","Agent 2",782,121611114424284,121611114471756
"MEMORY_COPY","MEMORY_COPY_HOST_TO_DEVICE",1,"Agent 0","Agent 2",784,121611114743867,121611114762997
"MEMORY_COPY","MEMORY_COPY_HOST_TO_DEVICE",1,"Agent 0","Agent 2",785,121611120652288,121611124877278
"MEMORY_COPY","MEMORY_COPY_HOST_TO_DEVICE",1,"Agent 0","Agent 2",786,121611127138720,121611128933294
"MEMORY_COPY","MEMORY_COPY_HOST_TO_DEVICE",1,"Agent 0","Agent 2",787,121611129117687,121611129143892
"MEMORY_COPY","MEMORY_COPY_HOST_TO_DEVICE",1,"Agent 0","Agent 2",788,121611129591708,121611129701979
"MEMORY_COPY","MEMORY_COPY_HOST_TO_DEVICE",1,"Agent 0","Agent 2",789,121611129729683,121611129734630
"MEMORY_COPY","MEMORY_COPY_HOST_TO_DEVICE",1,"Agent 0","Agent 2",790,121611129757616,121611129762002
"MEMORY_COPY","MEMORY_COPY_HOST_TO_DEVICE",1,"Agent 0","Agent 2",791,121611130134478,121611130243814
"MEMORY_COPY","MEMORY_COPY_HOST_TO_DEVICE",1,"Agent 0","Agent 2",792,121611130601075,121611130711479
"MEMORY_COPY","MEMORY_COPY_HOST_TO_DEVICE",1,"Agent 0","Agent 2",793,121611130739614,121611130744311
"MEMORY_COPY","MEMORY_COPY_HOST_TO_DEVICE",1,"Agent 0","Agent 2",794,121611130766820,121611130771082
"MEMORY_COPY","MEMORY_COPY_HOST_TO_DEVICE",1,"Agent 0","Agent 2",795,121611131132709,121611131242694
"MEMORY_COPY","MEMORY_COPY_HOST_TO_DEVICE",1,"Agent 0","Agent 2",797,121611131305545,121611131312997
"MEMORY_COPY","MEMORY_COPY_HOST_TO_DEVICE",1,"Agent 0","Agent 2",798,121611131343879,121611131350739
"MEMORY_COPY","MEMORY_COPY_HOST_TO_DEVICE",1,"Agent 0","Agent 2",799,121611131379091,121611131385435
"MEMORY_COPY","MEMORY_COPY_HOST_TO_DEVICE",1,"Agent 0","Agent 2",802,121611131874471,121611132022690
"MEMORY_COPY","MEMORY_COPY_HOST_TO_DEVICE",1,"Agent 0","Agent 2",803,121611132104576,121611132125445
"MEMORY_COPY","MEMORY_COPY_HOST_TO_DEVICE",1,"Agent 0","Agent 2",805,121611132797619,121611133012454
"MEMORY_COPY","MEMORY_COPY_HOST_TO_DEVICE",1,"Agent 0","Agent 2",806,121611133826403,121611134100593
"MEMORY_COPY","MEMORY_COPY_HOST_TO_DEVICE",1,"Agent 0","Agent 2",808,121611134193400,121611134214438
"MEMORY_COPY","MEMORY_COPY_HOST_TO_DEVICE",1,"Agent 0","Agent 2",809,121611139331149,121611143431702
"MEMORY_COPY","MEMORY_COPY_HOST_TO_DEVICE",1,"Agent 0","Agent 2",810,121611143599845,121611143618976
"MEMORY_COPY","MEMORY_COPY_HOST_TO_DEVICE",1,"Agent 0","Agent 2",811,121611149451532,121611153832444
"MEMORY_COPY","MEMORY_COPY_HOST_TO_DEVICE",1,"Agent 0","Agent 2",812,121611156155735,121611157945508
"MEMORY_COPY","MEMORY_COPY_HOST_TO_DEVICE",1,"Agent 0","Agent 2",813,121611158234125,121611158280532
"MEMORY_COPY","MEMORY_COPY_HOST_TO_DEVICE",1,"Agent 0","Agent 2",815,121611158422332,121611158440064
"MEMORY_COPY","MEMORY_COPY_HOST_TO_DEVICE",1,"Agent 0","Agent 2",816,121611164266534,121611167990267
"MEMORY_COPY","MEMORY_COPY_HOST_TO_DEVICE",1,"Agent 0","Agent 2",817,121611170168691,121611171931406
"MEMORY_COPY","MEMORY_COPY_HOST_TO_DEVICE",1,"Agent 0","Agent 2",818,121611172109829,121611172128128
"MEMORY_COPY","MEMORY_COPY_HOST_TO_DEVICE",1,"Agent 0","Agent 2",819,121611172621781,121611172732161
"MEMORY_COPY","MEMORY_COPY_HOST_TO_DEVICE",1,"Agent 0","Agent 2",820,121611172766865,121611172770855
"MEMORY_COPY","MEMORY_COPY_HOST_TO_DEVICE",1,"Agent 0","Agent 2",821,121611172795320,121611172799128
"MEMORY_COPY","MEMORY_COPY_HOST_TO_DEVICE",1,"Agent 0","Agent 2",822,121611173171939,121611173282052
"MEMORY_COPY","MEMORY_COPY_HOST_TO_DEVICE",1,"Agent 0","Agent 2",823,121611173638578,121611173749386
"MEMORY_COPY","MEMORY_COPY_HOST_TO_DEVICE",1,"Agent 0","Agent 2",824,121611173776332,121611173781106
"MEMORY_COPY","MEMORY_COPY_HOST_TO_DEVICE",1,"Agent 0","Agent 2",825,121611173881660,121611173894311
"MEMORY_COPY","MEMORY_COPY_HOST_TO_DEVICE",1,"Agent 0","Agent 2",826,121611174264792,121611174375030
"MEMORY_COPY","MEMORY_COPY_HOST_TO_DEVICE",1,"Agent 0","Agent 2",828,121611174469075,121611174483636
"MEMORY_COPY","MEMORY_COPY_HOST_TO_DEVICE",1,"Agent 0","Agent 2",830,121611174738003,121611174784064
"MEMORY_COPY","MEMORY_COPY_HOST_TO_DEVICE",1,"Agent 0","Agent 2",831,121611175282902,121611175430989
"MEMORY_COPY","MEMORY_COPY_HOST_TO_DEVICE",1,"Agent 0","Agent 2",832,121611176336874,121611176646659
"MEMORY_COPY","MEMORY_COPY_HOST_TO_DEVICE",1,"Agent 0","Agent 2",833,121611181630966,121611185498962
"MEMORY_COPY","MEMORY_COPY_HOST_TO_DEVICE",1,"Agent 0","Agent 2",834,121611185659808,121611185679534
"MEMORY_COPY","MEMORY_COPY_HOST_TO_DEVICE",1,"Agent 0","Agent 2",835,121611191564915,121611195857425
"MEMORY_COPY","MEMORY_COPY_HOST_TO_DEVICE",1,"Agent 0","Agent 2",836,121611198145471,121611199975578
"MEMORY_COPY","MEMORY_COPY_HOST_TO_DEVICE",1,"Agent 0","Agent 2",837,121611200264557,121611200311013
"MEMORY_COPY","MEMORY_COPY_HOST_TO_DEVICE",1,"Agent 0","Agent 2",839,121611200421660,121611200436871
"MEMORY_COPY","MEMORY_COPY_HOST_TO_DEVICE",1,"Agent 0","Agent 2",840,121611206248343,121611210009788
"MEMORY_COPY","MEMORY_COPY_HOST_TO_DEVICE",1,"Agent 0","Agent 2",841,121611212196333,121611214010178
"MEMORY_COPY","MEMORY_COPY_HOST_TO_DEVICE",1,"Agent 0","Agent 2",842,121611214174319,121611214190309
"MEMORY_COPY","MEMORY_COPY_HOST_TO_DEVICE",1,"Agent 0","Agent 2",843,121611214738629,121611214848685
"MEMORY_COPY","MEMORY_COPY_HOST_TO_DEVICE",1,"Agent 0","Agent 2",844,121611214907412,121611214918066
"MEMORY_COPY","MEMORY_COPY_HOST_TO_DEVICE",1,"Agent 0","Agent 2",845,121611214943279,121611214946951
"MEMORY_COPY","MEMORY_COPY_HOST_TO_DEVICE",1,"Agent 0","Agent 2",846,121611215302430,121611215412522
"MEMORY_COPY","MEMORY_COPY_HOST_TO_DEVICE",1,"Agent 0","Agent 2",847,121611215764374,121611215874897
"MEMORY_COPY","MEMORY_COPY_HOST_TO_DEVICE",1,"Agent 0","Agent 2",848,121611215899978,121611215904583
"MEMORY_COPY","MEMORY_COPY_HOST_TO_DEVICE",1,"Agent 0","Agent 2",849,121611215927739,121611215931685
"MEMORY_COPY","MEMORY_COPY_HOST_TO_DEVICE",1,"Agent 0","Agent 2",850,121611216278503,121611216388479
"MEMORY_COPY","MEMORY_COPY_HOST_TO_DEVICE",1,"Agent 0","Agent 2",852,121611216452936,121611216460004
"MEMORY_COPY","MEMORY_COPY_HOST_TO_DEVICE",1,"Agent 0","Agent 2",853,121611216495777,121611216503076
"MEMORY_COPY","MEMORY_COPY_HOST_TO_DEVICE",1,"Agent 0","Agent 2",854,121611216532765,121611216539214
"MEMORY_COPY","MEMORY_COPY_HOST_TO_DEVICE",1,"Agent 0","Agent 2",857,121611216932954,121611217047807
"MEMORY_COPY","MEMORY_COPY_HOST_TO_DEVICE",1,"Agent 0","Agent 2",858,121611217749458,121611217960614
"MEMORY_COPY","MEMORY_COPY_HOST_TO_DEVICE",1,"Agent 0","Agent 2",859,121611219083293,121611219403635
"MEMORY_COPY","MEMORY_COPY_HOST_TO_DEVICE",1,"Agent 0","Agent 2",860,121611224432744,121611228451287
"MEMORY_COPY","MEMORY_COPY_HOST_TO_DEVICE",1,"Agent 0","Agent 2",861,121611228625527,121611228644974
"MEMORY_COPY","MEMORY_COPY_HOST_TO_DEVICE",1,"Agent 0","Agent 2",862,121611233931898,121611237640347
"MEMORY_COPY","MEMORY_COPY_HOST_TO_DEVICE",1,"Agent 0","Agent 2",863,121611237920976,121611237967927
"MEMORY_COPY","MEMORY_COPY_HOST_TO_DEVICE",1,"Agent 0","Agent 2",865,121611238075792,121611238093334
"MEMORY_COPY","MEMORY_COPY_HOST_TO_DEVICE",1,"Agent 0","Agent 2",866,121611243462166,121611247529652
"MEMORY_COPY","MEMORY_COPY_HOST_TO_DEVICE",1,"Agent 0","Agent 2",867,121611247743623,121611247762182
"MEMORY_COPY","MEMORY_COPY_HOST_TO_DEVICE",1,"Agent 0","Agent 2",868,121611248251175,121611248360565
"MEMORY_COPY","MEMORY_COPY_HOST_TO_DEVICE",1,"Agent 0","Agent 2",869,121611248393417,121611248397785
"MEMORY_COPY","MEMORY_COPY_HOST_TO_DEVICE",1,"Agent 0","Agent 2",870,121611248423156,121611248426539
"MEMORY_COPY","MEMORY_COPY_HOST_TO_DEVICE",1,"Agent 0","Agent 2",871,121611248823247,121611248933389
"MEMORY_COPY","MEMORY_COPY_HOST_TO_DEVICE",1,"Agent 0","Agent 2",872,121611249328383,121611249438495
"MEMORY_COPY","MEMORY_COPY_HOST_TO_DEVICE",1,"Agent 0","Agent 2",873,121611249468163,121611249472840
"MEMORY_COPY","MEMORY_COPY_HOST_TO_DEVICE",1,"Agent 0","Agent 2",874,121611249495810,121611249499560
"MEMORY_COPY","MEMORY_COPY_HOST_TO_DEVICE",1,"Agent 0","Agent 2",875,121611249839625,121611249949802
"MEMORY_COPY","MEMORY_COPY_HOST_TO_DEVICE",1,"Agent 0","Agent 2",877,121611250012753,121611250020105
"MEMORY_COPY","MEMORY_COPY_HOST_TO_DEVICE",1,"Agent 0","Agent 2",878,121611250052506,121611250059700
"MEMORY_COPY","MEMORY_COPY_HOST_TO_DEVICE",1,"Agent 0","Agent 2",879,121611250088546,121611250094406
"MEMORY_COPY","MEMORY_COPY_HOST_TO_DEVICE",1,"Agent 0","Agent 2",882,121611250841342,121611251049153
"MEMORY_COPY","MEMORY_COPY_HOST_TO_DEVICE",1,"Agent 0","Agent 2",883,121611251515283,121611251663165
"MEMORY_COPY","MEMORY_COPY_HOST_TO_DEVICE",1,"Agent 0","Agent 2",884,121611252428691,121611252668287
"MEMORY_COPY","MEMORY_COPY_HOST_TO_DEVICE",1,"Agent 0","Agent 2",885,121611257756779,121611261536680
"MEMORY_COPY","MEMORY_COPY_HOST_TO_DEVICE",1,"Agent 0","Agent 2",886,121611261750300,121611261769561
"MEMORY_COPY","MEMORY_COPY_HOST_TO_DEVICE",1,"Agent 0","Agent 2",887,121611267610169,121611271859445
"MEMORY_COPY","MEMORY_COPY_HOST_TO_DEVICE",1,"Agent 0","Agent 2",888,121611271911448,121611271918968
"MEMORY_COPY","MEMORY_COPY_HOST_TO_DEVICE",1,"Agent 0","Agent 2",889,121611272198947,121611272243582
"MEMORY_COPY","MEMORY_COPY_HOST_TO_DEVICE",1,"Agent 0","Agent 2",891,121611272384924,121611272403605
"MEMORY_COPY","MEMORY_COPY_HOST_TO_DEVICE",1,"Agent 0","Agent 2",892,121611278256732,121611282004304
"MEMORY_COPY","MEMORY_COPY_HOST_TO_DEVICE",1,"Agent 0","Agent 2",893,121611282060808,121611282069006
"MEMORY_COPY","MEMORY_COPY_HOST_TO_DEVICE",1,"Agent 0","Agent 2",894,121611282226680,121611282242154
"MEMORY_COPY","MEMORY_COPY_HOST_TO_DEVICE",1,"Agent 0","Agent 2",895,121611282737950,121611282842661
"MEMORY_COPY","MEMORY_COPY_HOST_TO_DEVICE",1,"Agent 0","Agent 2",896,121611282918444,121611282923283
"MEMORY_COPY","MEMORY_COPY_HOST_TO_DEVICE",1,"Agent 0","Agent 2",897,121611282947695,121611282951446
"MEMORY_COPY","MEMORY_COPY_HOST_TO_DEVICE",1,"Agent 0","Agent 2",898,121611283329792,121611283439781
"MEMORY_COPY","MEMORY_COPY_HOST_TO_DEVICE",1,"Agent 0","Agent 2",899,121611283793893,121611283903979
"MEMORY_COPY","MEMORY_COPY_HOST_TO_DEVICE",1,"Agent 0","Agent 2",900,121611283930147,121611283935028
"MEMORY_COPY","MEMORY_COPY_HOST_TO_DEVICE",1,"Agent 0","Agent 2",901,121611283958501,121611283962460
"MEMORY_COPY","MEMORY_COPY_HOST_TO_DEVICE",1,"Agent 0","Agent 2",902,121611284316378,121611284426708
"MEMORY_COPY","MEMORY_COPY_HOST_TO_DEVICE",1,"Agent 0","Agent 2",904,121611284492027,121611284499546
"MEMORY_COPY","MEMORY_COPY_HOST_TO_DEVICE",1,"Agent 0","Agent 2",905,121611284530564,121611284537788
"MEMORY_COPY","MEMORY_COPY_HOST_TO_DEVICE",1,"Agent 0","Agent 2",906,121611284570889,121611284576612
"MEMORY_COPY","MEMORY_COPY_HOST_TO_DEVICE",1,"Agent 0","Agent 2",909,121611285094274,121611285241580
"MEMORY_COPY","MEMORY_COPY_HOST_TO_DEVICE",1,"Agent 0","Agent 2",910,121611285398981,121611285420940
"MEMORY_COPY","MEMORY_COPY_HOST_TO_DEVICE",1,"Agent 0","Agent 2",912,121611286144565,121611286353905
"MEMORY_COPY","MEMORY_COPY_HOST_TO_DEVICE",1,"Agent 0","Agent 2",913,121611287334838,121611287706986
"MEMORY_COPY","MEMORY_COPY_HOST_TO_DEVICE",1,"Agent 0","Agent 2",915,121611288107774,121611288129125
"MEMORY_COPY","MEMORY_COPY_HOST_TO_DEVICE",1,"Agent 0","Agent 2",916,121611293281317,121611296621897
"MEMORY_COPY","MEMORY_COPY_HOST_TO_DEVICE",1,"Agent 0","Agent 2",917,121611296800145,121611296819040
"MEMORY_COPY","MEMORY_COPY_HOST_TO_DEVICE",1,"Agent 0","Agent 2",918,121611301592934,121611305228976
"MEMORY_COPY","MEMORY_COPY_HOST_TO_DEVICE",1,"Agent 0","Agent 2",919,121611305518456,121611305564040
"MEMORY_COPY","MEMORY_COPY_HOST_TO_DEVICE",1,"Agent 0","Agent 2",921,121611305705969,121611305723461
"MEMORY_COPY","MEMORY_COPY_HOST_TO_DEVICE",1,"Agent 0","Agent 2",922,121611310420270,121611314232334
"MEMORY_COPY","MEMORY_COPY_HOST_TO_DEVICE",1,"Agent 0","Agent 2",923,121611314391277,121611314406644
"MEMORY_COPY","MEMORY_COPY_HOST_TO_DEVICE",1,"Agent 0","Agent 2",924,121611315045898,121611315156323
"MEMORY_COPY","MEMORY_COPY_HOST_TO_DEVICE",1,"Agent 0","Agent 2",925,121611315188614,121611315193453
"MEMORY_COPY","MEMORY_COPY_HOST_TO_DEVICE",1,"Agent 0","Agent 2",926,121611315216425,121611315220254
"MEMORY_COPY","MEMORY_COPY_HOST_TO_DEVICE",1,"Agent 0","Agent 2",927,121611315628780,121611315739727
"MEMORY_COPY","MEMORY_COPY_HOST_TO_DEVICE",1,"Agent 0","Agent 2",928,121611316161677,121611316272275
"MEMORY_COPY","MEMORY_COPY_HOST_TO_DEVICE",1,"Agent 0","Agent 2",929,121611316301497,121611316305948
"MEMORY_COPY","MEMORY_COPY_HOST_TO_DEVICE",1,"Agent 0","Agent 2",930,121611316328598,121611316332839
"MEMORY_COPY","MEMORY_COPY_HOST_TO_DEVICE",1,"Agent 0","Agent 2",931,121611316676455,121611316787079
"MEMORY_COPY","MEMORY_COPY_HOST_TO_DEVICE",1,"Agent 0","Agent 2",933,121611316894413,121611316911885
"MEMORY_COPY","MEMORY_COPY_HOST_TO_DEVICE",1,"Agent 0","Agent 2",935,121611317147087,121611317201683
"MEMORY_COPY","MEMORY_COPY_HOST_TO_DEVICE",1,"Agent 0","Agent 2",936,121611317934430,121611318144538
"MEMORY_COPY","MEMORY_COPY_HOST_TO_DEVICE",1,"Agent 0","Agent 2",937,121611318858475,121611319089456
"MEMORY_COPY","MEMORY_COPY_HOST_TO_DEVICE",1,"Agent 0","Agent 2",938,121611324913241,121611328933996
"MEMORY_COPY","MEMORY_COPY_HOST_TO_DEVICE",1,"Agent 0","Agent 2",939,121611333430709,121611337068350
"MEMORY_COPY","MEMORY_COPY_HOST_TO_DEVICE",1,"Agent 0","Agent 2",940,121611337244040,121611337263630
"MEMORY_COPY","MEMORY_COPY_HOST_TO_DEVICE",1,"Agent 0","Agent 2",941,121611343202526,121611346989015
"MEMORY_COPY","MEMORY_COPY_HOST_TO_DEVICE",1,"Agent 0","Agent 2",942,121611349169100,121611350959118
"MEMORY_COPY","MEMORY_COPY_HOST_TO_DEVICE",1,"Agent 0","Agent 2",943,121611351248454,121611351294002
"MEMORY_COPY","MEMORY_COPY_HOST_TO_DEVICE",1,"Agent 0","Agent 2",945,121611351405412,121611351420170
"MEMORY_COPY","MEMORY_COPY_HOST_TO_DEVICE",1,"Agent 0","Agent 2",946,121611357297667,121611360992936
"MEMORY_COPY","MEMORY_COPY_HOST_TO_DEVICE",1,"Agent 0","Agent 2",947,121611363221032,121611364981495
"MEMORY_COPY","MEMORY_COPY_HOST_TO_DEVICE",1,"Agent 0","Agent 2",948,121611365169596,121611365193376
"MEMORY_COPY","MEMORY_COPY_HOST_TO_DEVICE",1,"Agent 0","Agent 2",949,121611365747262,121611365857041
"MEMORY_COPY","MEMORY_COPY_HOST_TO_DEVICE",1,"Agent 0","Agent 2",950,121611365916539,121611365924890
"MEMORY_COPY","MEMORY_COPY_HOST_TO_DEVICE",1,"Agent 0","Agent 2",951,121611365947829,121611365951711
"MEMORY_COPY","MEMORY_COPY_HOST_TO_DEVICE",1,"Agent 0","Agent 2",952,121611366317256,121611366427571
"MEMORY_COPY","MEMORY_COPY_HOST_TO_DEVICE",1,"Agent 0","Agent 2",953,121611366795162,121611366905305
"MEMORY_COPY","MEMORY_COPY_HOST_TO_DEVICE",1,"Agent 0","Agent 2",954,121611367281993,121611367287278
"MEMORY_COPY","MEMORY_COPY_HOST_TO_DEVICE",1,"Agent 0","Agent 2",955,121611367310766,121611367315031
"MEMORY_COPY","MEMORY_COPY_HOST_TO_DEVICE",1,"Agent 0","Agent 2",956,121611367644608,121611367754943
"MEMORY_COPY","MEMORY_COPY_HOST_TO_DEVICE",1,"Agent 0","Agent 2",958,121611367815976,121611367823613
"MEMORY_COPY","MEMORY_COPY_HOST_TO_DEVICE",1,"Agent 0","Agent 2",959,121611367859026,121611367866785
"MEMORY_COPY","MEMORY_COPY_HOST_TO_DEVICE",1,"Agent 0","Agent 2",960,121611367897208,121611367903204
"MEMORY_COPY","MEMORY_COPY_HOST_TO_DEVICE",1,"Agent 0","Agent 2",963,121611368642033,121611368852340
"MEMORY_COPY","MEMORY_COPY_HOST_TO_DEVICE",1,"Agent 0","Agent 2",964,121611369301643,121611369449941
"MEMORY_COPY","MEMORY_COPY_HOST_TO_DEVICE",1,"Agent 0","Agent 2",965,121611370320019,121611370601450
"MEMORY_COPY","MEMORY_COPY_HOST_TO_DEVICE",1,"Agent 0","Agent 2",966,121611376365667,121611380797125
"MEMORY_COPY","MEMORY_COPY_HOST_TO_DEVICE",1,"Agent 0","Agent 2",967,121611385307787,121611389037840
"MEMORY_COPY","MEMORY_COPY_HOST_TO_DEVICE",1,"Agent 0","Agent 2",968,121611389203185,121611389222269
"MEMORY_COPY","MEMORY_COPY_HOST_TO_DEVICE",1,"Agent 0","Agent 2",969,121611395043327,121611398980717
"MEMORY_COPY","MEMORY_COPY_HOST_TO_DEVICE",1,"Agent 0","Agent 2",970,121611399018612,121611399026393
"MEMORY_COPY","MEMORY_COPY_HOST_TO_DEVICE",1,"Agent 0","Agent 2",971,121611399302611,121611399349094
"MEMORY_COPY","MEMORY_COPY_HOST_TO_DEVICE",1,"Agent 0","Agent 2",973,121611399489519,121611399507193
"MEMORY_COPY","MEMORY_COPY_HOST_TO_DEVICE",1,"Agent 0","Agent 2",974,121611405444462,121611409806404
"MEMORY_COPY","MEMORY_COPY_HOST_TO_DEVICE",1,"Agent 0","Agent 2",975,121611409846472,121611409854324
"MEMORY_COPY","MEMORY_COPY_HOST_TO_DEVICE",1,"Agent 0","Agent 2",976,121611410011638,121611410027622
"MEMORY_COPY","MEMORY_COPY_HOST_TO_DEVICE",1,"Agent 0","Agent 2",977,121611410502649,121611410612850
"MEMORY_COPY","MEMORY_COPY_HOST_TO_DEVICE",1,"Agent 0","Agent 2",978,121611410670624,121611410675208
"MEMORY_COPY","MEMORY_COPY_HOST_TO_DEVICE",1,"Agent 0","Agent 2",979,121611410698479,121611410702219
"MEMORY_COPY","MEMORY_COPY_HOST_TO_DEVICE",1,"Agent 0","Agent 2",980,121611411069802,121611411180274
"MEMORY_COPY","MEMORY_COPY_HOST_TO_DEVICE",1,"Agent 0","Agent 2",981,121611411532125,121611411642679
"MEMORY_COPY","MEMORY_COPY_HOST_TO_DEVICE",1,"Agent 0","Agent 2",982,121611411671179,121611411675571
"MEMORY_COPY","MEMORY_COPY_HOST_TO_DEVICE",1,"Agent 0","Agent 2",983,121611411699809,121611411703404
"MEMORY_COPY","MEMORY_COPY_HOST_TO_DEVICE",1,"Agent 0","Agent 2",984,121611412035414,121611412146061
"MEMORY_COPY","MEMORY_COPY_HOST_TO_DEVICE",1,"Agent 0","Agent 2",986,121611412209607,121611412217336
"MEMORY_COPY","MEMORY_COPY_HOST_TO_DEVICE",1,"Agent 0","Agent 2",987,121611412246345,121611412253625
"MEMORY_COPY","MEMORY_COPY_HOST_TO_DEVICE",1,"Agent 0","Agent 2",988,121611412283491,121611412289603
"MEMORY_COPY","MEMORY_COPY_HOST_TO_DEVICE",1,"Agent 0","Agent 2",991,121611413031772,121611413245592
"MEMORY_COPY","MEMORY_COPY_HOST_TO_DEVICE",1,"Agent 0","Agent 2",992,121611413685002,121611413832613
"MEMORY_COPY","MEMORY_COPY_HOST_TO_DEVICE",1,"Agent 0","Agent 2",993,121611414767032,121611415083009
"MEMORY_COPY","MEMORY_COPY_HOST_TO_DEVICE",1,"Agent 0","Agent 2",994,121611420883493,121611424962346
"MEMORY_COPY","MEMORY_COPY_HOST_TO_DEVICE",1,"Agent 0","Agent 2",995,121611429452494,121611433070730
"MEMORY_COPY","MEMORY_COPY_HOST_TO_DEVICE",1,"Agent 0","Agent 2",996,121611433248587,121611433267803
"MEMORY_COPY","MEMORY_COPY_HOST_TO_DEVICE",1,"Agent 0","Agent 2",997,121611439119541,121611442975986
"MEMORY_COPY","MEMORY_COPY_HOST_TO_DEVICE",1,"Agent 0","Agent 2",998,121611445199097,121611447042511
"MEMORY_COPY","MEMORY_COPY_HOST_TO_DEVICE",1,"Agent 0","Agent 2",999,121611447327899,121611447374299
"MEMORY_COPY","MEMORY_COPY_HOST_TO_DEVICE",1,"Agent 0","Agent 2",1001,121611447488255,121611447505508
"MEMORY_COPY","MEMORY_COPY_HOST_TO_DEVICE",1,"Agent 0","Agent 2",1002,121611453339449,121611457778489
"MEMORY_COPY","MEMORY_COPY_HOST_TO_DEVICE",1,"Agent 0","Agent 2",1003,121611459864288,121611461850815
"MEMORY_COPY","MEMORY_COPY_HOST_TO_DEVICE",1,"Agent 0","Agent 2",1004,121611462030542,121611462049652
"MEMORY_COPY","MEMORY_COPY_HOST_TO_DEVICE",1,"Agent 0","Agent 2",1005,121611462527822,121611462637384
"MEMORY_COPY","MEMORY_COPY_HOST_TO_DEVICE",1,"Agent 0","Agent 2",1006,121611462673006,121611462678071
"MEMORY_COPY","MEMORY_COPY_HOST_TO_DEVICE",1,"Agent 0","Agent 2",1007,121611462700985,121611462704802
"MEMORY_COPY","MEMORY_COPY_HOST_TO_DEVICE",1,"Agent 0","Agent 2",1008,121611463079682,121611463190361
"MEMORY_COPY","MEMORY_COPY_HOST_TO_DEVICE",1,"Agent 0","Agent 2",1009,121611463545534,121611463655691
"MEMORY_COPY","MEMORY_COPY_HOST_TO_DEVICE",1,"Agent 0","Agent 2",1010,121611463684835,121611463689265
"MEMORY_COPY","MEMORY_COPY_HOST_TO_DEVICE",1,"Agent 0","Agent 2",1011,121611463712359,121611463716346
"MEMORY_COPY","MEMORY_COPY_HOST_TO_DEVICE",1,"Agent 0","Agent 2",1012,121611464054894,121611464165215
"MEMORY_COPY","MEMORY_COPY_HOST_TO_DEVICE",1,"Agent 0","Agent 2",1014,121611464223233,121611464230459
"MEMORY_COPY","MEMORY_COPY_HOST_TO_DEVICE",1,"Agent 0","Agent 2",1015,121611464260537,121611464267850
"MEMORY_COPY","MEMORY_COPY_HOST_TO_DEVICE",1,"Agent 0","Agent 2",1016,121611464297866,121611464303838
"MEMORY_COPY","MEMORY_COPY_HOST_TO_DEVICE",1,"Agent 0","Agent 2",1019,121611465031487,121611465244368
"MEMORY_COPY","MEMORY_COPY_HOST_TO_DEVICE",1,"Agent 0","Agent 2",1020,121611465411002,121611465432444
"MEMORY_COPY","MEMORY_COPY_HOST_TO_DEVICE",1,"Agent 0","Agent 2",1022,121611466127499,121611466341334
"MEMORY_COPY","MEMORY_COPY_HOST_TO_DEVICE",1,"Agent 0","Agent 2",1023,121611467263791,121611467650822
"MEMORY_COPY","MEMORY_COPY_HOST_TO_DEVICE",1,"Agent 0","Agent 2",1025,121611467846187,121611467867903
"MEMORY_COPY","MEMORY_COPY_HOST_TO_DEVICE",1,"Agent 0","Agent 2",1026,121611473610448,121611477899697
"MEMORY_COPY","MEMORY_COPY_HOST_TO_DEVICE",1,"Agent 0","Agent 2",1027,121611482439243,121611486065491
"MEMORY_COPY","MEMORY_COPY_HOST_TO_DEVICE",1,"Agent 0","Agent 2",1028,121611486239002,121611486258506
"MEMORY_COPY","MEMORY_COPY_HOST_TO_DEVICE",1,"Agent 0","Agent 2",1029,121611490865445,121611494324020
"MEMORY_COPY","MEMORY_COPY_HOST_TO_DEVICE",1,"Agent 0","Agent 2",1030,121611494611282,121611494657581
"MEMORY_COPY","MEMORY_COPY_HOST_TO_DEVICE",1,"Agent 0","Agent 2",1032,121611494771626,121611494788929
"MEMORY_COPY","MEMORY_COPY_HOST_TO_DEVICE",1,"Agent 0","Agent 2",1033,121611499500019,121611503269048
"MEMORY_COPY","MEMORY_COPY_HOST_TO_DEVICE",1,"Agent 0","Agent 2",1034,121611503429206,121611503444590
"MEMORY_COPY","MEMORY_COPY_HOST_TO_DEVICE",1,"Agent 0","Agent 2",1035,121611504064247,121611504173930
"MEMORY_COPY","MEMORY_COPY_HOST_TO_DEVICE",1,"Agent 0","Agent 2",1036,121611504211566,121611504216190
"MEMORY_COPY","MEMORY_COPY_HOST_TO_DEVICE",1,"Agent 0","Agent 2",1037,121611504240176,121611504243893
"MEMORY_COPY","MEMORY_COPY_HOST_TO_DEVICE",1,"Agent 0","Agent 2",1038,121611504760184,121611504870408
"MEMORY_COPY","MEMORY_COPY_HOST_TO_DEVICE",1,"Agent 0","Agent 2",1039,121611505345144,121611505455175
"MEMORY_COPY","MEMORY_COPY_HOST_TO_DEVICE",1,"Agent 0","Agent 2",1040,121611505486725,121611505491674
"MEMORY_COPY","MEMORY_COPY_HOST_TO_DEVICE",1,"Agent 0","Agent 2",1041,121611505515007,121611505518905
"MEMORY_COPY","MEMORY_COPY_HOST_TO_DEVICE",1,"Agent 0","Agent 2",1042,121611505973830,121611506084355
"MEMORY_COPY","MEMORY_COPY_HOST_TO_DEVICE",1,"Agent 0","Agent 2",1044,121611506161457,121611506175468
"MEMORY_COPY","MEMORY_COPY_HOST_TO_DEVICE",1,"Agent 0","Agent 2",1046,121611506386067,121611506432675
"MEMORY_COPY","MEMORY_COPY_HOST_TO_DEVICE",1,"Agent 0","Agent 2",1047,121611507100405,121611507248128
"MEMORY_COPY","MEMORY_COPY_HOST_TO_DEVICE",1,"Agent 0","Agent 2",1048,121611508057423,121611508298105
"MEMORY_COPY","MEMORY_COPY_HOST_TO_DEVICE",1,"Agent 0","Agent 2",1049,121611514197940,121611518033408
"MEMORY_COPY","MEMORY_COPY_HOST_TO_DEVICE",1,"Agent 0","Agent 2",1050,121611522599562,121611526119421
"MEMORY_COPY","MEMORY_COPY_HOST_TO_DEVICE",1,"Agent 0","Agent 2",1051,121611526294580,121611526313939
"MEMORY_COPY","MEMORY_COPY_HOST_TO_DEVICE",1,"Agent 0","Agent 2",1052,121611532163508,121611535998246
"MEMORY_COPY","MEMORY_COPY_HOST_TO_DEVICE",1,"Agent 0","Agent 2",1053,121611538184506,121611539941328
"MEMORY_COPY","MEMORY_COPY_HOST_TO_DEVICE",1,"Agent 0","Agent 2",1054,121611540245509,121611540291581
"MEMORY_COPY","MEMORY_COPY_HOST_TO_DEVICE",1,"Agent 0","Agent 2",1056,121611540437769,121611540464188
"MEMORY_COPY","MEMORY_COPY_HOST_TO_DEVICE",1,"Agent 0","Agent 2",1057,121611546210951,121611550030822
"MEMORY_COPY","MEMORY_COPY_HOST_TO_DEVICE",1,"Agent 0","Agent 2",1058,121611552206156,121611553983563
"MEMORY_COPY","MEMORY_COPY_HOST_TO_DEVICE",1,"Agent 0","Agent 2",1059,121611554153648,121611554169144
"MEMORY_COPY","MEMORY_COPY_HOST_TO_DEVICE",1,"Agent 0","Agent 2",1060,121611554656170,121611554765402
"MEMORY_COPY","MEMORY_COPY_HOST_TO_DEVICE",1,"Agent 0","Agent 2",1061,121611554802913,121611554807532
"MEMORY_COPY","MEMORY_COPY_HOST_TO_DEVICE",1,"Agent 0","Agent 2",1062,121611554831419,121611554835304
"MEMORY_COPY","MEMORY_COPY_HOST_TO_DEVICE",1,"Agent 0","Agent 2",1063,121611555204993,121611555315814
"MEMORY_COPY","MEMORY_COPY_HOST_TO_DEVICE",1,"Agent 0","Agent 2",1064,121611555696431,121611555806613
"MEMORY_COPY","MEMORY_COPY_HOST_TO_DEVICE",1,"Agent 0","Agent 2",1065,121611555834206,121611555839395
"MEMORY_COPY","MEMORY_COPY_HOST_TO_DEVICE",1,"Agent 0","Agent 2",1066,121611555938600,121611555951457
"MEMORY_COPY","MEMORY_COPY_HOST_TO_DEVICE",1,"Agent 0","Agent 2",1067,121611556297588,121611556408071
"MEMORY_COPY","MEMORY_COPY_HOST_TO_DEVICE",1,"Agent 0","Agent 2",1069,121611556467072,121611556474747
"MEMORY_COPY","MEMORY_COPY_HOST_TO_DEVICE",1,"Agent 0","Agent 2",1070,121611556503255,121611556510535
"MEMORY_COPY","MEMORY_COPY_HOST_TO_DEVICE",1,"Agent 0","Agent 2",1071,121611556539200,121611556545230
"MEMORY_COPY","MEMORY_COPY_HOST_TO_DEVICE",1,"Agent 0","Agent 2",1074,121611557287413,121611557500007
"MEMORY_COPY","MEMORY_COPY_HOST_TO_DEVICE",1,"Agent 0","Agent 2",1075,121611557875466,121611557986919
"MEMORY_COPY","MEMORY_COPY_HOST_TO_DEVICE",1,"Agent 0","Agent 2",1076,121611558676234,121611558906038
"MEMORY_COPY","MEMORY_COPY_HOST_TO_DEVICE",1,"Agent 0","Agent 2",1077,121611564002871,121611567573120
"MEMORY_COPY","MEMORY_COPY_HOST_TO_DEVICE",1,"Agent 0","Agent 2",1078,121611567786901,121611567806041
"MEMORY_COPY","MEMORY_COPY_HOST_TO_DEVICE",1,"Agent 0","Agent 2",1079,121611573687083,121611577897499
"MEMORY_COPY","MEMORY_COPY_HOST_TO_DEVICE",1,"Agent 0","Agent 2",1080,121611580167428,121611581962201
"MEMORY_COPY","MEMORY_COPY_HOST_TO_DEVICE",1,"Agent 0","Agent 2",1081,121611582259193,121611582305541
"MEMORY_COPY","MEMORY_COPY_HOST_TO_DEVICE",1,"Agent 0","Agent 2",1083,121611582444988,121611582462167
"MEMORY_COPY","MEMORY_COPY_HOST_TO_DEVICE",1,"Agent 0","Agent 2",1084,121611588145751,121611592002652
"MEMORY_COPY","MEMORY_COPY_HOST_TO_DEVICE",1,"Agent 0","Agent 2",1085,121611594196896,121611595998344
"MEMORY_COPY","MEMORY_COPY_HOST_TO_DEVICE",1,"Agent 0","Agent 2",1086,121611596185589,121611596204594
"MEMORY_COPY","MEMORY_COPY_HOST_TO_DEVICE",1,"Agent 0","Agent 2",1087,121611596680848,121611596790793
"MEMORY_COPY","MEMORY_COPY_HOST_TO_DEVICE",1,"Agent 0","Agent 2",1088,121611596826383,121611596831400
"MEMORY_COPY","MEMORY_COPY_HOST_TO_DEVICE",1,"Agent 0","Agent 2",1089,121611596923731,121611596936239
"MEMORY_COPY","MEMORY_COPY_HOST_TO_DEVICE",1,"Agent 0","Agent 2",1090,121611597301144,121611597411348
"MEMORY_COPY","MEMORY_COPY_HOST_TO_DEVICE",1,"Agent 0","Agent 2",1091,121611597759666,121611597870236
"MEMORY_COPY","MEMORY_COPY_HOST_TO_DEVICE",1,"Agent 0","Agent 2",1092,121611597904278,121611597909160
"MEMORY_COPY","MEMORY_COPY_HOST_TO_DEVICE",1,"Agent 0","Agent 2",1093,121611597932140,121611597935901
"MEMORY_COPY","MEMORY_COPY_HOST_TO_DEVICE",1,"Agent 0","Agent 2",1094,121611598286658,121611598397223
"MEMORY_COPY","MEMORY_COPY_HOST_TO_DEVICE",1,"Agent 0","Agent 2",1096,121611598463073,121611598470031
"MEMORY_COPY","MEMORY_COPY_HOST_TO_DEVICE",1,"Agent 0","Agent 2",1097,121611598500280,121611598507703
"MEMORY_COPY","MEMORY_COPY_HOST_TO_DEVICE",1,"Agent 0","Agent 2",1098,121611598537798,121611598543721
"MEMORY_COPY","MEMORY_COPY_HOST_TO_DEVICE",1,"Agent 0","Agent 2",1101,121611599290645,121611599503257
"MEMORY_COPY","MEMORY_COPY_HOST_TO_DEVICE",1,"Agent 0","Agent 2",1102,121611600015780,121611600195627
"MEMORY_COPY","MEMORY_COPY_HOST_TO_DEVICE",1,"Agent 0","Agent 2",1103,121611601132815,121611601445182
"MEMORY_COPY","MEMORY_COPY_HOST_TO_DEVICE",1,"Agent 0","Agent 2",1104,121611607099156,121611611010834
"MEMORY_COPY","MEMORY_COPY_HOST_TO_DEVICE",1,"Agent 0","Agent 2",1105,121611615522365,121611619115061
"MEMORY_COPY","MEMORY_COPY_HOST_TO_DEVICE",1,"Agent 0","Agent 2",1106,121611619282031,121611619301083
"MEMORY_COPY","MEMORY_COPY_HOST_TO_DEVICE",1,"Agent 0","Agent 2",1107,121611625157417,121611629002222
"MEMORY_COPY","MEMORY_COPY_HOST_TO_DEVICE",1,"Agent 0","Agent 2",1108,121611631175100,121611632985019
"MEMORY_COPY","MEMORY_COPY_HOST_TO_DEVICE",1,"Agent 0","Agent 2",1109,121611633273710,121611633320444
"MEMORY_COPY","MEMORY_COPY_HOST_TO_DEVICE",1,"Agent 0","Agent 2",1111,121611633460373,121611633478624
"MEMORY_COPY","MEMORY_COPY_HOST_TO_DEVICE",1,"Agent 0","Agent 2",1112,121611639193691,121611643022154
"MEMORY_COPY","MEMORY_COPY_HOST_TO_DEVICE",1,"Agent 0","Agent 2",1113,121611645196338,121611647014890
"MEMORY_COPY","MEMORY_COPY_HOST_TO_DEVICE",1,"Agent 0","Agent 2",1114,121611647190440,121611647208817
"MEMORY_COPY","MEMORY_COPY_HOST_TO_DEVICE",1,"Agent 0","Agent 2",1115,121611647671259,121611647781501
"MEMORY_COPY","MEMORY_COPY_HOST_TO_DEVICE",1,"Agent 0","Agent 2",1116,121611647806833,121611647811518
"MEMORY_COPY","MEMORY_COPY_HOST_TO_DEVICE",1,"Agent 0","Agent 2",1117,121611647834427,121611647838228
"MEMORY_COPY","MEMORY_COPY_HOST_TO_DEVICE",1,"Agent 0","Agent 2",1118,121611648201198,121611648311394
"MEMORY_COPY","MEMORY_COPY_HOST_TO_DEVICE",1,"Agent 0","Agent 2",1119,121611648653686,121611648763860
"MEMORY_COPY","MEMORY_COPY_HOST_TO_DEVICE",1,"Agent 0","Agent 2",1120,121611648789810,121611648794408
"MEMORY_COPY","MEMORY_COPY_HOST_TO_DEVICE",1,"Agent 0","Agent 2",1121,121611648817147,121611648821098
"MEMORY_COPY","MEMORY_COPY_HOST_TO_DEVICE",1,"Agent 0","Agent 2",1122,121611649166864,121611649277081
"MEMORY_COPY","MEMORY_COPY_HOST_TO_DEVICE",1,"Agent 0","Agent 2",1124,121611649342342,121611649349709
"MEMORY_COPY","MEMORY_COPY_HOST_TO_DEVICE",1,"Agent 0","Agent 2",1125,121611649379639,121611649386999
"MEMORY_COPY","MEMORY_COPY_HOST_TO_DEVICE",1,"Agent 0","Agent 2",1126,121611649416308,121611649422246
"MEMORY_COPY","MEMORY_COPY_HOST_TO_DEVICE",1,"Agent 0","Agent 2",1129,121611650148777,121611650362285
"MEMORY_COPY","MEMORY_COPY_HOST_TO_DEVICE",1,"Agent 0","Agent 2",1130,121611650443731,121611650465100
"MEMORY_COPY","MEMORY_COPY_HOST_TO_DEVICE",1,"Agent 0","Agent 2",1132,121611651068117,121611651281775
"MEMORY_COPY","MEMORY_COPY_HOST_TO_DEVICE",1,"Agent 0","Agent 2",1133,121611652141072,121611652391185
"MEMORY_COPY","MEMORY_COPY_HOST_TO_DEVICE",1,"Agent 0","Agent 2",1135,121611652580414,121611652602224
"MEMORY_COPY","MEMORY_COPY_HOST_TO_DEVICE",1,"Agent 0","Agent 2",1136,121611658391517,121611662808940
"MEMORY_COPY","MEMORY_COPY_HOST_TO_DEVICE",1,"Agent 0","Agent 2",1137,121611667322653,121611670266934
"MEMORY_COPY","MEMORY_COPY_HOST_TO_DEVICE",1,"Agent 0","Agent 2",1138,121611670434939,121611670454539
"MEMORY_COPY","MEMORY_COPY_HOST_TO_DEVICE",1,"Agent 0","Agent 2",1139,121611676381819,121611680775080
"MEMORY_COPY","MEMORY_COPY_HOST_TO_DEVICE",1,"Agent 0","Agent 2",1140,121611682105792,121611682821783
"MEMORY_COPY","MEMORY_COPY_HOST_TO_DEVICE",1,"Agent 0","Agent 2",1141,121611683131257,121611683177707
"MEMORY_COPY","MEMORY_COPY_HOST_TO_DEVICE",1,"Agent 0","Agent 2",1143,121611683277715,121611683295039
"MEMORY_COPY","MEMORY_COPY_HOST_TO_DEVICE",1,"Agent 0","Agent 2",1144,121611689038224,121611692925805
"MEMORY_COPY","MEMORY_COPY_HOST_TO_DEVICE",1,"Agent 0","Agent 2",1145,121611694264682,121611694948422
"MEMORY_COPY","MEMORY_COPY_HOST_TO_DEVICE",1,"Agent 0","Agent 2",1146,121611695164941,121611695190721
"MEMORY_COPY","MEMORY_COPY_HOST_TO_DEVICE",1,"Agent 0","Agent 2",1147,121611695639850,121611695749799
"MEMORY_COPY","MEMORY_COPY_HOST_TO_DEVICE",1,"Agent 0","Agent 2",1148,121611695787354,121611695792259
"MEMORY_COPY","MEMORY_COPY_HOST_TO_DEVICE",1,"Agent 0","Agent 2",1149,121611695814987,121611695819170
"MEMORY_COPY","MEMORY_COPY_HOST_TO_DEVICE",1,"Agent 0","Agent 2",1150,121611696211085,121611696321290
"MEMORY_COPY","MEMORY_COPY_HOST_TO_DEVICE",1,"Agent 0","Agent 2",1151,121611696710296,121611696820445
"MEMORY_COPY","MEMORY_COPY_HOST_TO_DEVICE",1,"Agent 0","Agent 2",1152,121611696848470,121611696853377
"MEMORY_COPY","MEMORY_COPY_HOST_TO_DEVICE",1,"Agent 0","Agent 2",1153,121611696916670,121611696920905
"MEMORY_COPY","MEMORY_COPY_HOST_TO_DEVICE",1,"Agent 0","Agent 2",1154,121611697265421,121611697375666
"MEMORY_COPY","MEMORY_COPY_HOST_TO_DEVICE",1,"Agent 0","Agent 2",1156,121611697459950,121611697473952
"MEMORY_COPY","MEMORY_COPY_HOST_TO_DEVICE",1,"Agent 0","Agent 2",1158,121611697681749,121611697728173
"MEMORY_COPY","MEMORY_COPY_HOST_TO_DEVICE",1,"Agent 0","Agent 2",1159,121611698200741,121611698340271
"MEMORY_COPY","MEMORY_COPY_HOST_TO_DEVICE",1,"Agent 0","Agent 2",1160,121611699182520,121611699473025
"MEMORY_COPY","MEMORY_COPY_HOST_TO_DEVICE",1,"Agent 0","Agent 2",1161,121611704514597,121611708459942
"MEMORY_COPY","MEMORY_COPY_HOST_TO_DEVICE",1,"Agent 0","Agent 2",1162,121611708629425,121611708648720
"MEMORY_COPY","MEMORY_COPY_HOST_TO_DEVICE",1,"Agent 0","Agent 2",1163,121611714476973,121611718834916
"MEMORY_COPY","MEMORY_COPY_HOST_TO_DEVICE",1,"Agent 0","Agent 2",1164,121611720171147,121611720863105
"MEMORY_COPY","MEMORY_COPY_HOST_TO_DEVICE",1,"Agent 0","Agent 2",1165,121611721144750,121611721191576
"MEMORY_COPY","MEMORY_COPY_HOST_TO_DEVICE",1,"Agent 0","Agent 2",1167,121611721304413,121611721319168
"MEMORY_COPY","MEMORY_COPY_HOST_TO_DEVICE",1,"Agent 0","Agent 2",1168,121611727107728,121611730983507
"MEMORY_COPY","MEMORY_COPY_HOST_TO_DEVICE",1,"Agent 0","Agent 2",1169,121611732331659,121611733408767
"MEMORY_COPY","MEMORY_COPY_HOST_TO_DEVICE",1,"Agent 0","Agent 2",1170,121611733600957,121611733664401
"MEMORY_COPY","MEMORY_COPY_HOST_TO_DEVICE",1,"Agent 0","Agent 2",1171,121611734192580,121611734302769
"MEMORY_COPY","MEMORY_COPY_HOST_TO_DEVICE",1,"Agent 0","Agent 2",1172,121611734336102,121611734340891
"MEMORY_COPY","MEMORY_COPY_HOST_TO_DEVICE",1,"Agent 0","Agent 2",1173,121611734363391,121611734367120
"MEMORY_COPY","MEMORY_COPY_HOST_TO_DEVICE",1,"Agent 0","Agent 2",1174,121611734746694,121611734856817
"MEMORY_COPY","MEMORY_COPY_HOST_TO_DEVICE",1,"Agent 0","Agent 2",1175,121611735257963,121611735368485
"MEMORY_COPY","MEMORY_COPY_HOST_TO_DEVICE",1,"Agent 0","Agent 2",1176,121611735398017,121611735402580
"MEMORY_COPY","MEMORY_COPY_HOST_TO_DEVICE",1,"Agent 0","Agent 2",1177,121611735427088,121611735431024
"MEMORY_COPY","MEMORY_COPY_HOST_TO_DEVICE",1,"Agent 0","Agent 2",1178,121611735785892,121611735896294
"MEMORY_COPY","MEMORY_COPY_HOST_TO_DEVICE",1,"Agent 0","Agent 2",1180,121611735955097,121611735962189
"MEMORY_COPY","MEMORY_COPY_HOST_TO_DEVICE",1,"Agent 0","Agent 2",1181,121611735995448,121611736003277
"MEMORY_COPY","MEMORY_COPY_HOST_TO_DEVICE",1,"Agent 0","Agent 2",1182,121611736043440,121611736049294
"MEMORY_COPY","MEMORY_COPY_HOST_TO_DEVICE",1,"Agent 0","Agent 2",1185,121611736807949,121611737020291
"MEMORY_COPY","MEMORY_COPY_HOST_TO_DEVICE",1,"Agent 0","Agent 2",1186,121611737460023,121611737599528
"MEMORY_COPY","MEMORY_COPY_HOST_TO_DEVICE",1,"Agent 0","Agent 2",1187,121611738345967,121611738587758
"MEMORY_COPY","MEMORY_COPY_HOST_TO_DEVICE",1,"Agent 0","Agent 2",1188,121611744389447,121611748852233
"MEMORY_COPY","MEMORY_COPY_HOST_TO_DEVICE",1,"Agent 0","Agent 2",1189,121611753373541,121611757043074
"MEMORY_COPY","MEMORY_COPY_HOST_TO_DEVICE",1,"Agent 0","Agent 2",1190,121611757220486,121611757239315
"MEMORY_COPY","MEMORY_COPY_HOST_TO_DEVICE",1,"Agent 0","Agent 2",1191,121611763062504,121611766997322
"MEMORY_COPY","MEMORY_COPY_HOST_TO_DEVICE",1,"Agent 0","Agent 2",1192,121611769210212,121611771023601
"MEMORY_COPY","MEMORY_COPY_HOST_TO_DEVICE",1,"Agent 0","Agent 2",1193,121611771314284,121611771361090
"MEMORY_COPY","MEMORY_COPY_HOST_TO_DEVICE",1,"Agent 0","Agent 2",1195,121611771476169,121611771494572
"MEMORY_COPY","MEMORY_COPY_HOST_TO_DEVICE",1,"Agent 0","Agent 2",1196,121611777274281,121611781003999
"MEMORY_COPY","MEMORY_COPY_HOST_TO_DEVICE",1,"Agent 0","Agent 2",1197,121611783179562,121611784941971
"MEMORY_COPY","MEMORY_COPY_HOST_TO_DEVICE",1,"Agent 0","Agent 2",1198,121611785100255,121611785116071
"MEMORY_COPY","MEMORY_COPY_HOST_TO_DEVICE",1,"Agent 0","Agent 2",1199,121611785599418,121611785708802
"MEMORY_COPY","MEMORY_COPY_HOST_TO_DEVICE",1,"Agent 0","Agent 2",1200,121611785742466,121611785747045
"MEMORY_COPY","MEMORY_COPY_HOST_TO_DEVICE",1,"Agent 0","Agent 2",1201,121611785770090,121611785774316
"MEMORY_COPY","MEMORY_COPY_HOST_TO_DEVICE",1,"Agent 0","Agent 2",1202,121611786130895,121611786241330
"MEMORY_COPY","MEMORY_COPY_HOST_TO_DEVICE",1,"Agent 0","Agent 2",1203,121611786582785,121611786693325
"MEMORY_COPY","MEMORY_COPY_HOST_TO_DEVICE",1,"Agent 0","Agent 2",1204,121611786718684,121611786723522
"MEMORY_COPY","MEMORY_COPY_HOST_TO_DEVICE",1,"Agent 0","Agent 2",1205,121611786747378,121611786751415
"MEMORY_COPY","MEMORY_COPY_HOST_TO_DEVICE",1,"Agent 0","Agent 2",1206,121611787133379,121611787243757
"MEMORY_COPY","MEMORY_COPY_HOST_TO_DEVICE",1,"Agent 0","Agent 2",1208,121611787305965,121611787313249
"MEMORY_COPY","MEMORY_COPY_HOST_TO_DEVICE",1,"Agent 0","Agent 2",1209,121611787343909,121611787351621
"MEMORY_COPY","MEMORY_COPY_HOST_TO_DEVICE",1,"Agent 0","Agent 2",1210,121611787382679,121611787388852
"MEMORY_COPY","MEMORY_COPY_HOST_TO_DEVICE",1,"Agent 0","Agent 2",1213,121611787887405,121611788027410
"MEMORY_COPY","MEMORY_COPY_HOST_TO_DEVICE",1,"Agent 0","Agent 2",1214,121611788568286,121611788748044
"MEMORY_COPY","MEMORY_COPY_HOST_TO_DEVICE",1,"Agent 0","Agent 2",1215,121611789624113,121611789916074
"MEMORY_COPY","MEMORY_COPY_HOST_TO_DEVICE",1,"Agent 0","Agent 2",1216,121611795684217,121611799864932
"MEMORY_COPY","MEMORY_COPY_HOST_TO_DEVICE",1,"Agent 0","Agent 2",1217,121611804313885,121611807240089
"MEMORY_COPY","MEMORY_COPY_HOST_TO_DEVICE",1,"Agent 0","Agent 2",1218,121611807409645,121611807428716
"MEMORY_COPY","MEMORY_COPY_HOST_TO_DEVICE",1,"Agent 0","Agent 2",1219,121611813292306,121611816990782
"MEMORY_COPY","MEMORY_COPY_HOST_TO_DEVICE",1,"Agent 0","Agent 2",1220,121611817072752,121611817080522
"MEMORY_COPY","MEMORY_COPY_HOST_TO_DEVICE",1,"Agent 0","Agent 2",1221,121611817296402,121611817342357
"MEMORY_COPY","MEMORY_COPY_HOST_TO_DEVICE",1,"Agent 0","Agent 2",1223,121611817453529,121611817468566
"MEMORY_COPY","MEMORY_COPY_HOST_TO_DEVICE",1,"Agent 0","Agent 2",1224,121611823363575,121611827802613
"MEMORY_COPY","MEMORY_COPY_HOST_TO_DEVICE",1,"Agent 0","Agent 2",1225,121611827853394,121611827861264
"MEMORY_COPY","MEMORY_COPY_HOST_TO_DEVICE",1,"Agent 0","Agent 2",1226,121611828022841,121611828038760
"MEMORY_COPY","MEMORY_COPY_HOST_TO_DEVICE",1,"Agent 0","Agent 2",1227,121611828530318,121611828640108
"MEMORY_COPY","MEMORY_COPY_HOST_TO_DEVICE",1,"Agent 0","Agent 2",1228,121611828698376,121611828703167
"MEMORY_COPY","MEMORY_COPY_HOST_TO_DEVICE",1,"Agent 0","Agent 2",1229,121611828726658,121611828730469
"MEMORY_COPY","MEMORY_COPY_HOST_TO_DEVICE",1,"Agent 0","Agent 2",1230,121611829090937,121611829201089
"MEMORY_COPY","MEMORY_COPY_HOST_TO_DEVICE",1,"Agent 0","Agent 2",1231,121611829542133,121611829652273
"MEMORY_COPY","MEMORY_COPY_HOST_TO_DEVICE",1,"Agent 0","Agent 2",1232,121611829695651,121611829700204
"MEMORY_COPY","MEMORY_COPY_HOST_TO_DEVICE",1,"Agent 0","Agent 2",1233,121611829725494,121611829729008
"MEMORY_COPY","MEMORY_COPY_HOST_TO_DEVICE",1,"Agent 0","Agent 2",1234,121611830109526,121611830219988
"MEMORY_COPY","MEMORY_COPY_HOST_TO_DEVICE",1,"Agent 0","Agent 2",1236,121611830289845,121611830297053
"MEMORY_COPY","MEMORY_COPY_HOST_TO_DEVICE",1,"Agent 0","Agent 2",1237,121611830330646,121611830338051
"MEMORY_COPY","MEMORY_COPY_HOST_TO_DEVICE",1,"Agent 0","Agent 2",1238,121611830370041,121611830375963
"MEMORY_COPY","MEMORY_COPY_HOST_TO_DEVICE",1,"Agent 0","Agent 2",1241,121611831158790,121611831369673
"MEMORY_COPY","MEMORY_COPY_HOST_TO_DEVICE",1,"Agent 0","Agent 2",1242,121611831526853,121611831548552
"MEMORY_COPY","MEMORY_COPY_HOST_TO_DEVICE",1,"Agent 0","Agent 2",1244,121611832207929,121611832421614
"MEMORY_COPY","MEMORY_COPY_HOST_TO_DEVICE",1,"Agent 0","Agent 2",1245,121611833366890,121611833713339
"MEMORY_COPY","MEMORY_COPY_HOST_TO_DEVICE",1,"Agent 0","Agent 2",1247,121611834077932,121611834099119
"MEMORY_COPY","MEMORY_COPY_HOST_TO_DEVICE",1,"Agent 0","Agent 2",1248,121611839869995,121611843933640
"MEMORY_COPY","MEMORY_COPY_HOST_TO_DEVICE",1,"Agent 0","Agent 2",1249,121611848449577,121611852057474
"MEMORY_COPY","MEMORY_COPY_HOST_TO_DEVICE",1,"Agent 0","Agent 2",1250,121611852235294,121611852254577
"MEMORY_COPY","MEMORY_COPY_HOST_TO_DEVICE",1,"Agent 0","Agent 2",1251,121611857528587,121611861541412
"MEMORY_COPY","MEMORY_COPY_HOST_TO_DEVICE",1,"Agent 0","Agent 2",1252,121611861826326,121611861872468
"MEMORY_COPY","MEMORY_COPY_HOST_TO_DEVICE",1,"Agent 0","Agent 2",1254,121611861998953,121611862017012
"MEMORY_COPY","MEMORY_COPY_HOST_TO_DEVICE",1,"Agent 0","Agent 2",1255,121611867354088,121611871501471
"MEMORY_COPY","MEMORY_COPY_HOST_TO_DEVICE",1,"Agent 0","Agent 2",1256,121611871669271,121611871687843
"MEMORY_COPY","MEMORY_COPY_HOST_TO_DEVICE",1,"Agent 0","Agent 2",1257,121611872185053,121611872295023
"MEMORY_COPY","MEMORY_COPY_HOST_TO_DEVICE",1,"Agent 0","Agent 2",1258,121611872449440,121611872454284
"MEMORY_COPY","MEMORY_COPY_HOST_TO_DEVICE",1,"Agent 0","Agent 2",1259,121611872483073,121611872487216
"MEMORY_COPY","MEMORY_COPY_HOST_TO_DEVICE",1,"Agent 0","Agent 2",1260,121611872915977,121611873029312
"MEMORY_COPY","MEMORY_COPY_HOST_TO_DEVICE",1,"Agent 0","Agent 2",1261,121611873433388,121611873544036
"MEMORY_COPY","MEMORY_COPY_HOST_TO_DEVICE",1,"Agent 0","Agent 2",1262,121611873576803,121611873581417
"MEMORY_COPY","MEMORY_COPY_HOST_TO_DEVICE",1,"Agent 0","Agent 2",1263,121611873604102,121611873608238
"MEMORY_COPY","MEMORY_COPY_HOST_TO_DEVICE",1,"Agent 0","Agent 2",1264,121611873955800,121611874067216
"MEMORY_COPY","MEMORY_COPY_HOST_TO_DEVICE",1,"Agent 0","Agent 2",1266,121611874160974,121611874174940
"MEMORY_COPY","MEMORY_COPY_HOST_TO_DEVICE",1,"Agent 0","Agent 2",1268,121611874380969,121611874427508
"MEMORY_COPY","MEMORY_COPY_HOST_TO_DEVICE",1,"Agent 0","Agent 2",1269,121611874791019,121611874904801
"MEMORY_COPY","MEMORY_COPY_HOST_TO_DEVICE",1,"Agent 0","Agent 2",1270,121611875857923,121611876153454
"MEMORY_COPY","MEMORY_COPY_HOST_TO_DEVICE",1,"Agent 0","Agent 2",1271,121611881252532,121611884667868
"MEMORY_COPY","MEMORY_COPY_HOST_TO_DEVICE",1,"Agent 0","Agent 2",1272,121611884868039,121611884887032
"MEMORY_COPY","MEMORY_COPY_HOST_TO_DEVICE",1,"Agent 0","Agent 2",1273,121611890826357,121611894923877
"MEMORY_COPY","MEMORY_COPY_HOST_TO_DEVICE",1,"Agent 0","Agent 2",1274,121611894976752,121611894984562
"MEMORY_COPY","MEMORY_COPY_HOST_TO_DEVICE",1,"Agent 0","Agent 2",1275,121611895258989,121611895305549
"MEMORY_COPY","MEMORY_COPY_HOST_TO_DEVICE",1,"Agent 0","Agent 2",1277,121611895409600,121611895427179
"MEMORY_COPY","MEMORY_COPY_HOST_TO_DEVICE",1,"Agent 0","Agent 2",1278,121611901287595,121611905034510
"MEMORY_COPY","MEMORY_COPY_HOST_TO_DEVICE",1,"Agent 0","Agent 2",1279,121611905071850,121611905079536
"MEMORY_COPY","MEMORY_COPY_HOST_TO_DEVICE",1,"Agent 0","Agent 2",1280,121611905237284,121611905253074
"MEMORY_COPY","MEMORY_COPY_HOST_TO_DEVICE",1,"Agent 0","Agent 2",1281,121611905779513,121611905889739
"MEMORY_COPY","MEMORY_COPY_HOST_TO_DEVICE",1,"Agent 0","Agent 2",1282,121611905918335,121611905923022
"MEMORY_COPY","MEMORY_COPY_HOST_TO_DEVICE",1,"Agent 0","Agent 2",1283,121611905949182,121611905952878
"MEMORY_COPY","MEMORY_COPY_HOST_TO_DEVICE",1,"Agent 0","Agent 2",1284,121611906382502,121611906494241
"MEMORY_COPY","MEMORY_COPY_HOST_TO_DEVICE",1,"Agent 0","Agent 2",1285,121611906787956,121611906897967
"MEMORY_COPY","MEMORY_COPY_HOST_TO_DEVICE",1,"Agent 0","Agent 2",1286,121611906923267,121611906927814
"MEMORY_COPY","MEMORY_COPY_HOST_TO_DEVICE",1,"Agent 0","Agent 2",1287,121611906950546,121611906954634
"MEMORY_COPY","MEMORY_COPY_HOST_TO_DEVICE",1,"Agent 0","Agent 2",1288,121611907336763,121611907447427
"MEMORY_COPY","MEMORY_COPY_HOST_TO_DEVICE",1,"Agent 0","Agent 2",1290,121611907511075,121611907518411
"MEMORY_COPY","MEMORY_COPY_HOST_TO_DEVICE",1,"Agent 0","Agent 2",1291,121611907551211,121611907558748
"MEMORY_COPY","MEMORY_COPY_HOST_TO_DEVICE",1,"Agent 0","Agent 2",1292,121611907591412,121611907597671
"MEMORY_COPY","MEMORY_COPY_HOST_TO_DEVICE",1,"Agent 0","Agent 2",1295,121611908397254,121611908607252
"MEMORY_COPY","MEMORY_COPY_HOST_TO_DEVICE",1,"Agent 0","Agent 2",1296,121611909166313,121611909279995
"MEMORY_COPY","MEMORY_COPY_HOST_TO_DEVICE",1,"Agent 0","Agent 2",1297,121611910012353,121611910242156
"MEMORY_COPY","MEMORY_COPY_HOST_TO_DEVICE",1,"Agent 0","Agent 2",1298,121611915436186,121611919463607
"MEMORY_COPY","MEMORY_COPY_HOST_TO_DEVICE",1,"Agent 0","Agent 2",1299,121611919627286,121611919646453
"MEMORY_COPY","MEMORY_COPY_HOST_TO_DEVICE",1,"Agent 0","Agent 2",1300,121611925479502,121611929915497
"MEMORY_COPY","MEMORY_COPY_HOST_TO_DEVICE",1,"Agent 0","Agent 2",1301,121611931255990,121611931962841
"MEMORY_COPY","MEMORY_COPY_HOST_TO_DEVICE",1,"Agent 0","Agent 2",1302,121611932246612,121611932293226
"MEMORY_COPY","MEMORY_COPY_HOST_TO_DEVICE",1,"Agent 0","Agent 2",1304,121611932410090,121611932428693
"MEMORY_COPY","MEMORY_COPY_HOST_TO_DEVICE",1,"Agent 0","Agent 2",1305,121611938260934,121611942034752
"MEMORY_COPY","MEMORY_COPY_HOST_TO_DEVICE",1,"Agent 0","Agent 2",1306,121611943450388,121611944887561
"MEMORY_COPY","MEMORY_COPY_HOST_TO_DEVICE",1,"Agent 0","Agent 2",1307,121611945013571,121611945028798
"MEMORY_COPY","MEMORY_COPY_HOST_TO_DEVICE",1,"Agent 0","Agent 2",1308,121611945498091,121611945608194
"MEMORY_COPY","MEMORY_COPY_HOST_TO_DEVICE",1,"Agent 0","Agent 2",1309,121611945643748,121611945648410
"MEMORY_COPY","MEMORY_COPY_HOST_TO_DEVICE",1,"Agent 0","Agent 2",1310,121611945672941,121611945676764
"MEMORY_COPY","MEMORY_COPY_HOST_TO_DEVICE",1,"Agent 0","Agent 2",1311,121611946064578,121611946174716
"MEMORY_COPY","MEMORY_COPY_HOST_TO_DEVICE",1,"Agent 0","Agent 2",1312,121611946537835,121611946647992
"MEMORY_COPY","MEMORY_COPY_HOST_TO_DEVICE",1,"Agent 0","Agent 2",1313,121611946675416,121611946680253
"MEMORY_COPY","MEMORY_COPY_HOST_TO_DEVICE",1,"Agent 0","Agent 2",1314,121611946705428,121611946709168
"MEMORY_COPY","MEMORY_COPY_HOST_TO_DEVICE",1,"Agent 0","Agent 2",1315,121611947058617,121611947169299
"MEMORY_COPY","MEMORY_COPY_HOST_TO_DEVICE",1,"Agent 0","Agent 2",1317,121611947235467,121611947243048
"MEMORY_COPY","MEMORY_COPY_HOST_TO_DEVICE",1,"Agent 0","Agent 2",1318,121611947276549,121611947283805
"MEMORY_COPY","MEMORY_COPY_HOST_TO_DEVICE",1,"Agent 0","Agent 2",1319,121611947315181,121611947321026
"MEMORY_COPY","MEMORY_COPY_HOST_TO_DEVICE",1,"Agent 0","Agent 2",1322,121611947811636,121611947959654
"MEMORY_COPY","MEMORY_COPY_HOST_TO_DEVICE",1,"Agent 0","Agent 2",1323,121611948378516,121611948518362
"MEMORY_COPY","MEMORY_COPY_HOST_TO_DEVICE",1,"Agent 0","Agent 2",1324,121611949411757,121611949705679
"MEMORY_COPY","MEMORY_COPY_HOST_TO_DEVICE",1,"Agent 0","Agent 2",1325,121611955403118,121611959836030
"MEMORY_COPY","MEMORY_COPY_HOST_TO_DEVICE",1,"Agent 0","Agent 2",1326,121611964340656,121611968043141
"MEMORY_COPY","MEMORY_COPY_HOST_TO_DEVICE",1,"Agent 0","Agent 2",1327,121611968217982,121611968237379
"MEMORY_COPY","MEMORY_COPY_HOST_TO_DEVICE",1,"Agent 0","Agent 2",1328,121611974087784,121611978002950
"MEMORY_COPY","MEMORY_COPY_HOST_TO_DEVICE",1,"Agent 0","Agent 2",1329,121611978082382,121611978090395
"MEMORY_COPY","MEMORY_COPY_HOST_TO_DEVICE",1,"Agent 0","Agent 2",1330,121611978331220,121611978376296
"MEMORY_COPY","MEMORY_COPY_HOST_TO_DEVICE",1,"Agent 0","Agent 2",1332,121611978489351,121611978504028
"MEMORY_COPY","MEMORY_COPY_HOST_TO_DEVICE",1,"Agent 0","Agent 2",1333,121611984425759,121611988829659
"MEMORY_COPY","MEMORY_COPY_HOST_TO_DEVICE",1,"Agent 0","Agent 2",1334,121611988931314,121611988939347
"MEMORY_COPY","MEMORY_COPY_HOST_TO_DEVICE",1,"Agent 0","Agent 2",1335,121611989097212,121611989115490
"MEMORY_COPY","MEMORY_COPY_HOST_TO_DEVICE",1,"Agent 0","Agent 2",1336,121611989615823,121611989725544
"MEMORY_COPY","MEMORY_COPY_HOST_TO_DEVICE",1,"Agent 0","Agent 2",1337,121611989764734,121611989769738
"MEMORY_COPY","MEMORY_COPY_HOST_TO_DEVICE",1,"Agent 0","Agent 2",1338,121611989796194,121611989800266
"MEMORY_COPY","MEMORY_COPY_HOST_TO_DEVICE",1,"Agent 0","Agent 2",1339,121611990180749,121611990290924
"MEMORY_COPY","MEMORY_COPY_HOST_TO_DEVICE",1,"Agent 0","Agent 2",1340,121611990649478,121611990759862
"MEMORY_COPY","MEMORY_COPY_HOST_TO_DEVICE",1,"Agent 0","Agent 2",1341,121611990786148,121611990790961
"MEMORY_COPY","MEMORY_COPY_HOST_TO_DEVICE",1,"Agent 0","Agent 2",1342,121611990813730,121611990817621
"MEMORY_COPY","MEMORY_COPY_HOST_TO_DEVICE",1,"Agent 0","Agent 2",1343,121611991175939,121611991286228
"MEMORY_COPY","MEMORY_COPY_HOST_TO_DEVICE",1,"Agent 0","Agent 2",1345,121611991356502,121611991363624
"MEMORY_COPY","MEMORY_COPY_HOST_TO_DEVICE",1,"Agent 0","Agent 2",1346,121611991398064,121611991405283
"MEMORY_COPY","MEMORY_COPY_HOST_TO_DEVICE",1,"Agent 0","Agent 2",1347,121611991433828,121611991439999
"MEMORY_COPY","MEMORY_COPY_HOST_TO_DEVICE",1,"Agent 0","Agent 2",1350,121611992183591,121611992396810
"MEMORY_COPY","MEMORY_COPY_HOST_TO_DEVICE",1,"Agent 0","Agent 2",1351,121611992562624,121611992581399
"MEMORY_COPY","MEMORY_COPY_HOST_TO_DEVICE",1,"Agent 0","Agent 2",1353,121611993219641,121611993433211
"MEMORY_COPY","MEMORY_COPY_HOST_TO_DEVICE",1,"Agent 0","Agent 2",1354,121611994388613,121611994748179
"MEMORY_COPY","MEMORY_COPY_HOST_TO_DEVICE",1,"Agent 0","Agent 2",1356,121611995150271,121611995171951
"MEMORY_COPY","MEMORY_COPY_HOST_TO_DEVICE",1,"Agent 0","Agent 2",1357,121612001013088,121612004956558
"MEMORY_COPY","MEMORY_COPY_HOST_TO_DEVICE",1,"Agent 0","Agent 2",1358,121612009297065,121612012269588
"MEMORY_COPY","MEMORY_COPY_HOST_TO_DEVICE",1,"Agent 0","Agent 2",1359,121612012449504,121612012468384
"MEMORY_COPY","MEMORY_COPY_HOST_TO_DEVICE",1,"Agent 0","Agent 2",1360,121612018271077,121612022045669
"MEMORY_COPY","MEMORY_COPY_HOST_TO_DEVICE",1,"Agent 0","Agent 2",1361,121612024202067,121612025965056
"MEMORY_COPY","MEMORY_COPY_HOST_TO_DEVICE",1,"Agent 0","Agent 2",1362,121612026251436,121612026298026
"MEMORY_COPY","MEMORY_COPY_HOST_TO_DEVICE",1,"Agent 0","Agent 2",1364,121612026408934,121612026423834
"MEMORY_COPY","MEMORY_COPY_HOST_TO_DEVICE",1,"Agent 0","Agent 2",1365,121612032175433,121612036003403
"MEMORY_COPY","MEMORY_COPY_HOST_TO_DEVICE",1,"Agent 0","Agent 2",1366,121612038193203,121612039976422
"MEMORY_COPY","MEMORY_COPY_HOST_TO_DEVICE",1,"Agent 0","Agent 2",1367,121612040146255,121612040161632
"MEMORY_COPY","MEMORY_COPY_HOST_TO_DEVICE",1,"Agent 0","Agent 2",1368,121612040634198,121612040744495
"MEMORY_COPY","MEMORY_COPY_HOST_TO_DEVICE",1,"Agent 0","Agent 2",1369,121612040781419,121612040786074
"MEMORY_COPY","MEMORY_COPY_HOST_TO_DEVICE",1,"Agent 0","Agent 2",1370,121612040810969,121612040814708
"MEMORY_COPY","MEMORY_COPY_HOST_TO_DEVICE",1,"Agent 0","Agent 2",1371,121612041225850,121612041336355
"MEMORY_COPY","MEMORY_COPY_HOST_TO_DEVICE",1,"Agent 0","Agent 2",1372,121612041724716,121612041835029
"MEMORY_COPY","MEMORY_COPY_HOST_TO_DEVICE",1,"Agent 0","Agent 2",1373,121612041865608,121612041870246
"MEMORY_COPY","MEMORY_COPY_HOST_TO_DEVICE",1,"Agent 0","Agent 2",1374,121612041893504,121612041897517
"MEMORY_COPY","MEMORY_COPY_HOST_TO_DEVICE",1,"Agent 0","Agent 2",1375,121612042249463,121612042360083
"MEMORY_COPY","MEMORY_COPY_HOST_TO_DEVICE",1,"Agent 0","Agent 2",1377,121612042451837,121612042466063
"MEMORY_COPY","MEMORY_COPY_HOST_TO_DEVICE",1,"Agent 0","Agent 2",1379,121612042670886,121612042717369
"MEMORY_COPY","MEMORY_COPY_HOST_TO_DEVICE",1,"Agent 0","Agent 2",1380,121612043179012,121612043318817
"MEMORY_COPY","MEMORY_COPY_HOST_TO_DEVICE",1,"Agent 0","Agent 2",1381,121612044217357,121612044502287
"MEMORY_COPY","MEMORY_COPY_HOST_TO_DEVICE",1,"Agent 0","Agent 2",1382,121612050188465,121612054012825
"MEMORY_COPY","MEMORY_COPY_HOST_TO_DEVICE",1,"Agent 0","Agent 2",1383,121612058453732,121612062065865
"MEMORY_COPY","MEMORY_COPY_HOST_TO_DEVICE",1,"Agent 0","Agent 2",1384,121612062238518,121612062257808
"MEMORY_COPY","MEMORY_COPY_HOST_TO_DEVICE",1,"Agent 0","Agent 2",1385,121612068058201,121612071972122
"MEMORY_COPY","MEMORY_COPY_HOST_TO_DEVICE",1,"Agent 0","Agent 2",1386,121612073328058,121612074008125
"MEMORY_COPY","MEMORY_COPY_HOST_TO_DEVICE",1,"Agent 0","Agent 2",1387,121612074295761,121612074335475
"MEMORY_COPY","MEMORY_COPY_HOST_TO_DEVICE",1,"Agent 0","Agent 2",1389,121612074443039,121612074457716
"MEMORY_COPY","MEMORY_COPY_HOST_TO_DEVICE",1,"Agent 0","Agent 2",1390,121612080276211,121612084021154
"MEMORY_COPY","MEMORY_COPY_HOST_TO_DEVICE",1,"Agent 0","Agent 2",1391,121612085287934,121612085971806
"MEMORY_COPY","MEMORY_COPY_HOST_TO_DEVICE",1,"Agent 0","Agent 2",1392,121612086157786,121612086176874
"MEMORY_COPY","MEMORY_COPY_HOST_TO_DEVICE",1,"Agent 0","Agent 2",1393,121612086647633,121612086736753
"MEMORY_COPY","MEMORY_COPY_HOST_TO_DEVICE",1,"Agent 0","Agent 2",1394,121612086764146,121612086768724
"MEMORY_COPY","MEMORY_COPY_HOST_TO_DEVICE",1,"Agent 0","Agent 2",1395,121612086793188,121612086796897
"MEMORY_COPY","MEMORY_COPY_HOST_TO_DEVICE",1,"Agent 0","Agent 2",1396,121612087188073,121612087291784
"MEMORY_COPY","MEMORY_COPY_HOST_TO_DEVICE",1,"Agent 0","Agent 2",1397,121612087662033,121612087772093
"MEMORY_COPY","MEMORY_COPY_HOST_TO_DEVICE",1,"Agent 0","Agent 2",1398,121612087799493,121612087804374
"MEMORY_COPY","MEMORY_COPY_HOST_TO_DEVICE",1,"Agent 0","Agent 2",1399,121612087828735,121612087832477
"MEMORY_COPY","MEMORY_COPY_HOST_TO_DEVICE",1,"Agent 0","Agent 2",1400,121612088205573,121612088315832
"MEMORY_COPY","MEMORY_COPY_HOST_TO_DEVICE",1,"Agent 0","Agent 2",1402,121612088385567,121612088392988
"MEMORY_COPY","MEMORY_COPY_HOST_TO_DEVICE",1,"Agent 0","Agent 2",1403,121612088425981,121612088433504
"MEMORY_COPY","MEMORY_COPY_HOST_TO_DEVICE",1,"Agent 0","Agent 2",1404,121612088464264,121612088470374
"MEMORY_COPY","MEMORY_COPY_HOST_TO_DEVICE",1,"Agent 0","Agent 2",1407,121612089198180,121612089411014
"MEMORY_COPY","MEMORY_COPY_HOST_TO_DEVICE",1,"Agent 0","Agent 2",1408,121612090011974,121612090225666
"MEMORY_COPY","MEMORY_COPY_HOST_TO_DEVICE",1,"Agent 0","Agent 2",1409,121612090910274,121612091140738
"MEMORY_COPY","MEMORY_COPY_HOST_TO_DEVICE",1,"Agent 0","Agent 2",1410,121612096173439,121612099620044
"MEMORY_COPY","MEMORY_COPY_HOST_TO_DEVICE",1,"Agent 0","Agent 2",1411,121612099829678,121612099848847
"MEMORY_COPY","MEMORY_COPY_HOST_TO_DEVICE",1,"Agent 0","Agent 2",1412,121612105637996,121612109883077
"MEMORY_COPY","MEMORY_COPY_HOST_TO_DEVICE",1,"Agent 0","Agent 2",1413,121612111199361,121612111887270
"MEMORY_COPY","MEMORY_COPY_HOST_TO_DEVICE",1,"Agent 0","Agent 2",1414,121612112168014,121612112203779
"MEMORY_COPY","MEMORY_COPY_HOST_TO_DEVICE",1,"Agent 0","Agent 2",1416,121612112404257,121612112430297
"MEMORY_COPY","MEMORY_COPY_HOST_TO_DEVICE",1,"Agent 0","Agent 2",1417,121612118275648,121612122031227
"MEMORY_COPY","MEMORY_COPY_HOST_TO_DEVICE",1,"Agent 0","Agent 2",1418,121612123323843,121612124009480
"MEMORY_COPY","MEMORY_COPY_HOST_TO_DEVICE",1,"Agent 0","Agent 2",1419,121612124172436,121612124188098
"MEMORY_COPY","MEMORY_COPY_HOST_TO_DEVICE",1,"Agent 0","Agent 2",1420,121612124664125,121612124755001
"MEMORY_COPY","MEMORY_COPY_HOST_TO_DEVICE",1,"Agent 0","Agent 2",1421,121612124787491,121612124792101
"MEMORY_COPY","MEMORY_COPY_HOST_TO_DEVICE",1,"Agent 0","Agent 2",1422,121612124815823,121612124819754
"MEMORY_COPY","MEMORY_COPY_HOST_TO_DEVICE",1,"Agent 0","Agent 2",1423,121612125240289,121612125332855
"MEMORY_COPY","MEMORY_COPY_HOST_TO_DEVICE",1,"Agent 0","Agent 2",1424,121612125702418,121612125808224
"MEMORY_COPY","MEMORY_COPY_HOST_TO_DEVICE",1,"Agent 0","Agent 2",1425,121612125838297,121612125843030
"MEMORY_COPY","MEMORY_COPY_HOST_TO_DEVICE",1,"Agent 0","Agent 2",1426,121612125866715,121612125870622
"MEMORY_COPY","MEMORY_COPY_HOST_TO_DEVICE",1,"Agent 0","Agent 2",1427,121612126232150,121612126342455
"MEMORY_COPY","MEMORY_COPY_HOST_TO_DEVICE",1,"Agent 0","Agent 2",1429,121612126408341,121612126415684
"MEMORY_COPY","MEMORY_COPY_HOST_TO_DEVICE",1,"Agent 0","Agent 2",1430,121612126447596,121612126454818
"MEMORY_COPY","MEMORY_COPY_HOST_TO_DEVICE",1,"Agent 0","Agent 2",1431,121612126483551,121612126489403
"MEMORY_COPY","MEMORY_COPY_HOST_TO_DEVICE",1,"Agent 0","Agent 2",1434,121612127277977,121612127456343
"MEMORY_COPY","MEMORY_COPY_HOST_TO_DEVICE",1,"Agent 0","Agent 2",1435,121612128157647,121612128337030
"MEMORY_COPY","MEMORY_COPY_HOST_TO_DEVICE",1,"Agent 0","Agent 2",1436,121612129143128,121612129406694
"MEMORY_COPY","MEMORY_COPY_HOST_TO_DEVICE",1,"Agent 0","Agent 2",1437,121612135198224,121612139031128
"MEMORY_COPY","MEMORY_COPY_HOST_TO_DEVICE",1,"Agent 0","Agent 2",1438,121612143505955,121612147097363
"MEMORY_COPY","MEMORY_COPY_HOST_TO_DEVICE",1,"Agent 0","Agent 2",1439,121612147279081,121612147298213
"MEMORY_COPY","MEMORY_COPY_HOST_TO_DEVICE",1,"Agent 0","Agent 2",1440,121612153233610,121612157038647
"MEMORY_COPY","MEMORY_COPY_HOST_TO_DEVICE",1,"Agent 0","Agent 2",1441,121612157091046,121612157098720
"MEMORY_COPY","MEMORY_COPY_HOST_TO_DEVICE",1,"Agent 0","Agent 2",1442,121612157411994,121612157458802
"MEMORY_COPY","MEMORY_COPY_HOST_TO_DEVICE",1,"Agent 0","Agent 2",1444,121612157578787,121612157596552
"MEMORY_COPY","MEMORY_COPY_HOST_TO_DEVICE",1,"Agent 0","Agent 2",1445,121612163235448,121612167021689
"MEMORY_COPY","MEMORY_COPY_HOST_TO_DEVICE",1,"Agent 0","Agent 2",1446,121612167072869,121612167080620
"MEMORY_COPY","MEMORY_COPY_HOST_TO_DEVICE",1,"Agent 0","Agent 2",1447,121612167238666,121612167254299
"MEMORY_COPY","MEMORY_COPY_HOST_TO_DEVICE",1,"Agent 0","Agent 2",1448,121612167795316,121612167889702
"MEMORY_COPY","MEMORY_COPY_HOST_TO_DEVICE",1,"Agent 0","Agent 2",1449,121612167924309,121612167929146
"MEMORY_COPY","MEMORY_COPY_HOST_TO_DEVICE",1,"Agent 0","Agent 2",1450,121612167952752,121612167956488
"MEMORY_COPY","MEMORY_COPY_HOST_TO_DEVICE",1,"Agent 0","Agent 2",1451,121612168370609,121612168472014
"MEMORY_COPY","MEMORY_COPY_HOST_TO_DEVICE",1,"Agent 0","Agent 2",1452,121612168856250,121612168973232
"MEMORY_COPY","MEMORY_COPY_HOST_TO_DEVICE",1,"Agent 0","Agent 2",1453,121612168996904,121612169004591
"MEMORY_COPY","MEMORY_COPY_HOST_TO_DEVICE",1,"Agent 0","Agent 2",1454,121612169034934,121612169039007
"MEMORY_COPY","MEMORY_COPY_HOST_TO_DEVICE",1,"Agent 0","Agent 2",1455,121612169380985,121612169491383
"MEMORY_COPY","MEMORY_COPY_HOST_TO_DEVICE",1,"Agent 0","Agent 2",1457,121612169557071,121612169564381
"MEMORY_COPY","MEMORY_COPY_HOST_TO_DEVICE",1,"Agent 0","Agent 2",1458,121612169601748,121612169609346
"MEMORY_COPY","MEMORY_COPY_HOST_TO_DEVICE",1,"Agent 0","Agent 2",1459,121612169639041,121612169645013
"MEMORY_COPY","MEMORY_COPY_HOST_TO_DEVICE",1,"Agent 0","Agent 2",1462,121612170387388,121612170600602
"MEMORY_COPY","MEMORY_COPY_HOST_TO_DEVICE",1,"Agent 0","Agent 2",1463,121612170655402,121612170667999
"MEMORY_COPY","MEMORY_COPY_HOST_TO_DEVICE",1,"Agent 0","Agent 2",1465,121612171196195,121612171352274
"MEMORY_COPY","MEMORY_COPY_HOST_TO_DEVICE",1,"Agent 0","Agent 2",1466,121612172154146,121612172377935
"MEMORY_COPY","MEMORY_COPY_HOST_TO_DEVICE",1,"Agent 0","Agent 2",1468,121612172489687,121612172510506
"MEMORY_COPY","MEMORY_COPY_HOST_TO_DEVICE",1,"Agent 0","Agent 2",1469,121612178267213,121612182000896
"MEMORY_COPY","MEMORY_COPY_HOST_TO_DEVICE",1,"Agent 0","Agent 2",1470,121612186476496,121612190070107
"MEMORY_COPY","MEMORY_COPY_HOST_TO_DEVICE",1,"Agent 0","Agent 2",1471,121612190234773,121612190253805
"MEMORY_COPY","MEMORY_COPY_HOST_TO_DEVICE",1,"Agent 0","Agent 2",1472,121612196114615,121612200002023
"MEMORY_COPY","MEMORY_COPY_HOST_TO_DEVICE",1,"Agent 0","Agent 2",1473,121612201344704,121612202477497
"MEMORY_COPY","MEMORY_COPY_HOST_TO_DEVICE",1,"Agent 0","Agent 2",1474,121612202820414,121612202974358
"MEMORY_COPY","MEMORY_COPY_HOST_TO_DEVICE",1,"Agent 0","Agent 2",1476,121612203085124,121612203102741
"MEMORY_COPY","MEMORY_COPY_HOST_TO_DEVICE",1,"Agent 0","Agent 2",1477,121612208897283,121612212986074
"MEMORY_COPY","MEMORY_COPY_HOST_TO_DEVICE",1,"Agent 0","Agent 2",1478,121612214350442,121612215519368
"MEMORY_COPY","MEMORY_COPY_HOST_TO_DEVICE",1,"Agent 0","Agent 2",1479,121612215751610,121612215814136
"MEMORY_COPY","MEMORY_COPY_HOST_TO_DEVICE",1,"Agent 0","Agent 2",1480,121612216289962,121612216400376
"MEMORY_COPY","MEMORY_COPY_HOST_TO_DEVICE",1,"Agent 0","Agent 2",1481,121612216434947,121612216439530
"MEMORY_COPY","MEMORY_COPY_HOST_TO_DEVICE",1,"Agent 0","Agent 2",1482,121612216463437,121612216467222
"MEMORY_COPY","MEMORY_COPY_HOST_TO_DEVICE",1,"Agent 0","Agent 2",1483,121612216830015,121612216940578
"MEMORY_COPY","MEMORY_COPY_HOST_TO_DEVICE",1,"Agent 0","Agent 2",1484,121612217323804,121612217434312
"MEMORY_COPY","MEMORY_COPY_HOST_TO_DEVICE",1,"Agent 0","Agent 2",1485,121612217484843,121612217489507
"MEMORY_COPY","MEMORY_COPY_HOST_TO_DEVICE",1,"Agent 0","Agent 2",1486,121612217513929,121612217517540
"MEMORY_COPY","MEMORY_COPY_HOST_TO_DEVICE",1,"Agent 0","Agent 2",1487,121612217854158,121612217964546
"MEMORY_COPY","MEMORY_COPY_HOST_TO_DEVICE",1,"Agent 0","Agent 2",1489,121612218055584,121612218069414
"MEMORY_COPY","MEMORY_COPY_HOST_TO_DEVICE",1,"Agent 0","Agent 2",1491,121612218273796,121612218320099
"MEMORY_COPY","MEMORY_COPY_DEVICE_TO_HOST",2,"Agent 2","Agent 0",6323,121634445058662,121634445075937
"MEMORY_COPY","MEMORY_COPY_DEVICE_TO_HOST",2,"Agent 2","Agent 0",10989,121659071558528,121659071575947
