ggml_cuda_init: found 1 ROCm devices (Total VRAM: 98304 MiB):
  Device 0: Radeon 8060S Graphics, gfx1151 (0x1151), VMM: no, Wave Size: 32, VRAM: 98304 MiB
[qwen4exp] qwen4exp trunk loaded: 48 layers (36 linear + 12 full), 1222 tensors 66.24 GiB from 3 shard(s), experts=10/512 hc=4/320 ple_layers=1 ngram=3 heads_per_ngram=8 table_rows=320001536 eos=248046
[qwen4exp] cache: integrated GPU detected, graph inputs will be ring-buffered in pinned host memory (LUCE_HIP_NO_UMA_RING=1 to disable)
[qwen4exp] cache: 12 full + 36 linear layers, kv=f16 768.00 MiB @ ctx=32768, ssm_state 108.0 MiB, conv_state 4.2 MiB
[qwen4exp] cache: integrated GPU detected, graph inputs will be ring-buffered in pinned host memory (LUCE_HIP_NO_UMA_RING=1 to disable)
[qwen4exp] cache: 12 full + 36 linear layers, kv=f16 768.00 MiB @ ctx=32768, ssm_state 108.0 MiB, conv_state 4.2 MiB
[qwen4exp] cache: integrated GPU detected, graph inputs will be ring-buffered in pinned host memory (LUCE_HIP_NO_UMA_RING=1 to disable)
[qwen4exp] cache: 12 full + 36 linear layers, kv=f16 768.00 MiB @ ctx=32768, ssm_state 108.0 MiB, conv_state 4.2 MiB
[qwen4exp] cache: integrated GPU detected, graph inputs will be ring-buffered in pinned host memory (LUCE_HIP_NO_UMA_RING=1 to disable)
[qwen4exp] cache: 12 full + 36 linear layers, kv=f16 768.00 MiB @ ctx=32768, ssm_state 108.0 MiB, conv_state 4.2 MiB
[dump] L00.hcmix  n=40960   finite=1 absmax=11.76        mean=0.030367     sumsq=31742.15024        argmax=37477
[dump]   top0 idx=37477 val=8.54350
[dump]   top1 idx=28717 val=7.80254
[dump]   top2 idx=37232 val=7.59833
[dump]   top3 idx=40037 val=7.40860
[dump]   top4 idx=38321 val=7.01997
[dump] L00.att    n=40960   finite=1 absmax=1.0866       mean=0.00022953   sumsq=449.7347614        argmax=2565
[dump]   top0 idx=2565 val=1.08664
[dump]   top1 idx=5 val=1.00970
[dump]   top2 idx=12805 val=0.94685
[dump]   top3 idx=5125 val=0.92478
[dump]   top4 idx=7685 val=0.91633
[dump] L00.ffnxn  n=163840  finite=1 absmax=21.219       mean=0.018896     sumsq=225119.6561        argmax=5877
[dump]   top0 idx=5877 val=21.21895
[dump]   top1 idx=6443 val=13.56322
[dump]   top2 idx=5125 val=12.85366
[dump]   top3 idx=107525 val=12.68122
[dump]   top4 idx=35845 val=12.46652
[dump] L00.fmix   n=40960   finite=1 absmax=2.7863       mean=0.0034925    sumsq=7318.77945         argmax=231
[dump]   top0 idx=231 val=2.36255
[dump]   top1 idx=268 val=2.32700
[dump]   top2 idx=22265 val=2.27917
[dump]   top3 idx=34347 val=2.24170
[dump]   top4 idx=37661 val=2.07894
[dump] L00.mid    n=160     finite=1 absmax=0 mean=0 sumsq=0 ids: 215 372 109 371 90 453 220 28 396 205 459 95 348 432 352 403 394 327 237 43 24 164 270 350 368 418 54 317 459 501 173 15 386 492 253 68 503 291 37 222 479 10 175 322 501 66 376 64 7 350 128 465 108 496 494 206 442 74 504 94 118 481 174 89 253 2 113 197 147 138 232 99 39 291 132 187 346 24 53 27 468 174 367 377 15 500 505 339 399 37 138 147 367 174 15 37 432 119 500 399 226 9 270 425 290 176 247 136 102 198 507 30 462 226 24 221 8 368 54 441 49 221 73 129 11 113 382 117 106 237 226 40 490 146 344 488 483 122 374 397 56 226 288 135 201 96 124 405 34 310 226 487 469 490 146 51 355 365 344 284
[dump] L00.moe    n=40960   finite=1 absmax=0.35476      mean=0.00043193   sumsq=37.30712243        argmax=1682
[dump]   top0 idx=1682 val=0.35476
[dump]   top1 idx=579 val=0.29842
[dump]   top2 idx=5 val=0.28178
[dump]   top3 idx=1500 val=0.27366
[dump]   top4 idx=23768 val=0.24801
[dump] L00.res    n=163840  finite=1 absmax=0.37763      mean=0.00038182   sumsq=75.25109152        argmax=46085
[dump]   top0 idx=46085 val=0.37763
[dump]   top1 idx=15365 val=0.32708
[dump]   top2 idx=76805 val=0.32478
[dump]   top3 idx=56325 val=0.31184
[dump]   top4 idx=138245 val=0.29906
[dump] ple.inp    n=40960   finite=1 absmax=0.038727     mean=-1.1161e-05  sumsq=2.525345585        argmax=250
[dump]   top0 idx=250 val=0.03855
[dump]   top1 idx=543 val=0.03649
[dump]   top2 idx=794 val=0.03546
[dump]   top3 idx=1160 val=0.03449
[dump]   top4 idx=857 val=0.03440
[dump] ple.key    n=163840  finite=1 absmax=0.72359      mean=-0.0012855   sumsq=37.39464165        argmax=943
[dump]   top0 idx=943 val=0.53538
[dump]   top1 idx=123823 val=0.50420
[dump]   top2 idx=82863 val=0.48718
[dump]   top3 idx=93103 val=0.47806
[dump]   top4 idx=154543 val=0.47264
[dump] ple.value  n=40960   finite=1 absmax=0.11369      mean=0.0002195    sumsq=1.845222143        argmax=531
[dump]   top0 idx=531 val=0.04776
[dump]   top1 idx=30988 val=0.04743
[dump]   top2 idx=23308 val=0.04530
[dump]   top3 idx=7948 val=0.04230
[dump]   top4 idx=33548 val=0.04092
[dump] ple.knorm  n=163840  finite=1 absmax=88.997       mean=-0.0672      sumsq=281658.2281        argmax=69008
[dump]   top0 idx=69008 val=37.15705
[dump]   top1 idx=99728 val=36.81419
[dump]   top2 idx=130448 val=36.51701
[dump]   top3 idx=140688 val=35.38744
[dump]   top4 idx=28048 val=34.05914
[dump] ple.qnorm  n=163840  finite=1 absmax=12.228       mean=0.030229     sumsq=131220.8053        argmax=8408
[dump]   top0 idx=8408 val=12.22786
[dump]   top1 idx=728 val=11.12189
[dump]   top2 idx=3288 val=10.67556
[dump]   top3 idx=2828 val=10.65214
[dump]   top4 idx=99845 val=7.97208
[dump] ple.gate   n=64      finite=1 absmax=0.91687      mean=0.20432      sumsq=7.193229372        argmax=29
[dump] ple.gated  n=163840  finite=1 absmax=0.091692     mean=4.2617e-05   sumsq=0.8758195389       argmax=94988
[dump]   top0 idx=94988 val=0.04077
[dump]   top1 idx=5651 val=0.04076
[dump]   top2 idx=84748 val=0.03381
[dump]   top3 idx=74508 val=0.03322
[dump]   top4 idx=6321 val=0.03153
[dump] ple.conv   n=163840  finite=1 absmax=0.28627      mean=0.00047437   sumsq=55.6633655         argmax=55277
[dump]   top0 idx=55277 val=0.28627
[dump]   top1 idx=157538 val=0.24202
[dump]   top2 idx=95132 val=0.23653
[dump]   top3 idx=85139 val=0.23485
[dump]   top4 idx=64156 val=0.22734
[dump] ple.out    n=163840  finite=1 absmax=0.44815      mean=0.00089882   sumsq=138.1776549        argmax=46085
[dump]   top0 idx=46085 val=0.37763
[dump]   top1 idx=15365 val=0.32706
[dump]   top2 idx=76805 val=0.32470
[dump]   top3 idx=56325 val=0.31175
[dump]   top4 idx=138245 val=0.29943
[dump] L01.ple    n=163840  finite=1 absmax=0.44815      mean=0.00089882   sumsq=138.1776549        argmax=46085
[dump]   top0 idx=46085 val=0.37763
[dump]   top1 idx=15365 val=0.32706
[dump]   top2 idx=76805 val=0.32470
[dump]   top3 idx=56325 val=0.31175
[dump]   top4 idx=138245 val=0.29943
[dump] L01.hcmix  n=40960   finite=1 absmax=3.5828       mean=0.01128      sumsq=8006.503199        argmax=7685
[dump]   top0 idx=7685 val=3.58278
[dump]   top1 idx=2565 val=3.39217
[dump]   top2 idx=17925 val=3.19455
[dump]   top3 idx=23045 val=3.18298
[dump]   top4 idx=10245 val=3.12179
[dump] L01.att    n=40960   finite=1 absmax=1.309        mean=-0.0039659   sumsq=774.8562834        argmax=14273
[dump]   top0 idx=14273 val=1.30900
[dump]   top1 idx=11713 val=1.15927
[dump]   top2 idx=6593 val=1.15191
[dump]   top3 idx=28491 val=1.12951
[dump]   top4 idx=5451 val=1.11806
[dump] L01.ffnxn  n=163840  finite=1 absmax=31.641       mean=0.013225     sumsq=213773.1415        argmax=25376
[dump]   top0 idx=25376 val=12.57476
[dump]   top1 idx=149176 val=12.14674
[dump]   top2 idx=135820 val=11.30643
[dump]   top3 idx=78187 val=11.25482
[dump]   top4 idx=129387 val=10.89132
[dump] L01.fmix   n=40960   finite=1 absmax=3.3254       mean=0.00018787   sumsq=6641.800807        argmax=4046
[dump]   top0 idx=4046 val=3.32542
[dump]   top1 idx=33285 val=2.60666
[dump]   top2 idx=25605 val=2.55110
[dump]   top3 idx=17925 val=2.52035
[dump]   top4 idx=35845 val=2.36411
[dump] L01.mid    n=160     finite=1 absmax=0 mean=0 sumsq=0 ids: 19 320 157 131 165 225 345 205 446 186 131 10 128 348 486 500 103 19 303 196 168 210 381 441 458 81 289 207 27 445 86 91 500 341 19 447 67 41 425 348 326 429 499 441 458 233 319 296 313 81 282 5 382 500 101 443 349 177 307 425 151 54 253 473 41 282 425 117 139 140 372 103 431 64 1 196 409 348 345 286 496 21 372 371 431 500 409 314 44 1 496 122 44 371 20 163 41 169 54 78 149 377 496 98 500 81 86 289 425 507 81 168 458 54 139 507 377 169 121 98 500 118 377 81 323 54 289 425 98 131 500 140 149 127 205 67 249 412 289 425 149 500 205 280 19 26 265 87 306 412 330 385 285 323 459 311 495 450 369 22
[dump] L01.moe    n=40960   finite=1 absmax=0.22226      mean=0.00012883   sumsq=2.859981689        argmax=1832
[dump]   top0 idx=1832 val=0.06782
[dump]   top1 idx=2010 val=0.05540
[dump]   top2 idx=1531 val=0.05507
[dump]   top3 idx=855 val=0.05451
[dump]   top4 idx=26455 val=0.05410
[dump] L01.res    n=327680  finite=1 absmax=30.067       mean=0.012318     sumsq=251639.3119        argmax=182615
[dump]   top0 idx=182615 val=16.86781
[dump]   top1 idx=271365 val=15.43888
[dump]   top2 idx=209925 val=15.36530
[dump]   top3 idx=240645 val=15.32231
[dump]   top4 idx=168965 val=15.19514
[dump] L02.hcmix  n=40960   finite=1 absmax=10.696       mean=0.010413     sumsq=12275.60743        argmax=10245
[dump]   top0 idx=10245 val=4.40305
[dump]   top1 idx=3415 val=4.22272
[dump]   top2 idx=25605 val=4.20525
[dump]   top3 idx=17925 val=4.19925
[dump]   top4 idx=15365 val=4.19056
[dump] L02.att    n=40960   finite=1 absmax=3.0882       mean=0.0049858    sumsq=524.4505205        argmax=2010
[dump]   top0 idx=2010 val=1.25582
[dump]   top1 idx=403 val=0.80978
[dump]   top2 idx=2293 val=0.75753
[dump]   top3 idx=348 val=0.70048
[dump]   top4 idx=913 val=0.68048
[dump] L02.ffnxn  n=163840  finite=1 absmax=36.466       mean=0.03884      sumsq=264543.4389        argmax=68577
[dump]   top0 idx=68577 val=14.03597
[dump]   top1 idx=149176 val=13.86616
[dump]   top2 idx=46776 val=12.29647
[dump]   top3 idx=25376 val=11.52691
[dump]   top4 idx=55277 val=11.03638
[dump] L02.fmix   n=40960   finite=1 absmax=5.2914       mean=0.010458     sumsq=6600.393363        argmax=12655
[dump]   top0 idx=12655 val=2.07445
[dump]   top1 idx=24008 val=1.87715
[dump]   top2 idx=15072 val=1.85464
[dump]   top3 idx=7392 val=1.82036
[dump]   top4 idx=4046 val=1.78313
[dump] L02.mid    n=160     finite=1 absmax=0 mean=0 sumsq=0 ids: 75 12 209 68 137 403 257 272 87 255 75 42 169 139 22 479 356 192 61 376 75 141 42 169 13 61 355 356 430 102 75 259 427 32 440 61 466 371 12 356 410 433 355 124 252 407 75 133 76 341 32 103 123 75 9 22 285 259 426 69 70 124 75 165 402 355 133 191 356 52 22 75 69 170 145 35 430 61 356 180 230 22 75 480 260 356 102 285 61 506 75 230 22 356 152 61 285 260 431 480 75 61 185 431 459 482 385 22 52 319 430 75 385 52 421 13 316 88 388 275 75 70 385 72 503 205 376 382 16 133 75 275 187 61 32 13 272 12 420 31 75 507 399 225 129 275 272 161 495 61 265 397 309 352 167 275 406 165 75 173
[dump] L02.moe    n=40960   finite=1 absmax=0.10461      mean=0.00031603   sumsq=3.199852293        argmax=23308
[dump]   top0 idx=23308 val=0.10461
[dump]   top1 idx=20748 val=0.09189
[dump]   top2 idx=3288 val=0.09056
[dump]   top3 idx=5388 val=0.08286
[dump]   top4 idx=951 val=0.08256
[dump] L02.res    n=327680  finite=1 absmax=22.688       mean=0.014559     sumsq=123509.6405        argmax=168965
[dump]   top0 idx=168965 val=18.07111
[dump]   top1 idx=240645 val=17.12523
[dump]   top2 idx=271365 val=17.01322
[dump]   top3 idx=230405 val=16.57428
[dump]   top4 idx=209925 val=16.43214
[dump] L03.hcmix  n=40960   finite=1 absmax=6.2113       mean=0.014091     sumsq=4463.820074        argmax=5908
[dump]   top0 idx=5908 val=4.58499
[dump]   top1 idx=16148 val=4.44622
[dump]   top2 idx=13588 val=4.39623
[dump]   top3 idx=25605 val=4.24316
[dump]   top4 idx=10245 val=4.22451
[dump] L03.att    n=40960   finite=1 absmax=0.91906      mean=-0.0026528   sumsq=293.2921947        argmax=522
[dump]   top0 idx=522 val=0.77064
[dump]   top1 idx=1832 val=0.64989
[dump]   top2 idx=667 val=0.56205
[dump]   top3 idx=983 val=0.55267
[dump]   top4 idx=1578 val=0.55263
[dump] L03.ffnxn  n=163840  finite=1 absmax=37.96        mean=0.036532     sumsq=304121.8873        argmax=98008
[dump]   top0 idx=98008 val=22.97721
[dump]   top1 idx=108248 val=22.11048
[dump]   top2 idx=159448 val=22.08710
[dump]   top3 idx=67288 val=21.92332
[dump]   top4 idx=128728 val=21.35210
[dump] L03.fmix   n=40960   finite=1 absmax=3.3536       mean=0.016425     sumsq=12570.35719        argmax=4046
[dump]   top0 idx=4046 val=3.19385
[dump]   top1 idx=10968 val=3.14993
[dump]   top2 idx=33997 val=2.98993
[dump]   top3 idx=3288 val=2.91259
[dump]   top4 idx=8408 val=2.67237
[dump] L03.mid    n=160     finite=1 absmax=0 mean=0 sumsq=0 ids: 243 143 190 405 470 223 205 253 371 231 476 47 405 231 228 343 441 473 243 277 343 112 47 71 146 21 405 486 231 470 231 190 441 228 418 146 470 504 101 484 146 299 419 406 451 254 484 169 228 27 441 443 418 190 156 494 231 347 228 149 296 146 396 193 189 21 307 467 419 77 17 296 193 189 32 231 190 485 295 200 365 190 396 296 295 271 200 307 509 449 189 296 190 307 101 149 365 295 480 418 74 418 231 190 104 365 228 257 449 152 74 71 257 81 112 190 91 365 262 101 74 257 190 277 365 101 146 224 83 343 441 504 194 315 190 101 231 206 318 418 364 315 86 185 104 101 194 441 31 184 467 396 101 218 472 271 441 365 102 104
[dump] L03.moe    n=40960   finite=1 absmax=0.054375     mean=6.2612e-05   sumsq=3.684827863        argmax=22718
[dump]   top0 idx=22718 val=0.04621
[dump]   top1 idx=29614 val=0.04612
[dump]   top2 idx=28855 val=0.04411
[dump]   top3 idx=11687 val=0.03960
[dump]   top4 idx=29681 val=0.03944
[dump] L03.res    n=327680  finite=1 absmax=31.206       mean=0.01912      sumsq=259534.1606        argmax=168965
[dump]   top0 idx=168965 val=19.37314
[dump]   top1 idx=240645 val=18.32444
[dump]   top2 idx=271365 val=18.19684
[dump]   top3 idx=230405 val=17.79812
[dump]   top4 idx=209925 val=17.58557
[dump] L04.hcmix  n=40960   finite=1 absmax=8.561        mean=0.020308     sumsq=13129.42019        argmax=25605
[dump]   top0 idx=25605 val=5.11167
[dump]   top1 idx=15365 val=5.00687
[dump]   top2 idx=5 val=4.83528
[dump]   top3 idx=17925 val=4.83196
[dump]   top4 idx=10245 val=4.82246
[dump] L04.att    n=40960   finite=1 absmax=0.64974      mean=-0.0014987   sumsq=208.251436         argmax=29813
[dump]   top0 idx=29813 val=0.64974
[dump]   top1 idx=9333 val=0.50615
[dump]   top2 idx=32373 val=0.50032
[dump]   top3 idx=34933 val=0.47653
[dump]   top4 idx=10871 val=0.46011
[dump] L04.ffnxn  n=163840  finite=1 absmax=36.4         mean=0.034338     sumsq=333468.4477        argmax=98008
[dump]   top0 idx=98008 val=19.39441
[dump]   top1 idx=108248 val=18.72890
[dump]   top2 idx=159448 val=18.65743
[dump]   top3 idx=67288 val=18.45410
[dump]   top4 idx=118488 val=18.21335
[dump] L04.fmix   n=40960   finite=1 absmax=3.2754       mean=0.014737     sumsq=14263.84377        argmax=4046
[dump]   top0 idx=4046 val=3.27540
[dump]   top1 idx=22230 val=2.97794
[dump]   top2 idx=22265 val=2.86999
[dump]   top3 idx=22766 val=2.74879
[dump]   top4 idx=22718 val=2.73696
[dump] L04.mid    n=160     finite=1 absmax=0 mean=0 sumsq=0 ids: 3 309 119 392 252 307 486 106 41 453 309 385 274 453 402 410 252 277 123 62 309 505 385 41 293 479 414 251 299 36 309 410 421 414 252 204 496 500 453 454 204 36 309 378 414 333 72 366 159 379 153 41 274 410 207 491 259 204 106 36 455 479 36 16 303 321 413 204 174 91 41 21 309 134 282 453 410 106 312 500 504 21 177 134 41 282 351 150 221 309 256 309 504 491 221 293 500 21 436 453 453 293 436 309 410 299 500 375 445 69 425 309 204 252 36 483 476 41 12 504 500 309 150 345 282 136 453 410 323 174 106 309 274 453 41 410 186 252 259 496 395 468 391 309 306 192 274 324 106 89 177 309 186 172 244 467 80 89 100 193
[dump] L04.moe    n=40960   finite=1 absmax=0.094732     mean=0.00010828   sumsq=7.229381956        argmax=13437
[dump]   top0 idx=13437 val=0.09012
[dump]   top1 idx=14936 val=0.08976
[dump]   top2 idx=13941 val=0.08629
[dump]   top3 idx=13197 val=0.08157
[dump]   top4 idx=14939 val=0.07675
[dump] L04.res    n=327680  finite=1 absmax=34.596       mean=0.013451     sumsq=251657.4249        argmax=285813
[dump]   top0 idx=285813 val=34.59645
[dump]   top1 idx=296053 val=24.03661
[dump]   top2 idx=203893 val=22.09234
[dump]   top3 idx=306293 val=21.37680
[dump]   top4 idx=255093 val=19.74739
[dump] L05.hcmix  n=40960   finite=1 absmax=12.036       mean=0.01244      sumsq=12784.62904        argmax=29813
[dump]   top0 idx=29813 val=9.52623
[dump]   top1 idx=34933 val=5.68193
[dump]   top2 idx=1653 val=5.35198
[dump]   top3 idx=14453 val=4.31966
[dump]   top4 idx=1500 val=4.24022
[dump] L05.att    n=40960   finite=1 absmax=7.0958       mean=-0.0013881   sumsq=328.5413494        argmax=1500
[dump]   top0 idx=1500 val=1.98728
[dump]   top1 idx=788 val=0.90195
[dump]   top2 idx=5751 val=0.78616
[dump]   top3 idx=2121 val=0.78230
[dump]   top4 idx=1787 val=0.69985
[dump] L05.ffnxn  n=163840  finite=1 absmax=32.495       mean=0.034899     sumsq=325083.3465        argmax=88624
[dump]   top0 idx=88624 val=11.75382
[dump]   top1 idx=9180 val=11.73735
[dump]   top2 idx=95132 val=11.25216
[dump]   top3 idx=55277 val=10.55033
[dump]   top4 idx=49641 val=10.47754
[dump] L05.fmix   n=40960   finite=1 absmax=2.656        mean=0.0089932    sumsq=10627.25495        argmax=10596
[dump]   top0 idx=10596 val=2.65596
[dump]   top1 idx=1009 val=2.55169
[dump]   top2 idx=11241 val=2.52387
[dump]   top3 idx=21685 val=2.45775
[dump]   top4 idx=37045 val=2.42469
[dump] L05.mid    n=160     finite=1 absmax=0 mean=0 sumsq=0 ids: 392 42 56 353 386 291 236 175 228 98 104 505 439 274 216 268 81 220 402 420 497 269 400 136 126 274 347 380 130 422 395 140 118 216 169 236 417 400 200 224 497 200 269 227 365 77 323 440 338 400 310 142 228 468 140 1 236 124 98 436 269 418 36 210 360 400 18 67 77 38 314 291 102 390 239 124 364 2 224 14 390 452 280 102 449 291 191 120 140 169 140 452 291 169 102 420 328 390 344 38 328 192 177 344 505 418 429 302 314 291 291 314 38 177 344 269 136 216 440 239 104 38 291 216 177 344 402 418 134 395 288 140 104 236 446 344 14 142 326 291 53 344 116 133 298 288 2 177 291 114 418 17 18 177 344 404 269 61 451 453
[dump] L05.moe    n=40960   finite=1 absmax=0.093127     mean=0.00058679   sumsq=3.785582313        argmax=3139
[dump]   top0 idx=3139 val=0.04769
[dump]   top1 idx=7573 val=0.04478
[dump]   top2 idx=34165 val=0.04476
[dump]   top3 idx=524 val=0.04385
[dump]   top4 idx=24581 val=0.04328
[dump] L05.res    n=327680  finite=1 absmax=55.537       mean=0.01686      sumsq=213722.7335        argmax=168965
[dump]   top0 idx=168965 val=18.62374
[dump]   top1 idx=240645 val=17.36633
[dump]   top2 idx=271365 val=17.36467
[dump]   top3 idx=230405 val=17.07180
[dump]   top4 idx=209925 val=16.64771
[dump] L06.hcmix  n=40960   finite=1 absmax=18.795       mean=0.014758     sumsq=11126.67494        argmax=1500
[dump]   top0 idx=1500 val=8.34621
[dump]   top1 idx=5 val=4.89325
[dump]   top2 idx=25605 val=4.81863
[dump]   top3 idx=15365 val=4.74682
[dump]   top4 idx=17925 val=4.65973
[dump] L06.att    n=40960   finite=1 absmax=1.5834       mean=-0.0023815   sumsq=1053.775087        argmax=3042
[dump]   top0 idx=3042 val=1.58338
[dump]   top1 idx=5602 val=1.46255
[dump]   top2 idx=8162 val=1.32096
[dump]   top3 idx=10722 val=1.31198
[dump]   top4 idx=8631 val=1.30303
[dump] L06.ffnxn  n=163840  finite=1 absmax=26.995       mean=0.031707     sumsq=303231.085         argmax=68577
[dump]   top0 idx=68577 val=14.67576
[dump]   top1 idx=120951 val=12.44871
[dump]   top2 idx=88825 val=12.32475
[dump]   top3 idx=149176 val=12.27704
[dump]   top4 idx=28791 val=12.20630
[dump] L06.fmix   n=40960   finite=1 absmax=3.5119       mean=0.016115     sumsq=13938.0348         argmax=11241
[dump]   top0 idx=11241 val=3.12067
[dump]   top1 idx=11585 val=2.62844
[dump]   top2 idx=17377 val=2.61947
[dump]   top3 idx=35985 val=2.60179
[dump]   top4 idx=10936 val=2.57321
[dump] L06.mid    n=160     finite=1 absmax=0 mean=0 sumsq=0 ids: 223 33 283 394 379 40 439 159 256 152 394 40 67 439 94 474 409 329 346 172 89 71 380 244 367 206 55 43 202 387 197 244 352 398 59 267 43 433 305 149 278 212 486 503 89 423 197 82 300 45 97 152 67 191 227 144 295 91 398 503 502 348 323 314 273 107 315 312 450 2 295 408 172 496 227 304 503 184 333 461 295 210 290 77 209 387 411 464 54 191 295 503 299 39 77 431 95 411 290 282 95 282 245 477 475 163 71 431 485 141 69 440 245 477 91 295 467 89 107 256 413 492 123 270 75 503 40 486 261 494 152 326 127 159 375 123 278 69 133 390 63 307 275 488 173 157 352 78 130 356 212 341 353 85 278 337 486 275 300 393
[dump] L06.moe    n=40960   finite=1 absmax=0.081951     mean=0.00012791   sumsq=7.048950537        argmax=33173
[dump]   top0 idx=33173 val=0.08195
[dump]   top1 idx=39402 val=0.06591
[dump]   top2 idx=7546 val=0.06476
[dump]   top3 idx=39934 val=0.06454
[dump]   top4 idx=39261 val=0.06341
[dump] L06.res    n=327680  finite=1 absmax=57.698       mean=0.0093633    sumsq=125868.7724        argmax=168965
[dump]   top0 idx=168965 val=16.68696
[dump]   top1 idx=271365 val=15.52593
[dump]   top2 idx=240645 val=15.49334
[dump]   top3 idx=230405 val=15.15838
[dump]   top4 idx=209925 val=14.83909
[dump] L07.hcmix  n=40960   finite=1 absmax=15.225       mean=0.0080512    sumsq=5497.954109        argmax=17925
[dump]   top0 idx=17925 val=4.19636
[dump]   top1 idx=15365 val=4.15791
[dump]   top2 idx=25605 val=4.11360
[dump]   top3 idx=10245 val=4.02416
[dump]   top4 idx=12805 val=3.99522
[dump] L07.att    n=40960   finite=1 absmax=2.4507       mean=0.0017421    sumsq=708.3579557        argmax=951
[dump]   top0 idx=951 val=2.45072
[dump]   top1 idx=1736 val=1.79691
[dump]   top2 idx=1134 val=1.68544
[dump]   top3 idx=1795 val=1.61694
[dump]   top4 idx=47 val=1.38509
[dump] L07.ffnxn  n=163840  finite=1 absmax=41.591       mean=0.031009     sumsq=213932.2475        argmax=9180
[dump]   top0 idx=9180 val=10.42906
[dump]   top1 idx=97698 val=10.23304
[dump]   top2 idx=98008 val=10.03010
[dump]   top3 idx=67288 val=9.73238
[dump]   top4 idx=108248 val=9.67019
[dump] L07.fmix   n=40960   finite=1 absmax=2.837        mean=0.018676     sumsq=11507.66252        argmax=32106
[dump]   top0 idx=32106 val=2.29217
[dump]   top1 idx=11241 val=2.24143
[dump]   top2 idx=11675 val=2.23110
[dump]   top3 idx=10871 val=2.15786
[dump]   top4 idx=17974 val=2.12863
[dump] L07.mid    n=160     finite=1 absmax=0 mean=0 sumsq=0 ids: 165 351 159 346 432 455 242 8 163 303 159 367 486 194 346 351 366 325 50 498 256 456 340 369 486 265 50 403 203 502 486 301 504 156 445 242 303 179 340 472 203 83 393 71 149 504 146 293 194 358 242 165 84 287 60 451 445 22 303 169 502 486 50 194 69 309 403 237 198 297 411 296 159 358 227 256 223 340 304 498 70 411 152 403 294 359 462 368 188 169 70 403 411 194 294 142 152 252 368 359 41 369 194 8 411 498 486 456 87 338 358 455 87 464 194 203 411 363 50 456 50 511 87 82 369 281 403 194 486 69 358 445 87 509 50 252 471 159 242 498 365 77 194 196 405 117 279 328 8 5 418 400 502 3 501 124 198 313 511 48
[dump] L07.moe    n=40960   finite=1 absmax=0.091041     mean=0.00026584   sumsq=4.92871682         argmax=30613
[dump]   top0 idx=30613 val=0.07817
[dump]   top1 idx=17813 val=0.07323
[dump]   top2 idx=13324 val=0.06258
[dump]   top3 idx=29365 val=0.05528
[dump]   top4 idx=18569 val=0.05471
[dump] L07.res    n=327680  finite=1 absmax=37.96        mean=0.024386     sumsq=271504.8109        argmax=232417
[dump]   top0 idx=232417 val=19.88250
[dump]   top1 idx=258972 val=10.87006
[dump]   top2 idx=321378 val=10.56246
[dump]   top3 idx=235413 val=10.39347
[dump]   top4 idx=284791 val=10.27753
[dump] L08.hcmix  n=40960   finite=1 absmax=5.3444       mean=0.025007     sumsq=10150.02839        argmax=17813
[dump]   top0 idx=17813 val=5.34436
[dump]   top1 idx=30613 val=4.54244
[dump]   top2 idx=28791 val=4.42490
[dump]   top3 idx=10871 val=3.87121
[dump]   top4 idx=7573 val=3.82864
[dump] L08.att    n=40960   finite=1 absmax=0.19354      mean=0.00090455   sumsq=30.33671779        argmax=38756
[dump]   top0 idx=38756 val=0.19354
[dump]   top1 idx=16565 val=0.16600
[dump]   top2 idx=39605 val=0.15989
[dump]   top3 idx=40195 val=0.14744
[dump]   top4 idx=37045 val=0.14416
[dump] L08.ffnxn  n=163840  finite=1 absmax=43.161       mean=0.036262     sumsq=184257.0121        argmax=98008
[dump]   top0 idx=98008 val=13.36918
[dump]   top1 idx=67288 val=12.91699
[dump]   top2 idx=108248 val=12.82282
[dump]   top3 idx=159448 val=12.57123
[dump]   top4 idx=118488 val=12.55225
[dump] L08.fmix   n=40960   finite=1 absmax=4.8824       mean=0.024052     sumsq=11118.26627        argmax=1500
[dump]   top0 idx=1500 val=4.88235
[dump]   top1 idx=4046 val=3.22661
[dump]   top2 idx=28791 val=3.16947
[dump]   top3 idx=10871 val=2.79543
[dump]   top4 idx=15991 val=2.72435
[dump] L08.mid    n=160     finite=1 absmax=0 mean=0 sumsq=0 ids: 308 456 387 175 181 439 263 370 219 46 219 263 462 183 231 387 121 308 175 81 134 263 74 99 212 371 436 308 364 462 263 360 342 308 99 175 46 11 387 62 263 157 128 217 342 134 74 360 83 22 175 263 308 206 360 46 439 387 473 394 134 263 387 99 74 157 360 114 183 277 387 134 263 46 1 204 261 360 223 175 360 252 263 313 66 295 163 367 46 1 263 360 46 308 354 370 175 27 387 105 263 360 181 308 370 46 175 105 164 264 134 263 181 183 387 66 462 360 218 308 263 183 360 462 218 308 114 354 46 99 263 181 134 183 462 360 392 175 308 206 263 181 360 387 462 102 46 308 392 183 317 465 192 263 436 102 196 462 17 299
[dump] L08.moe    n=40960   finite=1 absmax=0.10862      mean=-0.00010508  sumsq=5.938975739        argmax=1500
[dump]   top0 idx=1500 val=0.08902
[dump]   top1 idx=32897 val=0.07591
[dump]   top2 idx=32045 val=0.07301
[dump]   top3 idx=30 val=0.07252
[dump]   top4 idx=32409 val=0.06887
[dump] L08.res    n=327680  finite=1 absmax=42.059       mean=0.016275     sumsq=182751.8721        argmax=165340
[dump]   top0 idx=165340 val=13.77315
[dump]   top1 idx=261848 val=12.73393
[dump]   top2 idx=231128 val=12.30323
[dump]   top3 idx=272088 val=12.21353
[dump]   top4 idx=323288 val=11.97390
[dump] L09.hcmix  n=40960   finite=1 absmax=11.636       mean=0.020112     sumsq=12115.68022        argmax=1500
[dump]   top0 idx=1500 val=6.88558
[dump]   top1 idx=17813 val=5.02746
[dump]   top2 idx=30613 val=4.69086
[dump]   top3 idx=26805 val=3.70470
[dump]   top4 idx=21685 val=3.66432
[dump] L09.att    n=40960   finite=1 absmax=0.67595      mean=0.00025465   sumsq=164.6530025        argmax=9166
[dump]   top0 idx=9166 val=0.67595
[dump]   top1 idx=3511 val=0.37701
[dump]   top2 idx=11191 val=0.34267
[dump]   top3 idx=23753 val=0.29146
[dump]   top4 idx=9362 val=0.28343
[dump] L09.ffnxn  n=163840  finite=1 absmax=38.295       mean=0.040125     sumsq=226651.8675        argmax=98008
[dump]   top0 idx=98008 val=15.47577
[dump]   top1 idx=67288 val=14.95206
[dump]   top2 idx=108248 val=14.84339
[dump]   top3 idx=159448 val=14.55235
[dump]   top4 idx=118488 val=14.52920
[dump] L09.fmix   n=40960   finite=1 absmax=4.0029       mean=0.024475     sumsq=11806.29142        argmax=1500
[dump]   top0 idx=1500 val=4.00290
[dump]   top1 idx=4046 val=2.76128
[dump]   top2 idx=11241 val=2.43161
[dump]   top3 idx=681 val=2.28341
[dump]   top4 idx=30613 val=2.21476
[dump] L09.mid    n=160     finite=1 absmax=0 mean=0 sumsq=0 ids: 218 369 68 368 430 96 376 209 142 229 292 425 40 430 17 396 321 369 218 113 113 382 425 266 428 317 40 402 205 321 425 321 444 218 68 430 477 209 376 205 371 425 276 382 115 201 417 91 321 336 425 238 376 218 427 371 292 230 361 142 427 148 425 18 374 371 382 428 430 369 459 427 430 218 211 456 209 491 170 11 10 90 459 426 456 55 427 479 14 11 459 370 20 377 73 264 141 218 90 430 377 70 409 218 205 427 382 321 506 154 430 264 374 153 321 369 370 218 230 456 370 264 430 321 276 374 153 218 488 230 264 478 292 370 427 430 376 230 276 218 264 478 427 230 376 370 68 71 378 374 18 468 339 237 146 399 230 148 15 138
[dump] L09.moe    n=40960   finite=1 absmax=0.059079     mean=1.4756e-05   sumsq=3.999023332        argmax=36471
[dump]   top0 idx=36471 val=0.05908
[dump]   top1 idx=38650 val=0.04695
[dump]   top2 idx=28055 val=0.04584
[dump]   top3 idx=21725 val=0.04361
[dump]   top4 idx=29027 val=0.04251
[dump] L09.res    n=327680  finite=1 absmax=32.766       mean=0.016264     sumsq=203501.9257        argmax=261848
[dump]   top0 idx=261848 val=15.53343
[dump]   top1 idx=231128 val=15.00568
[dump]   top2 idx=272088 val=14.89887
[dump]   top3 idx=165340 val=14.70785
[dump]   top4 idx=323288 val=14.60614
[dump] L10.hcmix  n=40960   finite=1 absmax=11.851       mean=0.020309     sumsq=12765.30216        argmax=1500
[dump]   top0 idx=1500 val=7.98357
[dump]   top1 idx=17813 val=4.62330
[dump]   top2 idx=30613 val=4.16416
[dump]   top3 idx=26805 val=3.77826
[dump]   top4 idx=28791 val=3.66956
[dump] L10.att    n=40960   finite=1 absmax=1.0095       mean=-0.0005564   sumsq=297.3258432        argmax=9166
[dump]   top0 idx=9166 val=1.00950
[dump]   top1 idx=26593 val=0.62551
[dump]   top2 idx=5848 val=0.52351
[dump]   top3 idx=8973 val=0.51586
[dump]   top4 idx=18871 val=0.50782
[dump] L10.ffnxn  n=163840  finite=1 absmax=40.484       mean=0.027132     sumsq=173404.7688        argmax=1500
[dump]   top0 idx=1500 val=12.61822
[dump]   top1 idx=32206 val=12.21753
[dump]   top2 idx=98008 val=12.03063
[dump]   top3 idx=67288 val=11.60979
[dump]   top4 idx=108248 val=11.53463
[dump] L10.fmix   n=40960   finite=1 absmax=2.8528       mean=0.015345     sumsq=9943.025077        argmax=4046
[dump]   top0 idx=4046 val=2.48888
[dump]   top1 idx=15991 val=2.43765
[dump]   top2 idx=10936 val=2.42897
[dump]   top3 idx=10871 val=2.42806
[dump]   top4 idx=17813 val=2.17370
[dump] L10.mid    n=160     finite=1 absmax=0 mean=0 sumsq=0 ids: 461 325 107 264 164 508 495 278 355 322 264 461 278 325 417 341 58 164 355 296 461 278 17 230 325 187 264 40 121 319 264 461 278 341 58 508 417 379 70 230 187 373 25 167 288 461 87 264 433 500 461 508 373 97 379 433 264 278 355 164 461 230 464 97 373 278 70 417 508 355 461 97 455 373 508 28 379 319 177 164 461 398 143 509 501 97 508 423 321 271 461 423 508 97 501 417 373 379 18 58 461 97 17 373 423 58 508 343 379 33 97 355 373 461 278 17 69 417 464 40 18 278 97 461 355 69 387 508 336 40 355 461 495 97 69 387 404 341 278 379 97 461 355 373 417 88 322 500 247 416 373 459 103 302 97 322 356 500 164 416
[dump] L10.moe    n=40960   finite=1 absmax=0.31698      mean=-9.5511e-05  sumsq=4.070736711        argmax=21
[dump]   top0 idx=21 val=0.08801
[dump]   top1 idx=1912 val=0.08341
[dump]   top2 idx=579 val=0.06381
[dump]   top3 idx=1500 val=0.06266
[dump]   top4 idx=788 val=0.05852
[dump] L10.res    n=327680  finite=1 absmax=56.74        mean=0.01159      sumsq=111611.7882        argmax=168965
[dump]   top0 idx=168965 val=11.64377
[dump]   top1 idx=165340 val=11.19047
[dump]   top2 idx=240645 val=10.84217
[dump]   top3 idx=271365 val=10.82899
[dump]   top4 idx=261848 val=10.77261
[dump] L11.hcmix  n=40960   finite=1 absmax=19.147       mean=0.011905     sumsq=5319.886418        argmax=12805
[dump]   top0 idx=12805 val=2.96935
[dump]   top1 idx=25605 val=2.88156
[dump]   top2 idx=1500 val=2.83833
[dump]   top3 idx=7685 val=2.83456
[dump]   top4 idx=17925 val=2.82414
[dump] L11.att    n=40960   finite=1 absmax=2.7989       mean=0.00016584   sumsq=559.4721487        argmax=2311
[dump]   top0 idx=2311 val=2.79891
[dump]   top1 idx=47 val=2.36012
[dump]   top2 idx=1795 val=1.75480
[dump]   top3 idx=2307 val=1.59748
[dump]   top4 idx=86 val=1.42347
[dump] L11.ffnxn  n=163840  finite=1 absmax=38.907       mean=0.027832     sumsq=172188.474         argmax=1500
[dump]   top0 idx=1500 val=12.50838
[dump]   top1 idx=98008 val=12.49117
[dump]   top2 idx=67288 val=12.05528
[dump]   top3 idx=108248 val=11.97643
[dump]   top4 idx=128728 val=11.74359
[dump] L11.fmix   n=40960   finite=1 absmax=2.6839       mean=0.016493     sumsq=9657.297922        argmax=4046
[dump]   top0 idx=4046 val=2.68394
[dump]   top1 idx=17813 val=2.47859
[dump]   top2 idx=33911 val=2.31721
[dump]   top3 idx=30613 val=2.22674
[dump]   top4 idx=4060 val=2.02676
[dump] L11.mid    n=160     finite=1 absmax=0 mean=0 sumsq=0 ids: 130 163 104 393 430 108 268 424 361 417 418 350 163 261 273 240 30 477 108 397 240 163 323 223 30 268 418 508 211 23 482 108 418 323 350 430 461 163 268 84 285 461 323 174 108 23 418 36 430 211 108 201 323 350 418 508 120 500 461 457 323 108 36 418 482 27 360 211 219 166 323 108 418 120 350 384 7 268 492 430 418 120 323 350 360 430 384 108 35 331 418 108 323 120 350 384 97 164 430 35 418 108 23 430 485 323 508 273 317 350 323 418 508 261 120 98 166 268 273 163 323 418 508 457 108 261 166 273 120 163 323 418 508 166 430 249 273 500 261 371 166 418 430 323 508 249 371 108 151 273 166 418 240 430 323 6 453 249 151 348
[dump] L11.moe    n=40960   finite=1 absmax=0.059829     mean=-5.1878e-05  sumsq=3.468173317        argmax=29177
[dump]   top0 idx=29177 val=0.05464
[dump]   top1 idx=30507 val=0.04724
[dump]   top2 idx=33138 val=0.04671
[dump]   top3 idx=28783 val=0.04584
[dump]   top4 idx=29275 val=0.04544
[dump] L11.res    n=327680  finite=1 absmax=37.316       mean=0.015673     sumsq=210901.1536        argmax=261848
[dump]   top0 idx=261848 val=15.67131
[dump]   top1 idx=231128 val=15.12466
[dump]   top2 idx=272088 val=15.02550
[dump]   top3 idx=165340 val=14.82518
[dump]   top4 idx=292568 val=14.73372
[dump] L12.hcmix  n=40960   finite=1 absmax=19.025       mean=0.015744     sumsq=12191.97689        argmax=1500
[dump]   top0 idx=1500 val=9.07461
[dump]   top1 idx=17813 val=3.72475
[dump]   top2 idx=10157 val=3.35275
[dump]   top3 idx=7573 val=3.32033
[dump]   top4 idx=26805 val=3.27852
[dump] L12.att    n=40960   finite=1 absmax=0.60557      mean=-0.0014999   sumsq=176.5302742        argmax=2311
[dump]   top0 idx=2311 val=0.60557
[dump]   top1 idx=16353 val=0.56401
[dump]   top2 idx=914 val=0.50782
[dump]   top3 idx=359 val=0.42062
[dump]   top4 idx=34008 val=0.37705
[dump] L12.ffnxn  n=163840  finite=1 absmax=43.256       mean=0.025199     sumsq=204787.2179        argmax=98008
[dump]   top0 idx=98008 val=11.65320
[dump]   top1 idx=67288 val=11.24660
[dump]   top2 idx=108248 val=11.17258
[dump]   top3 idx=128728 val=10.95725
[dump]   top4 idx=159448 val=10.94641
[dump] L12.fmix   n=40960   finite=1 absmax=3.1335       mean=0.014186     sumsq=10084.33765        argmax=36536
[dump]   top0 idx=36536 val=2.41414
[dump]   top1 idx=10171 val=2.34038
[dump]   top2 idx=7573 val=2.32799
[dump]   top3 idx=27994 val=2.19168
[dump]   top4 idx=14588 val=2.12372
[dump] L12.mid    n=160     finite=1 absmax=0 mean=0 sumsq=0 ids: 28 139 433 283 201 386 300 474 421 277 352 139 229 52 421 277 214 101 474 366 141 352 120 18 139 110 136 496 307 1 352 101 52 139 277 81 390 381 150 327 118 352 393 282 101 165 52 433 219 422 52 277 352 219 390 386 421 9 392 150 214 229 52 352 133 504 141 139 43 381 352 52 503 386 130 215 451 393 139 219 352 52 189 43 139 422 381 133 126 229 52 43 139 352 170 366 381 448 421 229 421 352 52 54 161 45 286 422 136 433 421 0 422 368 433 52 81 352 366 21 0 421 366 214 433 133 52 368 352 283 0 421 433 366 21 63 172 368 201 52 421 0 52 433 460 63 275 256 114 368 352 433 275 0 504 282 368 482 52 214
[dump] L12.moe    n=40960   finite=1 absmax=0.052047     mean=2.3062e-05   sumsq=3.316451408        argmax=13467
[dump]   top0 idx=13467 val=0.05205
[dump]   top1 idx=40853 val=0.05000
[dump]   top2 idx=30613 val=0.04768
[dump]   top3 idx=39383 val=0.04658
[dump]   top4 idx=7573 val=0.04591
[dump] L12.res    n=327680  finite=1 absmax=22.353       mean=0.01455      sumsq=212775.6352        argmax=165340
[dump]   top0 idx=165340 val=13.88620
[dump]   top1 idx=261848 val=12.49120
[dump]   top2 idx=231128 val=12.05161
[dump]   top3 idx=272088 val=11.96884
[dump]   top4 idx=292568 val=11.74527
[dump] L13.hcmix  n=40960   finite=1 absmax=4.9361       mean=0.013271     sumsq=12736.62103        argmax=7573
[dump]   top0 idx=7573 val=4.75230
[dump]   top1 idx=12693 val=4.33692
[dump]   top2 idx=17813 val=4.19332
[dump]   top3 idx=30613 val=3.55354
[dump]   top4 idx=20373 val=3.43457
[dump] L13.att    n=40960   finite=1 absmax=0.32238      mean=-0.00089072  sumsq=72.48272514        argmax=39351
[dump]   top0 idx=39351 val=0.32238
[dump]   top1 idx=26551 val=0.26171
[dump]   top2 idx=23991 val=0.26064
[dump]   top3 idx=28888 val=0.24367
[dump]   top4 idx=21431 val=0.24286
[dump] L13.ffnxn  n=163840  finite=1 absmax=45.721       mean=0.016271     sumsq=180556.9041        argmax=98008
[dump]   top0 idx=98008 val=13.39633
[dump]   top1 idx=1500 val=13.14843
[dump]   top2 idx=67288 val=12.91769
[dump]   top3 idx=108248 val=12.82992
[dump]   top4 idx=128728 val=12.59416
[dump] L13.fmix   n=40960   finite=1 absmax=3.0976       mean=0.0044724    sumsq=8956.251577        argmax=7573
[dump]   top0 idx=7573 val=3.09758
[dump]   top1 idx=17813 val=3.05911
[dump]   top2 idx=1500 val=2.97027
[dump]   top3 idx=30613 val=2.86814
[dump]   top4 idx=4046 val=2.59760
[dump] L13.mid    n=160     finite=1 absmax=0 mean=0 sumsq=0 ids: 293 68 466 366 268 219 145 224 67 400 387 273 148 290 91 93 50 468 250 68 290 387 148 394 250 64 330 468 273 36 387 273 148 290 93 91 221 267 354 368 148 290 250 118 508 64 273 394 81 66 387 290 273 148 118 93 468 508 296 338 118 394 290 325 338 148 185 273 508 387 118 273 387 290 265 93 81 325 259 451 290 273 387 504 118 93 16 485 24 346 273 387 118 265 91 290 93 259 389 148 273 290 118 387 148 91 64 259 265 250 259 265 387 273 274 97 91 468 118 290 259 265 438 387 118 468 91 97 290 451 259 468 387 265 97 357 273 93 451 418 259 265 468 387 118 273 91 385 357 399 259 265 338 118 468 290 249 91 387 273
[dump] L13.moe    n=40960   finite=1 absmax=0.15809      mean=0.00013286   sumsq=5.399819297        argmax=1716
[dump]   top0 idx=1716 val=0.09550
[dump]   top1 idx=1301 val=0.08840
[dump]   top2 idx=2035 val=0.07985
[dump]   top3 idx=579 val=0.06885
[dump]   top4 idx=1912 val=0.06880
[dump] L13.res    n=327680  finite=1 absmax=27.091       mean=0.014984     sumsq=236209.2113        argmax=165340
[dump]   top0 idx=165340 val=15.13514
[dump]   top1 idx=323511 val=13.48192
[dump]   top2 idx=262071 val=13.09085
[dump]   top3 idx=261848 val=13.07806
[dump]   top4 idx=231128 val=12.61078
[dump] L14.hcmix  n=40960   finite=1 absmax=7.9353       mean=0.016791     sumsq=11353.11772        argmax=1500
[dump]   top0 idx=1500 val=7.93532
[dump]   top1 idx=17813 val=4.80402
[dump]   top2 idx=12035 val=3.52573
[dump]   top3 idx=27395 val=3.40730
[dump]   top4 idx=15277 val=3.36371
[dump] L14.att    n=40960   finite=1 absmax=2.0705       mean=-0.0010755   sumsq=225.835806         argmax=138
[dump]   top0 idx=138 val=0.79500
[dump]   top1 idx=788 val=0.75681
[dump]   top2 idx=679 val=0.66463
[dump]   top3 idx=2162 val=0.64877
[dump]   top4 idx=1603 val=0.64695
[dump] L14.ffnxn  n=163840  finite=1 absmax=35.02        mean=0.022206     sumsq=263976.1572        argmax=68577
[dump]   top0 idx=68577 val=15.77942
[dump]   top1 idx=98008 val=15.09125
[dump]   top2 idx=67288 val=14.54324
[dump]   top3 idx=108248 val=14.45094
[dump]   top4 idx=1500 val=14.28883
[dump] L14.fmix   n=40960   finite=1 absmax=6.641        mean=0.0075596    sumsq=9944.826047        argmax=1500
[dump]   top0 idx=1500 val=3.66841
[dump]   top1 idx=4046 val=2.94098
[dump]   top2 idx=788 val=2.72594
[dump]   top3 idx=47 val=2.58746
[dump]   top4 idx=11241 val=2.51283
[dump] L14.mid    n=160     finite=1 absmax=0 mean=0 sumsq=0 ids: 398 165 326 266 29 17 151 40 138 339 506 138 165 409 40 14 417 398 326 473 227 40 463 414 372 246 370 459 107 407 165 409 14 473 506 205 417 138 308 326 376 290 280 360 223 5 22 463 385 162 14 409 12 290 398 417 308 506 138 370 339 40 488 9 495 266 136 2 49 108 409 234 14 473 290 506 441 398 12 231 339 40 29 176 266 488 280 495 9 180 180 266 40 495 312 108 492 9 2 280 409 473 498 280 370 506 439 227 14 460 49 40 339 266 282 495 252 136 2 244 40 49 168 244 136 409 108 138 506 500 244 335 506 473 151 100 409 108 398 482 335 244 100 506 482 473 151 409 510 402 244 100 482 40 266 29 407 168 510 67
[dump] L14.moe    n=40960   finite=1 absmax=0.13416      mean=7.5626e-06   sumsq=2.982944179        argmax=1500
[dump]   top0 idx=1500 val=0.13411
[dump]   top1 idx=793 val=0.07458
[dump]   top2 idx=788 val=0.06855
[dump]   top3 idx=1094 val=0.06847
[dump]   top4 idx=2433 val=0.05387
[dump] L14.res    n=327680  finite=1 absmax=33.151       mean=0.010731     sumsq=112634.5197        argmax=261848
[dump]   top0 idx=261848 val=11.76019
[dump]   top1 idx=272088 val=11.67206
[dump]   top2 idx=231128 val=11.66160
[dump]   top3 idx=323288 val=11.37087
[dump]   top4 idx=292568 val=11.29696
[dump] L15.hcmix  n=40960   finite=1 absmax=10.49        mean=0.0057123    sumsq=3103.888453        argmax=1500
[dump]   top0 idx=1500 val=1.90031
[dump]   top1 idx=17813 val=1.79244
[dump]   top2 idx=27395 val=1.58626
[dump]   top3 idx=33947 val=1.55956
[dump]   top4 idx=15277 val=1.52302
[dump] L15.att    n=40960   finite=1 absmax=1.3229       mean=-0.0026377   sumsq=249.166221         argmax=2311
[dump]   top0 idx=2311 val=1.32294
[dump]   top1 idx=892 val=1.02019
[dump]   top2 idx=2307 val=0.68676
[dump]   top3 idx=1795 val=0.55975
[dump]   top4 idx=1947 val=0.50169
[dump] L15.ffnxn  n=163840  finite=1 absmax=61.56        mean=0.021516     sumsq=458781.8971        argmax=98008
[dump]   top0 idx=98008 val=40.64743
[dump]   top1 idx=108248 val=40.39348
[dump]   top2 idx=67288 val=40.30960
[dump]   top3 idx=159448 val=39.33929
[dump]   top4 idx=128728 val=39.02645
[dump] L15.fmix   n=40960   finite=1 absmax=6.8887       mean=0.005609     sumsq=21413.25103        argmax=5848
[dump]   top0 idx=5848 val=6.88875
[dump]   top1 idx=10968 val=5.32287
[dump]   top2 idx=28888 val=5.27165
[dump]   top3 idx=18648 val=5.15398
[dump]   top4 idx=21208 val=5.00454
[dump] L15.mid    n=160     finite=1 absmax=0 mean=0 sumsq=0 ids: 283 174 188 38 342 103 215 330 177 107 494 207 501 199 50 156 39 263 289 318 207 219 453 31 127 263 53 455 23 154 207 61 405 219 399 288 303 426 234 406 207 236 453 116 388 16 405 406 319 326 207 426 32 50 406 192 302 219 399 288 302 207 280 453 388 246 288 179 236 134 134 406 32 219 207 314 426 192 399 281 343 134 119 263 487 426 427 511 204 222 405 343 303 207 426 311 446 134 288 494 228 405 303 343 406 192 53 263 311 408 405 494 174 207 311 204 134 289 50 303 174 303 288 405 423 192 311 50 39 98 174 303 289 207 405 494 192 283 50 288 289 405 174 322 494 156 303 192 177 33 174 303 405 12 423 289 71 156 432 280
[dump] L15.moe    n=40960   finite=1 absmax=0.29284      mean=2.0688e-05   sumsq=8.841730674        argmax=1716
[dump]   top0 idx=1716 val=0.14310
[dump]   top1 idx=138 val=0.11801
[dump]   top2 idx=1736 val=0.08286
[dump]   top3 idx=1984 val=0.08060
[dump]   top4 idx=562 val=0.07897
[dump] L15.res    n=327680  finite=1 absmax=28.894       mean=0.0101       sumsq=269632.9798        argmax=323511
[dump]   top0 idx=323511 val=14.07312
[dump]   top1 idx=170460 val=13.67021
[dump]   top2 idx=262071 val=13.50705
[dump]   top3 idx=272311 val=13.24976
[dump]   top4 idx=313271 val=13.14203
[dump] L16.hcmix  n=40960   finite=1 absmax=15.839       mean=0.0038773    sumsq=13030.85685        argmax=1500
[dump]   top0 idx=1500 val=9.39829
[dump]   top1 idx=7573 val=3.98252
[dump]   top2 idx=788 val=3.90634
[dump]   top3 idx=20373 val=3.62619
[dump]   top4 idx=1912 val=3.23714
[dump] L16.att    n=40960   finite=1 absmax=0.46348      mean=-0.00056359  sumsq=66.47264413        argmax=5081
[dump]   top0 idx=5081 val=0.33138
[dump]   top1 idx=16311 val=0.29624
[dump]   top2 idx=3553 val=0.29431
[dump]   top3 idx=11374 val=0.28525
[dump]   top4 idx=20527 val=0.26439
[dump] L16.ffnxn  n=163840  finite=1 absmax=63.267       mean=0.01482      sumsq=348086.1487        argmax=1500
[dump]   top0 idx=1500 val=20.34813
[dump]   top1 idx=98008 val=19.05386
[dump]   top2 idx=108248 val=18.95284
[dump]   top3 idx=67288 val=18.89755
[dump]   top4 idx=159448 val=18.43755
[dump] L16.fmix   n=40960   finite=1 absmax=3.8994       mean=0.0024014    sumsq=16702.40464        argmax=1500
[dump]   top0 idx=1500 val=3.89935
[dump]   top1 idx=5848 val=3.23188
[dump]   top2 idx=20158 val=2.96742
[dump]   top3 idx=11241 val=2.95101
[dump]   top4 idx=788 val=2.87499
[dump] L16.mid    n=160     finite=1 absmax=0 mean=0 sumsq=0 ids: 228 487 243 272 132 473 142 259 361 32 228 272 429 243 142 140 447 479 58 487 228 457 319 398 140 124 370 303 447 145 228 272 142 447 140 479 400 26 429 278 188 228 447 104 138 319 303 479 124 270 228 140 272 142 447 278 26 394 205 400 228 303 64 188 447 26 429 319 272 341 400 272 394 228 140 369 26 113 278 75 400 228 140 272 393 282 394 181 26 61 140 272 228 243 142 263 400 278 429 487 272 228 400 236 140 465 243 142 263 309 243 272 228 263 142 58 429 140 487 61 228 243 272 142 140 429 487 263 278 58 243 228 58 263 142 272 278 479 487 489 243 228 58 278 272 263 134 202 480 487 243 228 278 202 272 58 392 352 475 25
[dump] L16.moe    n=40960   finite=1 absmax=0.68942      mean=6.0901e-05   sumsq=11.63998216        argmax=2311
[dump]   top0 idx=2311 val=0.27223
[dump]   top1 idx=2366 val=0.20578
[dump]   top2 idx=472 val=0.18659
[dump]   top3 idx=138 val=0.18627
[dump]   top4 idx=627 val=0.17679
[dump] L16.res    n=327680  finite=1 absmax=37.494       mean=0.010412     sumsq=256076.1544        argmax=235413
[dump]   top0 idx=235413 val=13.52873
[dump]   top1 idx=170460 val=12.98611
[dump]   top2 idx=286613 val=12.07999
[dump]   top3 idx=261848 val=11.20561
[dump]   top4 idx=272088 val=11.14769
[dump] L17.hcmix  n=40960   finite=1 absmax=6.2674       mean=0.0098446    sumsq=13383.60143        argmax=17813
[dump]   top0 idx=17813 val=4.69770
[dump]   top1 idx=1500 val=4.13642
[dump]   top2 idx=7573 val=3.69492
[dump]   top3 idx=12693 val=3.50139
[dump]   top4 idx=10157 val=3.46291
[dump] L17.att    n=40960   finite=1 absmax=0.42136      mean=-0.0010453   sumsq=54.67169146        argmax=40384
[dump]   top0 idx=40384 val=0.22020
[dump]   top1 idx=39558 val=0.19116
[dump]   top2 idx=28337 val=0.19108
[dump]   top3 idx=2521 val=0.18998
[dump]   top4 idx=39204 val=0.18870
[dump] L17.ffnxn  n=163840  finite=1 absmax=41.395       mean=0.015129     sumsq=273900.6284        argmax=98008
[dump]   top0 idx=98008 val=14.69280
[dump]   top1 idx=108248 val=14.61662
[dump]   top2 idx=67288 val=14.57327
[dump]   top3 idx=159448 val=14.21014
[dump]   top4 idx=128728 val=14.09126
[dump] L17.fmix   n=40960   finite=1 absmax=3.5419       mean=0.0013539    sumsq=12475.91691        argmax=4046
[dump]   top0 idx=4046 val=3.54185
[dump]   top1 idx=39912 val=2.80371
[dump]   top2 idx=788 val=2.70213
[dump]   top3 idx=32206 val=2.51770
[dump]   top4 idx=39148 val=2.44780
[dump] L17.mid    n=160     finite=1 absmax=0 mean=0 sumsq=0 ids: 486 136 510 84 209 135 330 15 274 243 136 486 471 499 328 305 84 105 469 365 469 127 328 285 26 486 366 303 358 444 136 471 486 328 387 127 469 249 84 3 366 486 444 97 136 333 374 471 18 328 136 84 486 127 471 328 419 386 448 1 328 444 486 136 97 84 471 374 71 469 8 387 136 419 181 328 486 448 471 470 8 470 181 136 404 304 387 328 398 486 470 136 486 471 328 362 374 366 419 127 136 486 84 8 127 328 327 387 471 438 136 471 84 486 419 374 499 498 139 363 471 136 366 486 374 139 362 363 419 499 84 209 363 486 471 136 139 374 366 499 209 84 139 363 499 486 136 422 419 253 139 209 363 471 486 136 345 498 221 274
[dump] L17.moe    n=40960   finite=1 absmax=0.19042      mean=9.2762e-05   sumsq=3.031328625        argmax=1716
[dump]   top0 idx=1716 val=0.08790
[dump]   top1 idx=138 val=0.05680
[dump]   top2 idx=230 val=0.03889
[dump]   top3 idx=38713 val=0.03785
[dump]   top4 idx=192 val=0.03441
[dump] L17.res    n=327680  finite=1 absmax=32.843       mean=0.013026     sumsq=256290.8816        argmax=261848
[dump]   top0 idx=261848 val=15.08134
[dump]   top1 idx=272088 val=15.00398
[dump]   top2 idx=231128 val=14.95966
[dump]   top3 idx=323288 val=14.58669
[dump]   top4 idx=292568 val=14.46455
[dump] L18.hcmix  n=40960   finite=1 absmax=18.663       mean=0.01134      sumsq=13555.1415         argmax=1500
[dump]   top0 idx=1500 val=7.92726
[dump]   top1 idx=21685 val=4.05291
[dump]   top2 idx=26805 val=3.95959
[dump]   top3 idx=17813 val=3.90221
[dump]   top4 idx=30613 val=3.89089
[dump] L18.att    n=40960   finite=1 absmax=0.40744      mean=-0.00055563  sumsq=85.4916746         argmax=634
[dump]   top0 idx=634 val=0.40744
[dump]   top1 idx=38882 val=0.36846
[dump]   top2 idx=10722 val=0.36701
[dump]   top3 idx=5602 val=0.34311
[dump]   top4 idx=33762 val=0.33141
[dump] L18.ffnxn  n=163840  finite=1 absmax=29.818       mean=0.023386     sumsq=266118.1435        argmax=159671
[dump]   top0 idx=159671 val=13.68141
[dump]   top1 idx=98231 val=13.14416
[dump]   top2 idx=98008 val=12.93092
[dump]   top3 idx=108248 val=12.86544
[dump]   top4 idx=108471 val=12.85427
[dump] L18.fmix   n=40960   finite=1 absmax=3.929        mean=0.0098517    sumsq=11073.45499        argmax=17813
[dump]   top0 idx=17813 val=3.92896
[dump]   top1 idx=1500 val=3.47047
[dump]   top2 idx=7573 val=3.23536
[dump]   top3 idx=30613 val=2.97469
[dump]   top4 idx=10936 val=2.94461
[dump] L18.mid    n=160     finite=1 absmax=0 mean=0 sumsq=0 ids: 449 475 399 87 275 411 35 24 211 264 111 29 264 185 201 459 135 87 325 119 131 157 459 106 506 111 201 366 437 29 264 29 7 201 185 135 101 405 299 211 440 131 29 459 201 190 398 111 299 151 87 264 88 277 29 411 275 297 24 469 131 102 24 111 29 366 7 101 157 459 469 88 131 264 101 185 87 119 29 200 29 5 157 119 469 459 7 353 448 411 29 448 264 102 353 24 7 201 101 5 111 299 29 185 459 201 106 74 238 157 131 24 448 101 111 29 347 264 366 460 111 29 448 24 366 102 201 101 157 131 24 131 29 448 101 201 211 347 353 264 201 448 101 24 150 29 185 123 131 310 207 448 201 29 474 266 116 270 459 247
[dump] L18.moe    n=40960   finite=1 absmax=0.06467      mean=-0.00015736  sumsq=4.731719103        argmax=27086
[dump]   top0 idx=27086 val=0.06467
[dump]   top1 idx=21224 val=0.05261
[dump]   top2 idx=22933 val=0.05068
[dump]   top3 idx=35645 val=0.04996
[dump]   top4 idx=35544 val=0.04908
[dump] L18.res    n=327680  finite=1 absmax=22.782       mean=0.0076032    sumsq=122353.0109        argmax=261848
[dump]   top0 idx=261848 val=12.17580
[dump]   top1 idx=272088 val=12.10723
[dump]   top2 idx=231128 val=12.07703
[dump]   top3 idx=323288 val=11.77577
[dump]   top4 idx=292568 val=11.67753
[dump] L19.hcmix  n=40960   finite=1 absmax=11.295       mean=0.0048179    sumsq=4873.737938        argmax=17813
[dump]   top0 idx=17813 val=2.66223
[dump]   top1 idx=30613 val=2.66103
[dump]   top2 idx=7573 val=2.40071
[dump]   top3 idx=38882 val=2.03155
[dump]   top4 idx=15842 val=1.99130
[dump] L19.att    n=40960   finite=1 absmax=1.6931       mean=0.00063423   sumsq=350.1015826        argmax=892
[dump]   top0 idx=892 val=1.53891
[dump]   top1 idx=1736 val=1.17177
[dump]   top2 idx=2238 val=1.14868
[dump]   top3 idx=2307 val=1.01664
[dump]   top4 idx=1795 val=0.83080
[dump] L19.ffnxn  n=163840  finite=1 absmax=42.655       mean=0.015241     sumsq=284596.2217        argmax=159671
[dump]   top0 idx=159671 val=16.40654
[dump]   top1 idx=98231 val=15.76550
[dump]   top2 idx=108471 val=15.47977
[dump]   top3 idx=149431 val=15.28240
[dump]   top4 idx=118711 val=15.00656
[dump] L19.fmix   n=40960   finite=1 absmax=4.0701       mean=0.0060798    sumsq=14717.46691        argmax=4046
[dump]   top0 idx=4046 val=4.07008
[dump]   top1 idx=12035 val=3.08987
[dump]   top2 idx=6606 val=2.89721
[dump]   top3 idx=3873 val=2.83863
[dump]   top4 idx=32206 val=2.82015
[dump] L19.mid    n=160     finite=1 absmax=0 mean=0 sumsq=0 ids: 406 360 413 162 170 434 31 173 293 377 3 434 377 161 342 472 9 188 453 222 56 259 455 309 222 161 434 70 229 91 3 31 357 377 70 170 222 472 161 342 70 161 259 472 74 381 56 150 434 375 3 368 357 9 74 501 150 8 222 375 472 375 161 34 56 49 364 434 70 3 3 368 397 86 31 472 222 455 103 52 397 291 161 222 472 193 368 3 455 309 375 472 3 291 222 397 9 31 193 434 222 375 170 472 31 357 455 377 161 150 222 472 31 150 375 267 3 121 315 173 375 472 315 3 121 31 222 434 377 173 31 121 490 162 470 173 3 103 377 472 31 173 121 162 472 388 14 377 490 103 31 375 472 121 434 162 315 161 56 173
[dump] L19.moe    n=40960   finite=1 absmax=0.082351     mean=0.00033594   sumsq=6.546377904        argmax=29940
[dump]   top0 idx=29940 val=0.08162
[dump]   top1 idx=29672 val=0.07472
[dump]   top2 idx=29931 val=0.07448
[dump]   top3 idx=28571 val=0.07182
[dump]   top4 idx=30058 val=0.06702
[dump] L19.res    n=327680  finite=1 absmax=38.551       mean=0.014663     sumsq=283440.9856        argmax=323511
[dump]   top0 idx=323511 val=15.91671
[dump]   top1 idx=262071 val=15.29444
[dump]   top2 idx=272311 val=15.01088
[dump]   top3 idx=313271 val=14.82250
[dump]   top4 idx=282551 val=14.57411
[dump] L20.hcmix  n=40960   finite=1 absmax=20.907       mean=0.0056573    sumsq=12674.65183        argmax=1500
[dump]   top0 idx=1500 val=7.04087
[dump]   top1 idx=1736 val=4.44262
[dump]   top2 idx=47 val=3.67312
[dump]   top3 idx=29111 val=3.24984
[dump]   top4 idx=788 val=3.23173
[dump] L20.att    n=40960   finite=1 absmax=5.7976       mean=0.00018177   sumsq=438.8876456        argmax=2238
[dump]   top0 idx=2238 val=3.24820
[dump]   top1 idx=403 val=3.01931
[dump]   top2 idx=1500 val=2.59770
[dump]   top3 idx=1827 val=1.77840
[dump]   top4 idx=1132 val=1.47743
[dump] L20.ffnxn  n=163840  finite=1 absmax=46.053       mean=0.032244     sumsq=433423.0872        argmax=1500
[dump]   top0 idx=1500 val=23.12619
[dump]   top1 idx=19406 val=16.32807
[dump]   top2 idx=159671 val=15.92058
[dump]   top3 idx=98231 val=15.42873
[dump]   top4 idx=149431 val=15.02349
[dump] L20.fmix   n=40960   finite=1 absmax=6.3275       mean=0.017359     sumsq=19846.72902        argmax=4046
[dump]   top0 idx=4046 val=6.32752
[dump]   top1 idx=6606 val=4.42581
[dump]   top2 idx=32206 val=4.12067
[dump]   top3 idx=16846 val=3.62174
[dump]   top4 idx=14245 val=3.45339
[dump] L20.mid    n=160     finite=1 absmax=0 mean=0 sumsq=0 ids: 429 363 39 439 407 179 485 307 169 219 387 363 109 76 388 485 439 78 429 269 122 218 494 26 154 158 326 488 216 39 363 40 485 109 110 242 146 134 387 313 146 358 187 109 134 242 40 125 39 96 491 54 306 4 363 485 481 242 219 496 146 243 485 387 134 218 229 369 39 242 491 481 244 387 306 341 485 59 54 44 59 481 491 63 49 137 387 341 127 110 387 485 258 59 330 168 25 233 363 243 387 339 363 109 495 26 485 148 218 255 387 258 168 25 39 485 154 248 442 330 387 25 258 168 330 485 358 442 265 248 387 168 442 179 485 185 258 25 410 307 387 179 442 168 278 18 485 265 26 370 387 262 179 442 25 125 168 258 185 119
[dump] L20.moe    n=40960   finite=1 absmax=0.092066     mean=3.3292e-05   sumsq=8.1465996          argmax=35401
[dump]   top0 idx=35401 val=0.07442
[dump]   top1 idx=32702 val=0.06448
[dump]   top2 idx=29228 val=0.06430
[dump]   top3 idx=31960 val=0.06382
[dump]   top4 idx=30811 val=0.06298
[dump] L20.res    n=327680  finite=1 absmax=45.412       mean=0.022334     sumsq=333160.8765        argmax=170460
[dump]   top0 idx=170460 val=19.22202
[dump]   top1 idx=267881 val=13.66945
[dump]   top2 idx=235413 val=13.49428
[dump]   top3 idx=261848 val=12.66100
[dump]   top4 idx=288361 val=12.60801
[dump] L21.hcmix  n=40960   finite=1 absmax=14.328       mean=0.033451     sumsq=13868.82892        argmax=1500
[dump]   top0 idx=1500 val=7.33340
[dump]   top1 idx=1736 val=4.73139
[dump]   top2 idx=1827 val=4.47253
[dump]   top3 idx=21685 val=4.10421
[dump]   top4 idx=1912 val=4.09488
[dump] L21.att    n=40960   finite=1 absmax=0.85546      mean=0.00039105   sumsq=33.20933196        argmax=2238
[dump]   top0 idx=2238 val=0.53874
[dump]   top1 idx=30912 val=0.33620
[dump]   top2 idx=33472 val=0.31600
[dump]   top3 idx=16353 val=0.31439
[dump]   top4 idx=2537 val=0.30248
[dump] L21.ffnxn  n=163840  finite=1 absmax=41.983       mean=0.047847     sumsq=406290.7089        argmax=1500
[dump]   top0 idx=1500 val=16.20757
[dump]   top1 idx=98008 val=16.12333
[dump]   top2 idx=108248 val=16.02210
[dump]   top3 idx=67288 val=15.99553
[dump]   top4 idx=159448 val=15.59573
[dump] L21.fmix   n=40960   finite=1 absmax=4.6634       mean=0.033384     sumsq=17848.52422        argmax=4046
[dump]   top0 idx=4046 val=4.57142
[dump]   top1 idx=10871 val=4.18098
[dump]   top2 idx=10936 val=4.04883
[dump]   top3 idx=3873 val=3.74459
[dump]   top4 idx=5751 val=3.63805
[dump] L21.mid    n=160     finite=1 absmax=0 mean=0 sumsq=0 ids: 72 255 379 25 267 297 128 190 507 420 255 379 128 25 306 369 118 426 19 150 128 451 372 64 25 312 306 507 19 254 255 306 379 265 511 278 150 25 128 19 128 48 278 51 25 60 346 484 306 359 25 302 379 131 255 134 297 406 472 142 128 19 25 484 29 278 385 302 346 336 25 480 297 446 51 360 302 19 427 260 118 352 166 25 306 19 85 484 427 57 352 118 57 25 369 19 313 306 166 346 25 255 379 317 128 278 19 118 346 191 369 346 19 25 57 128 313 118 131 507 369 57 19 118 128 346 484 153 25 142 346 313 469 369 420 255 57 131 498 418 346 313 321 420 369 255 418 57 469 118 369 313 346 57 420 321 471 118 469 128
[dump] L21.moe    n=40960   finite=1 absmax=0.079056     mean=0.00017741   sumsq=7.221062421        argmax=24921
[dump]   top0 idx=24921 val=0.07906
[dump]   top1 idx=30592 val=0.06543
[dump]   top2 idx=28558 val=0.06079
[dump]   top3 idx=40723 val=0.06012
[dump]   top4 idx=37212 val=0.05847
[dump] L21.res    n=327680  finite=1 absmax=43.702       mean=0.015369     sumsq=275009.3407        argmax=170460
[dump]   top0 idx=170460 val=19.86214
[dump]   top1 idx=168965 val=19.39982
[dump]   top2 idx=240645 val=19.39630
[dump]   top3 idx=271365 val=19.36744
[dump]   top4 idx=209925 val=18.62214
[dump] L22.hcmix  n=40960   finite=1 absmax=22.861       mean=0.018584     sumsq=12492.3203         argmax=1500
[dump]   top0 idx=1500 val=9.62363
[dump]   top1 idx=5 val=4.85439
[dump]   top2 idx=25605 val=4.78352
[dump]   top3 idx=17925 val=4.78060
[dump]   top4 idx=10245 val=4.59264
[dump] L22.att    n=40960   finite=1 absmax=1.942        mean=0.00065178   sumsq=136.7521893        argmax=793
[dump]   top0 idx=793 val=1.94200
[dump]   top1 idx=1500 val=1.34067
[dump]   top2 idx=25868 val=1.04159
[dump]   top3 idx=23308 val=0.94916
[dump]   top4 idx=28428 val=0.92928
[dump] L22.ffnxn  n=163840  finite=1 absmax=34.984       mean=0.050285     sumsq=453449.3795        argmax=48495
[dump]   top0 idx=48495 val=18.08093
[dump]   top1 idx=149176 val=16.39600
[dump]   top2 idx=128728 val=16.32494
[dump]   top3 idx=108248 val=16.01438
[dump]   top4 idx=118488 val=15.86006
[dump] L22.fmix   n=40960   finite=1 absmax=4.9584       mean=0.031557     sumsq=16213.58376        argmax=10936
[dump]   top0 idx=10936 val=4.49655
[dump]   top1 idx=36536 val=4.42394
[dump]   top2 idx=12655 val=4.15227
[dump]   top3 idx=10871 val=3.49336
[dump]   top4 idx=17813 val=3.37533
[dump] L22.mid    n=160     finite=1 absmax=0 mean=0 sumsq=0 ids: 317 309 283 32 456 206 205 57 446 287 305 376 188 402 164 279 425 51 484 50 188 460 488 13 396 318 187 265 232 50 464 51 352 384 488 145 425 396 460 244 460 13 244 306 183 384 396 482 193 32 235 341 309 206 205 347 462 104 425 393 454 460 488 396 7 487 27 50 117 244 241 291 106 124 425 83 388 360 365 375 504 50 425 400 365 83 265 388 488 486 504 460 50 279 454 400 301 438 487 488 87 153 117 55 173 71 329 89 452 182 460 117 244 331 483 116 239 164 438 50 483 117 188 51 164 438 454 13 113 116 173 287 483 355 412 457 143 262 301 170 370 168 459 429 323 254 262 137 173 320 286 260 354 483 209 25 173 44 14 94
[dump] L22.moe    n=40960   finite=1 absmax=0.11594      mean=6.3542e-06   sumsq=6.299251063        argmax=26320
[dump]   top0 idx=26320 val=0.11160
[dump]   top1 idx=27937 val=0.10039
[dump]   top2 idx=26399 val=0.08445
[dump]   top3 idx=26441 val=0.06344
[dump]   top4 idx=28880 val=0.06302
[dump] L22.res    n=327680  finite=1 absmax=26.826       mean=0.01234      sumsq=177864.9824        argmax=169753
[dump]   top0 idx=169753 val=26.82582
[dump]   top1 idx=170460 val=22.69347
[dump]   top2 idx=189445 val=13.69107
[dump]   top3 idx=240645 val=13.52509
[dump]   top4 idx=322565 val=13.38792
[dump] L23.hcmix  n=40960   finite=1 absmax=7.8323       mean=0.011914     sumsq=4346.366463        argmax=1500
[dump]   top0 idx=1500 val=7.83229
[dump]   top1 idx=793 val=6.70645
[dump]   top2 idx=17925 val=3.28758
[dump]   top3 idx=5125 val=3.24917
[dump]   top4 idx=38405 val=3.20234
[dump] L23.att    n=40960   finite=1 absmax=0.67986      mean=0.0036644    sumsq=299.9976819        argmax=21537
[dump]   top0 idx=21537 val=0.58349
[dump]   top1 idx=28719 val=0.56035
[dump]   top2 idx=36399 val=0.54878
[dump]   top3 idx=12104 val=0.53246
[dump]   top4 idx=36103 val=0.51869
[dump] L23.ffnxn  n=163840  finite=1 absmax=65.243       mean=0.036586     sumsq=563924.3315        argmax=1500
[dump]   top0 idx=1500 val=30.33127
[dump]   top1 idx=138802 val=19.23296
[dump]   top2 idx=36841 val=18.76812
[dump]   top3 idx=128562 val=18.01777
[dump]   top4 idx=15922 val=17.68916
[dump] L23.fmix   n=40960   finite=1 absmax=5.7201       mean=0.02111      sumsq=24537.32614        argmax=8681
[dump]   top0 idx=8681 val=5.72010
[dump]   top1 idx=25380 val=3.87322
[dump]   top2 idx=21886 val=3.70393
[dump]   top3 idx=1500 val=3.62247
[dump]   top4 idx=11929 val=3.60014
[dump] L23.mid    n=160     finite=1 absmax=0 mean=0 sumsq=0 ids: 356 285 389 299 430 244 334 494 42 457 356 42 285 506 199 99 299 354 45 355 356 506 45 99 385 48 355 459 161 439 356 307 99 42 355 264 161 349 306 376 356 99 367 342 109 53 500 61 506 128 356 372 480 336 314 82 367 45 36 494 99 104 228 53 297 109 219 50 356 349 356 480 375 314 367 45 372 161 21 320 356 128 21 375 480 320 355 171 243 469 356 406 128 480 219 273 375 355 477 243 356 128 477 442 161 21 297 506 320 199 356 318 215 128 61 353 110 297 334 477 356 128 32 353 89 110 53 477 186 77 356 128 127 233 480 110 334 492 477 56 356 128 233 425 110 127 354 451 334 60 356 233 109 128 166 340 12 41 180 411
[dump] L23.moe    n=40960   finite=1 absmax=0.087366     mean=-3.3513e-05  sumsq=12.76108255        argmax=23898
[dump]   top0 idx=23898 val=0.08648
[dump]   top1 idx=3023 val=0.08292
[dump]   top2 idx=4286 val=0.07626
[dump]   top3 idx=2949 val=0.07545
[dump]   top4 idx=5037 val=0.07477
[dump] L23.res    n=327680  finite=1 absmax=23.485       mean=0.023427     sumsq=273878.6643        argmax=232417
[dump]   top0 idx=232417 val=20.04154
[dump]   top1 idx=169753 val=16.28049
[dump]   top2 idx=170460 val=15.08015
[dump]   top3 idx=252085 val=12.35082
[dump]   top4 idx=235413 val=12.18596
[dump] L24.hcmix  n=40960   finite=1 absmax=7.1742       mean=0.03202      sumsq=12704.74023        argmax=17813
[dump]   top0 idx=17813 val=5.25352
[dump]   top1 idx=7573 val=4.65498
[dump]   top2 idx=5751 val=4.04082
[dump]   top3 idx=1500 val=3.85306
[dump]   top4 idx=21685 val=3.58537
[dump] L24.att    n=40960   finite=1 absmax=0.20552      mean=-3.7375e-05  sumsq=26.82753179        argmax=21685
[dump]   top0 idx=21685 val=0.20552
[dump]   top1 idx=11445 val=0.19521
[dump]   top2 idx=39693 val=0.16184
[dump]   top3 idx=29365 val=0.16071
[dump]   top4 idx=22911 val=0.15067
[dump] L24.ffnxn  n=163840  finite=1 absmax=28.68        mean=0.029301     sumsq=201745.8783        argmax=5913
[dump]   top0 idx=5913 val=15.26265
[dump]   top1 idx=128728 val=14.24555
[dump]   top2 idx=108248 val=14.03619
[dump]   top3 idx=118488 val=13.86254
[dump]   top4 idx=98008 val=13.74861
[dump] L24.fmix   n=40960   finite=1 absmax=5.5844       mean=0.025664     sumsq=12812.79821        argmax=1500
[dump]   top0 idx=1500 val=5.58435
[dump]   top1 idx=4046 val=3.14316
[dump]   top2 idx=17813 val=2.61665
[dump]   top3 idx=3873 val=2.59062
[dump]   top4 idx=7573 val=2.53512
[dump] L24.mid    n=160     finite=1 absmax=0 mean=0 sumsq=0 ids: 308 387 456 219 175 439 263 46 181 370 263 175 387 219 354 446 462 46 183 231 134 99 36 263 320 446 498 308 212 387 263 99 360 308 342 387 433 46 175 354 263 360 308 157 342 128 82 99 433 134 206 360 387 395 175 263 308 394 46 458 134 263 99 387 223 277 446 308 360 183 134 387 90 223 446 204 360 313 263 261 360 354 387 263 252 99 446 150 27 46 263 360 354 387 66 183 462 208 446 46 181 263 360 46 308 387 446 175 99 134 263 134 181 183 387 360 462 354 28 231 263 462 360 183 134 354 181 387 231 223 263 181 134 462 183 219 439 354 28 218 181 360 263 134 462 387 231 175 81 317 263 462 181 360 317 183 134 387 218 393
[dump] L24.moe    n=40960   finite=1 absmax=0.56697      mean=0.0001809    sumsq=7.025947753        argmax=422
[dump]   top0 idx=422 val=0.28438
[dump]   top1 idx=403 val=0.08915
[dump]   top2 idx=2238 val=0.08664
[dump]   top3 idx=634 val=0.07260
[dump]   top4 idx=430 val=0.07248
[dump] L24.res    n=327680  finite=1 absmax=30.091       mean=0.014288     sumsq=200066.5615        argmax=169753
[dump]   top0 idx=169753 val=15.17015
[dump]   top1 idx=292568 val=14.15284
[dump]   top2 idx=272088 val=13.94485
[dump]   top3 idx=282328 val=13.77233
[dump]   top4 idx=261848 val=13.65914
[dump] L25.hcmix  n=40960   finite=1 absmax=12.991       mean=0.022329     sumsq=13310.87734        argmax=1500
[dump]   top0 idx=1500 val=7.91689
[dump]   top1 idx=7573 val=4.90696
[dump]   top2 idx=17813 val=4.31881
[dump]   top3 idx=12693 val=3.81254
[dump]   top4 idx=21685 val=3.76499
[dump] L25.att    n=40960   finite=1 absmax=0.4336       mean=0.00085056   sumsq=95.32939133        argmax=21473
[dump]   top0 idx=21473 val=0.43360
[dump]   top1 idx=29111 val=0.40515
[dump]   top2 idx=31671 val=0.39701
[dump]   top3 idx=8673 val=0.37745
[dump]   top4 idx=422 val=0.34223
[dump] L25.ffnxn  n=163840  finite=1 absmax=33.813       mean=0.04161      sumsq=262559.6512        argmax=128728
[dump]   top0 idx=128728 val=16.06918
[dump]   top1 idx=108248 val=15.81349
[dump]   top2 idx=118488 val=15.63205
[dump]   top3 idx=98008 val=15.50511
[dump]   top4 idx=67288 val=15.43382
[dump] L25.fmix   n=40960   finite=1 absmax=3.5584       mean=0.030844     sumsq=13357.57856        argmax=4046
[dump]   top0 idx=4046 val=3.55837
[dump]   top1 idx=1500 val=3.02361
[dump]   top2 idx=37981 val=2.49527
[dump]   top3 idx=230 val=2.49464
[dump]   top4 idx=7573 val=2.34166
[dump] L25.mid    n=160     finite=1 absmax=0 mean=0 sumsq=0 ids: 192 218 430 150 209 322 229 376 87 369 192 376 425 369 321 466 154 430 292 209 317 382 113 205 40 209 425 20 374 371 444 425 321 374 209 218 376 430 104 371 371 276 425 115 321 417 110 374 487 218 376 371 427 425 377 73 218 361 238 142 374 371 153 425 218 369 430 330 264 321 459 430 170 427 369 153 218 321 211 370 427 430 153 488 264 374 29 370 456 295 264 374 430 370 376 427 218 321 8 59 377 321 427 445 264 376 96 218 430 374 264 374 430 153 96 142 68 376 478 495 264 374 59 478 292 68 156 275 495 142 264 142 96 376 87 430 478 153 240 427 264 430 427 376 68 374 142 240 478 153 264 59 156 275 427 142 370 374 376 495
[dump] L25.moe    n=40960   finite=1 absmax=0.047591     mean=3.7465e-05   sumsq=3.662001306        argmax=22299
[dump]   top0 idx=22299 val=0.04759
[dump]   top1 idx=8682 val=0.04489
[dump]   top2 idx=34384 val=0.04145
[dump]   top3 idx=38302 val=0.04061
[dump]   top4 idx=24921 val=0.03869
[dump] L25.res    n=327680  finite=1 absmax=31.805       mean=0.016117     sumsq=226760.3869        argmax=169753
[dump]   top0 idx=169753 val=19.29029
[dump]   top1 idx=170460 val=18.35465
[dump]   top2 idx=292568 val=16.85705
[dump]   top3 idx=272088 val=16.59986
[dump]   top4 idx=282328 val=16.41206
[dump] L26.hcmix  n=40960   finite=1 absmax=14.463       mean=0.023864     sumsq=14404.85148        argmax=1500
[dump]   top0 idx=1500 val=9.82824
[dump]   top1 idx=793 val=4.93638
[dump]   top2 idx=17813 val=4.79446
[dump]   top3 idx=7573 val=4.37006
[dump]   top4 idx=10157 val=3.81910
[dump] L26.att    n=40960   finite=1 absmax=1.1496       mean=-0.0023273   sumsq=180.3184377        argmax=39128
[dump]   top0 idx=39128 val=0.44184
[dump]   top1 idx=39534 val=0.38607
[dump]   top2 idx=784 val=0.35846
[dump]   top3 idx=5848 val=0.34942
[dump]   top4 idx=2121 val=0.33864
[dump] L26.ffnxn  n=163840  finite=1 absmax=34.551       mean=0.023575     sumsq=197759.1479        argmax=5913
[dump]   top0 idx=5913 val=14.37502
[dump]   top1 idx=6620 val=13.87014
[dump]   top2 idx=1500 val=12.50896
[dump]   top3 idx=128728 val=12.47944
[dump]   top4 idx=159671 val=12.37741
[dump] L26.fmix   n=40960   finite=1 absmax=2.9736       mean=0.019094     sumsq=11624.19238        argmax=7573
[dump]   top0 idx=7573 val=2.88116
[dump]   top1 idx=17813 val=2.84803
[dump]   top2 idx=788 val=2.62628
[dump]   top3 idx=12655 val=2.42909
[dump]   top4 idx=30613 val=2.35913
[dump] L26.mid    n=160     finite=1 absmax=0 mean=0 sumsq=0 ids: 461 264 107 325 508 341 164 417 379 495 264 461 417 278 341 164 58 508 355 325 461 278 264 230 17 7 243 319 123 121 264 461 278 417 379 58 508 70 341 230 187 230 461 373 97 433 17 320 264 346 461 379 508 97 278 243 355 177 433 373 417 461 464 97 230 199 355 278 40 319 97 461 455 373 464 199 243 319 278 164 461 97 164 373 423 417 243 464 304 18 423 461 97 417 18 243 384 322 164 320 278 461 97 417 18 508 322 373 7 379 355 461 417 97 18 464 278 320 322 243 461 278 355 243 18 322 417 387 203 40 355 461 320 384 495 243 203 97 322 341 355 461 97 417 267 384 320 322 18 500 97 18 355 267 373 322 461 387 416 203
[dump] L26.moe    n=40960   finite=1 absmax=0.61419      mean=-3.0755e-05  sumsq=4.682966009        argmax=11726
[dump]   top0 idx=11726 val=0.05336
[dump]   top1 idx=422 val=0.04988
[dump]   top2 idx=8028 val=0.04894
[dump]   top3 idx=2324 val=0.04737
[dump]   top4 idx=579 val=0.04658
[dump] L26.res    n=327680  finite=1 absmax=64.003       mean=0.0089972    sumsq=119214.7784        argmax=169753
[dump]   top0 idx=169753 val=17.25475
[dump]   top1 idx=170460 val=14.88739
[dump]   top2 idx=292568 val=12.54123
[dump]   top3 idx=272088 val=12.35052
[dump]   top4 idx=282328 val=12.20887
[dump] L27.hcmix  n=40960   finite=1 absmax=30.783       mean=0.011248     sumsq=6177.690228        argmax=2565
[dump]   top0 idx=2565 val=2.73783
[dump]   top1 idx=5125 val=2.70260
[dump]   top2 idx=10245 val=2.66683
[dump]   top3 idx=17925 val=2.54716
[dump]   top4 idx=34008 val=2.53301
[dump] L27.att    n=40960   finite=1 absmax=3.4178       mean=0.00019942   sumsq=403.1274018        argmax=2311
[dump]   top0 idx=2311 val=3.41780
[dump]   top1 idx=47 val=1.30467
[dump]   top2 idx=1378 val=1.13045
[dump]   top3 idx=86 val=1.10750
[dump]   top4 idx=1795 val=1.06949
[dump] L27.ffnxn  n=163840  finite=1 absmax=38.231       mean=0.024804     sumsq=203491.0184        argmax=5913
[dump]   top0 idx=5913 val=15.84421
[dump]   top1 idx=128728 val=13.83858
[dump]   top2 idx=108248 val=13.62815
[dump]   top3 idx=6620 val=13.49989
[dump]   top4 idx=118488 val=13.47184
[dump] L27.fmix   n=40960   finite=1 absmax=3.3328       mean=0.020889     sumsq=12369.86684        argmax=4046
[dump]   top0 idx=4046 val=3.33281
[dump]   top1 idx=17813 val=2.96273
[dump]   top2 idx=16176 val=2.81967
[dump]   top3 idx=7573 val=2.77163
[dump]   top4 idx=18551 val=2.73519
[dump] L27.mid    n=160     finite=1 absmax=0 mean=0 sumsq=0 ids: 430 424 98 400 108 361 397 130 104 323 323 350 98 108 273 84 120 424 397 240 323 350 211 360 23 108 430 482 219 166 482 323 108 98 418 30 360 461 430 350 323 461 508 108 418 350 174 430 360 23 120 323 350 108 418 201 98 360 511 104 323 98 360 418 108 350 286 508 104 261 323 418 350 98 508 430 120 490 360 108 418 350 323 98 384 430 360 120 492 108 323 418 350 98 430 108 166 360 151 508 317 418 323 108 508 430 98 360 350 192 323 98 508 418 104 457 261 430 120 84 323 508 418 350 98 84 500 108 120 261 508 323 430 418 98 166 261 151 219 137 430 323 508 418 166 98 249 371 261 151 323 418 430 166 249 437 45 360 240 48
[dump] L27.moe    n=40960   finite=1 absmax=0.057945     mean=0.00024259   sumsq=4.430679356        argmax=30370
[dump]   top0 idx=30370 val=0.05618
[dump]   top1 idx=29990 val=0.05349
[dump]   top2 idx=29728 val=0.05057
[dump]   top3 idx=29282 val=0.04880
[dump]   top4 idx=29170 val=0.04790
[dump] L27.res    n=327680  finite=1 absmax=55.817       mean=0.01646      sumsq=242528.7331        argmax=170460
[dump]   top0 idx=170460 val=18.63190
[dump]   top1 idx=169753 val=18.22666
[dump]   top2 idx=292568 val=17.54537
[dump]   top3 idx=272088 val=17.27840
[dump]   top4 idx=282328 val=17.08045
[dump] L28.hcmix  n=40960   finite=1 absmax=30.992       mean=0.021378     sumsq=14620.3358         argmax=1500
[dump]   top0 idx=1500 val=10.70197
[dump]   top1 idx=788 val=4.31511
[dump]   top2 idx=47 val=3.78307
[dump]   top3 idx=7573 val=3.73561
[dump]   top4 idx=21685 val=3.43390
[dump] L28.att    n=40960   finite=1 absmax=0.6094       mean=-0.0018898   sumsq=100.2827939        argmax=2311
[dump]   top0 idx=2311 val=0.60940
[dump]   top1 idx=914 val=0.28096
[dump]   top2 idx=4544 val=0.23297
[dump]   top3 idx=36680 val=0.22346
[dump]   top4 idx=693 val=0.21958
[dump] L28.ffnxn  n=163840  finite=1 absmax=39.687       mean=0.027468     sumsq=243375.4472        argmax=5913
[dump]   top0 idx=5913 val=18.31936
[dump]   top1 idx=6620 val=13.66086
[dump]   top2 idx=128728 val=12.97369
[dump]   top3 idx=108248 val=12.77629
[dump]   top4 idx=118488 val=12.62992
[dump] L28.fmix   n=40960   finite=1 absmax=3.71         mean=0.020705     sumsq=13186.25439        argmax=36536
[dump]   top0 idx=36536 val=3.39947
[dump]   top1 idx=4046 val=3.22432
[dump]   top2 idx=17813 val=3.11552
[dump]   top3 idx=9908 val=3.05140
[dump]   top4 idx=7573 val=2.84808
[dump] L28.mid    n=160     finite=1 absmax=0 mean=0 sumsq=0 ids: 28 297 139 364 433 421 300 352 164 474 352 52 139 219 297 277 474 145 86 150 352 141 110 139 52 229 136 63 130 1 297 52 139 101 352 474 219 339 147 81 52 352 101 118 282 219 139 421 297 136 52 392 150 219 277 390 9 386 352 160 52 66 433 352 408 229 63 139 469 366 52 433 352 63 219 503 172 66 130 386 52 433 66 352 219 229 469 422 189 458 433 66 390 52 63 422 229 297 277 392 421 352 52 422 54 150 0 433 297 21 421 0 433 52 63 469 229 21 352 81 421 0 433 52 214 21 63 422 297 430 421 52 0 433 297 219 63 133 275 172 52 421 0 275 182 21 297 63 460 433 0 433 421 52 21 275 352 63 366 182
[dump] L28.moe    n=40960   finite=1 absmax=0.13383      mean=-8.729e-05   sumsq=4.481046946        argmax=2311
[dump]   top0 idx=2311 val=0.13383
[dump]   top1 idx=27542 val=0.05623
[dump]   top2 idx=40853 val=0.05599
[dump]   top3 idx=23707 val=0.04917
[dump]   top4 idx=39067 val=0.04817
[dump] L28.res    n=327680  finite=1 absmax=28.225       mean=0.012476     sumsq=242340.1017        argmax=169753
[dump]   top0 idx=169753 val=16.05636
[dump]   top1 idx=170460 val=15.68950
[dump]   top2 idx=183246 val=14.04995
[dump]   top3 idx=292568 val=13.52937
[dump]   top4 idx=272088 val=13.32363
[dump] L29.hcmix  n=40960   finite=1 absmax=5.8626       mean=0.015971     sumsq=15084.26233        argmax=7573
[dump]   top0 idx=7573 val=4.92951
[dump]   top1 idx=17813 val=4.07785
[dump]   top2 idx=12693 val=3.67096
[dump]   top3 idx=788 val=3.50355
[dump]   top4 idx=10157 val=3.36102
[dump] L29.att    n=40960   finite=1 absmax=0.21255      mean=0.0002662    sumsq=23.63333052        argmax=40195
[dump]   top0 idx=40195 val=0.21255
[dump]   top1 idx=39128 val=0.18035
[dump]   top2 idx=36568 val=0.16678
[dump]   top3 idx=11191 val=0.14256
[dump]   top4 idx=24835 val=0.14020
[dump] L29.ffnxn  n=163840  finite=1 absmax=43.221       mean=0.019567     sumsq=233774.6023        argmax=6620
[dump]   top0 idx=6620 val=17.56125
[dump]   top1 idx=5913 val=15.13095
[dump]   top2 idx=128728 val=14.73413
[dump]   top3 idx=160958 val=14.62510
[dump]   top4 idx=108248 val=14.51000
[dump] L29.fmix   n=40960   finite=1 absmax=4.0315       mean=0.0154       sumsq=14191.37758        argmax=4046
[dump]   top0 idx=4046 val=4.03150
[dump]   top1 idx=7573 val=3.98448
[dump]   top2 idx=788 val=3.76497
[dump]   top3 idx=17813 val=3.46079
[dump]   top4 idx=30613 val=3.33671
[dump] L29.mid    n=160     finite=1 absmax=0 mean=0 sumsq=0 ids: 293 466 68 387 262 400 285 337 54 451 387 290 273 148 330 93 250 504 162 337 290 148 387 273 325 16 394 250 330 93 148 290 250 387 273 330 91 265 93 267 290 118 148 273 508 250 387 265 312 259 387 290 148 93 273 317 91 296 259 118 259 387 290 265 250 118 273 325 338 296 259 387 118 273 290 265 93 325 440 274 387 259 290 265 273 22 91 312 148 118 387 259 290 273 22 148 97 265 93 91 118 387 273 290 259 265 250 148 469 93 259 387 273 290 265 97 438 325 342 453 342 438 259 265 387 273 290 451 93 468 279 259 325 389 93 273 265 185 387 97 387 273 259 93 118 265 342 290 463 438 259 438 342 279 97 265 387 468 118 22
[dump] L29.moe    n=40960   finite=1 absmax=0.14844      mean=0.00010392   sumsq=9.672633922        argmax=2311
[dump]   top0 idx=2311 val=0.14844
[dump]   top1 idx=29199 val=0.08387
[dump]   top2 idx=20969 val=0.07926
[dump]   top3 idx=21613 val=0.07758
[dump]   top4 idx=40696 val=0.07299
[dump] L29.res    n=327680  finite=1 absmax=32.069       mean=0.015079     sumsq=268312.2611        argmax=169753
[dump]   top0 idx=169753 val=18.87898
[dump]   top1 idx=323511 val=17.32892
[dump]   top2 idx=313271 val=17.32132
[dump]   top3 idx=282551 val=17.15058
[dump]   top4 idx=272311 val=16.66846
[dump] L30.hcmix  n=40960   finite=1 absmax=8.8708       mean=0.018681     sumsq=13514.06827        argmax=1500
[dump]   top0 idx=1500 val=8.87081
[dump]   top1 idx=788 val=4.45722
[dump]   top2 idx=7573 val=3.64689
[dump]   top3 idx=12693 val=3.53428
[dump]   top4 idx=1787 val=3.42507
[dump] L30.att    n=40960   finite=1 absmax=1.1661       mean=-0.0005534   sumsq=113.7279903        argmax=38882
[dump]   top0 idx=38882 val=0.48476
[dump]   top1 idx=1603 val=0.42597
[dump]   top2 idx=31713 val=0.39075
[dump]   top3 idx=21431 val=0.38096
[dump]   top4 idx=26082 val=0.36702
[dump] L30.ffnxn  n=163840  finite=1 absmax=31.744       mean=0.023262     sumsq=332576.7637        argmax=6620
[dump]   top0 idx=6620 val=16.89083
[dump]   top1 idx=128728 val=16.67883
[dump]   top2 idx=108248 val=16.42002
[dump]   top3 idx=118488 val=16.23673
[dump]   top4 idx=98008 val=16.12710
[dump] L30.fmix   n=40960   finite=1 absmax=7.3624       mean=0.015557     sumsq=19539.83858        argmax=4046
[dump]   top0 idx=4046 val=4.93066
[dump]   top1 idx=1500 val=3.74354
[dump]   top2 idx=788 val=3.69736
[dump]   top3 idx=8681 val=3.57754
[dump]   top4 idx=30613 val=3.05156
[dump] L30.mid    n=160     finite=1 absmax=0 mean=0 sumsq=0 ids: 165 151 398 326 331 506 40 137 138 417 506 165 138 14 326 500 409 111 398 280 95 414 280 409 506 14 311 227 234 338 205 165 280 223 506 318 398 498 106 259 376 280 5 223 81 409 22 463 335 318 14 308 409 151 234 290 506 12 110 129 506 138 111 11 335 151 205 181 212 398 506 138 14 335 441 212 409 86 6 154 335 506 138 280 11 212 473 111 441 439 11 138 506 14 111 280 335 498 212 398 181 473 409 506 370 129 64 6 439 280 506 11 398 138 181 151 335 282 49 136 506 138 212 11 335 409 128 40 500 473 181 335 506 280 212 151 79 11 415 398 181 506 335 326 86 82 11 244 212 415 244 335 506 11 100 128 482 510 398 181
[dump] L30.moe    n=40960   finite=1 absmax=0.065153     mean=0.00011825   sumsq=7.921416904        argmax=36714
[dump]   top0 idx=36714 val=0.06290
[dump]   top1 idx=34729 val=0.06067
[dump]   top2 idx=17713 val=0.05821
[dump]   top3 idx=35492 val=0.05555
[dump]   top4 idx=28798 val=0.05454
[dump] L30.res    n=327680  finite=1 absmax=28.706       mean=0.010593     sumsq=120465.2234        argmax=169753
[dump]   top0 idx=169753 val=15.91403
[dump]   top1 idx=292568 val=13.63386
[dump]   top2 idx=272088 val=13.43364
[dump]   top3 idx=282328 val=13.30897
[dump]   top4 idx=261848 val=13.20058
[dump] L31.hcmix  n=40960   finite=1 absmax=10.185       mean=0.0064592    sumsq=3531.947537        argmax=3288
[dump]   top0 idx=3288 val=2.13548
[dump]   top1 idx=23768 val=2.08612
[dump]   top2 idx=16088 val=2.08478
[dump]   top3 idx=28888 val=2.02035
[dump]   top4 idx=21208 val=2.00581
[dump] L31.att    n=40960   finite=1 absmax=0.76626      mean=-0.002738    sumsq=166.5447069        argmax=892
[dump]   top0 idx=892 val=0.76626
[dump]   top1 idx=2311 val=0.76051
[dump]   top2 idx=1795 val=0.47187
[dump]   top3 idx=3765 val=0.42543
[dump]   top4 idx=2121 val=0.39039
[dump] L31.ffnxn  n=163840  finite=1 absmax=58.394       mean=0.018391     sumsq=562939.759         argmax=128728
[dump]   top0 idx=128728 val=43.69374
[dump]   top1 idx=108248 val=43.04039
[dump]   top2 idx=118488 val=42.64702
[dump]   top3 idx=98008 val=42.30051
[dump]   top4 idx=67288 val=41.99088
[dump] L31.fmix   n=40960   finite=1 absmax=6.7076       mean=0.0070907    sumsq=29351.97747        argmax=23768
[dump]   top0 idx=23768 val=6.70760
[dump]   top1 idx=8681 val=6.04485
[dump]   top2 idx=21208 val=5.41504
[dump]   top3 idx=13528 val=4.88560
[dump]   top4 idx=9908 val=4.61397
[dump] L31.mid    n=160     finite=1 absmax=0 mean=0 sumsq=0 ids: 283 174 156 96 215 136 55 199 100 50 494 199 50 405 207 100 318 12 156 474 263 494 199 207 192 314 318 31 474 298 207 156 494 234 379 33 444 405 388 298 116 207 236 453 210 156 318 16 494 326 288 32 116 426 50 406 501 399 207 444 288 207 494 156 426 302 399 318 199 405 494 199 399 193 426 288 311 501 134 405 494 207 288 405 199 318 446 303 174 501 494 399 318 501 207 288 342 405 156 303 405 207 399 100 314 192 303 318 494 174 494 405 283 399 289 318 156 342 199 207 494 318 283 174 399 303 449 405 501 288 283 289 494 327 405 156 96 288 177 192 289 283 156 494 405 449 174 302 12 446 303 289 449 174 283 405 156 494 56 207
[dump] L31.moe    n=40960   finite=1 absmax=0.10536      mean=0.00020015   sumsq=11.65596902        argmax=2311
[dump]   top0 idx=2311 val=0.10536
[dump]   top1 idx=3022 val=0.09549
[dump]   top2 idx=8142 val=0.07689
[dump]   top3 idx=28680 val=0.07245
[dump]   top4 idx=29346 val=0.07065
[dump] L31.res    n=327680  finite=1 absmax=36.374       mean=0.011958     sumsq=309236.4817        argmax=169753
[dump]   top0 idx=169753 val=24.08734
[dump]   top1 idx=170460 val=21.13260
[dump]   top2 idx=323511 val=17.17173
[dump]   top3 idx=313271 val=17.11773
[dump]   top4 idx=282551 val=16.94919
[dump] L32.hcmix  n=40960   finite=1 absmax=15.844       mean=0.010055     sumsq=14811.84721        argmax=1500
[dump]   top0 idx=1500 val=10.29164
[dump]   top1 idx=788 val=5.00494
[dump]   top2 idx=4060 val=3.76595
[dump]   top3 idx=38631 val=3.60730
[dump]   top4 idx=579 val=3.57467
[dump] L32.att    n=40960   finite=1 absmax=0.39551      mean=-0.00090186  sumsq=54.72966108        argmax=5081
[dump]   top0 idx=5081 val=0.39551
[dump]   top1 idx=7622 val=0.29881
[dump]   top2 idx=3553 val=0.26401
[dump]   top3 idx=33222 val=0.24238
[dump]   top4 idx=6254 val=0.23174
[dump] L32.ffnxn  n=163840  finite=1 absmax=60.894       mean=0.015484     sumsq=467423.7915        argmax=1500
[dump]   top0 idx=1500 val=21.35332
[dump]   top1 idx=128728 val=20.86146
[dump]   top2 idx=108248 val=20.54665
[dump]   top3 idx=118488 val=20.36047
[dump]   top4 idx=98008 val=20.19507
[dump] L32.fmix   n=40960   finite=1 absmax=5.0273       mean=0.0073551    sumsq=26634.37489        argmax=8681
[dump]   top0 idx=8681 val=5.02731
[dump]   top1 idx=14245 val=3.77546
[dump]   top2 idx=13717 val=3.76866
[dump]   top3 idx=9908 val=3.72950
[dump]   top4 idx=788 val=3.66718
[dump] L32.mid    n=160     finite=1 absmax=0 mean=0 sumsq=0 ids: 228 243 272 256 487 429 58 132 392 74 228 28 429 359 480 92 243 272 142 394 228 28 140 429 142 149 113 99 236 261 228 429 447 188 124 28 319 341 418 261 188 228 104 447 429 319 303 138 243 58 228 394 272 142 12 140 369 388 419 205 359 429 243 228 142 58 140 487 272 263 228 429 272 243 359 394 400 58 140 74 228 429 243 272 142 359 263 58 149 140 359 228 429 263 272 243 142 480 58 92 228 272 243 465 429 400 263 149 447 142 228 429 243 272 359 480 58 263 479 140 228 429 272 263 359 243 140 391 480 132 243 228 429 58 189 272 489 479 263 248 228 243 278 7 480 359 75 58 202 92 243 228 359 454 278 235 189 480 507 263
[dump] L32.moe    n=40960   finite=1 absmax=0.37396      mean=0.00011756   sumsq=14.89833516        argmax=2311
[dump]   top0 idx=2311 val=0.31289
[dump]   top1 idx=1547 val=0.10912
[dump]   top2 idx=472 val=0.10729
[dump]   top3 idx=895 val=0.10281
[dump]   top4 idx=245 val=0.09924
[dump] L32.res    n=327680  finite=1 absmax=48.624       mean=0.01292      sumsq=284570.8575        argmax=170460
[dump]   top0 idx=170460 val=20.02470
[dump]   top1 idx=169753 val=16.17556
[dump]   top2 idx=292568 val=12.40515
[dump]   top3 idx=272088 val=12.21779
[dump]   top4 idx=282328 val=12.10797
[dump] L33.hcmix  n=40960   finite=1 absmax=5.9039       mean=0.018307     sumsq=16118.20483        argmax=7573
[dump]   top0 idx=7573 val=4.56019
[dump]   top1 idx=788 val=4.50215
[dump]   top2 idx=17813 val=4.15036
[dump]   top3 idx=12693 val=4.02272
[dump]   top4 idx=1500 val=3.78919
[dump] L33.att    n=40960   finite=1 absmax=0.17805      mean=-0.0012543   sumsq=28.48949729        argmax=4960
[dump]   top0 idx=4960 val=0.17805
[dump]   top1 idx=39129 val=0.15000
[dump]   top2 idx=10073 val=0.14661
[dump]   top3 idx=26593 val=0.14639
[dump]   top4 idx=32602 val=0.14505
[dump] L33.ffnxn  n=163840  finite=1 absmax=33.391       mean=0.014851     sumsq=357329.2782        argmax=5913
[dump]   top0 idx=5913 val=23.72359
[dump]   top1 idx=128728 val=17.03399
[dump]   top2 idx=108248 val=16.77664
[dump]   top3 idx=118488 val=16.62586
[dump]   top4 idx=98008 val=16.49037
[dump] L33.fmix   n=40960   finite=1 absmax=5.5951       mean=0.0096       sumsq=22040.79048        argmax=4046
[dump]   top0 idx=4046 val=5.59514
[dump]   top1 idx=6606 val=4.38522
[dump]   top2 idx=32206 val=3.96351
[dump]   top3 idx=788 val=3.10294
[dump]   top4 idx=13717 val=3.08095
[dump] L33.mid    n=160     finite=1 absmax=0 mean=0 sumsq=0 ids: 136 486 387 243 471 160 105 200 28 504 136 486 387 160 299 363 419 365 243 471 387 328 398 136 486 222 71 304 471 259 136 328 249 486 387 469 363 105 160 84 486 136 366 387 471 333 363 469 444 105 387 471 136 291 448 84 419 474 127 243 366 419 136 279 486 471 387 328 363 155 136 419 279 363 387 365 206 366 471 499 136 419 363 470 279 362 387 206 486 105 470 363 136 419 365 279 471 345 84 362 136 84 486 428 279 328 419 471 366 160 84 363 136 362 279 471 345 419 305 486 136 362 363 471 84 279 419 374 155 486 84 136 374 345 279 155 363 486 471 499 363 84 136 253 299 209 345 407 279 160 362 374 84 279 345 136 419 363 209 509
[dump] L33.moe    n=40960   finite=1 absmax=0.070426     mean=-3.1556e-05  sumsq=8.898105484        argmax=3119
[dump]   top0 idx=3119 val=0.06784
[dump]   top1 idx=6381 val=0.06657
[dump]   top2 idx=3777 val=0.06627
[dump]   top3 idx=8707 val=0.06501
[dump]   top4 idx=3677 val=0.06423
[dump] L33.res    n=327680  finite=1 absmax=43.005       mean=0.011613     sumsq=279905.0565        argmax=170460
[dump]   top0 idx=170460 val=19.09557
[dump]   top1 idx=292568 val=16.47841
[dump]   top2 idx=169753 val=16.27021
[dump]   top3 idx=272088 val=16.22915
[dump]   top4 idx=282328 val=16.08335
[dump] L34.hcmix  n=40960   finite=1 absmax=17.319       mean=0.013712     sumsq=15940.14305        argmax=1500
[dump]   top0 idx=1500 val=8.51645
[dump]   top1 idx=793 val=4.87498
[dump]   top2 idx=788 val=4.40151
[dump]   top3 idx=1912 val=3.83596
[dump]   top4 idx=34485 val=3.76342
[dump] L34.att    n=40960   finite=1 absmax=0.38261      mean=-0.00067104  sumsq=58.77190811        argmax=26082
[dump]   top0 idx=26082 val=0.38261
[dump]   top1 idx=40282 val=0.31271
[dump]   top2 idx=38882 val=0.31173
[dump]   top3 idx=32602 val=0.29693
[dump]   top4 idx=30042 val=0.29070
[dump] L34.ffnxn  n=163840  finite=1 absmax=38.042       mean=0.022996     sumsq=331871.4699        argmax=5913
[dump]   top0 idx=5913 val=18.00095
[dump]   top1 idx=6620 val=17.70843
[dump]   top2 idx=159671 val=17.56125
[dump]   top3 idx=149431 val=17.50406
[dump]   top4 idx=118711 val=17.33455
[dump] L34.fmix   n=40960   finite=1 absmax=4.2789       mean=0.019124     sumsq=19542.5017         argmax=1500
[dump]   top0 idx=1500 val=4.27889
[dump]   top1 idx=7573 val=4.09686
[dump]   top2 idx=17813 val=3.57510
[dump]   top3 idx=28893 val=3.42961
[dump]   top4 idx=36536 val=3.41368
[dump] L34.mid    n=160     finite=1 absmax=0 mean=0 sumsq=0 ids: 449 475 275 87 496 19 101 111 24 399 111 29 101 24 275 22 119 484 460 459 131 157 29 119 111 7 173 102 33 509 29 7 459 201 185 101 299 157 119 24 440 29 157 459 111 131 190 506 201 119 87 496 277 264 88 24 101 275 399 29 111 24 131 448 101 366 29 102 119 22 131 88 22 101 29 448 24 119 111 459 29 448 24 22 102 101 460 353 119 5 29 24 448 101 102 22 353 460 131 347 111 29 299 459 201 119 24 101 366 465 131 24 101 448 111 366 102 460 22 347 111 131 366 448 101 24 22 102 460 347 131 24 101 353 448 22 29 275 102 273 131 123 22 101 24 448 150 201 29 430 448 131 24 101 22 460 247 366 275 29
[dump] L34.moe    n=40960   finite=1 absmax=0.13791      mean=0.00033506   sumsq=13.78464917        argmax=28307
[dump]   top0 idx=28307 val=0.11050
[dump]   top1 idx=28691 val=0.10621
[dump]   top2 idx=30415 val=0.10325
[dump]   top3 idx=29990 val=0.10304
[dump]   top4 idx=30391 val=0.10198
[dump] L34.res    n=327680  finite=1 absmax=23.509       mean=0.0083232    sumsq=133541.3834        argmax=169753
[dump]   top0 idx=169753 val=14.13526
[dump]   top1 idx=292568 val=13.82454
[dump]   top2 idx=272088 val=13.61530
[dump]   top3 idx=170460 val=13.51194
[dump]   top4 idx=282328 val=13.49314
[dump] L35.hcmix  n=40960   finite=1 absmax=8.5605       mean=0.0096231    sumsq=5301.330144        argmax=23522
[dump]   top0 idx=23522 val=2.44141
[dump]   top1 idx=8162 val=2.32661
[dump]   top2 idx=34008 val=2.26061
[dump]   top3 idx=13282 val=2.25376
[dump]   top4 idx=28888 val=2.21419
[dump] L35.att    n=40960   finite=1 absmax=0.77598      mean=3.8251e-06   sumsq=140.5129313        argmax=1736
[dump]   top0 idx=1736 val=0.71066
[dump]   top1 idx=360 val=0.53090
[dump]   top2 idx=994 val=0.50682
[dump]   top3 idx=1795 val=0.49571
[dump]   top4 idx=1882 val=0.44736
[dump] L35.ffnxn  n=163840  finite=1 absmax=31.949       mean=0.017462     sumsq=365200.2946        argmax=159671
[dump]   top0 idx=159671 val=19.89893
[dump]   top1 idx=149431 val=19.80804
[dump]   top2 idx=118711 val=19.62667
[dump]   top3 idx=108471 val=19.04735
[dump]   top4 idx=128951 val=18.88457
[dump] L35.fmix   n=40960   finite=1 absmax=4.5529       mean=0.014447     sumsq=25191.40442        argmax=19715
[dump]   top0 idx=19715 val=3.53845
[dump]   top1 idx=12035 val=3.48907
[dump]   top2 idx=29955 val=3.34770
[dump]   top3 idx=14245 val=3.32154
[dump]   top4 idx=7971 val=3.24117
[dump] L35.mid    n=160     finite=1 absmax=0 mean=0 sumsq=0 ids: 434 31 170 360 342 472 406 372 500 403 472 161 3 222 342 375 309 434 362 31 222 309 3 161 342 56 472 162 455 362 161 472 291 222 403 70 426 309 342 353 472 161 70 3 222 31 259 342 9 345 3 368 472 453 501 74 9 8 49 434 472 3 31 121 49 453 161 375 434 70 472 3 397 31 375 315 52 453 49 434 472 375 161 3 315 31 434 222 56 121 472 161 375 3 315 31 56 372 121 434 472 500 170 222 161 31 426 315 375 372 472 31 121 375 434 315 161 3 426 277 375 472 315 31 121 3 385 434 222 342 121 31 472 490 315 56 375 161 434 162 472 31 121 315 173 490 434 161 454 372 121 472 31 315 490 56 161 375 162 434
[dump] L35.moe    n=40960   finite=1 absmax=0.17464      mean=0.0007879    sumsq=25.47334179        argmax=30042
[dump]   top0 idx=30042 val=0.16650
[dump]   top1 idx=21769 val=0.13216
[dump]   top2 idx=22362 val=0.12764
[dump]   top3 idx=21167 val=0.12290
[dump]   top4 idx=20856 val=0.12284
[dump] L35.res    n=327680  finite=1 absmax=24.226       mean=0.018316     sumsq=313017.8075        argmax=323511
[dump]   top0 idx=323511 val=19.41127
[dump]   top1 idx=313271 val=19.32269
[dump]   top2 idx=282551 val=19.14820
[dump]   top3 idx=169753 val=19.06357
[dump]   top4 idx=324798 val=18.85782
[dump] L36.hcmix  n=40960   finite=1 absmax=12.423       mean=0.015284     sumsq=14772.3343         argmax=1500
[dump]   top0 idx=1500 val=6.49640
[dump]   top1 idx=793 val=5.30768
[dump]   top2 idx=788 val=3.87027
[dump]   top3 idx=1736 val=3.77760
[dump]   top4 idx=19715 val=3.52717
[dump] L36.att    n=40960   finite=1 absmax=6.0723       mean=0.0026784    sumsq=752.4901773        argmax=1827
[dump]   top0 idx=1827 val=3.08663
[dump]   top1 idx=2311 val=2.04483
[dump]   top2 idx=1984 val=1.95033
[dump]   top3 idx=2238 val=1.92399
[dump]   top4 idx=403 val=1.86143
[dump] L36.ffnxn  n=163840  finite=1 absmax=46.184       mean=0.046388     sumsq=576520.0026        argmax=1827
[dump]   top0 idx=1827 val=23.44960
[dump]   top1 idx=159671 val=21.06949
[dump]   top2 idx=149431 val=20.97293
[dump]   top3 idx=118711 val=20.78397
[dump]   top4 idx=108471 val=20.16695
[dump] L36.fmix   n=40960   finite=1 absmax=6.0988       mean=0.035999     sumsq=38545.49491        argmax=8681
[dump]   top0 idx=8681 val=5.41292
[dump]   top1 idx=4046 val=4.88340
[dump]   top2 idx=14245 val=4.55279
[dump]   top3 idx=19490 val=4.41280
[dump]   top4 idx=13717 val=4.33315
[dump] L36.mid    n=160     finite=1 absmax=0 mean=0 sumsq=0 ids: 363 78 76 429 55 210 407 265 388 45 412 396 358 102 218 25 387 490 217 269 218 412 396 233 387 429 137 105 388 96 218 308 134 76 147 388 349 146 445 439 358 134 96 369 218 396 298 76 125 233 54 491 306 55 496 363 313 219 4 481 387 313 218 358 25 429 134 396 210 258 244 387 102 306 481 341 313 218 248 485 387 296 218 258 25 102 313 341 244 210 387 258 25 218 210 296 363 76 265 102 218 339 387 293 148 140 26 363 158 388 387 218 25 485 313 494 158 243 248 210 387 25 258 330 324 388 169 40 210 485 387 185 25 258 442 218 243 410 429 168 387 278 258 25 442 179 18 314 370 262 387 179 442 258 25 168 185 410 182 307
[dump] L36.moe    n=40960   finite=1 absmax=0.22943      mean=0.00058858   sumsq=54.05041279        argmax=35107
[dump]   top0 idx=35107 val=0.21270
[dump]   top1 idx=34333 val=0.18328
[dump]   top2 idx=32840 val=0.18317
[dump]   top3 idx=29987 val=0.17327
[dump]   top4 idx=35458 val=0.17025
[dump] L36.res    n=327680  finite=1 absmax=50.374       mean=0.0252       sumsq=350257.0923        argmax=170460
[dump]   top0 idx=170460 val=27.37810
[dump]   top1 idx=169753 val=24.37147
[dump]   top2 idx=165667 val=18.65712
[dump]   top3 idx=292568 val=13.57868
[dump]   top4 idx=272088 val=13.36650
[dump] L37.hcmix  n=40960   finite=1 absmax=16.869       mean=0.031802     sumsq=14251.71021        argmax=1500
[dump]   top0 idx=1500 val=7.83921
[dump]   top1 idx=1827 val=6.63292
[dump]   top2 idx=19715 val=4.36992
[dump]   top3 idx=138 val=4.15002
[dump]   top4 idx=1736 val=4.02873
[dump] L37.att    n=40960   finite=1 absmax=2.2662       mean=-0.0010869   sumsq=127.9858814        argmax=2537
[dump]   top0 idx=2537 val=1.14541
[dump]   top1 idx=932 val=0.68177
[dump]   top2 idx=138 val=0.63429
[dump]   top3 idx=1359 val=0.55786
[dump]   top4 idx=1750 val=0.54769
[dump] L37.ffnxn  n=163840  finite=1 absmax=49.134       mean=0.050758     sumsq=526325.1765        argmax=1827
[dump]   top0 idx=1827 val=21.71128
[dump]   top1 idx=159671 val=19.11426
[dump]   top2 idx=149431 val=19.01442
[dump]   top3 idx=118711 val=18.85430
[dump]   top4 idx=128728 val=18.39298
[dump] L37.fmix   n=40960   finite=1 absmax=5.4607       mean=0.044305     sumsq=38419.51403        argmax=8681
[dump]   top0 idx=8681 val=4.75941
[dump]   top1 idx=12360 val=4.12800
[dump]   top2 idx=14245 val=4.10559
[dump]   top3 idx=10936 val=3.97342
[dump]   top4 idx=7573 val=3.94638
[dump] L37.mid    n=160     finite=1 absmax=0 mean=0 sumsq=0 ids: 255 72 379 304 131 25 418 420 10 324 255 19 324 304 150 369 286 379 118 451 451 286 128 350 369 118 200 435 255 197 306 255 346 19 511 359 284 265 479 128 128 346 255 187 451 150 33 379 304 131 131 297 302 25 379 255 392 134 96 142 19 29 118 346 369 57 484 304 255 313 118 19 57 360 255 25 369 197 290 27 118 19 352 346 57 369 484 155 200 255 352 19 118 57 200 306 369 346 255 326 19 317 255 369 484 346 379 118 155 326 346 255 369 131 19 200 57 379 313 155 369 57 304 264 255 19 346 118 155 477 313 57 469 369 389 346 200 326 306 128 313 346 321 19 369 469 57 326 255 118 313 346 57 369 469 304 264 19 326 243
[dump] L37.moe    n=40960   finite=1 absmax=0.16809      mean=0.00014461   sumsq=45.82988185        argmax=29042
[dump]   top0 idx=29042 val=0.16809
[dump]   top1 idx=24921 val=0.16487
[dump]   top2 idx=29424 val=0.15135
[dump]   top3 idx=28439 val=0.14779
[dump]   top4 idx=31602 val=0.14717
[dump] L37.res    n=327680  finite=1 absmax=72.828       mean=0.016331     sumsq=304995.9252        argmax=170460
[dump]   top0 idx=170460 val=28.94975
[dump]   top1 idx=169753 val=25.20715
[dump]   top2 idx=163978 val=19.00654
[dump]   top3 idx=189445 val=19.00224
[dump]   top4 idx=240645 val=18.80299
[dump] L38.hcmix  n=40960   finite=1 absmax=34.056       mean=0.020789     sumsq=14892.33809        argmax=1500
[dump]   top0 idx=1500 val=9.62161
[dump]   top1 idx=1827 val=5.83946
[dump]   top2 idx=138 val=5.75714
[dump]   top3 idx=793 val=5.15021
[dump]   top4 idx=5125 val=4.70252
[dump] L38.att    n=40960   finite=1 absmax=0.46671      mean=-0.00063091  sumsq=108.6698749        argmax=403
[dump]   top0 idx=403 val=0.40369
[dump]   top1 idx=36753 val=0.33431
[dump]   top2 idx=34193 val=0.33397
[dump]   top3 idx=23953 val=0.29214
[dump]   top4 idx=7716 val=0.28861
[dump] L38.ffnxn  n=163840  finite=1 absmax=36.349       mean=0.050816     sumsq=587485.2789        argmax=48495
[dump]   top0 idx=48495 val=23.05473
[dump]   top1 idx=36841 val=20.02053
[dump]   top2 idx=6983 val=18.23300
[dump]   top3 idx=149176 val=17.63890
[dump]   top4 idx=46776 val=16.81682
[dump] L38.fmix   n=40960   finite=1 absmax=5.7766       mean=0.04413      sumsq=34875.42446        argmax=12655
[dump]   top0 idx=12655 val=5.77664
[dump]   top1 idx=10936 val=5.20640
[dump]   top2 idx=8681 val=5.01582
[dump]   top3 idx=1863 val=4.24615
[dump]   top4 idx=7573 val=4.09285
[dump] L38.mid    n=160     finite=1 absmax=0 mean=0 sumsq=0 ids: 317 456 283 345 309 41 57 287 446 205 425 96 394 164 305 438 188 275 402 483 460 188 265 96 425 402 232 187 438 504 464 352 279 145 96 376 51 54 460 164 396 460 183 96 193 202 111 356 384 306 341 347 206 235 309 104 18 462 388 345 7 206 438 460 226 116 341 50 393 483 241 425 375 124 307 259 106 291 388 438 504 460 388 96 124 50 206 400 486 279 504 460 454 355 279 438 135 486 50 206 153 87 71 226 460 454 173 452 164 350 460 206 116 226 213 7 41 117 244 483 483 226 460 206 438 486 7 117 188 50 226 412 173 206 457 287 262 460 50 483 168 173 226 370 323 483 228 287 262 254 226 287 173 483 206 260 354 76 438 457
[dump] L38.moe    n=40960   finite=1 absmax=0.1818       mean=-2.982e-05   sumsq=34.99472367        argmax=27937
[dump]   top0 idx=27937 val=0.18180
[dump]   top1 idx=8826 val=0.12970
[dump]   top2 idx=14924 val=0.12737
[dump]   top3 idx=37387 val=0.12533
[dump]   top4 idx=8177 val=0.11971
[dump] L38.res    n=327680  finite=1 absmax=29.741       mean=0.011245     sumsq=210504.7368        argmax=170460
[dump]   top0 idx=170460 val=20.33348
[dump]   top1 idx=169753 val=19.56281
[dump]   top2 idx=322565 val=15.39510
[dump]   top3 idx=271365 val=15.19255
[dump]   top4 idx=261125 val=15.15736
[dump] L39.hcmix  n=40960   finite=1 absmax=4.8204       mean=0.0083745    sumsq=5531.198602        argmax=793
[dump]   top0 idx=793 val=4.82036
[dump]   top1 idx=23045 val=3.42282
[dump]   top2 idx=38405 val=3.26683
[dump]   top3 idx=25605 val=3.16183
[dump]   top4 idx=30725 val=3.11947
[dump] L39.att    n=40960   finite=1 absmax=0.55114      mean=0.00017861   sumsq=216.9850803        argmax=29052
[dump]   top0 idx=29052 val=0.55114
[dump]   top1 idx=15465 val=0.42110
[dump]   top2 idx=23839 val=0.41184
[dump]   top3 idx=31519 val=0.39633
[dump]   top4 idx=23561 val=0.39123
[dump] L39.ffnxn  n=163840  finite=1 absmax=45.175       mean=0.035287     sumsq=767094.5681        argmax=36841
[dump]   top0 idx=36841 val=27.04250
[dump]   top1 idx=1827 val=21.13191
[dump]   top2 idx=36448 val=20.57874
[dump]   top3 idx=99620 val=19.86920
[dump]   top4 idx=57765 val=18.27693
[dump] L39.fmix   n=40960   finite=1 absmax=8.4928       mean=0.027296     sumsq=41275.12877        argmax=8681
[dump]   top0 idx=8681 val=8.49277
[dump]   top1 idx=15939 val=5.72038
[dump]   top2 idx=8288 val=5.43617
[dump]   top3 idx=23619 val=5.15936
[dump]   top4 idx=5699 val=5.10883
[dump] L39.mid    n=160     finite=1 absmax=0 mean=0 sumsq=0 ids: 356 323 285 42 496 260 242 334 450 82 356 496 103 167 45 480 128 223 494 120 48 496 356 45 480 103 123 128 477 223 356 42 496 99 307 107 355 337 264 220 356 99 500 496 109 42 103 128 342 264 372 480 356 82 201 389 285 367 495 494 356 99 42 128 480 334 109 103 104 342 480 356 128 334 42 299 121 375 394 477 356 128 42 480 110 148 60 299 121 274 356 406 128 32 477 177 42 219 480 342 356 477 42 459 128 442 372 36 355 506 356 128 480 334 110 60 42 496 148 360 356 334 32 60 128 42 480 145 110 257 356 60 127 128 233 116 108 10 110 433 356 425 60 334 257 116 127 233 128 463 356 60 128 425 233 127 116 110 32 257
[dump] L39.moe    n=40960   finite=1 absmax=0.45664      mean=0.00024971   sumsq=101.0117583        argmax=2311
[dump]   top0 idx=2311 val=0.45664
[dump]   top1 idx=422 val=0.30746
[dump]   top2 idx=21084 val=0.27700
[dump]   top3 idx=1882 val=0.26971
[dump]   top4 idx=21597 val=0.23810
[dump] L39.res    n=327680  finite=1 absmax=40.326       mean=0.020614     sumsq=491551.286         argmax=212335
[dump]   top0 idx=212335 val=23.82797
[dump]   top1 idx=165667 val=23.53599
[dump]   top2 idx=232417 val=23.22922
[dump]   top3 idx=169753 val=21.97674
[dump]   top4 idx=170460 val=21.31570
[dump] L40.hcmix  n=40960   finite=1 absmax=19.966       mean=0.033836     sumsq=27469.31869        argmax=138
[dump]   top0 idx=138 val=7.88449
[dump]   top1 idx=1827 val=6.94964
[dump]   top2 idx=12655 val=6.07544
[dump]   top3 idx=472 val=4.90410
[dump]   top4 idx=1984 val=4.78866
[dump] L40.att    n=40960   finite=1 absmax=0.68974      mean=0.0025639    sumsq=201.1097814        argmax=36901
[dump]   top0 idx=36901 val=0.68974
[dump]   top1 idx=13861 val=0.61877
[dump]   top2 idx=8741 val=0.56743
[dump]   top3 idx=27937 val=0.55030
[dump]   top4 idx=18402 val=0.48754
[dump] L40.ffnxn  n=163840  finite=1 absmax=40.651       mean=0.043804     sumsq=763028.3931        argmax=7358
[dump]   top0 idx=7358 val=29.85500
[dump]   top1 idx=160958 val=27.65782
[dump]   top2 idx=79038 val=27.18112
[dump]   top3 idx=130238 val=26.06050
[dump]   top4 idx=89278 val=25.74072
[dump] L40.fmix   n=40960   finite=1 absmax=7.3204       mean=0.033577     sumsq=46959.09565        argmax=8681
[dump]   top0 idx=8681 val=7.32042
[dump]   top1 idx=15939 val=6.26710
[dump]   top2 idx=22718 val=5.95495
[dump]   top3 idx=25278 val=5.69955
[dump]   top4 idx=20158 val=5.57386
[dump] L40.mid    n=160     finite=1 absmax=0 mean=0 sumsq=0 ids: 280 172 309 449 178 141 428 91 103 381 280 28 141 249 332 380 135 334 311 229 280 268 282 8 218 66 502 335 332 301 280 217 380 199 111 277 461 477 334 271 268 334 217 280 160 21 391 380 199 67 36 178 428 200 280 295 127 310 60 309 335 280 334 380 141 138 217 398 160 204 280 128 188 335 295 336 237 138 50 200 335 280 138 220 261 465 282 181 398 263 204 280 52 398 335 22 250 229 465 83 307 412 170 282 301 77 351 280 178 36 172 280 335 208 138 64 374 61 178 438 335 208 172 138 280 178 465 220 240 459 240 491 204 335 435 61 155 494 212 57 240 172 491 335 470 208 212 398 61 138 335 240 172 208 491 470 497 138 435 260
[dump] L40.moe    n=40960   finite=1 absmax=0.20035      mean=9.0475e-05   sumsq=38.54964631        argmax=10697
[dump]   top0 idx=10697 val=0.20035
[dump]   top1 idx=12437 val=0.19250
[dump]   top2 idx=11959 val=0.19235
[dump]   top3 idx=12555 val=0.18587
[dump]   top4 idx=10736 val=0.17680
[dump] L40.res    n=327680  finite=1 absmax=39.011       mean=0.022475     sumsq=389198.8404        argmax=170460
[dump]   top0 idx=170460 val=17.17715
[dump]   top1 idx=165667 val=16.26149
[dump]   top2 idx=169753 val=16.18132
[dump]   top3 idx=166538 val=15.61703
[dump]   top4 idx=231031 val=14.65112
[dump] L41.hcmix  n=40960   finite=1 absmax=19.261       mean=0.029988     sumsq=20918.10916        argmax=138
[dump]   top0 idx=138 val=7.26425
[dump]   top1 idx=1827 val=5.78314
[dump]   top2 idx=1500 val=5.48176
[dump]   top3 idx=1984 val=4.91852
[dump]   top4 idx=27937 val=4.35591
[dump] L41.att    n=40960   finite=1 absmax=0.6411       mean=0.00064132   sumsq=158.2970026        argmax=17242
[dump]   top0 idx=17242 val=0.64110
[dump]   top1 idx=30042 val=0.62132
[dump]   top2 idx=32602 val=0.55256
[dump]   top3 idx=22362 val=0.54618
[dump]   top4 idx=27482 val=0.52970
[dump] L41.ffnxn  n=163840  finite=1 absmax=36.88        mean=0.04854      sumsq=762839.6609        argmax=1827
[dump]   top0 idx=1827 val=22.68775
[dump]   top1 idx=36841 val=19.63240
[dump]   top2 idx=68577 val=18.93094
[dump]   top3 idx=37751 val=17.89061
[dump]   top4 idx=99620 val=17.59191
[dump] L41.fmix   n=40960   finite=1 absmax=6.8216       mean=0.037685     sumsq=49709.35369        argmax=8681
[dump]   top0 idx=8681 val=5.66632
[dump]   top1 idx=1500 val=5.42683
[dump]   top2 idx=8288 val=5.05906
[dump]   top3 idx=11929 val=4.66108
[dump]   top4 idx=25380 val=4.63271
[dump] L41.mid    n=160     finite=1 absmax=0 mean=0 sumsq=0 ids: 59 240 198 491 331 445 482 420 266 348 348 178 489 196 27 505 378 281 20 21 205 348 132 58 378 20 480 423 19 178 289 387 19 343 255 90 204 160 348 135 21 95 204 343 90 71 454 196 160 255 496 59 55 433 42 491 476 198 403 482 157 59 116 118 204 496 198 433 299 20 59 489 299 376 240 430 440 399 433 198 132 118 506 253 58 198 302 422 116 205 404 118 131 205 426 366 348 132 342 75 389 45 406 303 146 461 505 510 169 374 59 433 118 416 198 450 443 240 105 491 59 433 440 118 450 476 240 198 491 105 278 59 305 450 483 17 433 221 413 52 59 450 346 433 240 477 301 338 293 417 59 450 491 119 433 118 440 472 106 111
[dump] L41.moe    n=40960   finite=1 absmax=0.1502       mean=-0.00022464  sumsq=46.51663613        argmax=10253
[dump]   top0 idx=10253 val=0.15020
[dump]   top1 idx=30466 val=0.14197
[dump]   top2 idx=12590 val=0.13907
[dump]   top3 idx=10644 val=0.13677
[dump]   top4 idx=11879 val=0.13527
[dump] L41.res    n=327680  finite=1 absmax=36.761       mean=0.022094     sumsq=391498.441         argmax=165667
[dump]   top0 idx=165667 val=26.66051
[dump]   top1 idx=170460 val=20.37575
[dump]   top2 idx=169753 val=13.86660
[dump]   top3 idx=167332 val=13.23340
[dump]   top4 idx=177522 val=13.15483
[dump] L42.hcmix  n=40960   finite=1 absmax=12.795       mean=0.03022      sumsq=21702.02464        argmax=1984
[dump]   top0 idx=1984 val=6.09031
[dump]   top1 idx=138 val=5.71090
[dump]   top2 idx=14422 val=4.77297
[dump]   top3 idx=30042 val=4.40286
[dump]   top4 idx=3442 val=3.75374
[dump] L42.att    n=40960   finite=1 absmax=0.75965      mean=0.0010125    sumsq=138.7627133        argmax=23522
[dump]   top0 idx=23522 val=0.41248
[dump]   top1 idx=20962 val=0.38158
[dump]   top2 idx=18402 val=0.35960
[dump]   top3 idx=39393 val=0.34891
[dump]   top4 idx=10722 val=0.34594
[dump] L42.ffnxn  n=163840  finite=1 absmax=38.184       mean=0.053136     sumsq=775668.4844        argmax=1827
[dump]   top0 idx=1827 val=20.23024
[dump]   top1 idx=128951 val=17.87672
[dump]   top2 idx=108471 val=17.32840
[dump]   top3 idx=159671 val=17.26127
[dump]   top4 idx=98231 val=16.91145
[dump] L42.fmix   n=40960   finite=1 absmax=5.5757       mean=0.038799     sumsq=49158.60855        argmax=8681
[dump]   top0 idx=8681 val=5.57567
[dump]   top1 idx=29042 val=4.89979
[dump]   top2 idx=33683 val=4.88862
[dump]   top3 idx=27937 val=4.79636
[dump]   top4 idx=21424 val=4.77741
[dump] L42.mid    n=160     finite=1 absmax=0 mean=0 sumsq=0 ids: 294 151 366 248 283 322 212 393 83 432 455 78 357 466 293 3 341 279 250 276 357 455 279 302 495 276 341 37 14 231 474 42 21 455 39 141 105 51 414 108 39 59 455 357 65 276 21 92 414 377 53 506 215 507 151 14 276 348 140 231 3 110 310 53 140 231 357 276 90 5 310 110 140 354 3 455 276 53 357 90 310 341 3 191 455 283 182 110 136 140 341 391 3 269 278 110 357 452 283 191 310 3 227 151 105 110 333 455 72 283 3 337 212 140 193 231 5 310 451 151 3 310 5 140 151 121 212 193 466 411 212 321 446 3 6 509 399 7 341 310 212 310 494 7 3 509 358 399 498 83 212 3 509 498 310 399 140 83 290 6
[dump] L42.moe    n=40960   finite=1 absmax=0.23276      mean=0.0006391    sumsq=74.65872978        argmax=36682
[dump]   top0 idx=36682 val=0.23276
[dump]   top1 idx=38053 val=0.21635
[dump]   top2 idx=544 val=0.20445
[dump]   top3 idx=40613 val=0.19975
[dump]   top4 idx=37677 val=0.19463
[dump] L42.res    n=327680  finite=1 absmax=20.404       mean=0.011847     sumsq=127688.3375        argmax=170460
[dump]   top0 idx=170460 val=12.49079
[dump]   top1 idx=165667 val=11.71897
[dump]   top2 idx=322565 val=11.41420
[dump]   top3 idx=271365 val=11.35003
[dump]   top4 idx=261125 val=11.28539
[dump] L43.hcmix  n=40960   finite=1 absmax=3.8276       mean=0.0070788    sumsq=2794.309922        argmax=23922
[dump]   top0 idx=23922 val=3.82760
[dump]   top1 idx=31602 val=3.81557
[dump]   top2 idx=21362 val=3.80974
[dump]   top3 idx=29042 val=3.76500
[dump]   top4 idx=39282 val=3.57611
[dump] L43.att    n=40960   finite=1 absmax=0.53261      mean=0.0031606    sumsq=187.5698502        argmax=28888
[dump]   top0 idx=28888 val=0.50453
[dump]   top1 idx=29551 val=0.49361
[dump]   top2 idx=16751 val=0.48727
[dump]   top3 idx=30398 val=0.46598
[dump]   top4 idx=11631 val=0.44776
[dump] L43.ffnxn  n=163840  finite=1 absmax=31.39        mean=0.054675     sumsq=558539.3352        argmax=99620
[dump]   top0 idx=99620 val=19.71526
[dump]   top1 idx=98248 val=16.53646
[dump]   top2 idx=87152 val=16.50966
[dump]   top3 idx=67288 val=16.42566
[dump]   top4 idx=118488 val=16.21146
[dump] L43.fmix   n=40960   finite=1 absmax=5.6195       mean=0.036993     sumsq=36498.43921        argmax=25380
[dump]   top0 idx=25380 val=5.61955
[dump]   top1 idx=24008 val=3.96667
[dump]   top2 idx=33683 val=3.93070
[dump]   top3 idx=9856 val=3.92679
[dump]   top4 idx=29120 val=3.87730
[dump] L43.mid    n=160     finite=1 absmax=0 mean=0 sumsq=0 ids: 300 180 86 133 13 413 91 60 64 162 44 166 300 124 471 293 24 346 363 477 293 300 417 117 124 166 505 471 44 483 300 19 439 293 189 42 371 257 221 155 300 221 257 219 376 371 439 348 243 80 300 10 499 133 331 472 337 26 286 146 300 499 462 337 363 146 64 219 293 483 300 499 146 374 86 101 337 363 462 117 300 121 97 86 499 462 451 145 483 203 300 483 266 293 462 216 270 299 324 430 300 496 323 86 90 182 64 117 278 403 300 86 499 337 0 227 61 133 272 451 300 86 499 133 462 483 363 64 337 250 300 325 248 86 202 499 133 436 355 259 300 325 86 499 4 14 146 347 117 60 300 325 86 499 436 99 462 337 98 81
[dump] L43.moe    n=40960   finite=1 absmax=0.18125      mean=0.0002543    sumsq=39.6370463         argmax=28742
[dump]   top0 idx=28742 val=0.18125
[dump]   top1 idx=31302 val=0.16908
[dump]   top2 idx=29516 val=0.14949
[dump]   top3 idx=30262 val=0.13984
[dump]   top4 idx=20711 val=0.13878
[dump] L43.res    n=327680  finite=1 absmax=48.273       mean=0.036307     sumsq=581714.7927        argmax=262128
[dump]   top0 idx=262128 val=22.17467
[dump]   top1 idx=221754 val=19.80057
[dump]   top2 idx=228833 val=18.13528
[dump]   top3 idx=166538 val=18.11713
[dump]   top4 idx=176454 val=17.96451
[dump] L44.hcmix  n=40960   finite=1 absmax=23.202       mean=0.031491     sumsq=19609.98069        argmax=138
[dump]   top0 idx=138 val=8.71189
[dump]   top1 idx=1984 val=7.73523
[dump]   top2 idx=13282 val=6.97593
[dump]   top3 idx=1827 val=6.27851
[dump]   top4 idx=8162 val=6.12461
[dump] L44.att    n=40960   finite=1 absmax=4.7329       mean=0.0038265    sumsq=1146.054893        argmax=1827
[dump]   top0 idx=1827 val=3.86093
[dump]   top1 idx=9867 val=3.58932
[dump]   top2 idx=27787 val=3.44279
[dump]   top3 idx=2187 val=2.84236
[dump]   top4 idx=422 val=2.42238
[dump] L44.ffnxn  n=163840  finite=1 absmax=50.779       mean=0.066098     sumsq=580242.7676        argmax=1827
[dump]   top0 idx=1827 val=31.53434
[dump]   top1 idx=99620 val=21.60464
[dump]   top2 idx=98248 val=19.57880
[dump]   top3 idx=88825 val=17.83002
[dump]   top4 idx=118394 val=16.93817
[dump] L44.fmix   n=40960   finite=1 absmax=7.4876       mean=0.050653     sumsq=51121.52125        argmax=26903
[dump]   top0 idx=26903 val=6.11704
[dump]   top1 idx=25380 val=5.87272
[dump]   top2 idx=31821 val=5.58934
[dump]   top3 idx=1500 val=5.43777
[dump]   top4 idx=40033 val=5.18161
[dump] L44.mid    n=160     finite=1 absmax=0 mean=0 sumsq=0 ids: 56 433 263 174 405 338 51 209 277 142 505 1 472 303 402 426 39 290 441 358 39 24 285 505 472 396 287 314 441 135 24 339 27 260 117 311 422 182 417 308 117 260 24 303 133 258 466 328 308 119 174 296 248 395 169 361 59 338 433 56 117 24 87 59 260 418 174 472 303 256 87 338 81 248 395 441 59 209 37 174 283 87 287 447 135 59 501 490 21 39 472 287 447 401 190 501 45 303 39 371 416 102 24 377 87 490 56 61 338 418 87 338 433 61 207 248 24 284 209 119 87 433 338 24 248 61 207 490 284 56 437 87 61 150 340 433 207 303 248 424 61 35 424 96 150 207 87 119 209 264 87 61 119 207 174 150 209 187 248 424
[dump] L44.moe    n=40960   finite=1 absmax=0.27576      mean=-3.0806e-06  sumsq=43.76730371        argmax=17101
[dump]   top0 idx=17101 val=0.15717
[dump]   top1 idx=26838 val=0.15456
[dump]   top2 idx=14141 val=0.15442
[dump]   top3 idx=16747 val=0.14644
[dump]   top4 idx=39034 val=0.14560
[dump] L44.res    n=327680  finite=1 absmax=36.824       mean=0.029576     sumsq=401589.5432        argmax=165667
[dump]   top0 idx=165667 val=25.62528
[dump]   top1 idx=165576 val=21.69561
[dump]   top2 idx=210551 val=18.81189
[dump]   top3 idx=163978 val=18.80955
[dump]   top4 idx=190071 val=17.55316
[dump] L45.hcmix  n=40960   finite=1 absmax=11.558       mean=0.032175     sumsq=19607.84469        argmax=138
[dump]   top0 idx=138 val=9.36231
[dump]   top1 idx=1736 val=5.60868
[dump]   top2 idx=1500 val=4.69530
[dump]   top3 idx=18802 val=4.14463
[dump]   top4 idx=11122 val=4.03538
[dump] L45.att    n=40960   finite=1 absmax=2.4907       mean=0.0057756    sumsq=2654.027813        argmax=30042
[dump]   top0 idx=30042 val=2.18728
[dump]   top1 idx=17170 val=2.16678
[dump]   top2 idx=19730 val=2.05326
[dump]   top3 idx=1810 val=1.94036
[dump]   top4 idx=40210 val=1.91518
[dump] L45.ffnxn  n=163840  finite=1 absmax=38.101       mean=0.064073     sumsq=583853.7557        argmax=1827
[dump]   top0 idx=1827 val=24.09380
[dump]   top1 idx=99620 val=22.83049
[dump]   top2 idx=118394 val=22.73972
[dump]   top3 idx=108154 val=22.18977
[dump]   top4 idx=98288 val=21.90934
[dump] L45.fmix   n=40960   finite=1 absmax=8.7873       mean=0.050344     sumsq=53847.26571        argmax=31821
[dump]   top0 idx=31821 val=5.97578
[dump]   top1 idx=1500 val=5.89620
[dump]   top2 idx=25380 val=5.75774
[dump]   top3 idx=6915 val=5.67341
[dump]   top4 idx=28794 val=5.48417
[dump] L45.mid    n=160     finite=1 absmax=0 mean=0 sumsq=0 ids: 237 48 475 227 22 51 303 406 215 442 237 149 222 455 269 391 223 488 231 429 316 222 237 7 391 488 231 505 87 229 237 292 274 123 371 391 263 176 332 153 263 176 68 323 391 214 492 505 237 307 198 237 152 484 169 270 22 442 51 186 237 229 51 263 235 176 391 75 231 505 237 303 51 391 152 75 22 171 283 186 237 79 29 185 229 142 51 156 219 0 131 222 156 219 185 142 338 62 385 99 237 108 303 335 51 443 127 102 22 511 237 303 443 51 87 229 235 442 22 497 237 51 229 127 443 442 22 303 75 54 443 237 277 116 393 177 303 75 51 326 443 237 389 303 393 431 486 177 257 277 443 237 51 486 393 75 431 303 218 328
[dump] L45.moe    n=40960   finite=1 absmax=0.23203      mean=-0.00057686  sumsq=63.12724895        argmax=29111
[dump]   top0 idx=29111 val=0.20560
[dump]   top1 idx=26468 val=0.19235
[dump]   top2 idx=24263 val=0.17689
[dump]   top3 idx=28159 val=0.17492
[dump]   top4 idx=27256 val=0.17486
[dump] L45.res    n=327680  finite=1 absmax=40.978       mean=0.027451     sumsq=432552.397         argmax=165667
[dump]   top0 idx=165667 val=40.97797
[dump]   top1 idx=167332 val=30.73577
[dump]   top2 idx=229650 val=26.31428
[dump]   top3 idx=168210 val=25.21446
[dump]   top4 idx=239890 val=23.62203
[dump] L46.hcmix  n=40960   finite=1 absmax=9.1377       mean=0.033424     sumsq=27336.83664        argmax=932
[dump]   top0 idx=932 val=9.13772
[dump]   top1 idx=138 val=7.78229
[dump]   top2 idx=17170 val=6.90427
[dump]   top3 idx=1810 val=6.81794
[dump]   top4 idx=30042 val=6.69006
[dump] L46.att    n=40960   finite=1 absmax=5.6213       mean=0.0036319    sumsq=3750.242757        argmax=18554
[dump]   top0 idx=18554 val=5.59210
[dump]   top1 idx=12427 val=4.37412
[dump]   top2 idx=21114 val=4.28661
[dump]   top3 idx=26234 val=4.12816
[dump]   top4 idx=15994 val=3.80650
[dump] L46.ffnxn  n=163840  finite=1 absmax=28.917       mean=0.047728     sumsq=505867.8404        argmax=1827
[dump]   top0 idx=1827 val=21.61482
[dump]   top1 idx=108154 val=19.80591
[dump]   top2 idx=67194 val=18.45974
[dump]   top3 idx=77434 val=18.16848
[dump]   top4 idx=117790 val=16.87215
[dump] L46.fmix   n=40960   finite=1 absmax=8.7597       mean=0.04094      sumsq=54352.02105        argmax=26234
[dump]   top0 idx=26234 val=6.76083
[dump]   top1 idx=30042 val=6.57002
[dump]   top2 idx=5051 val=5.63623
[dump]   top3 idx=18554 val=5.54931
[dump]   top4 idx=28794 val=5.46407
[dump] L46.mid    n=160     finite=1 absmax=0 mean=0 sumsq=0 ids: 25 338 230 297 348 77 31 60 477 239 25 68 384 38 426 227 333 0 247 138 25 38 227 510 246 257 296 343 31 54 25 427 60 508 459 343 301 397 205 147 25 459 3 164 427 318 276 397 296 205 81 25 341 383 230 348 136 283 246 284 25 81 56 230 459 281 14 343 296 348 25 56 60 81 167 163 230 437 458 510 25 56 81 227 294 491 54 269 348 119 25 337 231 119 56 123 269 491 438 191 25 56 60 63 377 491 456 497 257 215 25 56 60 348 230 419 343 497 81 6 25 56 348 60 343 81 67 389 215 297 25 98 474 56 60 497 264 430 491 297 25 298 56 494 463 180 81 16 60 275 25 56 60 343 348 81 500 296 497 67
[dump] L46.moe    n=40960   finite=1 absmax=0.31377      mean=-0.00022712  sumsq=105.918088         argmax=26551
[dump]   top0 idx=26551 val=0.31377
[dump]   top1 idx=16387 val=0.27719
[dump]   top2 idx=1027 val=0.26484
[dump]   top3 idx=7257 val=0.25901
[dump]   top4 idx=17550 val=0.24547
[dump] L46.res    n=327680  finite=1 absmax=28.533       mean=0.020827     sumsq=255584.6037        argmax=165667
[dump]   top0 idx=165667 val=25.28975
[dump]   top1 idx=163978 val=16.15971
[dump]   top2 idx=196747 val=16.01901
[dump]   top3 idx=176454 val=14.05961
[dump]   top4 idx=268427 val=13.37294
[dump] L47.hcmix  n=40960   finite=1 absmax=8.1964       mean=0.014737     sumsq=11406.66346        argmax=1827
[dump]   top0 idx=1827 val=6.32243
[dump]   top1 idx=138 val=4.04075
[dump]   top2 idx=30042 val=3.66072
[dump]   top3 idx=18402 val=3.17292
[dump]   top4 idx=13992 val=3.03623
[dump] L47.att    n=40960   finite=1 absmax=2.9395       mean=-0.0035887   sumsq=971.7432224        argmax=2314
[dump]   top0 idx=2314 val=2.93949
[dump]   top1 idx=722 val=1.89925
[dump]   top2 idx=579 val=1.44006
[dump]   top3 idx=1027 val=1.42590
[dump]   top4 idx=1202 val=1.35057
[dump] L47.ffnxn  n=10240   finite=1 absmax=11.264       mean=0.0083699    sumsq=23674.01993        argmax=5150
[dump]   top0 idx=5150 val=9.64269
[dump]   top1 idx=1882 val=9.36091
[dump]   top2 idx=4370 val=8.81342
[dump]   top3 idx=5258 val=7.97998
[dump]   top4 idx=6915 val=7.73414
[dump] L47.fmix   n=2560    finite=1 absmax=6.0506       mean=0.0075611    sumsq=3313.845006        argmax=122
[dump]   top0 idx=122 val=4.92662
[dump]   top1 idx=1795 val=4.76880
[dump]   top2 idx=1429 val=4.43801
[dump]   top3 idx=1101 val=3.70161
[dump]   top4 idx=2396 val=3.58656
[dump] L47.mid    n=10      finite=1 absmax=0 mean=0 sumsq=0 ids: 352 186 95 417 422 444 179 103 70 340
[dump] L47.moe    n=2560    finite=1 absmax=0.60828      mean=-0.00095706  sumsq=19.5115738         argmax=951
[dump]   top0 idx=951 val=0.58147
[dump]   top1 idx=617 val=0.44760
[dump]   top2 idx=2213 val=0.41423
[dump]   top3 idx=192 val=0.38536
[dump]   top4 idx=92 val=0.33664
[dump] L47.res    n=20480   finite=1 absmax=67.459       mean=-0.011827    sumsq=171201.8724        argmax=20133
[dump]   top0 idx=20133 val=32.25233
[dump]   top1 idx=15242 val=31.05953
[dump]   top2 idx=15762 val=25.42074
[dump]   top3 idx=17573 val=23.38038
[dump]   top4 idx=15013 val=23.23442
[dump] L00.hcmix  n=40960   finite=1 absmax=11.76        mean=0.030367     sumsq=31742.15024        argmax=37477
[dump]   top0 idx=37477 val=8.54350
[dump]   top1 idx=28717 val=7.80254
[dump]   top2 idx=37232 val=7.59833
[dump]   top3 idx=40037 val=7.40860
[dump]   top4 idx=38321 val=7.01997
[dump] L00.att    n=40960   finite=1 absmax=1.0866       mean=0.00022953   sumsq=449.7347614        argmax=2565
[dump]   top0 idx=2565 val=1.08664
[dump]   top1 idx=5 val=1.00970
[dump]   top2 idx=12805 val=0.94685
[dump]   top3 idx=5125 val=0.92478
[dump]   top4 idx=7685 val=0.91633
[dump] L00.ffnxn  n=163840  finite=1 absmax=21.219       mean=0.018896     sumsq=225119.6561        argmax=5877
[dump]   top0 idx=5877 val=21.21895
[dump]   top1 idx=6443 val=13.56322
[dump]   top2 idx=5125 val=12.85366
[dump]   top3 idx=107525 val=12.68122
[dump]   top4 idx=35845 val=12.46652
[dump] L00.fmix   n=40960   finite=1 absmax=2.7863       mean=0.0034925    sumsq=7318.77945         argmax=231
[dump]   top0 idx=231 val=2.36255
[dump]   top1 idx=268 val=2.32700
[dump]   top2 idx=22265 val=2.27917
[dump]   top3 idx=34347 val=2.24170
[dump]   top4 idx=37661 val=2.07894
[dump] L00.mid    n=160     finite=1 absmax=0 mean=0 sumsq=0 ids: 215 372 109 371 90 453 220 28 396 205 459 95 348 432 352 403 394 327 237 43 24 164 270 350 368 418 54 317 459 501 173 15 386 492 253 68 503 291 37 222 479 10 175 322 501 66 376 64 7 350 128 465 108 496 494 206 442 74 504 94 118 481 174 89 253 2 113 197 147 138 232 99 39 291 132 187 346 24 53 27 468 174 367 377 15 500 505 339 399 37 138 147 367 174 15 37 432 119 500 399 226 9 270 425 290 176 247 136 102 198 507 30 462 226 24 221 8 368 54 441 49 221 73 129 11 113 382 117 106 237 226 40 490 146 344 488 483 122 374 397 56 226 288 135 201 96 124 405 34 310 226 487 469 490 146 51 355 365 344 284
[dump] L00.moe    n=40960   finite=1 absmax=0.35476      mean=0.00043193   sumsq=37.30712243        argmax=1682
[dump]   top0 idx=1682 val=0.35476
[dump]   top1 idx=579 val=0.29842
[dump]   top2 idx=5 val=0.28178
[dump]   top3 idx=1500 val=0.27366
[dump]   top4 idx=23768 val=0.24801
[dump] L00.res    n=163840  finite=1 absmax=0.37763      mean=0.00038182   sumsq=75.25109152        argmax=46085
[dump]   top0 idx=46085 val=0.37763
[dump]   top1 idx=15365 val=0.32708
[dump]   top2 idx=76805 val=0.32478
[dump]   top3 idx=56325 val=0.31184
[dump]   top4 idx=138245 val=0.29906
[dump] ple.inp    n=40960   finite=1 absmax=0.038727     mean=-1.1161e-05  sumsq=2.525345585        argmax=250
[dump]   top0 idx=250 val=0.03855
[dump]   top1 idx=543 val=0.03649
[dump]   top2 idx=794 val=0.03546
[dump]   top3 idx=1160 val=0.03449
[dump]   top4 idx=857 val=0.03440
[dump] ple.key    n=163840  finite=1 absmax=0.72359      mean=-0.0012855   sumsq=37.39464165        argmax=943
[dump]   top0 idx=943 val=0.53538
[dump]   top1 idx=123823 val=0.50420
[dump]   top2 idx=82863 val=0.48718
[dump]   top3 idx=93103 val=0.47806
[dump]   top4 idx=154543 val=0.47264
[dump] ple.value  n=40960   finite=1 absmax=0.11369      mean=0.0002195    sumsq=1.845222143        argmax=531
[dump]   top0 idx=531 val=0.04776
[dump]   top1 idx=30988 val=0.04743
[dump]   top2 idx=23308 val=0.04530
[dump]   top3 idx=7948 val=0.04230
[dump]   top4 idx=33548 val=0.04092
[dump] ple.knorm  n=163840  finite=1 absmax=88.997       mean=-0.0672      sumsq=281658.2281        argmax=69008
[dump]   top0 idx=69008 val=37.15705
[dump]   top1 idx=99728 val=36.81419
[dump]   top2 idx=130448 val=36.51701
[dump]   top3 idx=140688 val=35.38744
[dump]   top4 idx=28048 val=34.05914
[dump] ple.qnorm  n=163840  finite=1 absmax=12.228       mean=0.030229     sumsq=131220.8053        argmax=8408
[dump]   top0 idx=8408 val=12.22786
[dump]   top1 idx=728 val=11.12189
[dump]   top2 idx=3288 val=10.67556
[dump]   top3 idx=2828 val=10.65214
[dump]   top4 idx=99845 val=7.97208
[dump] ple.gate   n=64      finite=1 absmax=0.91687      mean=0.20432      sumsq=7.193229372        argmax=29
[dump] ple.gated  n=163840  finite=1 absmax=0.091692     mean=4.2617e-05   sumsq=0.8758195389       argmax=94988
[dump]   top0 idx=94988 val=0.04077
[dump]   top1 idx=5651 val=0.04076
[dump]   top2 idx=84748 val=0.03381
[dump]   top3 idx=74508 val=0.03322
[dump]   top4 idx=6321 val=0.03153
[dump] ple.conv   n=163840  finite=1 absmax=0.28627      mean=0.00047437   sumsq=55.6633655         argmax=55277
[dump]   top0 idx=55277 val=0.28627
[dump]   top1 idx=157538 val=0.24202
[dump]   top2 idx=95132 val=0.23653
[dump]   top3 idx=85139 val=0.23485
[dump]   top4 idx=64156 val=0.22734
[dump] ple.out    n=163840  finite=1 absmax=0.44815      mean=0.00089882   sumsq=138.1776549        argmax=46085
[dump]   top0 idx=46085 val=0.37763
[dump]   top1 idx=15365 val=0.32706
[dump]   top2 idx=76805 val=0.32470
[dump]   top3 idx=56325 val=0.31175
[dump]   top4 idx=138245 val=0.29943
[dump] L01.ple    n=163840  finite=1 absmax=0.44815      mean=0.00089882   sumsq=138.1776549        argmax=46085
[dump]   top0 idx=46085 val=0.37763
[dump]   top1 idx=15365 val=0.32706
[dump]   top2 idx=76805 val=0.32470
[dump]   top3 idx=56325 val=0.31175
[dump]   top4 idx=138245 val=0.29943
[dump] L01.hcmix  n=40960   finite=1 absmax=3.5828       mean=0.01128      sumsq=8006.503199        argmax=7685
[dump]   top0 idx=7685 val=3.58278
[dump]   top1 idx=2565 val=3.39217
[dump]   top2 idx=17925 val=3.19455
[dump]   top3 idx=23045 val=3.18298
[dump]   top4 idx=10245 val=3.12179
[dump] L01.att    n=40960   finite=1 absmax=1.309        mean=-0.0039659   sumsq=774.8562834        argmax=14273
[dump]   top0 idx=14273 val=1.30900
[dump]   top1 idx=11713 val=1.15927
[dump]   top2 idx=6593 val=1.15191
[dump]   top3 idx=28491 val=1.12951
[dump]   top4 idx=5451 val=1.11806
[dump] L01.ffnxn  n=163840  finite=1 absmax=31.641       mean=0.013225     sumsq=213773.1415        argmax=25376
[dump]   top0 idx=25376 val=12.57476
[dump]   top1 idx=149176 val=12.14674
[dump]   top2 idx=135820 val=11.30643
[dump]   top3 idx=78187 val=11.25482
[dump]   top4 idx=129387 val=10.89132
[dump] L01.fmix   n=40960   finite=1 absmax=3.3254       mean=0.00018787   sumsq=6641.800807        argmax=4046
[dump]   top0 idx=4046 val=3.32542
[dump]   top1 idx=33285 val=2.60666
[dump]   top2 idx=25605 val=2.55110
[dump]   top3 idx=17925 val=2.52035
[dump]   top4 idx=35845 val=2.36411
[dump] L01.mid    n=160     finite=1 absmax=0 mean=0 sumsq=0 ids: 19 320 157 131 165 225 345 205 446 186 131 10 128 348 486 500 103 19 303 196 168 210 381 441 458 81 289 207 27 445 86 91 500 341 19 447 67 41 425 348 326 429 499 441 458 233 319 296 313 81 282 5 382 500 101 443 349 177 307 425 151 54 253 473 41 282 425 117 139 140 372 103 431 64 1 196 409 348 345 286 496 21 372 371 431 500 409 314 44 1 496 122 44 371 20 163 41 169 54 78 149 377 496 98 500 81 86 289 425 507 81 168 458 54 139 507 377 169 121 98 500 118 377 81 323 54 289 425 98 131 500 140 149 127 205 67 249 412 289 425 149 500 205 280 19 26 265 87 306 412 330 385 285 323 459 311 495 450 369 22
[dump] L01.moe    n=40960   finite=1 absmax=0.22226      mean=0.00012883   sumsq=2.859981689        argmax=1832
[dump]   top0 idx=1832 val=0.06782
[dump]   top1 idx=2010 val=0.05540
[dump]   top2 idx=1531 val=0.05507
[dump]   top3 idx=855 val=0.05451
[dump]   top4 idx=26455 val=0.05410
[dump] L01.res    n=327680  finite=1 absmax=30.067       mean=0.012318     sumsq=251639.3119        argmax=182615
[dump]   top0 idx=182615 val=16.86781
[dump]   top1 idx=271365 val=15.43888
[dump]   top2 idx=209925 val=15.36530
[dump]   top3 idx=240645 val=15.32231
[dump]   top4 idx=168965 val=15.19514
[dump] L02.hcmix  n=40960   finite=1 absmax=10.696       mean=0.010413     sumsq=12275.60743        argmax=10245
[dump]   top0 idx=10245 val=4.40305
[dump]   top1 idx=3415 val=4.22272
[dump]   top2 idx=25605 val=4.20525
[dump]   top3 idx=17925 val=4.19925
[dump]   top4 idx=15365 val=4.19056
[dump] L02.att    n=40960   finite=1 absmax=3.0882       mean=0.0049858    sumsq=524.4505205        argmax=2010
[dump]   top0 idx=2010 val=1.25582
[dump]   top1 idx=403 val=0.80978
[dump]   top2 idx=2293 val=0.75753
[dump]   top3 idx=348 val=0.70048
[dump]   top4 idx=913 val=0.68048
[dump] L02.ffnxn  n=163840  finite=1 absmax=36.466       mean=0.03884      sumsq=264543.4389        argmax=68577
[dump]   top0 idx=68577 val=14.03597
[dump]   top1 idx=149176 val=13.86616
[dump]   top2 idx=46776 val=12.29647
[dump]   top3 idx=25376 val=11.52691
[dump]   top4 idx=55277 val=11.03638
[dump] L02.fmix   n=40960   finite=1 absmax=5.2914       mean=0.010458     sumsq=6600.393363        argmax=12655
[dump]   top0 idx=12655 val=2.07445
[dump]   top1 idx=24008 val=1.87715
[dump]   top2 idx=15072 val=1.85464
[dump]   top3 idx=7392 val=1.82036
[dump]   top4 idx=4046 val=1.78313
[dump] L02.mid    n=160     finite=1 absmax=0 mean=0 sumsq=0 ids: 75 12 209 68 137 403 257 272 87 255 75 42 169 139 22 479 356 192 61 376 75 141 42 169 13 61 355 356 430 102 75 259 427 32 440 61 466 371 12 356 410 433 355 124 252 407 75 133 76 341 32 103 123 75 9 22 285 259 426 69 70 124 75 165 402 355 133 191 356 52 22 75 69 170 145 35 430 61 356 180 230 22 75 480 260 356 102 285 61 506 75 230 22 356 152 61 285 260 431 480 75 61 185 431 459 482 385 22 52 319 430 75 385 52 421 13 316 88 388 275 75 70 385 72 503 205 376 382 16 133 75 275 187 61 32 13 272 12 420 31 75 507 399 225 129 275 272 161 495 61 265 397 309 352 167 275 406 165 75 173
[dump] L02.moe    n=40960   finite=1 absmax=0.10461      mean=0.00031603   sumsq=3.199852293        argmax=23308
[dump]   top0 idx=23308 val=0.10461
[dump]   top1 idx=20748 val=0.09189
[dump]   top2 idx=3288 val=0.09056
[dump]   top3 idx=5388 val=0.08286
[dump]   top4 idx=951 val=0.08256
[dump] L02.res    n=327680  finite=1 absmax=22.688       mean=0.014559     sumsq=123509.6405        argmax=168965
[dump]   top0 idx=168965 val=18.07111
[dump]   top1 idx=240645 val=17.12523
[dump]   top2 idx=271365 val=17.01322
[dump]   top3 idx=230405 val=16.57428
[dump]   top4 idx=209925 val=16.43214
[dump] L03.hcmix  n=40960   finite=1 absmax=6.2113       mean=0.014091     sumsq=4463.820074        argmax=5908
[dump]   top0 idx=5908 val=4.58499
[dump]   top1 idx=16148 val=4.44622
[dump]   top2 idx=13588 val=4.39623
[dump]   top3 idx=25605 val=4.24316
[dump]   top4 idx=10245 val=4.22451
[dump] L03.att    n=40960   finite=1 absmax=0.91906      mean=-0.0026528   sumsq=293.2921947        argmax=522
[dump]   top0 idx=522 val=0.77064
[dump]   top1 idx=1832 val=0.64989
[dump]   top2 idx=667 val=0.56205
[dump]   top3 idx=983 val=0.55267
[dump]   top4 idx=1578 val=0.55263
[dump] L03.ffnxn  n=163840  finite=1 absmax=37.96        mean=0.036532     sumsq=304121.8873        argmax=98008
[dump]   top0 idx=98008 val=22.97721
[dump]   top1 idx=108248 val=22.11048
[dump]   top2 idx=159448 val=22.08710
[dump]   top3 idx=67288 val=21.92332
[dump]   top4 idx=128728 val=21.35210
[dump] L03.fmix   n=40960   finite=1 absmax=3.3536       mean=0.016425     sumsq=12570.35719        argmax=4046
[dump]   top0 idx=4046 val=3.19385
[dump]   top1 idx=10968 val=3.14993
[dump]   top2 idx=33997 val=2.98993
[dump]   top3 idx=3288 val=2.91259
[dump]   top4 idx=8408 val=2.67237
[dump] L03.mid    n=160     finite=1 absmax=0 mean=0 sumsq=0 ids: 243 143 190 405 470 223 205 253 371 231 476 47 405 231 228 343 441 473 243 277 343 112 47 71 146 21 405 486 231 470 231 190 441 228 418 146 470 504 101 484 146 299 419 406 451 254 484 169 228 27 441 443 418 190 156 494 231 347 228 149 296 146 396 193 189 21 307 467 419 77 17 296 193 189 32 231 190 485 295 200 365 190 396 296 295 271 200 307 509 449 189 296 190 307 101 149 365 295 480 418 74 418 231 190 104 365 228 257 449 152 74 71 257 81 112 190 91 365 262 101 74 257 190 277 365 101 146 224 83 343 441 504 194 315 190 101 231 206 318 418 364 315 86 185 104 101 194 441 31 184 467 396 101 218 472 271 441 365 102 104
[dump] L03.moe    n=40960   finite=1 absmax=0.054375     mean=6.2612e-05   sumsq=3.684827863        argmax=22718
[dump]   top0 idx=22718 val=0.04621
[dump]   top1 idx=29614 val=0.04612
[dump]   top2 idx=28855 val=0.04411
[dump]   top3 idx=11687 val=0.03960
[dump]   top4 idx=29681 val=0.03944
[dump] L03.res    n=327680  finite=1 absmax=31.206       mean=0.01912      sumsq=259534.1606        argmax=168965
[dump]   top0 idx=168965 val=19.37314
[dump]   top1 idx=240645 val=18.32444
[dump]   top2 idx=271365 val=18.19684
[dump]   top3 idx=230405 val=17.79812
[dump]   top4 idx=209925 val=17.58557
[dump] L04.hcmix  n=40960   finite=1 absmax=8.561        mean=0.020308     sumsq=13129.42019        argmax=25605
[dump]   top0 idx=25605 val=5.11167
[dump]   top1 idx=15365 val=5.00687
[dump]   top2 idx=5 val=4.83528
[dump]   top3 idx=17925 val=4.83196
[dump]   top4 idx=10245 val=4.82246
[dump] L04.att    n=40960   finite=1 absmax=0.64974      mean=-0.0014987   sumsq=208.251436         argmax=29813
[dump]   top0 idx=29813 val=0.64974
[dump]   top1 idx=9333 val=0.50615
[dump]   top2 idx=32373 val=0.50032
[dump]   top3 idx=34933 val=0.47653
[dump]   top4 idx=10871 val=0.46011
[dump] L04.ffnxn  n=163840  finite=1 absmax=36.4         mean=0.034338     sumsq=333468.4477        argmax=98008
[dump]   top0 idx=98008 val=19.39441
[dump]   top1 idx=108248 val=18.72890
[dump]   top2 idx=159448 val=18.65743
[dump]   top3 idx=67288 val=18.45410
[dump]   top4 idx=118488 val=18.21335
[dump] L04.fmix   n=40960   finite=1 absmax=3.2754       mean=0.014737     sumsq=14263.84377        argmax=4046
[dump]   top0 idx=4046 val=3.27540
[dump]   top1 idx=22230 val=2.97794
[dump]   top2 idx=22265 val=2.86999
[dump]   top3 idx=22766 val=2.74879
[dump]   top4 idx=22718 val=2.73696
[dump] L04.mid    n=160     finite=1 absmax=0 mean=0 sumsq=0 ids: 3 309 119 392 252 307 486 106 41 453 309 385 274 453 402 410 252 277 123 62 309 505 385 41 293 479 414 251 299 36 309 410 421 414 252 204 496 500 453 454 204 36 309 378 414 333 72 366 159 379 153 41 274 410 207 491 259 204 106 36 455 479 36 16 303 321 413 204 174 91 41 21 309 134 282 453 410 106 312 500 504 21 177 134 41 282 351 150 221 309 256 309 504 491 221 293 500 21 436 453 453 293 436 309 410 299 500 375 445 69 425 309 204 252 36 483 476 41 12 504 500 309 150 345 282 136 453 410 323 174 106 309 274 453 41 410 186 252 259 496 395 468 391 309 306 192 274 324 106 89 177 309 186 172 244 467 80 89 100 193
[dump] L04.moe    n=40960   finite=1 absmax=0.094732     mean=0.00010828   sumsq=7.229381956        argmax=13437
[dump]   top0 idx=13437 val=0.09012
[dump]   top1 idx=14936 val=0.08976
[dump]   top2 idx=13941 val=0.08629
[dump]   top3 idx=13197 val=0.08157
[dump]   top4 idx=14939 val=0.07675
[dump] L04.res    n=327680  finite=1 absmax=34.596       mean=0.013451     sumsq=251657.4249        argmax=285813
[dump]   top0 idx=285813 val=34.59645
[dump]   top1 idx=296053 val=24.03661
[dump]   top2 idx=203893 val=22.09234
[dump]   top3 idx=306293 val=21.37680
[dump]   top4 idx=255093 val=19.74739
[dump] L05.hcmix  n=40960   finite=1 absmax=12.036       mean=0.01244      sumsq=12784.62904        argmax=29813
[dump]   top0 idx=29813 val=9.52623
[dump]   top1 idx=34933 val=5.68193
[dump]   top2 idx=1653 val=5.35198
[dump]   top3 idx=14453 val=4.31966
[dump]   top4 idx=1500 val=4.24022
[dump] L05.att    n=40960   finite=1 absmax=7.0958       mean=-0.0013881   sumsq=328.5413494        argmax=1500
[dump]   top0 idx=1500 val=1.98728
[dump]   top1 idx=788 val=0.90195
[dump]   top2 idx=5751 val=0.78616
[dump]   top3 idx=2121 val=0.78230
[dump]   top4 idx=1787 val=0.69985
[dump] L05.ffnxn  n=163840  finite=1 absmax=32.495       mean=0.034899     sumsq=325083.3465        argmax=88624
[dump]   top0 idx=88624 val=11.75382
[dump]   top1 idx=9180 val=11.73735
[dump]   top2 idx=95132 val=11.25216
[dump]   top3 idx=55277 val=10.55033
[dump]   top4 idx=49641 val=10.47754
[dump] L05.fmix   n=40960   finite=1 absmax=2.656        mean=0.0089932    sumsq=10627.25495        argmax=10596
[dump]   top0 idx=10596 val=2.65596
[dump]   top1 idx=1009 val=2.55169
[dump]   top2 idx=11241 val=2.52387
[dump]   top3 idx=21685 val=2.45775
[dump]   top4 idx=37045 val=2.42469
[dump] L05.mid    n=160     finite=1 absmax=0 mean=0 sumsq=0 ids: 392 42 56 353 386 291 236 175 228 98 104 505 439 274 216 268 81 220 402 420 497 269 400 136 126 274 347 380 130 422 395 140 118 216 169 236 417 400 200 224 497 200 269 227 365 77 323 440 338 400 310 142 228 468 140 1 236 124 98 436 269 418 36 210 360 400 18 67 77 38 314 291 102 390 239 124 364 2 224 14 390 452 280 102 449 291 191 120 140 169 140 452 291 169 102 420 328 390 344 38 328 192 177 344 505 418 429 302 314 291 291 314 38 177 344 269 136 216 440 239 104 38 291 216 177 344 402 418 134 395 288 140 104 236 446 344 14 142 326 291 53 344 116 133 298 288 2 177 291 114 418 17 18 177 344 404 269 61 451 453
[dump] L05.moe    n=40960   finite=1 absmax=0.093127     mean=0.00058679   sumsq=3.785582313        argmax=3139
[dump]   top0 idx=3139 val=0.04769
[dump]   top1 idx=7573 val=0.04478
[dump]   top2 idx=34165 val=0.04476
[dump]   top3 idx=524 val=0.04385
[dump]   top4 idx=24581 val=0.04328
[dump] L05.res    n=327680  finite=1 absmax=55.537       mean=0.01686      sumsq=213722.7335        argmax=168965
[dump]   top0 idx=168965 val=18.62374
[dump]   top1 idx=240645 val=17.36633
[dump]   top2 idx=271365 val=17.36467
[dump]   top3 idx=230405 val=17.07180
[dump]   top4 idx=209925 val=16.64771
[dump] L06.hcmix  n=40960   finite=1 absmax=18.795       mean=0.014758     sumsq=11126.67494        argmax=1500
[dump]   top0 idx=1500 val=8.34621
[dump]   top1 idx=5 val=4.89325
[dump]   top2 idx=25605 val=4.81863
[dump]   top3 idx=15365 val=4.74682
[dump]   top4 idx=17925 val=4.65973
[dump] L06.att    n=40960   finite=1 absmax=1.5834       mean=-0.0023815   sumsq=1053.775087        argmax=3042
[dump]   top0 idx=3042 val=1.58338
[dump]   top1 idx=5602 val=1.46255
[dump]   top2 idx=8162 val=1.32096
[dump]   top3 idx=10722 val=1.31198
[dump]   top4 idx=8631 val=1.30303
[dump] L06.ffnxn  n=163840  finite=1 absmax=26.995       mean=0.031707     sumsq=303231.085         argmax=68577
[dump]   top0 idx=68577 val=14.67576
[dump]   top1 idx=120951 val=12.44871
[dump]   top2 idx=88825 val=12.32475
[dump]   top3 idx=149176 val=12.27704
[dump]   top4 idx=28791 val=12.20630
[dump] L06.fmix   n=40960   finite=1 absmax=3.5119       mean=0.016115     sumsq=13938.0348         argmax=11241
[dump]   top0 idx=11241 val=3.12067
[dump]   top1 idx=11585 val=2.62844
[dump]   top2 idx=17377 val=2.61947
[dump]   top3 idx=35985 val=2.60179
[dump]   top4 idx=10936 val=2.57321
[dump] L06.mid    n=160     finite=1 absmax=0 mean=0 sumsq=0 ids: 223 33 283 394 379 40 439 159 256 152 394 40 67 439 94 474 409 329 346 172 89 71 380 244 367 206 55 43 202 387 197 244 352 398 59 267 43 433 305 149 278 212 486 503 89 423 197 82 300 45 97 152 67 191 227 144 295 91 398 503 502 348 323 314 273 107 315 312 450 2 295 408 172 496 227 304 503 184 333 461 295 210 290 77 209 387 411 464 54 191 295 503 299 39 77 431 95 411 290 282 95 282 245 477 475 163 71 431 485 141 69 440 245 477 91 295 467 89 107 256 413 492 123 270 75 503 40 486 261 494 152 326 127 159 375 123 278 69 133 390 63 307 275 488 173 157 352 78 130 356 212 341 353 85 278 337 486 275 300 393
[dump] L06.moe    n=40960   finite=1 absmax=0.081951     mean=0.00012791   sumsq=7.048950537        argmax=33173
[dump]   top0 idx=33173 val=0.08195
[dump]   top1 idx=39402 val=0.06591
[dump]   top2 idx=7546 val=0.06476
[dump]   top3 idx=39934 val=0.06454
[dump]   top4 idx=39261 val=0.06341
[dump] L06.res    n=327680  finite=1 absmax=57.698       mean=0.0093633    sumsq=125868.7724        argmax=168965
[dump]   top0 idx=168965 val=16.68696
[dump]   top1 idx=271365 val=15.52593
[dump]   top2 idx=240645 val=15.49334
[dump]   top3 idx=230405 val=15.15838
[dump]   top4 idx=209925 val=14.83909
[dump] L07.hcmix  n=40960   finite=1 absmax=15.225       mean=0.0080512    sumsq=5497.954109        argmax=17925
[dump]   top0 idx=17925 val=4.19636
[dump]   top1 idx=15365 val=4.15791
[dump]   top2 idx=25605 val=4.11360
[dump]   top3 idx=10245 val=4.02416
[dump]   top4 idx=12805 val=3.99522
[dump] L07.att    n=40960   finite=1 absmax=2.4507       mean=0.0017421    sumsq=708.3579557        argmax=951
[dump]   top0 idx=951 val=2.45072
[dump]   top1 idx=1736 val=1.79691
[dump]   top2 idx=1134 val=1.68544
[dump]   top3 idx=1795 val=1.61694
[dump]   top4 idx=47 val=1.38509
[dump] L07.ffnxn  n=163840  finite=1 absmax=41.591       mean=0.031009     sumsq=213932.2475        argmax=9180
[dump]   top0 idx=9180 val=10.42906
[dump]   top1 idx=97698 val=10.23304
[dump]   top2 idx=98008 val=10.03010
[dump]   top3 idx=67288 val=9.73238
[dump]   top4 idx=108248 val=9.67019
[dump] L07.fmix   n=40960   finite=1 absmax=2.837        mean=0.018676     sumsq=11507.66252        argmax=32106
[dump]   top0 idx=32106 val=2.29217
[dump]   top1 idx=11241 val=2.24143
[dump]   top2 idx=11675 val=2.23110
[dump]   top3 idx=10871 val=2.15786
[dump]   top4 idx=17974 val=2.12863
[dump] L07.mid    n=160     finite=1 absmax=0 mean=0 sumsq=0 ids: 165 351 159 346 432 455 242 8 163 303 159 367 486 194 346 351 366 325 50 498 256 456 340 369 486 265 50 403 203 502 486 301 504 156 445 242 303 179 340 472 203 83 393 71 149 504 146 293 194 358 242 165 84 287 60 451 445 22 303 169 502 486 50 194 69 309 403 237 198 297 411 296 159 358 227 256 223 340 304 498 70 411 152 403 294 359 462 368 188 169 70 403 411 194 294 142 152 252 368 359 41 369 194 8 411 498 486 456 87 338 358 455 87 464 194 203 411 363 50 456 50 511 87 82 369 281 403 194 486 69 358 445 87 509 50 252 471 159 242 498 365 77 194 196 405 117 279 328 8 5 418 400 502 3 501 124 198 313 511 48
[dump] L07.moe    n=40960   finite=1 absmax=0.091041     mean=0.00026584   sumsq=4.92871682         argmax=30613
[dump]   top0 idx=30613 val=0.07817
[dump]   top1 idx=17813 val=0.07323
[dump]   top2 idx=13324 val=0.06258
[dump]   top3 idx=29365 val=0.05528
[dump]   top4 idx=18569 val=0.05471
[dump] L07.res    n=327680  finite=1 absmax=37.96        mean=0.024386     sumsq=271504.8109        argmax=232417
[dump]   top0 idx=232417 val=19.88250
[dump]   top1 idx=258972 val=10.87006
[dump]   top2 idx=321378 val=10.56246
[dump]   top3 idx=235413 val=10.39347
[dump]   top4 idx=284791 val=10.27753
[dump] L08.hcmix  n=40960   finite=1 absmax=5.3444       mean=0.025007     sumsq=10150.02839        argmax=17813
[dump]   top0 idx=17813 val=5.34436
[dump]   top1 idx=30613 val=4.54244
[dump]   top2 idx=28791 val=4.42490
[dump]   top3 idx=10871 val=3.87121
[dump]   top4 idx=7573 val=3.82864
[dump] L08.att    n=40960   finite=1 absmax=0.19354      mean=0.00090455   sumsq=30.33671779        argmax=38756
[dump]   top0 idx=38756 val=0.19354
[dump]   top1 idx=16565 val=0.16600
[dump]   top2 idx=39605 val=0.15989
[dump]   top3 idx=40195 val=0.14744
[dump]   top4 idx=37045 val=0.14416
[dump] L08.ffnxn  n=163840  finite=1 absmax=43.161       mean=0.036262     sumsq=184257.0121        argmax=98008
[dump]   top0 idx=98008 val=13.36918
[dump]   top1 idx=67288 val=12.91699
[dump]   top2 idx=108248 val=12.82282
[dump]   top3 idx=159448 val=12.57123
[dump]   top4 idx=118488 val=12.55225
[dump] L08.fmix   n=40960   finite=1 absmax=4.8824       mean=0.024052     sumsq=11118.26627        argmax=1500
[dump]   top0 idx=1500 val=4.88235
[dump]   top1 idx=4046 val=3.22661
[dump]   top2 idx=28791 val=3.16947
[dump]   top3 idx=10871 val=2.79543
[dump]   top4 idx=15991 val=2.72435
[dump] L08.mid    n=160     finite=1 absmax=0 mean=0 sumsq=0 ids: 308 456 387 175 181 439 263 370 219 46 219 263 462 183 231 387 121 308 175 81 134 263 74 99 212 371 436 308 364 462 263 360 342 308 99 175 46 11 387 62 263 157 128 217 342 134 74 360 83 22 175 263 308 206 360 46 439 387 473 394 134 263 387 99 74 157 360 114 183 277 387 134 263 46 1 204 261 360 223 175 360 252 263 313 66 295 163 367 46 1 263 360 46 308 354 370 175 27 387 105 263 360 181 308 370 46 175 105 164 264 134 263 181 183 387 66 462 360 218 308 263 183 360 462 218 308 114 354 46 99 263 181 134 183 462 360 392 175 308 206 263 181 360 387 462 102 46 308 392 183 317 465 192 263 436 102 196 462 17 299
[dump] L08.moe    n=40960   finite=1 absmax=0.10862      mean=-0.00010508  sumsq=5.938975739        argmax=1500
[dump]   top0 idx=1500 val=0.08902
[dump]   top1 idx=32897 val=0.07591
[dump]   top2 idx=32045 val=0.07301
[dump]   top3 idx=30 val=0.07252
[dump]   top4 idx=32409 val=0.06887
[dump] L08.res    n=327680  finite=1 absmax=42.059       mean=0.016275     sumsq=182751.8721        argmax=165340
[dump]   top0 idx=165340 val=13.77315
[dump]   top1 idx=261848 val=12.73393
[dump]   top2 idx=231128 val=12.30323
[dump]   top3 idx=272088 val=12.21353
[dump]   top4 idx=323288 val=11.97390
[dump] L09.hcmix  n=40960   finite=1 absmax=11.636       mean=0.020112     sumsq=12115.68022        argmax=1500
[dump]   top0 idx=1500 val=6.88558
[dump]   top1 idx=17813 val=5.02746
[dump]   top2 idx=30613 val=4.69086
[dump]   top3 idx=26805 val=3.70470
[dump]   top4 idx=21685 val=3.66432
[dump] L09.att    n=40960   finite=1 absmax=0.67595      mean=0.00025465   sumsq=164.6530025        argmax=9166
[dump]   top0 idx=9166 val=0.67595
[dump]   top1 idx=3511 val=0.37701
[dump]   top2 idx=11191 val=0.34267
[dump]   top3 idx=23753 val=0.29146
[dump]   top4 idx=9362 val=0.28343
[dump] L09.ffnxn  n=163840  finite=1 absmax=38.295       mean=0.040125     sumsq=226651.8675        argmax=98008
[dump]   top0 idx=98008 val=15.47577
[dump]   top1 idx=67288 val=14.95206
[dump]   top2 idx=108248 val=14.84339
[dump]   top3 idx=159448 val=14.55235
[dump]   top4 idx=118488 val=14.52920
[dump] L09.fmix   n=40960   finite=1 absmax=4.0029       mean=0.024475     sumsq=11806.29142        argmax=1500
[dump]   top0 idx=1500 val=4.00290
[dump]   top1 idx=4046 val=2.76128
[dump]   top2 idx=11241 val=2.43161
[dump]   top3 idx=681 val=2.28341
[dump]   top4 idx=30613 val=2.21476
[dump] L09.mid    n=160     finite=1 absmax=0 mean=0 sumsq=0 ids: 218 369 68 368 430 96 376 209 142 229 292 425 40 430 17 396 321 369 218 113 113 382 425 266 428 317 40 402 205 321 425 321 444 218 68 430 477 209 376 205 371 425 276 382 115 201 417 91 321 336 425 238 376 218 427 371 292 230 361 142 427 148 425 18 374 371 382 428 430 369 459 427 430 218 211 456 209 491 170 11 10 90 459 426 456 55 427 479 14 11 459 370 20 377 73 264 141 218 90 430 377 70 409 218 205 427 382 321 506 154 430 264 374 153 321 369 370 218 230 456 370 264 430 321 276 374 153 218 488 230 264 478 292 370 427 430 376 230 276 218 264 478 427 230 376 370 68 71 378 374 18 468 339 237 146 399 230 148 15 138
[dump] L09.moe    n=40960   finite=1 absmax=0.059079     mean=1.4756e-05   sumsq=3.999023332        argmax=36471
[dump]   top0 idx=36471 val=0.05908
[dump]   top1 idx=38650 val=0.04695
[dump]   top2 idx=28055 val=0.04584
[dump]   top3 idx=21725 val=0.04361
[dump]   top4 idx=29027 val=0.04251
[dump] L09.res    n=327680  finite=1 absmax=32.766       mean=0.016264     sumsq=203501.9257        argmax=261848
[dump]   top0 idx=261848 val=15.53343
[dump]   top1 idx=231128 val=15.00568
[dump]   top2 idx=272088 val=14.89887
[dump]   top3 idx=165340 val=14.70785
[dump]   top4 idx=323288 val=14.60614
[dump] L10.hcmix  n=40960   finite=1 absmax=11.851       mean=0.020309     sumsq=12765.30216        argmax=1500
[dump]   top0 idx=1500 val=7.98357
[dump]   top1 idx=17813 val=4.62330
[dump]   top2 idx=30613 val=4.16416
[dump]   top3 idx=26805 val=3.77826
[dump]   top4 idx=28791 val=3.66956
[dump] L10.att    n=40960   finite=1 absmax=1.0095       mean=-0.0005564   sumsq=297.3258432        argmax=9166
[dump]   top0 idx=9166 val=1.00950
[dump]   top1 idx=26593 val=0.62551
[dump]   top2 idx=5848 val=0.52351
[dump]   top3 idx=8973 val=0.51586
[dump]   top4 idx=18871 val=0.50782
[dump] L10.ffnxn  n=163840  finite=1 absmax=40.484       mean=0.027132     sumsq=173404.7688        argmax=1500
[dump]   top0 idx=1500 val=12.61822
[dump]   top1 idx=32206 val=12.21753
[dump]   top2 idx=98008 val=12.03063
[dump]   top3 idx=67288 val=11.60979
[dump]   top4 idx=108248 val=11.53463
[dump] L10.fmix   n=40960   finite=1 absmax=2.8528       mean=0.015345     sumsq=9943.025077        argmax=4046
[dump]   top0 idx=4046 val=2.48888
[dump]   top1 idx=15991 val=2.43765
[dump]   top2 idx=10936 val=2.42897
[dump]   top3 idx=10871 val=2.42806
[dump]   top4 idx=17813 val=2.17370
[dump] L10.mid    n=160     finite=1 absmax=0 mean=0 sumsq=0 ids: 461 325 107 264 164 508 495 278 355 322 264 461 278 325 417 341 58 164 355 296 461 278 17 230 325 187 264 40 121 319 264 461 278 341 58 508 417 379 70 230 187 373 25 167 288 461 87 264 433 500 461 508 373 97 379 433 264 278 355 164 461 230 464 97 373 278 70 417 508 355 461 97 455 373 508 28 379 319 177 164 461 398 143 509 501 97 508 423 321 271 461 423 508 97 501 417 373 379 18 58 461 97 17 373 423 58 508 343 379 33 97 355 373 461 278 17 69 417 464 40 18 278 97 461 355 69 387 508 336 40 355 461 495 97 69 387 404 341 278 379 97 461 355 373 417 88 322 500 247 416 373 459 103 302 97 322 356 500 164 416
[dump] L10.moe    n=40960   finite=1 absmax=0.31698      mean=-9.5511e-05  sumsq=4.070736711        argmax=21
[dump]   top0 idx=21 val=0.08801
[dump]   top1 idx=1912 val=0.08341
[dump]   top2 idx=579 val=0.06381
[dump]   top3 idx=1500 val=0.06266
[dump]   top4 idx=788 val=0.05852
[dump] L10.res    n=327680  finite=1 absmax=56.74        mean=0.01159      sumsq=111611.7882        argmax=168965
[dump]   top0 idx=168965 val=11.64377
[dump]   top1 idx=165340 val=11.19047
[dump]   top2 idx=240645 val=10.84217
[dump]   top3 idx=271365 val=10.82899
[dump]   top4 idx=261848 val=10.77261
[dump] L11.hcmix  n=40960   finite=1 absmax=19.147       mean=0.011905     sumsq=5319.886418        argmax=12805
[dump]   top0 idx=12805 val=2.96935
[dump]   top1 idx=25605 val=2.88156
[dump]   top2 idx=1500 val=2.83833
[dump]   top3 idx=7685 val=2.83456
[dump]   top4 idx=17925 val=2.82414
[dump] L11.att    n=40960   finite=1 absmax=2.7989       mean=0.00016584   sumsq=559.4721487        argmax=2311
[dump]   top0 idx=2311 val=2.79891
[dump]   top1 idx=47 val=2.36012
[dump]   top2 idx=1795 val=1.75480
[dump]   top3 idx=2307 val=1.59748
[dump]   top4 idx=86 val=1.42347
[dump] L11.ffnxn  n=163840  finite=1 absmax=38.907       mean=0.027832     sumsq=172188.474         argmax=1500
[dump]   top0 idx=1500 val=12.50838
[dump]   top1 idx=98008 val=12.49117
[dump]   top2 idx=67288 val=12.05528
[dump]   top3 idx=108248 val=11.97643
[dump]   top4 idx=128728 val=11.74359
[dump] L11.fmix   n=40960   finite=1 absmax=2.6839       mean=0.016493     sumsq=9657.297922        argmax=4046
[dump]   top0 idx=4046 val=2.68394
[dump]   top1 idx=17813 val=2.47859
[dump]   top2 idx=33911 val=2.31721
[dump]   top3 idx=30613 val=2.22674
[dump]   top4 idx=4060 val=2.02676
[dump] L11.mid    n=160     finite=1 absmax=0 mean=0 sumsq=0 ids: 130 163 104 393 430 108 268 424 361 417 418 350 163 261 273 240 30 477 108 397 240 163 323 223 30 268 418 508 211 23 482 108 418 323 350 430 461 163 268 84 285 461 323 174 108 23 418 36 430 211 108 201 323 350 418 508 120 500 461 457 323 108 36 418 482 27 360 211 219 166 323 108 418 120 350 384 7 268 492 430 418 120 323 350 360 430 384 108 35 331 418 108 323 120 350 384 97 164 430 35 418 108 23 430 485 323 508 273 317 350 323 418 508 261 120 98 166 268 273 163 323 418 508 457 108 261 166 273 120 163 323 418 508 166 430 249 273 500 261 371 166 418 430 323 508 249 371 108 151 273 166 418 240 430 323 6 453 249 151 348
[dump] L11.moe    n=40960   finite=1 absmax=0.059829     mean=-5.1878e-05  sumsq=3.468173317        argmax=29177
[dump]   top0 idx=29177 val=0.05464
[dump]   top1 idx=30507 val=0.04724
[dump]   top2 idx=33138 val=0.04671
[dump]   top3 idx=28783 val=0.04584
[dump]   top4 idx=29275 val=0.04544
[dump] L11.res    n=327680  finite=1 absmax=37.316       mean=0.015673     sumsq=210901.1536        argmax=261848
[dump]   top0 idx=261848 val=15.67131
[dump]   top1 idx=231128 val=15.12466
[dump]   top2 idx=272088 val=15.02550
[dump]   top3 idx=165340 val=14.82518
[dump]   top4 idx=292568 val=14.73372
[dump] L12.hcmix  n=40960   finite=1 absmax=19.025       mean=0.015744     sumsq=12191.97689        argmax=1500
[dump]   top0 idx=1500 val=9.07461
[dump]   top1 idx=17813 val=3.72475
[dump]   top2 idx=10157 val=3.35275
[dump]   top3 idx=7573 val=3.32033
[dump]   top4 idx=26805 val=3.27852
[dump] L12.att    n=40960   finite=1 absmax=0.60557      mean=-0.0014999   sumsq=176.5302742        argmax=2311
[dump]   top0 idx=2311 val=0.60557
[dump]   top1 idx=16353 val=0.56401
[dump]   top2 idx=914 val=0.50782
[dump]   top3 idx=359 val=0.42062
[dump]   top4 idx=34008 val=0.37705
[dump] L12.ffnxn  n=163840  finite=1 absmax=43.256       mean=0.025199     sumsq=204787.2179        argmax=98008
[dump]   top0 idx=98008 val=11.65320
[dump]   top1 idx=67288 val=11.24660
[dump]   top2 idx=108248 val=11.17258
[dump]   top3 idx=128728 val=10.95725
[dump]   top4 idx=159448 val=10.94641
[dump] L12.fmix   n=40960   finite=1 absmax=3.1335       mean=0.014186     sumsq=10084.33765        argmax=36536
[dump]   top0 idx=36536 val=2.41414
[dump]   top1 idx=10171 val=2.34038
[dump]   top2 idx=7573 val=2.32799
[dump]   top3 idx=27994 val=2.19168
[dump]   top4 idx=14588 val=2.12372
[dump] L12.mid    n=160     finite=1 absmax=0 mean=0 sumsq=0 ids: 28 139 433 283 201 386 300 474 421 277 352 139 229 52 421 277 214 101 474 366 141 352 120 18 139 110 136 496 307 1 352 101 52 139 277 81 390 381 150 327 118 352 393 282 101 165 52 433 219 422 52 277 352 219 390 386 421 9 392 150 214 229 52 352 133 504 141 139 43 381 352 52 503 386 130 215 451 393 139 219 352 52 189 43 139 422 381 133 126 229 52 43 139 352 170 366 381 448 421 229 421 352 52 54 161 45 286 422 136 433 421 0 422 368 433 52 81 352 366 21 0 421 366 214 433 133 52 368 352 283 0 421 433 366 21 63 172 368 201 52 421 0 52 433 460 63 275 256 114 368 352 433 275 0 504 282 368 482 52 214
[dump] L12.moe    n=40960   finite=1 absmax=0.052047     mean=2.3062e-05   sumsq=3.316451408        argmax=13467
[dump]   top0 idx=13467 val=0.05205
[dump]   top1 idx=40853 val=0.05000
[dump]   top2 idx=30613 val=0.04768
[dump]   top3 idx=39383 val=0.04658
[dump]   top4 idx=7573 val=0.04591
[dump] L12.res    n=327680  finite=1 absmax=22.353       mean=0.01455      sumsq=212775.6352        argmax=165340
[dump]   top0 idx=165340 val=13.88620
[dump]   top1 idx=261848 val=12.49120
[dump]   top2 idx=231128 val=12.05161
[dump]   top3 idx=272088 val=11.96884
[dump]   top4 idx=292568 val=11.74527
[dump] L13.hcmix  n=40960   finite=1 absmax=4.9361       mean=0.013271     sumsq=12736.62103        argmax=7573
[dump]   top0 idx=7573 val=4.75230
[dump]   top1 idx=12693 val=4.33692
[dump]   top2 idx=17813 val=4.19332
[dump]   top3 idx=30613 val=3.55354
[dump]   top4 idx=20373 val=3.43457
[dump] L13.att    n=40960   finite=1 absmax=0.32238      mean=-0.00089072  sumsq=72.48272514        argmax=39351
[dump]   top0 idx=39351 val=0.32238
[dump]   top1 idx=26551 val=0.26171
[dump]   top2 idx=23991 val=0.26064
[dump]   top3 idx=28888 val=0.24367
[dump]   top4 idx=21431 val=0.24286
[dump] L13.ffnxn  n=163840  finite=1 absmax=45.721       mean=0.016271     sumsq=180556.9041        argmax=98008
[dump]   top0 idx=98008 val=13.39633
[dump]   top1 idx=1500 val=13.14843
[dump]   top2 idx=67288 val=12.91769
[dump]   top3 idx=108248 val=12.82992
[dump]   top4 idx=128728 val=12.59416
[dump] L13.fmix   n=40960   finite=1 absmax=3.0976       mean=0.0044724    sumsq=8956.251577        argmax=7573
[dump]   top0 idx=7573 val=3.09758
[dump]   top1 idx=17813 val=3.05911
[dump]   top2 idx=1500 val=2.97027
[dump]   top3 idx=30613 val=2.86814
[dump]   top4 idx=4046 val=2.59760
[dump] L13.mid    n=160     finite=1 absmax=0 mean=0 sumsq=0 ids: 293 68 466 366 268 219 145 224 67 400 387 273 148 290 91 93 50 468 250 68 290 387 148 394 250 64 330 468 273 36 387 273 148 290 93 91 221 267 354 368 148 290 250 118 508 64 273 394 81 66 387 290 273 148 118 93 468 508 296 338 118 394 290 325 338 148 185 273 508 387 118 273 387 290 265 93 81 325 259 451 290 273 387 504 118 93 16 485 24 346 273 387 118 265 91 290 93 259 389 148 273 290 118 387 148 91 64 259 265 250 259 265 387 273 274 97 91 468 118 290 259 265 438 387 118 468 91 97 290 451 259 468 387 265 97 357 273 93 451 418 259 265 468 387 118 273 91 385 357 399 259 265 338 118 468 290 249 91 387 273
[dump] L13.moe    n=40960   finite=1 absmax=0.15809      mean=0.00013286   sumsq=5.399819297        argmax=1716
[dump]   top0 idx=1716 val=0.09550
[dump]   top1 idx=1301 val=0.08840
[dump]   top2 idx=2035 val=0.07985
[dump]   top3 idx=579 val=0.06885
[dump]   top4 idx=1912 val=0.06880
[dump] L13.res    n=327680  finite=1 absmax=27.091       mean=0.014984     sumsq=236209.2113        argmax=165340
[dump]   top0 idx=165340 val=15.13514
[dump]   top1 idx=323511 val=13.48192
[dump]   top2 idx=262071 val=13.09085
[dump]   top3 idx=261848 val=13.07806
[dump]   top4 idx=231128 val=12.61078
[dump] L14.hcmix  n=40960   finite=1 absmax=7.9353       mean=0.016791     sumsq=11353.11772        argmax=1500
[dump]   top0 idx=1500 val=7.93532
[dump]   top1 idx=17813 val=4.80402
[dump]   top2 idx=12035 val=3.52573
[dump]   top3 idx=27395 val=3.40730
[dump]   top4 idx=15277 val=3.36371
[dump] L14.att    n=40960   finite=1 absmax=2.0705       mean=-0.0010755   sumsq=225.835806         argmax=138
[dump]   top0 idx=138 val=0.79500
[dump]   top1 idx=788 val=0.75681
[dump]   top2 idx=679 val=0.66463
[dump]   top3 idx=2162 val=0.64877
[dump]   top4 idx=1603 val=0.64695
[dump] L14.ffnxn  n=163840  finite=1 absmax=35.02        mean=0.022206     sumsq=263976.1572        argmax=68577
[dump]   top0 idx=68577 val=15.77942
[dump]   top1 idx=98008 val=15.09125
[dump]   top2 idx=67288 val=14.54324
[dump]   top3 idx=108248 val=14.45094
[dump]   top4 idx=1500 val=14.28883
[dump] L14.fmix   n=40960   finite=1 absmax=6.641        mean=0.0075596    sumsq=9944.826047        argmax=1500
[dump]   top0 idx=1500 val=3.66841
[dump]   top1 idx=4046 val=2.94098
[dump]   top2 idx=788 val=2.72594
[dump]   top3 idx=47 val=2.58746
[dump]   top4 idx=11241 val=2.51283
[dump] L14.mid    n=160     finite=1 absmax=0 mean=0 sumsq=0 ids: 398 165 326 266 29 17 151 40 138 339 506 138 165 409 40 14 417 398 326 473 227 40 463 414 372 246 370 459 107 407 165 409 14 473 506 205 417 138 308 326 376 290 280 360 223 5 22 463 385 162 14 409 12 290 398 417 308 506 138 370 339 40 488 9 495 266 136 2 49 108 409 234 14 473 290 506 441 398 12 231 339 40 29 176 266 488 280 495 9 180 180 266 40 495 312 108 492 9 2 280 409 473 498 280 370 506 439 227 14 460 49 40 339 266 282 495 252 136 2 244 40 49 168 244 136 409 108 138 506 500 244 335 506 473 151 100 409 108 398 482 335 244 100 506 482 473 151 409 510 402 244 100 482 40 266 29 407 168 510 67
[dump] L14.moe    n=40960   finite=1 absmax=0.13416      mean=7.5626e-06   sumsq=2.982944179        argmax=1500
[dump]   top0 idx=1500 val=0.13411
[dump]   top1 idx=793 val=0.07458
[dump]   top2 idx=788 val=0.06855
[dump]   top3 idx=1094 val=0.06847
[dump]   top4 idx=2433 val=0.05387
[dump] L14.res    n=327680  finite=1 absmax=33.151       mean=0.010731     sumsq=112634.5197        argmax=261848
[dump]   top0 idx=261848 val=11.76019
[dump]   top1 idx=272088 val=11.67206
[dump]   top2 idx=231128 val=11.66160
[dump]   top3 idx=323288 val=11.37087
[dump]   top4 idx=292568 val=11.29696
[dump] L15.hcmix  n=40960   finite=1 absmax=10.49        mean=0.0057123    sumsq=3103.888453        argmax=1500
[dump]   top0 idx=1500 val=1.90031
[dump]   top1 idx=17813 val=1.79244
[dump]   top2 idx=27395 val=1.58626
[dump]   top3 idx=33947 val=1.55956
[dump]   top4 idx=15277 val=1.52302
[dump] L15.att    n=40960   finite=1 absmax=1.3229       mean=-0.0026377   sumsq=249.166221         argmax=2311
[dump]   top0 idx=2311 val=1.32294
[dump]   top1 idx=892 val=1.02019
[dump]   top2 idx=2307 val=0.68676
[dump]   top3 idx=1795 val=0.55975
[dump]   top4 idx=1947 val=0.50169
[dump] L15.ffnxn  n=163840  finite=1 absmax=61.56        mean=0.021516     sumsq=458781.8971        argmax=98008
[dump]   top0 idx=98008 val=40.64743
[dump]   top1 idx=108248 val=40.39348
[dump]   top2 idx=67288 val=40.30960
[dump]   top3 idx=159448 val=39.33929
[dump]   top4 idx=128728 val=39.02645
[dump] L15.fmix   n=40960   finite=1 absmax=6.8887       mean=0.005609     sumsq=21413.25103        argmax=5848
[dump]   top0 idx=5848 val=6.88875
[dump]   top1 idx=10968 val=5.32287
[dump]   top2 idx=28888 val=5.27165
[dump]   top3 idx=18648 val=5.15398
[dump]   top4 idx=21208 val=5.00454
[dump] L15.mid    n=160     finite=1 absmax=0 mean=0 sumsq=0 ids: 283 174 188 38 342 103 215 330 177 107 494 207 501 199 50 156 39 263 289 318 207 219 453 31 127 263 53 455 23 154 207 61 405 219 399 288 303 426 234 406 207 236 453 116 388 16 405 406 319 326 207 426 32 50 406 192 302 219 399 288 302 207 280 453 388 246 288 179 236 134 134 406 32 219 207 314 426 192 399 281 343 134 119 263 487 426 427 511 204 222 405 343 303 207 426 311 446 134 288 494 228 405 303 343 406 192 53 263 311 408 405 494 174 207 311 204 134 289 50 303 174 303 288 405 423 192 311 50 39 98 174 303 289 207 405 494 192 283 50 288 289 405 174 322 494 156 303 192 177 33 174 303 405 12 423 289 71 156 432 280
[dump] L15.moe    n=40960   finite=1 absmax=0.29284      mean=2.0688e-05   sumsq=8.841730674        argmax=1716
[dump]   top0 idx=1716 val=0.14310
[dump]   top1 idx=138 val=0.11801
[dump]   top2 idx=1736 val=0.08286
[dump]   top3 idx=1984 val=0.08060
[dump]   top4 idx=562 val=0.07897
[dump] L15.res    n=327680  finite=1 absmax=28.894       mean=0.0101       sumsq=269632.9798        argmax=323511
[dump]   top0 idx=323511 val=14.07312
[dump]   top1 idx=170460 val=13.67021
[dump]   top2 idx=262071 val=13.50705
[dump]   top3 idx=272311 val=13.24976
[dump]   top4 idx=313271 val=13.14203
[dump] L16.hcmix  n=40960   finite=1 absmax=15.839       mean=0.0038773    sumsq=13030.85685        argmax=1500
[dump]   top0 idx=1500 val=9.39829
[dump]   top1 idx=7573 val=3.98252
[dump]   top2 idx=788 val=3.90634
[dump]   top3 idx=20373 val=3.62619
[dump]   top4 idx=1912 val=3.23714
[dump] L16.att    n=40960   finite=1 absmax=0.46348      mean=-0.00056359  sumsq=66.47264413        argmax=5081
[dump]   top0 idx=5081 val=0.33138
[dump]   top1 idx=16311 val=0.29624
[dump]   top2 idx=3553 val=0.29431
[dump]   top3 idx=11374 val=0.28525
[dump]   top4 idx=20527 val=0.26439
[dump] L16.ffnxn  n=163840  finite=1 absmax=63.267       mean=0.01482      sumsq=348086.1487        argmax=1500
[dump]   top0 idx=1500 val=20.34813
[dump]   top1 idx=98008 val=19.05386
[dump]   top2 idx=108248 val=18.95284
[dump]   top3 idx=67288 val=18.89755
[dump]   top4 idx=159448 val=18.43755
[dump] L16.fmix   n=40960   finite=1 absmax=3.8994       mean=0.0024014    sumsq=16702.40464        argmax=1500
[dump]   top0 idx=1500 val=3.89935
[dump]   top1 idx=5848 val=3.23188
[dump]   top2 idx=20158 val=2.96742
[dump]   top3 idx=11241 val=2.95101
[dump]   top4 idx=788 val=2.87499
[dump] L16.mid    n=160     finite=1 absmax=0 mean=0 sumsq=0 ids: 228 487 243 272 132 473 142 259 361 32 228 272 429 243 142 140 447 479 58 487 228 457 319 398 140 124 370 303 447 145 228 272 142 447 140 479 400 26 429 278 188 228 447 104 138 319 303 479 124 270 228 140 272 142 447 278 26 394 205 400 228 303 64 188 447 26 429 319 272 341 400 272 394 228 140 369 26 113 278 75 400 228 140 272 393 282 394 181 26 61 140 272 228 243 142 263 400 278 429 487 272 228 400 236 140 465 243 142 263 309 243 272 228 263 142 58 429 140 487 61 228 243 272 142 140 429 487 263 278 58 243 228 58 263 142 272 278 479 487 489 243 228 58 278 272 263 134 202 480 487 243 228 278 202 272 58 392 352 475 25
[dump] L16.moe    n=40960   finite=1 absmax=0.68942      mean=6.0901e-05   sumsq=11.63998216        argmax=2311
[dump]   top0 idx=2311 val=0.27223
[dump]   top1 idx=2366 val=0.20578
[dump]   top2 idx=472 val=0.18659
[dump]   top3 idx=138 val=0.18627
[dump]   top4 idx=627 val=0.17679
[dump] L16.res    n=327680  finite=1 absmax=37.494       mean=0.010412     sumsq=256076.1544        argmax=235413
[dump]   top0 idx=235413 val=13.52873
[dump]   top1 idx=170460 val=12.98611
[dump]   top2 idx=286613 val=12.07999
[dump]   top3 idx=261848 val=11.20561
[dump]   top4 idx=272088 val=11.14769
[dump] L17.hcmix  n=40960   finite=1 absmax=6.2674       mean=0.0098446    sumsq=13383.60143        argmax=17813
[dump]   top0 idx=17813 val=4.69770
[dump]   top1 idx=1500 val=4.13642
[dump]   top2 idx=7573 val=3.69492
[dump]   top3 idx=12693 val=3.50139
[dump]   top4 idx=10157 val=3.46291
[dump] L17.att    n=40960   finite=1 absmax=0.42136      mean=-0.0010453   sumsq=54.67169146        argmax=40384
[dump]   top0 idx=40384 val=0.22020
[dump]   top1 idx=39558 val=0.19116
[dump]   top2 idx=28337 val=0.19108
[dump]   top3 idx=2521 val=0.18998
[dump]   top4 idx=39204 val=0.18870
[dump] L17.ffnxn  n=163840  finite=1 absmax=41.395       mean=0.015129     sumsq=273900.6284        argmax=98008
[dump]   top0 idx=98008 val=14.69280
[dump]   top1 idx=108248 val=14.61662
[dump]   top2 idx=67288 val=14.57327
[dump]   top3 idx=159448 val=14.21014
[dump]   top4 idx=128728 val=14.09126
[dump] L17.fmix   n=40960   finite=1 absmax=3.5419       mean=0.0013539    sumsq=12475.91691        argmax=4046
[dump]   top0 idx=4046 val=3.54185
[dump]   top1 idx=39912 val=2.80371
[dump]   top2 idx=788 val=2.70213
[dump]   top3 idx=32206 val=2.51770
[dump]   top4 idx=39148 val=2.44780
[dump] L17.mid    n=160     finite=1 absmax=0 mean=0 sumsq=0 ids: 486 136 510 84 209 135 330 15 274 243 136 486 471 499 328 305 84 105 469 365 469 127 328 285 26 486 366 303 358 444 136 471 486 328 387 127 469 249 84 3 366 486 444 97 136 333 374 471 18 328 136 84 486 127 471 328 419 386 448 1 328 444 486 136 97 84 471 374 71 469 8 387 136 419 181 328 486 448 471 470 8 470 181 136 404 304 387 328 398 486 470 136 486 471 328 362 374 366 419 127 136 486 84 8 127 328 327 387 471 438 136 471 84 486 419 374 499 498 139 363 471 136 366 486 374 139 362 363 419 499 84 209 363 486 471 136 139 374 366 499 209 84 139 363 499 486 136 422 419 253 139 209 363 471 486 136 345 498 221 274
[dump] L17.moe    n=40960   finite=1 absmax=0.19042      mean=9.2762e-05   sumsq=3.031328625        argmax=1716
[dump]   top0 idx=1716 val=0.08790
[dump]   top1 idx=138 val=0.05680
[dump]   top2 idx=230 val=0.03889
[dump]   top3 idx=38713 val=0.03785
[dump]   top4 idx=192 val=0.03441
[dump] L17.res    n=327680  finite=1 absmax=32.843       mean=0.013026     sumsq=256290.8816        argmax=261848
[dump]   top0 idx=261848 val=15.08134
[dump]   top1 idx=272088 val=15.00398
[dump]   top2 idx=231128 val=14.95966
[dump]   top3 idx=323288 val=14.58669
[dump]   top4 idx=292568 val=14.46455
[dump] L18.hcmix  n=40960   finite=1 absmax=18.663       mean=0.01134      sumsq=13555.1415         argmax=1500
[dump]   top0 idx=1500 val=7.92726
[dump]   top1 idx=21685 val=4.05291
[dump]   top2 idx=26805 val=3.95959
[dump]   top3 idx=17813 val=3.90221
[dump]   top4 idx=30613 val=3.89089
[dump] L18.att    n=40960   finite=1 absmax=0.40744      mean=-0.00055563  sumsq=85.4916746         argmax=634
[dump]   top0 idx=634 val=0.40744
[dump]   top1 idx=38882 val=0.36846
[dump]   top2 idx=10722 val=0.36701
[dump]   top3 idx=5602 val=0.34311
[dump]   top4 idx=33762 val=0.33141
[dump] L18.ffnxn  n=163840  finite=1 absmax=29.818       mean=0.023386     sumsq=266118.1435        argmax=159671
[dump]   top0 idx=159671 val=13.68141
[dump]   top1 idx=98231 val=13.14416
[dump]   top2 idx=98008 val=12.93092
[dump]   top3 idx=108248 val=12.86544
[dump]   top4 idx=108471 val=12.85427
[dump] L18.fmix   n=40960   finite=1 absmax=3.929        mean=0.0098517    sumsq=11073.45499        argmax=17813
[dump]   top0 idx=17813 val=3.92896
[dump]   top1 idx=1500 val=3.47047
[dump]   top2 idx=7573 val=3.23536
[dump]   top3 idx=30613 val=2.97469
[dump]   top4 idx=10936 val=2.94461
[dump] L18.mid    n=160     finite=1 absmax=0 mean=0 sumsq=0 ids: 449 475 399 87 275 411 35 24 211 264 111 29 264 185 201 459 135 87 325 119 131 157 459 106 506 111 201 366 437 29 264 29 7 201 185 135 101 405 299 211 440 131 29 459 201 190 398 111 299 151 87 264 88 277 29 411 275 297 24 469 131 102 24 111 29 366 7 101 157 459 469 88 131 264 101 185 87 119 29 200 29 5 157 119 469 459 7 353 448 411 29 448 264 102 353 24 7 201 101 5 111 299 29 185 459 201 106 74 238 157 131 24 448 101 111 29 347 264 366 460 111 29 448 24 366 102 201 101 157 131 24 131 29 448 101 201 211 347 353 264 201 448 101 24 150 29 185 123 131 310 207 448 201 29 474 266 116 270 459 247
[dump] L18.moe    n=40960   finite=1 absmax=0.06467      mean=-0.00015736  sumsq=4.731719103        argmax=27086
[dump]   top0 idx=27086 val=0.06467
[dump]   top1 idx=21224 val=0.05261
[dump]   top2 idx=22933 val=0.05068
[dump]   top3 idx=35645 val=0.04996
[dump]   top4 idx=35544 val=0.04908
[dump] L18.res    n=327680  finite=1 absmax=22.782       mean=0.0076032    sumsq=122353.0109        argmax=261848
[dump]   top0 idx=261848 val=12.17580
[dump]   top1 idx=272088 val=12.10723
[dump]   top2 idx=231128 val=12.07703
[dump]   top3 idx=323288 val=11.77577
[dump]   top4 idx=292568 val=11.67753
[dump] L19.hcmix  n=40960   finite=1 absmax=11.295       mean=0.0048179    sumsq=4873.737938        argmax=17813
[dump]   top0 idx=17813 val=2.66223
[dump]   top1 idx=30613 val=2.66103
[dump]   top2 idx=7573 val=2.40071
[dump]   top3 idx=38882 val=2.03155
[dump]   top4 idx=15842 val=1.99130
[dump] L19.att    n=40960   finite=1 absmax=1.6931       mean=0.00063423   sumsq=350.1015826        argmax=892
[dump]   top0 idx=892 val=1.53891
[dump]   top1 idx=1736 val=1.17177
[dump]   top2 idx=2238 val=1.14868
[dump]   top3 idx=2307 val=1.01664
[dump]   top4 idx=1795 val=0.83080
[dump] L19.ffnxn  n=163840  finite=1 absmax=42.655       mean=0.015241     sumsq=284596.2217        argmax=159671
[dump]   top0 idx=159671 val=16.40654
[dump]   top1 idx=98231 val=15.76550
[dump]   top2 idx=108471 val=15.47977
[dump]   top3 idx=149431 val=15.28240
[dump]   top4 idx=118711 val=15.00656
[dump] L19.fmix   n=40960   finite=1 absmax=4.0701       mean=0.0060798    sumsq=14717.46691        argmax=4046
[dump]   top0 idx=4046 val=4.07008
[dump]   top1 idx=12035 val=3.08987
[dump]   top2 idx=6606 val=2.89721
[dump]   top3 idx=3873 val=2.83863
[dump]   top4 idx=32206 val=2.82015
[dump] L19.mid    n=160     finite=1 absmax=0 mean=0 sumsq=0 ids: 406 360 413 162 170 434 31 173 293 377 3 434 377 161 342 472 9 188 453 222 56 259 455 309 222 161 434 70 229 91 3 31 357 377 70 170 222 472 161 342 70 161 259 472 74 381 56 150 434 375 3 368 357 9 74 501 150 8 222 375 472 375 161 34 56 49 364 434 70 3 3 368 397 86 31 472 222 455 103 52 397 291 161 222 472 193 368 3 455 309 375 472 3 291 222 397 9 31 193 434 222 375 170 472 31 357 455 377 161 150 222 472 31 150 375 267 3 121 315 173 375 472 315 3 121 31 222 434 377 173 31 121 490 162 470 173 3 103 377 472 31 173 121 162 472 388 14 377 490 103 31 375 472 121 434 162 315 161 56 173
[dump] L19.moe    n=40960   finite=1 absmax=0.082351     mean=0.00033594   sumsq=6.546377904        argmax=29940
[dump]   top0 idx=29940 val=0.08162
[dump]   top1 idx=29672 val=0.07472
[dump]   top2 idx=29931 val=0.07448
[dump]   top3 idx=28571 val=0.07182
[dump]   top4 idx=30058 val=0.06702
[dump] L19.res    n=327680  finite=1 absmax=38.551       mean=0.014663     sumsq=283440.9856        argmax=323511
[dump]   top0 idx=323511 val=15.91671
[dump]   top1 idx=262071 val=15.29444
[dump]   top2 idx=272311 val=15.01088
[dump]   top3 idx=313271 val=14.82250
[dump]   top4 idx=282551 val=14.57411
[dump] L20.hcmix  n=40960   finite=1 absmax=20.907       mean=0.0056573    sumsq=12674.65183        argmax=1500
[dump]   top0 idx=1500 val=7.04087
[dump]   top1 idx=1736 val=4.44262
[dump]   top2 idx=47 val=3.67312
[dump]   top3 idx=29111 val=3.24984
[dump]   top4 idx=788 val=3.23173
[dump] L20.att    n=40960   finite=1 absmax=5.7976       mean=0.00018177   sumsq=438.8876456        argmax=2238
[dump]   top0 idx=2238 val=3.24820
[dump]   top1 idx=403 val=3.01931
[dump]   top2 idx=1500 val=2.59770
[dump]   top3 idx=1827 val=1.77840
[dump]   top4 idx=1132 val=1.47743
[dump] L20.ffnxn  n=163840  finite=1 absmax=46.053       mean=0.032244     sumsq=433423.0872        argmax=1500
[dump]   top0 idx=1500 val=23.12619
[dump]   top1 idx=19406 val=16.32807
[dump]   top2 idx=159671 val=15.92058
[dump]   top3 idx=98231 val=15.42873
[dump]   top4 idx=149431 val=15.02349
[dump] L20.fmix   n=40960   finite=1 absmax=6.3275       mean=0.017359     sumsq=19846.72902        argmax=4046
[dump]   top0 idx=4046 val=6.32752
[dump]   top1 idx=6606 val=4.42581
[dump]   top2 idx=32206 val=4.12067
[dump]   top3 idx=16846 val=3.62174
[dump]   top4 idx=14245 val=3.45339
[dump] L20.mid    n=160     finite=1 absmax=0 mean=0 sumsq=0 ids: 429 363 39 439 407 179 485 307 169 219 387 363 109 76 388 485 439 78 429 269 122 218 494 26 154 158 326 488 216 39 363 40 485 109 110 242 146 134 387 313 146 358 187 109 134 242 40 125 39 96 491 54 306 4 363 485 481 242 219 496 146 243 485 387 134 218 229 369 39 242 491 481 244 387 306 341 485 59 54 44 59 481 491 63 49 137 387 341 127 110 387 485 258 59 330 168 25 233 363 243 387 339 363 109 495 26 485 148 218 255 387 258 168 25 39 485 154 248 442 330 387 25 258 168 330 485 358 442 265 248 387 168 442 179 485 185 258 25 410 307 387 179 442 168 278 18 485 265 26 370 387 262 179 442 25 125 168 258 185 119
[dump] L20.moe    n=40960   finite=1 absmax=0.092066     mean=3.3292e-05   sumsq=8.1465996          argmax=35401
[dump]   top0 idx=35401 val=0.07442
[dump]   top1 idx=32702 val=0.06448
[dump]   top2 idx=29228 val=0.06430
[dump]   top3 idx=31960 val=0.06382
[dump]   top4 idx=30811 val=0.06298
[dump] L20.res    n=327680  finite=1 absmax=45.412       mean=0.022334     sumsq=333160.8765        argmax=170460
[dump]   top0 idx=170460 val=19.22202
[dump]   top1 idx=267881 val=13.66945
[dump]   top2 idx=235413 val=13.49428
[dump]   top3 idx=261848 val=12.66100
[dump]   top4 idx=288361 val=12.60801
[dump] L21.hcmix  n=40960   finite=1 absmax=14.328       mean=0.033451     sumsq=13868.82892        argmax=1500
[dump]   top0 idx=1500 val=7.33340
[dump]   top1 idx=1736 val=4.73139
[dump]   top2 idx=1827 val=4.47253
[dump]   top3 idx=21685 val=4.10421
[dump]   top4 idx=1912 val=4.09488
[dump] L21.att    n=40960   finite=1 absmax=0.85546      mean=0.00039105   sumsq=33.20933196        argmax=2238
[dump]   top0 idx=2238 val=0.53874
[dump]   top1 idx=30912 val=0.33620
[dump]   top2 idx=33472 val=0.31600
[dump]   top3 idx=16353 val=0.31439
[dump]   top4 idx=2537 val=0.30248
[dump] L21.ffnxn  n=163840  finite=1 absmax=41.983       mean=0.047847     sumsq=406290.7089        argmax=1500
[dump]   top0 idx=1500 val=16.20757
[dump]   top1 idx=98008 val=16.12333
[dump]   top2 idx=108248 val=16.02210
[dump]   top3 idx=67288 val=15.99553
[dump]   top4 idx=159448 val=15.59573
[dump] L21.fmix   n=40960   finite=1 absmax=4.6634       mean=0.033384     sumsq=17848.52422        argmax=4046
[dump]   top0 idx=4046 val=4.57142
[dump]   top1 idx=10871 val=4.18098
[dump]   top2 idx=10936 val=4.04883
[dump]   top3 idx=3873 val=3.74459
[dump]   top4 idx=5751 val=3.63805
[dump] L21.mid    n=160     finite=1 absmax=0 mean=0 sumsq=0 ids: 72 255 379 25 267 297 128 190 507 420 255 379 128 25 306 369 118 426 19 150 128 451 372 64 25 312 306 507 19 254 255 306 379 265 511 278 150 25 128 19 128 48 278 51 25 60 346 484 306 359 25 302 379 131 255 134 297 406 472 142 128 19 25 484 29 278 385 302 346 336 25 480 297 446 51 360 302 19 427 260 118 352 166 25 306 19 85 484 427 57 352 118 57 25 369 19 313 306 166 346 25 255 379 317 128 278 19 118 346 191 369 346 19 25 57 128 313 118 131 507 369 57 19 118 128 346 484 153 25 142 346 313 469 369 420 255 57 131 498 418 346 313 321 420 369 255 418 57 469 118 369 313 346 57 420 321 471 118 469 128
[dump] L21.moe    n=40960   finite=1 absmax=0.079056     mean=0.00017741   sumsq=7.221062421        argmax=24921
[dump]   top0 idx=24921 val=0.07906
[dump]   top1 idx=30592 val=0.06543
[dump]   top2 idx=28558 val=0.06079
[dump]   top3 idx=40723 val=0.06012
[dump]   top4 idx=37212 val=0.05847
[dump] L21.res    n=327680  finite=1 absmax=43.702       mean=0.015369     sumsq=275009.3407        argmax=170460
[dump]   top0 idx=170460 val=19.86214
[dump]   top1 idx=168965 val=19.39982
[dump]   top2 idx=240645 val=19.39630
[dump]   top3 idx=271365 val=19.36744
[dump]   top4 idx=209925 val=18.62214
[dump] L22.hcmix  n=40960   finite=1 absmax=22.861       mean=0.018584     sumsq=12492.3203         argmax=1500
[dump]   top0 idx=1500 val=9.62363
[dump]   top1 idx=5 val=4.85439
[dump]   top2 idx=25605 val=4.78352
[dump]   top3 idx=17925 val=4.78060
[dump]   top4 idx=10245 val=4.59264
[dump] L22.att    n=40960   finite=1 absmax=1.942        mean=0.00065178   sumsq=136.7521893        argmax=793
[dump]   top0 idx=793 val=1.94200
[dump]   top1 idx=1500 val=1.34067
[dump]   top2 idx=25868 val=1.04159
[dump]   top3 idx=23308 val=0.94916
[dump]   top4 idx=28428 val=0.92928
[dump] L22.ffnxn  n=163840  finite=1 absmax=34.984       mean=0.050285     sumsq=453449.3795        argmax=48495
[dump]   top0 idx=48495 val=18.08093
[dump]   top1 idx=149176 val=16.39600
[dump]   top2 idx=128728 val=16.32494
[dump]   top3 idx=108248 val=16.01438
[dump]   top4 idx=118488 val=15.86006
[dump] L22.fmix   n=40960   finite=1 absmax=4.9584       mean=0.031557     sumsq=16213.58376        argmax=10936
[dump]   top0 idx=10936 val=4.49655
[dump]   top1 idx=36536 val=4.42394
[dump]   top2 idx=12655 val=4.15227
[dump]   top3 idx=10871 val=3.49336
[dump]   top4 idx=17813 val=3.37533
[dump] L22.mid    n=160     finite=1 absmax=0 mean=0 sumsq=0 ids: 317 309 283 32 456 206 205 57 446 287 305 376 188 402 164 279 425 51 484 50 188 460 488 13 396 318 187 265 232 50 464 51 352 384 488 145 425 396 460 244 460 13 244 306 183 384 396 482 193 32 235 341 309 206 205 347 462 104 425 393 454 460 488 396 7 487 27 50 117 244 241 291 106 124 425 83 388 360 365 375 504 50 425 400 365 83 265 388 488 486 504 460 50 279 454 400 301 438 487 488 87 153 117 55 173 71 329 89 452 182 460 117 244 331 483 116 239 164 438 50 483 117 188 51 164 438 454 13 113 116 173 287 483 355 412 457 143 262 301 170 370 168 459 429 323 254 262 137 173 320 286 260 354 483 209 25 173 44 14 94
[dump] L22.moe    n=40960   finite=1 absmax=0.11594      mean=6.3542e-06   sumsq=6.299251063        argmax=26320
[dump]   top0 idx=26320 val=0.11160
[dump]   top1 idx=27937 val=0.10039
[dump]   top2 idx=26399 val=0.08445
[dump]   top3 idx=26441 val=0.06344
[dump]   top4 idx=28880 val=0.06302
[dump] L22.res    n=327680  finite=1 absmax=26.826       mean=0.01234      sumsq=177864.9824        argmax=169753
[dump]   top0 idx=169753 val=26.82582
[dump]   top1 idx=170460 val=22.69347
[dump]   top2 idx=189445 val=13.69107
[dump]   top3 idx=240645 val=13.52509
[dump]   top4 idx=322565 val=13.38792
[dump] L23.hcmix  n=40960   finite=1 absmax=7.8323       mean=0.011914     sumsq=4346.366463        argmax=1500
[dump]   top0 idx=1500 val=7.83229
[dump]   top1 idx=793 val=6.70645
[dump]   top2 idx=17925 val=3.28758
[dump]   top3 idx=5125 val=3.24917
[dump]   top4 idx=38405 val=3.20234
[dump] L23.att    n=40960   finite=1 absmax=0.67986      mean=0.0036644    sumsq=299.9976819        argmax=21537
[dump]   top0 idx=21537 val=0.58349
[dump]   top1 idx=28719 val=0.56035
[dump]   top2 idx=36399 val=0.54878
[dump]   top3 idx=12104 val=0.53246
[dump]   top4 idx=36103 val=0.51869
[dump] L23.ffnxn  n=163840  finite=1 absmax=65.243       mean=0.036586     sumsq=563924.3315        argmax=1500
[dump]   top0 idx=1500 val=30.33127
[dump]   top1 idx=138802 val=19.23296
[dump]   top2 idx=36841 val=18.76812
[dump]   top3 idx=128562 val=18.01777
[dump]   top4 idx=15922 val=17.68916
[dump] L23.fmix   n=40960   finite=1 absmax=5.7201       mean=0.02111      sumsq=24537.32614        argmax=8681
[dump]   top0 idx=8681 val=5.72010
[dump]   top1 idx=25380 val=3.87322
[dump]   top2 idx=21886 val=3.70393
[dump]   top3 idx=1500 val=3.62247
[dump]   top4 idx=11929 val=3.60014
[dump] L23.mid    n=160     finite=1 absmax=0 mean=0 sumsq=0 ids: 356 285 389 299 430 244 334 494 42 457 356 42 285 506 199 99 299 354 45 355 356 506 45 99 385 48 355 459 161 439 356 307 99 42 355 264 161 349 306 376 356 99 367 342 109 53 500 61 506 128 356 372 480 336 314 82 367 45 36 494 99 104 228 53 297 109 219 50 356 349 356 480 375 314 367 45 372 161 21 320 356 128 21 375 480 320 355 171 243 469 356 406 128 480 219 273 375 355 477 243 356 128 477 442 161 21 297 506 320 199 356 318 215 128 61 353 110 297 334 477 356 128 32 353 89 110 53 477 186 77 356 128 127 233 480 110 334 492 477 56 356 128 233 425 110 127 354 451 334 60 356 233 109 128 166 340 12 41 180 411
[dump] L23.moe    n=40960   finite=1 absmax=0.087366     mean=-3.3513e-05  sumsq=12.76108255        argmax=23898
[dump]   top0 idx=23898 val=0.08648
[dump]   top1 idx=3023 val=0.08292
[dump]   top2 idx=4286 val=0.07626
[dump]   top3 idx=2949 val=0.07545
[dump]   top4 idx=5037 val=0.07477
[dump] L23.res    n=327680  finite=1 absmax=23.485       mean=0.023427     sumsq=273878.6643        argmax=232417
[dump]   top0 idx=232417 val=20.04154
[dump]   top1 idx=169753 val=16.28049
[dump]   top2 idx=170460 val=15.08015
[dump]   top3 idx=252085 val=12.35082
[dump]   top4 idx=235413 val=12.18596
[dump] L24.hcmix  n=40960   finite=1 absmax=7.1742       mean=0.03202      sumsq=12704.74023        argmax=17813
[dump]   top0 idx=17813 val=5.25352
[dump]   top1 idx=7573 val=4.65498
[dump]   top2 idx=5751 val=4.04082
[dump]   top3 idx=1500 val=3.85306
[dump]   top4 idx=21685 val=3.58537
[dump] L24.att    n=40960   finite=1 absmax=0.20552      mean=-3.7375e-05  sumsq=26.82753179        argmax=21685
[dump]   top0 idx=21685 val=0.20552
[dump]   top1 idx=11445 val=0.19521
[dump]   top2 idx=39693 val=0.16184
[dump]   top3 idx=29365 val=0.16071
[dump]   top4 idx=22911 val=0.15067
[dump] L24.ffnxn  n=163840  finite=1 absmax=28.68        mean=0.029301     sumsq=201745.8783        argmax=5913
[dump]   top0 idx=5913 val=15.26265
[dump]   top1 idx=128728 val=14.24555
[dump]   top2 idx=108248 val=14.03619
[dump]   top3 idx=118488 val=13.86254
[dump]   top4 idx=98008 val=13.74861
[dump] L24.fmix   n=40960   finite=1 absmax=5.5844       mean=0.025664     sumsq=12812.79821        argmax=1500
[dump]   top0 idx=1500 val=5.58435
[dump]   top1 idx=4046 val=3.14316
[dump]   top2 idx=17813 val=2.61665
[dump]   top3 idx=3873 val=2.59062
[dump]   top4 idx=7573 val=2.53512
[dump] L24.mid    n=160     finite=1 absmax=0 mean=0 sumsq=0 ids: 308 387 456 219 175 439 263 46 181 370 263 175 387 219 354 446 462 46 183 231 134 99 36 263 320 446 498 308 212 387 263 99 360 308 342 387 433 46 175 354 263 360 308 157 342 128 82 99 433 134 206 360 387 395 175 263 308 394 46 458 134 263 99 387 223 277 446 308 360 183 134 387 90 223 446 204 360 313 263 261 360 354 387 263 252 99 446 150 27 46 263 360 354 387 66 183 462 208 446 46 181 263 360 46 308 387 446 175 99 134 263 134 181 183 387 360 462 354 28 231 263 462 360 183 134 354 181 387 231 223 263 181 134 462 183 219 439 354 28 218 181 360 263 134 462 387 231 175 81 317 263 462 181 360 317 183 134 387 218 393
[dump] L24.moe    n=40960   finite=1 absmax=0.56697      mean=0.0001809    sumsq=7.025947753        argmax=422
[dump]   top0 idx=422 val=0.28438
[dump]   top1 idx=403 val=0.08915
[dump]   top2 idx=2238 val=0.08664
[dump]   top3 idx=634 val=0.07260
[dump]   top4 idx=430 val=0.07248
[dump] L24.res    n=327680  finite=1 absmax=30.091       mean=0.014288     sumsq=200066.5615        argmax=169753
[dump]   top0 idx=169753 val=15.17015
[dump]   top1 idx=292568 val=14.15284
[dump]   top2 idx=272088 val=13.94485
[dump]   top3 idx=282328 val=13.77233
[dump]   top4 idx=261848 val=13.65914
[dump] L25.hcmix  n=40960   finite=1 absmax=12.991       mean=0.022329     sumsq=13310.87734        argmax=1500
[dump]   top0 idx=1500 val=7.91689
[dump]   top1 idx=7573 val=4.90696
[dump]   top2 idx=17813 val=4.31881
[dump]   top3 idx=12693 val=3.81254
[dump]   top4 idx=21685 val=3.76499
[dump] L25.att    n=40960   finite=1 absmax=0.4336       mean=0.00085056   sumsq=95.32939133        argmax=21473
[dump]   top0 idx=21473 val=0.43360
[dump]   top1 idx=29111 val=0.40515
[dump]   top2 idx=31671 val=0.39701
[dump]   top3 idx=8673 val=0.37745
[dump]   top4 idx=422 val=0.34223
[dump] L25.ffnxn  n=163840  finite=1 absmax=33.813       mean=0.04161      sumsq=262559.6512        argmax=128728
[dump]   top0 idx=128728 val=16.06918
[dump]   top1 idx=108248 val=15.81349
[dump]   top2 idx=118488 val=15.63205
[dump]   top3 idx=98008 val=15.50511
[dump]   top4 idx=67288 val=15.43382
[dump] L25.fmix   n=40960   finite=1 absmax=3.5584       mean=0.030844     sumsq=13357.57856        argmax=4046
[dump]   top0 idx=4046 val=3.55837
[dump]   top1 idx=1500 val=3.02361
[dump]   top2 idx=37981 val=2.49527
[dump]   top3 idx=230 val=2.49464
[dump]   top4 idx=7573 val=2.34166
[dump] L25.mid    n=160     finite=1 absmax=0 mean=0 sumsq=0 ids: 192 218 430 150 209 322 229 376 87 369 192 376 425 369 321 466 154 430 292 209 317 382 113 205 40 209 425 20 374 371 444 425 321 374 209 218 376 430 104 371 371 276 425 115 321 417 110 374 487 218 376 371 427 425 377 73 218 361 238 142 374 371 153 425 218 369 430 330 264 321 459 430 170 427 369 153 218 321 211 370 427 430 153 488 264 374 29 370 456 295 264 374 430 370 376 427 218 321 8 59 377 321 427 445 264 376 96 218 430 374 264 374 430 153 96 142 68 376 478 495 264 374 59 478 292 68 156 275 495 142 264 142 96 376 87 430 478 153 240 427 264 430 427 376 68 374 142 240 478 153 264 59 156 275 427 142 370 374 376 495
[dump] L25.moe    n=40960   finite=1 absmax=0.047591     mean=3.7465e-05   sumsq=3.662001306        argmax=22299
[dump]   top0 idx=22299 val=0.04759
[dump]   top1 idx=8682 val=0.04489
[dump]   top2 idx=34384 val=0.04145
[dump]   top3 idx=38302 val=0.04061
[dump]   top4 idx=24921 val=0.03869
[dump] L25.res    n=327680  finite=1 absmax=31.805       mean=0.016117     sumsq=226760.3869        argmax=169753
[dump]   top0 idx=169753 val=19.29029
[dump]   top1 idx=170460 val=18.35465
[dump]   top2 idx=292568 val=16.85705
[dump]   top3 idx=272088 val=16.59986
[dump]   top4 idx=282328 val=16.41206
[dump] L26.hcmix  n=40960   finite=1 absmax=14.463       mean=0.023864     sumsq=14404.85148        argmax=1500
[dump]   top0 idx=1500 val=9.82824
[dump]   top1 idx=793 val=4.93638
[dump]   top2 idx=17813 val=4.79446
[dump]   top3 idx=7573 val=4.37006
[dump]   top4 idx=10157 val=3.81910
[dump] L26.att    n=40960   finite=1 absmax=1.1496       mean=-0.0023273   sumsq=180.3184377        argmax=39128
[dump]   top0 idx=39128 val=0.44184
[dump]   top1 idx=39534 val=0.38607
[dump]   top2 idx=784 val=0.35846
[dump]   top3 idx=5848 val=0.34942
[dump]   top4 idx=2121 val=0.33864
[dump] L26.ffnxn  n=163840  finite=1 absmax=34.551       mean=0.023575     sumsq=197759.1479        argmax=5913
[dump]   top0 idx=5913 val=14.37502
[dump]   top1 idx=6620 val=13.87014
[dump]   top2 idx=1500 val=12.50896
[dump]   top3 idx=128728 val=12.47944
[dump]   top4 idx=159671 val=12.37741
[dump] L26.fmix   n=40960   finite=1 absmax=2.9736       mean=0.019094     sumsq=11624.19238        argmax=7573
[dump]   top0 idx=7573 val=2.88116
[dump]   top1 idx=17813 val=2.84803
[dump]   top2 idx=788 val=2.62628
[dump]   top3 idx=12655 val=2.42909
[dump]   top4 idx=30613 val=2.35913
[dump] L26.mid    n=160     finite=1 absmax=0 mean=0 sumsq=0 ids: 461 264 107 325 508 341 164 417 379 495 264 461 417 278 341 164 58 508 355 325 461 278 264 230 17 7 243 319 123 121 264 461 278 417 379 58 508 70 341 230 187 230 461 373 97 433 17 320 264 346 461 379 508 97 278 243 355 177 433 373 417 461 464 97 230 199 355 278 40 319 97 461 455 373 464 199 243 319 278 164 461 97 164 373 423 417 243 464 304 18 423 461 97 417 18 243 384 322 164 320 278 461 97 417 18 508 322 373 7 379 355 461 417 97 18 464 278 320 322 243 461 278 355 243 18 322 417 387 203 40 355 461 320 384 495 243 203 97 322 341 355 461 97 417 267 384 320 322 18 500 97 18 355 267 373 322 461 387 416 203
[dump] L26.moe    n=40960   finite=1 absmax=0.61419      mean=-3.0755e-05  sumsq=4.682966009        argmax=11726
[dump]   top0 idx=11726 val=0.05336
[dump]   top1 idx=422 val=0.04988
[dump]   top2 idx=8028 val=0.04894
[dump]   top3 idx=2324 val=0.04737
[dump]   top4 idx=579 val=0.04658
[dump] L26.res    n=327680  finite=1 absmax=64.003       mean=0.0089972    sumsq=119214.7784        argmax=169753
[dump]   top0 idx=169753 val=17.25475
[dump]   top1 idx=170460 val=14.88739
[dump]   top2 idx=292568 val=12.54123
[dump]   top3 idx=272088 val=12.35052
[dump]   top4 idx=282328 val=12.20887
[dump] L27.hcmix  n=40960   finite=1 absmax=30.783       mean=0.011248     sumsq=6177.690228        argmax=2565
[dump]   top0 idx=2565 val=2.73783
[dump]   top1 idx=5125 val=2.70260
[dump]   top2 idx=10245 val=2.66683
[dump]   top3 idx=17925 val=2.54716
[dump]   top4 idx=34008 val=2.53301
[dump] L27.att    n=40960   finite=1 absmax=3.4178       mean=0.00019942   sumsq=403.1274018        argmax=2311
[dump]   top0 idx=2311 val=3.41780
[dump]   top1 idx=47 val=1.30467
[dump]   top2 idx=1378 val=1.13045
[dump]   top3 idx=86 val=1.10750
[dump]   top4 idx=1795 val=1.06949
[dump] L27.ffnxn  n=163840  finite=1 absmax=38.231       mean=0.024804     sumsq=203491.0184        argmax=5913
[dump]   top0 idx=5913 val=15.84421
[dump]   top1 idx=128728 val=13.83858
[dump]   top2 idx=108248 val=13.62815
[dump]   top3 idx=6620 val=13.49989
[dump]   top4 idx=118488 val=13.47184
[dump] L27.fmix   n=40960   finite=1 absmax=3.3328       mean=0.020889     sumsq=12369.86684        argmax=4046
[dump]   top0 idx=4046 val=3.33281
[dump]   top1 idx=17813 val=2.96273
[dump]   top2 idx=16176 val=2.81967
[dump]   top3 idx=7573 val=2.77163
[dump]   top4 idx=18551 val=2.73519
[dump] L27.mid    n=160     finite=1 absmax=0 mean=0 sumsq=0 ids: 430 424 98 400 108 361 397 130 104 323 323 350 98 108 273 84 120 424 397 240 323 350 211 360 23 108 430 482 219 166 482 323 108 98 418 30 360 461 430 350 323 461 508 108 418 350 174 430 360 23 120 323 350 108 418 201 98 360 511 104 323 98 360 418 108 350 286 508 104 261 323 418 350 98 508 430 120 490 360 108 418 350 323 98 384 430 360 120 492 108 323 418 350 98 430 108 166 360 151 508 317 418 323 108 508 430 98 360 350 192 323 98 508 418 104 457 261 430 120 84 323 508 418 350 98 84 500 108 120 261 508 323 430 418 98 166 261 151 219 137 430 323 508 418 166 98 249 371 261 151 323 418 430 166 249 437 45 360 240 48
[dump] L27.moe    n=40960   finite=1 absmax=0.057945     mean=0.00024259   sumsq=4.430679356        argmax=30370
[dump]   top0 idx=30370 val=0.05618
[dump]   top1 idx=29990 val=0.05349
[dump]   top2 idx=29728 val=0.05057
[dump]   top3 idx=29282 val=0.04880
[dump]   top4 idx=29170 val=0.04790
[dump] L27.res    n=327680  finite=1 absmax=55.817       mean=0.01646      sumsq=242528.7331        argmax=170460
[dump]   top0 idx=170460 val=18.63190
[dump]   top1 idx=169753 val=18.22666
[dump]   top2 idx=292568 val=17.54537
[dump]   top3 idx=272088 val=17.27840
[dump]   top4 idx=282328 val=17.08045
[dump] L28.hcmix  n=40960   finite=1 absmax=30.992       mean=0.021378     sumsq=14620.3358         argmax=1500
[dump]   top0 idx=1500 val=10.70197
[dump]   top1 idx=788 val=4.31511
[dump]   top2 idx=47 val=3.78307
[dump]   top3 idx=7573 val=3.73561
[dump]   top4 idx=21685 val=3.43390
[dump] L28.att    n=40960   finite=1 absmax=0.6094       mean=-0.0018898   sumsq=100.2827939        argmax=2311
[dump]   top0 idx=2311 val=0.60940
[dump]   top1 idx=914 val=0.28096
[dump]   top2 idx=4544 val=0.23297
[dump]   top3 idx=36680 val=0.22346
[dump]   top4 idx=693 val=0.21958
[dump] L28.ffnxn  n=163840  finite=1 absmax=39.687       mean=0.027468     sumsq=243375.4472        argmax=5913
[dump]   top0 idx=5913 val=18.31936
[dump]   top1 idx=6620 val=13.66086
[dump]   top2 idx=128728 val=12.97369
[dump]   top3 idx=108248 val=12.77629
[dump]   top4 idx=118488 val=12.62992
[dump] L28.fmix   n=40960   finite=1 absmax=3.71         mean=0.020705     sumsq=13186.25439        argmax=36536
[dump]   top0 idx=36536 val=3.39947
[dump]   top1 idx=4046 val=3.22432
[dump]   top2 idx=17813 val=3.11552
[dump]   top3 idx=9908 val=3.05140
[dump]   top4 idx=7573 val=2.84808
[dump] L28.mid    n=160     finite=1 absmax=0 mean=0 sumsq=0 ids: 28 297 139 364 433 421 300 352 164 474 352 52 139 219 297 277 474 145 86 150 352 141 110 139 52 229 136 63 130 1 297 52 139 101 352 474 219 339 147 81 52 352 101 118 282 219 139 421 297 136 52 392 150 219 277 390 9 386 352 160 52 66 433 352 408 229 63 139 469 366 52 433 352 63 219 503 172 66 130 386 52 433 66 352 219 229 469 422 189 458 433 66 390 52 63 422 229 297 277 392 421 352 52 422 54 150 0 433 297 21 421 0 433 52 63 469 229 21 352 81 421 0 433 52 214 21 63 422 297 430 421 52 0 433 297 219 63 133 275 172 52 421 0 275 182 21 297 63 460 433 0 433 421 52 21 275 352 63 366 182
[dump] L28.moe    n=40960   finite=1 absmax=0.13383      mean=-8.729e-05   sumsq=4.481046946        argmax=2311
[dump]   top0 idx=2311 val=0.13383
[dump]   top1 idx=27542 val=0.05623
[dump]   top2 idx=40853 val=0.05599
[dump]   top3 idx=23707 val=0.04917
[dump]   top4 idx=39067 val=0.04817
[dump] L28.res    n=327680  finite=1 absmax=28.225       mean=0.012476     sumsq=242340.1017        argmax=169753
[dump]   top0 idx=169753 val=16.05636
[dump]   top1 idx=170460 val=15.68950
[dump]   top2 idx=183246 val=14.04995
[dump]   top3 idx=292568 val=13.52937
[dump]   top4 idx=272088 val=13.32363
[dump] L29.hcmix  n=40960   finite=1 absmax=5.8626       mean=0.015971     sumsq=15084.26233        argmax=7573
[dump]   top0 idx=7573 val=4.92951
[dump]   top1 idx=17813 val=4.07785
[dump]   top2 idx=12693 val=3.67096
[dump]   top3 idx=788 val=3.50355
[dump]   top4 idx=10157 val=3.36102
[dump] L29.att    n=40960   finite=1 absmax=0.21255      mean=0.0002662    sumsq=23.63333052        argmax=40195
[dump]   top0 idx=40195 val=0.21255
[dump]   top1 idx=39128 val=0.18035
[dump]   top2 idx=36568 val=0.16678
[dump]   top3 idx=11191 val=0.14256
[dump]   top4 idx=24835 val=0.14020
[dump] L29.ffnxn  n=163840  finite=1 absmax=43.221       mean=0.019567     sumsq=233774.6023        argmax=6620
[dump]   top0 idx=6620 val=17.56125
[dump]   top1 idx=5913 val=15.13095
[dump]   top2 idx=128728 val=14.73413
[dump]   top3 idx=160958 val=14.62510
[dump]   top4 idx=108248 val=14.51000
[dump] L29.fmix   n=40960   finite=1 absmax=4.0315       mean=0.0154       sumsq=14191.37758        argmax=4046
[dump]   top0 idx=4046 val=4.03150
[dump]   top1 idx=7573 val=3.98448
[dump]   top2 idx=788 val=3.76497
[dump]   top3 idx=17813 val=3.46079
[dump]   top4 idx=30613 val=3.33671
[dump] L29.mid    n=160     finite=1 absmax=0 mean=0 sumsq=0 ids: 293 466 68 387 262 400 285 337 54 451 387 290 273 148 330 93 250 504 162 337 290 148 387 273 325 16 394 250 330 93 148 290 250 387 273 330 91 265 93 267 290 118 148 273 508 250 387 265 312 259 387 290 148 93 273 317 91 296 259 118 259 387 290 265 250 118 273 325 338 296 259 387 118 273 290 265 93 325 440 274 387 259 290 265 273 22 91 312 148 118 387 259 290 273 22 148 97 265 93 91 118 387 273 290 259 265 250 148 469 93 259 387 273 290 265 97 438 325 342 453 342 438 259 265 387 273 290 451 93 468 279 259 325 389 93 273 265 185 387 97 387 273 259 93 118 265 342 290 463 438 259 438 342 279 97 265 387 468 118 22
[dump] L29.moe    n=40960   finite=1 absmax=0.14844      mean=0.00010392   sumsq=9.672633922        argmax=2311
[dump]   top0 idx=2311 val=0.14844
[dump]   top1 idx=29199 val=0.08387
[dump]   top2 idx=20969 val=0.07926
[dump]   top3 idx=21613 val=0.07758
[dump]   top4 idx=40696 val=0.07299
[dump] L29.res    n=327680  finite=1 absmax=32.069       mean=0.015079     sumsq=268312.2611        argmax=169753
[dump]   top0 idx=169753 val=18.87898
[dump]   top1 idx=323511 val=17.32892
[dump]   top2 idx=313271 val=17.32132
[dump]   top3 idx=282551 val=17.15058
[dump]   top4 idx=272311 val=16.66846
[dump] L30.hcmix  n=40960   finite=1 absmax=8.8708       mean=0.018681     sumsq=13514.06827        argmax=1500
[dump]   top0 idx=1500 val=8.87081
[dump]   top1 idx=788 val=4.45722
[dump]   top2 idx=7573 val=3.64689
[dump]   top3 idx=12693 val=3.53428
[dump]   top4 idx=1787 val=3.42507
[dump] L30.att    n=40960   finite=1 absmax=1.1661       mean=-0.0005534   sumsq=113.7279903        argmax=38882
[dump]   top0 idx=38882 val=0.48476
[dump]   top1 idx=1603 val=0.42597
[dump]   top2 idx=31713 val=0.39075
[dump]   top3 idx=21431 val=0.38096
[dump]   top4 idx=26082 val=0.36702
[dump] L30.ffnxn  n=163840  finite=1 absmax=31.744       mean=0.023262     sumsq=332576.7637        argmax=6620
[dump]   top0 idx=6620 val=16.89083
[dump]   top1 idx=128728 val=16.67883
[dump]   top2 idx=108248 val=16.42002
[dump]   top3 idx=118488 val=16.23673
[dump]   top4 idx=98008 val=16.12710
[dump] L30.fmix   n=40960   finite=1 absmax=7.3624       mean=0.015557     sumsq=19539.83858        argmax=4046
[dump]   top0 idx=4046 val=4.93066
[dump]   top1 idx=1500 val=3.74354
[dump]   top2 idx=788 val=3.69736
[dump]   top3 idx=8681 val=3.57754
[dump]   top4 idx=30613 val=3.05156
[dump] L30.mid    n=160     finite=1 absmax=0 mean=0 sumsq=0 ids: 165 151 398 326 331 506 40 137 138 417 506 165 138 14 326 500 409 111 398 280 95 414 280 409 506 14 311 227 234 338 205 165 280 223 506 318 398 498 106 259 376 280 5 223 81 409 22 463 335 318 14 308 409 151 234 290 506 12 110 129 506 138 111 11 335 151 205 181 212 398 506 138 14 335 441 212 409 86 6 154 335 506 138 280 11 212 473 111 441 439 11 138 506 14 111 280 335 498 212 398 181 473 409 506 370 129 64 6 439 280 506 11 398 138 181 151 335 282 49 136 506 138 212 11 335 409 128 40 500 473 181 335 506 280 212 151 79 11 415 398 181 506 335 326 86 82 11 244 212 415 244 335 506 11 100 128 482 510 398 181
[dump] L30.moe    n=40960   finite=1 absmax=0.065153     mean=0.00011825   sumsq=7.921416904        argmax=36714
[dump]   top0 idx=36714 val=0.06290
[dump]   top1 idx=34729 val=0.06067
[dump]   top2 idx=17713 val=0.05821
[dump]   top3 idx=35492 val=0.05555
[dump]   top4 idx=28798 val=0.05454
[dump] L30.res    n=327680  finite=1 absmax=28.706       mean=0.010593     sumsq=120465.2234        argmax=169753
[dump]   top0 idx=169753 val=15.91403
[dump]   top1 idx=292568 val=13.63386
[dump]   top2 idx=272088 val=13.43364
[dump]   top3 idx=282328 val=13.30897
[dump]   top4 idx=261848 val=13.20058
[dump] L31.hcmix  n=40960   finite=1 absmax=10.185       mean=0.0064592    sumsq=3531.947537        argmax=3288
[dump]   top0 idx=3288 val=2.13548
[dump]   top1 idx=23768 val=2.08612
[dump]   top2 idx=16088 val=2.08478
[dump]   top3 idx=28888 val=2.02035
[dump]   top4 idx=21208 val=2.00581
[dump] L31.att    n=40960   finite=1 absmax=0.76626      mean=-0.002738    sumsq=166.5447069        argmax=892
[dump]   top0 idx=892 val=0.76626
[dump]   top1 idx=2311 val=0.76051
[dump]   top2 idx=1795 val=0.47187
[dump]   top3 idx=3765 val=0.42543
[dump]   top4 idx=2121 val=0.39039
[dump] L31.ffnxn  n=163840  finite=1 absmax=58.394       mean=0.018391     sumsq=562939.759         argmax=128728
[dump]   top0 idx=128728 val=43.69374
[dump]   top1 idx=108248 val=43.04039
[dump]   top2 idx=118488 val=42.64702
[dump]   top3 idx=98008 val=42.30051
[dump]   top4 idx=67288 val=41.99088
[dump] L31.fmix   n=40960   finite=1 absmax=6.7076       mean=0.0070907    sumsq=29351.97747        argmax=23768
[dump]   top0 idx=23768 val=6.70760
[dump]   top1 idx=8681 val=6.04485
[dump]   top2 idx=21208 val=5.41504
[dump]   top3 idx=13528 val=4.88560
[dump]   top4 idx=9908 val=4.61397
[dump] L31.mid    n=160     finite=1 absmax=0 mean=0 sumsq=0 ids: 283 174 156 96 215 136 55 199 100 50 494 199 50 405 207 100 318 12 156 474 263 494 199 207 192 314 318 31 474 298 207 156 494 234 379 33 444 405 388 298 116 207 236 453 210 156 318 16 494 326 288 32 116 426 50 406 501 399 207 444 288 207 494 156 426 302 399 318 199 405 494 199 399 193 426 288 311 501 134 405 494 207 288 405 199 318 446 303 174 501 494 399 318 501 207 288 342 405 156 303 405 207 399 100 314 192 303 318 494 174 494 405 283 399 289 318 156 342 199 207 494 318 283 174 399 303 449 405 501 288 283 289 494 327 405 156 96 288 177 192 289 283 156 494 405 449 174 302 12 446 303 289 449 174 283 405 156 494 56 207
[dump] L31.moe    n=40960   finite=1 absmax=0.10536      mean=0.00020015   sumsq=11.65596902        argmax=2311
[dump]   top0 idx=2311 val=0.10536
[dump]   top1 idx=3022 val=0.09549
[dump]   top2 idx=8142 val=0.07689
[dump]   top3 idx=28680 val=0.07245
[dump]   top4 idx=29346 val=0.07065
[dump] L31.res    n=327680  finite=1 absmax=36.374       mean=0.011958     sumsq=309236.4817        argmax=169753
[dump]   top0 idx=169753 val=24.08734
[dump]   top1 idx=170460 val=21.13260
[dump]   top2 idx=323511 val=17.17173
[dump]   top3 idx=313271 val=17.11773
[dump]   top4 idx=282551 val=16.94919
[dump] L32.hcmix  n=40960   finite=1 absmax=15.844       mean=0.010055     sumsq=14811.84721        argmax=1500
[dump]   top0 idx=1500 val=10.29164
[dump]   top1 idx=788 val=5.00494
[dump]   top2 idx=4060 val=3.76595
[dump]   top3 idx=38631 val=3.60730
[dump]   top4 idx=579 val=3.57467
[dump] L32.att    n=40960   finite=1 absmax=0.39551      mean=-0.00090186  sumsq=54.72966108        argmax=5081
[dump]   top0 idx=5081 val=0.39551
[dump]   top1 idx=7622 val=0.29881
[dump]   top2 idx=3553 val=0.26401
[dump]   top3 idx=33222 val=0.24238
[dump]   top4 idx=6254 val=0.23174
[dump] L32.ffnxn  n=163840  finite=1 absmax=60.894       mean=0.015484     sumsq=467423.7915        argmax=1500
[dump]   top0 idx=1500 val=21.35332
[dump]   top1 idx=128728 val=20.86146
[dump]   top2 idx=108248 val=20.54665
[dump]   top3 idx=118488 val=20.36047
[dump]   top4 idx=98008 val=20.19507
[dump] L32.fmix   n=40960   finite=1 absmax=5.0273       mean=0.0073551    sumsq=26634.37489        argmax=8681
[dump]   top0 idx=8681 val=5.02731
[dump]   top1 idx=14245 val=3.77546
[dump]   top2 idx=13717 val=3.76866
[dump]   top3 idx=9908 val=3.72950
[dump]   top4 idx=788 val=3.66718
[dump] L32.mid    n=160     finite=1 absmax=0 mean=0 sumsq=0 ids: 228 243 272 256 487 429 58 132 392 74 228 28 429 359 480 92 243 272 142 394 228 28 140 429 142 149 113 99 236 261 228 429 447 188 124 28 319 341 418 261 188 228 104 447 429 319 303 138 243 58 228 394 272 142 12 140 369 388 419 205 359 429 243 228 142 58 140 487 272 263 228 429 272 243 359 394 400 58 140 74 228 429 243 272 142 359 263 58 149 140 359 228 429 263 272 243 142 480 58 92 228 272 243 465 429 400 263 149 447 142 228 429 243 272 359 480 58 263 479 140 228 429 272 263 359 243 140 391 480 132 243 228 429 58 189 272 489 479 263 248 228 243 278 7 480 359 75 58 202 92 243 228 359 454 278 235 189 480 507 263
[dump] L32.moe    n=40960   finite=1 absmax=0.37396      mean=0.00011756   sumsq=14.89833516        argmax=2311
[dump]   top0 idx=2311 val=0.31289
[dump]   top1 idx=1547 val=0.10912
[dump]   top2 idx=472 val=0.10729
[dump]   top3 idx=895 val=0.10281
[dump]   top4 idx=245 val=0.09924
[dump] L32.res    n=327680  finite=1 absmax=48.624       mean=0.01292      sumsq=284570.8575        argmax=170460
[dump]   top0 idx=170460 val=20.02470
[dump]   top1 idx=169753 val=16.17556
[dump]   top2 idx=292568 val=12.40515
[dump]   top3 idx=272088 val=12.21779
[dump]   top4 idx=282328 val=12.10797
[dump] L33.hcmix  n=40960   finite=1 absmax=5.9039       mean=0.018307     sumsq=16118.20483        argmax=7573
[dump]   top0 idx=7573 val=4.56019
[dump]   top1 idx=788 val=4.50215
[dump]   top2 idx=17813 val=4.15036
[dump]   top3 idx=12693 val=4.02272
[dump]   top4 idx=1500 val=3.78919
[dump] L33.att    n=40960   finite=1 absmax=0.17805      mean=-0.0012543   sumsq=28.48949729        argmax=4960
[dump]   top0 idx=4960 val=0.17805
[dump]   top1 idx=39129 val=0.15000
[dump]   top2 idx=10073 val=0.14661
[dump]   top3 idx=26593 val=0.14639
[dump]   top4 idx=32602 val=0.14505
[dump] L33.ffnxn  n=163840  finite=1 absmax=33.391       mean=0.014851     sumsq=357329.2782        argmax=5913
[dump]   top0 idx=5913 val=23.72359
[dump]   top1 idx=128728 val=17.03399
[dump]   top2 idx=108248 val=16.77664
[dump]   top3 idx=118488 val=16.62586
[dump]   top4 idx=98008 val=16.49037
[dump] L33.fmix   n=40960   finite=1 absmax=5.5951       mean=0.0096       sumsq=22040.79048        argmax=4046
[dump]   top0 idx=4046 val=5.59514
[dump]   top1 idx=6606 val=4.38522
[dump]   top2 idx=32206 val=3.96351
[dump]   top3 idx=788 val=3.10294
[dump]   top4 idx=13717 val=3.08095
[dump] L33.mid    n=160     finite=1 absmax=0 mean=0 sumsq=0 ids: 136 486 387 243 471 160 105 200 28 504 136 486 387 160 299 363 419 365 243 471 387 328 398 136 486 222 71 304 471 259 136 328 249 486 387 469 363 105 160 84 486 136 366 387 471 333 363 469 444 105 387 471 136 291 448 84 419 474 127 243 366 419 136 279 486 471 387 328 363 155 136 419 279 363 387 365 206 366 471 499 136 419 363 470 279 362 387 206 486 105 470 363 136 419 365 279 471 345 84 362 136 84 486 428 279 328 419 471 366 160 84 363 136 362 279 471 345 419 305 486 136 362 363 471 84 279 419 374 155 486 84 136 374 345 279 155 363 486 471 499 363 84 136 253 299 209 345 407 279 160 362 374 84 279 345 136 419 363 209 509
[dump] L33.moe    n=40960   finite=1 absmax=0.070426     mean=-3.1556e-05  sumsq=8.898105484        argmax=3119
[dump]   top0 idx=3119 val=0.06784
[dump]   top1 idx=6381 val=0.06657
[dump]   top2 idx=3777 val=0.06627
[dump]   top3 idx=8707 val=0.06501
[dump]   top4 idx=3677 val=0.06423
[dump] L33.res    n=327680  finite=1 absmax=43.005       mean=0.011613     sumsq=279905.0565        argmax=170460
[dump]   top0 idx=170460 val=19.09557
[dump]   top1 idx=292568 val=16.47841
[dump]   top2 idx=169753 val=16.27021
[dump]   top3 idx=272088 val=16.22915
[dump]   top4 idx=282328 val=16.08335
[dump] L34.hcmix  n=40960   finite=1 absmax=17.319       mean=0.013712     sumsq=15940.14305        argmax=1500
[dump]   top0 idx=1500 val=8.51645
[dump]   top1 idx=793 val=4.87498
[dump]   top2 idx=788 val=4.40151
[dump]   top3 idx=1912 val=3.83596
[dump]   top4 idx=34485 val=3.76342
[dump] L34.att    n=40960   finite=1 absmax=0.38261      mean=-0.00067104  sumsq=58.77190811        argmax=26082
[dump]   top0 idx=26082 val=0.38261
[dump]   top1 idx=40282 val=0.31271
[dump]   top2 idx=38882 val=0.31173
[dump]   top3 idx=32602 val=0.29693
[dump]   top4 idx=30042 val=0.29070
[dump] L34.ffnxn  n=163840  finite=1 absmax=38.042       mean=0.022996     sumsq=331871.4699        argmax=5913
[dump]   top0 idx=5913 val=18.00095
[dump]   top1 idx=6620 val=17.70843
[dump]   top2 idx=159671 val=17.56125
[dump]   top3 idx=149431 val=17.50406
[dump]   top4 idx=118711 val=17.33455
[dump] L34.fmix   n=40960   finite=1 absmax=4.2789       mean=0.019124     sumsq=19542.5017         argmax=1500
[dump]   top0 idx=1500 val=4.27889
[dump]   top1 idx=7573 val=4.09686
[dump]   top2 idx=17813 val=3.57510
[dump]   top3 idx=28893 val=3.42961
[dump]   top4 idx=36536 val=3.41368
[dump] L34.mid    n=160     finite=1 absmax=0 mean=0 sumsq=0 ids: 449 475 275 87 496 19 101 111 24 399 111 29 101 24 275 22 119 484 460 459 131 157 29 119 111 7 173 102 33 509 29 7 459 201 185 101 299 157 119 24 440 29 157 459 111 131 190 506 201 119 87 496 277 264 88 24 101 275 399 29 111 24 131 448 101 366 29 102 119 22 131 88 22 101 29 448 24 119 111 459 29 448 24 22 102 101 460 353 119 5 29 24 448 101 102 22 353 460 131 347 111 29 299 459 201 119 24 101 366 465 131 24 101 448 111 366 102 460 22 347 111 131 366 448 101 24 22 102 460 347 131 24 101 353 448 22 29 275 102 273 131 123 22 101 24 448 150 201 29 430 448 131 24 101 22 460 247 366 275 29
[dump] L34.moe    n=40960   finite=1 absmax=0.13791      mean=0.00033506   sumsq=13.78464917        argmax=28307
[dump]   top0 idx=28307 val=0.11050
[dump]   top1 idx=28691 val=0.10621
[dump]   top2 idx=30415 val=0.10325
[dump]   top3 idx=29990 val=0.10304
[dump]   top4 idx=30391 val=0.10198
[dump] L34.res    n=327680  finite=1 absmax=23.509       mean=0.0083232    sumsq=133541.3834        argmax=169753
[dump]   top0 idx=169753 val=14.13526
[dump]   top1 idx=292568 val=13.82454
[dump]   top2 idx=272088 val=13.61530
[dump]   top3 idx=170460 val=13.51194
[dump]   top4 idx=282328 val=13.49314
[dump] L35.hcmix  n=40960   finite=1 absmax=8.5605       mean=0.0096231    sumsq=5301.330144        argmax=23522
[dump]   top0 idx=23522 val=2.44141
[dump]   top1 idx=8162 val=2.32661
[dump]   top2 idx=34008 val=2.26061
[dump]   top3 idx=13282 val=2.25376
[dump]   top4 idx=28888 val=2.21419
[dump] L35.att    n=40960   finite=1 absmax=0.77598      mean=3.8251e-06   sumsq=140.5129313        argmax=1736
[dump]   top0 idx=1736 val=0.71066
[dump]   top1 idx=360 val=0.53090
[dump]   top2 idx=994 val=0.50682
[dump]   top3 idx=1795 val=0.49571
[dump]   top4 idx=1882 val=0.44736
[dump] L35.ffnxn  n=163840  finite=1 absmax=31.949       mean=0.017462     sumsq=365200.2946        argmax=159671
[dump]   top0 idx=159671 val=19.89893
[dump]   top1 idx=149431 val=19.80804
[dump]   top2 idx=118711 val=19.62667
[dump]   top3 idx=108471 val=19.04735
[dump]   top4 idx=128951 val=18.88457
[dump] L35.fmix   n=40960   finite=1 absmax=4.5529       mean=0.014447     sumsq=25191.40442        argmax=19715
[dump]   top0 idx=19715 val=3.53845
[dump]   top1 idx=12035 val=3.48907
[dump]   top2 idx=29955 val=3.34770
[dump]   top3 idx=14245 val=3.32154
[dump]   top4 idx=7971 val=3.24117
[dump] L35.mid    n=160     finite=1 absmax=0 mean=0 sumsq=0 ids: 434 31 170 360 342 472 406 372 500 403 472 161 3 222 342 375 309 434 362 31 222 309 3 161 342 56 472 162 455 362 161 472 291 222 403 70 426 309 342 353 472 161 70 3 222 31 259 342 9 345 3 368 472 453 501 74 9 8 49 434 472 3 31 121 49 453 161 375 434 70 472 3 397 31 375 315 52 453 49 434 472 375 161 3 315 31 434 222 56 121 472 161 375 3 315 31 56 372 121 434 472 500 170 222 161 31 426 315 375 372 472 31 121 375 434 315 161 3 426 277 375 472 315 31 121 3 385 434 222 342 121 31 472 490 315 56 375 161 434 162 472 31 121 315 173 490 434 161 454 372 121 472 31 315 490 56 161 375 162 434
[dump] L35.moe    n=40960   finite=1 absmax=0.17464      mean=0.0007879    sumsq=25.47334179        argmax=30042
[dump]   top0 idx=30042 val=0.16650
[dump]   top1 idx=21769 val=0.13216
[dump]   top2 idx=22362 val=0.12764
[dump]   top3 idx=21167 val=0.12290
[dump]   top4 idx=20856 val=0.12284
[dump] L35.res    n=327680  finite=1 absmax=24.226       mean=0.018316     sumsq=313017.8075        argmax=323511
[dump]   top0 idx=323511 val=19.41127
[dump]   top1 idx=313271 val=19.32269
[dump]   top2 idx=282551 val=19.14820
[dump]   top3 idx=169753 val=19.06357
[dump]   top4 idx=324798 val=18.85782
[dump] L36.hcmix  n=40960   finite=1 absmax=12.423       mean=0.015284     sumsq=14772.3343         argmax=1500
[dump]   top0 idx=1500 val=6.49640
[dump]   top1 idx=793 val=5.30768
[dump]   top2 idx=788 val=3.87027
[dump]   top3 idx=1736 val=3.77760
[dump]   top4 idx=19715 val=3.52717
[dump] L36.att    n=40960   finite=1 absmax=6.0723       mean=0.0026784    sumsq=752.4901773        argmax=1827
[dump]   top0 idx=1827 val=3.08663
[dump]   top1 idx=2311 val=2.04483
[dump]   top2 idx=1984 val=1.95033
[dump]   top3 idx=2238 val=1.92399
[dump]   top4 idx=403 val=1.86143
[dump] L36.ffnxn  n=163840  finite=1 absmax=46.184       mean=0.046388     sumsq=576520.0026        argmax=1827
[dump]   top0 idx=1827 val=23.44960
[dump]   top1 idx=159671 val=21.06949
[dump]   top2 idx=149431 val=20.97293
[dump]   top3 idx=118711 val=20.78397
[dump]   top4 idx=108471 val=20.16695
[dump] L36.fmix   n=40960   finite=1 absmax=6.0988       mean=0.035999     sumsq=38545.49491        argmax=8681
[dump]   top0 idx=8681 val=5.41292
[dump]   top1 idx=4046 val=4.88340
[dump]   top2 idx=14245 val=4.55279
[dump]   top3 idx=19490 val=4.41280
[dump]   top4 idx=13717 val=4.33315
[dump] L36.mid    n=160     finite=1 absmax=0 mean=0 sumsq=0 ids: 363 78 76 429 55 210 407 265 388 45 412 396 358 102 218 25 387 490 217 269 218 412 396 233 387 429 137 105 388 96 218 308 134 76 147 388 349 146 445 439 358 134 96 369 218 396 298 76 125 233 54 491 306 55 496 363 313 219 4 481 387 313 218 358 25 429 134 396 210 258 244 387 102 306 481 341 313 218 248 485 387 296 218 258 25 102 313 341 244 210 387 258 25 218 210 296 363 76 265 102 218 339 387 293 148 140 26 363 158 388 387 218 25 485 313 494 158 243 248 210 387 25 258 330 324 388 169 40 210 485 387 185 25 258 442 218 243 410 429 168 387 278 258 25 442 179 18 314 370 262 387 179 442 258 25 168 185 410 182 307
[dump] L36.moe    n=40960   finite=1 absmax=0.22943      mean=0.00058858   sumsq=54.05041279        argmax=35107
[dump]   top0 idx=35107 val=0.21270
[dump]   top1 idx=34333 val=0.18328
[dump]   top2 idx=32840 val=0.18317
[dump]   top3 idx=29987 val=0.17327
[dump]   top4 idx=35458 val=0.17025
[dump] L36.res    n=327680  finite=1 absmax=50.374       mean=0.0252       sumsq=350257.0923        argmax=170460
[dump]   top0 idx=170460 val=27.37810
[dump]   top1 idx=169753 val=24.37147
[dump]   top2 idx=165667 val=18.65712
[dump]   top3 idx=292568 val=13.57868
[dump]   top4 idx=272088 val=13.36650
[dump] L37.hcmix  n=40960   finite=1 absmax=16.869       mean=0.031802     sumsq=14251.71021        argmax=1500
[dump]   top0 idx=1500 val=7.83921
[dump]   top1 idx=1827 val=6.63292
[dump]   top2 idx=19715 val=4.36992
[dump]   top3 idx=138 val=4.15002
[dump]   top4 idx=1736 val=4.02873
[dump] L37.att    n=40960   finite=1 absmax=2.2662       mean=-0.0010869   sumsq=127.9858814        argmax=2537
[dump]   top0 idx=2537 val=1.14541
[dump]   top1 idx=932 val=0.68177
[dump]   top2 idx=138 val=0.63429
[dump]   top3 idx=1359 val=0.55786
[dump]   top4 idx=1750 val=0.54769
[dump] L37.ffnxn  n=163840  finite=1 absmax=49.134       mean=0.050758     sumsq=526325.1765        argmax=1827
[dump]   top0 idx=1827 val=21.71128
[dump]   top1 idx=159671 val=19.11426
[dump]   top2 idx=149431 val=19.01442
[dump]   top3 idx=118711 val=18.85430
[dump]   top4 idx=128728 val=18.39298
[dump] L37.fmix   n=40960   finite=1 absmax=5.4607       mean=0.044305     sumsq=38419.51403        argmax=8681
[dump]   top0 idx=8681 val=4.75941
[dump]   top1 idx=12360 val=4.12800
[dump]   top2 idx=14245 val=4.10559
[dump]   top3 idx=10936 val=3.97342
[dump]   top4 idx=7573 val=3.94638
[dump] L37.mid    n=160     finite=1 absmax=0 mean=0 sumsq=0 ids: 255 72 379 304 131 25 418 420 10 324 255 19 324 304 150 369 286 379 118 451 451 286 128 350 369 118 200 435 255 197 306 255 346 19 511 359 284 265 479 128 128 346 255 187 451 150 33 379 304 131 131 297 302 25 379 255 392 134 96 142 19 29 118 346 369 57 484 304 255 313 118 19 57 360 255 25 369 197 290 27 118 19 352 346 57 369 484 155 200 255 352 19 118 57 200 306 369 346 255 326 19 317 255 369 484 346 379 118 155 326 346 255 369 131 19 200 57 379 313 155 369 57 304 264 255 19 346 118 155 477 313 57 469 369 389 346 200 326 306 128 313 346 321 19 369 469 57 326 255 118 313 346 57 369 469 304 264 19 326 243
[dump] L37.moe    n=40960   finite=1 absmax=0.16809      mean=0.00014461   sumsq=45.82988185        argmax=29042
[dump]   top0 idx=29042 val=0.16809
[dump]   top1 idx=24921 val=0.16487
[dump]   top2 idx=29424 val=0.15135
[dump]   top3 idx=28439 val=0.14779
[dump]   top4 idx=31602 val=0.14717
[dump] L37.res    n=327680  finite=1 absmax=72.828       mean=0.016331     sumsq=304995.9252        argmax=170460
[dump]   top0 idx=170460 val=28.94975
[dump]   top1 idx=169753 val=25.20715
[dump]   top2 idx=163978 val=19.00654
[dump]   top3 idx=189445 val=19.00224
[dump]   top4 idx=240645 val=18.80299
[dump] L38.hcmix  n=40960   finite=1 absmax=34.056       mean=0.020789     sumsq=14892.33809        argmax=1500
[dump]   top0 idx=1500 val=9.62161
[dump]   top1 idx=1827 val=5.83946
[dump]   top2 idx=138 val=5.75714
[dump]   top3 idx=793 val=5.15021
[dump]   top4 idx=5125 val=4.70252
[dump] L38.att    n=40960   finite=1 absmax=0.46671      mean=-0.00063091  sumsq=108.6698749        argmax=403
[dump]   top0 idx=403 val=0.40369
[dump]   top1 idx=36753 val=0.33431
[dump]   top2 idx=34193 val=0.33397
[dump]   top3 idx=23953 val=0.29214
[dump]   top4 idx=7716 val=0.28861
[dump] L38.ffnxn  n=163840  finite=1 absmax=36.349       mean=0.050816     sumsq=587485.2789        argmax=48495
[dump]   top0 idx=48495 val=23.05473
[dump]   top1 idx=36841 val=20.02053
[dump]   top2 idx=6983 val=18.23300
[dump]   top3 idx=149176 val=17.63890
[dump]   top4 idx=46776 val=16.81682
[dump] L38.fmix   n=40960   finite=1 absmax=5.7766       mean=0.04413      sumsq=34875.42446        argmax=12655
[dump]   top0 idx=12655 val=5.77664
[dump]   top1 idx=10936 val=5.20640
[dump]   top2 idx=8681 val=5.01582
[dump]   top3 idx=1863 val=4.24615
[dump]   top4 idx=7573 val=4.09285
[dump] L38.mid    n=160     finite=1 absmax=0 mean=0 sumsq=0 ids: 317 456 283 345 309 41 57 287 446 205 425 96 394 164 305 438 188 275 402 483 460 188 265 96 425 402 232 187 438 504 464 352 279 145 96 376 51 54 460 164 396 460 183 96 193 202 111 356 384 306 341 347 206 235 309 104 18 462 388 345 7 206 438 460 226 116 341 50 393 483 241 425 375 124 307 259 106 291 388 438 504 460 388 96 124 50 206 400 486 279 504 460 454 355 279 438 135 486 50 206 153 87 71 226 460 454 173 452 164 350 460 206 116 226 213 7 41 117 244 483 483 226 460 206 438 486 7 117 188 50 226 412 173 206 457 287 262 460 50 483 168 173 226 370 323 483 228 287 262 254 226 287 173 483 206 260 354 76 438 457
[dump] L38.moe    n=40960   finite=1 absmax=0.1818       mean=-2.982e-05   sumsq=34.99472367        argmax=27937
[dump]   top0 idx=27937 val=0.18180
[dump]   top1 idx=8826 val=0.12970
[dump]   top2 idx=14924 val=0.12737
[dump]   top3 idx=37387 val=0.12533
[dump]   top4 idx=8177 val=0.11971
[dump] L38.res    n=327680  finite=1 absmax=29.741       mean=0.011245     sumsq=210504.7368        argmax=170460
[dump]   top0 idx=170460 val=20.33348
[dump]   top1 idx=169753 val=19.56281
[dump]   top2 idx=322565 val=15.39510
[dump]   top3 idx=271365 val=15.19255
[dump]   top4 idx=261125 val=15.15736
[dump] L39.hcmix  n=40960   finite=1 absmax=4.8204       mean=0.0083745    sumsq=5531.198602        argmax=793
[dump]   top0 idx=793 val=4.82036
[dump]   top1 idx=23045 val=3.42282
[dump]   top2 idx=38405 val=3.26683
[dump]   top3 idx=25605 val=3.16183
[dump]   top4 idx=30725 val=3.11947
[dump] L39.att    n=40960   finite=1 absmax=0.55114      mean=0.00017861   sumsq=216.9850803        argmax=29052
[dump]   top0 idx=29052 val=0.55114
[dump]   top1 idx=15465 val=0.42110
[dump]   top2 idx=23839 val=0.41184
[dump]   top3 idx=31519 val=0.39633
[dump]   top4 idx=23561 val=0.39123
[dump] L39.ffnxn  n=163840  finite=1 absmax=45.175       mean=0.035287     sumsq=767094.5681        argmax=36841
[dump]   top0 idx=36841 val=27.04250
[dump]   top1 idx=1827 val=21.13191
[dump]   top2 idx=36448 val=20.57874
[dump]   top3 idx=99620 val=19.86920
[dump]   top4 idx=57765 val=18.27693
[dump] L39.fmix   n=40960   finite=1 absmax=8.4928       mean=0.027296     sumsq=41275.12877        argmax=8681
[dump]   top0 idx=8681 val=8.49277
[dump]   top1 idx=15939 val=5.72038
[dump]   top2 idx=8288 val=5.43617
[dump]   top3 idx=23619 val=5.15936
[dump]   top4 idx=5699 val=5.10883
[dump] L39.mid    n=160     finite=1 absmax=0 mean=0 sumsq=0 ids: 356 323 285 42 496 260 242 334 450 82 356 496 103 167 45 480 128 223 494 120 48 496 356 45 480 103 123 128 477 223 356 42 496 99 307 107 355 337 264 220 356 99 500 496 109 42 103 128 342 264 372 480 356 82 201 389 285 367 495 494 356 99 42 128 480 334 109 103 104 342 480 356 128 334 42 299 121 375 394 477 356 128 42 480 110 148 60 299 121 274 356 406 128 32 477 177 42 219 480 342 356 477 42 459 128 442 372 36 355 506 356 128 480 334 110 60 42 496 148 360 356 334 32 60 128 42 480 145 110 257 356 60 127 128 233 116 108 10 110 433 356 425 60 334 257 116 127 233 128 463 356 60 128 425 233 127 116 110 32 257
[dump] L39.moe    n=40960   finite=1 absmax=0.45664      mean=0.00024971   sumsq=101.0117583        argmax=2311
[dump]   top0 idx=2311 val=0.45664
[dump]   top1 idx=422 val=0.30746
[dump]   top2 idx=21084 val=0.27700
[dump]   top3 idx=1882 val=0.26971
[dump]   top4 idx=21597 val=0.23810
[dump] L39.res    n=327680  finite=1 absmax=40.326       mean=0.020614     sumsq=491551.286         argmax=212335
[dump]   top0 idx=212335 val=23.82797
[dump]   top1 idx=165667 val=23.53599
[dump]   top2 idx=232417 val=23.22922
[dump]   top3 idx=169753 val=21.97674
[dump]   top4 idx=170460 val=21.31570
[dump] L40.hcmix  n=40960   finite=1 absmax=19.966       mean=0.033836     sumsq=27469.31869        argmax=138
[dump]   top0 idx=138 val=7.88449
[dump]   top1 idx=1827 val=6.94964
[dump]   top2 idx=12655 val=6.07544
[dump]   top3 idx=472 val=4.90410
[dump]   top4 idx=1984 val=4.78866
[dump] L40.att    n=40960   finite=1 absmax=0.68974      mean=0.0025639    sumsq=201.1097814        argmax=36901
[dump]   top0 idx=36901 val=0.68974
[dump]   top1 idx=13861 val=0.61877
[dump]   top2 idx=8741 val=0.56743
[dump]   top3 idx=27937 val=0.55030
[dump]   top4 idx=18402 val=0.48754
[dump] L40.ffnxn  n=163840  finite=1 absmax=40.651       mean=0.043804     sumsq=763028.3931        argmax=7358
[dump]   top0 idx=7358 val=29.85500
[dump]   top1 idx=160958 val=27.65782
[dump]   top2 idx=79038 val=27.18112
[dump]   top3 idx=130238 val=26.06050
[dump]   top4 idx=89278 val=25.74072
[dump] L40.fmix   n=40960   finite=1 absmax=7.3204       mean=0.033577     sumsq=46959.09565        argmax=8681
[dump]   top0 idx=8681 val=7.32042
[dump]   top1 idx=15939 val=6.26710
[dump]   top2 idx=22718 val=5.95495
[dump]   top3 idx=25278 val=5.69955
[dump]   top4 idx=20158 val=5.57386
[dump] L40.mid    n=160     finite=1 absmax=0 mean=0 sumsq=0 ids: 280 172 309 449 178 141 428 91 103 381 280 28 141 249 332 380 135 334 311 229 280 268 282 8 218 66 502 335 332 301 280 217 380 199 111 277 461 477 334 271 268 334 217 280 160 21 391 380 199 67 36 178 428 200 280 295 127 310 60 309 335 280 334 380 141 138 217 398 160 204 280 128 188 335 295 336 237 138 50 200 335 280 138 220 261 465 282 181 398 263 204 280 52 398 335 22 250 229 465 83 307 412 170 282 301 77 351 280 178 36 172 280 335 208 138 64 374 61 178 438 335 208 172 138 280 178 465 220 240 459 240 491 204 335 435 61 155 494 212 57 240 172 491 335 470 208 212 398 61 138 335 240 172 208 491 470 497 138 435 260
[dump] L40.moe    n=40960   finite=1 absmax=0.20035      mean=9.0475e-05   sumsq=38.54964631        argmax=10697
[dump]   top0 idx=10697 val=0.20035
[dump]   top1 idx=12437 val=0.19250
[dump]   top2 idx=11959 val=0.19235
[dump]   top3 idx=12555 val=0.18587
[dump]   top4 idx=10736 val=0.17680
[dump] L40.res    n=327680  finite=1 absmax=39.011       mean=0.022475     sumsq=389198.8404        argmax=170460
[dump]   top0 idx=170460 val=17.17715
[dump]   top1 idx=165667 val=16.26149
[dump]   top2 idx=169753 val=16.18132
[dump]   top3 idx=166538 val=15.61703
[dump]   top4 idx=231031 val=14.65112
[dump] L41.hcmix  n=40960   finite=1 absmax=19.261       mean=0.029988     sumsq=20918.10916        argmax=138
[dump]   top0 idx=138 val=7.26425
[dump]   top1 idx=1827 val=5.78314
[dump]   top2 idx=1500 val=5.48176
[dump]   top3 idx=1984 val=4.91852
[dump]   top4 idx=27937 val=4.35591
[dump] L41.att    n=40960   finite=1 absmax=0.6411       mean=0.00064132   sumsq=158.2970026        argmax=17242
[dump]   top0 idx=17242 val=0.64110
[dump]   top1 idx=30042 val=0.62132
[dump]   top2 idx=32602 val=0.55256
[dump]   top3 idx=22362 val=0.54618
[dump]   top4 idx=27482 val=0.52970
[dump] L41.ffnxn  n=163840  finite=1 absmax=36.88        mean=0.04854      sumsq=762839.6609        argmax=1827
[dump]   top0 idx=1827 val=22.68775
[dump]   top1 idx=36841 val=19.63240
[dump]   top2 idx=68577 val=18.93094
[dump]   top3 idx=37751 val=17.89061
[dump]   top4 idx=99620 val=17.59191
[dump] L41.fmix   n=40960   finite=1 absmax=6.8216       mean=0.037685     sumsq=49709.35369        argmax=8681
[dump]   top0 idx=8681 val=5.66632
[dump]   top1 idx=1500 val=5.42683
[dump]   top2 idx=8288 val=5.05906
[dump]   top3 idx=11929 val=4.66108
[dump]   top4 idx=25380 val=4.63271
[dump] L41.mid    n=160     finite=1 absmax=0 mean=0 sumsq=0 ids: 59 240 198 491 331 445 482 420 266 348 348 178 489 196 27 505 378 281 20 21 205 348 132 58 378 20 480 423 19 178 289 387 19 343 255 90 204 160 348 135 21 95 204 343 90 71 454 196 160 255 496 59 55 433 42 491 476 198 403 482 157 59 116 118 204 496 198 433 299 20 59 489 299 376 240 430 440 399 433 198 132 118 506 253 58 198 302 422 116 205 404 118 131 205 426 366 348 132 342 75 389 45 406 303 146 461 505 510 169 374 59 433 118 416 198 450 443 240 105 491 59 433 440 118 450 476 240 198 491 105 278 59 305 450 483 17 433 221 413 52 59 450 346 433 240 477 301 338 293 417 59 450 491 119 433 118 440 472 106 111
[dump] L41.moe    n=40960   finite=1 absmax=0.1502       mean=-0.00022464  sumsq=46.51663613        argmax=10253
[dump]   top0 idx=10253 val=0.15020
[dump]   top1 idx=30466 val=0.14197
[dump]   top2 idx=12590 val=0.13907
[dump]   top3 idx=10644 val=0.13677
[dump]   top4 idx=11879 val=0.13527
[dump] L41.res    n=327680  finite=1 absmax=36.761       mean=0.022094     sumsq=391498.441         argmax=165667
[dump]   top0 idx=165667 val=26.66051
[dump]   top1 idx=170460 val=20.37575
[dump]   top2 idx=169753 val=13.86660
[dump]   top3 idx=167332 val=13.23340
[dump]   top4 idx=177522 val=13.15483
[dump] L42.hcmix  n=40960   finite=1 absmax=12.795       mean=0.03022      sumsq=21702.02464        argmax=1984
[dump]   top0 idx=1984 val=6.09031
[dump]   top1 idx=138 val=5.71090
[dump]   top2 idx=14422 val=4.77297
[dump]   top3 idx=30042 val=4.40286
[dump]   top4 idx=3442 val=3.75374
[dump] L42.att    n=40960   finite=1 absmax=0.75965      mean=0.0010125    sumsq=138.7627133        argmax=23522
[dump]   top0 idx=23522 val=0.41248
[dump]   top1 idx=20962 val=0.38158
[dump]   top2 idx=18402 val=0.35960
[dump]   top3 idx=39393 val=0.34891
[dump]   top4 idx=10722 val=0.34594
[dump] L42.ffnxn  n=163840  finite=1 absmax=38.184       mean=0.053136     sumsq=775668.4844        argmax=1827
[dump]   top0 idx=1827 val=20.23024
[dump]   top1 idx=128951 val=17.87672
[dump]   top2 idx=108471 val=17.32840
[dump]   top3 idx=159671 val=17.26127
[dump]   top4 idx=98231 val=16.91145
[dump] L42.fmix   n=40960   finite=1 absmax=5.5757       mean=0.038799     sumsq=49158.60855        argmax=8681
[dump]   top0 idx=8681 val=5.57567
[dump]   top1 idx=29042 val=4.89979
[dump]   top2 idx=33683 val=4.88862
[dump]   top3 idx=27937 val=4.79636
[dump]   top4 idx=21424 val=4.77741
[dump] L42.mid    n=160     finite=1 absmax=0 mean=0 sumsq=0 ids: 294 151 366 248 283 322 212 393 83 432 455 78 357 466 293 3 341 279 250 276 357 455 279 302 495 276 341 37 14 231 474 42 21 455 39 141 105 51 414 108 39 59 455 357 65 276 21 92 414 377 53 506 215 507 151 14 276 348 140 231 3 110 310 53 140 231 357 276 90 5 310 110 140 354 3 455 276 53 357 90 310 341 3 191 455 283 182 110 136 140 341 391 3 269 278 110 357 452 283 191 310 3 227 151 105 110 333 455 72 283 3 337 212 140 193 231 5 310 451 151 3 310 5 140 151 121 212 193 466 411 212 321 446 3 6 509 399 7 341 310 212 310 494 7 3 509 358 399 498 83 212 3 509 498 310 399 140 83 290 6
[dump] L42.moe    n=40960   finite=1 absmax=0.23276      mean=0.0006391    sumsq=74.65872978        argmax=36682
[dump]   top0 idx=36682 val=0.23276
[dump]   top1 idx=38053 val=0.21635
[dump]   top2 idx=544 val=0.20445
[dump]   top3 idx=40613 val=0.19975
[dump]   top4 idx=37677 val=0.19463
[dump] L42.res    n=327680  finite=1 absmax=20.404       mean=0.011847     sumsq=127688.3375        argmax=170460
[dump]   top0 idx=170460 val=12.49079
[dump]   top1 idx=165667 val=11.71897
[dump]   top2 idx=322565 val=11.41420
[dump]   top3 idx=271365 val=11.35003
[dump]   top4 idx=261125 val=11.28539
[dump] L43.hcmix  n=40960   finite=1 absmax=3.8276       mean=0.0070788    sumsq=2794.309922        argmax=23922
[dump]   top0 idx=23922 val=3.82760
[dump]   top1 idx=31602 val=3.81557
[dump]   top2 idx=21362 val=3.80974
[dump]   top3 idx=29042 val=3.76500
[dump]   top4 idx=39282 val=3.57611
[dump] L43.att    n=40960   finite=1 absmax=0.53261      mean=0.0031606    sumsq=187.5698502        argmax=28888
[dump]   top0 idx=28888 val=0.50453
[dump]   top1 idx=29551 val=0.49361
[dump]   top2 idx=16751 val=0.48727
[dump]   top3 idx=30398 val=0.46598
[dump]   top4 idx=11631 val=0.44776
[dump] L43.ffnxn  n=163840  finite=1 absmax=31.39        mean=0.054675     sumsq=558539.3352        argmax=99620
[dump]   top0 idx=99620 val=19.71526
[dump]   top1 idx=98248 val=16.53646
[dump]   top2 idx=87152 val=16.50966
[dump]   top3 idx=67288 val=16.42566
[dump]   top4 idx=118488 val=16.21146
[dump] L43.fmix   n=40960   finite=1 absmax=5.6195       mean=0.036993     sumsq=36498.43921        argmax=25380
[dump]   top0 idx=25380 val=5.61955
[dump]   top1 idx=24008 val=3.96667
[dump]   top2 idx=33683 val=3.93070
[dump]   top3 idx=9856 val=3.92679
[dump]   top4 idx=29120 val=3.87730
[dump] L43.mid    n=160     finite=1 absmax=0 mean=0 sumsq=0 ids: 300 180 86 133 13 413 91 60 64 162 44 166 300 124 471 293 24 346 363 477 293 300 417 117 124 166 505 471 44 483 300 19 439 293 189 42 371 257 221 155 300 221 257 219 376 371 439 348 243 80 300 10 499 133 331 472 337 26 286 146 300 499 462 337 363 146 64 219 293 483 300 499 146 374 86 101 337 363 462 117 300 121 97 86 499 462 451 145 483 203 300 483 266 293 462 216 270 299 324 430 300 496 323 86 90 182 64 117 278 403 300 86 499 337 0 227 61 133 272 451 300 86 499 133 462 483 363 64 337 250 300 325 248 86 202 499 133 436 355 259 300 325 86 499 4 14 146 347 117 60 300 325 86 499 436 99 462 337 98 81
[dump] L43.moe    n=40960   finite=1 absmax=0.18125      mean=0.0002543    sumsq=39.6370463         argmax=28742
[dump]   top0 idx=28742 val=0.18125
[dump]   top1 idx=31302 val=0.16908
[dump]   top2 idx=29516 val=0.14949
[dump]   top3 idx=30262 val=0.13984
[dump]   top4 idx=20711 val=0.13878
[dump] L43.res    n=327680  finite=1 absmax=48.273       mean=0.036307     sumsq=581714.7927        argmax=262128
[dump]   top0 idx=262128 val=22.17467
[dump]   top1 idx=221754 val=19.80057
[dump]   top2 idx=228833 val=18.13528
[dump]   top3 idx=166538 val=18.11713
[dump]   top4 idx=176454 val=17.96451
[dump] L44.hcmix  n=40960   finite=1 absmax=23.202       mean=0.031491     sumsq=19609.98069        argmax=138
[dump]   top0 idx=138 val=8.71189
[dump]   top1 idx=1984 val=7.73523
[dump]   top2 idx=13282 val=6.97593
[dump]   top3 idx=1827 val=6.27851
[dump]   top4 idx=8162 val=6.12461
[dump] L44.att    n=40960   finite=1 absmax=4.7329       mean=0.0038265    sumsq=1146.054893        argmax=1827
[dump]   top0 idx=1827 val=3.86093
[dump]   top1 idx=9867 val=3.58932
[dump]   top2 idx=27787 val=3.44279
[dump]   top3 idx=2187 val=2.84236
[dump]   top4 idx=422 val=2.42238
[dump] L44.ffnxn  n=163840  finite=1 absmax=50.779       mean=0.066098     sumsq=580242.7676        argmax=1827
[dump]   top0 idx=1827 val=31.53434
[dump]   top1 idx=99620 val=21.60464
[dump]   top2 idx=98248 val=19.57880
[dump]   top3 idx=88825 val=17.83002
[dump]   top4 idx=118394 val=16.93817
[dump] L44.fmix   n=40960   finite=1 absmax=7.4876       mean=0.050653     sumsq=51121.52125        argmax=26903
[dump]   top0 idx=26903 val=6.11704
[dump]   top1 idx=25380 val=5.87272
[dump]   top2 idx=31821 val=5.58934
[dump]   top3 idx=1500 val=5.43777
[dump]   top4 idx=40033 val=5.18161
[dump] L44.mid    n=160     finite=1 absmax=0 mean=0 sumsq=0 ids: 56 433 263 174 405 338 51 209 277 142 505 1 472 303 402 426 39 290 441 358 39 24 285 505 472 396 287 314 441 135 24 339 27 260 117 311 422 182 417 308 117 260 24 303 133 258 466 328 308 119 174 296 248 395 169 361 59 338 433 56 117 24 87 59 260 418 174 472 303 256 87 338 81 248 395 441 59 209 37 174 283 87 287 447 135 59 501 490 21 39 472 287 447 401 190 501 45 303 39 371 416 102 24 377 87 490 56 61 338 418 87 338 433 61 207 248 24 284 209 119 87 433 338 24 248 61 207 490 284 56 437 87 61 150 340 433 207 303 248 424 61 35 424 96 150 207 87 119 209 264 87 61 119 207 174 150 209 187 248 424
[dump] L44.moe    n=40960   finite=1 absmax=0.27576      mean=-3.0806e-06  sumsq=43.76730371        argmax=17101
[dump]   top0 idx=17101 val=0.15717
[dump]   top1 idx=26838 val=0.15456
[dump]   top2 idx=14141 val=0.15442
[dump]   top3 idx=16747 val=0.14644
[dump]   top4 idx=39034 val=0.14560
[dump] L44.res    n=327680  finite=1 absmax=36.824       mean=0.029576     sumsq=401589.5432        argmax=165667
[dump]   top0 idx=165667 val=25.62528
[dump]   top1 idx=165576 val=21.69561
[dump]   top2 idx=210551 val=18.81189
[dump]   top3 idx=163978 val=18.80955
[dump]   top4 idx=190071 val=17.55316
[dump] L45.hcmix  n=40960   finite=1 absmax=11.558       mean=0.032175     sumsq=19607.84469        argmax=138
[dump]   top0 idx=138 val=9.36231
[dump]   top1 idx=1736 val=5.60868
[dump]   top2 idx=1500 val=4.69530
[dump]   top3 idx=18802 val=4.14463
[dump]   top4 idx=11122 val=4.03538
[dump] L45.att    n=40960   finite=1 absmax=2.4907       mean=0.0057756    sumsq=2654.027813        argmax=30042
[dump]   top0 idx=30042 val=2.18728
[dump]   top1 idx=17170 val=2.16678
[dump]   top2 idx=19730 val=2.05326
[dump]   top3 idx=1810 val=1.94036
[dump]   top4 idx=40210 val=1.91518
[dump] L45.ffnxn  n=163840  finite=1 absmax=38.101       mean=0.064073     sumsq=583853.7557        argmax=1827
[dump]   top0 idx=1827 val=24.09380
[dump]   top1 idx=99620 val=22.83049
[dump]   top2 idx=118394 val=22.73972
[dump]   top3 idx=108154 val=22.18977
[dump]   top4 idx=98288 val=21.90934
[dump] L45.fmix   n=40960   finite=1 absmax=8.7873       mean=0.050344     sumsq=53847.26571        argmax=31821
[dump]   top0 idx=31821 val=5.97578
[dump]   top1 idx=1500 val=5.89620
[dump]   top2 idx=25380 val=5.75774
[dump]   top3 idx=6915 val=5.67341
[dump]   top4 idx=28794 val=5.48417
[dump] L45.mid    n=160     finite=1 absmax=0 mean=0 sumsq=0 ids: 237 48 475 227 22 51 303 406 215 442 237 149 222 455 269 391 223 488 231 429 316 222 237 7 391 488 231 505 87 229 237 292 274 123 371 391 263 176 332 153 263 176 68 323 391 214 492 505 237 307 198 237 152 484 169 270 22 442 51 186 237 229 51 263 235 176 391 75 231 505 237 303 51 391 152 75 22 171 283 186 237 79 29 185 229 142 51 156 219 0 131 222 156 219 185 142 338 62 385 99 237 108 303 335 51 443 127 102 22 511 237 303 443 51 87 229 235 442 22 497 237 51 229 127 443 442 22 303 75 54 443 237 277 116 393 177 303 75 51 326 443 237 389 303 393 431 486 177 257 277 443 237 51 486 393 75 431 303 218 328
[dump] L45.moe    n=40960   finite=1 absmax=0.23203      mean=-0.00057686  sumsq=63.12724895        argmax=29111
[dump]   top0 idx=29111 val=0.20560
[dump]   top1 idx=26468 val=0.19235
[dump]   top2 idx=24263 val=0.17689
[dump]   top3 idx=28159 val=0.17492
[dump]   top4 idx=27256 val=0.17486
[dump] L45.res    n=327680  finite=1 absmax=40.978       mean=0.027451     sumsq=432552.397         argmax=165667
[dump]   top0 idx=165667 val=40.97797
[dump]   top1 idx=167332 val=30.73577
[dump]   top2 idx=229650 val=26.31428
[dump]   top3 idx=168210 val=25.21446
[dump]   top4 idx=239890 val=23.62203
[dump] L46.hcmix  n=40960   finite=1 absmax=9.1377       mean=0.033424     sumsq=27336.83664        argmax=932
[dump]   top0 idx=932 val=9.13772
[dump]   top1 idx=138 val=7.78229
[dump]   top2 idx=17170 val=6.90427
[dump]   top3 idx=1810 val=6.81794
[dump]   top4 idx=30042 val=6.69006
[dump] L46.att    n=40960   finite=1 absmax=5.6213       mean=0.0036319    sumsq=3750.242757        argmax=18554
[dump]   top0 idx=18554 val=5.59210
[dump]   top1 idx=12427 val=4.37412
[dump]   top2 idx=21114 val=4.28661
[dump]   top3 idx=26234 val=4.12816
[dump]   top4 idx=15994 val=3.80650
[dump] L46.ffnxn  n=163840  finite=1 absmax=28.917       mean=0.047728     sumsq=505867.8404        argmax=1827
[dump]   top0 idx=1827 val=21.61482
[dump]   top1 idx=108154 val=19.80591
[dump]   top2 idx=67194 val=18.45974
[dump]   top3 idx=77434 val=18.16848
[dump]   top4 idx=117790 val=16.87215
[dump] L46.fmix   n=40960   finite=1 absmax=8.7597       mean=0.04094      sumsq=54352.02105        argmax=26234
[dump]   top0 idx=26234 val=6.76083
[dump]   top1 idx=30042 val=6.57002
[dump]   top2 idx=5051 val=5.63623
[dump]   top3 idx=18554 val=5.54931
[dump]   top4 idx=28794 val=5.46407
[dump] L46.mid    n=160     finite=1 absmax=0 mean=0 sumsq=0 ids: 25 338 230 297 348 77 31 60 477 239 25 68 384 38 426 227 333 0 247 138 25 38 227 510 246 257 296 343 31 54 25 427 60 508 459 343 301 397 205 147 25 459 3 164 427 318 276 397 296 205 81 25 341 383 230 348 136 283 246 284 25 81 56 230 459 281 14 343 296 348 25 56 60 81 167 163 230 437 458 510 25 56 81 227 294 491 54 269 348 119 25 337 231 119 56 123 269 491 438 191 25 56 60 63 377 491 456 497 257 215 25 56 60 348 230 419 343 497 81 6 25 56 348 60 343 81 67 389 215 297 25 98 474 56 60 497 264 430 491 297 25 298 56 494 463 180 81 16 60 275 25 56 60 343 348 81 500 296 497 67
[dump] L46.moe    n=40960   finite=1 absmax=0.31377      mean=-0.00022712  sumsq=105.918088         argmax=26551
[dump]   top0 idx=26551 val=0.31377
[dump]   top1 idx=16387 val=0.27719
[dump]   top2 idx=1027 val=0.26484
[dump]   top3 idx=7257 val=0.25901
[dump]   top4 idx=17550 val=0.24547
[dump] L46.res    n=327680  finite=1 absmax=28.533       mean=0.020827     sumsq=255584.6037        argmax=165667
[dump]   top0 idx=165667 val=25.28975
[dump]   top1 idx=163978 val=16.15971
[dump]   top2 idx=196747 val=16.01901
[dump]   top3 idx=176454 val=14.05961
[dump]   top4 idx=268427 val=13.37294
[dump] L47.hcmix  n=40960   finite=1 absmax=8.1964       mean=0.014737     sumsq=11406.66346        argmax=1827
[dump]   top0 idx=1827 val=6.32243
[dump]   top1 idx=138 val=4.04075
[dump]   top2 idx=30042 val=3.66072
[dump]   top3 idx=18402 val=3.17292
[dump]   top4 idx=13992 val=3.03623
[dump] L47.att    n=40960   finite=1 absmax=2.9395       mean=-0.0035887   sumsq=971.7432224        argmax=2314
[dump]   top0 idx=2314 val=2.93949
[dump]   top1 idx=722 val=1.89925
[dump]   top2 idx=579 val=1.44006
[dump]   top3 idx=1027 val=1.42590
[dump]   top4 idx=1202 val=1.35057
[dump] L47.ffnxn  n=10240   finite=1 absmax=11.264       mean=0.0083699    sumsq=23674.01993        argmax=5150
[dump]   top0 idx=5150 val=9.64269
[dump]   top1 idx=1882 val=9.36091
[dump]   top2 idx=4370 val=8.81342
[dump]   top3 idx=5258 val=7.97998
[dump]   top4 idx=6915 val=7.73414
[dump] L47.fmix   n=2560    finite=1 absmax=6.0506       mean=0.0075611    sumsq=3313.845006        argmax=122
[dump]   top0 idx=122 val=4.92662
[dump]   top1 idx=1795 val=4.76880
[dump]   top2 idx=1429 val=4.43801
[dump]   top3 idx=1101 val=3.70161
[dump]   top4 idx=2396 val=3.58656
[dump] L47.mid    n=10      finite=1 absmax=0 mean=0 sumsq=0 ids: 352 186 95 417 422 444 179 103 70 340
[dump] L47.moe    n=2560    finite=1 absmax=0.60828      mean=-0.00095706  sumsq=19.5115738         argmax=951
[dump]   top0 idx=951 val=0.58147
[dump]   top1 idx=617 val=0.44760
[dump]   top2 idx=2213 val=0.41423
[dump]   top3 idx=192 val=0.38536
[dump]   top4 idx=92 val=0.33664
[dump] L47.res    n=20480   finite=1 absmax=67.459       mean=-0.011827    sumsq=171201.8724        argmax=20133
[dump]   top0 idx=20133 val=32.25233
[dump]   top1 idx=15242 val=31.05953
[dump]   top2 idx=15762 val=25.42074
[dump]   top3 idx=17573 val=23.38038
[dump]   top4 idx=15013 val=23.23442
[dump] L00.hcmix  n=40960   finite=1 absmax=11.76        mean=0.030367     sumsq=31742.15024        argmax=37477
[dump]   top0 idx=37477 val=8.54350
[dump]   top1 idx=28717 val=7.80254
[dump]   top2 idx=37232 val=7.59833
[dump]   top3 idx=40037 val=7.40860
[dump]   top4 idx=38321 val=7.01997
[dump] L00.att    n=40960   finite=1 absmax=1.0866       mean=0.00022953   sumsq=449.7347614        argmax=2565
[dump]   top0 idx=2565 val=1.08664
[dump]   top1 idx=5 val=1.00970
[dump]   top2 idx=12805 val=0.94685
[dump]   top3 idx=5125 val=0.92478
[dump]   top4 idx=7685 val=0.91633
[dump] L00.ffnxn  n=163840  finite=1 absmax=21.219       mean=0.018896     sumsq=225119.6561        argmax=5877
[dump]   top0 idx=5877 val=21.21895
[dump]   top1 idx=6443 val=13.56322
[dump]   top2 idx=5125 val=12.85366
[dump]   top3 idx=107525 val=12.68122
[dump]   top4 idx=35845 val=12.46652
[dump] L00.fmix   n=40960   finite=1 absmax=2.7863       mean=0.0034925    sumsq=7318.77945         argmax=231
[dump]   top0 idx=231 val=2.36255
[dump]   top1 idx=268 val=2.32700
[dump]   top2 idx=22265 val=2.27917
[dump]   top3 idx=34347 val=2.24170
[dump]   top4 idx=37661 val=2.07894
[dump] L00.mid    n=160     finite=1 absmax=0 mean=0 sumsq=0 ids: 215 372 109 371 90 453 220 28 396 205 459 95 348 432 352 403 394 327 237 43 24 164 270 350 368 418 54 317 459 501 173 15 386 492 253 68 503 291 37 222 479 10 175 322 501 66 376 64 7 350 128 465 108 496 494 206 442 74 504 94 118 481 174 89 253 2 113 197 147 138 232 99 39 291 132 187 346 24 53 27 468 174 367 377 15 500 505 339 399 37 138 147 367 174 15 37 432 119 500 399 226 9 270 425 290 176 247 136 102 198 507 30 462 226 24 221 8 368 54 441 49 221 73 129 11 113 382 117 106 237 226 40 490 146 344 488 483 122 374 397 56 226 288 135 201 96 124 405 34 310 226 487 469 490 146 51 355 365 344 284
[dump] L00.moe    n=40960   finite=1 absmax=0.35476      mean=0.00043193   sumsq=37.30712243        argmax=1682
[dump]   top0 idx=1682 val=0.35476
[dump]   top1 idx=579 val=0.29842
[dump]   top2 idx=5 val=0.28178
[dump]   top3 idx=1500 val=0.27366
[dump]   top4 idx=23768 val=0.24801
[dump] L00.res    n=163840  finite=1 absmax=0.37763      mean=0.00038182   sumsq=75.25109152        argmax=46085
[dump]   top0 idx=46085 val=0.37763
[dump]   top1 idx=15365 val=0.32708
[dump]   top2 idx=76805 val=0.32478
[dump]   top3 idx=56325 val=0.31184
[dump]   top4 idx=138245 val=0.29906
[dump] ple.inp    n=40960   finite=1 absmax=0.038727     mean=-1.1161e-05  sumsq=2.525345585        argmax=250
[dump]   top0 idx=250 val=0.03855
[dump]   top1 idx=543 val=0.03649
[dump]   top2 idx=794 val=0.03546
[dump]   top3 idx=1160 val=0.03449
[dump]   top4 idx=857 val=0.03440
[dump] ple.key    n=163840  finite=1 absmax=0.72359      mean=-0.0012855   sumsq=37.39464165        argmax=943
[dump]   top0 idx=943 val=0.53538
[dump]   top1 idx=123823 val=0.50420
[dump]   top2 idx=82863 val=0.48718
[dump]   top3 idx=93103 val=0.47806
[dump]   top4 idx=154543 val=0.47264
[dump] ple.value  n=40960   finite=1 absmax=0.11369      mean=0.0002195    sumsq=1.845222143        argmax=531
[dump]   top0 idx=531 val=0.04776
[dump]   top1 idx=30988 val=0.04743
[dump]   top2 idx=23308 val=0.04530
[dump]   top3 idx=7948 val=0.04230
[dump]   top4 idx=33548 val=0.04092
[dump] ple.knorm  n=163840  finite=1 absmax=88.997       mean=-0.0672      sumsq=281658.2281        argmax=69008
[dump]   top0 idx=69008 val=37.15705
[dump]   top1 idx=99728 val=36.81419
[dump]   top2 idx=130448 val=36.51701
[dump]   top3 idx=140688 val=35.38744
[dump]   top4 idx=28048 val=34.05914
[dump] ple.qnorm  n=163840  finite=1 absmax=12.228       mean=0.030229     sumsq=131220.8053        argmax=8408
[dump]   top0 idx=8408 val=12.22786
[dump]   top1 idx=728 val=11.12189
[dump]   top2 idx=3288 val=10.67556
[dump]   top3 idx=2828 val=10.65214
[dump]   top4 idx=99845 val=7.97208
[dump] ple.gate   n=64      finite=1 absmax=0.91687      mean=0.20432      sumsq=7.193229372        argmax=29
[dump] ple.gated  n=163840  finite=1 absmax=0.091692     mean=4.2617e-05   sumsq=0.8758195389       argmax=94988
[dump]   top0 idx=94988 val=0.04077
[dump]   top1 idx=5651 val=0.04076
[dump]   top2 idx=84748 val=0.03381
[dump]   top3 idx=74508 val=0.03322
[dump]   top4 idx=6321 val=0.03153
[dump] ple.conv   n=163840  finite=1 absmax=0.28627      mean=0.00047437   sumsq=55.6633655         argmax=55277
[dump]   top0 idx=55277 val=0.28627
[dump]   top1 idx=157538 val=0.24202
[dump]   top2 idx=95132 val=0.23653
[dump]   top3 idx=85139 val=0.23485
[dump]   top4 idx=64156 val=0.22734
[dump] ple.out    n=163840  finite=1 absmax=0.44815      mean=0.00089882   sumsq=138.1776549        argmax=46085
[dump]   top0 idx=46085 val=0.37763
[dump]   top1 idx=15365 val=0.32706
[dump]   top2 idx=76805 val=0.32470
[dump]   top3 idx=56325 val=0.31175
[dump]   top4 idx=138245 val=0.29943
[dump] L01.ple    n=163840  finite=1 absmax=0.44815      mean=0.00089882   sumsq=138.1776549        argmax=46085
[dump]   top0 idx=46085 val=0.37763
[dump]   top1 idx=15365 val=0.32706
[dump]   top2 idx=76805 val=0.32470
[dump]   top3 idx=56325 val=0.31175
[dump]   top4 idx=138245 val=0.29943
[dump] L01.hcmix  n=40960   finite=1 absmax=3.5828       mean=0.01128      sumsq=8006.503199        argmax=7685
[dump]   top0 idx=7685 val=3.58278
[dump]   top1 idx=2565 val=3.39217
[dump]   top2 idx=17925 val=3.19455
[dump]   top3 idx=23045 val=3.18298
[dump]   top4 idx=10245 val=3.12179
[dump] L01.att    n=40960   finite=1 absmax=1.309        mean=-0.0039659   sumsq=774.8562834        argmax=14273
[dump]   top0 idx=14273 val=1.30900
[dump]   top1 idx=11713 val=1.15927
[dump]   top2 idx=6593 val=1.15191
[dump]   top3 idx=28491 val=1.12951
[dump]   top4 idx=5451 val=1.11806
[dump] L01.ffnxn  n=163840  finite=1 absmax=31.641       mean=0.013225     sumsq=213773.1415        argmax=25376
[dump]   top0 idx=25376 val=12.57476
[dump]   top1 idx=149176 val=12.14674
[dump]   top2 idx=135820 val=11.30643
[dump]   top3 idx=78187 val=11.25482
[dump]   top4 idx=129387 val=10.89132
[dump] L01.fmix   n=40960   finite=1 absmax=3.3254       mean=0.00018787   sumsq=6641.800807        argmax=4046
[dump]   top0 idx=4046 val=3.32542
[dump]   top1 idx=33285 val=2.60666
[dump]   top2 idx=25605 val=2.55110
[dump]   top3 idx=17925 val=2.52035
[dump]   top4 idx=35845 val=2.36411
[dump] L01.mid    n=160     finite=1 absmax=0 mean=0 sumsq=0 ids: 19 320 157 131 165 225 345 205 446 186 131 10 128 348 486 500 103 19 303 196 168 210 381 441 458 81 289 207 27 445 86 91 500 341 19 447 67 41 425 348 326 429 499 441 458 233 319 296 313 81 282 5 382 500 101 443 349 177 307 425 151 54 253 473 41 282 425 117 139 140 372 103 431 64 1 196 409 348 345 286 496 21 372 371 431 500 409 314 44 1 496 122 44 371 20 163 41 169 54 78 149 377 496 98 500 81 86 289 425 507 81 168 458 54 139 507 377 169 121 98 500 118 377 81 323 54 289 425 98 131 500 140 149 127 205 67 249 412 289 425 149 500 205 280 19 26 265 87 306 412 330 385 285 323 459 311 495 450 369 22
[dump] L01.moe    n=40960   finite=1 absmax=0.22226      mean=0.00012883   sumsq=2.859981689        argmax=1832
[dump]   top0 idx=1832 val=0.06782
[dump]   top1 idx=2010 val=0.05540
[dump]   top2 idx=1531 val=0.05507
[dump]   top3 idx=855 val=0.05451
[dump]   top4 idx=26455 val=0.05410
[dump] L01.res    n=327680  finite=1 absmax=30.067       mean=0.012318     sumsq=251639.3119        argmax=182615
[dump]   top0 idx=182615 val=16.86781
[dump]   top1 idx=271365 val=15.43888
[dump]   top2 idx=209925 val=15.36530
[dump]   top3 idx=240645 val=15.32231
[dump]   top4 idx=168965 val=15.19514
[dump] L02.hcmix  n=40960   finite=1 absmax=10.696       mean=0.010413     sumsq=12275.60743        argmax=10245
[dump]   top0 idx=10245 val=4.40305
[dump]   top1 idx=3415 val=4.22272
[dump]   top2 idx=25605 val=4.20525
[dump]   top3 idx=17925 val=4.19925
[dump]   top4 idx=15365 val=4.19056
[dump] L02.att    n=40960   finite=1 absmax=3.0882       mean=0.0049858    sumsq=524.4505205        argmax=2010
[dump]   top0 idx=2010 val=1.25582
[dump]   top1 idx=403 val=0.80978
[dump]   top2 idx=2293 val=0.75753
[dump]   top3 idx=348 val=0.70048
[dump]   top4 idx=913 val=0.68048
[dump] L02.ffnxn  n=163840  finite=1 absmax=36.466       mean=0.03884      sumsq=264543.4389        argmax=68577
[dump]   top0 idx=68577 val=14.03597
[dump]   top1 idx=149176 val=13.86616
[dump]   top2 idx=46776 val=12.29647
[dump]   top3 idx=25376 val=11.52691
[dump]   top4 idx=55277 val=11.03638
[dump] L02.fmix   n=40960   finite=1 absmax=5.2914       mean=0.010458     sumsq=6600.393363        argmax=12655
[dump]   top0 idx=12655 val=2.07445
[dump]   top1 idx=24008 val=1.87715
[dump]   top2 idx=15072 val=1.85464
[dump]   top3 idx=7392 val=1.82036
[dump]   top4 idx=4046 val=1.78313
[dump] L02.mid    n=160     finite=1 absmax=0 mean=0 sumsq=0 ids: 75 12 209 68 137 403 257 272 87 255 75 42 169 139 22 479 356 192 61 376 75 141 42 169 13 61 355 356 430 102 75 259 427 32 440 61 466 371 12 356 410 433 355 124 252 407 75 133 76 341 32 103 123 75 9 22 285 259 426 69 70 124 75 165 402 355 133 191 356 52 22 75 69 170 145 35 430 61 356 180 230 22 75 480 260 356 102 285 61 506 75 230 22 356 152 61 285 260 431 480 75 61 185 431 459 482 385 22 52 319 430 75 385 52 421 13 316 88 388 275 75 70 385 72 503 205 376 382 16 133 75 275 187 61 32 13 272 12 420 31 75 507 399 225 129 275 272 161 495 61 265 397 309 352 167 275 406 165 75 173
[dump] L02.moe    n=40960   finite=1 absmax=0.10461      mean=0.00031603   sumsq=3.199852293        argmax=23308
[dump]   top0 idx=23308 val=0.10461
[dump]   top1 idx=20748 val=0.09189
[dump]   top2 idx=3288 val=0.09056
[dump]   top3 idx=5388 val=0.08286
[dump]   top4 idx=951 val=0.08256
[dump] L02.res    n=327680  finite=1 absmax=22.688       mean=0.014559     sumsq=123509.6405        argmax=168965
[dump]   top0 idx=168965 val=18.07111
[dump]   top1 idx=240645 val=17.12523
[dump]   top2 idx=271365 val=17.01322
[dump]   top3 idx=230405 val=16.57428
[dump]   top4 idx=209925 val=16.43214
[dump] L03.hcmix  n=40960   finite=1 absmax=6.2113       mean=0.014091     sumsq=4463.820074        argmax=5908
[dump]   top0 idx=5908 val=4.58499
[dump]   top1 idx=16148 val=4.44622
[dump]   top2 idx=13588 val=4.39623
[dump]   top3 idx=25605 val=4.24316
[dump]   top4 idx=10245 val=4.22451
[dump] L03.att    n=40960   finite=1 absmax=0.91906      mean=-0.0026528   sumsq=293.2921947        argmax=522
[dump]   top0 idx=522 val=0.77064
[dump]   top1 idx=1832 val=0.64989
[dump]   top2 idx=667 val=0.56205
[dump]   top3 idx=983 val=0.55267
[dump]   top4 idx=1578 val=0.55263
[dump] L03.ffnxn  n=163840  finite=1 absmax=37.96        mean=0.036532     sumsq=304121.8873        argmax=98008
[dump]   top0 idx=98008 val=22.97721
[dump]   top1 idx=108248 val=22.11048
[dump]   top2 idx=159448 val=22.08710
[dump]   top3 idx=67288 val=21.92332
[dump]   top4 idx=128728 val=21.35210
[dump] L03.fmix   n=40960   finite=1 absmax=3.3536       mean=0.016425     sumsq=12570.35719        argmax=4046
[dump]   top0 idx=4046 val=3.19385
[dump]   top1 idx=10968 val=3.14993
[dump]   top2 idx=33997 val=2.98993
[dump]   top3 idx=3288 val=2.91259
[dump]   top4 idx=8408 val=2.67237
[dump] L03.mid    n=160     finite=1 absmax=0 mean=0 sumsq=0 ids: 243 143 190 405 470 223 205 253 371 231 476 47 405 231 228 343 441 473 243 277 343 112 47 71 146 21 405 486 231 470 231 190 441 228 418 146 470 504 101 484 146 299 419 406 451 254 484 169 228 27 441 443 418 190 156 494 231 347 228 149 296 146 396 193 189 21 307 467 419 77 17 296 193 189 32 231 190 485 295 200 365 190 396 296 295 271 200 307 509 449 189 296 190 307 101 149 365 295 480 418 74 418 231 190 104 365 228 257 449 152 74 71 257 81 112 190 91 365 262 101 74 257 190 277 365 101 146 224 83 343 441 504 194 315 190 101 231 206 318 418 364 315 86 185 104 101 194 441 31 184 467 396 101 218 472 271 441 365 102 104
[dump] L03.moe    n=40960   finite=1 absmax=0.054375     mean=6.2612e-05   sumsq=3.684827863        argmax=22718
[dump]   top0 idx=22718 val=0.04621
[dump]   top1 idx=29614 val=0.04612
[dump]   top2 idx=28855 val=0.04411
[dump]   top3 idx=11687 val=0.03960
[dump]   top4 idx=29681 val=0.03944
[dump] L03.res    n=327680  finite=1 absmax=31.206       mean=0.01912      sumsq=259534.1606        argmax=168965
[dump]   top0 idx=168965 val=19.37314
[dump]   top1 idx=240645 val=18.32444
[dump]   top2 idx=271365 val=18.19684
[dump]   top3 idx=230405 val=17.79812
[dump]   top4 idx=209925 val=17.58557
[dump] L04.hcmix  n=40960   finite=1 absmax=8.561        mean=0.020308     sumsq=13129.42019        argmax=25605
[dump]   top0 idx=25605 val=5.11167
[dump]   top1 idx=15365 val=5.00687
[dump]   top2 idx=5 val=4.83528
[dump]   top3 idx=17925 val=4.83196
[dump]   top4 idx=10245 val=4.82246
[dump] L04.att    n=40960   finite=1 absmax=0.64974      mean=-0.0014987   sumsq=208.251436         argmax=29813
[dump]   top0 idx=29813 val=0.64974
[dump]   top1 idx=9333 val=0.50615
[dump]   top2 idx=32373 val=0.50032
[dump]   top3 idx=34933 val=0.47653
[dump]   top4 idx=10871 val=0.46011
[dump] L04.ffnxn  n=163840  finite=1 absmax=36.4         mean=0.034338     sumsq=333468.4477        argmax=98008
[dump]   top0 idx=98008 val=19.39441
[dump]   top1 idx=108248 val=18.72890
[dump]   top2 idx=159448 val=18.65743
[dump]   top3 idx=67288 val=18.45410
[dump]   top4 idx=118488 val=18.21335
[dump] L04.fmix   n=40960   finite=1 absmax=3.2754       mean=0.014737     sumsq=14263.84377        argmax=4046
[dump]   top0 idx=4046 val=3.27540
[dump]   top1 idx=22230 val=2.97794
[dump]   top2 idx=22265 val=2.86999
[dump]   top3 idx=22766 val=2.74879
[dump]   top4 idx=22718 val=2.73696
[dump] L04.mid    n=160     finite=1 absmax=0 mean=0 sumsq=0 ids: 3 309 119 392 252 307 486 106 41 453 309 385 274 453 402 410 252 277 123 62 309 505 385 41 293 479 414 251 299 36 309 410 421 414 252 204 496 500 453 454 204 36 309 378 414 333 72 366 159 379 153 41 274 410 207 491 259 204 106 36 455 479 36 16 303 321 413 204 174 91 41 21 309 134 282 453 410 106 312 500 504 21 177 134 41 282 351 150 221 309 256 309 504 491 221 293 500 21 436 453 453 293 436 309 410 299 500 375 445 69 425 309 204 252 36 483 476 41 12 504 500 309 150 345 282 136 453 410 323 174 106 309 274 453 41 410 186 252 259 496 395 468 391 309 306 192 274 324 106 89 177 309 186 172 244 467 80 89 100 193
[dump] L04.moe    n=40960   finite=1 absmax=0.094732     mean=0.00010828   sumsq=7.229381956        argmax=13437
[dump]   top0 idx=13437 val=0.09012
[dump]   top1 idx=14936 val=0.08976
[dump]   top2 idx=13941 val=0.08629
[dump]   top3 idx=13197 val=0.08157
[dump]   top4 idx=14939 val=0.07675
[dump] L04.res    n=327680  finite=1 absmax=34.596       mean=0.013451     sumsq=251657.4249        argmax=285813
[dump]   top0 idx=285813 val=34.59645
[dump]   top1 idx=296053 val=24.03661
[dump]   top2 idx=203893 val=22.09234
[dump]   top3 idx=306293 val=21.37680
[dump]   top4 idx=255093 val=19.74739
[dump] L05.hcmix  n=40960   finite=1 absmax=12.036       mean=0.01244      sumsq=12784.62904        argmax=29813
[dump]   top0 idx=29813 val=9.52623
[dump]   top1 idx=34933 val=5.68193
[dump]   top2 idx=1653 val=5.35198
[dump]   top3 idx=14453 val=4.31966
[dump]   top4 idx=1500 val=4.24022
[dump] L05.att    n=40960   finite=1 absmax=7.0958       mean=-0.0013881   sumsq=328.5413494        argmax=1500
[dump]   top0 idx=1500 val=1.98728
[dump]   top1 idx=788 val=0.90195
[dump]   top2 idx=5751 val=0.78616
[dump]   top3 idx=2121 val=0.78230
[dump]   top4 idx=1787 val=0.69985
[dump] L05.ffnxn  n=163840  finite=1 absmax=32.495       mean=0.034899     sumsq=325083.3465        argmax=88624
[dump]   top0 idx=88624 val=11.75382
[dump]   top1 idx=9180 val=11.73735
[dump]   top2 idx=95132 val=11.25216
[dump]   top3 idx=55277 val=10.55033
[dump]   top4 idx=49641 val=10.47754
[dump] L05.fmix   n=40960   finite=1 absmax=2.656        mean=0.0089932    sumsq=10627.25495        argmax=10596
[dump]   top0 idx=10596 val=2.65596
[dump]   top1 idx=1009 val=2.55169
[dump]   top2 idx=11241 val=2.52387
[dump]   top3 idx=21685 val=2.45775
[dump]   top4 idx=37045 val=2.42469
[dump] L05.mid    n=160     finite=1 absmax=0 mean=0 sumsq=0 ids: 392 42 56 353 386 291 236 175 228 98 104 505 439 274 216 268 81 220 402 420 497 269 400 136 126 274 347 380 130 422 395 140 118 216 169 236 417 400 200 224 497 200 269 227 365 77 323 440 338 400 310 142 228 468 140 1 236 124 98 436 269 418 36 210 360 400 18 67 77 38 314 291 102 390 239 124 364 2 224 14 390 452 280 102 449 291 191 120 140 169 140 452 291 169 102 420 328 390 344 38 328 192 177 344 505 418 429 302 314 291 291 314 38 177 344 269 136 216 440 239 104 38 291 216 177 344 402 418 134 395 288 140 104 236 446 344 14 142 326 291 53 344 116 133 298 288 2 177 291 114 418 17 18 177 344 404 269 61 451 453
[dump] L05.moe    n=40960   finite=1 absmax=0.093127     mean=0.00058679   sumsq=3.785582313        argmax=3139
[dump]   top0 idx=3139 val=0.04769
[dump]   top1 idx=7573 val=0.04478
[dump]   top2 idx=34165 val=0.04476
[dump]   top3 idx=524 val=0.04385
[dump]   top4 idx=24581 val=0.04328
[dump] L05.res    n=327680  finite=1 absmax=55.537       mean=0.01686      sumsq=213722.7335        argmax=168965
[dump]   top0 idx=168965 val=18.62374
[dump]   top1 idx=240645 val=17.36633
[dump]   top2 idx=271365 val=17.36467
[dump]   top3 idx=230405 val=17.07180
[dump]   top4 idx=209925 val=16.64771
[dump] L06.hcmix  n=40960   finite=1 absmax=18.795       mean=0.014758     sumsq=11126.67494        argmax=1500
[dump]   top0 idx=1500 val=8.34621
[dump]   top1 idx=5 val=4.89325
[dump]   top2 idx=25605 val=4.81863
[dump]   top3 idx=15365 val=4.74682
[dump]   top4 idx=17925 val=4.65973
[dump] L06.att    n=40960   finite=1 absmax=1.5834       mean=-0.0023815   sumsq=1053.775087        argmax=3042
[dump]   top0 idx=3042 val=1.58338
[dump]   top1 idx=5602 val=1.46255
[dump]   top2 idx=8162 val=1.32096
[dump]   top3 idx=10722 val=1.31198
[dump]   top4 idx=8631 val=1.30303
[dump] L06.ffnxn  n=163840  finite=1 absmax=26.995       mean=0.031707     sumsq=303231.085         argmax=68577
[dump]   top0 idx=68577 val=14.67576
[dump]   top1 idx=120951 val=12.44871
[dump]   top2 idx=88825 val=12.32475
[dump]   top3 idx=149176 val=12.27704
[dump]   top4 idx=28791 val=12.20630
[dump] L06.fmix   n=40960   finite=1 absmax=3.5119       mean=0.016115     sumsq=13938.0348         argmax=11241
[dump]   top0 idx=11241 val=3.12067
[dump]   top1 idx=11585 val=2.62844
[dump]   top2 idx=17377 val=2.61947
[dump]   top3 idx=35985 val=2.60179
[dump]   top4 idx=10936 val=2.57321
[dump] L06.mid    n=160     finite=1 absmax=0 mean=0 sumsq=0 ids: 223 33 283 394 379 40 439 159 256 152 394 40 67 439 94 474 409 329 346 172 89 71 380 244 367 206 55 43 202 387 197 244 352 398 59 267 43 433 305 149 278 212 486 503 89 423 197 82 300 45 97 152 67 191 227 144 295 91 398 503 502 348 323 314 273 107 315 312 450 2 295 408 172 496 227 304 503 184 333 461 295 210 290 77 209 387 411 464 54 191 295 503 299 39 77 431 95 411 290 282 95 282 245 477 475 163 71 431 485 141 69 440 245 477 91 295 467 89 107 256 413 492 123 270 75 503 40 486 261 494 152 326 127 159 375 123 278 69 133 390 63 307 275 488 173 157 352 78 130 356 212 341 353 85 278 337 486 275 300 393
[dump] L06.moe    n=40960   finite=1 absmax=0.081951     mean=0.00012791   sumsq=7.048950537        argmax=33173
[dump]   top0 idx=33173 val=0.08195
[dump]   top1 idx=39402 val=0.06591
[dump]   top2 idx=7546 val=0.06476
[dump]   top3 idx=39934 val=0.06454
[dump]   top4 idx=39261 val=0.06341
[dump] L06.res    n=327680  finite=1 absmax=57.698       mean=0.0093633    sumsq=125868.7724        argmax=168965
[dump]   top0 idx=168965 val=16.68696
[dump]   top1 idx=271365 val=15.52593
[dump]   top2 idx=240645 val=15.49334
[dump]   top3 idx=230405 val=15.15838
[dump]   top4 idx=209925 val=14.83909
[dump] L07.hcmix  n=40960   finite=1 absmax=15.225       mean=0.0080512    sumsq=5497.954109        argmax=17925
[dump]   top0 idx=17925 val=4.19636
[dump]   top1 idx=15365 val=4.15791
[dump]   top2 idx=25605 val=4.11360
[dump]   top3 idx=10245 val=4.02416
[dump]   top4 idx=12805 val=3.99522
[dump] L07.att    n=40960   finite=1 absmax=2.4507       mean=0.0017421    sumsq=708.3579557        argmax=951
[dump]   top0 idx=951 val=2.45072
[dump]   top1 idx=1736 val=1.79691
[dump]   top2 idx=1134 val=1.68544
[dump]   top3 idx=1795 val=1.61694
[dump]   top4 idx=47 val=1.38509
[dump] L07.ffnxn  n=163840  finite=1 absmax=41.591       mean=0.031009     sumsq=213932.2475        argmax=9180
[dump]   top0 idx=9180 val=10.42906
[dump]   top1 idx=97698 val=10.23304
[dump]   top2 idx=98008 val=10.03010
[dump]   top3 idx=67288 val=9.73238
[dump]   top4 idx=108248 val=9.67019
[dump] L07.fmix   n=40960   finite=1 absmax=2.837        mean=0.018676     sumsq=11507.66252        argmax=32106
[dump]   top0 idx=32106 val=2.29217
[dump]   top1 idx=11241 val=2.24143
[dump]   top2 idx=11675 val=2.23110
[dump]   top3 idx=10871 val=2.15786
[dump]   top4 idx=17974 val=2.12863
[dump] L07.mid    n=160     finite=1 absmax=0 mean=0 sumsq=0 ids: 165 351 159 346 432 455 242 8 163 303 159 367 486 194 346 351 366 325 50 498 256 456 340 369 486 265 50 403 203 502 486 301 504 156 445 242 303 179 340 472 203 83 393 71 149 504 146 293 194 358 242 165 84 287 60 451 445 22 303 169 502 486 50 194 69 309 403 237 198 297 411 296 159 358 227 256 223 340 304 498 70 411 152 403 294 359 462 368 188 169 70 403 411 194 294 142 152 252 368 359 41 369 194 8 411 498 486 456 87 338 358 455 87 464 194 203 411 363 50 456 50 511 87 82 369 281 403 194 486 69 358 445 87 509 50 252 471 159 242 498 365 77 194 196 405 117 279 328 8 5 418 400 502 3 501 124 198 313 511 48
[dump] L07.moe    n=40960   finite=1 absmax=0.091041     mean=0.00026584   sumsq=4.92871682         argmax=30613
[dump]   top0 idx=30613 val=0.07817
[dump]   top1 idx=17813 val=0.07323
[dump]   top2 idx=13324 val=0.06258
[dump]   top3 idx=29365 val=0.05528
[dump]   top4 idx=18569 val=0.05471
[dump] L07.res    n=327680  finite=1 absmax=37.96        mean=0.024386     sumsq=271504.8109        argmax=232417
[dump]   top0 idx=232417 val=19.88250
[dump]   top1 idx=258972 val=10.87006
[dump]   top2 idx=321378 val=10.56246
[dump]   top3 idx=235413 val=10.39347
[dump]   top4 idx=284791 val=10.27753
[dump] L08.hcmix  n=40960   finite=1 absmax=5.3444       mean=0.025007     sumsq=10150.02839        argmax=17813
[dump]   top0 idx=17813 val=5.34436
[dump]   top1 idx=30613 val=4.54244
[dump]   top2 idx=28791 val=4.42490
[dump]   top3 idx=10871 val=3.87121
[dump]   top4 idx=7573 val=3.82864
[dump] L08.att    n=40960   finite=1 absmax=0.19354      mean=0.00090455   sumsq=30.33671779        argmax=38756
[dump]   top0 idx=38756 val=0.19354
[dump]   top1 idx=16565 val=0.16600
[dump]   top2 idx=39605 val=0.15989
[dump]   top3 idx=40195 val=0.14744
[dump]   top4 idx=37045 val=0.14416
[dump] L08.ffnxn  n=163840  finite=1 absmax=43.161       mean=0.036262     sumsq=184257.0121        argmax=98008
[dump]   top0 idx=98008 val=13.36918
[dump]   top1 idx=67288 val=12.91699
[dump]   top2 idx=108248 val=12.82282
[dump]   top3 idx=159448 val=12.57123
[dump]   top4 idx=118488 val=12.55225
[dump] L08.fmix   n=40960   finite=1 absmax=4.8824       mean=0.024052     sumsq=11118.26627        argmax=1500
[dump]   top0 idx=1500 val=4.88235
[dump]   top1 idx=4046 val=3.22661
[dump]   top2 idx=28791 val=3.16947
[dump]   top3 idx=10871 val=2.79543
[dump]   top4 idx=15991 val=2.72435
[dump] L08.mid    n=160     finite=1 absmax=0 mean=0 sumsq=0 ids: 308 456 387 175 181 439 263 370 219 46 219 263 462 183 231 387 121 308 175 81 134 263 74 99 212 371 436 308 364 462 263 360 342 308 99 175 46 11 387 62 263 157 128 217 342 134 74 360 83 22 175 263 308 206 360 46 439 387 473 394 134 263 387 99 74 157 360 114 183 277 387 134 263 46 1 204 261 360 223 175 360 252 263 313 66 295 163 367 46 1 263 360 46 308 354 370 175 27 387 105 263 360 181 308 370 46 175 105 164 264 134 263 181 183 387 66 462 360 218 308 263 183 360 462 218 308 114 354 46 99 263 181 134 183 462 360 392 175 308 206 263 181 360 387 462 102 46 308 392 183 317 465 192 263 436 102 196 462 17 299
[dump] L08.moe    n=40960   finite=1 absmax=0.10862      mean=-0.00010508  sumsq=5.938975739        argmax=1500
[dump]   top0 idx=1500 val=0.08902
[dump]   top1 idx=32897 val=0.07591
[dump]   top2 idx=32045 val=0.07301
[dump]   top3 idx=30 val=0.07252
[dump]   top4 idx=32409 val=0.06887
[dump] L08.res    n=327680  finite=1 absmax=42.059       mean=0.016275     sumsq=182751.8721        argmax=165340
[dump]   top0 idx=165340 val=13.77315
[dump]   top1 idx=261848 val=12.73393
[dump]   top2 idx=231128 val=12.30323
[dump]   top3 idx=272088 val=12.21353
[dump]   top4 idx=323288 val=11.97390
[dump] L09.hcmix  n=40960   finite=1 absmax=11.636       mean=0.020112     sumsq=12115.68022        argmax=1500
[dump]   top0 idx=1500 val=6.88558
[dump]   top1 idx=17813 val=5.02746
[dump]   top2 idx=30613 val=4.69086
[dump]   top3 idx=26805 val=3.70470
[dump]   top4 idx=21685 val=3.66432
[dump] L09.att    n=40960   finite=1 absmax=0.67595      mean=0.00025465   sumsq=164.6530025        argmax=9166
[dump]   top0 idx=9166 val=0.67595
[dump]   top1 idx=3511 val=0.37701
[dump]   top2 idx=11191 val=0.34267
[dump]   top3 idx=23753 val=0.29146
[dump]   top4 idx=9362 val=0.28343
[dump] L09.ffnxn  n=163840  finite=1 absmax=38.295       mean=0.040125     sumsq=226651.8675        argmax=98008
[dump]   top0 idx=98008 val=15.47577
[dump]   top1 idx=67288 val=14.95206
[dump]   top2 idx=108248 val=14.84339
[dump]   top3 idx=159448 val=14.55235
[dump]   top4 idx=118488 val=14.52920
[dump] L09.fmix   n=40960   finite=1 absmax=4.0029       mean=0.024475     sumsq=11806.29142        argmax=1500
[dump]   top0 idx=1500 val=4.00290
[dump]   top1 idx=4046 val=2.76128
[dump]   top2 idx=11241 val=2.43161
[dump]   top3 idx=681 val=2.28341
[dump]   top4 idx=30613 val=2.21476
[dump] L09.mid    n=160     finite=1 absmax=0 mean=0 sumsq=0 ids: 218 369 68 368 430 96 376 209 142 229 292 425 40 430 17 396 321 369 218 113 113 382 425 266 428 317 40 402 205 321 425 321 444 218 68 430 477 209 376 205 371 425 276 382 115 201 417 91 321 336 425 238 376 218 427 371 292 230 361 142 427 148 425 18 374 371 382 428 430 369 459 427 430 218 211 456 209 491 170 11 10 90 459 426 456 55 427 479 14 11 459 370 20 377 73 264 141 218 90 430 377 70 409 218 205 427 382 321 506 154 430 264 374 153 321 369 370 218 230 456 370 264 430 321 276 374 153 218 488 230 264 478 292 370 427 430 376 230 276 218 264 478 427 230 376 370 68 71 378 374 18 468 339 237 146 399 230 148 15 138
[dump] L09.moe    n=40960   finite=1 absmax=0.059079     mean=1.4756e-05   sumsq=3.999023332        argmax=36471
[dump]   top0 idx=36471 val=0.05908
[dump]   top1 idx=38650 val=0.04695
[dump]   top2 idx=28055 val=0.04584
[dump]   top3 idx=21725 val=0.04361
[dump]   top4 idx=29027 val=0.04251
[dump] L09.res    n=327680  finite=1 absmax=32.766       mean=0.016264     sumsq=203501.9257        argmax=261848
[dump]   top0 idx=261848 val=15.53343
[dump]   top1 idx=231128 val=15.00568
[dump]   top2 idx=272088 val=14.89887
[dump]   top3 idx=165340 val=14.70785
[dump]   top4 idx=323288 val=14.60614
[dump] L10.hcmix  n=40960   finite=1 absmax=11.851       mean=0.020309     sumsq=12765.30216        argmax=1500
[dump]   top0 idx=1500 val=7.98357
[dump]   top1 idx=17813 val=4.62330
[dump]   top2 idx=30613 val=4.16416
[dump]   top3 idx=26805 val=3.77826
[dump]   top4 idx=28791 val=3.66956
[dump] L10.att    n=40960   finite=1 absmax=1.0095       mean=-0.0005564   sumsq=297.3258432        argmax=9166
[dump]   top0 idx=9166 val=1.00950
[dump]   top1 idx=26593 val=0.62551
[dump]   top2 idx=5848 val=0.52351
[dump]   top3 idx=8973 val=0.51586
[dump]   top4 idx=18871 val=0.50782
[dump] L10.ffnxn  n=163840  finite=1 absmax=40.484       mean=0.027132     sumsq=173404.7688        argmax=1500
[dump]   top0 idx=1500 val=12.61822
[dump]   top1 idx=32206 val=12.21753
[dump]   top2 idx=98008 val=12.03063
[dump]   top3 idx=67288 val=11.60979
[dump]   top4 idx=108248 val=11.53463
[dump] L10.fmix   n=40960   finite=1 absmax=2.8528       mean=0.015345     sumsq=9943.025077        argmax=4046
[dump]   top0 idx=4046 val=2.48888
[dump]   top1 idx=15991 val=2.43765
[dump]   top2 idx=10936 val=2.42897
[dump]   top3 idx=10871 val=2.42806
[dump]   top4 idx=17813 val=2.17370
[dump] L10.mid    n=160     finite=1 absmax=0 mean=0 sumsq=0 ids: 461 325 107 264 164 508 495 278 355 322 264 461 278 325 417 341 58 164 355 296 461 278 17 230 325 187 264 40 121 319 264 461 278 341 58 508 417 379 70 230 187 373 25 167 288 461 87 264 433 500 461 508 373 97 379 433 264 278 355 164 461 230 464 97 373 278 70 417 508 355 461 97 455 373 508 28 379 319 177 164 461 398 143 509 501 97 508 423 321 271 461 423 508 97 501 417 373 379 18 58 461 97 17 373 423 58 508 343 379 33 97 355 373 461 278 17 69 417 464 40 18 278 97 461 355 69 387 508 336 40 355 461 495 97 69 387 404 341 278 379 97 461 355 373 417 88 322 500 247 416 373 459 103 302 97 322 356 500 164 416
[dump] L10.moe    n=40960   finite=1 absmax=0.31698      mean=-9.5511e-05  sumsq=4.070736711        argmax=21
[dump]   top0 idx=21 val=0.08801
[dump]   top1 idx=1912 val=0.08341
[dump]   top2 idx=579 val=0.06381
[dump]   top3 idx=1500 val=0.06266
[dump]   top4 idx=788 val=0.05852
[dump] L10.res    n=327680  finite=1 absmax=56.74        mean=0.01159      sumsq=111611.7882        argmax=168965
[dump]   top0 idx=168965 val=11.64377
[dump]   top1 idx=165340 val=11.19047
[dump]   top2 idx=240645 val=10.84217
[dump]   top3 idx=271365 val=10.82899
[dump]   top4 idx=261848 val=10.77261
[dump] L11.hcmix  n=40960   finite=1 absmax=19.147       mean=0.011905     sumsq=5319.886418        argmax=12805
[dump]   top0 idx=12805 val=2.96935
[dump]   top1 idx=25605 val=2.88156
[dump]   top2 idx=1500 val=2.83833
[dump]   top3 idx=7685 val=2.83456
[dump]   top4 idx=17925 val=2.82414
[dump] L11.att    n=40960   finite=1 absmax=2.7989       mean=0.00016584   sumsq=559.4721487        argmax=2311
[dump]   top0 idx=2311 val=2.79891
[dump]   top1 idx=47 val=2.36012
[dump]   top2 idx=1795 val=1.75480
[dump]   top3 idx=2307 val=1.59748
[dump]   top4 idx=86 val=1.42347
[dump] L11.ffnxn  n=163840  finite=1 absmax=38.907       mean=0.027832     sumsq=172188.474         argmax=1500
[dump]   top0 idx=1500 val=12.50838
[dump]   top1 idx=98008 val=12.49117
[dump]   top2 idx=67288 val=12.05528
[dump]   top3 idx=108248 val=11.97643
[dump]   top4 idx=128728 val=11.74359
[dump] L11.fmix   n=40960   finite=1 absmax=2.6839       mean=0.016493     sumsq=9657.297922        argmax=4046
[dump]   top0 idx=4046 val=2.68394
[dump]   top1 idx=17813 val=2.47859
[dump]   top2 idx=33911 val=2.31721
[dump]   top3 idx=30613 val=2.22674
[dump]   top4 idx=4060 val=2.02676
[dump] L11.mid    n=160     finite=1 absmax=0 mean=0 sumsq=0 ids: 130 163 104 393 430 108 268 424 361 417 418 350 163 261 273 240 30 477 108 397 240 163 323 223 30 268 418 508 211 23 482 108 418 323 350 430 461 163 268 84 285 461 323 174 108 23 418 36 430 211 108 201 323 350 418 508 120 500 461 457 323 108 36 418 482 27 360 211 219 166 323 108 418 120 350 384 7 268 492 430 418 120 323 350 360 430 384 108 35 331 418 108 323 120 350 384 97 164 430 35 418 108 23 430 485 323 508 273 317 350 323 418 508 261 120 98 166 268 273 163 323 418 508 457 108 261 166 273 120 163 323 418 508 166 430 249 273 500 261 371 166 418 430 323 508 249 371 108 151 273 166 418 240 430 323 6 453 249 151 348
[dump] L11.moe    n=40960   finite=1 absmax=0.059829     mean=-5.1878e-05  sumsq=3.468173317        argmax=29177
[dump]   top0 idx=29177 val=0.05464
[dump]   top1 idx=30507 val=0.04724
[dump]   top2 idx=33138 val=0.04671
[dump]   top3 idx=28783 val=0.04584
[dump]   top4 idx=29275 val=0.04544
[dump] L11.res    n=327680  finite=1 absmax=37.316       mean=0.015673     sumsq=210901.1536        argmax=261848
[dump]   top0 idx=261848 val=15.67131
[dump]   top1 idx=231128 val=15.12466
[dump]   top2 idx=272088 val=15.02550
[dump]   top3 idx=165340 val=14.82518
[dump]   top4 idx=292568 val=14.73372
[dump] L12.hcmix  n=40960   finite=1 absmax=19.025       mean=0.015744     sumsq=12191.97689        argmax=1500
[dump]   top0 idx=1500 val=9.07461
[dump]   top1 idx=17813 val=3.72475
[dump]   top2 idx=10157 val=3.35275
[dump]   top3 idx=7573 val=3.32033
[dump]   top4 idx=26805 val=3.27852
[dump] L12.att    n=40960   finite=1 absmax=0.60557      mean=-0.0014999   sumsq=176.5302742        argmax=2311
[dump]   top0 idx=2311 val=0.60557
[dump]   top1 idx=16353 val=0.56401
[dump]   top2 idx=914 val=0.50782
[dump]   top3 idx=359 val=0.42062
[dump]   top4 idx=34008 val=0.37705
[dump] L12.ffnxn  n=163840  finite=1 absmax=43.256       mean=0.025199     sumsq=204787.2179        argmax=98008
[dump]   top0 idx=98008 val=11.65320
[dump]   top1 idx=67288 val=11.24660
[dump]   top2 idx=108248 val=11.17258
[dump]   top3 idx=128728 val=10.95725
[dump]   top4 idx=159448 val=10.94641
[dump] L12.fmix   n=40960   finite=1 absmax=3.1335       mean=0.014186     sumsq=10084.33765        argmax=36536
[dump]   top0 idx=36536 val=2.41414
[dump]   top1 idx=10171 val=2.34038
[dump]   top2 idx=7573 val=2.32799
[dump]   top3 idx=27994 val=2.19168
[dump]   top4 idx=14588 val=2.12372
[dump] L12.mid    n=160     finite=1 absmax=0 mean=0 sumsq=0 ids: 28 139 433 283 201 386 300 474 421 277 352 139 229 52 421 277 214 101 474 366 141 352 120 18 139 110 136 496 307 1 352 101 52 139 277 81 390 381 150 327 118 352 393 282 101 165 52 433 219 422 52 277 352 219 390 386 421 9 392 150 214 229 52 352 133 504 141 139 43 381 352 52 503 386 130 215 451 393 139 219 352 52 189 43 139 422 381 133 126 229 52 43 139 352 170 366 381 448 421 229 421 352 52 54 161 45 286 422 136 433 421 0 422 368 433 52 81 352 366 21 0 421 366 214 433 133 52 368 352 283 0 421 433 366 21 63 172 368 201 52 421 0 52 433 460 63 275 256 114 368 352 433 275 0 504 282 368 482 52 214
[dump] L12.moe    n=40960   finite=1 absmax=0.052047     mean=2.3062e-05   sumsq=3.316451408        argmax=13467
[dump]   top0 idx=13467 val=0.05205
[dump]   top1 idx=40853 val=0.05000
[dump]   top2 idx=30613 val=0.04768
[dump]   top3 idx=39383 val=0.04658
[dump]   top4 idx=7573 val=0.04591
[dump] L12.res    n=327680  finite=1 absmax=22.353       mean=0.01455      sumsq=212775.6352        argmax=165340
[dump]   top0 idx=165340 val=13.88620
[dump]   top1 idx=261848 val=12.49120
[dump]   top2 idx=231128 val=12.05161
[dump]   top3 idx=272088 val=11.96884
[dump]   top4 idx=292568 val=11.74527
[dump] L13.hcmix  n=40960   finite=1 absmax=4.9361       mean=0.013271     sumsq=12736.62103        argmax=7573
[dump]   top0 idx=7573 val=4.75230
[dump]   top1 idx=12693 val=4.33692
[dump]   top2 idx=17813 val=4.19332
[dump]   top3 idx=30613 val=3.55354
[dump]   top4 idx=20373 val=3.43457
[dump] L13.att    n=40960   finite=1 absmax=0.32238      mean=-0.00089072  sumsq=72.48272514        argmax=39351
[dump]   top0 idx=39351 val=0.32238
[dump]   top1 idx=26551 val=0.26171
[dump]   top2 idx=23991 val=0.26064
[dump]   top3 idx=28888 val=0.24367
[dump]   top4 idx=21431 val=0.24286
[dump] L13.ffnxn  n=163840  finite=1 absmax=45.721       mean=0.016271     sumsq=180556.9041        argmax=98008
[dump]   top0 idx=98008 val=13.39633
[dump]   top1 idx=1500 val=13.14843
[dump]   top2 idx=67288 val=12.91769
[dump]   top3 idx=108248 val=12.82992
[dump]   top4 idx=128728 val=12.59416
[dump] L13.fmix   n=40960   finite=1 absmax=3.0976       mean=0.0044724    sumsq=8956.251577        argmax=7573
[dump]   top0 idx=7573 val=3.09758
[dump]   top1 idx=17813 val=3.05911
[dump]   top2 idx=1500 val=2.97027
[dump]   top3 idx=30613 val=2.86814
[dump]   top4 idx=4046 val=2.59760
[dump] L13.mid    n=160     finite=1 absmax=0 mean=0 sumsq=0 ids: 293 68 466 366 268 219 145 224 67 400 387 273 148 290 91 93 50 468 250 68 290 387 148 394 250 64 330 468 273 36 387 273 148 290 93 91 221 267 354 368 148 290 250 118 508 64 273 394 81 66 387 290 273 148 118 93 468 508 296 338 118 394 290 325 338 148 185 273 508 387 118 273 387 290 265 93 81 325 259 451 290 273 387 504 118 93 16 485 24 346 273 387 118 265 91 290 93 259 389 148 273 290 118 387 148 91 64 259 265 250 259 265 387 273 274 97 91 468 118 290 259 265 438 387 118 468 91 97 290 451 259 468 387 265 97 357 273 93 451 418 259 265 468 387 118 273 91 385 357 399 259 265 338 118 468 290 249 91 387 273
[dump] L13.moe    n=40960   finite=1 absmax=0.15809      mean=0.00013286   sumsq=5.399819297        argmax=1716
[dump]   top0 idx=1716 val=0.09550
[dump]   top1 idx=1301 val=0.08840
[dump]   top2 idx=2035 val=0.07985
[dump]   top3 idx=579 val=0.06885
[dump]   top4 idx=1912 val=0.06880
[dump] L13.res    n=327680  finite=1 absmax=27.091       mean=0.014984     sumsq=236209.2113        argmax=165340
[dump]   top0 idx=165340 val=15.13514
[dump]   top1 idx=323511 val=13.48192
[dump]   top2 idx=262071 val=13.09085
[dump]   top3 idx=261848 val=13.07806
[dump]   top4 idx=231128 val=12.61078
[dump] L14.hcmix  n=40960   finite=1 absmax=7.9353       mean=0.016791     sumsq=11353.11772        argmax=1500
[dump]   top0 idx=1500 val=7.93532
[dump]   top1 idx=17813 val=4.80402
[dump]   top2 idx=12035 val=3.52573
[dump]   top3 idx=27395 val=3.40730
[dump]   top4 idx=15277 val=3.36371
[dump] L14.att    n=40960   finite=1 absmax=2.0705       mean=-0.0010755   sumsq=225.835806         argmax=138
[dump]   top0 idx=138 val=0.79500
[dump]   top1 idx=788 val=0.75681
[dump]   top2 idx=679 val=0.66463
[dump]   top3 idx=2162 val=0.64877
[dump]   top4 idx=1603 val=0.64695
[dump] L14.ffnxn  n=163840  finite=1 absmax=35.02        mean=0.022206     sumsq=263976.1572        argmax=68577
[dump]   top0 idx=68577 val=15.77942
[dump]   top1 idx=98008 val=15.09125
[dump]   top2 idx=67288 val=14.54324
[dump]   top3 idx=108248 val=14.45094
[dump]   top4 idx=1500 val=14.28883
[dump] L14.fmix   n=40960   finite=1 absmax=6.641        mean=0.0075596    sumsq=9944.826047        argmax=1500
[dump]   top0 idx=1500 val=3.66841
[dump]   top1 idx=4046 val=2.94098
[dump]   top2 idx=788 val=2.72594
[dump]   top3 idx=47 val=2.58746
[dump]   top4 idx=11241 val=2.51283
[dump] L14.mid    n=160     finite=1 absmax=0 mean=0 sumsq=0 ids: 398 165 326 266 29 17 151 40 138 339 506 138 165 409 40 14 417 398 326 473 227 40 463 414 372 246 370 459 107 407 165 409 14 473 506 205 417 138 308 326 376 290 280 360 223 5 22 463 385 162 14 409 12 290 398 417 308 506 138 370 339 40 488 9 495 266 136 2 49 108 409 234 14 473 290 506 441 398 12 231 339 40 29 176 266 488 280 495 9 180 180 266 40 495 312 108 492 9 2 280 409 473 498 280 370 506 439 227 14 460 49 40 339 266 282 495 252 136 2 244 40 49 168 244 136 409 108 138 506 500 244 335 506 473 151 100 409 108 398 482 335 244 100 506 482 473 151 409 510 402 244 100 482 40 266 29 407 168 510 67
[dump] L14.moe    n=40960   finite=1 absmax=0.13416      mean=7.5626e-06   sumsq=2.982944179        argmax=1500
[dump]   top0 idx=1500 val=0.13411
[dump]   top1 idx=793 val=0.07458
[dump]   top2 idx=788 val=0.06855
[dump]   top3 idx=1094 val=0.06847
[dump]   top4 idx=2433 val=0.05387
[dump] L14.res    n=327680  finite=1 absmax=33.151       mean=0.010731     sumsq=112634.5197        argmax=261848
[dump]   top0 idx=261848 val=11.76019
[dump]   top1 idx=272088 val=11.67206
[dump]   top2 idx=231128 val=11.66160
[dump]   top3 idx=323288 val=11.37087
[dump]   top4 idx=292568 val=11.29696
[dump] L15.hcmix  n=40960   finite=1 absmax=10.49        mean=0.0057123    sumsq=3103.888453        argmax=1500
[dump]   top0 idx=1500 val=1.90031
[dump]   top1 idx=17813 val=1.79244
[dump]   top2 idx=27395 val=1.58626
[dump]   top3 idx=33947 val=1.55956
[dump]   top4 idx=15277 val=1.52302
[dump] L15.att    n=40960   finite=1 absmax=1.3229       mean=-0.0026377   sumsq=249.166221         argmax=2311
[dump]   top0 idx=2311 val=1.32294
[dump]   top1 idx=892 val=1.02019
[dump]   top2 idx=2307 val=0.68676
[dump]   top3 idx=1795 val=0.55975
[dump]   top4 idx=1947 val=0.50169
[dump] L15.ffnxn  n=163840  finite=1 absmax=61.56        mean=0.021516     sumsq=458781.8971        argmax=98008
[dump]   top0 idx=98008 val=40.64743
[dump]   top1 idx=108248 val=40.39348
[dump]   top2 idx=67288 val=40.30960
[dump]   top3 idx=159448 val=39.33929
[dump]   top4 idx=128728 val=39.02645
[dump] L15.fmix   n=40960   finite=1 absmax=6.8887       mean=0.005609     sumsq=21413.25103        argmax=5848
[dump]   top0 idx=5848 val=6.88875
[dump]   top1 idx=10968 val=5.32287
[dump]   top2 idx=28888 val=5.27165
[dump]   top3 idx=18648 val=5.15398
[dump]   top4 idx=21208 val=5.00454
[dump] L15.mid    n=160     finite=1 absmax=0 mean=0 sumsq=0 ids: 283 174 188 38 342 103 215 330 177 107 494 207 501 199 50 156 39 263 289 318 207 219 453 31 127 263 53 455 23 154 207 61 405 219 399 288 303 426 234 406 207 236 453 116 388 16 405 406 319 326 207 426 32 50 406 192 302 219 399 288 302 207 280 453 388 246 288 179 236 134 134 406 32 219 207 314 426 192 399 281 343 134 119 263 487 426 427 511 204 222 405 343 303 207 426 311 446 134 288 494 228 405 303 343 406 192 53 263 311 408 405 494 174 207 311 204 134 289 50 303 174 303 288 405 423 192 311 50 39 98 174 303 289 207 405 494 192 283 50 288 289 405 174 322 494 156 303 192 177 33 174 303 405 12 423 289 71 156 432 280
[dump] L15.moe    n=40960   finite=1 absmax=0.29284      mean=2.0688e-05   sumsq=8.841730674        argmax=1716
[dump]   top0 idx=1716 val=0.14310
[dump]   top1 idx=138 val=0.11801
[dump]   top2 idx=1736 val=0.08286
[dump]   top3 idx=1984 val=0.08060
[dump]   top4 idx=562 val=0.07897
[dump] L15.res    n=327680  finite=1 absmax=28.894       mean=0.0101       sumsq=269632.9798        argmax=323511
[dump]   top0 idx=323511 val=14.07312
[dump]   top1 idx=170460 val=13.67021
[dump]   top2 idx=262071 val=13.50705
[dump]   top3 idx=272311 val=13.24976
[dump]   top4 idx=313271 val=13.14203
[dump] L16.hcmix  n=40960   finite=1 absmax=15.839       mean=0.0038773    sumsq=13030.85685        argmax=1500
[dump]   top0 idx=1500 val=9.39829
[dump]   top1 idx=7573 val=3.98252
[dump]   top2 idx=788 val=3.90634
[dump]   top3 idx=20373 val=3.62619
[dump]   top4 idx=1912 val=3.23714
[dump] L16.att    n=40960   finite=1 absmax=0.46348      mean=-0.00056359  sumsq=66.47264413        argmax=5081
[dump]   top0 idx=5081 val=0.33138
[dump]   top1 idx=16311 val=0.29624
[dump]   top2 idx=3553 val=0.29431
[dump]   top3 idx=11374 val=0.28525
[dump]   top4 idx=20527 val=0.26439
[dump] L16.ffnxn  n=163840  finite=1 absmax=63.267       mean=0.01482      sumsq=348086.1487        argmax=1500
[dump]   top0 idx=1500 val=20.34813
[dump]   top1 idx=98008 val=19.05386
[dump]   top2 idx=108248 val=18.95284
[dump]   top3 idx=67288 val=18.89755
[dump]   top4 idx=159448 val=18.43755
[dump] L16.fmix   n=40960   finite=1 absmax=3.8994       mean=0.0024014    sumsq=16702.40464        argmax=1500
[dump]   top0 idx=1500 val=3.89935
[dump]   top1 idx=5848 val=3.23188
[dump]   top2 idx=20158 val=2.96742
[dump]   top3 idx=11241 val=2.95101
[dump]   top4 idx=788 val=2.87499
[dump] L16.mid    n=160     finite=1 absmax=0 mean=0 sumsq=0 ids: 228 487 243 272 132 473 142 259 361 32 228 272 429 243 142 140 447 479 58 487 228 457 319 398 140 124 370 303 447 145 228 272 142 447 140 479 400 26 429 278 188 228 447 104 138 319 303 479 124 270 228 140 272 142 447 278 26 394 205 400 228 303 64 188 447 26 429 319 272 341 400 272 394 228 140 369 26 113 278 75 400 228 140 272 393 282 394 181 26 61 140 272 228 243 142 263 400 278 429 487 272 228 400 236 140 465 243 142 263 309 243 272 228 263 142 58 429 140 487 61 228 243 272 142 140 429 487 263 278 58 243 228 58 263 142 272 278 479 487 489 243 228 58 278 272 263 134 202 480 487 243 228 278 202 272 58 392 352 475 25
[dump] L16.moe    n=40960   finite=1 absmax=0.68942      mean=6.0901e-05   sumsq=11.63998216        argmax=2311
[dump]   top0 idx=2311 val=0.27223
[dump]   top1 idx=2366 val=0.20578
[dump]   top2 idx=472 val=0.18659
[dump]   top3 idx=138 val=0.18627
[dump]   top4 idx=627 val=0.17679
[dump] L16.res    n=327680  finite=1 absmax=37.494       mean=0.010412     sumsq=256076.1544        argmax=235413
[dump]   top0 idx=235413 val=13.52873
[dump]   top1 idx=170460 val=12.98611
[dump]   top2 idx=286613 val=12.07999
[dump]   top3 idx=261848 val=11.20561
[dump]   top4 idx=272088 val=11.14769
[dump] L17.hcmix  n=40960   finite=1 absmax=6.2674       mean=0.0098446    sumsq=13383.60143        argmax=17813
[dump]   top0 idx=17813 val=4.69770
[dump]   top1 idx=1500 val=4.13642
[dump]   top2 idx=7573 val=3.69492
[dump]   top3 idx=12693 val=3.50139
[dump]   top4 idx=10157 val=3.46291
[dump] L17.att    n=40960   finite=1 absmax=0.42136      mean=-0.0010453   sumsq=54.67169146        argmax=40384
[dump]   top0 idx=40384 val=0.22020
[dump]   top1 idx=39558 val=0.19116
[dump]   top2 idx=28337 val=0.19108
[dump]   top3 idx=2521 val=0.18998
[dump]   top4 idx=39204 val=0.18870
[dump] L17.ffnxn  n=163840  finite=1 absmax=41.395       mean=0.015129     sumsq=273900.6284        argmax=98008
[dump]   top0 idx=98008 val=14.69280
[dump]   top1 idx=108248 val=14.61662
[dump]   top2 idx=67288 val=14.57327
[dump]   top3 idx=159448 val=14.21014
[dump]   top4 idx=128728 val=14.09126
[dump] L17.fmix   n=40960   finite=1 absmax=3.5419       mean=0.0013539    sumsq=12475.91691        argmax=4046
[dump]   top0 idx=4046 val=3.54185
[dump]   top1 idx=39912 val=2.80371
[dump]   top2 idx=788 val=2.70213
[dump]   top3 idx=32206 val=2.51770
[dump]   top4 idx=39148 val=2.44780
[dump] L17.mid    n=160     finite=1 absmax=0 mean=0 sumsq=0 ids: 486 136 510 84 209 135 330 15 274 243 136 486 471 499 328 305 84 105 469 365 469 127 328 285 26 486 366 303 358 444 136 471 486 328 387 127 469 249 84 3 366 486 444 97 136 333 374 471 18 328 136 84 486 127 471 328 419 386 448 1 328 444 486 136 97 84 471 374 71 469 8 387 136 419 181 328 486 448 471 470 8 470 181 136 404 304 387 328 398 486 470 136 486 471 328 362 374 366 419 127 136 486 84 8 127 328 327 387 471 438 136 471 84 486 419 374 499 498 139 363 471 136 366 486 374 139 362 363 419 499 84 209 363 486 471 136 139 374 366 499 209 84 139 363 499 486 136 422 419 253 139 209 363 471 486 136 345 498 221 274
[dump] L17.moe    n=40960   finite=1 absmax=0.19042      mean=9.2762e-05   sumsq=3.031328625        argmax=1716
[dump]   top0 idx=1716 val=0.08790
[dump]   top1 idx=138 val=0.05680
[dump]   top2 idx=230 val=0.03889
[dump]   top3 idx=38713 val=0.03785
[dump]   top4 idx=192 val=0.03441
[dump] L17.res    n=327680  finite=1 absmax=32.843       mean=0.013026     sumsq=256290.8816        argmax=261848
[dump]   top0 idx=261848 val=15.08134
[dump]   top1 idx=272088 val=15.00398
[dump]   top2 idx=231128 val=14.95966
[dump]   top3 idx=323288 val=14.58669
[dump]   top4 idx=292568 val=14.46455
[dump] L18.hcmix  n=40960   finite=1 absmax=18.663       mean=0.01134      sumsq=13555.1415         argmax=1500
[dump]   top0 idx=1500 val=7.92726
[dump]   top1 idx=21685 val=4.05291
[dump]   top2 idx=26805 val=3.95959
[dump]   top3 idx=17813 val=3.90221
[dump]   top4 idx=30613 val=3.89089
[dump] L18.att    n=40960   finite=1 absmax=0.40744      mean=-0.00055563  sumsq=85.4916746         argmax=634
[dump]   top0 idx=634 val=0.40744
[dump]   top1 idx=38882 val=0.36846
[dump]   top2 idx=10722 val=0.36701
[dump]   top3 idx=5602 val=0.34311
[dump]   top4 idx=33762 val=0.33141
[dump] L18.ffnxn  n=163840  finite=1 absmax=29.818       mean=0.023386     sumsq=266118.1435        argmax=159671
[dump]   top0 idx=159671 val=13.68141
[dump]   top1 idx=98231 val=13.14416
[dump]   top2 idx=98008 val=12.93092
[dump]   top3 idx=108248 val=12.86544
[dump]   top4 idx=108471 val=12.85427
[dump] L18.fmix   n=40960   finite=1 absmax=3.929        mean=0.0098517    sumsq=11073.45499        argmax=17813
[dump]   top0 idx=17813 val=3.92896
[dump]   top1 idx=1500 val=3.47047
[dump]   top2 idx=7573 val=3.23536
[dump]   top3 idx=30613 val=2.97469
[dump]   top4 idx=10936 val=2.94461
[dump] L18.mid    n=160     finite=1 absmax=0 mean=0 sumsq=0 ids: 449 475 399 87 275 411 35 24 211 264 111 29 264 185 201 459 135 87 325 119 131 157 459 106 506 111 201 366 437 29 264 29 7 201 185 135 101 405 299 211 440 131 29 459 201 190 398 111 299 151 87 264 88 277 29 411 275 297 24 469 131 102 24 111 29 366 7 101 157 459 469 88 131 264 101 185 87 119 29 200 29 5 157 119 469 459 7 353 448 411 29 448 264 102 353 24 7 201 101 5 111 299 29 185 459 201 106 74 238 157 131 24 448 101 111 29 347 264 366 460 111 29 448 24 366 102 201 101 157 131 24 131 29 448 101 201 211 347 353 264 201 448 101 24 150 29 185 123 131 310 207 448 201 29 474 266 116 270 459 247
[dump] L18.moe    n=40960   finite=1 absmax=0.06467      mean=-0.00015736  sumsq=4.731719103        argmax=27086
[dump]   top0 idx=27086 val=0.06467
[dump]   top1 idx=21224 val=0.05261
[dump]   top2 idx=22933 val=0.05068
[dump]   top3 idx=35645 val=0.04996
[dump]   top4 idx=35544 val=0.04908
[dump] L18.res    n=327680  finite=1 absmax=22.782       mean=0.0076032    sumsq=122353.0109        argmax=261848
[dump]   top0 idx=261848 val=12.17580
[dump]   top1 idx=272088 val=12.10723
[dump]   top2 idx=231128 val=12.07703
[dump]   top3 idx=323288 val=11.77577
[dump]   top4 idx=292568 val=11.67753
[dump] L19.hcmix  n=40960   finite=1 absmax=11.295       mean=0.0048179    sumsq=4873.737938        argmax=17813
[dump]   top0 idx=17813 val=2.66223
[dump]   top1 idx=30613 val=2.66103
[dump]   top2 idx=7573 val=2.40071
[dump]   top3 idx=38882 val=2.03155
[dump]   top4 idx=15842 val=1.99130
[dump] L19.att    n=40960   finite=1 absmax=1.6931       mean=0.00063423   sumsq=350.1015826        argmax=892
[dump]   top0 idx=892 val=1.53891
[dump]   top1 idx=1736 val=1.17177
[dump]   top2 idx=2238 val=1.14868
[dump]   top3 idx=2307 val=1.01664
[dump]   top4 idx=1795 val=0.83080
[dump] L19.ffnxn  n=163840  finite=1 absmax=42.655       mean=0.015241     sumsq=284596.2217        argmax=159671
[dump]   top0 idx=159671 val=16.40654
[dump]   top1 idx=98231 val=15.76550
[dump]   top2 idx=108471 val=15.47977
[dump]   top3 idx=149431 val=15.28240
[dump]   top4 idx=118711 val=15.00656
[dump] L19.fmix   n=40960   finite=1 absmax=4.0701       mean=0.0060798    sumsq=14717.46691        argmax=4046
[dump]   top0 idx=4046 val=4.07008
[dump]   top1 idx=12035 val=3.08987
[dump]   top2 idx=6606 val=2.89721
[dump]   top3 idx=3873 val=2.83863
[dump]   top4 idx=32206 val=2.82015
[dump] L19.mid    n=160     finite=1 absmax=0 mean=0 sumsq=0 ids: 406 360 413 162 170 434 31 173 293 377 3 434 377 161 342 472 9 188 453 222 56 259 455 309 222 161 434 70 229 91 3 31 357 377 70 170 222 472 161 342 70 161 259 472 74 381 56 150 434 375 3 368 357 9 74 501 150 8 222 375 472 375 161 34 56 49 364 434 70 3 3 368 397 86 31 472 222 455 103 52 397 291 161 222 472 193 368 3 455 309 375 472 3 291 222 397 9 31 193 434 222 375 170 472 31 357 455 377 161 150 222 472 31 150 375 267 3 121 315 173 375 472 315 3 121 31 222 434 377 173 31 121 490 162 470 173 3 103 377 472 31 173 121 162 472 388 14 377 490 103 31 375 472 121 434 162 315 161 56 173
[dump] L19.moe    n=40960   finite=1 absmax=0.082351     mean=0.00033594   sumsq=6.546377904        argmax=29940
[dump]   top0 idx=29940 val=0.08162
[dump]   top1 idx=29672 val=0.07472
[dump]   top2 idx=29931 val=0.07448
[dump]   top3 idx=28571 val=0.07182
[dump]   top4 idx=30058 val=0.06702
[dump] L19.res    n=327680  finite=1 absmax=38.551       mean=0.014663     sumsq=283440.9856        argmax=323511
[dump]   top0 idx=323511 val=15.91671
[dump]   top1 idx=262071 val=15.29444
[dump]   top2 idx=272311 val=15.01088
[dump]   top3 idx=313271 val=14.82250
[dump]   top4 idx=282551 val=14.57411
[dump] L20.hcmix  n=40960   finite=1 absmax=20.907       mean=0.0056573    sumsq=12674.65183        argmax=1500
[dump]   top0 idx=1500 val=7.04087
[dump]   top1 idx=1736 val=4.44262
[dump]   top2 idx=47 val=3.67312
[dump]   top3 idx=29111 val=3.24984
[dump]   top4 idx=788 val=3.23173
[dump] L20.att    n=40960   finite=1 absmax=5.7976       mean=0.00018177   sumsq=438.8876456        argmax=2238
[dump]   top0 idx=2238 val=3.24820
[dump]   top1 idx=403 val=3.01931
[dump]   top2 idx=1500 val=2.59770
[dump]   top3 idx=1827 val=1.77840
[dump]   top4 idx=1132 val=1.47743
[dump] L20.ffnxn  n=163840  finite=1 absmax=46.053       mean=0.032244     sumsq=433423.0872        argmax=1500
[dump]   top0 idx=1500 val=23.12619
[dump]   top1 idx=19406 val=16.32807
[dump]   top2 idx=159671 val=15.92058
[dump]   top3 idx=98231 val=15.42873
[dump]   top4 idx=149431 val=15.02349
[dump] L20.fmix   n=40960   finite=1 absmax=6.3275       mean=0.017359     sumsq=19846.72902        argmax=4046
[dump]   top0 idx=4046 val=6.32752
[dump]   top1 idx=6606 val=4.42581
[dump]   top2 idx=32206 val=4.12067
[dump]   top3 idx=16846 val=3.62174
[dump]   top4 idx=14245 val=3.45339
[dump] L20.mid    n=160     finite=1 absmax=0 mean=0 sumsq=0 ids: 429 363 39 439 407 179 485 307 169 219 387 363 109 76 388 485 439 78 429 269 122 218 494 26 154 158 326 488 216 39 363 40 485 109 110 242 146 134 387 313 146 358 187 109 134 242 40 125 39 96 491 54 306 4 363 485 481 242 219 496 146 243 485 387 134 218 229 369 39 242 491 481 244 387 306 341 485 59 54 44 59 481 491 63 49 137 387 341 127 110 387 485 258 59 330 168 25 233 363 243 387 339 363 109 495 26 485 148 218 255 387 258 168 25 39 485 154 248 442 330 387 25 258 168 330 485 358 442 265 248 387 168 442 179 485 185 258 25 410 307 387 179 442 168 278 18 485 265 26 370 387 262 179 442 25 125 168 258 185 119
[dump] L20.moe    n=40960   finite=1 absmax=0.092066     mean=3.3292e-05   sumsq=8.1465996          argmax=35401
[dump]   top0 idx=35401 val=0.07442
[dump]   top1 idx=32702 val=0.06448
[dump]   top2 idx=29228 val=0.06430
[dump]   top3 idx=31960 val=0.06382
[dump]   top4 idx=30811 val=0.06298
[dump] L20.res    n=327680  finite=1 absmax=45.412       mean=0.022334     sumsq=333160.8765        argmax=170460
[dump]   top0 idx=170460 val=19.22202
[dump]   top1 idx=267881 val=13.66945
[dump]   top2 idx=235413 val=13.49428
[dump]   top3 idx=261848 val=12.66100
[dump]   top4 idx=288361 val=12.60801
[dump] L21.hcmix  n=40960   finite=1 absmax=14.328       mean=0.033451     sumsq=13868.82892        argmax=1500
[dump]   top0 idx=1500 val=7.33340
[dump]   top1 idx=1736 val=4.73139
[dump]   top2 idx=1827 val=4.47253
[dump]   top3 idx=21685 val=4.10421
[dump]   top4 idx=1912 val=4.09488
[dump] L21.att    n=40960   finite=1 absmax=0.85546      mean=0.00039105   sumsq=33.20933196        argmax=2238
[dump]   top0 idx=2238 val=0.53874
[dump]   top1 idx=30912 val=0.33620
[dump]   top2 idx=33472 val=0.31600
[dump]   top3 idx=16353 val=0.31439
[dump]   top4 idx=2537 val=0.30248
[dump] L21.ffnxn  n=163840  finite=1 absmax=41.983       mean=0.047847     sumsq=406290.7089        argmax=1500
[dump]   top0 idx=1500 val=16.20757
[dump]   top1 idx=98008 val=16.12333
[dump]   top2 idx=108248 val=16.02210
[dump]   top3 idx=67288 val=15.99553
[dump]   top4 idx=159448 val=15.59573
[dump] L21.fmix   n=40960   finite=1 absmax=4.6634       mean=0.033384     sumsq=17848.52422        argmax=4046
[dump]   top0 idx=4046 val=4.57142
[dump]   top1 idx=10871 val=4.18098
[dump]   top2 idx=10936 val=4.04883
[dump]   top3 idx=3873 val=3.74459
[dump]   top4 idx=5751 val=3.63805
[dump] L21.mid    n=160     finite=1 absmax=0 mean=0 sumsq=0 ids: 72 255 379 25 267 297 128 190 507 420 255 379 128 25 306 369 118 426 19 150 128 451 372 64 25 312 306 507 19 254 255 306 379 265 511 278 150 25 128 19 128 48 278 51 25 60 346 484 306 359 25 302 379 131 255 134 297 406 472 142 128 19 25 484 29 278 385 302 346 336 25 480 297 446 51 360 302 19 427 260 118 352 166 25 306 19 85 484 427 57 352 118 57 25 369 19 313 306 166 346 25 255 379 317 128 278 19 118 346 191 369 346 19 25 57 128 313 118 131 507 369 57 19 118 128 346 484 153 25 142 346 313 469 369 420 255 57 131 498 418 346 313 321 420 369 255 418 57 469 118 369 313 346 57 420 321 471 118 469 128
[dump] L21.moe    n=40960   finite=1 absmax=0.079056     mean=0.00017741   sumsq=7.221062421        argmax=24921
[dump]   top0 idx=24921 val=0.07906
[dump]   top1 idx=30592 val=0.06543
[dump]   top2 idx=28558 val=0.06079
[dump]   top3 idx=40723 val=0.06012
[dump]   top4 idx=37212 val=0.05847
[dump] L21.res    n=327680  finite=1 absmax=43.702       mean=0.015369     sumsq=275009.3407        argmax=170460
[dump]   top0 idx=170460 val=19.86214
[dump]   top1 idx=168965 val=19.39982
[dump]   top2 idx=240645 val=19.39630
[dump]   top3 idx=271365 val=19.36744
[dump]   top4 idx=209925 val=18.62214
[dump] L22.hcmix  n=40960   finite=1 absmax=22.861       mean=0.018584     sumsq=12492.3203         argmax=1500
[dump]   top0 idx=1500 val=9.62363
[dump]   top1 idx=5 val=4.85439
[dump]   top2 idx=25605 val=4.78352
[dump]   top3 idx=17925 val=4.78060
[dump]   top4 idx=10245 val=4.59264
[dump] L22.att    n=40960   finite=1 absmax=1.942        mean=0.00065178   sumsq=136.7521893        argmax=793
[dump]   top0 idx=793 val=1.94200
[dump]   top1 idx=1500 val=1.34067
[dump]   top2 idx=25868 val=1.04159
[dump]   top3 idx=23308 val=0.94916
[dump]   top4 idx=28428 val=0.92928
[dump] L22.ffnxn  n=163840  finite=1 absmax=34.984       mean=0.050285     sumsq=453449.3795        argmax=48495
[dump]   top0 idx=48495 val=18.08093
[dump]   top1 idx=149176 val=16.39600
[dump]   top2 idx=128728 val=16.32494
[dump]   top3 idx=108248 val=16.01438
[dump]   top4 idx=118488 val=15.86006
[dump] L22.fmix   n=40960   finite=1 absmax=4.9584       mean=0.031557     sumsq=16213.58376        argmax=10936
[dump]   top0 idx=10936 val=4.49655
[dump]   top1 idx=36536 val=4.42394
[dump]   top2 idx=12655 val=4.15227
[dump]   top3 idx=10871 val=3.49336
[dump]   top4 idx=17813 val=3.37533
[dump] L22.mid    n=160     finite=1 absmax=0 mean=0 sumsq=0 ids: 317 309 283 32 456 206 205 57 446 287 305 376 188 402 164 279 425 51 484 50 188 460 488 13 396 318 187 265 232 50 464 51 352 384 488 145 425 396 460 244 460 13 244 306 183 384 396 482 193 32 235 341 309 206 205 347 462 104 425 393 454 460 488 396 7 487 27 50 117 244 241 291 106 124 425 83 388 360 365 375 504 50 425 400 365 83 265 388 488 486 504 460 50 279 454 400 301 438 487 488 87 153 117 55 173 71 329 89 452 182 460 117 244 331 483 116 239 164 438 50 483 117 188 51 164 438 454 13 113 116 173 287 483 355 412 457 143 262 301 170 370 168 459 429 323 254 262 137 173 320 286 260 354 483 209 25 173 44 14 94
[dump] L22.moe    n=40960   finite=1 absmax=0.11594      mean=6.3542e-06   sumsq=6.299251063        argmax=26320
[dump]   top0 idx=26320 val=0.11160
[dump]   top1 idx=27937 val=0.10039
[dump]   top2 idx=26399 val=0.08445
[dump]   top3 idx=26441 val=0.06344
[dump]   top4 idx=28880 val=0.06302
[dump] L22.res    n=327680  finite=1 absmax=26.826       mean=0.01234      sumsq=177864.9824        argmax=169753
[dump]   top0 idx=169753 val=26.82582
[dump]   top1 idx=170460 val=22.69347
[dump]   top2 idx=189445 val=13.69107
[dump]   top3 idx=240645 val=13.52509
[dump]   top4 idx=322565 val=13.38792
[dump] L23.hcmix  n=40960   finite=1 absmax=7.8323       mean=0.011914     sumsq=4346.366463        argmax=1500
[dump]   top0 idx=1500 val=7.83229
[dump]   top1 idx=793 val=6.70645
[dump]   top2 idx=17925 val=3.28758
[dump]   top3 idx=5125 val=3.24917
[dump]   top4 idx=38405 val=3.20234
[dump] L23.att    n=40960   finite=1 absmax=0.67986      mean=0.0036644    sumsq=299.9976819        argmax=21537
[dump]   top0 idx=21537 val=0.58349
[dump]   top1 idx=28719 val=0.56035
[dump]   top2 idx=36399 val=0.54878
[dump]   top3 idx=12104 val=0.53246
[dump]   top4 idx=36103 val=0.51869
[dump] L23.ffnxn  n=163840  finite=1 absmax=65.243       mean=0.036586     sumsq=563924.3315        argmax=1500
[dump]   top0 idx=1500 val=30.33127
[dump]   top1 idx=138802 val=19.23296
[dump]   top2 idx=36841 val=18.76812
[dump]   top3 idx=128562 val=18.01777
[dump]   top4 idx=15922 val=17.68916
[dump] L23.fmix   n=40960   finite=1 absmax=5.7201       mean=0.02111      sumsq=24537.32614        argmax=8681
[dump]   top0 idx=8681 val=5.72010
[dump]   top1 idx=25380 val=3.87322
[dump]   top2 idx=21886 val=3.70393
[dump]   top3 idx=1500 val=3.62247
[dump]   top4 idx=11929 val=3.60014
[dump] L23.mid    n=160     finite=1 absmax=0 mean=0 sumsq=0 ids: 356 285 389 299 430 244 334 494 42 457 356 42 285 506 199 99 299 354 45 355 356 506 45 99 385 48 355 459 161 439 356 307 99 42 355 264 161 349 306 376 356 99 367 342 109 53 500 61 506 128 356 372 480 336 314 82 367 45 36 494 99 104 228 53 297 109 219 50 356 349 356 480 375 314 367 45 372 161 21 320 356 128 21 375 480 320 355 171 243 469 356 406 128 480 219 273 375 355 477 243 356 128 477 442 161 21 297 506 320 199 356 318 215 128 61 353 110 297 334 477 356 128 32 353 89 110 53 477 186 77 356 128 127 233 480 110 334 492 477 56 356 128 233 425 110 127 354 451 334 60 356 233 109 128 166 340 12 41 180 411
[dump] L23.moe    n=40960   finite=1 absmax=0.087366     mean=-3.3513e-05  sumsq=12.76108255        argmax=23898
[dump]   top0 idx=23898 val=0.08648
[dump]   top1 idx=3023 val=0.08292
[dump]   top2 idx=4286 val=0.07626
[dump]   top3 idx=2949 val=0.07545
[dump]   top4 idx=5037 val=0.07477
[dump] L23.res    n=327680  finite=1 absmax=23.485       mean=0.023427     sumsq=273878.6643        argmax=232417
[dump]   top0 idx=232417 val=20.04154
[dump]   top1 idx=169753 val=16.28049
[dump]   top2 idx=170460 val=15.08015
[dump]   top3 idx=252085 val=12.35082
[dump]   top4 idx=235413 val=12.18596
[dump] L24.hcmix  n=40960   finite=1 absmax=7.1742       mean=0.03202      sumsq=12704.74023        argmax=17813
[dump]   top0 idx=17813 val=5.25352
[dump]   top1 idx=7573 val=4.65498
[dump]   top2 idx=5751 val=4.04082
[dump]   top3 idx=1500 val=3.85306
[dump]   top4 idx=21685 val=3.58537
[dump] L24.att    n=40960   finite=1 absmax=0.20552      mean=-3.7375e-05  sumsq=26.82753179        argmax=21685
[dump]   top0 idx=21685 val=0.20552
[dump]   top1 idx=11445 val=0.19521
[dump]   top2 idx=39693 val=0.16184
[dump]   top3 idx=29365 val=0.16071
[dump]   top4 idx=22911 val=0.15067
[dump] L24.ffnxn  n=163840  finite=1 absmax=28.68        mean=0.029301     sumsq=201745.8783        argmax=5913
[dump]   top0 idx=5913 val=15.26265
[dump]   top1 idx=128728 val=14.24555
[dump]   top2 idx=108248 val=14.03619
[dump]   top3 idx=118488 val=13.86254
[dump]   top4 idx=98008 val=13.74861
[dump] L24.fmix   n=40960   finite=1 absmax=5.5844       mean=0.025664     sumsq=12812.79821        argmax=1500
[dump]   top0 idx=1500 val=5.58435
[dump]   top1 idx=4046 val=3.14316
[dump]   top2 idx=17813 val=2.61665
[dump]   top3 idx=3873 val=2.59062
[dump]   top4 idx=7573 val=2.53512
[dump] L24.mid    n=160     finite=1 absmax=0 mean=0 sumsq=0 ids: 308 387 456 219 175 439 263 46 181 370 263 175 387 219 354 446 462 46 183 231 134 99 36 263 320 446 498 308 212 387 263 99 360 308 342 387 433 46 175 354 263 360 308 157 342 128 82 99 433 134 206 360 387 395 175 263 308 394 46 458 134 263 99 387 223 277 446 308 360 183 134 387 90 223 446 204 360 313 263 261 360 354 387 263 252 99 446 150 27 46 263 360 354 387 66 183 462 208 446 46 181 263 360 46 308 387 446 175 99 134 263 134 181 183 387 360 462 354 28 231 263 462 360 183 134 354 181 387 231 223 263 181 134 462 183 219 439 354 28 218 181 360 263 134 462 387 231 175 81 317 263 462 181 360 317 183 134 387 218 393
[dump] L24.moe    n=40960   finite=1 absmax=0.56697      mean=0.0001809    sumsq=7.025947753        argmax=422
[dump]   top0 idx=422 val=0.28438
[dump]   top1 idx=403 val=0.08915
[dump]   top2 idx=2238 val=0.08664
[dump]   top3 idx=634 val=0.07260
[dump]   top4 idx=430 val=0.07248
[dump] L24.res    n=327680  finite=1 absmax=30.091       mean=0.014288     sumsq=200066.5615        argmax=169753
[dump]   top0 idx=169753 val=15.17015
[dump]   top1 idx=292568 val=14.15284
[dump]   top2 idx=272088 val=13.94485
[dump]   top3 idx=282328 val=13.77233
[dump]   top4 idx=261848 val=13.65914
[dump] L25.hcmix  n=40960   finite=1 absmax=12.991       mean=0.022329     sumsq=13310.87734        argmax=1500
[dump]   top0 idx=1500 val=7.91689
[dump]   top1 idx=7573 val=4.90696
[dump]   top2 idx=17813 val=4.31881
[dump]   top3 idx=12693 val=3.81254
[dump]   top4 idx=21685 val=3.76499
[dump] L25.att    n=40960   finite=1 absmax=0.4336       mean=0.00085056   sumsq=95.32939133        argmax=21473
[dump]   top0 idx=21473 val=0.43360
[dump]   top1 idx=29111 val=0.40515
[dump]   top2 idx=31671 val=0.39701
[dump]   top3 idx=8673 val=0.37745
[dump]   top4 idx=422 val=0.34223
[dump] L25.ffnxn  n=163840  finite=1 absmax=33.813       mean=0.04161      sumsq=262559.6512        argmax=128728
[dump]   top0 idx=128728 val=16.06918
[dump]   top1 idx=108248 val=15.81349
[dump]   top2 idx=118488 val=15.63205
[dump]   top3 idx=98008 val=15.50511
[dump]   top4 idx=67288 val=15.43382
[dump] L25.fmix   n=40960   finite=1 absmax=3.5584       mean=0.030844     sumsq=13357.57856        argmax=4046
[dump]   top0 idx=4046 val=3.55837
[dump]   top1 idx=1500 val=3.02361
[dump]   top2 idx=37981 val=2.49527
[dump]   top3 idx=230 val=2.49464
[dump]   top4 idx=7573 val=2.34166
[dump] L25.mid    n=160     finite=1 absmax=0 mean=0 sumsq=0 ids: 192 218 430 150 209 322 229 376 87 369 192 376 425 369 321 466 154 430 292 209 317 382 113 205 40 209 425 20 374 371 444 425 321 374 209 218 376 430 104 371 371 276 425 115 321 417 110 374 487 218 376 371 427 425 377 73 218 361 238 142 374 371 153 425 218 369 430 330 264 321 459 430 170 427 369 153 218 321 211 370 427 430 153 488 264 374 29 370 456 295 264 374 430 370 376 427 218 321 8 59 377 321 427 445 264 376 96 218 430 374 264 374 430 153 96 142 68 376 478 495 264 374 59 478 292 68 156 275 495 142 264 142 96 376 87 430 478 153 240 427 264 430 427 376 68 374 142 240 478 153 264 59 156 275 427 142 370 374 376 495
[dump] L25.moe    n=40960   finite=1 absmax=0.047591     mean=3.7465e-05   sumsq=3.662001306        argmax=22299
[dump]   top0 idx=22299 val=0.04759
[dump]   top1 idx=8682 val=0.04489
[dump]   top2 idx=34384 val=0.04145
[dump]   top3 idx=38302 val=0.04061
[dump]   top4 idx=24921 val=0.03869
[dump] L25.res    n=327680  finite=1 absmax=31.805       mean=0.016117     sumsq=226760.3869        argmax=169753
[dump]   top0 idx=169753 val=19.29029
[dump]   top1 idx=170460 val=18.35465
[dump]   top2 idx=292568 val=16.85705
[dump]   top3 idx=272088 val=16.59986
[dump]   top4 idx=282328 val=16.41206
[dump] L26.hcmix  n=40960   finite=1 absmax=14.463       mean=0.023864     sumsq=14404.85148        argmax=1500
[dump]   top0 idx=1500 val=9.82824
[dump]   top1 idx=793 val=4.93638
[dump]   top2 idx=17813 val=4.79446
[dump]   top3 idx=7573 val=4.37006
[dump]   top4 idx=10157 val=3.81910
[dump] L26.att    n=40960   finite=1 absmax=1.1496       mean=-0.0023273   sumsq=180.3184377        argmax=39128
[dump]   top0 idx=39128 val=0.44184
[dump]   top1 idx=39534 val=0.38607
[dump]   top2 idx=784 val=0.35846
[dump]   top3 idx=5848 val=0.34942
[dump]   top4 idx=2121 val=0.33864
[dump] L26.ffnxn  n=163840  finite=1 absmax=34.551       mean=0.023575     sumsq=197759.1479        argmax=5913
[dump]   top0 idx=5913 val=14.37502
[dump]   top1 idx=6620 val=13.87014
[dump]   top2 idx=1500 val=12.50896
[dump]   top3 idx=128728 val=12.47944
[dump]   top4 idx=159671 val=12.37741
[dump] L26.fmix   n=40960   finite=1 absmax=2.9736       mean=0.019094     sumsq=11624.19238        argmax=7573
[dump]   top0 idx=7573 val=2.88116
[dump]   top1 idx=17813 val=2.84803
[dump]   top2 idx=788 val=2.62628
[dump]   top3 idx=12655 val=2.42909
[dump]   top4 idx=30613 val=2.35913
[dump] L26.mid    n=160     finite=1 absmax=0 mean=0 sumsq=0 ids: 461 264 107 325 508 341 164 417 379 495 264 461 417 278 341 164 58 508 355 325 461 278 264 230 17 7 243 319 123 121 264 461 278 417 379 58 508 70 341 230 187 230 461 373 97 433 17 320 264 346 461 379 508 97 278 243 355 177 433 373 417 461 464 97 230 199 355 278 40 319 97 461 455 373 464 199 243 319 278 164 461 97 164 373 423 417 243 464 304 18 423 461 97 417 18 243 384 322 164 320 278 461 97 417 18 508 322 373 7 379 355 461 417 97 18 464 278 320 322 243 461 278 355 243 18 322 417 387 203 40 355 461 320 384 495 243 203 97 322 341 355 461 97 417 267 384 320 322 18 500 97 18 355 267 373 322 461 387 416 203
[dump] L26.moe    n=40960   finite=1 absmax=0.61419      mean=-3.0755e-05  sumsq=4.682966009        argmax=11726
[dump]   top0 idx=11726 val=0.05336
[dump]   top1 idx=422 val=0.04988
[dump]   top2 idx=8028 val=0.04894
[dump]   top3 idx=2324 val=0.04737
[dump]   top4 idx=579 val=0.04658
[dump] L26.res    n=327680  finite=1 absmax=64.003       mean=0.0089972    sumsq=119214.7784        argmax=169753
[dump]   top0 idx=169753 val=17.25475
[dump]   top1 idx=170460 val=14.88739
[dump]   top2 idx=292568 val=12.54123
[dump]   top3 idx=272088 val=12.35052
[dump]   top4 idx=282328 val=12.20887
[dump] L27.hcmix  n=40960   finite=1 absmax=30.783       mean=0.011248     sumsq=6177.690228        argmax=2565
[dump]   top0 idx=2565 val=2.73783
[dump]   top1 idx=5125 val=2.70260
[dump]   top2 idx=10245 val=2.66683
[dump]   top3 idx=17925 val=2.54716
[dump]   top4 idx=34008 val=2.53301
[dump] L27.att    n=40960   finite=1 absmax=3.4178       mean=0.00019942   sumsq=403.1274018        argmax=2311
[dump]   top0 idx=2311 val=3.41780
[dump]   top1 idx=47 val=1.30467
[dump]   top2 idx=1378 val=1.13045
[dump]   top3 idx=86 val=1.10750
[dump]   top4 idx=1795 val=1.06949
[dump] L27.ffnxn  n=163840  finite=1 absmax=38.231       mean=0.024804     sumsq=203491.0184        argmax=5913
[dump]   top0 idx=5913 val=15.84421
[dump]   top1 idx=128728 val=13.83858
[dump]   top2 idx=108248 val=13.62815
[dump]   top3 idx=6620 val=13.49989
[dump]   top4 idx=118488 val=13.47184
[dump] L27.fmix   n=40960   finite=1 absmax=3.3328       mean=0.020889     sumsq=12369.86684        argmax=4046
[dump]   top0 idx=4046 val=3.33281
[dump]   top1 idx=17813 val=2.96273
[dump]   top2 idx=16176 val=2.81967
[dump]   top3 idx=7573 val=2.77163
[dump]   top4 idx=18551 val=2.73519
[dump] L27.mid    n=160     finite=1 absmax=0 mean=0 sumsq=0 ids: 430 424 98 400 108 361 397 130 104 323 323 350 98 108 273 84 120 424 397 240 323 350 211 360 23 108 430 482 219 166 482 323 108 98 418 30 360 461 430 350 323 461 508 108 418 350 174 430 360 23 120 323 350 108 418 201 98 360 511 104 323 98 360 418 108 350 286 508 104 261 323 418 350 98 508 430 120 490 360 108 418 350 323 98 384 430 360 120 492 108 323 418 350 98 430 108 166 360 151 508 317 418 323 108 508 430 98 360 350 192 323 98 508 418 104 457 261 430 120 84 323 508 418 350 98 84 500 108 120 261 508 323 430 418 98 166 261 151 219 137 430 323 508 418 166 98 249 371 261 151 323 418 430 166 249 437 45 360 240 48
[dump] L27.moe    n=40960   finite=1 absmax=0.057945     mean=0.00024259   sumsq=4.430679356        argmax=30370
[dump]   top0 idx=30370 val=0.05618
[dump]   top1 idx=29990 val=0.05349
[dump]   top2 idx=29728 val=0.05057
[dump]   top3 idx=29282 val=0.04880
[dump]   top4 idx=29170 val=0.04790
[dump] L27.res    n=327680  finite=1 absmax=55.817       mean=0.01646      sumsq=242528.7331        argmax=170460
[dump]   top0 idx=170460 val=18.63190
[dump]   top1 idx=169753 val=18.22666
[dump]   top2 idx=292568 val=17.54537
[dump]   top3 idx=272088 val=17.27840
[dump]   top4 idx=282328 val=17.08045
[dump] L28.hcmix  n=40960   finite=1 absmax=30.992       mean=0.021378     sumsq=14620.3358         argmax=1500
[dump]   top0 idx=1500 val=10.70197
[dump]   top1 idx=788 val=4.31511
[dump]   top2 idx=47 val=3.78307
[dump]   top3 idx=7573 val=3.73561
[dump]   top4 idx=21685 val=3.43390
[dump] L28.att    n=40960   finite=1 absmax=0.6094       mean=-0.0018898   sumsq=100.2827939        argmax=2311
[dump]   top0 idx=2311 val=0.60940
[dump]   top1 idx=914 val=0.28096
[dump]   top2 idx=4544 val=0.23297
[dump]   top3 idx=36680 val=0.22346
[dump]   top4 idx=693 val=0.21958
[dump] L28.ffnxn  n=163840  finite=1 absmax=39.687       mean=0.027468     sumsq=243375.4472        argmax=5913
[dump]   top0 idx=5913 val=18.31936
[dump]   top1 idx=6620 val=13.66086
[dump]   top2 idx=128728 val=12.97369
[dump]   top3 idx=108248 val=12.77629
[dump]   top4 idx=118488 val=12.62992
[dump] L28.fmix   n=40960   finite=1 absmax=3.71         mean=0.020705     sumsq=13186.25439        argmax=36536
[dump]   top0 idx=36536 val=3.39947
[dump]   top1 idx=4046 val=3.22432
[dump]   top2 idx=17813 val=3.11552
[dump]   top3 idx=9908 val=3.05140
[dump]   top4 idx=7573 val=2.84808
[dump] L28.mid    n=160     finite=1 absmax=0 mean=0 sumsq=0 ids: 28 297 139 364 433 421 300 352 164 474 352 52 139 219 297 277 474 145 86 150 352 141 110 139 52 229 136 63 130 1 297 52 139 101 352 474 219 339 147 81 52 352 101 118 282 219 139 421 297 136 52 392 150 219 277 390 9 386 352 160 52 66 433 352 408 229 63 139 469 366 52 433 352 63 219 503 172 66 130 386 52 433 66 352 219 229 469 422 189 458 433 66 390 52 63 422 229 297 277 392 421 352 52 422 54 150 0 433 297 21 421 0 433 52 63 469 229 21 352 81 421 0 433 52 214 21 63 422 297 430 421 52 0 433 297 219 63 133 275 172 52 421 0 275 182 21 297 63 460 433 0 433 421 52 21 275 352 63 366 182
[dump] L28.moe    n=40960   finite=1 absmax=0.13383      mean=-8.729e-05   sumsq=4.481046946        argmax=2311
[dump]   top0 idx=2311 val=0.13383
[dump]   top1 idx=27542 val=0.05623
[dump]   top2 idx=40853 val=0.05599
[dump]   top3 idx=23707 val=0.04917
[dump]   top4 idx=39067 val=0.04817
[dump] L28.res    n=327680  finite=1 absmax=28.225       mean=0.012476     sumsq=242340.1017        argmax=169753
[dump]   top0 idx=169753 val=16.05636
[dump]   top1 idx=170460 val=15.68950
[dump]   top2 idx=183246 val=14.04995
[dump]   top3 idx=292568 val=13.52937
[dump]   top4 idx=272088 val=13.32363
[dump] L29.hcmix  n=40960   finite=1 absmax=5.8626       mean=0.015971     sumsq=15084.26233        argmax=7573
[dump]   top0 idx=7573 val=4.92951
[dump]   top1 idx=17813 val=4.07785
[dump]   top2 idx=12693 val=3.67096
[dump]   top3 idx=788 val=3.50355
[dump]   top4 idx=10157 val=3.36102
[dump] L29.att    n=40960   finite=1 absmax=0.21255      mean=0.0002662    sumsq=23.63333052        argmax=40195
[dump]   top0 idx=40195 val=0.21255
[dump]   top1 idx=39128 val=0.18035
[dump]   top2 idx=36568 val=0.16678
[dump]   top3 idx=11191 val=0.14256
[dump]   top4 idx=24835 val=0.14020
[dump] L29.ffnxn  n=163840  finite=1 absmax=43.221       mean=0.019567     sumsq=233774.6023        argmax=6620
[dump]   top0 idx=6620 val=17.56125
[dump]   top1 idx=5913 val=15.13095
[dump]   top2 idx=128728 val=14.73413
[dump]   top3 idx=160958 val=14.62510
[dump]   top4 idx=108248 val=14.51000
[dump] L29.fmix   n=40960   finite=1 absmax=4.0315       mean=0.0154       sumsq=14191.37758        argmax=4046
[dump]   top0 idx=4046 val=4.03150
[dump]   top1 idx=7573 val=3.98448
[dump]   top2 idx=788 val=3.76497
[dump]   top3 idx=17813 val=3.46079
[dump]   top4 idx=30613 val=3.33671
[dump] L29.mid    n=160     finite=1 absmax=0 mean=0 sumsq=0 ids: 293 466 68 387 262 400 285 337 54 451 387 290 273 148 330 93 250 504 162 337 290 148 387 273 325 16 394 250 330 93 148 290 250 387 273 330 91 265 93 267 290 118 148 273 508 250 387 265 312 259 387 290 148 93 273 317 91 296 259 118 259 387 290 265 250 118 273 325 338 296 259 387 118 273 290 265 93 325 440 274 387 259 290 265 273 22 91 312 148 118 387 259 290 273 22 148 97 265 93 91 118 387 273 290 259 265 250 148 469 93 259 387 273 290 265 97 438 325 342 453 342 438 259 265 387 273 290 451 93 468 279 259 325 389 93 273 265 185 387 97 387 273 259 93 118 265 342 290 463 438 259 438 342 279 97 265 387 468 118 22
[dump] L29.moe    n=40960   finite=1 absmax=0.14844      mean=0.00010392   sumsq=9.672633922        argmax=2311
[dump]   top0 idx=2311 val=0.14844
[dump]   top1 idx=29199 val=0.08387
[dump]   top2 idx=20969 val=0.07926
[dump]   top3 idx=21613 val=0.07758
[dump]   top4 idx=40696 val=0.07299
[dump] L29.res    n=327680  finite=1 absmax=32.069       mean=0.015079     sumsq=268312.2611        argmax=169753
[dump]   top0 idx=169753 val=18.87898
[dump]   top1 idx=323511 val=17.32892
[dump]   top2 idx=313271 val=17.32132
[dump]   top3 idx=282551 val=17.15058
[dump]   top4 idx=272311 val=16.66846
[dump] L30.hcmix  n=40960   finite=1 absmax=8.8708       mean=0.018681     sumsq=13514.06827        argmax=1500
[dump]   top0 idx=1500 val=8.87081
[dump]   top1 idx=788 val=4.45722
[dump]   top2 idx=7573 val=3.64689
[dump]   top3 idx=12693 val=3.53428
[dump]   top4 idx=1787 val=3.42507
[dump] L30.att    n=40960   finite=1 absmax=1.1661       mean=-0.0005534   sumsq=113.7279903        argmax=38882
[dump]   top0 idx=38882 val=0.48476
[dump]   top1 idx=1603 val=0.42597
[dump]   top2 idx=31713 val=0.39075
[dump]   top3 idx=21431 val=0.38096
[dump]   top4 idx=26082 val=0.36702
[dump] L30.ffnxn  n=163840  finite=1 absmax=31.744       mean=0.023262     sumsq=332576.7637        argmax=6620
[dump]   top0 idx=6620 val=16.89083
[dump]   top1 idx=128728 val=16.67883
[dump]   top2 idx=108248 val=16.42002
[dump]   top3 idx=118488 val=16.23673
[dump]   top4 idx=98008 val=16.12710
[dump] L30.fmix   n=40960   finite=1 absmax=7.3624       mean=0.015557     sumsq=19539.83858        argmax=4046
[dump]   top0 idx=4046 val=4.93066
[dump]   top1 idx=1500 val=3.74354
[dump]   top2 idx=788 val=3.69736
[dump]   top3 idx=8681 val=3.57754
[dump]   top4 idx=30613 val=3.05156
[dump] L30.mid    n=160     finite=1 absmax=0 mean=0 sumsq=0 ids: 165 151 398 326 331 506 40 137 138 417 506 165 138 14 326 500 409 111 398 280 95 414 280 409 506 14 311 227 234 338 205 165 280 223 506 318 398 498 106 259 376 280 5 223 81 409 22 463 335 318 14 308 409 151 234 290 506 12 110 129 506 138 111 11 335 151 205 181 212 398 506 138 14 335 441 212 409 86 6 154 335 506 138 280 11 212 473 111 441 439 11 138 506 14 111 280 335 498 212 398 181 473 409 506 370 129 64 6 439 280 506 11 398 138 181 151 335 282 49 136 506 138 212 11 335 409 128 40 500 473 181 335 506 280 212 151 79 11 415 398 181 506 335 326 86 82 11 244 212 415 244 335 506 11 100 128 482 510 398 181
[dump] L30.moe    n=40960   finite=1 absmax=0.065153     mean=0.00011825   sumsq=7.921416904        argmax=36714
[dump]   top0 idx=36714 val=0.06290
[dump]   top1 idx=34729 val=0.06067
[dump]   top2 idx=17713 val=0.05821
[dump]   top3 idx=35492 val=0.05555
[dump]   top4 idx=28798 val=0.05454
[dump] L30.res    n=327680  finite=1 absmax=28.706       mean=0.010593     sumsq=120465.2234        argmax=169753
[dump]   top0 idx=169753 val=15.91403
[dump]   top1 idx=292568 val=13.63386
[dump]   top2 idx=272088 val=13.43364
[dump]   top3 idx=282328 val=13.30897
[dump]   top4 idx=261848 val=13.20058
[dump] L31.hcmix  n=40960   finite=1 absmax=10.185       mean=0.0064592    sumsq=3531.947537        argmax=3288
[dump]   top0 idx=3288 val=2.13548
[dump]   top1 idx=23768 val=2.08612
[dump]   top2 idx=16088 val=2.08478
[dump]   top3 idx=28888 val=2.02035
[dump]   top4 idx=21208 val=2.00581
[dump] L31.att    n=40960   finite=1 absmax=0.76626      mean=-0.002738    sumsq=166.5447069        argmax=892
[dump]   top0 idx=892 val=0.76626
[dump]   top1 idx=2311 val=0.76051
[dump]   top2 idx=1795 val=0.47187
[dump]   top3 idx=3765 val=0.42543
[dump]   top4 idx=2121 val=0.39039
[dump] L31.ffnxn  n=163840  finite=1 absmax=58.394       mean=0.018391     sumsq=562939.759         argmax=128728
[dump]   top0 idx=128728 val=43.69374
[dump]   top1 idx=108248 val=43.04039
[dump]   top2 idx=118488 val=42.64702
[dump]   top3 idx=98008 val=42.30051
[dump]   top4 idx=67288 val=41.99088
[dump] L31.fmix   n=40960   finite=1 absmax=6.7076       mean=0.0070907    sumsq=29351.97747        argmax=23768
[dump]   top0 idx=23768 val=6.70760
[dump]   top1 idx=8681 val=6.04485
[dump]   top2 idx=21208 val=5.41504
[dump]   top3 idx=13528 val=4.88560
[dump]   top4 idx=9908 val=4.61397
[dump] L31.mid    n=160     finite=1 absmax=0 mean=0 sumsq=0 ids: 283 174 156 96 215 136 55 199 100 50 494 199 50 405 207 100 318 12 156 474 263 494 199 207 192 314 318 31 474 298 207 156 494 234 379 33 444 405 388 298 116 207 236 453 210 156 318 16 494 326 288 32 116 426 50 406 501 399 207 444 288 207 494 156 426 302 399 318 199 405 494 199 399 193 426 288 311 501 134 405 494 207 288 405 199 318 446 303 174 501 494 399 318 501 207 288 342 405 156 303 405 207 399 100 314 192 303 318 494 174 494 405 283 399 289 318 156 342 199 207 494 318 283 174 399 303 449 405 501 288 283 289 494 327 405 156 96 288 177 192 289 283 156 494 405 449 174 302 12 446 303 289 449 174 283 405 156 494 56 207
[dump] L31.moe    n=40960   finite=1 absmax=0.10536      mean=0.00020015   sumsq=11.65596902        argmax=2311
[dump]   top0 idx=2311 val=0.10536
[dump]   top1 idx=3022 val=0.09549
[dump]   top2 idx=8142 val=0.07689
[dump]   top3 idx=28680 val=0.07245
[dump]   top4 idx=29346 val=0.07065
[dump] L31.res    n=327680  finite=1 absmax=36.374       mean=0.011958     sumsq=309236.4817        argmax=169753
[dump]   top0 idx=169753 val=24.08734
[dump]   top1 idx=170460 val=21.13260
[dump]   top2 idx=323511 val=17.17173
[dump]   top3 idx=313271 val=17.11773
[dump]   top4 idx=282551 val=16.94919
[dump] L32.hcmix  n=40960   finite=1 absmax=15.844       mean=0.010055     sumsq=14811.84721        argmax=1500
[dump]   top0 idx=1500 val=10.29164
[dump]   top1 idx=788 val=5.00494
[dump]   top2 idx=4060 val=3.76595
[dump]   top3 idx=38631 val=3.60730
[dump]   top4 idx=579 val=3.57467
[dump] L32.att    n=40960   finite=1 absmax=0.39551      mean=-0.00090186  sumsq=54.72966108        argmax=5081
[dump]   top0 idx=5081 val=0.39551
[dump]   top1 idx=7622 val=0.29881
[dump]   top2 idx=3553 val=0.26401
[dump]   top3 idx=33222 val=0.24238
[dump]   top4 idx=6254 val=0.23174
[dump] L32.ffnxn  n=163840  finite=1 absmax=60.894       mean=0.015484     sumsq=467423.7915        argmax=1500
[dump]   top0 idx=1500 val=21.35332
[dump]   top1 idx=128728 val=20.86146
[dump]   top2 idx=108248 val=20.54665
[dump]   top3 idx=118488 val=20.36047
[dump]   top4 idx=98008 val=20.19507
[dump] L32.fmix   n=40960   finite=1 absmax=5.0273       mean=0.0073551    sumsq=26634.37489        argmax=8681
[dump]   top0 idx=8681 val=5.02731
[dump]   top1 idx=14245 val=3.77546
[dump]   top2 idx=13717 val=3.76866
[dump]   top3 idx=9908 val=3.72950
[dump]   top4 idx=788 val=3.66718
[dump] L32.mid    n=160     finite=1 absmax=0 mean=0 sumsq=0 ids: 228 243 272 256 487 429 58 132 392 74 228 28 429 359 480 92 243 272 142 394 228 28 140 429 142 149 113 99 236 261 228 429 447 188 124 28 319 341 418 261 188 228 104 447 429 319 303 138 243 58 228 394 272 142 12 140 369 388 419 205 359 429 243 228 142 58 140 487 272 263 228 429 272 243 359 394 400 58 140 74 228 429 243 272 142 359 263 58 149 140 359 228 429 263 272 243 142 480 58 92 228 272 243 465 429 400 263 149 447 142 228 429 243 272 359 480 58 263 479 140 228 429 272 263 359 243 140 391 480 132 243 228 429 58 189 272 489 479 263 248 228 243 278 7 480 359 75 58 202 92 243 228 359 454 278 235 189 480 507 263
[dump] L32.moe    n=40960   finite=1 absmax=0.37396      mean=0.00011756   sumsq=14.89833516        argmax=2311
[dump]   top0 idx=2311 val=0.31289
[dump]   top1 idx=1547 val=0.10912
[dump]   top2 idx=472 val=0.10729
[dump]   top3 idx=895 val=0.10281
[dump]   top4 idx=245 val=0.09924
[dump] L32.res    n=327680  finite=1 absmax=48.624       mean=0.01292      sumsq=284570.8575        argmax=170460
[dump]   top0 idx=170460 val=20.02470
[dump]   top1 idx=169753 val=16.17556
[dump]   top2 idx=292568 val=12.40515
[dump]   top3 idx=272088 val=12.21779
[dump]   top4 idx=282328 val=12.10797
[dump] L33.hcmix  n=40960   finite=1 absmax=5.9039       mean=0.018307     sumsq=16118.20483        argmax=7573
[dump]   top0 idx=7573 val=4.56019
[dump]   top1 idx=788 val=4.50215
[dump]   top2 idx=17813 val=4.15036
[dump]   top3 idx=12693 val=4.02272
[dump]   top4 idx=1500 val=3.78919
[dump] L33.att    n=40960   finite=1 absmax=0.17805      mean=-0.0012543   sumsq=28.48949729        argmax=4960
[dump]   top0 idx=4960 val=0.17805
[dump]   top1 idx=39129 val=0.15000
[dump]   top2 idx=10073 val=0.14661
[dump]   top3 idx=26593 val=0.14639
[dump]   top4 idx=32602 val=0.14505
[dump] L33.ffnxn  n=163840  finite=1 absmax=33.391       mean=0.014851     sumsq=357329.2782        argmax=5913
[dump]   top0 idx=5913 val=23.72359
[dump]   top1 idx=128728 val=17.03399
[dump]   top2 idx=108248 val=16.77664
[dump]   top3 idx=118488 val=16.62586
[dump]   top4 idx=98008 val=16.49037
[dump] L33.fmix   n=40960   finite=1 absmax=5.5951       mean=0.0096       sumsq=22040.79048        argmax=4046
[dump]   top0 idx=4046 val=5.59514
[dump]   top1 idx=6606 val=4.38522
[dump]   top2 idx=32206 val=3.96351
[dump]   top3 idx=788 val=3.10294
[dump]   top4 idx=13717 val=3.08095
[dump] L33.mid    n=160     finite=1 absmax=0 mean=0 sumsq=0 ids: 136 486 387 243 471 160 105 200 28 504 136 486 387 160 299 363 419 365 243 471 387 328 398 136 486 222 71 304 471 259 136 328 249 486 387 469 363 105 160 84 486 136 366 387 471 333 363 469 444 105 387 471 136 291 448 84 419 474 127 243 366 419 136 279 486 471 387 328 363 155 136 419 279 363 387 365 206 366 471 499 136 419 363 470 279 362 387 206 486 105 470 363 136 419 365 279 471 345 84 362 136 84 486 428 279 328 419 471 366 160 84 363 136 362 279 471 345 419 305 486 136 362 363 471 84 279 419 374 155 486 84 136 374 345 279 155 363 486 471 499 363 84 136 253 299 209 345 407 279 160 362 374 84 279 345 136 419 363 209 509
[dump] L33.moe    n=40960   finite=1 absmax=0.070426     mean=-3.1556e-05  sumsq=8.898105484        argmax=3119
[dump]   top0 idx=3119 val=0.06784
[dump]   top1 idx=6381 val=0.06657
[dump]   top2 idx=3777 val=0.06627
[dump]   top3 idx=8707 val=0.06501
[dump]   top4 idx=3677 val=0.06423
[dump] L33.res    n=327680  finite=1 absmax=43.005       mean=0.011613     sumsq=279905.0565        argmax=170460
[dump]   top0 idx=170460 val=19.09557
[dump]   top1 idx=292568 val=16.47841
[dump]   top2 idx=169753 val=16.27021
[dump]   top3 idx=272088 val=16.22915
[dump]   top4 idx=282328 val=16.08335
[dump] L34.hcmix  n=40960   finite=1 absmax=17.319       mean=0.013712     sumsq=15940.14305        argmax=1500
[dump]   top0 idx=1500 val=8.51645
[dump]   top1 idx=793 val=4.87498
[dump]   top2 idx=788 val=4.40151
[dump]   top3 idx=1912 val=3.83596
[dump]   top4 idx=34485 val=3.76342
[dump] L34.att    n=40960   finite=1 absmax=0.38261      mean=-0.00067104  sumsq=58.77190811        argmax=26082
[dump]   top0 idx=26082 val=0.38261
[dump]   top1 idx=40282 val=0.31271
[dump]   top2 idx=38882 val=0.31173
[dump]   top3 idx=32602 val=0.29693
[dump]   top4 idx=30042 val=0.29070
[dump] L34.ffnxn  n=163840  finite=1 absmax=38.042       mean=0.022996     sumsq=331871.4699        argmax=5913
[dump]   top0 idx=5913 val=18.00095
[dump]   top1 idx=6620 val=17.70843
[dump]   top2 idx=159671 val=17.56125
[dump]   top3 idx=149431 val=17.50406
[dump]   top4 idx=118711 val=17.33455
[dump] L34.fmix   n=40960   finite=1 absmax=4.2789       mean=0.019124     sumsq=19542.5017         argmax=1500
[dump]   top0 idx=1500 val=4.27889
[dump]   top1 idx=7573 val=4.09686
[dump]   top2 idx=17813 val=3.57510
[dump]   top3 idx=28893 val=3.42961
[dump]   top4 idx=36536 val=3.41368
[dump] L34.mid    n=160     finite=1 absmax=0 mean=0 sumsq=0 ids: 449 475 275 87 496 19 101 111 24 399 111 29 101 24 275 22 119 484 460 459 131 157 29 119 111 7 173 102 33 509 29 7 459 201 185 101 299 157 119 24 440 29 157 459 111 131 190 506 201 119 87 496 277 264 88 24 101 275 399 29 111 24 131 448 101 366 29 102 119 22 131 88 22 101 29 448 24 119 111 459 29 448 24 22 102 101 460 353 119 5 29 24 448 101 102 22 353 460 131 347 111 29 299 459 201 119 24 101 366 465 131 24 101 448 111 366 102 460 22 347 111 131 366 448 101 24 22 102 460 347 131 24 101 353 448 22 29 275 102 273 131 123 22 101 24 448 150 201 29 430 448 131 24 101 22 460 247 366 275 29
[dump] L34.moe    n=40960   finite=1 absmax=0.13791      mean=0.00033506   sumsq=13.78464917        argmax=28307
[dump]   top0 idx=28307 val=0.11050
[dump]   top1 idx=28691 val=0.10621
[dump]   top2 idx=30415 val=0.10325
[dump]   top3 idx=29990 val=0.10304
[dump]   top4 idx=30391 val=0.10198
[dump] L34.res    n=327680  finite=1 absmax=23.509       mean=0.0083232    sumsq=133541.3834        argmax=169753
[dump]   top0 idx=169753 val=14.13526
[dump]   top1 idx=292568 val=13.82454
[dump]   top2 idx=272088 val=13.61530
[dump]   top3 idx=170460 val=13.51194
[dump]   top4 idx=282328 val=13.49314
[dump] L35.hcmix  n=40960   finite=1 absmax=8.5605       mean=0.0096231    sumsq=5301.330144        argmax=23522
[dump]   top0 idx=23522 val=2.44141
[dump]   top1 idx=8162 val=2.32661
[dump]   top2 idx=34008 val=2.26061
[dump]   top3 idx=13282 val=2.25376
[dump]   top4 idx=28888 val=2.21419
[dump] L35.att    n=40960   finite=1 absmax=0.77598      mean=3.8251e-06   sumsq=140.5129313        argmax=1736
[dump]   top0 idx=1736 val=0.71066
[dump]   top1 idx=360 val=0.53090
[dump]   top2 idx=994 val=0.50682
[dump]   top3 idx=1795 val=0.49571
[dump]   top4 idx=1882 val=0.44736
[dump] L35.ffnxn  n=163840  finite=1 absmax=31.949       mean=0.017462     sumsq=365200.2946        argmax=159671
[dump]   top0 idx=159671 val=19.89893
[dump]   top1 idx=149431 val=19.80804
[dump]   top2 idx=118711 val=19.62667
[dump]   top3 idx=108471 val=19.04735
[dump]   top4 idx=128951 val=18.88457
[dump] L35.fmix   n=40960   finite=1 absmax=4.5529       mean=0.014447     sumsq=25191.40442        argmax=19715
[dump]   top0 idx=19715 val=3.53845
[dump]   top1 idx=12035 val=3.48907
[dump]   top2 idx=29955 val=3.34770
[dump]   top3 idx=14245 val=3.32154
[dump]   top4 idx=7971 val=3.24117
[dump] L35.mid    n=160     finite=1 absmax=0 mean=0 sumsq=0 ids: 434 31 170 360 342 472 406 372 500 403 472 161 3 222 342 375 309 434 362 31 222 309 3 161 342 56 472 162 455 362 161 472 291 222 403 70 426 309 342 353 472 161 70 3 222 31 259 342 9 345 3 368 472 453 501 74 9 8 49 434 472 3 31 121 49 453 161 375 434 70 472 3 397 31 375 315 52 453 49 434 472 375 161 3 315 31 434 222 56 121 472 161 375 3 315 31 56 372 121 434 472 500 170 222 161 31 426 315 375 372 472 31 121 375 434 315 161 3 426 277 375 472 315 31 121 3 385 434 222 342 121 31 472 490 315 56 375 161 434 162 472 31 121 315 173 490 434 161 454 372 121 472 31 315 490 56 161 375 162 434
[dump] L35.moe    n=40960   finite=1 absmax=0.17464      mean=0.0007879    sumsq=25.47334179        argmax=30042
[dump]   top0 idx=30042 val=0.16650
[dump]   top1 idx=21769 val=0.13216
[dump]   top2 idx=22362 val=0.12764
[dump]   top3 idx=21167 val=0.12290
[dump]   top4 idx=20856 val=0.12284
[dump] L35.res    n=327680  finite=1 absmax=24.226       mean=0.018316     sumsq=313017.8075        argmax=323511
[dump]   top0 idx=323511 val=19.41127
[dump]   top1 idx=313271 val=19.32269
[dump]   top2 idx=282551 val=19.14820
[dump]   top3 idx=169753 val=19.06357
[dump]   top4 idx=324798 val=18.85782
[dump] L36.hcmix  n=40960   finite=1 absmax=12.423       mean=0.015284     sumsq=14772.3343         argmax=1500
[dump]   top0 idx=1500 val=6.49640
[dump]   top1 idx=793 val=5.30768
[dump]   top2 idx=788 val=3.87027
[dump]   top3 idx=1736 val=3.77760
[dump]   top4 idx=19715 val=3.52717
[dump] L36.att    n=40960   finite=1 absmax=6.0723       mean=0.0026784    sumsq=752.4901773        argmax=1827
[dump]   top0 idx=1827 val=3.08663
[dump]   top1 idx=2311 val=2.04483
[dump]   top2 idx=1984 val=1.95033
[dump]   top3 idx=2238 val=1.92399
[dump]   top4 idx=403 val=1.86143
[dump] L36.ffnxn  n=163840  finite=1 absmax=46.184       mean=0.046388     sumsq=576520.0026        argmax=1827
[dump]   top0 idx=1827 val=23.44960
[dump]   top1 idx=159671 val=21.06949
[dump]   top2 idx=149431 val=20.97293
[dump]   top3 idx=118711 val=20.78397
[dump]   top4 idx=108471 val=20.16695
[dump] L36.fmix   n=40960   finite=1 absmax=6.0988       mean=0.035999     sumsq=38545.49491        argmax=8681
[dump]   top0 idx=8681 val=5.41292
[dump]   top1 idx=4046 val=4.88340
[dump]   top2 idx=14245 val=4.55279
[dump]   top3 idx=19490 val=4.41280
[dump]   top4 idx=13717 val=4.33315
[dump] L36.mid    n=160     finite=1 absmax=0 mean=0 sumsq=0 ids: 363 78 76 429 55 210 407 265 388 45 412 396 358 102 218 25 387 490 217 269 218 412 396 233 387 429 137 105 388 96 218 308 134 76 147 388 349 146 445 439 358 134 96 369 218 396 298 76 125 233 54 491 306 55 496 363 313 219 4 481 387 313 218 358 25 429 134 396 210 258 244 387 102 306 481 341 313 218 248 485 387 296 218 258 25 102 313 341 244 210 387 258 25 218 210 296 363 76 265 102 218 339 387 293 148 140 26 363 158 388 387 218 25 485 313 494 158 243 248 210 387 25 258 330 324 388 169 40 210 485 387 185 25 258 442 218 243 410 429 168 387 278 258 25 442 179 18 314 370 262 387 179 442 258 25 168 185 410 182 307
[dump] L36.moe    n=40960   finite=1 absmax=0.22943      mean=0.00058858   sumsq=54.05041279        argmax=35107
[dump]   top0 idx=35107 val=0.21270
[dump]   top1 idx=34333 val=0.18328
[dump]   top2 idx=32840 val=0.18317
[dump]   top3 idx=29987 val=0.17327
[dump]   top4 idx=35458 val=0.17025
[dump] L36.res    n=327680  finite=1 absmax=50.374       mean=0.0252       sumsq=350257.0923        argmax=170460
[dump]   top0 idx=170460 val=27.37810
[dump]   top1 idx=169753 val=24.37147
[dump]   top2 idx=165667 val=18.65712
[dump]   top3 idx=292568 val=13.57868
[dump]   top4 idx=272088 val=13.36650
[dump] L37.hcmix  n=40960   finite=1 absmax=16.869       mean=0.031802     sumsq=14251.71021        argmax=1500
[dump]   top0 idx=1500 val=7.83921
[dump]   top1 idx=1827 val=6.63292
[dump]   top2 idx=19715 val=4.36992
[dump]   top3 idx=138 val=4.15002
[dump]   top4 idx=1736 val=4.02873
[dump] L37.att    n=40960   finite=1 absmax=2.2662       mean=-0.0010869   sumsq=127.9858814        argmax=2537
[dump]   top0 idx=2537 val=1.14541
[dump]   top1 idx=932 val=0.68177
[dump]   top2 idx=138 val=0.63429
[dump]   top3 idx=1359 val=0.55786
[dump]   top4 idx=1750 val=0.54769
[dump] L37.ffnxn  n=163840  finite=1 absmax=49.134       mean=0.050758     sumsq=526325.1765        argmax=1827
[dump]   top0 idx=1827 val=21.71128
[dump]   top1 idx=159671 val=19.11426
[dump]   top2 idx=149431 val=19.01442
[dump]   top3 idx=118711 val=18.85430
[dump]   top4 idx=128728 val=18.39298
[dump] L37.fmix   n=40960   finite=1 absmax=5.4607       mean=0.044305     sumsq=38419.51403        argmax=8681
[dump]   top0 idx=8681 val=4.75941
[dump]   top1 idx=12360 val=4.12800
[dump]   top2 idx=14245 val=4.10559
[dump]   top3 idx=10936 val=3.97342
[dump]   top4 idx=7573 val=3.94638
[dump] L37.mid    n=160     finite=1 absmax=0 mean=0 sumsq=0 ids: 255 72 379 304 131 25 418 420 10 324 255 19 324 304 150 369 286 379 118 451 451 286 128 350 369 118 200 435 255 197 306 255 346 19 511 359 284 265 479 128 128 346 255 187 451 150 33 379 304 131 131 297 302 25 379 255 392 134 96 142 19 29 118 346 369 57 484 304 255 313 118 19 57 360 255 25 369 197 290 27 118 19 352 346 57 369 484 155 200 255 352 19 118 57 200 306 369 346 255 326 19 317 255 369 484 346 379 118 155 326 346 255 369 131 19 200 57 379 313 155 369 57 304 264 255 19 346 118 155 477 313 57 469 369 389 346 200 326 306 128 313 346 321 19 369 469 57 326 255 118 313 346 57 369 469 304 264 19 326 243
[dump] L37.moe    n=40960   finite=1 absmax=0.16809      mean=0.00014461   sumsq=45.82988185        argmax=29042
[dump]   top0 idx=29042 val=0.16809
[dump]   top1 idx=24921 val=0.16487
[dump]   top2 idx=29424 val=0.15135
[dump]   top3 idx=28439 val=0.14779
[dump]   top4 idx=31602 val=0.14717
[dump] L37.res    n=327680  finite=1 absmax=72.828       mean=0.016331     sumsq=304995.9252        argmax=170460
[dump]   top0 idx=170460 val=28.94975
[dump]   top1 idx=169753 val=25.20715
[dump]   top2 idx=163978 val=19.00654
[dump]   top3 idx=189445 val=19.00224
[dump]   top4 idx=240645 val=18.80299
[dump] L38.hcmix  n=40960   finite=1 absmax=34.056       mean=0.020789     sumsq=14892.33809        argmax=1500
[dump]   top0 idx=1500 val=9.62161
[dump]   top1 idx=1827 val=5.83946
[dump]   top2 idx=138 val=5.75714
[dump]   top3 idx=793 val=5.15021
[dump]   top4 idx=5125 val=4.70252
[dump] L38.att    n=40960   finite=1 absmax=0.46671      mean=-0.00063091  sumsq=108.6698749        argmax=403
[dump]   top0 idx=403 val=0.40369
[dump]   top1 idx=36753 val=0.33431
[dump]   top2 idx=34193 val=0.33397
[dump]   top3 idx=23953 val=0.29214
[dump]   top4 idx=7716 val=0.28861
[dump] L38.ffnxn  n=163840  finite=1 absmax=36.349       mean=0.050816     sumsq=587485.2789        argmax=48495
[dump]   top0 idx=48495 val=23.05473
[dump]   top1 idx=36841 val=20.02053
[dump]   top2 idx=6983 val=18.23300
[dump]   top3 idx=149176 val=17.63890
[dump]   top4 idx=46776 val=16.81682
[dump] L38.fmix   n=40960   finite=1 absmax=5.7766       mean=0.04413      sumsq=34875.42446        argmax=12655
[dump]   top0 idx=12655 val=5.77664
[dump]   top1 idx=10936 val=5.20640
[dump]   top2 idx=8681 val=5.01582
[dump]   top3 idx=1863 val=4.24615
[dump]   top4 idx=7573 val=4.09285
[dump] L38.mid    n=160     finite=1 absmax=0 mean=0 sumsq=0 ids: 317 456 283 345 309 41 57 287 446 205 425 96 394 164 305 438 188 275 402 483 460 188 265 96 425 402 232 187 438 504 464 352 279 145 96 376 51 54 460 164 396 460 183 96 193 202 111 356 384 306 341 347 206 235 309 104 18 462 388 345 7 206 438 460 226 116 341 50 393 483 241 425 375 124 307 259 106 291 388 438 504 460 388 96 124 50 206 400 486 279 504 460 454 355 279 438 135 486 50 206 153 87 71 226 460 454 173 452 164 350 460 206 116 226 213 7 41 117 244 483 483 226 460 206 438 486 7 117 188 50 226 412 173 206 457 287 262 460 50 483 168 173 226 370 323 483 228 287 262 254 226 287 173 483 206 260 354 76 438 457
[dump] L38.moe    n=40960   finite=1 absmax=0.1818       mean=-2.982e-05   sumsq=34.99472367        argmax=27937
[dump]   top0 idx=27937 val=0.18180
[dump]   top1 idx=8826 val=0.12970
[dump]   top2 idx=14924 val=0.12737
[dump]   top3 idx=37387 val=0.12533
[dump]   top4 idx=8177 val=0.11971
[dump] L38.res    n=327680  finite=1 absmax=29.741       mean=0.011245     sumsq=210504.7368        argmax=170460
[dump]   top0 idx=170460 val=20.33348
[dump]   top1 idx=169753 val=19.56281
[dump]   top2 idx=322565 val=15.39510
[dump]   top3 idx=271365 val=15.19255
[dump]   top4 idx=261125 val=15.15736
[dump] L39.hcmix  n=40960   finite=1 absmax=4.8204       mean=0.0083745    sumsq=5531.198602        argmax=793
[dump]   top0 idx=793 val=4.82036
[dump]   top1 idx=23045 val=3.42282
[dump]   top2 idx=38405 val=3.26683
[dump]   top3 idx=25605 val=3.16183
[dump]   top4 idx=30725 val=3.11947
[dump] L39.att    n=40960   finite=1 absmax=0.55114      mean=0.00017861   sumsq=216.9850803        argmax=29052
[dump]   top0 idx=29052 val=0.55114
[dump]   top1 idx=15465 val=0.42110
[dump]   top2 idx=23839 val=0.41184
[dump]   top3 idx=31519 val=0.39633
[dump]   top4 idx=23561 val=0.39123
[dump] L39.ffnxn  n=163840  finite=1 absmax=45.175       mean=0.035287     sumsq=767094.5681        argmax=36841
[dump]   top0 idx=36841 val=27.04250
[dump]   top1 idx=1827 val=21.13191
[dump]   top2 idx=36448 val=20.57874
[dump]   top3 idx=99620 val=19.86920
[dump]   top4 idx=57765 val=18.27693
[dump] L39.fmix   n=40960   finite=1 absmax=8.4928       mean=0.027296     sumsq=41275.12877        argmax=8681
[dump]   top0 idx=8681 val=8.49277
[dump]   top1 idx=15939 val=5.72038
[dump]   top2 idx=8288 val=5.43617
[dump]   top3 idx=23619 val=5.15936
[dump]   top4 idx=5699 val=5.10883
[dump] L39.mid    n=160     finite=1 absmax=0 mean=0 sumsq=0 ids: 356 323 285 42 496 260 242 334 450 82 356 496 103 167 45 480 128 223 494 120 48 496 356 45 480 103 123 128 477 223 356 42 496 99 307 107 355 337 264 220 356 99 500 496 109 42 103 128 342 264 372 480 356 82 201 389 285 367 495 494 356 99 42 128 480 334 109 103 104 342 480 356 128 334 42 299 121 375 394 477 356 128 42 480 110 148 60 299 121 274 356 406 128 32 477 177 42 219 480 342 356 477 42 459 128 442 372 36 355 506 356 128 480 334 110 60 42 496 148 360 356 334 32 60 128 42 480 145 110 257 356 60 127 128 233 116 108 10 110 433 356 425 60 334 257 116 127 233 128 463 356 60 128 425 233 127 116 110 32 257
[dump] L39.moe    n=40960   finite=1 absmax=0.45664      mean=0.00024971   sumsq=101.0117583        argmax=2311
[dump]   top0 idx=2311 val=0.45664
[dump]   top1 idx=422 val=0.30746
[dump]   top2 idx=21084 val=0.27700
[dump]   top3 idx=1882 val=0.26971
[dump]   top4 idx=21597 val=0.23810
[dump] L39.res    n=327680  finite=1 absmax=40.326       mean=0.020614     sumsq=491551.286         argmax=212335
[dump]   top0 idx=212335 val=23.82797
[dump]   top1 idx=165667 val=23.53599
[dump]   top2 idx=232417 val=23.22922
[dump]   top3 idx=169753 val=21.97674
[dump]   top4 idx=170460 val=21.31570
[dump] L40.hcmix  n=40960   finite=1 absmax=19.966       mean=0.033836     sumsq=27469.31869        argmax=138
[dump]   top0 idx=138 val=7.88449
[dump]   top1 idx=1827 val=6.94964
[dump]   top2 idx=12655 val=6.07544
[dump]   top3 idx=472 val=4.90410
[dump]   top4 idx=1984 val=4.78866
[dump] L40.att    n=40960   finite=1 absmax=0.68974      mean=0.0025639    sumsq=201.1097814        argmax=36901
[dump]   top0 idx=36901 val=0.68974
[dump]   top1 idx=13861 val=0.61877
[dump]   top2 idx=8741 val=0.56743
[dump]   top3 idx=27937 val=0.55030
[dump]   top4 idx=18402 val=0.48754
[dump] L40.ffnxn  n=163840  finite=1 absmax=40.651       mean=0.043804     sumsq=763028.3931        argmax=7358
[dump]   top0 idx=7358 val=29.85500
[dump]   top1 idx=160958 val=27.65782
[dump]   top2 idx=79038 val=27.18112
[dump]   top3 idx=130238 val=26.06050
[dump]   top4 idx=89278 val=25.74072
[dump] L40.fmix   n=40960   finite=1 absmax=7.3204       mean=0.033577     sumsq=46959.09565        argmax=8681
[dump]   top0 idx=8681 val=7.32042
[dump]   top1 idx=15939 val=6.26710
[dump]   top2 idx=22718 val=5.95495
[dump]   top3 idx=25278 val=5.69955
[dump]   top4 idx=20158 val=5.57386
[dump] L40.mid    n=160     finite=1 absmax=0 mean=0 sumsq=0 ids: 280 172 309 449 178 141 428 91 103 381 280 28 141 249 332 380 135 334 311 229 280 268 282 8 218 66 502 335 332 301 280 217 380 199 111 277 461 477 334 271 268 334 217 280 160 21 391 380 199 67 36 178 428 200 280 295 127 310 60 309 335 280 334 380 141 138 217 398 160 204 280 128 188 335 295 336 237 138 50 200 335 280 138 220 261 465 282 181 398 263 204 280 52 398 335 22 250 229 465 83 307 412 170 282 301 77 351 280 178 36 172 280 335 208 138 64 374 61 178 438 335 208 172 138 280 178 465 220 240 459 240 491 204 335 435 61 155 494 212 57 240 172 491 335 470 208 212 398 61 138 335 240 172 208 491 470 497 138 435 260
[dump] L40.moe    n=40960   finite=1 absmax=0.20035      mean=9.0475e-05   sumsq=38.54964631        argmax=10697
[dump]   top0 idx=10697 val=0.20035
[dump]   top1 idx=12437 val=0.19250
[dump]   top2 idx=11959 val=0.19235
[dump]   top3 idx=12555 val=0.18587
[dump]   top4 idx=10736 val=0.17680
[dump] L40.res    n=327680  finite=1 absmax=39.011       mean=0.022475     sumsq=389198.8404        argmax=170460
[dump]   top0 idx=170460 val=17.17715
[dump]   top1 idx=165667 val=16.26149
[dump]   top2 idx=169753 val=16.18132
[dump]   top3 idx=166538 val=15.61703
[dump]   top4 idx=231031 val=14.65112
[dump] L41.hcmix  n=40960   finite=1 absmax=19.261       mean=0.029988     sumsq=20918.10916        argmax=138
[dump]   top0 idx=138 val=7.26425
[dump]   top1 idx=1827 val=5.78314
[dump]   top2 idx=1500 val=5.48176
[dump]   top3 idx=1984 val=4.91852
[dump]   top4 idx=27937 val=4.35591
[dump] L41.att    n=40960   finite=1 absmax=0.6411       mean=0.00064132   sumsq=158.2970026        argmax=17242
[dump]   top0 idx=17242 val=0.64110
[dump]   top1 idx=30042 val=0.62132
[dump]   top2 idx=32602 val=0.55256
[dump]   top3 idx=22362 val=0.54618
[dump]   top4 idx=27482 val=0.52970
[dump] L41.ffnxn  n=163840  finite=1 absmax=36.88        mean=0.04854      sumsq=762839.6609        argmax=1827
[dump]   top0 idx=1827 val=22.68775
[dump]   top1 idx=36841 val=19.63240
[dump]   top2 idx=68577 val=18.93094
[dump]   top3 idx=37751 val=17.89061
[dump]   top4 idx=99620 val=17.59191
[dump] L41.fmix   n=40960   finite=1 absmax=6.8216       mean=0.037685     sumsq=49709.35369        argmax=8681
[dump]   top0 idx=8681 val=5.66632
[dump]   top1 idx=1500 val=5.42683
[dump]   top2 idx=8288 val=5.05906
[dump]   top3 idx=11929 val=4.66108
[dump]   top4 idx=25380 val=4.63271
[dump] L41.mid    n=160     finite=1 absmax=0 mean=0 sumsq=0 ids: 59 240 198 491 331 445 482 420 266 348 348 178 489 196 27 505 378 281 20 21 205 348 132 58 378 20 480 423 19 178 289 387 19 343 255 90 204 160 348 135 21 95 204 343 90 71 454 196 160 255 496 59 55 433 42 491 476 198 403 482 157 59 116 118 204 496 198 433 299 20 59 489 299 376 240 430 440 399 433 198 132 118 506 253 58 198 302 422 116 205 404 118 131 205 426 366 348 132 342 75 389 45 406 303 146 461 505 510 169 374 59 433 118 416 198 450 443 240 105 491 59 433 440 118 450 476 240 198 491 105 278 59 305 450 483 17 433 221 413 52 59 450 346 433 240 477 301 338 293 417 59 450 491 119 433 118 440 472 106 111
[dump] L41.moe    n=40960   finite=1 absmax=0.1502       mean=-0.00022464  sumsq=46.51663613        argmax=10253
[dump]   top0 idx=10253 val=0.15020
[dump]   top1 idx=30466 val=0.14197
[dump]   top2 idx=12590 val=0.13907
[dump]   top3 idx=10644 val=0.13677
[dump]   top4 idx=11879 val=0.13527
[dump] L41.res    n=327680  finite=1 absmax=36.761       mean=0.022094     sumsq=391498.441         argmax=165667
[dump]   top0 idx=165667 val=26.66051
[dump]   top1 idx=170460 val=20.37575
[dump]   top2 idx=169753 val=13.86660
[dump]   top3 idx=167332 val=13.23340
[dump]   top4 idx=177522 val=13.15483
[dump] L42.hcmix  n=40960   finite=1 absmax=12.795       mean=0.03022      sumsq=21702.02464        argmax=1984
[dump]   top0 idx=1984 val=6.09031
[dump]   top1 idx=138 val=5.71090
[dump]   top2 idx=14422 val=4.77297
[dump]   top3 idx=30042 val=4.40286
[dump]   top4 idx=3442 val=3.75374
[dump] L42.att    n=40960   finite=1 absmax=0.75965      mean=0.0010125    sumsq=138.7627133        argmax=23522
[dump]   top0 idx=23522 val=0.41248
[dump]   top1 idx=20962 val=0.38158
[dump]   top2 idx=18402 val=0.35960
[dump]   top3 idx=39393 val=0.34891
[dump]   top4 idx=10722 val=0.34594
[dump] L42.ffnxn  n=163840  finite=1 absmax=38.184       mean=0.053136     sumsq=775668.4844        argmax=1827
[dump]   top0 idx=1827 val=20.23024
[dump]   top1 idx=128951 val=17.87672
[dump]   top2 idx=108471 val=17.32840
[dump]   top3 idx=159671 val=17.26127
[dump]   top4 idx=98231 val=16.91145
[dump] L42.fmix   n=40960   finite=1 absmax=5.5757       mean=0.038799     sumsq=49158.60855        argmax=8681
[dump]   top0 idx=8681 val=5.57567
[dump]   top1 idx=29042 val=4.89979
[dump]   top2 idx=33683 val=4.88862
[dump]   top3 idx=27937 val=4.79636
[dump]   top4 idx=21424 val=4.77741
[dump] L42.mid    n=160     finite=1 absmax=0 mean=0 sumsq=0 ids: 294 151 366 248 283 322 212 393 83 432 455 78 357 466 293 3 341 279 250 276 357 455 279 302 495 276 341 37 14 231 474 42 21 455 39 141 105 51 414 108 39 59 455 357 65 276 21 92 414 377 53 506 215 507 151 14 276 348 140 231 3 110 310 53 140 231 357 276 90 5 310 110 140 354 3 455 276 53 357 90 310 341 3 191 455 283 182 110 136 140 341 391 3 269 278 110 357 452 283 191 310 3 227 151 105 110 333 455 72 283 3 337 212 140 193 231 5 310 451 151 3 310 5 140 151 121 212 193 466 411 212 321 446 3 6 509 399 7 341 310 212 310 494 7 3 509 358 399 498 83 212 3 509 498 310 399 140 83 290 6
[dump] L42.moe    n=40960   finite=1 absmax=0.23276      mean=0.0006391    sumsq=74.65872978        argmax=36682
[dump]   top0 idx=36682 val=0.23276
[dump]   top1 idx=38053 val=0.21635
[dump]   top2 idx=544 val=0.20445
[dump]   top3 idx=40613 val=0.19975
[dump]   top4 idx=37677 val=0.19463
[dump] L42.res    n=327680  finite=1 absmax=20.404       mean=0.011847     sumsq=127688.3375        argmax=170460
[dump]   top0 idx=170460 val=12.49079
[dump]   top1 idx=165667 val=11.71897
[dump]   top2 idx=322565 val=11.41420
[dump]   top3 idx=271365 val=11.35003
[dump]   top4 idx=261125 val=11.28539
[dump] L43.hcmix  n=40960   finite=1 absmax=3.8276       mean=0.0070788    sumsq=2794.309922        argmax=23922
[dump]   top0 idx=23922 val=3.82760
[dump]   top1 idx=31602 val=3.81557
[dump]   top2 idx=21362 val=3.80974
[dump]   top3 idx=29042 val=3.76500
[dump]   top4 idx=39282 val=3.57611
[dump] L43.att    n=40960   finite=1 absmax=0.53261      mean=0.0031606    sumsq=187.5698502        argmax=28888
[dump]   top0 idx=28888 val=0.50453
[dump]   top1 idx=29551 val=0.49361
[dump]   top2 idx=16751 val=0.48727
[dump]   top3 idx=30398 val=0.46598
[dump]   top4 idx=11631 val=0.44776
[dump] L43.ffnxn  n=163840  finite=1 absmax=31.39        mean=0.054675     sumsq=558539.3352        argmax=99620
[dump]   top0 idx=99620 val=19.71526
[dump]   top1 idx=98248 val=16.53646
[dump]   top2 idx=87152 val=16.50966
[dump]   top3 idx=67288 val=16.42566
[dump]   top4 idx=118488 val=16.21146
[dump] L43.fmix   n=40960   finite=1 absmax=5.6195       mean=0.036993     sumsq=36498.43921        argmax=25380
[dump]   top0 idx=25380 val=5.61955
[dump]   top1 idx=24008 val=3.96667
[dump]   top2 idx=33683 val=3.93070
[dump]   top3 idx=9856 val=3.92679
[dump]   top4 idx=29120 val=3.87730
[dump] L43.mid    n=160     finite=1 absmax=0 mean=0 sumsq=0 ids: 300 180 86 133 13 413 91 60 64 162 44 166 300 124 471 293 24 346 363 477 293 300 417 117 124 166 505 471 44 483 300 19 439 293 189 42 371 257 221 155 300 221 257 219 376 371 439 348 243 80 300 10 499 133 331 472 337 26 286 146 300 499 462 337 363 146 64 219 293 483 300 499 146 374 86 101 337 363 462 117 300 121 97 86 499 462 451 145 483 203 300 483 266 293 462 216 270 299 324 430 300 496 323 86 90 182 64 117 278 403 300 86 499 337 0 227 61 133 272 451 300 86 499 133 462 483 363 64 337 250 300 325 248 86 202 499 133 436 355 259 300 325 86 499 4 14 146 347 117 60 300 325 86 499 436 99 462 337 98 81
[dump] L43.moe    n=40960   finite=1 absmax=0.18125      mean=0.0002543    sumsq=39.6370463         argmax=28742
[dump]   top0 idx=28742 val=0.18125
[dump]   top1 idx=31302 val=0.16908
[dump]   top2 idx=29516 val=0.14949
[dump]   top3 idx=30262 val=0.13984
[dump]   top4 idx=20711 val=0.13878
[dump] L43.res    n=327680  finite=1 absmax=48.273       mean=0.036307     sumsq=581714.7927        argmax=262128
[dump]   top0 idx=262128 val=22.17467
[dump]   top1 idx=221754 val=19.80057
[dump]   top2 idx=228833 val=18.13528
[dump]   top3 idx=166538 val=18.11713
[dump]   top4 idx=176454 val=17.96451
[dump] L44.hcmix  n=40960   finite=1 absmax=23.202       mean=0.031491     sumsq=19609.98069        argmax=138
[dump]   top0 idx=138 val=8.71189
[dump]   top1 idx=1984 val=7.73523
[dump]   top2 idx=13282 val=6.97593
[dump]   top3 idx=1827 val=6.27851
[dump]   top4 idx=8162 val=6.12461
[dump] L44.att    n=40960   finite=1 absmax=4.7329       mean=0.0038265    sumsq=1146.054893        argmax=1827
[dump]   top0 idx=1827 val=3.86093
[dump]   top1 idx=9867 val=3.58932
[dump]   top2 idx=27787 val=3.44279
[dump]   top3 idx=2187 val=2.84236
[dump]   top4 idx=422 val=2.42238
[dump] L44.ffnxn  n=163840  finite=1 absmax=50.779       mean=0.066098     sumsq=580242.7676        argmax=1827
[dump]   top0 idx=1827 val=31.53434
[dump]   top1 idx=99620 val=21.60464
[dump]   top2 idx=98248 val=19.57880
[dump]   top3 idx=88825 val=17.83002
[dump]   top4 idx=118394 val=16.93817
[dump] L44.fmix   n=40960   finite=1 absmax=7.4876       mean=0.050653     sumsq=51121.52125        argmax=26903
[dump]   top0 idx=26903 val=6.11704
[dump]   top1 idx=25380 val=5.87272
[dump]   top2 idx=31821 val=5.58934
[dump]   top3 idx=1500 val=5.43777
[dump]   top4 idx=40033 val=5.18161
[dump] L44.mid    n=160     finite=1 absmax=0 mean=0 sumsq=0 ids: 56 433 263 174 405 338 51 209 277 142 505 1 472 303 402 426 39 290 441 358 39 24 285 505 472 396 287 314 441 135 24 339 27 260 117 311 422 182 417 308 117 260 24 303 133 258 466 328 308 119 174 296 248 395 169 361 59 338 433 56 117 24 87 59 260 418 174 472 303 256 87 338 81 248 395 441 59 209 37 174 283 87 287 447 135 59 501 490 21 39 472 287 447 401 190 501 45 303 39 371 416 102 24 377 87 490 56 61 338 418 87 338 433 61 207 248 24 284 209 119 87 433 338 24 248 61 207 490 284 56 437 87 61 150 340 433 207 303 248 424 61 35 424 96 150 207 87 119 209 264 87 61 119 207 174 150 209 187 248 424
[dump] L44.moe    n=40960   finite=1 absmax=0.27576      mean=-3.0806e-06  sumsq=43.76730371        argmax=17101
[dump]   top0 idx=17101 val=0.15717
[dump]   top1 idx=26838 val=0.15456
[dump]   top2 idx=14141 val=0.15442
[dump]   top3 idx=16747 val=0.14644
[dump]   top4 idx=39034 val=0.14560
[dump] L44.res    n=327680  finite=1 absmax=36.824       mean=0.029576     sumsq=401589.5432        argmax=165667
[dump]   top0 idx=165667 val=25.62528
[dump]   top1 idx=165576 val=21.69561
[dump]   top2 idx=210551 val=18.81189
[dump]   top3 idx=163978 val=18.80955
[dump]   top4 idx=190071 val=17.55316
[dump] L45.hcmix  n=40960   finite=1 absmax=11.558       mean=0.032175     sumsq=19607.84469        argmax=138
[dump]   top0 idx=138 val=9.36231
[dump]   top1 idx=1736 val=5.60868
[dump]   top2 idx=1500 val=4.69530
[dump]   top3 idx=18802 val=4.14463
[dump]   top4 idx=11122 val=4.03538
[dump] L45.att    n=40960   finite=1 absmax=2.4907       mean=0.0057756    sumsq=2654.027813        argmax=30042
[dump]   top0 idx=30042 val=2.18728
[dump]   top1 idx=17170 val=2.16678
[dump]   top2 idx=19730 val=2.05326
[dump]   top3 idx=1810 val=1.94036
[dump]   top4 idx=40210 val=1.91518
[dump] L45.ffnxn  n=163840  finite=1 absmax=38.101       mean=0.064073     sumsq=583853.7557        argmax=1827
[dump]   top0 idx=1827 val=24.09380
[dump]   top1 idx=99620 val=22.83049
[dump]   top2 idx=118394 val=22.73972
[dump]   top3 idx=108154 val=22.18977
[dump]   top4 idx=98288 val=21.90934
[dump] L45.fmix   n=40960   finite=1 absmax=8.7873       mean=0.050344     sumsq=53847.26571        argmax=31821
[dump]   top0 idx=31821 val=5.97578
[dump]   top1 idx=1500 val=5.89620
[dump]   top2 idx=25380 val=5.75774
[dump]   top3 idx=6915 val=5.67341
[dump]   top4 idx=28794 val=5.48417
[dump] L45.mid    n=160     finite=1 absmax=0 mean=0 sumsq=0 ids: 237 48 475 227 22 51 303 406 215 442 237 149 222 455 269 391 223 488 231 429 316 222 237 7 391 488 231 505 87 229 237 292 274 123 371 391 263 176 332 153 263 176 68 323 391 214 492 505 237 307 198 237 152 484 169 270 22 442 51 186 237 229 51 263 235 176 391 75 231 505 237 303 51 391 152 75 22 171 283 186 237 79 29 185 229 142 51 156 219 0 131 222 156 219 185 142 338 62 385 99 237 108 303 335 51 443 127 102 22 511 237 303 443 51 87 229 235 442 22 497 237 51 229 127 443 442 22 303 75 54 443 237 277 116 393 177 303 75 51 326 443 237 389 303 393 431 486 177 257 277 443 237 51 486 393 75 431 303 218 328
[dump] L45.moe    n=40960   finite=1 absmax=0.23203      mean=-0.00057686  sumsq=63.12724895        argmax=29111
[dump]   top0 idx=29111 val=0.20560
[dump]   top1 idx=26468 val=0.19235
[dump]   top2 idx=24263 val=0.17689
[dump]   top3 idx=28159 val=0.17492
[dump]   top4 idx=27256 val=0.17486
[dump] L45.res    n=327680  finite=1 absmax=40.978       mean=0.027451     sumsq=432552.397         argmax=165667
[dump]   top0 idx=165667 val=40.97797
[dump]   top1 idx=167332 val=30.73577
[dump]   top2 idx=229650 val=26.31428
[dump]   top3 idx=168210 val=25.21446
[dump]   top4 idx=239890 val=23.62203
[dump] L46.hcmix  n=40960   finite=1 absmax=9.1377       mean=0.033424     sumsq=27336.83664        argmax=932
[dump]   top0 idx=932 val=9.13772
[dump]   top1 idx=138 val=7.78229
[dump]   top2 idx=17170 val=6.90427
[dump]   top3 idx=1810 val=6.81794
[dump]   top4 idx=30042 val=6.69006
[dump] L46.att    n=40960   finite=1 absmax=5.6213       mean=0.0036319    sumsq=3750.242757        argmax=18554
[dump]   top0 idx=18554 val=5.59210
[dump]   top1 idx=12427 val=4.37412
[dump]   top2 idx=21114 val=4.28661
[dump]   top3 idx=26234 val=4.12816
[dump]   top4 idx=15994 val=3.80650
[dump] L46.ffnxn  n=163840  finite=1 absmax=28.917       mean=0.047728     sumsq=505867.8404        argmax=1827
[dump]   top0 idx=1827 val=21.61482
[dump]   top1 idx=108154 val=19.80591
[dump]   top2 idx=67194 val=18.45974
[dump]   top3 idx=77434 val=18.16848
[dump]   top4 idx=117790 val=16.87215
[dump] L46.fmix   n=40960   finite=1 absmax=8.7597       mean=0.04094      sumsq=54352.02105        argmax=26234
[dump]   top0 idx=26234 val=6.76083
[dump]   top1 idx=30042 val=6.57002
[dump]   top2 idx=5051 val=5.63623
[dump]   top3 idx=18554 val=5.54931
[dump]   top4 idx=28794 val=5.46407
[dump] L46.mid    n=160     finite=1 absmax=0 mean=0 sumsq=0 ids: 25 338 230 297 348 77 31 60 477 239 25 68 384 38 426 227 333 0 247 138 25 38 227 510 246 257 296 343 31 54 25 427 60 508 459 343 301 397 205 147 25 459 3 164 427 318 276 397 296 205 81 25 341 383 230 348 136 283 246 284 25 81 56 230 459 281 14 343 296 348 25 56 60 81 167 163 230 437 458 510 25 56 81 227 294 491 54 269 348 119 25 337 231 119 56 123 269 491 438 191 25 56 60 63 377 491 456 497 257 215 25 56 60 348 230 419 343 497 81 6 25 56 348 60 343 81 67 389 215 297 25 98 474 56 60 497 264 430 491 297 25 298 56 494 463 180 81 16 60 275 25 56 60 343 348 81 500 296 497 67
[dump] L46.moe    n=40960   finite=1 absmax=0.31377      mean=-0.00022712  sumsq=105.918088         argmax=26551
[dump]   top0 idx=26551 val=0.31377
[dump]   top1 idx=16387 val=0.27719
[dump]   top2 idx=1027 val=0.26484
[dump]   top3 idx=7257 val=0.25901
[dump]   top4 idx=17550 val=0.24547
[dump] L46.res    n=327680  finite=1 absmax=28.533       mean=0.020827     sumsq=255584.6037        argmax=165667
[dump]   top0 idx=165667 val=25.28975
[dump]   top1 idx=163978 val=16.15971
[dump]   top2 idx=196747 val=16.01901
[dump]   top3 idx=176454 val=14.05961
[dump]   top4 idx=268427 val=13.37294
[dump] L47.hcmix  n=40960   finite=1 absmax=8.1964       mean=0.014737     sumsq=11406.66346        argmax=1827
[dump]   top0 idx=1827 val=6.32243
[dump]   top1 idx=138 val=4.04075
[dump]   top2 idx=30042 val=3.66072
[dump]   top3 idx=18402 val=3.17292
[dump]   top4 idx=13992 val=3.03623
[dump] L47.att    n=40960   finite=1 absmax=2.9395       mean=-0.0035887   sumsq=971.7432224        argmax=2314
[dump]   top0 idx=2314 val=2.93949
[dump]   top1 idx=722 val=1.89925
[dump]   top2 idx=579 val=1.44006
[dump]   top3 idx=1027 val=1.42590
[dump]   top4 idx=1202 val=1.35057
[dump] L47.ffnxn  n=10240   finite=1 absmax=11.264       mean=0.0083699    sumsq=23674.01993        argmax=5150
[dump]   top0 idx=5150 val=9.64269
[dump]   top1 idx=1882 val=9.36091
[dump]   top2 idx=4370 val=8.81342
[dump]   top3 idx=5258 val=7.97998
[dump]   top4 idx=6915 val=7.73414
[dump] L47.fmix   n=2560    finite=1 absmax=6.0506       mean=0.0075611    sumsq=3313.845006        argmax=122
[dump]   top0 idx=122 val=4.92662
[dump]   top1 idx=1795 val=4.76880
[dump]   top2 idx=1429 val=4.43801
[dump]   top3 idx=1101 val=3.70161
[dump]   top4 idx=2396 val=3.58656
[dump] L47.mid    n=10      finite=1 absmax=0 mean=0 sumsq=0 ids: 352 186 95 417 422 444 179 103 70 340
[dump] L47.moe    n=2560    finite=1 absmax=0.60828      mean=-0.00095706  sumsq=19.5115738         argmax=951
[dump]   top0 idx=951 val=0.58147
[dump]   top1 idx=617 val=0.44760
[dump]   top2 idx=2213 val=0.41423
[dump]   top3 idx=192 val=0.38536
[dump]   top4 idx=92 val=0.33664
[dump] L47.res    n=20480   finite=1 absmax=67.459       mean=-0.011827    sumsq=171201.8724        argmax=20133
[dump]   top0 idx=20133 val=32.25233
[dump]   top1 idx=15242 val=31.05953
[dump]   top2 idx=15762 val=25.42074
[dump]   top3 idx=17573 val=23.38038
[dump]   top4 idx=15013 val=23.23442
[dump] L00.hcmix  n=40960   finite=1 absmax=11.76        mean=0.030367     sumsq=31742.15024        argmax=37477
[dump]   top0 idx=37477 val=8.54350
[dump]   top1 idx=28717 val=7.80254
[dump]   top2 idx=37232 val=7.59833
[dump]   top3 idx=40037 val=7.40860
[dump]   top4 idx=38321 val=7.01997
[dump] L00.att    n=40960   finite=1 absmax=1.0866       mean=0.00022953   sumsq=449.7347614        argmax=2565
[dump]   top0 idx=2565 val=1.08664
[dump]   top1 idx=5 val=1.00970
[dump]   top2 idx=12805 val=0.94685
[dump]   top3 idx=5125 val=0.92478
[dump]   top4 idx=7685 val=0.91633
[dump] L00.ffnxn  n=163840  finite=1 absmax=21.219       mean=0.018896     sumsq=225119.6561        argmax=5877
[dump]   top0 idx=5877 val=21.21895
[dump]   top1 idx=6443 val=13.56322
[dump]   top2 idx=5125 val=12.85366
[dump]   top3 idx=107525 val=12.68122
[dump]   top4 idx=35845 val=12.46652
[dump] L00.fmix   n=40960   finite=1 absmax=2.7863       mean=0.0034925    sumsq=7318.77945         argmax=231
[dump]   top0 idx=231 val=2.36255
[dump]   top1 idx=268 val=2.32700
[dump]   top2 idx=22265 val=2.27917
[dump]   top3 idx=34347 val=2.24170
[dump]   top4 idx=37661 val=2.07894
[dump] L00.mid    n=160     finite=1 absmax=0 mean=0 sumsq=0 ids: 215 372 109 371 90 453 220 28 396 205 459 95 348 432 352 403 394 327 237 43 24 164 270 350 368 418 54 317 459 501 173 15 386 492 253 68 503 291 37 222 479 10 175 322 501 66 376 64 7 350 128 465 108 496 494 206 442 74 504 94 118 481 174 89 253 2 113 197 147 138 232 99 39 291 132 187 346 24 53 27 468 174 367 377 15 500 505 339 399 37 138 147 367 174 15 37 432 119 500 399 226 9 270 425 290 176 247 136 102 198 507 30 462 226 24 221 8 368 54 441 49 221 73 129 11 113 382 117 106 237 226 40 490 146 344 488 483 122 374 397 56 226 288 135 201 96 124 405 34 310 226 487 469 490 146 51 355 365 344 284
[dump] L00.moe    n=40960   finite=1 absmax=0.35476      mean=0.00043193   sumsq=37.30712243        argmax=1682
[dump]   top0 idx=1682 val=0.35476
[dump]   top1 idx=579 val=0.29842
[dump]   top2 idx=5 val=0.28178
[dump]   top3 idx=1500 val=0.27366
[dump]   top4 idx=23768 val=0.24801
[dump] L00.res    n=163840  finite=1 absmax=0.37763      mean=0.00038182   sumsq=75.25109152        argmax=46085
[dump]   top0 idx=46085 val=0.37763
[dump]   top1 idx=15365 val=0.32708
[dump]   top2 idx=76805 val=0.32478
[dump]   top3 idx=56325 val=0.31184
[dump]   top4 idx=138245 val=0.29906
[dump] ple.inp    n=40960   finite=1 absmax=0.038727     mean=-1.1161e-05  sumsq=2.525345585        argmax=250
[dump]   top0 idx=250 val=0.03855
[dump]   top1 idx=543 val=0.03649
[dump]   top2 idx=794 val=0.03546
[dump]   top3 idx=1160 val=0.03449
[dump]   top4 idx=857 val=0.03440
[dump] ple.key    n=163840  finite=1 absmax=0.72359      mean=-0.0012855   sumsq=37.39464165        argmax=943
[dump]   top0 idx=943 val=0.53538
[dump]   top1 idx=123823 val=0.50420
[dump]   top2 idx=82863 val=0.48718
[dump]   top3 idx=93103 val=0.47806
[dump]   top4 idx=154543 val=0.47264
[dump] ple.value  n=40960   finite=1 absmax=0.11369      mean=0.0002195    sumsq=1.845222143        argmax=531
[dump]   top0 idx=531 val=0.04776
[dump]   top1 idx=30988 val=0.04743
[dump]   top2 idx=23308 val=0.04530
[dump]   top3 idx=7948 val=0.04230
[dump]   top4 idx=33548 val=0.04092
[dump] ple.knorm  n=163840  finite=1 absmax=88.997       mean=-0.0672      sumsq=281658.2281        argmax=69008
[dump]   top0 idx=69008 val=37.15705
[dump]   top1 idx=99728 val=36.81419
[dump]   top2 idx=130448 val=36.51701
[dump]   top3 idx=140688 val=35.38744
[dump]   top4 idx=28048 val=34.05914
[dump] ple.qnorm  n=163840  finite=1 absmax=12.228       mean=0.030229     sumsq=131220.8053        argmax=8408
[dump]   top0 idx=8408 val=12.22786
[dump]   top1 idx=728 val=11.12189
[dump]   top2 idx=3288 val=10.67556
[dump]   top3 idx=2828 val=10.65214
[dump]   top4 idx=99845 val=7.97208
[dump] ple.gate   n=64      finite=1 absmax=0.91687      mean=0.20432      sumsq=7.193229372        argmax=29
[dump] ple.gated  n=163840  finite=1 absmax=0.091692     mean=4.2617e-05   sumsq=0.8758195389       argmax=94988
[dump]   top0 idx=94988 val=0.04077
[dump]   top1 idx=5651 val=0.04076
[dump]   top2 idx=84748 val=0.03381
[dump]   top3 idx=74508 val=0.03322
[dump]   top4 idx=6321 val=0.03153
[dump] ple.conv   n=163840  finite=1 absmax=0.28627      mean=0.00047437   sumsq=55.6633655         argmax=55277
[dump]   top0 idx=55277 val=0.28627
[dump]   top1 idx=157538 val=0.24202
[dump]   top2 idx=95132 val=0.23653
[dump]   top3 idx=85139 val=0.23485
[dump]   top4 idx=64156 val=0.22734
[dump] ple.out    n=163840  finite=1 absmax=0.44815      mean=0.00089882   sumsq=138.1776549        argmax=46085
[dump]   top0 idx=46085 val=0.37763
[dump]   top1 idx=15365 val=0.32706
[dump]   top2 idx=76805 val=0.32470
[dump]   top3 idx=56325 val=0.31175
[dump]   top4 idx=138245 val=0.29943
[dump] L01.ple    n=163840  finite=1 absmax=0.44815      mean=0.00089882   sumsq=138.1776549        argmax=46085
[dump]   top0 idx=46085 val=0.37763
[dump]   top1 idx=15365 val=0.32706
[dump]   top2 idx=76805 val=0.32470
[dump]   top3 idx=56325 val=0.31175
[dump]   top4 idx=138245 val=0.29943
[dump] L01.hcmix  n=40960   finite=1 absmax=3.5828       mean=0.01128      sumsq=8006.503199        argmax=7685
[dump]   top0 idx=7685 val=3.58278
[dump]   top1 idx=2565 val=3.39217
[dump]   top2 idx=17925 val=3.19455
[dump]   top3 idx=23045 val=3.18298
[dump]   top4 idx=10245 val=3.12179
[dump] L01.att    n=40960   finite=1 absmax=1.309        mean=-0.0039659   sumsq=774.8562834        argmax=14273
[dump]   top0 idx=14273 val=1.30900
[dump]   top1 idx=11713 val=1.15927
[dump]   top2 idx=6593 val=1.15191
[dump]   top3 idx=28491 val=1.12951
[dump]   top4 idx=5451 val=1.11806
[dump] L01.ffnxn  n=163840  finite=1 absmax=31.641       mean=0.013225     sumsq=213773.1415        argmax=25376
[dump]   top0 idx=25376 val=12.57476
[dump]   top1 idx=149176 val=12.14674
[dump]   top2 idx=135820 val=11.30643
[dump]   top3 idx=78187 val=11.25482
[dump]   top4 idx=129387 val=10.89132
[dump] L01.fmix   n=40960   finite=1 absmax=3.3254       mean=0.00018787   sumsq=6641.800807        argmax=4046
[dump]   top0 idx=4046 val=3.32542
[dump]   top1 idx=33285 val=2.60666
[dump]   top2 idx=25605 val=2.55110
[dump]   top3 idx=17925 val=2.52035
[dump]   top4 idx=35845 val=2.36411
[dump] L01.mid    n=160     finite=1 absmax=0 mean=0 sumsq=0 ids: 19 320 157 131 165 225 345 205 446 186 131 10 128 348 486 500 103 19 303 196 168 210 381 441 458 81 289 207 27 445 86 91 500 341 19 447 67 41 425 348 326 429 499 441 458 233 319 296 313 81 282 5 382 500 101 443 349 177 307 425 151 54 253 473 41 282 425 117 139 140 372 103 431 64 1 196 409 348 345 286 496 21 372 371 431 500 409 314 44 1 496 122 44 371 20 163 41 169 54 78 149 377 496 98 500 81 86 289 425 507 81 168 458 54 139 507 377 169 121 98 500 118 377 81 323 54 289 425 98 131 500 140 149 127 205 67 249 412 289 425 149 500 205 280 19 26 265 87 306 412 330 385 285 323 459 311 495 450 369 22
[dump] L01.moe    n=40960   finite=1 absmax=0.22226      mean=0.00012883   sumsq=2.859981689        argmax=1832
[dump]   top0 idx=1832 val=0.06782
[dump]   top1 idx=2010 val=0.05540
[dump]   top2 idx=1531 val=0.05507
[dump]   top3 idx=855 val=0.05451
[dump]   top4 idx=26455 val=0.05410
[dump] L01.res    n=327680  finite=1 absmax=30.067       mean=0.012318     sumsq=251639.3119        argmax=182615
[dump]   top0 idx=182615 val=16.86781
[dump]   top1 idx=271365 val=15.43888
[dump]   top2 idx=209925 val=15.36530
[dump]   top3 idx=240645 val=15.32231
[dump]   top4 idx=168965 val=15.19514
[dump] L02.hcmix  n=40960   finite=1 absmax=10.696       mean=0.010413     sumsq=12275.60743        argmax=10245
[dump]   top0 idx=10245 val=4.40305
[dump]   top1 idx=3415 val=4.22272
[dump]   top2 idx=25605 val=4.20525
[dump]   top3 idx=17925 val=4.19925
[dump]   top4 idx=15365 val=4.19056
[dump] L02.att    n=40960   finite=1 absmax=3.0882       mean=0.0049858    sumsq=524.4505205        argmax=2010
[dump]   top0 idx=2010 val=1.25582
[dump]   top1 idx=403 val=0.80978
[dump]   top2 idx=2293 val=0.75753
[dump]   top3 idx=348 val=0.70048
[dump]   top4 idx=913 val=0.68048
[dump] L02.ffnxn  n=163840  finite=1 absmax=36.466       mean=0.03884      sumsq=264543.4389        argmax=68577
[dump]   top0 idx=68577 val=14.03597
[dump]   top1 idx=149176 val=13.86616
[dump]   top2 idx=46776 val=12.29647
[dump]   top3 idx=25376 val=11.52691
[dump]   top4 idx=55277 val=11.03638
[dump] L02.fmix   n=40960   finite=1 absmax=5.2914       mean=0.010458     sumsq=6600.393363        argmax=12655
[dump]   top0 idx=12655 val=2.07445
[dump]   top1 idx=24008 val=1.87715
[dump]   top2 idx=15072 val=1.85464
[dump]   top3 idx=7392 val=1.82036
[dump]   top4 idx=4046 val=1.78313
[dump] L02.mid    n=160     finite=1 absmax=0 mean=0 sumsq=0 ids: 75 12 209 68 137 403 257 272 87 255 75 42 169 139 22 479 356 192 61 376 75 141 42 169 13 61 355 356 430 102 75 259 427 32 440 61 466 371 12 356 410 433 355 124 252 407 75 133 76 341 32 103 123 75 9 22 285 259 426 69 70 124 75 165 402 355 133 191 356 52 22 75 69 170 145 35 430 61 356 180 230 22 75 480 260 356 102 285 61 506 75 230 22 356 152 61 285 260 431 480 75 61 185 431 459 482 385 22 52 319 430 75 385 52 421 13 316 88 388 275 75 70 385 72 503 205 376 382 16 133 75 275 187 61 32 13 272 12 420 31 75 507 399 225 129 275 272 161 495 61 265 397 309 352 167 275 406 165 75 173
[dump] L02.moe    n=40960   finite=1 absmax=0.10461      mean=0.00031603   sumsq=3.199852293        argmax=23308
[dump]   top0 idx=23308 val=0.10461
[dump]   top1 idx=20748 val=0.09189
[dump]   top2 idx=3288 val=0.09056
[dump]   top3 idx=5388 val=0.08286
[dump]   top4 idx=951 val=0.08256
[dump] L02.res    n=327680  finite=1 absmax=22.688       mean=0.014559     sumsq=123509.6405        argmax=168965
[dump]   top0 idx=168965 val=18.07111
[dump]   top1 idx=240645 val=17.12523
[dump]   top2 idx=271365 val=17.01322
[dump]   top3 idx=230405 val=16.57428
[dump]   top4 idx=209925 val=16.43214
[dump] L03.hcmix  n=40960   finite=1 absmax=6.2113       mean=0.014091     sumsq=4463.820074        argmax=5908
[dump]   top0 idx=5908 val=4.58499
[dump]   top1 idx=16148 val=4.44622
[dump]   top2 idx=13588 val=4.39623
[dump]   top3 idx=25605 val=4.24316
[dump]   top4 idx=10245 val=4.22451
[dump] L03.att    n=40960   finite=1 absmax=0.91906      mean=-0.0026528   sumsq=293.2921947        argmax=522
[dump]   top0 idx=522 val=0.77064
[dump]   top1 idx=1832 val=0.64989
[dump]   top2 idx=667 val=0.56205
[dump]   top3 idx=983 val=0.55267
[dump]   top4 idx=1578 val=0.55263
[dump] L03.ffnxn  n=163840  finite=1 absmax=37.96        mean=0.036532     sumsq=304121.8873        argmax=98008
[dump]   top0 idx=98008 val=22.97721
[dump]   top1 idx=108248 val=22.11048
[dump]   top2 idx=159448 val=22.08710
[dump]   top3 idx=67288 val=21.92332
[dump]   top4 idx=128728 val=21.35210
[dump] L03.fmix   n=40960   finite=1 absmax=3.3536       mean=0.016425     sumsq=12570.35719        argmax=4046
[dump]   top0 idx=4046 val=3.19385
[dump]   top1 idx=10968 val=3.14993
[dump]   top2 idx=33997 val=2.98993
[dump]   top3 idx=3288 val=2.91259
[dump]   top4 idx=8408 val=2.67237
[dump] L03.mid    n=160     finite=1 absmax=0 mean=0 sumsq=0 ids: 243 143 190 405 470 223 205 253 371 231 476 47 405 231 228 343 441 473 243 277 343 112 47 71 146 21 405 486 231 470 231 190 441 228 418 146 470 504 101 484 146 299 419 406 451 254 484 169 228 27 441 443 418 190 156 494 231 347 228 149 296 146 396 193 189 21 307 467 419 77 17 296 193 189 32 231 190 485 295 200 365 190 396 296 295 271 200 307 509 449 189 296 190 307 101 149 365 295 480 418 74 418 231 190 104 365 228 257 449 152 74 71 257 81 112 190 91 365 262 101 74 257 190 277 365 101 146 224 83 343 441 504 194 315 190 101 231 206 318 418 364 315 86 185 104 101 194 441 31 184 467 396 101 218 472 271 441 365 102 104
[dump] L03.moe    n=40960   finite=1 absmax=0.054375     mean=6.2612e-05   sumsq=3.684827863        argmax=22718
[dump]   top0 idx=22718 val=0.04621
[dump]   top1 idx=29614 val=0.04612
[dump]   top2 idx=28855 val=0.04411
[dump]   top3 idx=11687 val=0.03960
[dump]   top4 idx=29681 val=0.03944
[dump] L03.res    n=327680  finite=1 absmax=31.206       mean=0.01912      sumsq=259534.1606        argmax=168965
[dump]   top0 idx=168965 val=19.37314
[dump]   top1 idx=240645 val=18.32444
[dump]   top2 idx=271365 val=18.19684
[dump]   top3 idx=230405 val=17.79812
[dump]   top4 idx=209925 val=17.58557
[dump] L04.hcmix  n=40960   finite=1 absmax=8.561        mean=0.020308     sumsq=13129.42019        argmax=25605
[dump]   top0 idx=25605 val=5.11167
[dump]   top1 idx=15365 val=5.00687
[dump]   top2 idx=5 val=4.83528
[dump]   top3 idx=17925 val=4.83196
[dump]   top4 idx=10245 val=4.82246
[dump] L04.att    n=40960   finite=1 absmax=0.64974      mean=-0.0014987   sumsq=208.251436         argmax=29813
[dump]   top0 idx=29813 val=0.64974
[dump]   top1 idx=9333 val=0.50615
[dump]   top2 idx=32373 val=0.50032
[dump]   top3 idx=34933 val=0.47653
[dump]   top4 idx=10871 val=0.46011
[dump] L04.ffnxn  n=163840  finite=1 absmax=36.4         mean=0.034338     sumsq=333468.4477        argmax=98008
[dump]   top0 idx=98008 val=19.39441
[dump]   top1 idx=108248 val=18.72890
[dump]   top2 idx=159448 val=18.65743
[dump]   top3 idx=67288 val=18.45410
[dump]   top4 idx=118488 val=18.21335
[dump] L04.fmix   n=40960   finite=1 absmax=3.2754       mean=0.014737     sumsq=14263.84377        argmax=4046
[dump]   top0 idx=4046 val=3.27540
[dump]   top1 idx=22230 val=2.97794
[dump]   top2 idx=22265 val=2.86999
[dump]   top3 idx=22766 val=2.74879
[dump]   top4 idx=22718 val=2.73696
[dump] L04.mid    n=160     finite=1 absmax=0 mean=0 sumsq=0 ids: 3 309 119 392 252 307 486 106 41 453 309 385 274 453 402 410 252 277 123 62 309 505 385 41 293 479 414 251 299 36 309 410 421 414 252 204 496 500 453 454 204 36 309 378 414 333 72 366 159 379 153 41 274 410 207 491 259 204 106 36 455 479 36 16 303 321 413 204 174 91 41 21 309 134 282 453 410 106 312 500 504 21 177 134 41 282 351 150 221 309 256 309 504 491 221 293 500 21 436 453 453 293 436 309 410 299 500 375 445 69 425 309 204 252 36 483 476 41 12 504 500 309 150 345 282 136 453 410 323 174 106 309 274 453 41 410 186 252 259 496 395 468 391 309 306 192 274 324 106 89 177 309 186 172 244 467 80 89 100 193
[dump] L04.moe    n=40960   finite=1 absmax=0.094732     mean=0.00010828   sumsq=7.229381956        argmax=13437
[dump]   top0 idx=13437 val=0.09012
[dump]   top1 idx=14936 val=0.08976
[dump]   top2 idx=13941 val=0.08629
[dump]   top3 idx=13197 val=0.08157
[dump]   top4 idx=14939 val=0.07675
[dump] L04.res    n=327680  finite=1 absmax=34.596       mean=0.013451     sumsq=251657.4249        argmax=285813
[dump]   top0 idx=285813 val=34.59645
[dump]   top1 idx=296053 val=24.03661
[dump]   top2 idx=203893 val=22.09234
[dump]   top3 idx=306293 val=21.37680
[dump]   top4 idx=255093 val=19.74739
[dump] L05.hcmix  n=40960   finite=1 absmax=12.036       mean=0.01244      sumsq=12784.62904        argmax=29813
[dump]   top0 idx=29813 val=9.52623
[dump]   top1 idx=34933 val=5.68193
[dump]   top2 idx=1653 val=5.35198
[dump]   top3 idx=14453 val=4.31966
[dump]   top4 idx=1500 val=4.24022
[dump] L05.att    n=40960   finite=1 absmax=7.0958       mean=-0.0013881   sumsq=328.5413494        argmax=1500
[dump]   top0 idx=1500 val=1.98728
[dump]   top1 idx=788 val=0.90195
[dump]   top2 idx=5751 val=0.78616
[dump]   top3 idx=2121 val=0.78230
[dump]   top4 idx=1787 val=0.69985
[dump] L05.ffnxn  n=163840  finite=1 absmax=32.495       mean=0.034899     sumsq=325083.3465        argmax=88624
[dump]   top0 idx=88624 val=11.75382
[dump]   top1 idx=9180 val=11.73735
[dump]   top2 idx=95132 val=11.25216
[dump]   top3 idx=55277 val=10.55033
[dump]   top4 idx=49641 val=10.47754
[dump] L05.fmix   n=40960   finite=1 absmax=2.656        mean=0.0089932    sumsq=10627.25495        argmax=10596
[dump]   top0 idx=10596 val=2.65596
[dump]   top1 idx=1009 val=2.55169
[dump]   top2 idx=11241 val=2.52387
[dump]   top3 idx=21685 val=2.45775
[dump]   top4 idx=37045 val=2.42469
[dump] L05.mid    n=160     finite=1 absmax=0 mean=0 sumsq=0 ids: 392 42 56 353 386 291 236 175 228 98 104 505 439 274 216 268 81 220 402 420 497 269 400 136 126 274 347 380 130 422 395 140 118 216 169 236 417 400 200 224 497 200 269 227 365 77 323 440 338 400 310 142 228 468 140 1 236 124 98 436 269 418 36 210 360 400 18 67 77 38 314 291 102 390 239 124 364 2 224 14 390 452 280 102 449 291 191 120 140 169 140 452 291 169 102 420 328 390 344 38 328 192 177 344 505 418 429 302 314 291 291 314 38 177 344 269 136 216 440 239 104 38 291 216 177 344 402 418 134 395 288 140 104 236 446 344 14 142 326 291 53 344 116 133 298 288 2 177 291 114 418 17 18 177 344 404 269 61 451 453
[dump] L05.moe    n=40960   finite=1 absmax=0.093127     mean=0.00058679   sumsq=3.785582313        argmax=3139
[dump]   top0 idx=3139 val=0.04769
[dump]   top1 idx=7573 val=0.04478
[dump]   top2 idx=34165 val=0.04476
[dump]   top3 idx=524 val=0.04385
[dump]   top4 idx=24581 val=0.04328
[dump] L05.res    n=327680  finite=1 absmax=55.537       mean=0.01686      sumsq=213722.7335        argmax=168965
[dump]   top0 idx=168965 val=18.62374
[dump]   top1 idx=240645 val=17.36633
[dump]   top2 idx=271365 val=17.36467
[dump]   top3 idx=230405 val=17.07180
[dump]   top4 idx=209925 val=16.64771
[dump] L06.hcmix  n=40960   finite=1 absmax=18.795       mean=0.014758     sumsq=11126.67494        argmax=1500
[dump]   top0 idx=1500 val=8.34621
[dump]   top1 idx=5 val=4.89325
[dump]   top2 idx=25605 val=4.81863
[dump]   top3 idx=15365 val=4.74682
[dump]   top4 idx=17925 val=4.65973
[dump] L06.att    n=40960   finite=1 absmax=1.5834       mean=-0.0023815   sumsq=1053.775087        argmax=3042
[dump]   top0 idx=3042 val=1.58338
[dump]   top1 idx=5602 val=1.46255
[dump]   top2 idx=8162 val=1.32096
[dump]   top3 idx=10722 val=1.31198
[dump]   top4 idx=8631 val=1.30303
[dump] L06.ffnxn  n=163840  finite=1 absmax=26.995       mean=0.031707     sumsq=303231.085         argmax=68577
[dump]   top0 idx=68577 val=14.67576
[dump]   top1 idx=120951 val=12.44871
[dump]   top2 idx=88825 val=12.32475
[dump]   top3 idx=149176 val=12.27704
[dump]   top4 idx=28791 val=12.20630
[dump] L06.fmix   n=40960   finite=1 absmax=3.5119       mean=0.016115     sumsq=13938.0348         argmax=11241
[dump]   top0 idx=11241 val=3.12067
[dump]   top1 idx=11585 val=2.62844
[dump]   top2 idx=17377 val=2.61947
[dump]   top3 idx=35985 val=2.60179
[dump]   top4 idx=10936 val=2.57321
[dump] L06.mid    n=160     finite=1 absmax=0 mean=0 sumsq=0 ids: 223 33 283 394 379 40 439 159 256 152 394 40 67 439 94 474 409 329 346 172 89 71 380 244 367 206 55 43 202 387 197 244 352 398 59 267 43 433 305 149 278 212 486 503 89 423 197 82 300 45 97 152 67 191 227 144 295 91 398 503 502 348 323 314 273 107 315 312 450 2 295 408 172 496 227 304 503 184 333 461 295 210 290 77 209 387 411 464 54 191 295 503 299 39 77 431 95 411 290 282 95 282 245 477 475 163 71 431 485 141 69 440 245 477 91 295 467 89 107 256 413 492 123 270 75 503 40 486 261 494 152 326 127 159 375 123 278 69 133 390 63 307 275 488 173 157 352 78 130 356 212 341 353 85 278 337 486 275 300 393
[dump] L06.moe    n=40960   finite=1 absmax=0.081951     mean=0.00012791   sumsq=7.048950537        argmax=33173
[dump]   top0 idx=33173 val=0.08195
[dump]   top1 idx=39402 val=0.06591
[dump]   top2 idx=7546 val=0.06476
[dump]   top3 idx=39934 val=0.06454
[dump]   top4 idx=39261 val=0.06341
[dump] L06.res    n=327680  finite=1 absmax=57.698       mean=0.0093633    sumsq=125868.7724        argmax=168965
[dump]   top0 idx=168965 val=16.68696
[dump]   top1 idx=271365 val=15.52593
[dump]   top2 idx=240645 val=15.49334
[dump]   top3 idx=230405 val=15.15838
[dump]   top4 idx=209925 val=14.83909
[dump] L07.hcmix  n=40960   finite=1 absmax=15.225       mean=0.0080512    sumsq=5497.954109        argmax=17925
[dump]   top0 idx=17925 val=4.19636
[dump]   top1 idx=15365 val=4.15791
[dump]   top2 idx=25605 val=4.11360
[dump]   top3 idx=10245 val=4.02416
[dump]   top4 idx=12805 val=3.99522
[dump] L07.att    n=40960   finite=1 absmax=2.4507       mean=0.0017421    sumsq=708.3579557        argmax=951
[dump]   top0 idx=951 val=2.45072
[dump]   top1 idx=1736 val=1.79691
[dump]   top2 idx=1134 val=1.68544
[dump]   top3 idx=1795 val=1.61694
[dump]   top4 idx=47 val=1.38509
[dump] L07.ffnxn  n=163840  finite=1 absmax=41.591       mean=0.031009     sumsq=213932.2475        argmax=9180
[dump]   top0 idx=9180 val=10.42906
[dump]   top1 idx=97698 val=10.23304
[dump]   top2 idx=98008 val=10.03010
[dump]   top3 idx=67288 val=9.73238
[dump]   top4 idx=108248 val=9.67019
[dump] L07.fmix   n=40960   finite=1 absmax=2.837        mean=0.018676     sumsq=11507.66252        argmax=32106
[dump]   top0 idx=32106 val=2.29217
[dump]   top1 idx=11241 val=2.24143
[dump]   top2 idx=11675 val=2.23110
[dump]   top3 idx=10871 val=2.15786
[dump]   top4 idx=17974 val=2.12863
[dump] L07.mid    n=160     finite=1 absmax=0 mean=0 sumsq=0 ids: 165 351 159 346 432 455 242 8 163 303 159 367 486 194 346 351 366 325 50 498 256 456 340 369 486 265 50 403 203 502 486 301 504 156 445 242 303 179 340 472 203 83 393 71 149 504 146 293 194 358 242 165 84 287 60 451 445 22 303 169 502 486 50 194 69 309 403 237 198 297 411 296 159 358 227 256 223 340 304 498 70 411 152 403 294 359 462 368 188 169 70 403 411 194 294 142 152 252 368 359 41 369 194 8 411 498 486 456 87 338 358 455 87 464 194 203 411 363 50 456 50 511 87 82 369 281 403 194 486 69 358 445 87 509 50 252 471 159 242 498 365 77 194 196 405 117 279 328 8 5 418 400 502 3 501 124 198 313 511 48
[dump] L07.moe    n=40960   finite=1 absmax=0.091041     mean=0.00026584   sumsq=4.92871682         argmax=30613
[dump]   top0 idx=30613 val=0.07817
[dump]   top1 idx=17813 val=0.07323
[dump]   top2 idx=13324 val=0.06258
[dump]   top3 idx=29365 val=0.05528
[dump]   top4 idx=18569 val=0.05471
[dump] L07.res    n=327680  finite=1 absmax=37.96        mean=0.024386     sumsq=271504.8109        argmax=232417
[dump]   top0 idx=232417 val=19.88250
[dump]   top1 idx=258972 val=10.87006
[dump]   top2 idx=321378 val=10.56246
[dump]   top3 idx=235413 val=10.39347
[dump]   top4 idx=284791 val=10.27753
[dump] L08.hcmix  n=40960   finite=1 absmax=5.3444       mean=0.025007     sumsq=10150.02839        argmax=17813
[dump]   top0 idx=17813 val=5.34436
[dump]   top1 idx=30613 val=4.54244
[dump]   top2 idx=28791 val=4.42490
[dump]   top3 idx=10871 val=3.87121
[dump]   top4 idx=7573 val=3.82864
[dump] L08.att    n=40960   finite=1 absmax=0.19354      mean=0.00090455   sumsq=30.33671779        argmax=38756
[dump]   top0 idx=38756 val=0.19354
[dump]   top1 idx=16565 val=0.16600
[dump]   top2 idx=39605 val=0.15989
[dump]   top3 idx=40195 val=0.14744
[dump]   top4 idx=37045 val=0.14416
[dump] L08.ffnxn  n=163840  finite=1 absmax=43.161       mean=0.036262     sumsq=184257.0121        argmax=98008
[dump]   top0 idx=98008 val=13.36918
[dump]   top1 idx=67288 val=12.91699
[dump]   top2 idx=108248 val=12.82282
[dump]   top3 idx=159448 val=12.57123
[dump]   top4 idx=118488 val=12.55225
[dump] L08.fmix   n=40960   finite=1 absmax=4.8824       mean=0.024052     sumsq=11118.26627        argmax=1500
[dump]   top0 idx=1500 val=4.88235
[dump]   top1 idx=4046 val=3.22661
[dump]   top2 idx=28791 val=3.16947
[dump]   top3 idx=10871 val=2.79543
[dump]   top4 idx=15991 val=2.72435
[dump] L08.mid    n=160     finite=1 absmax=0 mean=0 sumsq=0 ids: 308 456 387 175 181 439 263 370 219 46 219 263 462 183 231 387 121 308 175 81 134 263 74 99 212 371 436 308 364 462 263 360 342 308 99 175 46 11 387 62 263 157 128 217 342 134 74 360 83 22 175 263 308 206 360 46 439 387 473 394 134 263 387 99 74 157 360 114 183 277 387 134 263 46 1 204 261 360 223 175 360 252 263 313 66 295 163 367 46 1 263 360 46 308 354 370 175 27 387 105 263 360 181 308 370 46 175 105 164 264 134 263 181 183 387 66 462 360 218 308 263 183 360 462 218 308 114 354 46 99 263 181 134 183 462 360 392 175 308 206 263 181 360 387 462 102 46 308 392 183 317 465 192 263 436 102 196 462 17 299
[dump] L08.moe    n=40960   finite=1 absmax=0.10862      mean=-0.00010508  sumsq=5.938975739        argmax=1500
[dump]   top0 idx=1500 val=0.08902
[dump]   top1 idx=32897 val=0.07591
[dump]   top2 idx=32045 val=0.07301
[dump]   top3 idx=30 val=0.07252
[dump]   top4 idx=32409 val=0.06887
[dump] L08.res    n=327680  finite=1 absmax=42.059       mean=0.016275     sumsq=182751.8721        argmax=165340
[dump]   top0 idx=165340 val=13.77315
[dump]   top1 idx=261848 val=12.73393
[dump]   top2 idx=231128 val=12.30323
[dump]   top3 idx=272088 val=12.21353
[dump]   top4 idx=323288 val=11.97390
[dump] L09.hcmix  n=40960   finite=1 absmax=11.636       mean=0.020112     sumsq=12115.68022        argmax=1500
[dump]   top0 idx=1500 val=6.88558
[dump]   top1 idx=17813 val=5.02746
[dump]   top2 idx=30613 val=4.69086
[dump]   top3 idx=26805 val=3.70470
[dump]   top4 idx=21685 val=3.66432
[dump] L09.att    n=40960   finite=1 absmax=0.67595      mean=0.00025465   sumsq=164.6530025        argmax=9166
[dump]   top0 idx=9166 val=0.67595
[dump]   top1 idx=3511 val=0.37701
[dump]   top2 idx=11191 val=0.34267
[dump]   top3 idx=23753 val=0.29146
[dump]   top4 idx=9362 val=0.28343
[dump] L09.ffnxn  n=163840  finite=1 absmax=38.295       mean=0.040125     sumsq=226651.8675        argmax=98008
[dump]   top0 idx=98008 val=15.47577
[dump]   top1 idx=67288 val=14.95206
[dump]   top2 idx=108248 val=14.84339
[dump]   top3 idx=159448 val=14.55235
[dump]   top4 idx=118488 val=14.52920
[dump] L09.fmix   n=40960   finite=1 absmax=4.0029       mean=0.024475     sumsq=11806.29142        argmax=1500
[dump]   top0 idx=1500 val=4.00290
[dump]   top1 idx=4046 val=2.76128
[dump]   top2 idx=11241 val=2.43161
[dump]   top3 idx=681 val=2.28341
[dump]   top4 idx=30613 val=2.21476
[dump] L09.mid    n=160     finite=1 absmax=0 mean=0 sumsq=0 ids: 218 369 68 368 430 96 376 209 142 229 292 425 40 430 17 396 321 369 218 113 113 382 425 266 428 317 40 402 205 321 425 321 444 218 68 430 477 209 376 205 371 425 276 382 115 201 417 91 321 336 425 238 376 218 427 371 292 230 361 142 427 148 425 18 374 371 382 428 430 369 459 427 430 218 211 456 209 491 170 11 10 90 459 426 456 55 427 479 14 11 459 370 20 377 73 264 141 218 90 430 377 70 409 218 205 427 382 321 506 154 430 264 374 153 321 369 370 218 230 456 370 264 430 321 276 374 153 218 488 230 264 478 292 370 427 430 376 230 276 218 264 478 427 230 376 370 68 71 378 374 18 468 339 237 146 399 230 148 15 138
[dump] L09.moe    n=40960   finite=1 absmax=0.059079     mean=1.4756e-05   sumsq=3.999023332        argmax=36471
[dump]   top0 idx=36471 val=0.05908
[dump]   top1 idx=38650 val=0.04695
[dump]   top2 idx=28055 val=0.04584
[dump]   top3 idx=21725 val=0.04361
[dump]   top4 idx=29027 val=0.04251
[dump] L09.res    n=327680  finite=1 absmax=32.766       mean=0.016264     sumsq=203501.9257        argmax=261848
[dump]   top0 idx=261848 val=15.53343
[dump]   top1 idx=231128 val=15.00568
[dump]   top2 idx=272088 val=14.89887
[dump]   top3 idx=165340 val=14.70785
[dump]   top4 idx=323288 val=14.60614
[dump] L10.hcmix  n=40960   finite=1 absmax=11.851       mean=0.020309     sumsq=12765.30216        argmax=1500
[dump]   top0 idx=1500 val=7.98357
[dump]   top1 idx=17813 val=4.62330
[dump]   top2 idx=30613 val=4.16416
[dump]   top3 idx=26805 val=3.77826
[dump]   top4 idx=28791 val=3.66956
[dump] L10.att    n=40960   finite=1 absmax=1.0095       mean=-0.0005564   sumsq=297.3258432        argmax=9166
[dump]   top0 idx=9166 val=1.00950
[dump]   top1 idx=26593 val=0.62551
[dump]   top2 idx=5848 val=0.52351
[dump]   top3 idx=8973 val=0.51586
[dump]   top4 idx=18871 val=0.50782
[dump] L10.ffnxn  n=163840  finite=1 absmax=40.484       mean=0.027132     sumsq=173404.7688        argmax=1500
[dump]   top0 idx=1500 val=12.61822
[dump]   top1 idx=32206 val=12.21753
[dump]   top2 idx=98008 val=12.03063
[dump]   top3 idx=67288 val=11.60979
[dump]   top4 idx=108248 val=11.53463
[dump] L10.fmix   n=40960   finite=1 absmax=2.8528       mean=0.015345     sumsq=9943.025077        argmax=4046
[dump]   top0 idx=4046 val=2.48888
[dump]   top1 idx=15991 val=2.43765
[dump]   top2 idx=10936 val=2.42897
[dump]   top3 idx=10871 val=2.42806
[dump]   top4 idx=17813 val=2.17370
[dump] L10.mid    n=160     finite=1 absmax=0 mean=0 sumsq=0 ids: 461 325 107 264 164 508 495 278 355 322 264 461 278 325 417 341 58 164 355 296 461 278 17 230 325 187 264 40 121 319 264 461 278 341 58 508 417 379 70 230 187 373 25 167 288 461 87 264 433 500 461 508 373 97 379 433 264 278 355 164 461 230 464 97 373 278 70 417 508 355 461 97 455 373 508 28 379 319 177 164 461 398 143 509 501 97 508 423 321 271 461 423 508 97 501 417 373 379 18 58 461 97 17 373 423 58 508 343 379 33 97 355 373 461 278 17 69 417 464 40 18 278 97 461 355 69 387 508 336 40 355 461 495 97 69 387 404 341 278 379 97 461 355 373 417 88 322 500 247 416 373 459 103 302 97 322 356 500 164 416
[dump] L10.moe    n=40960   finite=1 absmax=0.31698      mean=-9.5511e-05  sumsq=4.070736711        argmax=21
[dump]   top0 idx=21 val=0.08801
[dump]   top1 idx=1912 val=0.08341
[dump]   top2 idx=579 val=0.06381
[dump]   top3 idx=1500 val=0.06266
[dump]   top4 idx=788 val=0.05852
[dump] L10.res    n=327680  finite=1 absmax=56.74        mean=0.01159      sumsq=111611.7882        argmax=168965
[dump]   top0 idx=168965 val=11.64377
[dump]   top1 idx=165340 val=11.19047
[dump]   top2 idx=240645 val=10.84217
[dump]   top3 idx=271365 val=10.82899
[dump]   top4 idx=261848 val=10.77261
[dump] L11.hcmix  n=40960   finite=1 absmax=19.147       mean=0.011905     sumsq=5319.886418        argmax=12805
[dump]   top0 idx=12805 val=2.96935
[dump]   top1 idx=25605 val=2.88156
[dump]   top2 idx=1500 val=2.83833
[dump]   top3 idx=7685 val=2.83456
[dump]   top4 idx=17925 val=2.82414
[dump] L11.att    n=40960   finite=1 absmax=2.7989       mean=0.00016584   sumsq=559.4721487        argmax=2311
[dump]   top0 idx=2311 val=2.79891
[dump]   top1 idx=47 val=2.36012
[dump]   top2 idx=1795 val=1.75480
[dump]   top3 idx=2307 val=1.59748
[dump]   top4 idx=86 val=1.42347
[dump] L11.ffnxn  n=163840  finite=1 absmax=38.907       mean=0.027832     sumsq=172188.474         argmax=1500
[dump]   top0 idx=1500 val=12.50838
[dump]   top1 idx=98008 val=12.49117
[dump]   top2 idx=67288 val=12.05528
[dump]   top3 idx=108248 val=11.97643
[dump]   top4 idx=128728 val=11.74359
[dump] L11.fmix   n=40960   finite=1 absmax=2.6839       mean=0.016493     sumsq=9657.297922        argmax=4046
[dump]   top0 idx=4046 val=2.68394
[dump]   top1 idx=17813 val=2.47859
[dump]   top2 idx=33911 val=2.31721
[dump]   top3 idx=30613 val=2.22674
[dump]   top4 idx=4060 val=2.02676
[dump] L11.mid    n=160     finite=1 absmax=0 mean=0 sumsq=0 ids: 130 163 104 393 430 108 268 424 361 417 418 350 163 261 273 240 30 477 108 397 240 163 323 223 30 268 418 508 211 23 482 108 418 323 350 430 461 163 268 84 285 461 323 174 108 23 418 36 430 211 108 201 323 350 418 508 120 500 461 457 323 108 36 418 482 27 360 211 219 166 323 108 418 120 350 384 7 268 492 430 418 120 323 350 360 430 384 108 35 331 418 108 323 120 350 384 97 164 430 35 418 108 23 430 485 323 508 273 317 350 323 418 508 261 120 98 166 268 273 163 323 418 508 457 108 261 166 273 120 163 323 418 508 166 430 249 273 500 261 371 166 418 430 323 508 249 371 108 151 273 166 418 240 430 323 6 453 249 151 348
[dump] L11.moe    n=40960   finite=1 absmax=0.059829     mean=-5.1878e-05  sumsq=3.468173317        argmax=29177
[dump]   top0 idx=29177 val=0.05464
[dump]   top1 idx=30507 val=0.04724
[dump]   top2 idx=33138 val=0.04671
[dump]   top3 idx=28783 val=0.04584
[dump]   top4 idx=29275 val=0.04544
[dump] L11.res    n=327680  finite=1 absmax=37.316       mean=0.015673     sumsq=210901.1536        argmax=261848
[dump]   top0 idx=261848 val=15.67131
[dump]   top1 idx=231128 val=15.12466
[dump]   top2 idx=272088 val=15.02550
[dump]   top3 idx=165340 val=14.82518
[dump]   top4 idx=292568 val=14.73372
[dump] L12.hcmix  n=40960   finite=1 absmax=19.025       mean=0.015744     sumsq=12191.97689        argmax=1500
[dump]   top0 idx=1500 val=9.07461
[dump]   top1 idx=17813 val=3.72475
[dump]   top2 idx=10157 val=3.35275
[dump]   top3 idx=7573 val=3.32033
[dump]   top4 idx=26805 val=3.27852
[dump] L12.att    n=40960   finite=1 absmax=0.60557      mean=-0.0014999   sumsq=176.5302742        argmax=2311
[dump]   top0 idx=2311 val=0.60557
[dump]   top1 idx=16353 val=0.56401
[dump]   top2 idx=914 val=0.50782
[dump]   top3 idx=359 val=0.42062
[dump]   top4 idx=34008 val=0.37705
[dump] L12.ffnxn  n=163840  finite=1 absmax=43.256       mean=0.025199     sumsq=204787.2179        argmax=98008
[dump]   top0 idx=98008 val=11.65320
[dump]   top1 idx=67288 val=11.24660
[dump]   top2 idx=108248 val=11.17258
[dump]   top3 idx=128728 val=10.95725
[dump]   top4 idx=159448 val=10.94641
[dump] L12.fmix   n=40960   finite=1 absmax=3.1335       mean=0.014186     sumsq=10084.33765        argmax=36536
[dump]   top0 idx=36536 val=2.41414
[dump]   top1 idx=10171 val=2.34038
[dump]   top2 idx=7573 val=2.32799
[dump]   top3 idx=27994 val=2.19168
[dump]   top4 idx=14588 val=2.12372
[dump] L12.mid    n=160     finite=1 absmax=0 mean=0 sumsq=0 ids: 28 139 433 283 201 386 300 474 421 277 352 139 229 52 421 277 214 101 474 366 141 352 120 18 139 110 136 496 307 1 352 101 52 139 277 81 390 381 150 327 118 352 393 282 101 165 52 433 219 422 52 277 352 219 390 386 421 9 392 150 214 229 52 352 133 504 141 139 43 381 352 52 503 386 130 215 451 393 139 219 352 52 189 43 139 422 381 133 126 229 52 43 139 352 170 366 381 448 421 229 421 352 52 54 161 45 286 422 136 433 421 0 422 368 433 52 81 352 366 21 0 421 366 214 433 133 52 368 352 283 0 421 433 366 21 63 172 368 201 52 421 0 52 433 460 63 275 256 114 368 352 433 275 0 504 282 368 482 52 214
[dump] L12.moe    n=40960   finite=1 absmax=0.052047     mean=2.3062e-05   sumsq=3.316451408        argmax=13467
[dump]   top0 idx=13467 val=0.05205
[dump]   top1 idx=40853 val=0.05000
[dump]   top2 idx=30613 val=0.04768
[dump]   top3 idx=39383 val=0.04658
[dump]   top4 idx=7573 val=0.04591
[dump] L12.res    n=327680  finite=1 absmax=22.353       mean=0.01455      sumsq=212775.6352        argmax=165340
[dump]   top0 idx=165340 val=13.88620
[dump]   top1 idx=261848 val=12.49120
[dump]   top2 idx=231128 val=12.05161
[dump]   top3 idx=272088 val=11.96884
[dump]   top4 idx=292568 val=11.74527
[dump] L13.hcmix  n=40960   finite=1 absmax=4.9361       mean=0.013271     sumsq=12736.62103        argmax=7573
[dump]   top0 idx=7573 val=4.75230
[dump]   top1 idx=12693 val=4.33692
[dump]   top2 idx=17813 val=4.19332
[dump]   top3 idx=30613 val=3.55354
[dump]   top4 idx=20373 val=3.43457
[dump] L13.att    n=40960   finite=1 absmax=0.32238      mean=-0.00089072  sumsq=72.48272514        argmax=39351
[dump]   top0 idx=39351 val=0.32238
[dump]   top1 idx=26551 val=0.26171
[dump]   top2 idx=23991 val=0.26064
[dump]   top3 idx=28888 val=0.24367
[dump]   top4 idx=21431 val=0.24286
[dump] L13.ffnxn  n=163840  finite=1 absmax=45.721       mean=0.016271     sumsq=180556.9041        argmax=98008
[dump]   top0 idx=98008 val=13.39633
[dump]   top1 idx=1500 val=13.14843
[dump]   top2 idx=67288 val=12.91769
[dump]   top3 idx=108248 val=12.82992
[dump]   top4 idx=128728 val=12.59416
[dump] L13.fmix   n=40960   finite=1 absmax=3.0976       mean=0.0044724    sumsq=8956.251577        argmax=7573
[dump]   top0 idx=7573 val=3.09758
[dump]   top1 idx=17813 val=3.05911
[dump]   top2 idx=1500 val=2.97027
[dump]   top3 idx=30613 val=2.86814
[dump]   top4 idx=4046 val=2.59760
[dump] L13.mid    n=160     finite=1 absmax=0 mean=0 sumsq=0 ids: 293 68 466 366 268 219 145 224 67 400 387 273 148 290 91 93 50 468 250 68 290 387 148 394 250 64 330 468 273 36 387 273 148 290 93 91 221 267 354 368 148 290 250 118 508 64 273 394 81 66 387 290 273 148 118 93 468 508 296 338 118 394 290 325 338 148 185 273 508 387 118 273 387 290 265 93 81 325 259 451 290 273 387 504 118 93 16 485 24 346 273 387 118 265 91 290 93 259 389 148 273 290 118 387 148 91 64 259 265 250 259 265 387 273 274 97 91 468 118 290 259 265 438 387 118 468 91 97 290 451 259 468 387 265 97 357 273 93 451 418 259 265 468 387 118 273 91 385 357 399 259 265 338 118 468 290 249 91 387 273
[dump] L13.moe    n=40960   finite=1 absmax=0.15809      mean=0.00013286   sumsq=5.399819297        argmax=1716
[dump]   top0 idx=1716 val=0.09550
[dump]   top1 idx=1301 val=0.08840
[dump]   top2 idx=2035 val=0.07985
[dump]   top3 idx=579 val=0.06885
[dump]   top4 idx=1912 val=0.06880
[dump] L13.res    n=327680  finite=1 absmax=27.091       mean=0.014984     sumsq=236209.2113        argmax=165340
[dump]   top0 idx=165340 val=15.13514
[dump]   top1 idx=323511 val=13.48192
[dump]   top2 idx=262071 val=13.09085
[dump]   top3 idx=261848 val=13.07806
[dump]   top4 idx=231128 val=12.61078
[dump] L14.hcmix  n=40960   finite=1 absmax=7.9353       mean=0.016791     sumsq=11353.11772        argmax=1500
[dump]   top0 idx=1500 val=7.93532
[dump]   top1 idx=17813 val=4.80402
[dump]   top2 idx=12035 val=3.52573
[dump]   top3 idx=27395 val=3.40730
[dump]   top4 idx=15277 val=3.36371
[dump] L14.att    n=40960   finite=1 absmax=2.0705       mean=-0.0010755   sumsq=225.835806         argmax=138
[dump]   top0 idx=138 val=0.79500
[dump]   top1 idx=788 val=0.75681
[dump]   top2 idx=679 val=0.66463
[dump]   top3 idx=2162 val=0.64877
[dump]   top4 idx=1603 val=0.64695
[dump] L14.ffnxn  n=163840  finite=1 absmax=35.02        mean=0.022206     sumsq=263976.1572        argmax=68577
[dump]   top0 idx=68577 val=15.77942
[dump]   top1 idx=98008 val=15.09125
[dump]   top2 idx=67288 val=14.54324
[dump]   top3 idx=108248 val=14.45094
[dump]   top4 idx=1500 val=14.28883
[dump] L14.fmix   n=40960   finite=1 absmax=6.641        mean=0.0075596    sumsq=9944.826047        argmax=1500
[dump]   top0 idx=1500 val=3.66841
[dump]   top1 idx=4046 val=2.94098
[dump]   top2 idx=788 val=2.72594
[dump]   top3 idx=47 val=2.58746
[dump]   top4 idx=11241 val=2.51283
[dump] L14.mid    n=160     finite=1 absmax=0 mean=0 sumsq=0 ids: 398 165 326 266 29 17 151 40 138 339 506 138 165 409 40 14 417 398 326 473 227 40 463 414 372 246 370 459 107 407 165 409 14 473 506 205 417 138 308 326 376 290 280 360 223 5 22 463 385 162 14 409 12 290 398 417 308 506 138 370 339 40 488 9 495 266 136 2 49 108 409 234 14 473 290 506 441 398 12 231 339 40 29 176 266 488 280 495 9 180 180 266 40 495 312 108 492 9 2 280 409 473 498 280 370 506 439 227 14 460 49 40 339 266 282 495 252 136 2 244 40 49 168 244 136 409 108 138 506 500 244 335 506 473 151 100 409 108 398 482 335 244 100 506 482 473 151 409 510 402 244 100 482 40 266 29 407 168 510 67
[dump] L14.moe    n=40960   finite=1 absmax=0.13416      mean=7.5626e-06   sumsq=2.982944179        argmax=1500
[dump]   top0 idx=1500 val=0.13411
[dump]   top1 idx=793 val=0.07458
[dump]   top2 idx=788 val=0.06855
[dump]   top3 idx=1094 val=0.06847
[dump]   top4 idx=2433 val=0.05387
[dump] L14.res    n=327680  finite=1 absmax=33.151       mean=0.010731     sumsq=112634.5197        argmax=261848
[dump]   top0 idx=261848 val=11.76019
[dump]   top1 idx=272088 val=11.67206
[dump]   top2 idx=231128 val=11.66160
[dump]   top3 idx=323288 val=11.37087
[dump]   top4 idx=292568 val=11.29696
[dump] L15.hcmix  n=40960   finite=1 absmax=10.49        mean=0.0057123    sumsq=3103.888453        argmax=1500
[dump]   top0 idx=1500 val=1.90031
[dump]   top1 idx=17813 val=1.79244
[dump]   top2 idx=27395 val=1.58626
[dump]   top3 idx=33947 val=1.55956
[dump]   top4 idx=15277 val=1.52302
[dump] L15.att    n=40960   finite=1 absmax=1.3229       mean=-0.0026377   sumsq=249.166221         argmax=2311
[dump]   top0 idx=2311 val=1.32294
[dump]   top1 idx=892 val=1.02019
[dump]   top2 idx=2307 val=0.68676
[dump]   top3 idx=1795 val=0.55975
[dump]   top4 idx=1947 val=0.50169
[dump] L15.ffnxn  n=163840  finite=1 absmax=61.56        mean=0.021516     sumsq=458781.8971        argmax=98008
[dump]   top0 idx=98008 val=40.64743
[dump]   top1 idx=108248 val=40.39348
[dump]   top2 idx=67288 val=40.30960
[dump]   top3 idx=159448 val=39.33929
[dump]   top4 idx=128728 val=39.02645
[dump] L15.fmix   n=40960   finite=1 absmax=6.8887       mean=0.005609     sumsq=21413.25103        argmax=5848
[dump]   top0 idx=5848 val=6.88875
[dump]   top1 idx=10968 val=5.32287
[dump]   top2 idx=28888 val=5.27165
[dump]   top3 idx=18648 val=5.15398
[dump]   top4 idx=21208 val=5.00454
[dump] L15.mid    n=160     finite=1 absmax=0 mean=0 sumsq=0 ids: 283 174 188 38 342 103 215 330 177 107 494 207 501 199 50 156 39 263 289 318 207 219 453 31 127 263 53 455 23 154 207 61 405 219 399 288 303 426 234 406 207 236 453 116 388 16 405 406 319 326 207 426 32 50 406 192 302 219 399 288 302 207 280 453 388 246 288 179 236 134 134 406 32 219 207 314 426 192 399 281 343 134 119 263 487 426 427 511 204 222 405 343 303 207 426 311 446 134 288 494 228 405 303 343 406 192 53 263 311 408 405 494 174 207 311 204 134 289 50 303 174 303 288 405 423 192 311 50 39 98 174 303 289 207 405 494 192 283 50 288 289 405 174 322 494 156 303 192 177 33 174 303 405 12 423 289 71 156 432 280
[dump] L15.moe    n=40960   finite=1 absmax=0.29284      mean=2.0688e-05   sumsq=8.841730674        argmax=1716
[dump]   top0 idx=1716 val=0.14310
[dump]   top1 idx=138 val=0.11801
[dump]   top2 idx=1736 val=0.08286
[dump]   top3 idx=1984 val=0.08060
[dump]   top4 idx=562 val=0.07897
[dump] L15.res    n=327680  finite=1 absmax=28.894       mean=0.0101       sumsq=269632.9798        argmax=323511
[dump]   top0 idx=323511 val=14.07312
[dump]   top1 idx=170460 val=13.67021
[dump]   top2 idx=262071 val=13.50705
[dump]   top3 idx=272311 val=13.24976
[dump]   top4 idx=313271 val=13.14203
[dump] L16.hcmix  n=40960   finite=1 absmax=15.839       mean=0.0038773    sumsq=13030.85685        argmax=1500
[dump]   top0 idx=1500 val=9.39829
[dump]   top1 idx=7573 val=3.98252
[dump]   top2 idx=788 val=3.90634
[dump]   top3 idx=20373 val=3.62619
[dump]   top4 idx=1912 val=3.23714
[dump] L16.att    n=40960   finite=1 absmax=0.46348      mean=-0.00056359  sumsq=66.47264413        argmax=5081
[dump]   top0 idx=5081 val=0.33138
[dump]   top1 idx=16311 val=0.29624
[dump]   top2 idx=3553 val=0.29431
[dump]   top3 idx=11374 val=0.28525
[dump]   top4 idx=20527 val=0.26439
[dump] L16.ffnxn  n=163840  finite=1 absmax=63.267       mean=0.01482      sumsq=348086.1487        argmax=1500
[dump]   top0 idx=1500 val=20.34813
[dump]   top1 idx=98008 val=19.05386
[dump]   top2 idx=108248 val=18.95284
[dump]   top3 idx=67288 val=18.89755
[dump]   top4 idx=159448 val=18.43755
[dump] L16.fmix   n=40960   finite=1 absmax=3.8994       mean=0.0024014    sumsq=16702.40464        argmax=1500
[dump]   top0 idx=1500 val=3.89935
[dump]   top1 idx=5848 val=3.23188
[dump]   top2 idx=20158 val=2.96742
[dump]   top3 idx=11241 val=2.95101
[dump]   top4 idx=788 val=2.87499
[dump] L16.mid    n=160     finite=1 absmax=0 mean=0 sumsq=0 ids: 228 487 243 272 132 473 142 259 361 32 228 272 429 243 142 140 447 479 58 487 228 457 319 398 140 124 370 303 447 145 228 272 142 447 140 479 400 26 429 278 188 228 447 104 138 319 303 479 124 270 228 140 272 142 447 278 26 394 205 400 228 303 64 188 447 26 429 319 272 341 400 272 394 228 140 369 26 113 278 75 400 228 140 272 393 282 394 181 26 61 140 272 228 243 142 263 400 278 429 487 272 228 400 236 140 465 243 142 263 309 243 272 228 263 142 58 429 140 487 61 228 243 272 142 140 429 487 263 278 58 243 228 58 263 142 272 278 479 487 489 243 228 58 278 272 263 134 202 480 487 243 228 278 202 272 58 392 352 475 25
[dump] L16.moe    n=40960   finite=1 absmax=0.68942      mean=6.0901e-05   sumsq=11.63998216        argmax=2311
[dump]   top0 idx=2311 val=0.27223
[dump]   top1 idx=2366 val=0.20578
[dump]   top2 idx=472 val=0.18659
[dump]   top3 idx=138 val=0.18627
[dump]   top4 idx=627 val=0.17679
[dump] L16.res    n=327680  finite=1 absmax=37.494       mean=0.010412     sumsq=256076.1544        argmax=235413
[dump]   top0 idx=235413 val=13.52873
[dump]   top1 idx=170460 val=12.98611
[dump]   top2 idx=286613 val=12.07999
[dump]   top3 idx=261848 val=11.20561
[dump]   top4 idx=272088 val=11.14769
[dump] L17.hcmix  n=40960   finite=1 absmax=6.2674       mean=0.0098446    sumsq=13383.60143        argmax=17813
[dump]   top0 idx=17813 val=4.69770
[dump]   top1 idx=1500 val=4.13642
[dump]   top2 idx=7573 val=3.69492
[dump]   top3 idx=12693 val=3.50139
[dump]   top4 idx=10157 val=3.46291
[dump] L17.att    n=40960   finite=1 absmax=0.42136      mean=-0.0010453   sumsq=54.67169146        argmax=40384
[dump]   top0 idx=40384 val=0.22020
[dump]   top1 idx=39558 val=0.19116
[dump]   top2 idx=28337 val=0.19108
[dump]   top3 idx=2521 val=0.18998
[dump]   top4 idx=39204 val=0.18870
[dump] L17.ffnxn  n=163840  finite=1 absmax=41.395       mean=0.015129     sumsq=273900.6284        argmax=98008
[dump]   top0 idx=98008 val=14.69280
[dump]   top1 idx=108248 val=14.61662
[dump]   top2 idx=67288 val=14.57327
[dump]   top3 idx=159448 val=14.21014
[dump]   top4 idx=128728 val=14.09126
[dump] L17.fmix   n=40960   finite=1 absmax=3.5419       mean=0.0013539    sumsq=12475.91691        argmax=4046
[dump]   top0 idx=4046 val=3.54185
[dump]   top1 idx=39912 val=2.80371
[dump]   top2 idx=788 val=2.70213
[dump]   top3 idx=32206 val=2.51770
[dump]   top4 idx=39148 val=2.44780
[dump] L17.mid    n=160     finite=1 absmax=0 mean=0 sumsq=0 ids: 486 136 510 84 209 135 330 15 274 243 136 486 471 499 328 305 84 105 469 365 469 127 328 285 26 486 366 303 358 444 136 471 486 328 387 127 469 249 84 3 366 486 444 97 136 333 374 471 18 328 136 84 486 127 471 328 419 386 448 1 328 444 486 136 97 84 471 374 71 469 8 387 136 419 181 328 486 448 471 470 8 470 181 136 404 304 387 328 398 486 470 136 486 471 328 362 374 366 419 127 136 486 84 8 127 328 327 387 471 438 136 471 84 486 419 374 499 498 139 363 471 136 366 486 374 139 362 363 419 499 84 209 363 486 471 136 139 374 366 499 209 84 139 363 499 486 136 422 419 253 139 209 363 471 486 136 345 498 221 274
[dump] L17.moe    n=40960   finite=1 absmax=0.19042      mean=9.2762e-05   sumsq=3.031328625        argmax=1716
[dump]   top0 idx=1716 val=0.08790
[dump]   top1 idx=138 val=0.05680
[dump]   top2 idx=230 val=0.03889
[dump]   top3 idx=38713 val=0.03785
[dump]   top4 idx=192 val=0.03441
[dump] L17.res    n=327680  finite=1 absmax=32.843       mean=0.013026     sumsq=256290.8816        argmax=261848
[dump]   top0 idx=261848 val=15.08134
[dump]   top1 idx=272088 val=15.00398
[dump]   top2 idx=231128 val=14.95966
[dump]   top3 idx=323288 val=14.58669
[dump]   top4 idx=292568 val=14.46455
[dump] L18.hcmix  n=40960   finite=1 absmax=18.663       mean=0.01134      sumsq=13555.1415         argmax=1500
[dump]   top0 idx=1500 val=7.92726
[dump]   top1 idx=21685 val=4.05291
[dump]   top2 idx=26805 val=3.95959
[dump]   top3 idx=17813 val=3.90221
[dump]   top4 idx=30613 val=3.89089
[dump] L18.att    n=40960   finite=1 absmax=0.40744      mean=-0.00055563  sumsq=85.4916746         argmax=634
[dump]   top0 idx=634 val=0.40744
[dump]   top1 idx=38882 val=0.36846
[dump]   top2 idx=10722 val=0.36701
[dump]   top3 idx=5602 val=0.34311
[dump]   top4 idx=33762 val=0.33141
[dump] L18.ffnxn  n=163840  finite=1 absmax=29.818       mean=0.023386     sumsq=266118.1435        argmax=159671
[dump]   top0 idx=159671 val=13.68141
[dump]   top1 idx=98231 val=13.14416
[dump]   top2 idx=98008 val=12.93092
[dump]   top3 idx=108248 val=12.86544
[dump]   top4 idx=108471 val=12.85427
[dump] L18.fmix   n=40960   finite=1 absmax=3.929        mean=0.0098517    sumsq=11073.45499        argmax=17813
[dump]   top0 idx=17813 val=3.92896
[dump]   top1 idx=1500 val=3.47047
[dump]   top2 idx=7573 val=3.23536
[dump]   top3 idx=30613 val=2.97469
[dump]   top4 idx=10936 val=2.94461
[dump] L18.mid    n=160     finite=1 absmax=0 mean=0 sumsq=0 ids: 449 475 399 87 275 411 35 24 211 264 111 29 264 185 201 459 135 87 325 119 131 157 459 106 506 111 201 366 437 29 264 29 7 201 185 135 101 405 299 211 440 131 29 459 201 190 398 111 299 151 87 264 88 277 29 411 275 297 24 469 131 102 24 111 29 366 7 101 157 459 469 88 131 264 101 185 87 119 29 200 29 5 157 119 469 459 7 353 448 411 29 448 264 102 353 24 7 201 101 5 111 299 29 185 459 201 106 74 238 157 131 24 448 101 111 29 347 264 366 460 111 29 448 24 366 102 201 101 157 131 24 131 29 448 101 201 211 347 353 264 201 448 101 24 150 29 185 123 131 310 207 448 201 29 474 266 116 270 459 247
[dump] L18.moe    n=40960   finite=1 absmax=0.06467      mean=-0.00015736  sumsq=4.731719103        argmax=27086
[dump]   top0 idx=27086 val=0.06467
[dump]   top1 idx=21224 val=0.05261
[dump]   top2 idx=22933 val=0.05068
[dump]   top3 idx=35645 val=0.04996
[dump]   top4 idx=35544 val=0.04908
[dump] L18.res    n=327680  finite=1 absmax=22.782       mean=0.0076032    sumsq=122353.0109        argmax=261848
[dump]   top0 idx=261848 val=12.17580
[dump]   top1 idx=272088 val=12.10723
[dump]   top2 idx=231128 val=12.07703
[dump]   top3 idx=323288 val=11.77577
[dump]   top4 idx=292568 val=11.67753
[dump] L19.hcmix  n=40960   finite=1 absmax=11.295       mean=0.0048179    sumsq=4873.737938        argmax=17813
[dump]   top0 idx=17813 val=2.66223
[dump]   top1 idx=30613 val=2.66103
[dump]   top2 idx=7573 val=2.40071
[dump]   top3 idx=38882 val=2.03155
[dump]   top4 idx=15842 val=1.99130
[dump] L19.att    n=40960   finite=1 absmax=1.6931       mean=0.00063423   sumsq=350.1015826        argmax=892
[dump]   top0 idx=892 val=1.53891
[dump]   top1 idx=1736 val=1.17177
[dump]   top2 idx=2238 val=1.14868
[dump]   top3 idx=2307 val=1.01664
[dump]   top4 idx=1795 val=0.83080
[dump] L19.ffnxn  n=163840  finite=1 absmax=42.655       mean=0.015241     sumsq=284596.2217        argmax=159671
[dump]   top0 idx=159671 val=16.40654
[dump]   top1 idx=98231 val=15.76550
[dump]   top2 idx=108471 val=15.47977
[dump]   top3 idx=149431 val=15.28240
[dump]   top4 idx=118711 val=15.00656
[dump] L19.fmix   n=40960   finite=1 absmax=4.0701       mean=0.0060798    sumsq=14717.46691        argmax=4046
[dump]   top0 idx=4046 val=4.07008
[dump]   top1 idx=12035 val=3.08987
[dump]   top2 idx=6606 val=2.89721
[dump]   top3 idx=3873 val=2.83863
[dump]   top4 idx=32206 val=2.82015
[dump] L19.mid    n=160     finite=1 absmax=0 mean=0 sumsq=0 ids: 406 360 413 162 170 434 31 173 293 377 3 434 377 161 342 472 9 188 453 222 56 259 455 309 222 161 434 70 229 91 3 31 357 377 70 170 222 472 161 342 70 161 259 472 74 381 56 150 434 375 3 368 357 9 74 501 150 8 222 375 472 375 161 34 56 49 364 434 70 3 3 368 397 86 31 472 222 455 103 52 397 291 161 222 472 193 368 3 455 309 375 472 3 291 222 397 9 31 193 434 222 375 170 472 31 357 455 377 161 150 222 472 31 150 375 267 3 121 315 173 375 472 315 3 121 31 222 434 377 173 31 121 490 162 470 173 3 103 377 472 31 173 121 162 472 388 14 377 490 103 31 375 472 121 434 162 315 161 56 173
[dump] L19.moe    n=40960   finite=1 absmax=0.082351     mean=0.00033594   sumsq=6.546377904        argmax=29940
[dump]   top0 idx=29940 val=0.08162
[dump]   top1 idx=29672 val=0.07472
[dump]   top2 idx=29931 val=0.07448
[dump]   top3 idx=28571 val=0.07182
[dump]   top4 idx=30058 val=0.06702
[dump] L19.res    n=327680  finite=1 absmax=38.551       mean=0.014663     sumsq=283440.9856        argmax=323511
[dump]   top0 idx=323511 val=15.91671
[dump]   top1 idx=262071 val=15.29444
[dump]   top2 idx=272311 val=15.01088
[dump]   top3 idx=313271 val=14.82250
[dump]   top4 idx=282551 val=14.57411
[dump] L20.hcmix  n=40960   finite=1 absmax=20.907       mean=0.0056573    sumsq=12674.65183        argmax=1500
[dump]   top0 idx=1500 val=7.04087
[dump]   top1 idx=1736 val=4.44262
[dump]   top2 idx=47 val=3.67312
[dump]   top3 idx=29111 val=3.24984
[dump]   top4 idx=788 val=3.23173
[dump] L20.att    n=40960   finite=1 absmax=5.7976       mean=0.00018177   sumsq=438.8876456        argmax=2238
[dump]   top0 idx=2238 val=3.24820
[dump]   top1 idx=403 val=3.01931
[dump]   top2 idx=1500 val=2.59770
[dump]   top3 idx=1827 val=1.77840
[dump]   top4 idx=1132 val=1.47743
[dump] L20.ffnxn  n=163840  finite=1 absmax=46.053       mean=0.032244     sumsq=433423.0872        argmax=1500
[dump]   top0 idx=1500 val=23.12619
[dump]   top1 idx=19406 val=16.32807
[dump]   top2 idx=159671 val=15.92058
[dump]   top3 idx=98231 val=15.42873
[dump]   top4 idx=149431 val=15.02349
[dump] L20.fmix   n=40960   finite=1 absmax=6.3275       mean=0.017359     sumsq=19846.72902        argmax=4046
[dump]   top0 idx=4046 val=6.32752
[dump]   top1 idx=6606 val=4.42581
[dump]   top2 idx=32206 val=4.12067
[dump]   top3 idx=16846 val=3.62174
[dump]   top4 idx=14245 val=3.45339
[dump] L20.mid    n=160     finite=1 absmax=0 mean=0 sumsq=0 ids: 429 363 39 439 407 179 485 307 169 219 387 363 109 76 388 485 439 78 429 269 122 218 494 26 154 158 326 488 216 39 363 40 485 109 110 242 146 134 387 313 146 358 187 109 134 242 40 125 39 96 491 54 306 4 363 485 481 242 219 496 146 243 485 387 134 218 229 369 39 242 491 481 244 387 306 341 485 59 54 44 59 481 491 63 49 137 387 341 127 110 387 485 258 59 330 168 25 233 363 243 387 339 363 109 495 26 485 148 218 255 387 258 168 25 39 485 154 248 442 330 387 25 258 168 330 485 358 442 265 248 387 168 442 179 485 185 258 25 410 307 387 179 442 168 278 18 485 265 26 370 387 262 179 442 25 125 168 258 185 119
[dump] L20.moe    n=40960   finite=1 absmax=0.092066     mean=3.3292e-05   sumsq=8.1465996          argmax=35401
[dump]   top0 idx=35401 val=0.07442
[dump]   top1 idx=32702 val=0.06448
[dump]   top2 idx=29228 val=0.06430
[dump]   top3 idx=31960 val=0.06382
[dump]   top4 idx=30811 val=0.06298
[dump] L20.res    n=327680  finite=1 absmax=45.412       mean=0.022334     sumsq=333160.8765        argmax=170460
[dump]   top0 idx=170460 val=19.22202
[dump]   top1 idx=267881 val=13.66945
[dump]   top2 idx=235413 val=13.49428
[dump]   top3 idx=261848 val=12.66100
[dump]   top4 idx=288361 val=12.60801
[dump] L21.hcmix  n=40960   finite=1 absmax=14.328       mean=0.033451     sumsq=13868.82892        argmax=1500
[dump]   top0 idx=1500 val=7.33340
[dump]   top1 idx=1736 val=4.73139
[dump]   top2 idx=1827 val=4.47253
[dump]   top3 idx=21685 val=4.10421
[dump]   top4 idx=1912 val=4.09488
[dump] L21.att    n=40960   finite=1 absmax=0.85546      mean=0.00039105   sumsq=33.20933196        argmax=2238
[dump]   top0 idx=2238 val=0.53874
[dump]   top1 idx=30912 val=0.33620
[dump]   top2 idx=33472 val=0.31600
[dump]   top3 idx=16353 val=0.31439
[dump]   top4 idx=2537 val=0.30248
[dump] L21.ffnxn  n=163840  finite=1 absmax=41.983       mean=0.047847     sumsq=406290.7089        argmax=1500
[dump]   top0 idx=1500 val=16.20757
[dump]   top1 idx=98008 val=16.12333
[dump]   top2 idx=108248 val=16.02210
[dump]   top3 idx=67288 val=15.99553
[dump]   top4 idx=159448 val=15.59573
[dump] L21.fmix   n=40960   finite=1 absmax=4.6634       mean=0.033384     sumsq=17848.52422        argmax=4046
[dump]   top0 idx=4046 val=4.57142
[dump]   top1 idx=10871 val=4.18098
[dump]   top2 idx=10936 val=4.04883
[dump]   top3 idx=3873 val=3.74459
[dump]   top4 idx=5751 val=3.63805
[dump] L21.mid    n=160     finite=1 absmax=0 mean=0 sumsq=0 ids: 72 255 379 25 267 297 128 190 507 420 255 379 128 25 306 369 118 426 19 150 128 451 372 64 25 312 306 507 19 254 255 306 379 265 511 278 150 25 128 19 128 48 278 51 25 60 346 484 306 359 25 302 379 131 255 134 297 406 472 142 128 19 25 484 29 278 385 302 346 336 25 480 297 446 51 360 302 19 427 260 118 352 166 25 306 19 85 484 427 57 352 118 57 25 369 19 313 306 166 346 25 255 379 317 128 278 19 118 346 191 369 346 19 25 57 128 313 118 131 507 369 57 19 118 128 346 484 153 25 142 346 313 469 369 420 255 57 131 498 418 346 313 321 420 369 255 418 57 469 118 369 313 346 57 420 321 471 118 469 128
[dump] L21.moe    n=40960   finite=1 absmax=0.079056     mean=0.00017741   sumsq=7.221062421        argmax=24921
[dump]   top0 idx=24921 val=0.07906
[dump]   top1 idx=30592 val=0.06543
[dump]   top2 idx=28558 val=0.06079
[dump]   top3 idx=40723 val=0.06012
[dump]   top4 idx=37212 val=0.05847
[dump] L21.res    n=327680  finite=1 absmax=43.702       mean=0.015369     sumsq=275009.3407        argmax=170460
[dump]   top0 idx=170460 val=19.86214
[dump]   top1 idx=168965 val=19.39982
[dump]   top2 idx=240645 val=19.39630
[dump]   top3 idx=271365 val=19.36744
[dump]   top4 idx=209925 val=18.62214
[dump] L22.hcmix  n=40960   finite=1 absmax=22.861       mean=0.018584     sumsq=12492.3203         argmax=1500
[dump]   top0 idx=1500 val=9.62363
[dump]   top1 idx=5 val=4.85439
[dump]   top2 idx=25605 val=4.78352
[dump]   top3 idx=17925 val=4.78060
[dump]   top4 idx=10245 val=4.59264
[dump] L22.att    n=40960   finite=1 absmax=1.942        mean=0.00065178   sumsq=136.7521893        argmax=793
[dump]   top0 idx=793 val=1.94200
[dump]   top1 idx=1500 val=1.34067
[dump]   top2 idx=25868 val=1.04159
[dump]   top3 idx=23308 val=0.94916
[dump]   top4 idx=28428 val=0.92928
[dump] L22.ffnxn  n=163840  finite=1 absmax=34.984       mean=0.050285     sumsq=453449.3795        argmax=48495
[dump]   top0 idx=48495 val=18.08093
[dump]   top1 idx=149176 val=16.39600
[dump]   top2 idx=128728 val=16.32494
[dump]   top3 idx=108248 val=16.01438
[dump]   top4 idx=118488 val=15.86006
[dump] L22.fmix   n=40960   finite=1 absmax=4.9584       mean=0.031557     sumsq=16213.58376        argmax=10936
[dump]   top0 idx=10936 val=4.49655
[dump]   top1 idx=36536 val=4.42394
[dump]   top2 idx=12655 val=4.15227
[dump]   top3 idx=10871 val=3.49336
[dump]   top4 idx=17813 val=3.37533
[dump] L22.mid    n=160     finite=1 absmax=0 mean=0 sumsq=0 ids: 317 309 283 32 456 206 205 57 446 287 305 376 188 402 164 279 425 51 484 50 188 460 488 13 396 318 187 265 232 50 464 51 352 384 488 145 425 396 460 244 460 13 244 306 183 384 396 482 193 32 235 341 309 206 205 347 462 104 425 393 454 460 488 396 7 487 27 50 117 244 241 291 106 124 425 83 388 360 365 375 504 50 425 400 365 83 265 388 488 486 504 460 50 279 454 400 301 438 487 488 87 153 117 55 173 71 329 89 452 182 460 117 244 331 483 116 239 164 438 50 483 117 188 51 164 438 454 13 113 116 173 287 483 355 412 457 143 262 301 170 370 168 459 429 323 254 262 137 173 320 286 260 354 483 209 25 173 44 14 94
[dump] L22.moe    n=40960   finite=1 absmax=0.11594      mean=6.3542e-06   sumsq=6.299251063        argmax=26320
[dump]   top0 idx=26320 val=0.11160
[dump]   top1 idx=27937 val=0.10039
[dump]   top2 idx=26399 val=0.08445
[dump]   top3 idx=26441 val=0.06344
[dump]   top4 idx=28880 val=0.06302
[dump] L22.res    n=327680  finite=1 absmax=26.826       mean=0.01234      sumsq=177864.9824        argmax=169753
[dump]   top0 idx=169753 val=26.82582
[dump]   top1 idx=170460 val=22.69347
[dump]   top2 idx=189445 val=13.69107
[dump]   top3 idx=240645 val=13.52509
[dump]   top4 idx=322565 val=13.38792
[dump] L23.hcmix  n=40960   finite=1 absmax=7.8323       mean=0.011914     sumsq=4346.366463        argmax=1500
[dump]   top0 idx=1500 val=7.83229
[dump]   top1 idx=793 val=6.70645
[dump]   top2 idx=17925 val=3.28758
[dump]   top3 idx=5125 val=3.24917
[dump]   top4 idx=38405 val=3.20234
[dump] L23.att    n=40960   finite=1 absmax=0.67986      mean=0.0036644    sumsq=299.9976819        argmax=21537
[dump]   top0 idx=21537 val=0.58349
[dump]   top1 idx=28719 val=0.56035
[dump]   top2 idx=36399 val=0.54878
[dump]   top3 idx=12104 val=0.53246
[dump]   top4 idx=36103 val=0.51869
[dump] L23.ffnxn  n=163840  finite=1 absmax=65.243       mean=0.036586     sumsq=563924.3315        argmax=1500
[dump]   top0 idx=1500 val=30.33127
[dump]   top1 idx=138802 val=19.23296
[dump]   top2 idx=36841 val=18.76812
[dump]   top3 idx=128562 val=18.01777
[dump]   top4 idx=15922 val=17.68916
[dump] L23.fmix   n=40960   finite=1 absmax=5.7201       mean=0.02111      sumsq=24537.32614        argmax=8681
[dump]   top0 idx=8681 val=5.72010
[dump]   top1 idx=25380 val=3.87322
[dump]   top2 idx=21886 val=3.70393
[dump]   top3 idx=1500 val=3.62247
[dump]   top4 idx=11929 val=3.60014
[dump] L23.mid    n=160     finite=1 absmax=0 mean=0 sumsq=0 ids: 356 285 389 299 430 244 334 494 42 457 356 42 285 506 199 99 299 354 45 355 356 506 45 99 385 48 355 459 161 439 356 307 99 42 355 264 161 349 306 376 356 99 367 342 109 53 500 61 506 128 356 372 480 336 314 82 367 45 36 494 99 104 228 53 297 109 219 50 356 349 356 480 375 314 367 45 372 161 21 320 356 128 21 375 480 320 355 171 243 469 356 406 128 480 219 273 375 355 477 243 356 128 477 442 161 21 297 506 320 199 356 318 215 128 61 353 110 297 334 477 356 128 32 353 89 110 53 477 186 77 356 128 127 233 480 110 334 492 477 56 356 128 233 425 110 127 354 451 334 60 356 233 109 128 166 340 12 41 180 411
[dump] L23.moe    n=40960   finite=1 absmax=0.087366     mean=-3.3513e-05  sumsq=12.76108255        argmax=23898
[dump]   top0 idx=23898 val=0.08648
[dump]   top1 idx=3023 val=0.08292
[dump]   top2 idx=4286 val=0.07626
[dump]   top3 idx=2949 val=0.07545
[dump]   top4 idx=5037 val=0.07477
[dump] L23.res    n=327680  finite=1 absmax=23.485       mean=0.023427     sumsq=273878.6643        argmax=232417
[dump]   top0 idx=232417 val=20.04154
[dump]   top1 idx=169753 val=16.28049
[dump]   top2 idx=170460 val=15.08015
[dump]   top3 idx=252085 val=12.35082
[dump]   top4 idx=235413 val=12.18596
[dump] L24.hcmix  n=40960   finite=1 absmax=7.1742       mean=0.03202      sumsq=12704.74023        argmax=17813
[dump]   top0 idx=17813 val=5.25352
[dump]   top1 idx=7573 val=4.65498
[dump]   top2 idx=5751 val=4.04082
[dump]   top3 idx=1500 val=3.85306
[dump]   top4 idx=21685 val=3.58537
[dump] L24.att    n=40960   finite=1 absmax=0.20552      mean=-3.7375e-05  sumsq=26.82753179        argmax=21685
[dump]   top0 idx=21685 val=0.20552
[dump]   top1 idx=11445 val=0.19521
[dump]   top2 idx=39693 val=0.16184
[dump]   top3 idx=29365 val=0.16071
[dump]   top4 idx=22911 val=0.15067
[dump] L24.ffnxn  n=163840  finite=1 absmax=28.68        mean=0.029301     sumsq=201745.8783        argmax=5913
[dump]   top0 idx=5913 val=15.26265
[dump]   top1 idx=128728 val=14.24555
[dump]   top2 idx=108248 val=14.03619
[dump]   top3 idx=118488 val=13.86254
[dump]   top4 idx=98008 val=13.74861
[dump] L24.fmix   n=40960   finite=1 absmax=5.5844       mean=0.025664     sumsq=12812.79821        argmax=1500
[dump]   top0 idx=1500 val=5.58435
[dump]   top1 idx=4046 val=3.14316
[dump]   top2 idx=17813 val=2.61665
[dump]   top3 idx=3873 val=2.59062
[dump]   top4 idx=7573 val=2.53512
[dump] L24.mid    n=160     finite=1 absmax=0 mean=0 sumsq=0 ids: 308 387 456 219 175 439 263 46 181 370 263 175 387 219 354 446 462 46 183 231 134 99 36 263 320 446 498 308 212 387 263 99 360 308 342 387 433 46 175 354 263 360 308 157 342 128 82 99 433 134 206 360 387 395 175 263 308 394 46 458 134 263 99 387 223 277 446 308 360 183 134 387 90 223 446 204 360 313 263 261 360 354 387 263 252 99 446 150 27 46 263 360 354 387 66 183 462 208 446 46 181 263 360 46 308 387 446 175 99 134 263 134 181 183 387 360 462 354 28 231 263 462 360 183 134 354 181 387 231 223 263 181 134 462 183 219 439 354 28 218 181 360 263 134 462 387 231 175 81 317 263 462 181 360 317 183 134 387 218 393
[dump] L24.moe    n=40960   finite=1 absmax=0.56697      mean=0.0001809    sumsq=7.025947753        argmax=422
[dump]   top0 idx=422 val=0.28438
[dump]   top1 idx=403 val=0.08915
[dump]   top2 idx=2238 val=0.08664
[dump]   top3 idx=634 val=0.07260
[dump]   top4 idx=430 val=0.07248
[dump] L24.res    n=327680  finite=1 absmax=30.091       mean=0.014288     sumsq=200066.5615        argmax=169753
[dump]   top0 idx=169753 val=15.17015
[dump]   top1 idx=292568 val=14.15284
[dump]   top2 idx=272088 val=13.94485
[dump]   top3 idx=282328 val=13.77233
[dump]   top4 idx=261848 val=13.65914
[dump] L25.hcmix  n=40960   finite=1 absmax=12.991       mean=0.022329     sumsq=13310.87734        argmax=1500
[dump]   top0 idx=1500 val=7.91689
[dump]   top1 idx=7573 val=4.90696
[dump]   top2 idx=17813 val=4.31881
[dump]   top3 idx=12693 val=3.81254
[dump]   top4 idx=21685 val=3.76499
[dump] L25.att    n=40960   finite=1 absmax=0.4336       mean=0.00085056   sumsq=95.32939133        argmax=21473
[dump]   top0 idx=21473 val=0.43360
[dump]   top1 idx=29111 val=0.40515
[dump]   top2 idx=31671 val=0.39701
[dump]   top3 idx=8673 val=0.37745
[dump]   top4 idx=422 val=0.34223
[dump] L25.ffnxn  n=163840  finite=1 absmax=33.813       mean=0.04161      sumsq=262559.6512        argmax=128728
[dump]   top0 idx=128728 val=16.06918
[dump]   top1 idx=108248 val=15.81349
[dump]   top2 idx=118488 val=15.63205
[dump]   top3 idx=98008 val=15.50511
[dump]   top4 idx=67288 val=15.43382
[dump] L25.fmix   n=40960   finite=1 absmax=3.5584       mean=0.030844     sumsq=13357.57856        argmax=4046
[dump]   top0 idx=4046 val=3.55837
[dump]   top1 idx=1500 val=3.02361
[dump]   top2 idx=37981 val=2.49527
[dump]   top3 idx=230 val=2.49464
[dump]   top4 idx=7573 val=2.34166
[dump] L25.mid    n=160     finite=1 absmax=0 mean=0 sumsq=0 ids: 192 218 430 150 209 322 229 376 87 369 192 376 425 369 321 466 154 430 292 209 317 382 113 205 40 209 425 20 374 371 444 425 321 374 209 218 376 430 104 371 371 276 425 115 321 417 110 374 487 218 376 371 427 425 377 73 218 361 238 142 374 371 153 425 218 369 430 330 264 321 459 430 170 427 369 153 218 321 211 370 427 430 153 488 264 374 29 370 456 295 264 374 430 370 376 427 218 321 8 59 377 321 427 445 264 376 96 218 430 374 264 374 430 153 96 142 68 376 478 495 264 374 59 478 292 68 156 275 495 142 264 142 96 376 87 430 478 153 240 427 264 430 427 376 68 374 142 240 478 153 264 59 156 275 427 142 370 374 376 495
[dump] L25.moe    n=40960   finite=1 absmax=0.047591     mean=3.7465e-05   sumsq=3.662001306        argmax=22299
[dump]   top0 idx=22299 val=0.04759
[dump]   top1 idx=8682 val=0.04489
[dump]   top2 idx=34384 val=0.04145
[dump]   top3 idx=38302 val=0.04061
[dump]   top4 idx=24921 val=0.03869
[dump] L25.res    n=327680  finite=1 absmax=31.805       mean=0.016117     sumsq=226760.3869        argmax=169753
[dump]   top0 idx=169753 val=19.29029
[dump]   top1 idx=170460 val=18.35465
[dump]   top2 idx=292568 val=16.85705
[dump]   top3 idx=272088 val=16.59986
[dump]   top4 idx=282328 val=16.41206
[dump] L26.hcmix  n=40960   finite=1 absmax=14.463       mean=0.023864     sumsq=14404.85148        argmax=1500
[dump]   top0 idx=1500 val=9.82824
[dump]   top1 idx=793 val=4.93638
[dump]   top2 idx=17813 val=4.79446
[dump]   top3 idx=7573 val=4.37006
[dump]   top4 idx=10157 val=3.81910
[dump] L26.att    n=40960   finite=1 absmax=1.1496       mean=-0.0023273   sumsq=180.3184377        argmax=39128
[dump]   top0 idx=39128 val=0.44184
[dump]   top1 idx=39534 val=0.38607
[dump]   top2 idx=784 val=0.35846
[dump]   top3 idx=5848 val=0.34942
[dump]   top4 idx=2121 val=0.33864
[dump] L26.ffnxn  n=163840  finite=1 absmax=34.551       mean=0.023575     sumsq=197759.1479        argmax=5913
[dump]   top0 idx=5913 val=14.37502
[dump]   top1 idx=6620 val=13.87014
[dump]   top2 idx=1500 val=12.50896
[dump]   top3 idx=128728 val=12.47944
[dump]   top4 idx=159671 val=12.37741
[dump] L26.fmix   n=40960   finite=1 absmax=2.9736       mean=0.019094     sumsq=11624.19238        argmax=7573
[dump]   top0 idx=7573 val=2.88116
[dump]   top1 idx=17813 val=2.84803
[dump]   top2 idx=788 val=2.62628
[dump]   top3 idx=12655 val=2.42909
[dump]   top4 idx=30613 val=2.35913
[dump] L26.mid    n=160     finite=1 absmax=0 mean=0 sumsq=0 ids: 461 264 107 325 508 341 164 417 379 495 264 461 417 278 341 164 58 508 355 325 461 278 264 230 17 7 243 319 123 121 264 461 278 417 379 58 508 70 341 230 187 230 461 373 97 433 17 320 264 346 461 379 508 97 278 243 355 177 433 373 417 461 464 97 230 199 355 278 40 319 97 461 455 373 464 199 243 319 278 164 461 97 164 373 423 417 243 464 304 18 423 461 97 417 18 243 384 322 164 320 278 461 97 417 18 508 322 373 7 379 355 461 417 97 18 464 278 320 322 243 461 278 355 243 18 322 417 387 203 40 355 461 320 384 495 243 203 97 322 341 355 461 97 417 267 384 320 322 18 500 97 18 355 267 373 322 461 387 416 203
[dump] L26.moe    n=40960   finite=1 absmax=0.61419      mean=-3.0755e-05  sumsq=4.682966009        argmax=11726
[dump]   top0 idx=11726 val=0.05336
[dump]   top1 idx=422 val=0.04988
[dump]   top2 idx=8028 val=0.04894
[dump]   top3 idx=2324 val=0.04737
[dump]   top4 idx=579 val=0.04658
[dump] L26.res    n=327680  finite=1 absmax=64.003       mean=0.0089972    sumsq=119214.7784        argmax=169753
[dump]   top0 idx=169753 val=17.25475
[dump]   top1 idx=170460 val=14.88739
[dump]   top2 idx=292568 val=12.54123
[dump]   top3 idx=272088 val=12.35052
[dump]   top4 idx=282328 val=12.20887
[dump] L27.hcmix  n=40960   finite=1 absmax=30.783       mean=0.011248     sumsq=6177.690228        argmax=2565
[dump]   top0 idx=2565 val=2.73783
[dump]   top1 idx=5125 val=2.70260
[dump]   top2 idx=10245 val=2.66683
[dump]   top3 idx=17925 val=2.54716
[dump]   top4 idx=34008 val=2.53301
[dump] L27.att    n=40960   finite=1 absmax=3.4178       mean=0.00019942   sumsq=403.1274018        argmax=2311
[dump]   top0 idx=2311 val=3.41780
[dump]   top1 idx=47 val=1.30467
[dump]   top2 idx=1378 val=1.13045
[dump]   top3 idx=86 val=1.10750
[dump]   top4 idx=1795 val=1.06949
[dump] L27.ffnxn  n=163840  finite=1 absmax=38.231       mean=0.024804     sumsq=203491.0184        argmax=5913
[dump]   top0 idx=5913 val=15.84421
[dump]   top1 idx=128728 val=13.83858
[dump]   top2 idx=108248 val=13.62815
[dump]   top3 idx=6620 val=13.49989
[dump]   top4 idx=118488 val=13.47184
[dump] L27.fmix   n=40960   finite=1 absmax=3.3328       mean=0.020889     sumsq=12369.86684        argmax=4046
[dump]   top0 idx=4046 val=3.33281
[dump]   top1 idx=17813 val=2.96273
[dump]   top2 idx=16176 val=2.81967
[dump]   top3 idx=7573 val=2.77163
[dump]   top4 idx=18551 val=2.73519
[dump] L27.mid    n=160     finite=1 absmax=0 mean=0 sumsq=0 ids: 430 424 98 400 108 361 397 130 104 323 323 350 98 108 273 84 120 424 397 240 323 350 211 360 23 108 430 482 219 166 482 323 108 98 418 30 360 461 430 350 323 461 508 108 418 350 174 430 360 23 120 323 350 108 418 201 98 360 511 104 323 98 360 418 108 350 286 508 104 261 323 418 350 98 508 430 120 490 360 108 418 350 323 98 384 430 360 120 492 108 323 418 350 98 430 108 166 360 151 508 317 418 323 108 508 430 98 360 350 192 323 98 508 418 104 457 261 430 120 84 323 508 418 350 98 84 500 108 120 261 508 323 430 418 98 166 261 151 219 137 430 323 508 418 166 98 249 371 261 151 323 418 430 166 249 437 45 360 240 48
[dump] L27.moe    n=40960   finite=1 absmax=0.057945     mean=0.00024259   sumsq=4.430679356        argmax=30370
[dump]   top0 idx=30370 val=0.05618
[dump]   top1 idx=29990 val=0.05349
[dump]   top2 idx=29728 val=0.05057
[dump]   top3 idx=29282 val=0.04880
[dump]   top4 idx=29170 val=0.04790
[dump] L27.res    n=327680  finite=1 absmax=55.817       mean=0.01646      sumsq=242528.7331        argmax=170460
[dump]   top0 idx=170460 val=18.63190
[dump]   top1 idx=169753 val=18.22666
[dump]   top2 idx=292568 val=17.54537
[dump]   top3 idx=272088 val=17.27840
[dump]   top4 idx=282328 val=17.08045
[dump] L28.hcmix  n=40960   finite=1 absmax=30.992       mean=0.021378     sumsq=14620.3358         argmax=1500
[dump]   top0 idx=1500 val=10.70197
[dump]   top1 idx=788 val=4.31511
[dump]   top2 idx=47 val=3.78307
[dump]   top3 idx=7573 val=3.73561
[dump]   top4 idx=21685 val=3.43390
[dump] L28.att    n=40960   finite=1 absmax=0.6094       mean=-0.0018898   sumsq=100.2827939        argmax=2311
[dump]   top0 idx=2311 val=0.60940
[dump]   top1 idx=914 val=0.28096
[dump]   top2 idx=4544 val=0.23297
[dump]   top3 idx=36680 val=0.22346
[dump]   top4 idx=693 val=0.21958
[dump] L28.ffnxn  n=163840  finite=1 absmax=39.687       mean=0.027468     sumsq=243375.4472        argmax=5913
[dump]   top0 idx=5913 val=18.31936
[dump]   top1 idx=6620 val=13.66086
[dump]   top2 idx=128728 val=12.97369
[dump]   top3 idx=108248 val=12.77629
[dump]   top4 idx=118488 val=12.62992
[dump] L28.fmix   n=40960   finite=1 absmax=3.71         mean=0.020705     sumsq=13186.25439        argmax=36536
[dump]   top0 idx=36536 val=3.39947
[dump]   top1 idx=4046 val=3.22432
[dump]   top2 idx=17813 val=3.11552
[dump]   top3 idx=9908 val=3.05140
[dump]   top4 idx=7573 val=2.84808
[dump] L28.mid    n=160     finite=1 absmax=0 mean=0 sumsq=0 ids: 28 297 139 364 433 421 300 352 164 474 352 52 139 219 297 277 474 145 86 150 352 141 110 139 52 229 136 63 130 1 297 52 139 101 352 474 219 339 147 81 52 352 101 118 282 219 139 421 297 136 52 392 150 219 277 390 9 386 352 160 52 66 433 352 408 229 63 139 469 366 52 433 352 63 219 503 172 66 130 386 52 433 66 352 219 229 469 422 189 458 433 66 390 52 63 422 229 297 277 392 421 352 52 422 54 150 0 433 297 21 421 0 433 52 63 469 229 21 352 81 421 0 433 52 214 21 63 422 297 430 421 52 0 433 297 219 63 133 275 172 52 421 0 275 182 21 297 63 460 433 0 433 421 52 21 275 352 63 366 182
[dump] L28.moe    n=40960   finite=1 absmax=0.13383      mean=-8.729e-05   sumsq=4.481046946        argmax=2311
[dump]   top0 idx=2311 val=0.13383
[dump]   top1 idx=27542 val=0.05623
[dump]   top2 idx=40853 val=0.05599
[dump]   top3 idx=23707 val=0.04917
[dump]   top4 idx=39067 val=0.04817
[dump] L28.res    n=327680  finite=1 absmax=28.225       mean=0.012476     sumsq=242340.1017        argmax=169753
[dump]   top0 idx=169753 val=16.05636
[dump]   top1 idx=170460 val=15.68950
[dump]   top2 idx=183246 val=14.04995
[dump]   top3 idx=292568 val=13.52937
[dump]   top4 idx=272088 val=13.32363
[dump] L29.hcmix  n=40960   finite=1 absmax=5.8626       mean=0.015971     sumsq=15084.26233        argmax=7573
[dump]   top0 idx=7573 val=4.92951
[dump]   top1 idx=17813 val=4.07785
[dump]   top2 idx=12693 val=3.67096
[dump]   top3 idx=788 val=3.50355
[dump]   top4 idx=10157 val=3.36102
[dump] L29.att    n=40960   finite=1 absmax=0.21255      mean=0.0002662    sumsq=23.63333052        argmax=40195
[dump]   top0 idx=40195 val=0.21255
[dump]   top1 idx=39128 val=0.18035
[dump]   top2 idx=36568 val=0.16678
[dump]   top3 idx=11191 val=0.14256
[dump]   top4 idx=24835 val=0.14020
[dump] L29.ffnxn  n=163840  finite=1 absmax=43.221       mean=0.019567     sumsq=233774.6023        argmax=6620
[dump]   top0 idx=6620 val=17.56125
[dump]   top1 idx=5913 val=15.13095
[dump]   top2 idx=128728 val=14.73413
[dump]   top3 idx=160958 val=14.62510
[dump]   top4 idx=108248 val=14.51000
[dump] L29.fmix   n=40960   finite=1 absmax=4.0315       mean=0.0154       sumsq=14191.37758        argmax=4046
[dump]   top0 idx=4046 val=4.03150
[dump]   top1 idx=7573 val=3.98448
[dump]   top2 idx=788 val=3.76497
[dump]   top3 idx=17813 val=3.46079
[dump]   top4 idx=30613 val=3.33671
[dump] L29.mid    n=160     finite=1 absmax=0 mean=0 sumsq=0 ids: 293 466 68 387 262 400 285 337 54 451 387 290 273 148 330 93 250 504 162 337 290 148 387 273 325 16 394 250 330 93 148 290 250 387 273 330 91 265 93 267 290 118 148 273 508 250 387 265 312 259 387 290 148 93 273 317 91 296 259 118 259 387 290 265 250 118 273 325 338 296 259 387 118 273 290 265 93 325 440 274 387 259 290 265 273 22 91 312 148 118 387 259 290 273 22 148 97 265 93 91 118 387 273 290 259 265 250 148 469 93 259 387 273 290 265 97 438 325 342 453 342 438 259 265 387 273 290 451 93 468 279 259 325 389 93 273 265 185 387 97 387 273 259 93 118 265 342 290 463 438 259 438 342 279 97 265 387 468 118 22
[dump] L29.moe    n=40960   finite=1 absmax=0.14844      mean=0.00010392   sumsq=9.672633922        argmax=2311
[dump]   top0 idx=2311 val=0.14844
[dump]   top1 idx=29199 val=0.08387
[dump]   top2 idx=20969 val=0.07926
[dump]   top3 idx=21613 val=0.07758
[dump]   top4 idx=40696 val=0.07299
[dump] L29.res    n=327680  finite=1 absmax=32.069       mean=0.015079     sumsq=268312.2611        argmax=169753
[dump]   top0 idx=169753 val=18.87898
[dump]   top1 idx=323511 val=17.32892
[dump]   top2 idx=313271 val=17.32132
[dump]   top3 idx=282551 val=17.15058
[dump]   top4 idx=272311 val=16.66846
[dump] L30.hcmix  n=40960   finite=1 absmax=8.8708       mean=0.018681     sumsq=13514.06827        argmax=1500
[dump]   top0 idx=1500 val=8.87081
[dump]   top1 idx=788 val=4.45722
[dump]   top2 idx=7573 val=3.64689
[dump]   top3 idx=12693 val=3.53428
[dump]   top4 idx=1787 val=3.42507
[dump] L30.att    n=40960   finite=1 absmax=1.1661       mean=-0.0005534   sumsq=113.7279903        argmax=38882
[dump]   top0 idx=38882 val=0.48476
[dump]   top1 idx=1603 val=0.42597
[dump]   top2 idx=31713 val=0.39075
[dump]   top3 idx=21431 val=0.38096
[dump]   top4 idx=26082 val=0.36702
[dump] L30.ffnxn  n=163840  finite=1 absmax=31.744       mean=0.023262     sumsq=332576.7637        argmax=6620
[dump]   top0 idx=6620 val=16.89083
[dump]   top1 idx=128728 val=16.67883
[dump]   top2 idx=108248 val=16.42002
[dump]   top3 idx=118488 val=16.23673
[dump]   top4 idx=98008 val=16.12710
[dump] L30.fmix   n=40960   finite=1 absmax=7.3624       mean=0.015557     sumsq=19539.83858        argmax=4046
[dump]   top0 idx=4046 val=4.93066
[dump]   top1 idx=1500 val=3.74354
[dump]   top2 idx=788 val=3.69736
[dump]   top3 idx=8681 val=3.57754
[dump]   top4 idx=30613 val=3.05156
[dump] L30.mid    n=160     finite=1 absmax=0 mean=0 sumsq=0 ids: 165 151 398 326 331 506 40 137 138 417 506 165 138 14 326 500 409 111 398 280 95 414 280 409 506 14 311 227 234 338 205 165 280 223 506 318 398 498 106 259 376 280 5 223 81 409 22 463 335 318 14 308 409 151 234 290 506 12 110 129 506 138 111 11 335 151 205 181 212 398 506 138 14 335 441 212 409 86 6 154 335 506 138 280 11 212 473 111 441 439 11 138 506 14 111 280 335 498 212 398 181 473 409 506 370 129 64 6 439 280 506 11 398 138 181 151 335 282 49 136 506 138 212 11 335 409 128 40 500 473 181 335 506 280 212 151 79 11 415 398 181 506 335 326 86 82 11 244 212 415 244 335 506 11 100 128 482 510 398 181
[dump] L30.moe    n=40960   finite=1 absmax=0.065153     mean=0.00011825   sumsq=7.921416904        argmax=36714
[dump]   top0 idx=36714 val=0.06290
[dump]   top1 idx=34729 val=0.06067
[dump]   top2 idx=17713 val=0.05821
[dump]   top3 idx=35492 val=0.05555
[dump]   top4 idx=28798 val=0.05454
[dump] L30.res    n=327680  finite=1 absmax=28.706       mean=0.010593     sumsq=120465.2234        argmax=169753
[dump]   top0 idx=169753 val=15.91403
[dump]   top1 idx=292568 val=13.63386
[dump]   top2 idx=272088 val=13.43364
[dump]   top3 idx=282328 val=13.30897
[dump]   top4 idx=261848 val=13.20058
[dump] L31.hcmix  n=40960   finite=1 absmax=10.185       mean=0.0064592    sumsq=3531.947537        argmax=3288
[dump]   top0 idx=3288 val=2.13548
[dump]   top1 idx=23768 val=2.08612
[dump]   top2 idx=16088 val=2.08478
[dump]   top3 idx=28888 val=2.02035
[dump]   top4 idx=21208 val=2.00581
[dump] L31.att    n=40960   finite=1 absmax=0.76626      mean=-0.002738    sumsq=166.5447069        argmax=892
[dump]   top0 idx=892 val=0.76626
[dump]   top1 idx=2311 val=0.76051
[dump]   top2 idx=1795 val=0.47187
[dump]   top3 idx=3765 val=0.42543
[dump]   top4 idx=2121 val=0.39039
[dump] L31.ffnxn  n=163840  finite=1 absmax=58.394       mean=0.018391     sumsq=562939.759         argmax=128728
[dump]   top0 idx=128728 val=43.69374
[dump]   top1 idx=108248 val=43.04039
[dump]   top2 idx=118488 val=42.64702
[dump]   top3 idx=98008 val=42.30051
[dump]   top4 idx=67288 val=41.99088
[dump] L31.fmix   n=40960   finite=1 absmax=6.7076       mean=0.0070907    sumsq=29351.97747        argmax=23768
[dump]   top0 idx=23768 val=6.70760
[dump]   top1 idx=8681 val=6.04485
[dump]   top2 idx=21208 val=5.41504
[dump]   top3 idx=13528 val=4.88560
[dump]   top4 idx=9908 val=4.61397
[dump] L31.mid    n=160     finite=1 absmax=0 mean=0 sumsq=0 ids: 283 174 156 96 215 136 55 199 100 50 494 199 50 405 207 100 318 12 156 474 263 494 199 207 192 314 318 31 474 298 207 156 494 234 379 33 444 405 388 298 116 207 236 453 210 156 318 16 494 326 288 32 116 426 50 406 501 399 207 444 288 207 494 156 426 302 399 318 199 405 494 199 399 193 426 288 311 501 134 405 494 207 288 405 199 318 446 303 174 501 494 399 318 501 207 288 342 405 156 303 405 207 399 100 314 192 303 318 494 174 494 405 283 399 289 318 156 342 199 207 494 318 283 174 399 303 449 405 501 288 283 289 494 327 405 156 96 288 177 192 289 283 156 494 405 449 174 302 12 446 303 289 449 174 283 405 156 494 56 207
[dump] L31.moe    n=40960   finite=1 absmax=0.10536      mean=0.00020015   sumsq=11.65596902        argmax=2311
[dump]   top0 idx=2311 val=0.10536
[dump]   top1 idx=3022 val=0.09549
[dump]   top2 idx=8142 val=0.07689
[dump]   top3 idx=28680 val=0.07245
[dump]   top4 idx=29346 val=0.07065
[dump] L31.res    n=327680  finite=1 absmax=36.374       mean=0.011958     sumsq=309236.4817        argmax=169753
[dump]   top0 idx=169753 val=24.08734
[dump]   top1 idx=170460 val=21.13260
[dump]   top2 idx=323511 val=17.17173
[dump]   top3 idx=313271 val=17.11773
[dump]   top4 idx=282551 val=16.94919
[dump] L32.hcmix  n=40960   finite=1 absmax=15.844       mean=0.010055     sumsq=14811.84721        argmax=1500
[dump]   top0 idx=1500 val=10.29164
[dump]   top1 idx=788 val=5.00494
[dump]   top2 idx=4060 val=3.76595
[dump]   top3 idx=38631 val=3.60730
[dump]   top4 idx=579 val=3.57467
[dump] L32.att    n=40960   finite=1 absmax=0.39551      mean=-0.00090186  sumsq=54.72966108        argmax=5081
[dump]   top0 idx=5081 val=0.39551
[dump]   top1 idx=7622 val=0.29881
[dump]   top2 idx=3553 val=0.26401
[dump]   top3 idx=33222 val=0.24238
[dump]   top4 idx=6254 val=0.23174
[dump] L32.ffnxn  n=163840  finite=1 absmax=60.894       mean=0.015484     sumsq=467423.7915        argmax=1500
[dump]   top0 idx=1500 val=21.35332
[dump]   top1 idx=128728 val=20.86146
[dump]   top2 idx=108248 val=20.54665
[dump]   top3 idx=118488 val=20.36047
[dump]   top4 idx=98008 val=20.19507
[dump] L32.fmix   n=40960   finite=1 absmax=5.0273       mean=0.0073551    sumsq=26634.37489        argmax=8681
[dump]   top0 idx=8681 val=5.02731
[dump]   top1 idx=14245 val=3.77546
[dump]   top2 idx=13717 val=3.76866
[dump]   top3 idx=9908 val=3.72950
[dump]   top4 idx=788 val=3.66718
[dump] L32.mid    n=160     finite=1 absmax=0 mean=0 sumsq=0 ids: 228 243 272 256 487 429 58 132 392 74 228 28 429 359 480 92 243 272 142 394 228 28 140 429 142 149 113 99 236 261 228 429 447 188 124 28 319 341 418 261 188 228 104 447 429 319 303 138 243 58 228 394 272 142 12 140 369 388 419 205 359 429 243 228 142 58 140 487 272 263 228 429 272 243 359 394 400 58 140 74 228 429 243 272 142 359 263 58 149 140 359 228 429 263 272 243 142 480 58 92 228 272 243 465 429 400 263 149 447 142 228 429 243 272 359 480 58 263 479 140 228 429 272 263 359 243 140 391 480 132 243 228 429 58 189 272 489 479 263 248 228 243 278 7 480 359 75 58 202 92 243 228 359 454 278 235 189 480 507 263
[dump] L32.moe    n=40960   finite=1 absmax=0.37396      mean=0.00011756   sumsq=14.89833516        argmax=2311
[dump]   top0 idx=2311 val=0.31289
[dump]   top1 idx=1547 val=0.10912
[dump]   top2 idx=472 val=0.10729
[dump]   top3 idx=895 val=0.10281
[dump]   top4 idx=245 val=0.09924
[dump] L32.res    n=327680  finite=1 absmax=48.624       mean=0.01292      sumsq=284570.8575        argmax=170460
[dump]   top0 idx=170460 val=20.02470
[dump]   top1 idx=169753 val=16.17556
[dump]   top2 idx=292568 val=12.40515
[dump]   top3 idx=272088 val=12.21779
[dump]   top4 idx=282328 val=12.10797
[dump] L33.hcmix  n=40960   finite=1 absmax=5.9039       mean=0.018307     sumsq=16118.20483        argmax=7573
[dump]   top0 idx=7573 val=4.56019
[dump]   top1 idx=788 val=4.50215
[dump]   top2 idx=17813 val=4.15036
[dump]   top3 idx=12693 val=4.02272
[dump]   top4 idx=1500 val=3.78919
[dump] L33.att    n=40960   finite=1 absmax=0.17805      mean=-0.0012543   sumsq=28.48949729        argmax=4960
[dump]   top0 idx=4960 val=0.17805
[dump]   top1 idx=39129 val=0.15000
[dump]   top2 idx=10073 val=0.14661
[dump]   top3 idx=26593 val=0.14639
[dump]   top4 idx=32602 val=0.14505
[dump] L33.ffnxn  n=163840  finite=1 absmax=33.391       mean=0.014851     sumsq=357329.2782        argmax=5913
[dump]   top0 idx=5913 val=23.72359
[dump]   top1 idx=128728 val=17.03399
[dump]   top2 idx=108248 val=16.77664
[dump]   top3 idx=118488 val=16.62586
[dump]   top4 idx=98008 val=16.49037
[dump] L33.fmix   n=40960   finite=1 absmax=5.5951       mean=0.0096       sumsq=22040.79048        argmax=4046
[dump]   top0 idx=4046 val=5.59514
[dump]   top1 idx=6606 val=4.38522
[dump]   top2 idx=32206 val=3.96351
[dump]   top3 idx=788 val=3.10294
[dump]   top4 idx=13717 val=3.08095
[dump] L33.mid    n=160     finite=1 absmax=0 mean=0 sumsq=0 ids: 136 486 387 243 471 160 105 200 28 504 136 486 387 160 299 363 419 365 243 471 387 328 398 136 486 222 71 304 471 259 136 328 249 486 387 469 363 105 160 84 486 136 366 387 471 333 363 469 444 105 387 471 136 291 448 84 419 474 127 243 366 419 136 279 486 471 387 328 363 155 136 419 279 363 387 365 206 366 471 499 136 419 363 470 279 362 387 206 486 105 470 363 136 419 365 279 471 345 84 362 136 84 486 428 279 328 419 471 366 160 84 363 136 362 279 471 345 419 305 486 136 362 363 471 84 279 419 374 155 486 84 136 374 345 279 155 363 486 471 499 363 84 136 253 299 209 345 407 279 160 362 374 84 279 345 136 419 363 209 509
[dump] L33.moe    n=40960   finite=1 absmax=0.070426     mean=-3.1556e-05  sumsq=8.898105484        argmax=3119
[dump]   top0 idx=3119 val=0.06784
[dump]   top1 idx=6381 val=0.06657
[dump]   top2 idx=3777 val=0.06627
[dump]   top3 idx=8707 val=0.06501
[dump]   top4 idx=3677 val=0.06423
[dump] L33.res    n=327680  finite=1 absmax=43.005       mean=0.011613     sumsq=279905.0565        argmax=170460
[dump]   top0 idx=170460 val=19.09557
[dump]   top1 idx=292568 val=16.47841
[dump]   top2 idx=169753 val=16.27021
[dump]   top3 idx=272088 val=16.22915
[dump]   top4 idx=282328 val=16.08335
[dump] L34.hcmix  n=40960   finite=1 absmax=17.319       mean=0.013712     sumsq=15940.14305        argmax=1500
[dump]   top0 idx=1500 val=8.51645
[dump]   top1 idx=793 val=4.87498
[dump]   top2 idx=788 val=4.40151
[dump]   top3 idx=1912 val=3.83596
[dump]   top4 idx=34485 val=3.76342
[dump] L34.att    n=40960   finite=1 absmax=0.38261      mean=-0.00067104  sumsq=58.77190811        argmax=26082
[dump]   top0 idx=26082 val=0.38261
[dump]   top1 idx=40282 val=0.31271
[dump]   top2 idx=38882 val=0.31173
[dump]   top3 idx=32602 val=0.29693
[dump]   top4 idx=30042 val=0.29070
[dump] L34.ffnxn  n=163840  finite=1 absmax=38.042       mean=0.022996     sumsq=331871.4699        argmax=5913
[dump]   top0 idx=5913 val=18.00095
[dump]   top1 idx=6620 val=17.70843
[dump]   top2 idx=159671 val=17.56125
[dump]   top3 idx=149431 val=17.50406
[dump]   top4 idx=118711 val=17.33455
[dump] L34.fmix   n=40960   finite=1 absmax=4.2789       mean=0.019124     sumsq=19542.5017         argmax=1500
[dump]   top0 idx=1500 val=4.27889
[dump]   top1 idx=7573 val=4.09686
[dump]   top2 idx=17813 val=3.57510
[dump]   top3 idx=28893 val=3.42961
[dump]   top4 idx=36536 val=3.41368
[dump] L34.mid    n=160     finite=1 absmax=0 mean=0 sumsq=0 ids: 449 475 275 87 496 19 101 111 24 399 111 29 101 24 275 22 119 484 460 459 131 157 29 119 111 7 173 102 33 509 29 7 459 201 185 101 299 157 119 24 440 29 157 459 111 131 190 506 201 119 87 496 277 264 88 24 101 275 399 29 111 24 131 448 101 366 29 102 119 22 131 88 22 101 29 448 24 119 111 459 29 448 24 22 102 101 460 353 119 5 29 24 448 101 102 22 353 460 131 347 111 29 299 459 201 119 24 101 366 465 131 24 101 448 111 366 102 460 22 347 111 131 366 448 101 24 22 102 460 347 131 24 101 353 448 22 29 275 102 273 131 123 22 101 24 448 150 201 29 430 448 131 24 101 22 460 247 366 275 29
[dump] L34.moe    n=40960   finite=1 absmax=0.13791      mean=0.00033506   sumsq=13.78464917        argmax=28307
[dump]   top0 idx=28307 val=0.11050
[dump]   top1 idx=28691 val=0.10621
[dump]   top2 idx=30415 val=0.10325
[dump]   top3 idx=29990 val=0.10304
[dump]   top4 idx=30391 val=0.10198
[dump] L34.res    n=327680  finite=1 absmax=23.509       mean=0.0083232    sumsq=133541.3834        argmax=169753
[dump]   top0 idx=169753 val=14.13526
[dump]   top1 idx=292568 val=13.82454
[dump]   top2 idx=272088 val=13.61530
[dump]   top3 idx=170460 val=13.51194
[dump]   top4 idx=282328 val=13.49314
[dump] L35.hcmix  n=40960   finite=1 absmax=8.5605       mean=0.0096231    sumsq=5301.330144        argmax=23522
[dump]   top0 idx=23522 val=2.44141
[dump]   top1 idx=8162 val=2.32661
[dump]   top2 idx=34008 val=2.26061
[dump]   top3 idx=13282 val=2.25376
[dump]   top4 idx=28888 val=2.21419
[dump] L35.att    n=40960   finite=1 absmax=0.77598      mean=3.8251e-06   sumsq=140.5129313        argmax=1736
[dump]   top0 idx=1736 val=0.71066
[dump]   top1 idx=360 val=0.53090
[dump]   top2 idx=994 val=0.50682
[dump]   top3 idx=1795 val=0.49571
[dump]   top4 idx=1882 val=0.44736
[dump] L35.ffnxn  n=163840  finite=1 absmax=31.949       mean=0.017462     sumsq=365200.2946        argmax=159671
[dump]   top0 idx=159671 val=19.89893
[dump]   top1 idx=149431 val=19.80804
[dump]   top2 idx=118711 val=19.62667
[dump]   top3 idx=108471 val=19.04735
[dump]   top4 idx=128951 val=18.88457
[dump] L35.fmix   n=40960   finite=1 absmax=4.5529       mean=0.014447     sumsq=25191.40442        argmax=19715
[dump]   top0 idx=19715 val=3.53845
[dump]   top1 idx=12035 val=3.48907
[dump]   top2 idx=29955 val=3.34770
[dump]   top3 idx=14245 val=3.32154
[dump]   top4 idx=7971 val=3.24117
[dump] L35.mid    n=160     finite=1 absmax=0 mean=0 sumsq=0 ids: 434 31 170 360 342 472 406 372 500 403 472 161 3 222 342 375 309 434 362 31 222 309 3 161 342 56 472 162 455 362 161 472 291 222 403 70 426 309 342 353 472 161 70 3 222 31 259 342 9 345 3 368 472 453 501 74 9 8 49 434 472 3 31 121 49 453 161 375 434 70 472 3 397 31 375 315 52 453 49 434 472 375 161 3 315 31 434 222 56 121 472 161 375 3 315 31 56 372 121 434 472 500 170 222 161 31 426 315 375 372 472 31 121 375 434 315 161 3 426 277 375 472 315 31 121 3 385 434 222 342 121 31 472 490 315 56 375 161 434 162 472 31 121 315 173 490 434 161 454 372 121 472 31 315 490 56 161 375 162 434
[dump] L35.moe    n=40960   finite=1 absmax=0.17464      mean=0.0007879    sumsq=25.47334179        argmax=30042
[dump]   top0 idx=30042 val=0.16650
[dump]   top1 idx=21769 val=0.13216
[dump]   top2 idx=22362 val=0.12764
[dump]   top3 idx=21167 val=0.12290
[dump]   top4 idx=20856 val=0.12284
[dump] L35.res    n=327680  finite=1 absmax=24.226       mean=0.018316     sumsq=313017.8075        argmax=323511
[dump]   top0 idx=323511 val=19.41127
[dump]   top1 idx=313271 val=19.32269
[dump]   top2 idx=282551 val=19.14820
[dump]   top3 idx=169753 val=19.06357
[dump]   top4 idx=324798 val=18.85782
[dump] L36.hcmix  n=40960   finite=1 absmax=12.423       mean=0.015284     sumsq=14772.3343         argmax=1500
[dump]   top0 idx=1500 val=6.49640
[dump]   top1 idx=793 val=5.30768
[dump]   top2 idx=788 val=3.87027
[dump]   top3 idx=1736 val=3.77760
[dump]   top4 idx=19715 val=3.52717
[dump] L36.att    n=40960   finite=1 absmax=6.0723       mean=0.0026784    sumsq=752.4901773        argmax=1827
[dump]   top0 idx=1827 val=3.08663
[dump]   top1 idx=2311 val=2.04483
[dump]   top2 idx=1984 val=1.95033
[dump]   top3 idx=2238 val=1.92399
[dump]   top4 idx=403 val=1.86143
[dump] L36.ffnxn  n=163840  finite=1 absmax=46.184       mean=0.046388     sumsq=576520.0026        argmax=1827
[dump]   top0 idx=1827 val=23.44960
[dump]   top1 idx=159671 val=21.06949
[dump]   top2 idx=149431 val=20.97293
[dump]   top3 idx=118711 val=20.78397
[dump]   top4 idx=108471 val=20.16695
[dump] L36.fmix   n=40960   finite=1 absmax=6.0988       mean=0.035999     sumsq=38545.49491        argmax=8681
[dump]   top0 idx=8681 val=5.41292
[dump]   top1 idx=4046 val=4.88340
[dump]   top2 idx=14245 val=4.55279
[dump]   top3 idx=19490 val=4.41280
[dump]   top4 idx=13717 val=4.33315
[dump] L36.mid    n=160     finite=1 absmax=0 mean=0 sumsq=0 ids: 363 78 76 429 55 210 407 265 388 45 412 396 358 102 218 25 387 490 217 269 218 412 396 233 387 429 137 105 388 96 218 308 134 76 147 388 349 146 445 439 358 134 96 369 218 396 298 76 125 233 54 491 306 55 496 363 313 219 4 481 387 313 218 358 25 429 134 396 210 258 244 387 102 306 481 341 313 218 248 485 387 296 218 258 25 102 313 341 244 210 387 258 25 218 210 296 363 76 265 102 218 339 387 293 148 140 26 363 158 388 387 218 25 485 313 494 158 243 248 210 387 25 258 330 324 388 169 40 210 485 387 185 25 258 442 218 243 410 429 168 387 278 258 25 442 179 18 314 370 262 387 179 442 258 25 168 185 410 182 307
[dump] L36.moe    n=40960   finite=1 absmax=0.22943      mean=0.00058858   sumsq=54.05041279        argmax=35107
[dump]   top0 idx=35107 val=0.21270
[dump]   top1 idx=34333 val=0.18328
[dump]   top2 idx=32840 val=0.18317
[dump]   top3 idx=29987 val=0.17327
[dump]   top4 idx=35458 val=0.17025
[dump] L36.res    n=327680  finite=1 absmax=50.374       mean=0.0252       sumsq=350257.0923        argmax=170460
[dump]   top0 idx=170460 val=27.37810
[dump]   top1 idx=169753 val=24.37147
[dump]   top2 idx=165667 val=18.65712
[dump]   top3 idx=292568 val=13.57868
[dump]   top4 idx=272088 val=13.36650
[dump] L37.hcmix  n=40960   finite=1 absmax=16.869       mean=0.031802     sumsq=14251.71021        argmax=1500
[dump]   top0 idx=1500 val=7.83921
[dump]   top1 idx=1827 val=6.63292
[dump]   top2 idx=19715 val=4.36992
[dump]   top3 idx=138 val=4.15002
[dump]   top4 idx=1736 val=4.02873
[dump] L37.att    n=40960   finite=1 absmax=2.2662       mean=-0.0010869   sumsq=127.9858814        argmax=2537
[dump]   top0 idx=2537 val=1.14541
[dump]   top1 idx=932 val=0.68177
[dump]   top2 idx=138 val=0.63429
[dump]   top3 idx=1359 val=0.55786
[dump]   top4 idx=1750 val=0.54769
[dump] L37.ffnxn  n=163840  finite=1 absmax=49.134       mean=0.050758     sumsq=526325.1765        argmax=1827
[dump]   top0 idx=1827 val=21.71128
[dump]   top1 idx=159671 val=19.11426
[dump]   top2 idx=149431 val=19.01442
[dump]   top3 idx=118711 val=18.85430
[dump]   top4 idx=128728 val=18.39298
[dump] L37.fmix   n=40960   finite=1 absmax=5.4607       mean=0.044305     sumsq=38419.51403        argmax=8681
[dump]   top0 idx=8681 val=4.75941
[dump]   top1 idx=12360 val=4.12800
[dump]   top2 idx=14245 val=4.10559
[dump]   top3 idx=10936 val=3.97342
[dump]   top4 idx=7573 val=3.94638
[dump] L37.mid    n=160     finite=1 absmax=0 mean=0 sumsq=0 ids: 255 72 379 304 131 25 418 420 10 324 255 19 324 304 150 369 286 379 118 451 451 286 128 350 369 118 200 435 255 197 306 255 346 19 511 359 284 265 479 128 128 346 255 187 451 150 33 379 304 131 131 297 302 25 379 255 392 134 96 142 19 29 118 346 369 57 484 304 255 313 118 19 57 360 255 25 369 197 290 27 118 19 352 346 57 369 484 155 200 255 352 19 118 57 200 306 369 346 255 326 19 317 255 369 484 346 379 118 155 326 346 255 369 131 19 200 57 379 313 155 369 57 304 264 255 19 346 118 155 477 313 57 469 369 389 346 200 326 306 128 313 346 321 19 369 469 57 326 255 118 313 346 57 369 469 304 264 19 326 243
[dump] L37.moe    n=40960   finite=1 absmax=0.16809      mean=0.00014461   sumsq=45.82988185        argmax=29042
[dump]   top0 idx=29042 val=0.16809
[dump]   top1 idx=24921 val=0.16487
[dump]   top2 idx=29424 val=0.15135
[dump]   top3 idx=28439 val=0.14779
[dump]   top4 idx=31602 val=0.14717
[dump] L37.res    n=327680  finite=1 absmax=72.828       mean=0.016331     sumsq=304995.9252        argmax=170460
[dump]   top0 idx=170460 val=28.94975
[dump]   top1 idx=169753 val=25.20715
[dump]   top2 idx=163978 val=19.00654
[dump]   top3 idx=189445 val=19.00224
[dump]   top4 idx=240645 val=18.80299
[dump] L38.hcmix  n=40960   finite=1 absmax=34.056       mean=0.020789     sumsq=14892.33809        argmax=1500
[dump]   top0 idx=1500 val=9.62161
[dump]   top1 idx=1827 val=5.83946
[dump]   top2 idx=138 val=5.75714
[dump]   top3 idx=793 val=5.15021
[dump]   top4 idx=5125 val=4.70252
[dump] L38.att    n=40960   finite=1 absmax=0.46671      mean=-0.00063091  sumsq=108.6698749        argmax=403
[dump]   top0 idx=403 val=0.40369
[dump]   top1 idx=36753 val=0.33431
[dump]   top2 idx=34193 val=0.33397
[dump]   top3 idx=23953 val=0.29214
[dump]   top4 idx=7716 val=0.28861
[dump] L38.ffnxn  n=163840  finite=1 absmax=36.349       mean=0.050816     sumsq=587485.2789        argmax=48495
[dump]   top0 idx=48495 val=23.05473
[dump]   top1 idx=36841 val=20.02053
[dump]   top2 idx=6983 val=18.23300
[dump]   top3 idx=149176 val=17.63890
[dump]   top4 idx=46776 val=16.81682
[dump] L38.fmix   n=40960   finite=1 absmax=5.7766       mean=0.04413      sumsq=34875.42446        argmax=12655
[dump]   top0 idx=12655 val=5.77664
[dump]   top1 idx=10936 val=5.20640
[dump]   top2 idx=8681 val=5.01582
[dump]   top3 idx=1863 val=4.24615
[dump]   top4 idx=7573 val=4.09285
[dump] L38.mid    n=160     finite=1 absmax=0 mean=0 sumsq=0 ids: 317 456 283 345 309 41 57 287 446 205 425 96 394 164 305 438 188 275 402 483 460 188 265 96 425 402 232 187 438 504 464 352 279 145 96 376 51 54 460 164 396 460 183 96 193 202 111 356 384 306 341 347 206 235 309 104 18 462 388 345 7 206 438 460 226 116 341 50 393 483 241 425 375 124 307 259 106 291 388 438 504 460 388 96 124 50 206 400 486 279 504 460 454 355 279 438 135 486 50 206 153 87 71 226 460 454 173 452 164 350 460 206 116 226 213 7 41 117 244 483 483 226 460 206 438 486 7 117 188 50 226 412 173 206 457 287 262 460 50 483 168 173 226 370 323 483 228 287 262 254 226 287 173 483 206 260 354 76 438 457
[dump] L38.moe    n=40960   finite=1 absmax=0.1818       mean=-2.982e-05   sumsq=34.99472367        argmax=27937
[dump]   top0 idx=27937 val=0.18180
[dump]   top1 idx=8826 val=0.12970
[dump]   top2 idx=14924 val=0.12737
[dump]   top3 idx=37387 val=0.12533
[dump]   top4 idx=8177 val=0.11971
[dump] L38.res    n=327680  finite=1 absmax=29.741       mean=0.011245     sumsq=210504.7368        argmax=170460
[dump]   top0 idx=170460 val=20.33348
[dump]   top1 idx=169753 val=19.56281
[dump]   top2 idx=322565 val=15.39510
[dump]   top3 idx=271365 val=15.19255
[dump]   top4 idx=261125 val=15.15736
[dump] L39.hcmix  n=40960   finite=1 absmax=4.8204       mean=0.0083745    sumsq=5531.198602        argmax=793
[dump]   top0 idx=793 val=4.82036
[dump]   top1 idx=23045 val=3.42282
[dump]   top2 idx=38405 val=3.26683
[dump]   top3 idx=25605 val=3.16183
[dump]   top4 idx=30725 val=3.11947
[dump] L39.att    n=40960   finite=1 absmax=0.55114      mean=0.00017861   sumsq=216.9850803        argmax=29052
[dump]   top0 idx=29052 val=0.55114
[dump]   top1 idx=15465 val=0.42110
[dump]   top2 idx=23839 val=0.41184
[dump]   top3 idx=31519 val=0.39633
[dump]   top4 idx=23561 val=0.39123
[dump] L39.ffnxn  n=163840  finite=1 absmax=45.175       mean=0.035287     sumsq=767094.5681        argmax=36841
[dump]   top0 idx=36841 val=27.04250
[dump]   top1 idx=1827 val=21.13191
[dump]   top2 idx=36448 val=20.57874
[dump]   top3 idx=99620 val=19.86920
[dump]   top4 idx=57765 val=18.27693
[dump] L39.fmix   n=40960   finite=1 absmax=8.4928       mean=0.027296     sumsq=41275.12877        argmax=8681
[dump]   top0 idx=8681 val=8.49277
[dump]   top1 idx=15939 val=5.72038
[dump]   top2 idx=8288 val=5.43617
[dump]   top3 idx=23619 val=5.15936
[dump]   top4 idx=5699 val=5.10883
[dump] L39.mid    n=160     finite=1 absmax=0 mean=0 sumsq=0 ids: 356 323 285 42 496 260 242 334 450 82 356 496 103 167 45 480 128 223 494 120 48 496 356 45 480 103 123 128 477 223 356 42 496 99 307 107 355 337 264 220 356 99 500 496 109 42 103 128 342 264 372 480 356 82 201 389 285 367 495 494 356 99 42 128 480 334 109 103 104 342 480 356 128 334 42 299 121 375 394 477 356 128 42 480 110 148 60 299 121 274 356 406 128 32 477 177 42 219 480 342 356 477 42 459 128 442 372 36 355 506 356 128 480 334 110 60 42 496 148 360 356 334 32 60 128 42 480 145 110 257 356 60 127 128 233 116 108 10 110 433 356 425 60 334 257 116 127 233 128 463 356 60 128 425 233 127 116 110 32 257
[dump] L39.moe    n=40960   finite=1 absmax=0.45664      mean=0.00024971   sumsq=101.0117583        argmax=2311
[dump]   top0 idx=2311 val=0.45664
[dump]   top1 idx=422 val=0.30746
[dump]   top2 idx=21084 val=0.27700
[dump]   top3 idx=1882 val=0.26971
[dump]   top4 idx=21597 val=0.23810
[dump] L39.res    n=327680  finite=1 absmax=40.326       mean=0.020614     sumsq=491551.286         argmax=212335
[dump]   top0 idx=212335 val=23.82797
[dump]   top1 idx=165667 val=23.53599
[dump]   top2 idx=232417 val=23.22922
[dump]   top3 idx=169753 val=21.97674
[dump]   top4 idx=170460 val=21.31570
[dump] L40.hcmix  n=40960   finite=1 absmax=19.966       mean=0.033836     sumsq=27469.31869        argmax=138
[dump]   top0 idx=138 val=7.88449
[dump]   top1 idx=1827 val=6.94964
[dump]   top2 idx=12655 val=6.07544
[dump]   top3 idx=472 val=4.90410
[dump]   top4 idx=1984 val=4.78866
[dump] L40.att    n=40960   finite=1 absmax=0.68974      mean=0.0025639    sumsq=201.1097814        argmax=36901
[dump]   top0 idx=36901 val=0.68974
[dump]   top1 idx=13861 val=0.61877
[dump]   top2 idx=8741 val=0.56743
[dump]   top3 idx=27937 val=0.55030
[dump]   top4 idx=18402 val=0.48754
[dump] L40.ffnxn  n=163840  finite=1 absmax=40.651       mean=0.043804     sumsq=763028.3931        argmax=7358
[dump]   top0 idx=7358 val=29.85500
[dump]   top1 idx=160958 val=27.65782
[dump]   top2 idx=79038 val=27.18112
[dump]   top3 idx=130238 val=26.06050
[dump]   top4 idx=89278 val=25.74072
[dump] L40.fmix   n=40960   finite=1 absmax=7.3204       mean=0.033577     sumsq=46959.09565        argmax=8681
[dump]   top0 idx=8681 val=7.32042
[dump]   top1 idx=15939 val=6.26710
[dump]   top2 idx=22718 val=5.95495
[dump]   top3 idx=25278 val=5.69955
[dump]   top4 idx=20158 val=5.57386
[dump] L40.mid    n=160     finite=1 absmax=0 mean=0 sumsq=0 ids: 280 172 309 449 178 141 428 91 103 381 280 28 141 249 332 380 135 334 311 229 280 268 282 8 218 66 502 335 332 301 280 217 380 199 111 277 461 477 334 271 268 334 217 280 160 21 391 380 199 67 36 178 428 200 280 295 127 310 60 309 335 280 334 380 141 138 217 398 160 204 280 128 188 335 295 336 237 138 50 200 335 280 138 220 261 465 282 181 398 263 204 280 52 398 335 22 250 229 465 83 307 412 170 282 301 77 351 280 178 36 172 280 335 208 138 64 374 61 178 438 335 208 172 138 280 178 465 220 240 459 240 491 204 335 435 61 155 494 212 57 240 172 491 335 470 208 212 398 61 138 335 240 172 208 491 470 497 138 435 260
[dump] L40.moe    n=40960   finite=1 absmax=0.20035      mean=9.0475e-05   sumsq=38.54964631        argmax=10697
[dump]   top0 idx=10697 val=0.20035
[dump]   top1 idx=12437 val=0.19250
[dump]   top2 idx=11959 val=0.19235
[dump]   top3 idx=12555 val=0.18587
[dump]   top4 idx=10736 val=0.17680
[dump] L40.res    n=327680  finite=1 absmax=39.011       mean=0.022475     sumsq=389198.8404        argmax=170460
[dump]   top0 idx=170460 val=17.17715
[dump]   top1 idx=165667 val=16.26149
[dump]   top2 idx=169753 val=16.18132
[dump]   top3 idx=166538 val=15.61703
[dump]   top4 idx=231031 val=14.65112
[dump] L41.hcmix  n=40960   finite=1 absmax=19.261       mean=0.029988     sumsq=20918.10916        argmax=138
[dump]   top0 idx=138 val=7.26425
[dump]   top1 idx=1827 val=5.78314
[dump]   top2 idx=1500 val=5.48176
[dump]   top3 idx=1984 val=4.91852
[dump]   top4 idx=27937 val=4.35591
[dump] L41.att    n=40960   finite=1 absmax=0.6411       mean=0.00064132   sumsq=158.2970026        argmax=17242
[dump]   top0 idx=17242 val=0.64110
[dump]   top1 idx=30042 val=0.62132
[dump]   top2 idx=32602 val=0.55256
[dump]   top3 idx=22362 val=0.54618
[dump]   top4 idx=27482 val=0.52970
[dump] L41.ffnxn  n=163840  finite=1 absmax=36.88        mean=0.04854      sumsq=762839.6609        argmax=1827
[dump]   top0 idx=1827 val=22.68775
[dump]   top1 idx=36841 val=19.63240
[dump]   top2 idx=68577 val=18.93094
[dump]   top3 idx=37751 val=17.89061
[dump]   top4 idx=99620 val=17.59191
[dump] L41.fmix   n=40960   finite=1 absmax=6.8216       mean=0.037685     sumsq=49709.35369        argmax=8681
[dump]   top0 idx=8681 val=5.66632
[dump]   top1 idx=1500 val=5.42683
[dump]   top2 idx=8288 val=5.05906
[dump]   top3 idx=11929 val=4.66108
[dump]   top4 idx=25380 val=4.63271
[dump] L41.mid    n=160     finite=1 absmax=0 mean=0 sumsq=0 ids: 59 240 198 491 331 445 482 420 266 348 348 178 489 196 27 505 378 281 20 21 205 348 132 58 378 20 480 423 19 178 289 387 19 343 255 90 204 160 348 135 21 95 204 343 90 71 454 196 160 255 496 59 55 433 42 491 476 198 403 482 157 59 116 118 204 496 198 433 299 20 59 489 299 376 240 430 440 399 433 198 132 118 506 253 58 198 302 422 116 205 404 118 131 205 426 366 348 132 342 75 389 45 406 303 146 461 505 510 169 374 59 433 118 416 198 450 443 240 105 491 59 433 440 118 450 476 240 198 491 105 278 59 305 450 483 17 433 221 413 52 59 450 346 433 240 477 301 338 293 417 59 450 491 119 433 118 440 472 106 111
[dump] L41.moe    n=40960   finite=1 absmax=0.1502       mean=-0.00022464  sumsq=46.51663613        argmax=10253
[dump]   top0 idx=10253 val=0.15020
[dump]   top1 idx=30466 val=0.14197
[dump]   top2 idx=12590 val=0.13907
[dump]   top3 idx=10644 val=0.13677
[dump]   top4 idx=11879 val=0.13527
[dump] L41.res    n=327680  finite=1 absmax=36.761       mean=0.022094     sumsq=391498.441         argmax=165667
[dump]   top0 idx=165667 val=26.66051
[dump]   top1 idx=170460 val=20.37575
[dump]   top2 idx=169753 val=13.86660
[dump]   top3 idx=167332 val=13.23340
[dump]   top4 idx=177522 val=13.15483
[dump] L42.hcmix  n=40960   finite=1 absmax=12.795       mean=0.03022      sumsq=21702.02464        argmax=1984
[dump]   top0 idx=1984 val=6.09031
[dump]   top1 idx=138 val=5.71090
[dump]   top2 idx=14422 val=4.77297
[dump]   top3 idx=30042 val=4.40286
[dump]   top4 idx=3442 val=3.75374
[dump] L42.att    n=40960   finite=1 absmax=0.75965      mean=0.0010125    sumsq=138.7627133        argmax=23522
[dump]   top0 idx=23522 val=0.41248
[dump]   top1 idx=20962 val=0.38158
[dump]   top2 idx=18402 val=0.35960
[dump]   top3 idx=39393 val=0.34891
[dump]   top4 idx=10722 val=0.34594
[dump] L42.ffnxn  n=163840  finite=1 absmax=38.184       mean=0.053136     sumsq=775668.4844        argmax=1827
[dump]   top0 idx=1827 val=20.23024
[dump]   top1 idx=128951 val=17.87672
[dump]   top2 idx=108471 val=17.32840
[dump]   top3 idx=159671 val=17.26127
[dump]   top4 idx=98231 val=16.91145
[dump] L42.fmix   n=40960   finite=1 absmax=5.5757       mean=0.038799     sumsq=49158.60855        argmax=8681
[dump]   top0 idx=8681 val=5.57567
[dump]   top1 idx=29042 val=4.89979
[dump]   top2 idx=33683 val=4.88862
[dump]   top3 idx=27937 val=4.79636
[dump]   top4 idx=21424 val=4.77741
[dump] L42.mid    n=160     finite=1 absmax=0 mean=0 sumsq=0 ids: 294 151 366 248 283 322 212 393 83 432 455 78 357 466 293 3 341 279 250 276 357 455 279 302 495 276 341 37 14 231 474 42 21 455 39 141 105 51 414 108 39 59 455 357 65 276 21 92 414 377 53 506 215 507 151 14 276 348 140 231 3 110 310 53 140 231 357 276 90 5 310 110 140 354 3 455 276 53 357 90 310 341 3 191 455 283 182 110 136 140 341 391 3 269 278 110 357 452 283 191 310 3 227 151 105 110 333 455 72 283 3 337 212 140 193 231 5 310 451 151 3 310 5 140 151 121 212 193 466 411 212 321 446 3 6 509 399 7 341 310 212 310 494 7 3 509 358 399 498 83 212 3 509 498 310 399 140 83 290 6
[dump] L42.moe    n=40960   finite=1 absmax=0.23276      mean=0.0006391    sumsq=74.65872978        argmax=36682
[dump]   top0 idx=36682 val=0.23276
[dump]   top1 idx=38053 val=0.21635
[dump]   top2 idx=544 val=0.20445
[dump]   top3 idx=40613 val=0.19975
[dump]   top4 idx=37677 val=0.19463
[dump] L42.res    n=327680  finite=1 absmax=20.404       mean=0.011847     sumsq=127688.3375        argmax=170460
[dump]   top0 idx=170460 val=12.49079
[dump]   top1 idx=165667 val=11.71897
[dump]   top2 idx=322565 val=11.41420
[dump]   top3 idx=271365 val=11.35003
[dump]   top4 idx=261125 val=11.28539
[dump] L43.hcmix  n=40960   finite=1 absmax=3.8276       mean=0.0070788    sumsq=2794.309922        argmax=23922
[dump]   top0 idx=23922 val=3.82760
[dump]   top1 idx=31602 val=3.81557
[dump]   top2 idx=21362 val=3.80974
[dump]   top3 idx=29042 val=3.76500
[dump]   top4 idx=39282 val=3.57611
[dump] L43.att    n=40960   finite=1 absmax=0.53261      mean=0.0031606    sumsq=187.5698502        argmax=28888
[dump]   top0 idx=28888 val=0.50453
[dump]   top1 idx=29551 val=0.49361
[dump]   top2 idx=16751 val=0.48727
[dump]   top3 idx=30398 val=0.46598
[dump]   top4 idx=11631 val=0.44776
[dump] L43.ffnxn  n=163840  finite=1 absmax=31.39        mean=0.054675     sumsq=558539.3352        argmax=99620
[dump]   top0 idx=99620 val=19.71526
[dump]   top1 idx=98248 val=16.53646
[dump]   top2 idx=87152 val=16.50966
[dump]   top3 idx=67288 val=16.42566
[dump]   top4 idx=118488 val=16.21146
[dump] L43.fmix   n=40960   finite=1 absmax=5.6195       mean=0.036993     sumsq=36498.43921        argmax=25380
[dump]   top0 idx=25380 val=5.61955
[dump]   top1 idx=24008 val=3.96667
[dump]   top2 idx=33683 val=3.93070
[dump]   top3 idx=9856 val=3.92679
[dump]   top4 idx=29120 val=3.87730
[dump] L43.mid    n=160     finite=1 absmax=0 mean=0 sumsq=0 ids: 300 180 86 133 13 413 91 60 64 162 44 166 300 124 471 293 24 346 363 477 293 300 417 117 124 166 505 471 44 483 300 19 439 293 189 42 371 257 221 155 300 221 257 219 376 371 439 348 243 80 300 10 499 133 331 472 337 26 286 146 300 499 462 337 363 146 64 219 293 483 300 499 146 374 86 101 337 363 462 117 300 121 97 86 499 462 451 145 483 203 300 483 266 293 462 216 270 299 324 430 300 496 323 86 90 182 64 117 278 403 300 86 499 337 0 227 61 133 272 451 300 86 499 133 462 483 363 64 337 250 300 325 248 86 202 499 133 436 355 259 300 325 86 499 4 14 146 347 117 60 300 325 86 499 436 99 462 337 98 81
[dump] L43.moe    n=40960   finite=1 absmax=0.18125      mean=0.0002543    sumsq=39.6370463         argmax=28742
[dump]   top0 idx=28742 val=0.18125
[dump]   top1 idx=31302 val=0.16908
[dump]   top2 idx=29516 val=0.14949
[dump]   top3 idx=30262 val=0.13984
[dump]   top4 idx=20711 val=0.13878
[dump] L43.res    n=327680  finite=1 absmax=48.273       mean=0.036307     sumsq=581714.7927        argmax=262128
[dump]   top0 idx=262128 val=22.17467
[dump]   top1 idx=221754 val=19.80057
[dump]   top2 idx=228833 val=18.13528
[dump]   top3 idx=166538 val=18.11713
[dump]   top4 idx=176454 val=17.96451
[dump] L44.hcmix  n=40960   finite=1 absmax=23.202       mean=0.031491     sumsq=19609.98069        argmax=138
[dump]   top0 idx=138 val=8.71189
[dump]   top1 idx=1984 val=7.73523
[dump]   top2 idx=13282 val=6.97593
[dump]   top3 idx=1827 val=6.27851
[dump]   top4 idx=8162 val=6.12461
[dump] L44.att    n=40960   finite=1 absmax=4.7329       mean=0.0038265    sumsq=1146.054893        argmax=1827
[dump]   top0 idx=1827 val=3.86093
[dump]   top1 idx=9867 val=3.58932
[dump]   top2 idx=27787 val=3.44279
[dump]   top3 idx=2187 val=2.84236
[dump]   top4 idx=422 val=2.42238
[dump] L44.ffnxn  n=163840  finite=1 absmax=50.779       mean=0.066098     sumsq=580242.7676        argmax=1827
[dump]   top0 idx=1827 val=31.53434
[dump]   top1 idx=99620 val=21.60464
[dump]   top2 idx=98248 val=19.57880
[dump]   top3 idx=88825 val=17.83002
[dump]   top4 idx=118394 val=16.93817
[dump] L44.fmix   n=40960   finite=1 absmax=7.4876       mean=0.050653     sumsq=51121.52125        argmax=26903
[dump]   top0 idx=26903 val=6.11704
[dump]   top1 idx=25380 val=5.87272
[dump]   top2 idx=31821 val=5.58934
[dump]   top3 idx=1500 val=5.43777
[dump]   top4 idx=40033 val=5.18161
[dump] L44.mid    n=160     finite=1 absmax=0 mean=0 sumsq=0 ids: 56 433 263 174 405 338 51 209 277 142 505 1 472 303 402 426 39 290 441 358 39 24 285 505 472 396 287 314 441 135 24 339 27 260 117 311 422 182 417 308 117 260 24 303 133 258 466 328 308 119 174 296 248 395 169 361 59 338 433 56 117 24 87 59 260 418 174 472 303 256 87 338 81 248 395 441 59 209 37 174 283 87 287 447 135 59 501 490 21 39 472 287 447 401 190 501 45 303 39 371 416 102 24 377 87 490 56 61 338 418 87 338 433 61 207 248 24 284 209 119 87 433 338 24 248 61 207 490 284 56 437 87 61 150 340 433 207 303 248 424 61 35 424 96 150 207 87 119 209 264 87 61 119 207 174 150 209 187 248 424
[dump] L44.moe    n=40960   finite=1 absmax=0.27576      mean=-3.0806e-06  sumsq=43.76730371        argmax=17101
[dump]   top0 idx=17101 val=0.15717
[dump]   top1 idx=26838 val=0.15456
[dump]   top2 idx=14141 val=0.15442
[dump]   top3 idx=16747 val=0.14644
[dump]   top4 idx=39034 val=0.14560
[dump] L44.res    n=327680  finite=1 absmax=36.824       mean=0.029576     sumsq=401589.5432        argmax=165667
[dump]   top0 idx=165667 val=25.62528
[dump]   top1 idx=165576 val=21.69561
[dump]   top2 idx=210551 val=18.81189
[dump]   top3 idx=163978 val=18.80955
[dump]   top4 idx=190071 val=17.55316
[dump] L45.hcmix  n=40960   finite=1 absmax=11.558       mean=0.032175     sumsq=19607.84469        argmax=138
[dump]   top0 idx=138 val=9.36231
[dump]   top1 idx=1736 val=5.60868
[dump]   top2 idx=1500 val=4.69530
[dump]   top3 idx=18802 val=4.14463
[dump]   top4 idx=11122 val=4.03538
[dump] L45.att    n=40960   finite=1 absmax=2.4907       mean=0.0057756    sumsq=2654.027813        argmax=30042
[dump]   top0 idx=30042 val=2.18728
[dump]   top1 idx=17170 val=2.16678
[dump]   top2 idx=19730 val=2.05326
[dump]   top3 idx=1810 val=1.94036
[dump]   top4 idx=40210 val=1.91518
[dump] L45.ffnxn  n=163840  finite=1 absmax=38.101       mean=0.064073     sumsq=583853.7557        argmax=1827
[dump]   top0 idx=1827 val=24.09380
[dump]   top1 idx=99620 val=22.83049
[dump]   top2 idx=118394 val=22.73972
[dump]   top3 idx=108154 val=22.18977
[dump]   top4 idx=98288 val=21.90934
[dump] L45.fmix   n=40960   finite=1 absmax=8.7873       mean=0.050344     sumsq=53847.26571        argmax=31821
[dump]   top0 idx=31821 val=5.97578
[dump]   top1 idx=1500 val=5.89620
[dump]   top2 idx=25380 val=5.75774
[dump]   top3 idx=6915 val=5.67341
[dump]   top4 idx=28794 val=5.48417
[dump] L45.mid    n=160     finite=1 absmax=0 mean=0 sumsq=0 ids: 237 48 475 227 22 51 303 406 215 442 237 149 222 455 269 391 223 488 231 429 316 222 237 7 391 488 231 505 87 229 237 292 274 123 371 391 263 176 332 153 263 176 68 323 391 214 492 505 237 307 198 237 152 484 169 270 22 442 51 186 237 229 51 263 235 176 391 75 231 505 237 303 51 391 152 75 22 171 283 186 237 79 29 185 229 142 51 156 219 0 131 222 156 219 185 142 338 62 385 99 237 108 303 335 51 443 127 102 22 511 237 303 443 51 87 229 235 442 22 497 237 51 229 127 443 442 22 303 75 54 443 237 277 116 393 177 303 75 51 326 443 237 389 303 393 431 486 177 257 277 443 237 51 486 393 75 431 303 218 328
[dump] L45.moe    n=40960   finite=1 absmax=0.23203      mean=-0.00057686  sumsq=63.12724895        argmax=29111
[dump]   top0 idx=29111 val=0.20560
[dump]   top1 idx=26468 val=0.19235
[dump]   top2 idx=24263 val=0.17689
[dump]   top3 idx=28159 val=0.17492
[dump]   top4 idx=27256 val=0.17486
[dump] L45.res    n=327680  finite=1 absmax=40.978       mean=0.027451     sumsq=432552.397         argmax=165667
[dump]   top0 idx=165667 val=40.97797
[dump]   top1 idx=167332 val=30.73577
[dump]   top2 idx=229650 val=26.31428
[dump]   top3 idx=168210 val=25.21446
[dump]   top4 idx=239890 val=23.62203
[dump] L46.hcmix  n=40960   finite=1 absmax=9.1377       mean=0.033424     sumsq=27336.83664        argmax=932
[dump]   top0 idx=932 val=9.13772
[dump]   top1 idx=138 val=7.78229
[dump]   top2 idx=17170 val=6.90427
[dump]   top3 idx=1810 val=6.81794
[dump]   top4 idx=30042 val=6.69006
[dump] L46.att    n=40960   finite=1 absmax=5.6213       mean=0.0036319    sumsq=3750.242757        argmax=18554
[dump]   top0 idx=18554 val=5.59210
[dump]   top1 idx=12427 val=4.37412
[dump]   top2 idx=21114 val=4.28661
[dump]   top3 idx=26234 val=4.12816
[dump]   top4 idx=15994 val=3.80650
[dump] L46.ffnxn  n=163840  finite=1 absmax=28.917       mean=0.047728     sumsq=505867.8404        argmax=1827
[dump]   top0 idx=1827 val=21.61482
[dump]   top1 idx=108154 val=19.80591
[dump]   top2 idx=67194 val=18.45974
[dump]   top3 idx=77434 val=18.16848
[dump]   top4 idx=117790 val=16.87215
[dump] L46.fmix   n=40960   finite=1 absmax=8.7597       mean=0.04094      sumsq=54352.02105        argmax=26234
[dump]   top0 idx=26234 val=6.76083
[dump]   top1 idx=30042 val=6.57002
[dump]   top2 idx=5051 val=5.63623
[dump]   top3 idx=18554 val=5.54931
[dump]   top4 idx=28794 val=5.46407
[dump] L46.mid    n=160     finite=1 absmax=0 mean=0 sumsq=0 ids: 25 338 230 297 348 77 31 60 477 239 25 68 384 38 426 227 333 0 247 138 25 38 227 510 246 257 296 343 31 54 25 427 60 508 459 343 301 397 205 147 25 459 3 164 427 318 276 397 296 205 81 25 341 383 230 348 136 283 246 284 25 81 56 230 459 281 14 343 296 348 25 56 60 81 167 163 230 437 458 510 25 56 81 227 294 491 54 269 348 119 25 337 231 119 56 123 269 491 438 191 25 56 60 63 377 491 456 497 257 215 25 56 60 348 230 419 343 497 81 6 25 56 348 60 343 81 67 389 215 297 25 98 474 56 60 497 264 430 491 297 25 298 56 494 463 180 81 16 60 275 25 56 60 343 348 81 500 296 497 67
[dump] L46.moe    n=40960   finite=1 absmax=0.31377      mean=-0.00022712  sumsq=105.918088         argmax=26551
[dump]   top0 idx=26551 val=0.31377
[dump]   top1 idx=16387 val=0.27719
[dump]   top2 idx=1027 val=0.26484
[dump]   top3 idx=7257 val=0.25901
[dump]   top4 idx=17550 val=0.24547
[dump] L46.res    n=327680  finite=1 absmax=28.533       mean=0.020827     sumsq=255584.6037        argmax=165667
[dump]   top0 idx=165667 val=25.28975
[dump]   top1 idx=163978 val=16.15971
[dump]   top2 idx=196747 val=16.01901
[dump]   top3 idx=176454 val=14.05961
[dump]   top4 idx=268427 val=13.37294
[dump] L47.hcmix  n=40960   finite=1 absmax=8.1964       mean=0.014737     sumsq=11406.66346        argmax=1827
[dump]   top0 idx=1827 val=6.32243
[dump]   top1 idx=138 val=4.04075
[dump]   top2 idx=30042 val=3.66072
[dump]   top3 idx=18402 val=3.17292
[dump]   top4 idx=13992 val=3.03623
[dump] L47.att    n=40960   finite=1 absmax=2.9395       mean=-0.0035887   sumsq=971.7432224        argmax=2314
[dump]   top0 idx=2314 val=2.93949
[dump]   top1 idx=722 val=1.89925
[dump]   top2 idx=579 val=1.44006
[dump]   top3 idx=1027 val=1.42590
[dump]   top4 idx=1202 val=1.35057
[dump] L47.ffnxn  n=10240   finite=1 absmax=11.264       mean=0.0083699    sumsq=23674.01993        argmax=5150
[dump]   top0 idx=5150 val=9.64269
[dump]   top1 idx=1882 val=9.36091
[dump]   top2 idx=4370 val=8.81342
[dump]   top3 idx=5258 val=7.97998
[dump]   top4 idx=6915 val=7.73414
[dump] L47.fmix   n=2560    finite=1 absmax=6.0506       mean=0.0075611    sumsq=3313.845006        argmax=122
[dump]   top0 idx=122 val=4.92662
[dump]   top1 idx=1795 val=4.76880
[dump]   top2 idx=1429 val=4.43801
[dump]   top3 idx=1101 val=3.70161
[dump]   top4 idx=2396 val=3.58656
[dump] L47.mid    n=10      finite=1 absmax=0 mean=0 sumsq=0 ids: 352 186 95 417 422 444 179 103 70 340
[dump] L47.moe    n=2560    finite=1 absmax=0.60828      mean=-0.00095706  sumsq=19.5115738         argmax=951
[dump]   top0 idx=951 val=0.58147
[dump]   top1 idx=617 val=0.44760
[dump]   top2 idx=2213 val=0.41423
[dump]   top3 idx=192 val=0.38536
[dump]   top4 idx=92 val=0.33664
[dump] L47.res    n=20480   finite=1 absmax=67.459       mean=-0.011827    sumsq=171201.8724        argmax=20133
[dump]   top0 idx=20133 val=32.25233
[dump]   top1 idx=15242 val=31.05953
[dump]   top2 idx=15762 val=25.42074
[dump]   top3 idx=17573 val=23.38038
[dump]   top4 idx=15013 val=23.23442
[dump] L00.hcmix  n=2560    finite=1 absmax=5.4804       mean=0.055681     sumsq=1651.531996        argmax=533
[dump]   top0 idx=533 val=5.48042
[dump]   top1 idx=1424 val=5.03314
[dump]   top2 idx=227 val=4.09944
[dump]   top3 idx=1069 val=3.87601
[dump]   top4 idx=1028 val=3.86890
[dump] L00.att    n=2560    finite=1 absmax=0.7683       mean=-0.00058846  sumsq=25.4313607         argmax=5
[dump]   top0 idx=5 val=0.76830
[dump]   top1 idx=417 val=0.74188
[dump]   top2 idx=67 val=0.67076
[dump]   top3 idx=2342 val=0.53429
[dump]   top4 idx=2325 val=0.38891
[dump] L00.ffnxn  n=10240   finite=1 absmax=11.528       mean=0.034471     sumsq=13704.62527        argmax=5125
[dump]   top0 idx=5125 val=11.52792
[dump]   top1 idx=7462 val=10.21539
[dump]   top2 idx=5187 val=9.45468
[dump]   top3 idx=5185 val=8.98617
[dump]   top4 idx=7594 val=8.82635
[dump] L00.fmix   n=2560    finite=1 absmax=1.9301       mean=0.015139     sumsq=403.7038477        argmax=1682
[dump]   top0 idx=1682 val=1.93007
[dump]   top1 idx=2474 val=1.87568
[dump]   top2 idx=1733 val=1.71622
[dump]   top3 idx=796 val=1.63881
[dump]   top4 idx=707 val=1.60155
[dump] L00.mid    n=10      finite=1 absmax=0 mean=0 sumsq=0 ids: 460 479 15 139 367 339 497 11 340 449
[dump] L00.moe    n=2560    finite=1 absmax=0.25278      mean=0.00049631   sumsq=2.478660716        argmax=1682
[dump]   top0 idx=1682 val=0.25278
[dump]   top1 idx=728 val=0.19798
[dump]   top2 idx=268 val=0.17653
[dump]   top3 idx=579 val=0.16937
[dump]   top4 idx=2238 val=0.16082
[dump] L00.res    n=10240   finite=1 absmax=0.22376      mean=0.00046861   sumsq=2.68966003         argmax=6802
[dump]   top0 idx=6802 val=0.22376
[dump]   top1 idx=5125 val=0.19488
[dump]   top2 idx=5187 val=0.17023
[dump]   top3 idx=5848 val=0.16976
[dump]   top4 idx=6325 val=0.14544
[dump] ple.inp    n=2560    finite=1 absmax=0.025752     mean=0.00016151   sumsq=0.1431828167       argmax=2382
[dump]   top0 idx=2382 val=0.02575
[dump]   top1 idx=437 val=0.02568
[dump]   top2 idx=1438 val=0.02506
[dump]   top3 idx=920 val=0.02291
[dump]   top4 idx=1809 val=0.02171
[dump] ple.key    n=10240   finite=1 absmax=0.56498      mean=-0.0011121   sumsq=2.040633831        argmax=943
[dump]   top0 idx=943 val=0.37836
[dump]   top1 idx=7568 val=0.18994
[dump]   top2 idx=302 val=0.11826
[dump]   top3 idx=8565 val=0.10456
[dump]   top4 idx=1473 val=0.09975
[dump] ple.value  n=2560    finite=1 absmax=0.080191     mean=0.00016897   sumsq=0.09782214501      argmax=268
[dump]   top0 idx=268 val=0.03537
[dump]   top1 idx=728 val=0.02430
[dump]   top2 idx=2242 val=0.02040
[dump]   top3 idx=36 val=0.02023
[dump]   top4 idx=991 val=0.02021
[dump] ple.knorm  n=10240   finite=1 absmax=86.009       mean=-0.060216    sumsq=17807.12046        argmax=7568
[dump]   top0 idx=7568 val=34.48362
[dump]   top1 idx=943 val=19.50196
[dump]   top2 idx=8565 val=13.13403
[dump]   top3 idx=6534 val=10.35929
[dump]   top4 idx=6593 val=7.06886
[dump] ple.qnorm  n=10240   finite=1 absmax=7.3911       mean=0.054235     sumsq=8319.087621        argmax=9362
[dump]   top0 idx=9362 val=7.39105
[dump]   top1 idx=6802 val=7.36589
[dump]   top2 idx=7685 val=6.87208
[dump]   top3 idx=2565 val=6.32442
[dump]   top4 idx=7907 val=6.01920
[dump] ple.gate   n=4       finite=1 absmax=0.13933      mean=0.074726     sumsq=0.02973922102      argmax=1
[dump] ple.gated  n=10240   finite=1 absmax=0.011173     mean=1.2627e-05   sumsq=0.002909154382     argmax=2828
[dump]   top0 idx=2828 val=0.00493
[dump]   top1 idx=3288 val=0.00339
[dump]   top2 idx=4802 val=0.00284
[dump]   top3 idx=2596 val=0.00282
[dump]   top4 idx=3551 val=0.00282
[dump] ple.conv   n=10240   finite=1 absmax=0.25059      mean=0.00023729   sumsq=1.977439427        argmax=3551
[dump]   top0 idx=3551 val=0.15575
[dump]   top1 idx=3978 val=0.14628
[dump]   top2 idx=3490 val=0.12888
[dump]   top3 idx=3208 val=0.10699
[dump]   top4 idx=4327 val=0.10078
[dump] ple.out    n=10240   finite=1 absmax=0.24526      mean=0.00071853   sumsq=4.49644698         argmax=5125
[dump]   top0 idx=5125 val=0.19379
[dump]   top1 idx=5848 val=0.18386
[dump]   top2 idx=5187 val=0.17010
[dump]   top3 idx=3551 val=0.15896
[dump]   top4 idx=3978 val=0.15096
[dump] L01.ple    n=10240   finite=1 absmax=0.24526      mean=0.00071853   sumsq=4.49644698         argmax=5125
[dump]   top0 idx=5125 val=0.19379
[dump]   top1 idx=5848 val=0.18386
[dump]   top2 idx=5187 val=0.17010
[dump]   top3 idx=3551 val=0.15896
[dump]   top4 idx=3978 val=0.15096
[dump] L01.hcmix  n=2560    finite=1 absmax=3.3642       mean=0.011505     sumsq=407.5100358        argmax=5
[dump]   top0 idx=5 val=2.68836
[dump]   top1 idx=1487 val=2.52544
[dump]   top2 idx=588 val=2.29399
[dump]   top3 idx=631 val=2.28029
[dump]   top4 idx=1111 val=2.05290
[dump] L01.att    n=2560    finite=1 absmax=0.88938      mean=-0.0065652   sumsq=46.71693274        argmax=1392
[dump]   top0 idx=1392 val=0.88938
[dump]   top1 idx=1473 val=0.59362
[dump]   top2 idx=736 val=0.57620
[dump]   top3 idx=667 val=0.56382
[dump]   top4 idx=308 val=0.50750
[dump] L01.ffnxn  n=10240   finite=1 absmax=10.889       mean=0.015667     sumsq=13217.4694         argmax=6507
[dump]   top0 idx=6507 val=10.49323
[dump]   top1 idx=7462 val=8.04365
[dump]   top2 idx=5187 val=7.24173
[dump]   top3 idx=4896 val=7.10811
[dump]   top4 idx=5708 val=6.96795
[dump] L01.fmix   n=2560    finite=1 absmax=2.3501       mean=-0.0037233   sumsq=381.282025         argmax=5
[dump]   top0 idx=5 val=2.12597
[dump]   top1 idx=227 val=1.72072
[dump]   top2 idx=588 val=1.52032
[dump]   top3 idx=533 val=1.34660
[dump]   top4 idx=389 val=1.32819
[dump] L01.mid    n=10      finite=1 absmax=0 mean=0 sumsq=0 ids: 500 154 69 86 505 306 19 349 249 158
[dump] L01.moe    n=2560    finite=1 absmax=0.044777     mean=8.1465e-05   sumsq=0.1518029274       argmax=855
[dump]   top0 idx=855 val=0.04478
[dump]   top1 idx=514 val=0.02657
[dump]   top2 idx=2301 val=0.02308
[dump]   top3 idx=1039 val=0.02232
[dump]   top4 idx=548 val=0.02226
[dump] L01.res    n=20480   finite=1 absmax=13.967       mean=0.016371     sumsq=15714.7801         argmax=19312
[dump]   top0 idx=19312 val=13.96723
[dump]   top1 idx=15365 val=12.84789
[dump]   top2 idx=16454 val=12.08785
[dump]   top3 idx=15948 val=10.19404
[dump]   top4 idx=15427 val=8.60391
[dump] L02.hcmix  n=2560    finite=1 absmax=3.4044       mean=0.01243      sumsq=621.437573         argmax=5
[dump]   top0 idx=5 val=3.40443
[dump]   top1 idx=351 val=2.77252
[dump]   top2 idx=631 val=2.56306
[dump]   top3 idx=588 val=2.44262
[dump]   top4 idx=67 val=2.06741
[dump] L02.att    n=2560    finite=1 absmax=0.50771      mean=0.0054236    sumsq=28.96782032        argmax=1474
[dump]   top0 idx=1474 val=0.37688
[dump]   top1 idx=253 val=0.37125
[dump]   top2 idx=524 val=0.36436
[dump]   top3 idx=599 val=0.36202
[dump]   top4 idx=2078 val=0.36029
[dump] L02.ffnxn  n=10240   finite=1 absmax=11.208       mean=0.041738     sumsq=16246.62658        argmax=5187
[dump]   top0 idx=5187 val=8.62615
[dump]   top1 idx=6325 val=8.00529
[dump]   top2 idx=3978 val=7.92432
[dump]   top3 idx=3551 val=7.63170
[dump]   top4 idx=7462 val=7.51333
[dump] L02.fmix   n=2560    finite=1 absmax=2.9341       mean=0.0089258    sumsq=393.6625566        argmax=631
[dump]   top0 idx=631 val=1.40425
[dump]   top1 idx=1881 val=1.36363
[dump]   top2 idx=227 val=1.30676
[dump]   top3 idx=2342 val=1.27007
[dump]   top4 idx=2272 val=1.23494
[dump] L02.mid    n=10      finite=1 absmax=0 mean=0 sumsq=0 ids: 75 247 492 54 480 12 13 61 181 32
[dump] L02.moe    n=2560    finite=1 absmax=0.058327     mean=0.00046051   sumsq=0.2301718322       argmax=728
[dump]   top0 idx=728 val=0.05833
[dump]   top1 idx=65 val=0.05804
[dump]   top2 idx=588 val=0.05714
[dump]   top3 idx=951 val=0.05398
[dump]   top4 idx=1205 val=0.03786
[dump] L02.res    n=20480   finite=1 absmax=14.743       mean=0.01856      sumsq=7789.007719        argmax=15365
[dump]   top0 idx=15365 val=14.74276
[dump]   top1 idx=16088 val=13.47302
[dump]   top2 idx=19312 val=8.25881
[dump]   top3 idx=15948 val=7.23627
[dump]   top4 idx=15427 val=6.57861
[dump] L03.hcmix  n=2560    finite=1 absmax=3.628        mean=0.015606     sumsq=273.1165039        argmax=5
[dump]   top0 idx=5 val=3.62801
[dump]   top1 idx=631 val=2.16054
[dump]   top2 idx=788 val=2.13710
[dump]   top3 idx=588 val=1.74653
[dump]   top4 idx=65 val=1.53982
[dump] L03.att    n=2560    finite=1 absmax=0.44779      mean=-0.0031493   sumsq=17.21416064        argmax=2442
[dump]   top0 idx=2442 val=0.44779
[dump]   top1 idx=551 val=0.31047
[dump]   top2 idx=1890 val=0.26977
[dump]   top3 idx=1395 val=0.25581
[dump]   top4 idx=1453 val=0.24981
[dump] L03.ffnxn  n=10240   finite=1 absmax=20.195       mean=0.036157     sumsq=18647.44828        argmax=5848
[dump]   top0 idx=5848 val=20.19525
[dump]   top1 idx=5187 val=9.77387
[dump]   top2 idx=7462 val=9.03209
[dump]   top3 idx=5537 val=8.57384
[dump]   top4 idx=5538 val=8.37612
[dump] L03.fmix   n=2560    finite=1 absmax=4.5453       mean=0.0076489    sumsq=708.4416013        argmax=67
[dump]   top0 idx=67 val=2.30980
[dump]   top1 idx=631 val=1.98864
[dump]   top2 idx=728 val=1.89789
[dump]   top3 idx=1930 val=1.76372
[dump]   top4 idx=65 val=1.69747
[dump] L03.mid    n=10      finite=1 absmax=0 mean=0 sumsq=0 ids: 504 101 365 190 143 318 441 231 71 8
[dump] L03.moe    n=2560    finite=1 absmax=0.050245     mean=7.2064e-05   sumsq=0.3075662511       argmax=949
[dump]   top0 idx=949 val=0.05025
[dump]   top1 idx=1096 val=0.04176
[dump]   top2 idx=2140 val=0.03864
[dump]   top3 idx=1588 val=0.03138
[dump]   top4 idx=544 val=0.03111
[dump] L03.res    n=20480   finite=1 absmax=16.056       mean=0.020843     sumsq=16453.32042        argmax=15365
[dump]   top0 idx=15365 val=16.05649
[dump]   top1 idx=15948 val=13.32684
[dump]   top2 idx=16088 val=10.52763
[dump]   top3 idx=16565 val=9.74683
[dump]   top4 idx=18012 val=9.63477
[dump] L04.hcmix  n=2560    finite=1 absmax=4.1674       mean=0.023014     sumsq=743.5573027        argmax=5
[dump]   top0 idx=5 val=4.16737
[dump]   top1 idx=631 val=2.63094
[dump]   top2 idx=92 val=2.40720
[dump]   top3 idx=588 val=2.39424
[dump]   top4 idx=667 val=2.02824
[dump] L04.att    n=2560    finite=1 absmax=0.39778      mean=0.00018361   sumsq=16.21120599        argmax=1653
[dump]   top0 idx=1653 val=0.39778
[dump]   top1 idx=631 val=0.29416
[dump]   top2 idx=2433 val=0.28081
[dump]   top3 idx=1634 val=0.24946
[dump]   top4 idx=406 val=0.24596
[dump] L04.ffnxn  n=10240   finite=1 absmax=17.008       mean=0.038196     sumsq=20337.69117        argmax=5848
[dump]   top0 idx=5848 val=17.00816
[dump]   top1 idx=5537 val=9.85506
[dump]   top2 idx=5187 val=9.83064
[dump]   top3 idx=7462 val=9.60020
[dump]   top4 idx=6861 val=9.22243
[dump] L04.fmix   n=2560    finite=1 absmax=3.7485       mean=0.011392     sumsq=804.15991          argmax=1521
[dump]   top0 idx=1521 val=1.87398
[dump]   top1 idx=1205 val=1.85725
[dump]   top2 idx=67 val=1.81992
[dump]   top3 idx=765 val=1.74809
[dump]   top4 idx=753 val=1.72832
[dump] L04.mid    n=10      finite=1 absmax=0 mean=0 sumsq=0 ids: 106 41 320 209 410 500 252 496 274 68
[dump] L04.moe    n=2560    finite=1 absmax=0.068569     mean=5.3057e-05   sumsq=0.3230885164       argmax=1653
[dump]   top0 idx=1653 val=0.06857
[dump]   top1 idx=579 val=0.04072
[dump]   top2 idx=1185 val=0.03970
[dump]   top3 idx=1199 val=0.03745
[dump]   top4 idx=2083 val=0.03636
[dump] L04.res    n=20480   finite=1 absmax=21.316       mean=0.017984     sumsq=15697.45831        argmax=19573
[dump]   top0 idx=19573 val=21.31628
[dump]   top1 idx=15948 val=13.14687
[dump]   top2 idx=15365 val=13.09698
[dump]   top3 idx=16088 val=12.17245
[dump]   top4 idx=16311 val=9.62968
[dump] L05.hcmix  n=2560    finite=1 absmax=3.4985       mean=0.018225     sumsq=684.6796311        argmax=5
[dump]   top0 idx=5 val=3.49851
[dump]   top1 idx=1653 val=3.38540
[dump]   top2 idx=588 val=3.26086
[dump]   top3 idx=92 val=2.60401
[dump]   top4 idx=631 val=2.20688
[dump] L05.att    n=2560    finite=1 absmax=0.3411       mean=0.00012148   sumsq=15.83012422        argmax=1134
[dump]   top0 idx=1134 val=0.34095
[dump]   top1 idx=200 val=0.29730
[dump]   top2 idx=1716 val=0.29345
[dump]   top3 idx=1205 val=0.28894
[dump]   top4 idx=1770 val=0.28868
[dump] L05.ffnxn  n=10240   finite=1 absmax=9.7514       mean=0.045382     sumsq=19901.48338        argmax=5537
[dump]   top0 idx=5537 val=9.75136
[dump]   top1 idx=3551 val=9.72332
[dump]   top2 idx=5187 val=9.49556
[dump]   top3 idx=3978 val=9.21311
[dump]   top4 idx=5848 val=9.16142
[dump] L05.fmix   n=2560    finite=1 absmax=2.2409       mean=0.01311      sumsq=589.3967799        argmax=631
[dump]   top0 idx=631 val=2.24087
[dump]   top1 idx=1205 val=2.03471
[dump]   top2 idx=753 val=1.75367
[dump]   top3 idx=1512 val=1.58482
[dump]   top4 idx=728 val=1.44547
[dump] L05.mid    n=10      finite=1 absmax=0 mean=0 sumsq=0 ids: 446 344 236 471 314 468 169 291 140 49
[dump] L05.moe    n=2560    finite=1 absmax=0.03688      mean=0.00025292   sumsq=0.2246101535       argmax=2533
[dump]   top0 idx=2533 val=0.03687
[dump]   top1 idx=885 val=0.03687
[dump]   top2 idx=524 val=0.03476
[dump]   top3 idx=2505 val=0.03230
[dump]   top4 idx=2314 val=0.03157
[dump] L05.res    n=20480   finite=1 absmax=15.358       mean=0.021132     sumsq=13271.77029        argmax=15365
[dump]   top0 idx=15365 val=15.35806
[dump]   top1 idx=16088 val=14.02644
[dump]   top2 idx=15948 val=10.82290
[dump]   top3 idx=18012 val=9.93601
[dump]   top4 idx=17702 val=9.06644
[dump] L06.hcmix  n=2560    finite=1 absmax=4.2714       mean=0.020089     sumsq=670.2470308        argmax=5
[dump]   top0 idx=5 val=4.27144
[dump]   top1 idx=92 val=2.91834
[dump]   top2 idx=588 val=2.64686
[dump]   top3 idx=2342 val=2.12515
[dump]   top4 idx=1512 val=1.93725
[dump] L06.att    n=2560    finite=1 absmax=1.1536       mean=-0.0013275   sumsq=57.93191789        argmax=482
[dump]   top0 idx=482 val=1.15364
[dump]   top1 idx=951 val=1.11089
[dump]   top2 idx=728 val=0.75186
[dump]   top3 idx=993 val=0.62373
[dump]   top4 idx=1682 val=0.61625
[dump] L06.ffnxn  n=10240   finite=1 absmax=10.996       mean=0.039091     sumsq=18656.29452        argmax=7462
[dump]   top0 idx=7462 val=9.70125
[dump]   top1 idx=5848 val=9.44714
[dump]   top2 idx=6507 val=8.76608
[dump]   top3 idx=6071 val=8.60953
[dump]   top4 idx=5187 val=8.18916
[dump] L06.fmix   n=2560    finite=1 absmax=2.8203       mean=0.018206     sumsq=871.2091285        argmax=631
[dump]   top0 idx=631 val=2.46356
[dump]   top1 idx=67 val=1.91844
[dump]   top2 idx=1512 val=1.90051
[dump]   top3 idx=1523 val=1.86902
[dump]   top4 idx=445 val=1.79057
[dump] L06.mid    n=10      finite=1 absmax=0 mean=0 sumsq=0 ids: 51 152 159 165 91 375 432 109 123 364
[dump] L06.moe    n=2560    finite=1 absmax=0.065425     mean=0.00053761   sumsq=0.3183692656       argmax=2453
[dump]   top0 idx=2453 val=0.06542
[dump]   top1 idx=1102 val=0.04593
[dump]   top2 idx=513 val=0.04361
[dump]   top3 idx=528 val=0.04299
[dump]   top4 idx=1716 val=0.04125
[dump] L06.res    n=20480   finite=1 absmax=13.779       mean=0.016923     sumsq=7702.65629         argmax=15365
[dump]   top0 idx=15365 val=13.77899
[dump]   top1 idx=16088 val=8.56144
[dump]   top2 idx=15948 val=7.09555
[dump]   top3 idx=17702 val=6.67521
[dump]   top4 idx=10722 val=6.61314
[dump] L07.hcmix  n=2560    finite=1 absmax=3.5305       mean=0.020884     sumsq=343.7483711        argmax=5
[dump]   top0 idx=5 val=3.53049
[dump]   top1 idx=588 val=1.61236
[dump]   top2 idx=2342 val=1.42577
[dump]   top3 idx=631 val=1.39200
[dump]   top4 idx=482 val=1.37154
[dump] L07.att    n=2560    finite=1 absmax=0.6789       mean=0.0013787    sumsq=31.1249487         argmax=2180
[dump]   top0 idx=2180 val=0.49400
[dump]   top1 idx=2293 val=0.49394
[dump]   top2 idx=1795 val=0.42773
[dump]   top3 idx=1076 val=0.41686
[dump]   top4 idx=1345 val=0.39743
[dump] L07.ffnxn  n=10240   finite=1 absmax=10.054       mean=0.04493      sumsq=13405.26577        argmax=5538
[dump]   top0 idx=5538 val=10.05363
[dump]   top1 idx=5848 val=8.84492
[dump]   top2 idx=6071 val=8.27257
[dump]   top3 idx=6507 val=7.40982
[dump]   top4 idx=5265 val=7.25896
[dump] L07.fmix   n=2560    finite=1 absmax=2.0655       mean=0.022139     sumsq=659.308259         argmax=2433
[dump]   top0 idx=2433 val=1.70192
[dump]   top1 idx=631 val=1.58591
[dump]   top2 idx=205 val=1.58313
[dump]   top3 idx=1066 val=1.48915
[dump]   top4 idx=1521 val=1.47718
[dump] L07.mid    n=10      finite=1 absmax=0 mean=0 sumsq=0 ids: 87 445 358 242 191 252 163 193 294 194
[dump] L07.moe    n=2560    finite=1 absmax=0.049417     mean=0.00019078   sumsq=0.2798438097       argmax=2453
[dump]   top0 idx=2453 val=0.03583
[dump]   top1 idx=2258 val=0.03518
[dump]   top2 idx=2102 val=0.03386
[dump]   top3 idx=1712 val=0.03338
[dump]   top4 idx=757 val=0.03336
[dump] L07.res    n=20480   finite=1 absmax=13.052       mean=0.029605     sumsq=16650.7964         argmax=13791
[dump]   top0 idx=13791 val=9.59908
[dump]   top1 idx=18551 val=8.41502
[dump]   top2 idx=16088 val=8.38155
[dump]   top3 idx=15948 val=8.25325
[dump]   top4 idx=15427 val=8.12999
[dump] L08.hcmix  n=2560    finite=1 absmax=3.4032       mean=0.029036     sumsq=626.8150288        argmax=631
[dump]   top0 idx=631 val=3.40324
[dump]   top1 idx=588 val=2.73527
[dump]   top2 idx=2477 val=2.31318
[dump]   top3 idx=92 val=2.20607
[dump]   top4 idx=2097 val=1.80599
[dump] L08.att    n=2560    finite=1 absmax=0.10347      mean=0.00026056   sumsq=1.587190664        argmax=799
[dump]   top0 idx=799 val=0.10347
[dump]   top1 idx=582 val=0.09212
[dump]   top2 idx=1499 val=0.09021
[dump]   top3 idx=1043 val=0.08383
[dump]   top4 idx=770 val=0.07971
[dump] L08.ffnxn  n=10240   finite=1 absmax=11.751       mean=0.047174     sumsq=11636.70833        argmax=5848
[dump]   top0 idx=5848 val=11.75137
[dump]   top1 idx=6071 val=9.83495
[dump]   top2 idx=6214 val=7.20955
[dump]   top3 idx=6507 val=6.55400
[dump]   top4 idx=7358 val=6.53313
[dump] L08.fmix   n=2560    finite=1 absmax=2.5714       mean=0.030427     sumsq=682.6138056        argmax=631
[dump]   top0 idx=631 val=2.57144
[dump]   top1 idx=2433 val=1.68979
[dump]   top2 idx=1899 val=1.66075
[dump]   top3 idx=744 val=1.52898
[dump]   top4 idx=1930 val=1.51136
[dump] L08.mid    n=10      finite=1 absmax=0 mean=0 sumsq=0 ids: 263 181 134 360 462 175 183 219 46 387
[dump] L08.moe    n=2560    finite=1 absmax=0.049492     mean=-0.00050675  sumsq=0.55155422         argmax=1325
[dump]   top0 idx=1325 val=0.04613
[dump]   top1 idx=3 val=0.04599
[dump]   top2 idx=1455 val=0.04586
[dump]   top3 idx=1796 val=0.04453
[dump]   top4 idx=1174 val=0.04448
[dump] L08.res    n=20480   finite=1 absmax=11.193       mean=0.016138     sumsq=11725.49447        argmax=16088
[dump]   top0 idx=16088 val=11.19299
[dump]   top1 idx=15365 val=8.16811
[dump]   top2 idx=18012 val=7.15214
[dump]   top3 idx=16747 val=6.50522
[dump]   top4 idx=16565 val=6.37267
[dump] L09.hcmix  n=2560    finite=1 absmax=3.017        mean=0.021997     sumsq=787.6964187        argmax=92
[dump]   top0 idx=92 val=3.01700
[dump]   top1 idx=1205 val=2.86426
[dump]   top2 idx=2477 val=2.12509
[dump]   top3 idx=1353 val=2.00987
[dump]   top4 idx=1020 val=1.99189
[dump] L09.att    n=2560    finite=1 absmax=0.33942      mean=0.0025924    sumsq=16.78100898        argmax=2393
[dump]   top0 idx=2393 val=0.33942
[dump]   top1 idx=1332 val=0.30446
[dump]   top2 idx=1413 val=0.28973
[dump]   top3 idx=1378 val=0.28448
[dump]   top4 idx=149 val=0.24924
[dump] L09.ffnxn  n=10240   finite=1 absmax=13.603       mean=0.046508     sumsq=14353.51753        argmax=5848
[dump]   top0 idx=5848 val=13.60252
[dump]   top1 idx=6071 val=11.95406
[dump]   top2 idx=7358 val=7.39869
[dump]   top3 idx=6325 val=6.89573
[dump]   top4 idx=7772 val=6.59844
[dump] L09.fmix   n=2560    finite=1 absmax=2.4535       mean=0.028939     sumsq=722.6934284        argmax=92
[dump]   top0 idx=92 val=2.45350
[dump]   top1 idx=1205 val=2.12429
[dump]   top2 idx=2433 val=1.91524
[dump]   top3 idx=631 val=1.83123
[dump]   top4 idx=2085 val=1.58462
[dump] L09.mid    n=10      finite=1 absmax=0 mean=0 sumsq=0 ids: 264 430 376 478 142 68 153 218 370 488
[dump] L09.moe    n=2560    finite=1 absmax=0.044338     mean=-2.5382e-05  sumsq=0.2985689493       argmax=362
[dump]   top0 idx=362 val=0.03432
[dump]   top1 idx=1652 val=0.03376
[dump]   top2 idx=559 val=0.03359
[dump]   top3 idx=1395 val=0.03338
[dump]   top4 idx=705 val=0.03207
[dump] L09.res    n=20480   finite=1 absmax=14.753       mean=0.019759     sumsq=13359.91247        argmax=16088
[dump]   top0 idx=16088 val=13.65315
[dump]   top1 idx=15948 val=9.88388
[dump]   top2 idx=15778 val=7.53969
[dump]   top3 idx=18551 val=7.41046
[dump]   top4 idx=19715 val=7.31796
[dump] L10.hcmix  n=2560    finite=1 absmax=3.0842       mean=0.029927     sumsq=892.8950557        argmax=92
[dump]   top0 idx=92 val=3.08420
[dump]   top1 idx=631 val=2.88976
[dump]   top2 idx=1205 val=2.84820
[dump]   top3 idx=588 val=2.62055
[dump]   top4 idx=5 val=2.29075
[dump] L10.att    n=2560    finite=1 absmax=0.38292      mean=-0.00026753  sumsq=17.8230891         argmax=728
[dump]   top0 idx=728 val=0.38292
[dump]   top1 idx=1912 val=0.34191
[dump]   top2 idx=508 val=0.32203
[dump]   top3 idx=816 val=0.31933
[dump]   top4 idx=482 val=0.29355
[dump] L10.ffnxn  n=10240   finite=1 absmax=10.577       mean=0.031533     sumsq=11226.3579         argmax=5848
[dump]   top0 idx=5848 val=10.57726
[dump]   top1 idx=6071 val=10.28110
[dump]   top2 idx=6214 val=8.51119
[dump]   top3 idx=7358 val=7.60981
[dump]   top4 idx=7431 val=7.03622
[dump] L10.fmix   n=2560    finite=1 absmax=1.8809       mean=0.020553     sumsq=630.2710457        argmax=631
[dump]   top0 idx=631 val=1.88091
[dump]   top1 idx=92 val=1.79498
[dump]   top2 idx=1512 val=1.65976
[dump]   top3 idx=2433 val=1.54726
[dump]   top4 idx=2358 val=1.54013
[dump] L10.mid    n=10      finite=1 absmax=0 mean=0 sumsq=0 ids: 355 461 97 495 417 387 203 404 18 224
[dump] L10.moe    n=2560    finite=1 absmax=0.041349     mean=-0.00017905  sumsq=0.2899878094       argmax=2097
[dump]   top0 idx=2097 val=0.03660
[dump]   top1 idx=2105 val=0.03349
[dump]   top2 idx=2160 val=0.03327
[dump]   top3 idx=1564 val=0.03304
[dump]   top4 idx=86 val=0.03210
[dump] L10.res    n=20480   finite=1 absmax=9.6331       mean=0.01248      sumsq=7069.102617        argmax=15365
[dump]   top0 idx=15365 val=9.63307
[dump]   top1 idx=16088 val=9.47121
[dump]   top2 idx=16311 val=9.10386
[dump]   top3 idx=17598 val=7.31139
[dump]   top4 idx=17793 val=5.98308
[dump] L11.hcmix  n=2560    finite=1 absmax=2.8414       mean=0.014653     sumsq=340.3697214        argmax=5
[dump]   top0 idx=5 val=2.84143
[dump]   top1 idx=728 val=1.55685
[dump]   top2 idx=951 val=1.37947
[dump]   top3 idx=631 val=1.34472
[dump]   top4 idx=2238 val=1.27206
[dump] L11.att    n=2560    finite=1 absmax=0.38847      mean=0.0013132    sumsq=21.03667021        argmax=892
[dump]   top0 idx=892 val=0.32807
[dump]   top1 idx=480 val=0.28410
[dump]   top2 idx=1536 val=0.27684
[dump]   top3 idx=2448 val=0.26952
[dump]   top4 idx=829 val=0.26772
[dump] L11.ffnxn  n=10240   finite=1 absmax=10.968       mean=0.029334     sumsq=11187.95568        argmax=5848
[dump]   top0 idx=5848 val=10.96823
[dump]   top1 idx=6071 val=10.07675
[dump]   top2 idx=6214 val=9.32909
[dump]   top3 idx=7358 val=8.47313
[dump]   top4 idx=6507 val=8.23629
[dump] L11.fmix   n=2560    finite=1 absmax=2.8533       mean=0.01733      sumsq=632.9165754        argmax=631
[dump]   top0 idx=631 val=2.85330
[dump]   top1 idx=2433 val=1.85524
[dump]   top2 idx=1512 val=1.56465
[dump]   top3 idx=92 val=1.49688
[dump]   top4 idx=410 val=1.47366
[dump] L11.mid    n=10      finite=1 absmax=0 mean=0 sumsq=0 ids: 323 418 166 508 261 273 430 48 120 108
[dump] L11.moe    n=2560    finite=1 absmax=0.042305     mean=-0.0002301   sumsq=0.3737835479       argmax=1957
[dump]   top0 idx=1957 val=0.03645
[dump]   top1 idx=1642 val=0.03634
[dump]   top2 idx=1572 val=0.03424
[dump]   top3 idx=2360 val=0.03128
[dump]   top4 idx=1406 val=0.03113
[dump] L11.res    n=20480   finite=1 absmax=13.761       mean=0.014157     sumsq=13579.68697        argmax=16088
[dump]   top0 idx=16088 val=13.76101
[dump]   top1 idx=15365 val=8.04250
[dump]   top2 idx=16311 val=7.47907
[dump]   top3 idx=15778 val=7.15986
[dump]   top4 idx=17598 val=6.38390
[dump] L12.hcmix  n=2560    finite=1 absmax=3.3811       mean=0.016042     sumsq=890.4993708        argmax=5
[dump]   top0 idx=5 val=2.59916
[dump]   top1 idx=1205 val=2.37746
[dump]   top2 idx=1795 val=2.29600
[dump]   top3 idx=92 val=2.07480
[dump]   top4 idx=1391 val=1.85885
[dump] L12.att    n=2560    finite=1 absmax=0.42058      mean=-0.0014766   sumsq=17.3023173         argmax=728
[dump]   top0 idx=728 val=0.29334
[dump]   top1 idx=1432 val=0.28886
[dump]   top2 idx=729 val=0.26920
[dump]   top3 idx=1741 val=0.25704
[dump]   top4 idx=793 val=0.25680
[dump] L12.ffnxn  n=10240   finite=1 absmax=10.24        mean=0.022301     sumsq=13027.30406        argmax=5848
[dump]   top0 idx=5848 val=10.23960
[dump]   top1 idx=6071 val=9.02058
[dump]   top2 idx=6507 val=7.96318
[dump]   top3 idx=7358 val=7.52550
[dump]   top4 idx=6325 val=7.31229
[dump] L12.fmix   n=2560    finite=1 absmax=2.4334       mean=0.014872     sumsq=667.3376711        argmax=631
[dump]   top0 idx=631 val=2.43345
[dump]   top1 idx=65 val=1.92621
[dump]   top2 idx=2433 val=1.88690
[dump]   top3 idx=1205 val=1.82646
[dump]   top4 idx=1512 val=1.73889
[dump] L12.mid    n=10      finite=1 absmax=0 mean=0 sumsq=0 ids: 421 433 0 63 277 283 390 52 37 389
[dump] L12.moe    n=2560    finite=1 absmax=0.047968     mean=-0.0001769   sumsq=0.2503547056       argmax=667
[dump]   top0 idx=667 val=0.04386
[dump]   top1 idx=915 val=0.03344
[dump]   top2 idx=770 val=0.03308
[dump]   top3 idx=235 val=0.03173
[dump]   top4 idx=2324 val=0.02907
[dump] L12.res    n=20480   finite=1 absmax=10.976       mean=0.0095482    sumsq=13625.83898        argmax=16088
[dump]   top0 idx=16088 val=10.97640
[dump]   top1 idx=17671 val=8.07073
[dump]   top2 idx=18587 val=7.29694
[dump]   top3 idx=16565 val=7.21039
[dump]   top4 idx=16747 val=7.14891
[dump] L13.hcmix  n=2560    finite=1 absmax=2.8428       mean=0.0098153    sumsq=1028.382379        argmax=1205
[dump]   top0 idx=1205 val=2.44041
[dump]   top1 idx=1406 val=2.06490
[dump]   top2 idx=1512 val=1.99208
[dump]   top3 idx=2121 val=1.96316
[dump]   top4 idx=1054 val=1.92246
[dump] L13.att    n=2560    finite=1 absmax=0.22804      mean=4.8731e-05   sumsq=6.205446865        argmax=951
[dump]   top0 idx=951 val=0.22804
[dump]   top1 idx=728 val=0.22594
[dump]   top2 idx=2445 val=0.18166
[dump]   top3 idx=1795 val=0.17891
[dump]   top4 idx=944 val=0.17799
[dump] L13.ffnxn  n=10240   finite=1 absmax=11.798       mean=0.012245     sumsq=11888.50247        argmax=5848
[dump]   top0 idx=5848 val=11.79763
[dump]   top1 idx=6071 val=10.66855
[dump]   top2 idx=6507 val=10.10596
[dump]   top3 idx=7358 val=9.16183
[dump]   top4 idx=7431 val=8.57920
[dump] L13.fmix   n=2560    finite=1 absmax=2.0102       mean=0.0020358    sumsq=637.8088476        argmax=728
[dump]   top0 idx=728 val=2.01019
[dump]   top1 idx=951 val=1.97744
[dump]   top2 idx=1301 val=1.80629
[dump]   top3 idx=2453 val=1.72020
[dump]   top4 idx=631 val=1.52699
[dump] L13.mid    n=10      finite=1 absmax=0 mean=0 sumsq=0 ids: 259 387 265 97 273 91 468 357 93 296
[dump] L13.moe    n=2560    finite=1 absmax=0.072947     mean=4.4808e-05   sumsq=1.046492292        argmax=2480
[dump]   top0 idx=2480 val=0.06972
[dump]   top1 idx=2525 val=0.06520
[dump]   top2 idx=362 val=0.06418
[dump]   top3 idx=2401 val=0.06281
[dump]   top4 idx=1977 val=0.06186
[dump] L13.res    n=20480   finite=1 absmax=12.834       mean=0.011521     sumsq=15059.6807         argmax=16311
[dump]   top0 idx=16311 val=12.83375
[dump]   top1 idx=16088 val=11.51735
[dump]   top2 idx=16747 val=7.93807
[dump]   top3 idx=17671 val=7.26273
[dump]   top4 idx=15778 val=7.19238
[dump] L14.hcmix  n=2560    finite=1 absmax=2.5512       mean=0.013748     sumsq=902.1195722        argmax=728
[dump]   top0 idx=728 val=2.55120
[dump]   top1 idx=1795 val=2.46523
[dump]   top2 idx=983 val=2.23117
[dump]   top3 idx=2121 val=1.90280
[dump]   top4 idx=1616 val=1.88803
[dump] L14.att    n=2560    finite=1 absmax=0.43882      mean=0.00090172   sumsq=18.71888446        argmax=482
[dump]   top0 idx=482 val=0.43882
[dump]   top1 idx=2433 val=0.42194
[dump]   top2 idx=689 val=0.40915
[dump]   top3 idx=360 val=0.37921
[dump]   top4 idx=2215 val=0.36983
[dump] L14.ffnxn  n=10240   finite=1 absmax=13.345       mean=0.020931     sumsq=17019.9738         argmax=5848
[dump]   top0 idx=5848 val=13.34529
[dump]   top1 idx=6071 val=8.99553
[dump]   top2 idx=6214 val=7.97049
[dump]   top3 idx=7431 val=7.79666
[dump]   top4 idx=6293 val=7.63050
[dump] L14.fmix   n=2560    finite=1 absmax=2.3824       mean=0.010115     sumsq=721.3051888        argmax=631
[dump]   top0 idx=631 val=2.38241
[dump]   top1 idx=728 val=2.04868
[dump]   top2 idx=1512 val=1.89530
[dump]   top3 idx=660 val=1.75635
[dump]   top4 idx=1616 val=1.65423
[dump] L14.mid    n=10      finite=1 absmax=0 mean=0 sumsq=0 ids: 398 335 473 506 212 138 312 151 402 409
[dump] L14.moe    n=2560    finite=1 absmax=0.032473     mean=-0.00029115  sumsq=0.1364170514       argmax=1827
[dump]   top0 idx=1827 val=0.03247
[dump]   top1 idx=875 val=0.02656
[dump]   top2 idx=1603 val=0.02510
[dump]   top3 idx=1039 val=0.02447
[dump]   top4 idx=2204 val=0.02301
[dump] L14.res    n=20480   finite=1 absmax=10.695       mean=0.0078571    sumsq=7189.756942        argmax=16088
[dump]   top0 idx=16088 val=10.69481
[dump]   top1 idx=15365 val=8.09806
[dump]   top2 idx=16311 val=5.28566
[dump]   top3 idx=16747 val=5.15733
[dump]   top4 idx=17598 val=4.96854
[dump] L15.hcmix  n=2560    finite=1 absmax=1.4267       mean=0.0043477    sumsq=231.3302075        argmax=667
[dump]   top0 idx=667 val=1.42674
[dump]   top1 idx=2121 val=1.16016
[dump]   top2 idx=793 val=1.13718
[dump]   top3 idx=2433 val=1.09564
[dump]   top4 idx=728 val=1.08004
[dump] L15.att    n=2560    finite=1 absmax=0.35224      mean=-0.0029032   sumsq=14.62154691        argmax=1359
[dump]   top0 idx=1359 val=0.34994
[dump]   top1 idx=1879 val=0.31186
[dump]   top2 idx=808 val=0.30184
[dump]   top3 idx=1227 val=0.26273
[dump]   top4 idx=1716 val=0.25569
[dump] L15.ffnxn  n=10240   finite=1 absmax=36.982       mean=0.011107     sumsq=29376.89251        argmax=5848
[dump]   top0 idx=5848 val=36.98242
[dump]   top1 idx=5187 val=20.26241
[dump]   top2 idx=6071 val=15.55784
[dump]   top3 idx=7358 val=14.00436
[dump]   top4 idx=6293 val=10.69058
[dump] L15.fmix   n=2560    finite=1 absmax=4.3379       mean=-0.0053577   sumsq=1518.694929        argmax=728
[dump]   top0 idx=728 val=4.33795
[dump]   top1 idx=2238 val=2.73473
[dump]   top2 idx=320 val=2.53270
[dump]   top3 idx=1512 val=2.45271
[dump]   top4 idx=2480 val=2.40359
[dump] L15.mid    n=10      finite=1 absmax=0 mean=0 sumsq=0 ids: 494 289 207 405 288 192 174 283 311 199
[dump] L15.moe    n=2560    finite=1 absmax=0.050558     mean=6.6769e-05   sumsq=0.4467030093       argmax=158
[dump]   top0 idx=158 val=0.05056
[dump]   top1 idx=1408 val=0.04757
[dump]   top2 idx=654 val=0.04519
[dump]   top3 idx=652 val=0.04389
[dump]   top4 idx=282 val=0.04104
[dump] L15.res    n=20480   finite=1 absmax=13.5         mean=0.0050857    sumsq=17538.16155        argmax=16311
[dump]   top0 idx=16311 val=13.49969
[dump]   top1 idx=16088 val=10.00568
[dump]   top2 idx=17671 val=9.50212
[dump]   top3 idx=16747 val=9.12591
[dump]   top4 idx=17101 val=8.88687
[dump] L16.hcmix  n=2560    finite=1 absmax=2.9427       mean=-0.0028359   sumsq=1044.50129         argmax=2121
[dump]   top0 idx=2121 val=2.94272
[dump]   top1 idx=1947 val=2.43839
[dump]   top2 idx=1795 val=2.26186
[dump]   top3 idx=1406 val=2.19128
[dump]   top4 idx=129 val=2.04415
[dump] L16.att    n=2560    finite=1 absmax=0.22469      mean=-0.0012469   sumsq=6.146480381        argmax=2057
[dump]   top0 idx=2057 val=0.22469
[dump]   top1 idx=713 val=0.18174
[dump]   top2 idx=2184 val=0.17106
[dump]   top3 idx=1076 val=0.17025
[dump]   top4 idx=2054 val=0.16302
[dump] L16.ffnxn  n=10240   finite=1 absmax=17.317       mean=0.0029137    sumsq=21963.34057        argmax=5848
[dump]   top0 idx=5848 val=17.31684
[dump]   top1 idx=6071 val=12.59974
[dump]   top2 idx=7358 val=9.21315
[dump]   top3 idx=5628 val=9.20484
[dump]   top4 idx=7553 val=8.61479
[dump] L16.fmix   n=2560    finite=1 absmax=2.8162       mean=-0.0050828   sumsq=1246.92574         argmax=320
[dump]   top0 idx=320 val=2.52510
[dump]   top1 idx=1512 val=2.50614
[dump]   top2 idx=667 val=2.40911
[dump]   top3 idx=836 val=2.05934
[dump]   top4 idx=2480 val=2.03062
[dump] L16.mid    n=10      finite=1 absmax=0 mean=0 sumsq=0 ids: 243 228 58 263 391 272 278 142 487 429
[dump] L16.moe    n=2560    finite=1 absmax=0.059136     mean=-2.2147e-05  sumsq=0.66175876         argmax=2532
[dump]   top0 idx=2532 val=0.05914
[dump]   top1 idx=333 val=0.04528
[dump]   top2 idx=732 val=0.04528
[dump]   top3 idx=812 val=0.04476
[dump]   top4 idx=242 val=0.04432
[dump] L16.res    n=20480   finite=1 absmax=10.173       mean=0.0041082    sumsq=16435.67017        argmax=16088
[dump]   top0 idx=16088 val=10.17304
[dump]   top1 idx=15778 val=9.68189
[dump]   top2 idx=16311 val=8.25021
[dump]   top3 idx=16747 val=7.72072
[dump]   top4 idx=17598 val=7.58919
[dump] L17.hcmix  n=2560    finite=1 absmax=2.7364       mean=0.00055939   sumsq=1066.214819        argmax=1947
[dump]   top0 idx=1947 val=2.73642
[dump]   top1 idx=359 val=2.36932
[dump]   top2 idx=1406 val=2.22257
[dump]   top3 idx=812 val=2.14481
[dump]   top4 idx=1205 val=2.09994
[dump] L17.att    n=2560    finite=1 absmax=0.23813      mean=0.00033583   sumsq=5.012120303        argmax=1984
[dump]   top0 idx=1984 val=0.23813
[dump]   top1 idx=177 val=0.17720
[dump]   top2 idx=871 val=0.17718
[dump]   top3 idx=394 val=0.17556
[dump]   top4 idx=223 val=0.14285
[dump] L17.ffnxn  n=10240   finite=1 absmax=13.325       mean=0.0064885    sumsq=17477.33896        argmax=5848
[dump]   top0 idx=5848 val=13.32465
[dump]   top1 idx=6071 val=11.82219
[dump]   top2 idx=7358 val=9.60243
[dump]   top3 idx=6214 val=8.83732
[dump]   top4 idx=6012 val=8.83499
[dump] L17.fmix   n=2560    finite=1 absmax=2.2543       mean=-0.00023545  sumsq=988.9119565        argmax=1512
[dump]   top0 idx=1512 val=1.94917
[dump]   top1 idx=812 val=1.94409
[dump]   top2 idx=631 val=1.88803
[dump]   top3 idx=793 val=1.82147
[dump]   top4 idx=667 val=1.79365
[dump] L17.mid    n=10      finite=1 absmax=0 mean=0 sumsq=0 ids: 136 499 363 486 139 209 84 471 366 419
[dump] L17.moe    n=2560    finite=1 absmax=0.03758      mean=0.00033148   sumsq=0.254987835        argmax=946
[dump]   top0 idx=946 val=0.03667
[dump]   top1 idx=705 val=0.03411
[dump]   top2 idx=803 val=0.03243
[dump]   top3 idx=1696 val=0.03239
[dump]   top4 idx=928 val=0.03232
[dump] L17.res    n=20480   finite=1 absmax=13.68        mean=0.010929     sumsq=16224.75512        argmax=16088
[dump]   top0 idx=16088 val=13.67962
[dump]   top1 idx=16311 val=10.71432
[dump]   top2 idx=16565 val=8.71043
[dump]   top3 idx=16747 val=8.55146
[dump]   top4 idx=10748 val=8.51828
[dump] L18.hcmix  n=2560    finite=1 absmax=2.8009       mean=0.015929     sumsq=1027.27258         argmax=1205
[dump]   top0 idx=1205 val=2.80089
[dump]   top1 idx=2121 val=2.47912
[dump]   top2 idx=1947 val=2.34354
[dump]   top3 idx=359 val=2.24770
[dump]   top4 idx=1616 val=2.22738
[dump] L18.att    n=2560    finite=1 absmax=0.29803      mean=-0.00092912  sumsq=6.280697357        argmax=482
[dump]   top0 idx=482 val=0.29803
[dump]   top1 idx=167 val=0.20553
[dump]   top2 idx=1134 val=0.18631
[dump]   top3 idx=689 val=0.18339
[dump]   top4 idx=1509 val=0.18195
[dump] L18.ffnxn  n=10240   finite=1 absmax=13.127       mean=0.017618     sumsq=17132.07236        argmax=6071
[dump]   top0 idx=6071 val=13.12657
[dump]   top1 idx=5848 val=11.72921
[dump]   top2 idx=8311 val=9.80361
[dump]   top3 idx=6214 val=8.84177
[dump]   top4 idx=7358 val=8.72890
[dump] L18.fmix   n=2560    finite=1 absmax=2.5435       mean=0.0088005    sumsq=903.8143781        argmax=65
[dump]   top0 idx=65 val=2.33364
[dump]   top1 idx=588 val=2.32251
[dump]   top2 idx=631 val=2.26700
[dump]   top3 idx=2491 val=2.17408
[dump]   top4 idx=2121 val=2.02990
[dump] L18.mid    n=10      finite=1 absmax=0 mean=0 sumsq=0 ids: 131 264 29 448 211 353 101 24 347 201
[dump] L18.moe    n=2560    finite=1 absmax=0.047725     mean=0.00011304   sumsq=0.346927602        argmax=2356
[dump]   top0 idx=2356 val=0.04773
[dump]   top1 idx=2198 val=0.03884
[dump]   top2 idx=86 val=0.03756
[dump]   top3 idx=127 val=0.03457
[dump]   top4 idx=1827 val=0.03414
[dump] L18.res    n=20480   finite=1 absmax=11.043       mean=0.0086647    sumsq=7716.138061        argmax=16088
[dump]   top0 idx=16088 val=11.04278
[dump]   top1 idx=17101 val=7.86901
[dump]   top2 idx=15365 val=7.39996
[dump]   top3 idx=16311 val=7.38111
[dump]   top4 idx=10722 val=6.86903
[dump] L19.hcmix  n=2560    finite=1 absmax=1.8754       mean=0.010582     sumsq=391.4465194        argmax=1947
[dump]   top0 idx=1947 val=1.87538
[dump]   top1 idx=1741 val=1.79645
[dump]   top2 idx=482 val=1.70446
[dump]   top3 idx=2121 val=1.46068
[dump]   top4 idx=951 val=1.43222
[dump] L19.att    n=2560    finite=1 absmax=0.4496       mean=0.0010518    sumsq=17.62812859        argmax=1227
[dump]   top0 idx=1227 val=0.43560
[dump]   top1 idx=694 val=0.37211
[dump]   top2 idx=1536 val=0.35521
[dump]   top3 idx=2359 val=0.33684
[dump]   top4 idx=356 val=0.33603
[dump] L19.ffnxn  n=10240   finite=1 absmax=15.741       mean=0.016084     sumsq=18172.54865        argmax=6071
[dump]   top0 idx=6071 val=15.74069
[dump]   top1 idx=5848 val=12.61135
[dump]   top2 idx=7358 val=8.40855
[dump]   top3 idx=7553 val=8.40150
[dump]   top4 idx=6876 val=7.91821
[dump] L19.fmix   n=2560    finite=1 absmax=2.4698       mean=0.0092399    sumsq=1169.779596        argmax=667
[dump]   top0 idx=667 val=2.25405
[dump]   top1 idx=2390 val=2.24440
[dump]   top2 idx=2499 val=2.07710
[dump]   top3 idx=2491 val=2.07596
[dump]   top4 idx=2261 val=2.05452
[dump] L19.mid    n=10      finite=1 absmax=0 mean=0 sumsq=0 ids: 31 121 291 315 490 377 222 173 434 162
[dump] L19.moe    n=2560    finite=1 absmax=0.043982     mean=0.00053714   sumsq=0.2949387137       argmax=105
[dump]   top0 idx=105 val=0.04398
[dump]   top1 idx=1265 val=0.03864
[dump]   top2 idx=1466 val=0.03863
[dump]   top3 idx=582 val=0.03459
[dump]   top4 idx=1749 val=0.03362
[dump] L19.res    n=20480   finite=1 absmax=15.265       mean=0.019255     sumsq=18034.44704        argmax=16311
[dump]   top0 idx=16311 val=15.26543
[dump]   top1 idx=17598 val=12.12081
[dump]   top2 idx=16088 val=10.32066
[dump]   top3 idx=17671 val=7.16566
[dump]   top4 idx=18499 val=7.10059
[dump] L20.hcmix  n=2560    finite=1 absmax=2.6617       mean=0.020517     sumsq=973.8587692        argmax=1461
[dump]   top0 idx=1461 val=2.65032
[dump]   top1 idx=359 val=2.45016
[dump]   top2 idx=1947 val=2.25286
[dump]   top3 idx=951 val=2.09352
[dump]   top4 idx=2481 val=2.05390
[dump] L20.att    n=2560    finite=1 absmax=0.60301      mean=-0.002817    sumsq=18.2273412         argmax=717
[dump]   top0 idx=717 val=0.41655
[dump]   top1 idx=1641 val=0.40359
[dump]   top2 idx=1132 val=0.34916
[dump]   top3 idx=2293 val=0.31747
[dump]   top4 idx=1763 val=0.31528
[dump] L20.ffnxn  n=10240   finite=1 absmax=15.492       mean=0.026021     sumsq=27820.61848        argmax=6071
[dump]   top0 idx=6071 val=15.49245
[dump]   top1 idx=5848 val=13.08580
[dump]   top2 idx=5187 val=11.67822
[dump]   top3 idx=7358 val=10.39348
[dump]   top4 idx=6214 val=8.06160
[dump] L20.fmix   n=2560    finite=1 absmax=3.5803       mean=0.014947     sumsq=1426.257989        argmax=1466
[dump]   top0 idx=1466 val=2.99593
[dump]   top1 idx=1171 val=2.33387
[dump]   top2 idx=2481 val=2.29445
[dump]   top3 idx=667 val=2.24433
[dump]   top4 idx=2480 val=2.15087
[dump] L20.mid    n=10      finite=1 absmax=0 mean=0 sumsq=0 ids: 387 485 442 179 258 296 388 168 307 358
[dump] L20.moe    n=2560    finite=1 absmax=0.043272     mean=0.00072212   sumsq=0.4556814431       argmax=662
[dump]   top0 idx=662 val=0.04327
[dump]   top1 idx=1423 val=0.04164
[dump]   top2 idx=1159 val=0.03928
[dump]   top3 idx=1544 val=0.03759
[dump]   top4 idx=1625 val=0.03721
[dump] L20.res    n=20480   finite=1 absmax=11.509       mean=0.023938     sumsq=20546.69621        argmax=16088
[dump]   top0 idx=16088 val=11.50880
[dump]   top1 idx=15948 val=10.47320
[dump]   top2 idx=15755 val=9.73379
[dump]   top3 idx=17671 val=9.58191
[dump]   top4 idx=16747 val=8.72522
[dump] L21.hcmix  n=2560    finite=1 absmax=3.0212       mean=0.038495     sumsq=1156.600861        argmax=588
[dump]   top0 idx=588 val=2.74726
[dump]   top1 idx=524 val=2.65391
[dump]   top2 idx=359 val=2.51707
[dump]   top3 idx=1205 val=2.30158
[dump]   top4 idx=1795 val=2.20593
[dump] L21.att    n=2560    finite=1 absmax=0.26616      mean=0.00076912   sumsq=2.464199416        argmax=951
[dump]   top0 idx=951 val=0.26616
[dump]   top1 idx=192 val=0.24976
[dump]   top2 idx=728 val=0.16007
[dump]   top3 idx=508 val=0.13864
[dump]   top4 idx=993 val=0.13047
[dump] L21.ffnxn  n=10240   finite=1 absmax=15.01        mean=0.056179     sumsq=25499.78548        argmax=6071
[dump]   top0 idx=6071 val=15.01025
[dump]   top1 idx=5848 val=14.67956
[dump]   top2 idx=7358 val=10.16473
[dump]   top3 idx=8311 val=9.63371
[dump]   top4 idx=6214 val=9.17048
[dump] L21.fmix   n=2560    finite=1 absmax=3.6251       mean=0.044229     sumsq=1329.801747        argmax=1466
[dump]   top0 idx=1466 val=2.69146
[dump]   top1 idx=65 val=2.52072
[dump]   top2 idx=524 val=2.31344
[dump]   top3 idx=631 val=2.27307
[dump]   top4 idx=1696 val=2.27250
[dump] L21.mid    n=10      finite=1 absmax=0 mean=0 sumsq=0 ids: 255 118 346 25 313 369 379 418 57 306
[dump] L21.moe    n=2560    finite=1 absmax=0.047031     mean=4.9452e-05   sumsq=0.4266038244       argmax=465
[dump]   top0 idx=465 val=0.04113
[dump]   top1 idx=2079 val=0.04088
[dump]   top2 idx=493 val=0.04079
[dump]   top3 idx=1413 val=0.04033
[dump]   top4 idx=2233 val=0.03888
[dump] L21.res    n=20480   finite=1 absmax=17.109       mean=0.023954     sumsq=16886.08544        argmax=15365
[dump]   top0 idx=15365 val=17.10900
[dump]   top1 idx=15948 val=13.00486
[dump]   top2 idx=17279 val=10.47941
[dump]   top3 idx=15991 val=10.06642
[dump]   top4 idx=17702 val=9.98510
[dump] L22.hcmix  n=2560    finite=1 absmax=4.1252       mean=0.035715     sumsq=764.4466997        argmax=5
[dump]   top0 idx=5 val=4.12522
[dump]   top1 idx=588 val=3.29022
[dump]   top2 idx=2450 val=2.62317
[dump]   top3 idx=65 val=2.48441
[dump]   top4 idx=1716 val=2.39963
[dump] L22.att    n=2560    finite=1 absmax=0.52501      mean=0.0010695    sumsq=8.526739525        argmax=268
[dump]   top0 idx=268 val=0.52501
[dump]   top1 idx=2238 val=0.43693
[dump]   top2 idx=728 val=0.40335
[dump]   top3 idx=951 val=0.37474
[dump]   top4 idx=631 val=0.31832
[dump] L22.ffnxn  n=10240   finite=1 absmax=15.718       mean=0.054917     sumsq=27951.52156        argmax=5848
[dump]   top0 idx=5848 val=15.71796
[dump]   top1 idx=6071 val=12.91066
[dump]   top2 idx=7358 val=11.70495
[dump]   top3 idx=8311 val=10.97324
[dump]   top4 idx=5751 val=9.92340
[dump] L22.fmix   n=2560    finite=1 absmax=3.4215       mean=0.032492     sumsq=1029.78775         argmax=65
[dump]   top0 idx=65 val=2.33459
[dump]   top1 idx=2279 val=2.14179
[dump]   top2 idx=1466 val=2.11810
[dump]   top3 idx=631 val=2.05636
[dump]   top4 idx=67 val=2.00157
[dump] L22.mid    n=10      finite=1 absmax=0 mean=0 sumsq=0 ids: 279 301 504 364 50 460 287 308 454 355
[dump] L22.moe    n=2560    finite=1 absmax=0.06387      mean=0.00010456   sumsq=0.497911978        argmax=1313
[dump]   top0 idx=1313 val=0.06387
[dump]   top1 idx=1634 val=0.05345
[dump]   top2 idx=1237 val=0.05015
[dump]   top3 idx=806 val=0.04868
[dump]   top4 idx=227 val=0.04726
[dump] L22.res    n=20480   finite=1 absmax=12.352       mean=0.018105     sumsq=10865.15068        argmax=15365
[dump]   top0 idx=15365 val=12.35194
[dump]   top1 idx=16153 val=9.19563
[dump]   top2 idx=16088 val=9.11883
[dump]   top3 idx=16311 val=8.83039
[dump]   top4 idx=15427 val=8.12357
[dump] L23.hcmix  n=2560    finite=1 absmax=2.8222       mean=0.015674     sumsq=300.7798757        argmax=5
[dump]   top0 idx=5 val=2.82220
[dump]   top1 idx=631 val=1.72440
[dump]   top2 idx=1741 val=1.47941
[dump]   top3 idx=524 val=1.45463
[dump]   top4 idx=1947 val=1.43084
[dump] L23.att    n=2560    finite=1 absmax=0.38622      mean=0.00084592   sumsq=12.79054764        argmax=784
[dump]   top0 idx=784 val=0.31724
[dump]   top1 idx=86 val=0.29778
[dump]   top2 idx=2517 val=0.29352
[dump]   top3 idx=1790 val=0.28518
[dump]   top4 idx=1135 val=0.28436
[dump] L23.ffnxn  n=10240   finite=1 absmax=17.64        mean=0.043365     sumsq=35707.2024         argmax=5187
[dump]   top0 idx=5187 val=17.63997
[dump]   top1 idx=6071 val=16.36970
[dump]   top2 idx=7358 val=16.09692
[dump]   top3 idx=5848 val=14.10441
[dump]   top4 idx=5682 val=13.33237
[dump] L23.fmix   n=2560    finite=1 absmax=3.1945       mean=0.028507     sumsq=1573.375647        argmax=1798
[dump]   top0 idx=1798 val=2.69192
[dump]   top1 idx=143 val=2.52714
[dump]   top2 idx=1466 val=2.52262
[dump]   top3 idx=2261 val=2.49662
[dump]   top4 idx=2238 val=2.46517
[dump] L23.mid    n=10      finite=1 absmax=0 mean=0 sumsq=0 ids: 356 128 480 45 355 342 477 334 354 32
[dump] L23.moe    n=2560    finite=1 absmax=0.066304     mean=-5.5017e-05  sumsq=0.9891757138       argmax=960
[dump]   top0 idx=960 val=0.06630
[dump]   top1 idx=1525 val=0.06306
[dump]   top2 idx=2286 val=0.06109
[dump]   top3 idx=2139 val=0.06075
[dump]   top4 idx=1301 val=0.06028
[dump] L23.res    n=20480   finite=1 absmax=15.088       mean=0.0271       sumsq=16845.69099        argmax=15991
[dump]   top0 idx=15991 val=10.71751
[dump]   top1 idx=16088 val=10.51166
[dump]   top2 idx=16565 val=8.81748
[dump]   top3 idx=15948 val=8.58108
[dump]   top4 idx=15427 val=8.35541
[dump] L24.hcmix  n=2560    finite=1 absmax=2.9538       mean=0.040847     sumsq=833.438194         argmax=631
[dump]   top0 idx=631 val=2.95385
[dump]   top1 idx=1205 val=2.61469
[dump]   top2 idx=1716 val=2.50468
[dump]   top3 idx=2121 val=2.49067
[dump]   top4 idx=588 val=2.38192
[dump] L24.att    n=2560    finite=1 absmax=0.14262      mean=-0.00026884  sumsq=1.615217348        argmax=1586
[dump]   top0 idx=1586 val=0.11363
[dump]   top1 idx=895 val=0.11348
[dump]   top2 idx=799 val=0.10205
[dump]   top3 idx=92 val=0.09934
[dump]   top4 idx=36 val=0.09130
[dump] L24.ffnxn  n=10240   finite=1 absmax=13.669       mean=0.032823     sumsq=13017.54327        argmax=5848
[dump]   top0 idx=5848 val=13.66907
[dump]   top1 idx=6071 val=11.99604
[dump]   top2 idx=7358 val=9.40388
[dump]   top3 idx=5167 val=8.71985
[dump]   top4 idx=6214 val=8.58205
[dump] L24.fmix   n=2560    finite=1 absmax=2.6459       mean=0.026696     sumsq=831.0189594        argmax=631
[dump]   top0 idx=631 val=2.64590
[dump]   top1 idx=1466 val=1.90011
[dump]   top2 idx=25 val=1.83115
[dump]   top3 idx=1798 val=1.80345
[dump]   top4 idx=65 val=1.77025
[dump] L24.mid    n=10      finite=1 absmax=0 mean=0 sumsq=0 ids: 263 134 175 354 360 181 11 231 462 439
[dump] L24.moe    n=2560    finite=1 absmax=0.040394     mean=0.00018589   sumsq=0.2831626136       argmax=2504
[dump]   top0 idx=2504 val=0.04039
[dump]   top1 idx=1792 val=0.03848
[dump]   top2 idx=81 val=0.03614
[dump]   top3 idx=860 val=0.03604
[dump]   top4 idx=288 val=0.03572
[dump] L24.res    n=20480   finite=1 absmax=13.58        mean=0.014548     sumsq=12827.28874        argmax=16088
[dump]   top0 idx=16088 val=13.58011
[dump]   top1 idx=17598 val=8.38275
[dump]   top2 idx=15365 val=7.94387
[dump]   top3 idx=16747 val=7.23855
[dump]   top4 idx=17116 val=6.84025
[dump] L25.hcmix  n=2560    finite=1 absmax=2.6332       mean=0.021138     sumsq=823.4692921        argmax=2233
[dump]   top0 idx=2233 val=2.38344
[dump]   top1 idx=1716 val=2.28733
[dump]   top2 idx=359 val=2.12725
[dump]   top3 idx=1205 val=2.00389
[dump]   top4 idx=2327 val=1.93548
[dump] L25.att    n=2560    finite=1 absmax=0.53735      mean=-0.00035449  sumsq=7.535664038        argmax=951
[dump]   top0 idx=951 val=0.53735
[dump]   top1 idx=993 val=0.27272
[dump]   top2 idx=1378 val=0.21150
[dump]   top3 idx=2238 val=0.20915
[dump]   top4 idx=914 val=0.19805
[dump] L25.ffnxn  n=10240   finite=1 absmax=15.42        mean=0.039717     sumsq=16749.79153        argmax=5848
[dump]   top0 idx=5848 val=15.41980
[dump]   top1 idx=6071 val=14.59912
[dump]   top2 idx=7358 val=10.35836
[dump]   top3 idx=5167 val=7.85281
[dump]   top4 idx=5187 val=6.89707
[dump] L25.fmix   n=2560    finite=1 absmax=2.1619       mean=0.028363     sumsq=816.6601336        argmax=2141
[dump]   top0 idx=2141 val=2.16194
[dump]   top1 idx=746 val=1.89673
[dump]   top2 idx=25 val=1.86702
[dump]   top3 idx=1466 val=1.62714
[dump]   top4 idx=2261 val=1.60491
[dump] L25.mid    n=10      finite=1 absmax=0 mean=0 sumsq=0 ids: 376 346 264 68 506 142 73 329 430 427
[dump] L25.moe    n=2560    finite=1 absmax=0.03764      mean=9.4666e-05   sumsq=0.2770970634       argmax=402
[dump]   top0 idx=402 val=0.03764
[dump]   top1 idx=394 val=0.03336
[dump]   top2 idx=2422 val=0.03307
[dump]   top3 idx=791 val=0.03191
[dump]   top4 idx=543 val=0.03141
[dump] L25.res    n=20480   finite=1 absmax=16.19        mean=0.015221     sumsq=14793.41456        argmax=16088
[dump]   top0 idx=16088 val=16.19022
[dump]   top1 idx=17101 val=8.94695
[dump]   top2 idx=16311 val=8.79820
[dump]   top3 idx=15991 val=8.66270
[dump]   top4 idx=15948 val=8.32370
[dump] L26.hcmix  n=2560    finite=1 absmax=3.9909       mean=0.021105     sumsq=957.1174076        argmax=631
[dump]   top0 idx=631 val=2.63438
[dump]   top1 idx=2121 val=2.44029
[dump]   top2 idx=359 val=2.24979
[dump]   top3 idx=524 val=2.19447
[dump]   top4 idx=482 val=2.03868
[dump] L26.att    n=2560    finite=1 absmax=0.30788      mean=-0.00089083  sumsq=10.33761657        argmax=519
[dump]   top0 idx=519 val=0.30788
[dump]   top1 idx=2203 val=0.27919
[dump]   top2 idx=728 val=0.27619
[dump]   top3 idx=177 val=0.23497
[dump]   top4 idx=816 val=0.22845
[dump] L26.ffnxn  n=10240   finite=1 absmax=12.33        mean=0.025983     sumsq=12912.53678        argmax=6071
[dump]   top0 idx=6071 val=12.32963
[dump]   top1 idx=5848 val=11.98337
[dump]   top2 idx=7358 val=10.88011
[dump]   top3 idx=6214 val=10.03912
[dump]   top4 idx=8981 val=8.01628
[dump] L26.fmix   n=2560    finite=1 absmax=2.0886       mean=0.020347     sumsq=733.3919542        argmax=746
[dump]   top0 idx=746 val=2.08861
[dump]   top1 idx=25 val=1.80436
[dump]   top2 idx=1466 val=1.75672
[dump]   top3 idx=1500 val=1.66623
[dump]   top4 idx=2233 val=1.64350
[dump] L26.mid    n=10      finite=1 absmax=0 mean=0 sumsq=0 ids: 461 355 97 417 243 313 296 384 177 320
[dump] L26.moe    n=2560    finite=1 absmax=0.050615     mean=6.2386e-05   sumsq=0.4699129889       argmax=2054
[dump]   top0 idx=2054 val=0.05024
[dump]   top1 idx=1500 val=0.04750
[dump]   top2 idx=1810 val=0.04394
[dump]   top3 idx=1828 val=0.04271
[dump]   top4 idx=859 val=0.04127
[dump] L26.res    n=20480   finite=1 absmax=12.043       mean=0.010849     sumsq=7446.075441        argmax=16088
[dump]   top0 idx=16088 val=12.04254
[dump]   top1 idx=16311 val=11.55584
[dump]   top2 idx=17598 val=11.47400
[dump]   top3 idx=15365 val=9.86710
[dump]   top4 idx=17793 val=7.62326
[dump] L27.hcmix  n=2560    finite=1 absmax=2.3199       mean=0.013109     sumsq=367.4090597        argmax=951
[dump]   top0 idx=951 val=2.31995
[dump]   top1 idx=5 val=2.30569
[dump]   top2 idx=728 val=2.24628
[dump]   top3 idx=2238 val=2.21321
[dump]   top4 idx=482 val=1.43711
[dump] L27.att    n=2560    finite=1 absmax=0.43877      mean=0.0024035    sumsq=15.24854761        argmax=892
[dump]   top0 idx=892 val=0.29074
[dump]   top1 idx=302 val=0.27827
[dump]   top2 idx=2003 val=0.27015
[dump]   top3 idx=1404 val=0.26510
[dump]   top4 idx=1341 val=0.26061
[dump] L27.ffnxn  n=10240   finite=1 absmax=13.288       mean=0.031197     sumsq=13357.40184        argmax=5848
[dump]   top0 idx=5848 val=13.28820
[dump]   top1 idx=6071 val=12.57113
[dump]   top2 idx=7358 val=12.16304
[dump]   top3 idx=6214 val=11.84839
[dump]   top4 idx=6507 val=9.16190
[dump] L27.fmix   n=2560    finite=1 absmax=2.2454       mean=0.024357     sumsq=788.389083         argmax=1500
[dump]   top0 idx=1500 val=2.24538
[dump]   top1 idx=1717 val=1.86361
[dump]   top2 idx=479 val=1.74921
[dump]   top3 idx=849 val=1.73112
[dump]   top4 idx=1905 val=1.67465
[dump] L27.mid    n=10      finite=1 absmax=0 mean=0 sumsq=0 ids: 430 323 98 508 166 58 151 120 261 108
[dump] L27.moe    n=2560    finite=1 absmax=0.03706      mean=0.00031886   sumsq=0.2152966292       argmax=960
[dump]   top0 idx=960 val=0.03497
[dump]   top1 idx=1291 val=0.02836
[dump]   top2 idx=2196 val=0.02781
[dump]   top3 idx=1858 val=0.02722
[dump]   top4 idx=2530 val=0.02669
[dump] L27.res    n=20480   finite=1 absmax=16.848       mean=0.021644     sumsq=15500.9972         argmax=16088
[dump]   top0 idx=16088 val=16.84755
[dump]   top1 idx=16311 val=10.25031
[dump]   top2 idx=17598 val=9.66869
[dump]   top3 idx=15365 val=8.16160
[dump]   top4 idx=17101 val=7.88479
[dump] L28.hcmix  n=2560    finite=1 absmax=2.8967       mean=0.028404     sumsq=931.3380455        argmax=1500
[dump]   top0 idx=1500 val=2.89672
[dump]   top1 idx=1717 val=2.28145
[dump]   top2 idx=1716 val=2.10347
[dump]   top3 idx=1205 val=2.01801
[dump]   top4 idx=1780 val=1.91085
[dump] L28.att    n=2560    finite=1 absmax=0.20667      mean=-0.0023152   sumsq=7.07309697         argmax=186
[dump]   top0 idx=186 val=0.20667
[dump]   top1 idx=736 val=0.20271
[dump]   top2 idx=1480 val=0.17724
[dump]   top3 idx=434 val=0.17028
[dump]   top4 idx=200 val=0.16249
[dump] L28.ffnxn  n=10240   finite=1 absmax=12.458       mean=0.038998     sumsq=15293.8234         argmax=5848
[dump]   top0 idx=5848 val=12.45776
[dump]   top1 idx=6071 val=10.85473
[dump]   top2 idx=7358 val=10.83270
[dump]   top3 idx=6507 val=8.88737
[dump]   top4 idx=5167 val=8.78022
[dump] L28.fmix   n=2560    finite=1 absmax=2.6205       mean=0.030264     sumsq=898.8482473        argmax=1500
[dump]   top0 idx=1500 val=2.62052
[dump]   top1 idx=65 val=2.10382
[dump]   top2 idx=1905 val=2.00048
[dump]   top3 idx=631 val=1.96576
[dump]   top4 idx=849 val=1.79472
[dump] L28.mid    n=10      finite=1 absmax=0 mean=0 sumsq=0 ids: 52 219 421 469 392 297 66 43 21 63
[dump] L28.moe    n=2560    finite=1 absmax=0.04651      mean=-0.0003649   sumsq=0.2926378713       argmax=1942
[dump]   top0 idx=1942 val=0.04336
[dump]   top1 idx=1207 val=0.03495
[dump]   top2 idx=264 val=0.03459
[dump]   top3 idx=722 val=0.03367
[dump]   top4 idx=714 val=0.03342
[dump] L28.res    n=20480   finite=1 absmax=12.992       mean=0.013397     sumsq=15577.40331        argmax=16088
[dump]   top0 idx=16088 val=12.99155
[dump]   top1 idx=17671 val=9.63194
[dump]   top2 idx=17101 val=8.70856
[dump]   top3 idx=16747 val=8.08086
[dump]   top4 idx=17598 val=7.21573
[dump] L29.hcmix  n=2560    finite=1 absmax=2.9745       mean=0.018488     sumsq=995.4910247        argmax=524
[dump]   top0 idx=524 val=2.97447
[dump]   top1 idx=1500 val=2.90230
[dump]   top2 idx=1717 val=2.53888
[dump]   top3 idx=1512 val=2.14164
[dump]   top4 idx=1716 val=2.08872
[dump] L29.att    n=2560    finite=1 absmax=0.11764      mean=-0.00053431  sumsq=1.624047783        argmax=1795
[dump]   top0 idx=1795 val=0.10478
[dump]   top1 idx=1736 val=0.09891
[dump]   top2 idx=1882 val=0.08733
[dump]   top3 idx=344 val=0.08209
[dump]   top4 idx=1925 val=0.07932
[dump] L29.ffnxn  n=10240   finite=1 absmax=14.408       mean=0.019402     sumsq=15447.01385        argmax=6071
[dump]   top0 idx=6071 val=14.40838
[dump]   top1 idx=7358 val=14.25331
[dump]   top2 idx=5848 val=14.14837
[dump]   top3 idx=6507 val=12.04406
[dump]   top4 idx=6214 val=10.99689
[dump] L29.fmix   n=2560    finite=1 absmax=2.3195       mean=0.012962     sumsq=926.0183           argmax=1717
[dump]   top0 idx=1717 val=2.16201
[dump]   top1 idx=1905 val=1.95024
[dump]   top2 idx=2238 val=1.89856
[dump]   top3 idx=1500 val=1.84874
[dump]   top4 idx=1914 val=1.84744
[dump] L29.mid    n=10      finite=1 absmax=0 mean=0 sumsq=0 ids: 387 273 93 290 330 118 265 259 342 451
[dump] L29.moe    n=2560    finite=1 absmax=0.043525     mean=5.1382e-05   sumsq=0.3436363137       argmax=525
[dump]   top0 idx=525 val=0.04352
[dump]   top1 idx=1253 val=0.04005
[dump]   top2 idx=1039 val=0.03799
[dump]   top3 idx=309 val=0.03454
[dump]   top4 idx=1384 val=0.03374
[dump] L29.res    n=20480   finite=1 absmax=17.261       mean=0.012766     sumsq=17115.87918        argmax=16311
[dump]   top0 idx=16311 val=17.26104
[dump]   top1 idx=16088 val=13.73311
[dump]   top2 idx=17598 val=9.57347
[dump]   top3 idx=16747 val=8.95584
[dump]   top4 idx=17671 val=8.38701
[dump] L30.hcmix  n=2560    finite=1 absmax=2.7026       mean=0.015675     sumsq=855.8264611        argmax=1500
[dump]   top0 idx=1500 val=2.70265
[dump]   top1 idx=1716 val=2.40222
[dump]   top2 idx=524 val=2.27153
[dump]   top3 idx=788 val=2.09111
[dump]   top4 idx=983 val=2.03289
[dump] L30.att    n=2560    finite=1 absmax=0.3525       mean=-0.0010644   sumsq=9.650752676        argmax=993
[dump]   top0 idx=993 val=0.35250
[dump]   top1 idx=2502 val=0.32866
[dump]   top2 idx=482 val=0.25691
[dump]   top3 idx=1795 val=0.19491
[dump]   top4 idx=1134 val=0.18960
[dump] L30.ffnxn  n=10240   finite=1 absmax=16.017       mean=0.018441     sumsq=21161.3405         argmax=5848
[dump]   top0 idx=5848 val=16.01691
[dump]   top1 idx=6071 val=11.38697
[dump]   top2 idx=7358 val=11.30800
[dump]   top3 idx=6214 val=9.47213
[dump]   top4 idx=6293 val=9.36479
[dump] L30.fmix   n=2560    finite=1 absmax=2.9055       mean=0.011336     sumsq=1336.740651        argmax=1914
[dump]   top0 idx=1914 val=2.56213
[dump]   top1 idx=1500 val=2.49677
[dump]   top2 idx=2238 val=2.26672
[dump]   top3 idx=1905 val=2.23753
[dump]   top4 idx=1717 val=2.10787
[dump] L30.mid    n=10      finite=1 absmax=0 mean=0 sumsq=0 ids: 86 506 398 151 11 181 335 280 154 439
[dump] L30.moe    n=2560    finite=1 absmax=0.056296     mean=3.6983e-05   sumsq=0.6273323203       argmax=1850
[dump]   top0 idx=1850 val=0.05630
[dump]   top1 idx=835 val=0.05552
[dump]   top2 idx=2030 val=0.05428
[dump]   top3 idx=1044 val=0.05312
[dump]   top4 idx=2095 val=0.05139
[dump] L30.res    n=20480   finite=1 absmax=13.109       mean=0.0086693    sumsq=7721.028244        argmax=16088
[dump]   top0 idx=16088 val=13.10929
[dump]   top1 idx=15365 val=8.97201
[dump]   top2 idx=10722 val=7.45327
[dump]   top3 idx=17598 val=6.81873
[dump]   top4 idx=16311 val=6.80647
[dump] L31.hcmix  n=2560    finite=1 absmax=1.9012       mean=0.0047444    sumsq=278.506883         argmax=728
[dump]   top0 idx=728 val=1.90119
[dump]   top1 idx=482 val=1.58648
[dump]   top2 idx=1500 val=1.32785
[dump]   top3 idx=2238 val=1.19136
[dump]   top4 idx=1717 val=1.09935
[dump] L31.att    n=2560    finite=1 absmax=0.23991      mean=-0.0022096   sumsq=9.690096402        argmax=1716
[dump]   top0 idx=1716 val=0.23991
[dump]   top1 idx=1359 val=0.23340
[dump]   top2 idx=1205 val=0.20786
[dump]   top3 idx=2371 val=0.19638
[dump]   top4 idx=1776 val=0.19552
[dump] L31.ffnxn  n=10240   finite=1 absmax=41.999       mean=0.0087244    sumsq=36201.1524         argmax=5848
[dump]   top0 idx=5848 val=41.99945
[dump]   top1 idx=5187 val=21.75691
[dump]   top2 idx=6071 val=20.40512
[dump]   top3 idx=7358 val=19.34773
[dump]   top4 idx=6876 val=12.77483
[dump] L31.fmix   n=2560    finite=1 absmax=5.3317       mean=0.00076491   sumsq=1974.31058         argmax=728
[dump]   top0 idx=728 val=5.33169
[dump]   top1 idx=2238 val=3.74976
[dump]   top2 idx=98 val=3.01884
[dump]   top3 idx=957 val=3.01595
[dump]   top4 idx=477 val=2.72589
[dump] L31.mid    n=10      finite=1 absmax=0 mean=0 sumsq=0 ids: 494 283 289 311 156 405 302 399 408 177
[dump] L31.moe    n=2560    finite=1 absmax=0.071053     mean=0.00060503   sumsq=0.8514527286       argmax=32
[dump]   top0 idx=32 val=0.07105
[dump]   top1 idx=877 val=0.07047
[dump]   top2 idx=2438 val=0.05927
[dump]   top3 idx=1479 val=0.05891
[dump]   top4 idx=2249 val=0.05698
[dump] L31.res    n=20480   finite=1 absmax=17.021       mean=0.010252     sumsq=20114.3858         argmax=16311
[dump]   top0 idx=16311 val=17.02059
[dump]   top1 idx=16088 val=11.83481
[dump]   top2 idx=17101 val=11.31214
[dump]   top3 idx=17671 val=10.69814
[dump]   top4 idx=16747 val=9.95405
[dump] L32.hcmix  n=2560    finite=1 absmax=2.6898       mean=0.011598     sumsq=966.0803171        argmax=1500
[dump]   top0 idx=1500 val=2.68980
[dump]   top1 idx=1313 val=2.34569
[dump]   top2 idx=1603 val=2.19741
[dump]   top3 idx=681 val=2.08279
[dump]   top4 idx=867 val=2.06057
[dump] L32.att    n=2560    finite=1 absmax=0.21822      mean=-0.001343    sumsq=4.305947225        argmax=713
[dump]   top0 idx=713 val=0.21822
[dump]   top1 idx=1368 val=0.19020
[dump]   top2 idx=1134 val=0.14503
[dump]   top3 idx=1303 val=0.14156
[dump]   top4 idx=167 val=0.13922
[dump] L32.ffnxn  n=10240   finite=1 absmax=20.051       mean=0.0097052    sumsq=29416.00008        argmax=5848
[dump]   top0 idx=5848 val=20.05092
[dump]   top1 idx=6071 val=16.24689
[dump]   top2 idx=7358 val=13.60950
[dump]   top3 idx=6012 val=11.09756
[dump]   top4 idx=7553 val=10.85229
[dump] L32.fmix   n=2560    finite=1 absmax=3.5074       mean=0.0067731    sumsq=1790.823757        argmax=2095
[dump]   top0 idx=2095 val=2.64680
[dump]   top1 idx=1828 val=2.42364
[dump]   top2 idx=1512 val=2.38884
[dump]   top3 idx=957 val=2.34220
[dump]   top4 idx=1199 val=2.30370
[dump] L32.mid    n=10      finite=1 absmax=0 mean=0 sumsq=0 ids: 228 243 263 454 377 142 58 278 429 359
[dump] L32.moe    n=2560    finite=1 absmax=0.072325     mean=-0.00034939  sumsq=0.7779719191       argmax=2441
[dump]   top0 idx=2441 val=0.05310
[dump]   top1 idx=1854 val=0.05208
[dump]   top2 idx=805 val=0.05188
[dump]   top3 idx=198 val=0.05120
[dump]   top4 idx=966 val=0.05020
[dump] L32.res    n=20480   finite=1 absmax=11.924       mean=0.0078077    sumsq=18268.98991        argmax=16088
[dump]   top0 idx=16088 val=11.92360
[dump]   top1 idx=17598 val=11.35700
[dump]   top2 idx=15778 val=10.14307
[dump]   top3 idx=16311 val=10.03190
[dump]   top4 idx=17101 val=8.85308
[dump] L33.hcmix  n=2560    finite=1 absmax=2.6132       mean=0.0082756    sumsq=1015.51671         argmax=1716
[dump]   top0 idx=1716 val=2.61318
[dump]   top1 idx=1313 val=2.46861
[dump]   top2 idx=227 val=2.36832
[dump]   top3 idx=2085 val=2.35001
[dump]   top4 idx=1500 val=2.28602
[dump] L33.att    n=2560    finite=1 absmax=0.13621      mean=-0.0012255   sumsq=1.587118397        argmax=2393
[dump]   top0 idx=2393 val=0.13621
[dump]   top1 idx=192 val=0.10372
[dump]   top2 idx=793 val=0.09386
[dump]   top3 idx=634 val=0.09307
[dump]   top4 idx=1836 val=0.08393
[dump] L33.ffnxn  n=10240   finite=1 absmax=16.373       mean=0.002249     sumsq=22646.1319         argmax=5848
[dump]   top0 idx=5848 val=16.37266
[dump]   top1 idx=6071 val=15.56748
[dump]   top2 idx=7358 val=13.75164
[dump]   top3 idx=6012 val=11.63346
[dump]   top4 idx=6214 val=10.95702
[dump] L33.fmix   n=2560    finite=1 absmax=3.2675       mean=-0.0015998   sumsq=1407.27009         argmax=1512
[dump]   top0 idx=1512 val=2.65049
[dump]   top1 idx=2233 val=2.47310
[dump]   top2 idx=1313 val=2.33622
[dump]   top3 idx=788 val=2.25321
[dump]   top4 idx=1717 val=2.19076
[dump] L33.mid    n=10      finite=1 absmax=0 mean=0 sumsq=0 ids: 136 84 363 345 374 279 362 120 486 419
[dump] L33.moe    n=2560    finite=1 absmax=0.056738     mean=9.2948e-05   sumsq=0.4691576348       argmax=399
[dump]   top0 idx=399 val=0.05674
[dump]   top1 idx=1803 val=0.04697
[dump]   top2 idx=1602 val=0.04544
[dump]   top3 idx=1740 val=0.04316
[dump]   top4 idx=2189 val=0.04157
[dump] L33.res    n=20480   finite=1 absmax=15.837       mean=0.0083482    sumsq=17921.28058        argmax=16088
[dump]   top0 idx=16088 val=15.83719
[dump]   top1 idx=16311 val=12.76309
[dump]   top2 idx=17598 val=10.57466
[dump]   top3 idx=10722 val=10.35921
[dump]   top4 idx=16747 val=9.36941
[dump] L34.hcmix  n=2560    finite=1 absmax=2.6083       mean=0.012229     sumsq=990.8469838        argmax=1716
[dump]   top0 idx=1716 val=2.60828
[dump]   top1 idx=1205 val=2.57956
[dump]   top2 idx=1313 val=2.53664
[dump]   top3 idx=1717 val=2.49951
[dump]   top4 idx=482 val=2.44972
[dump] L34.att    n=2560    finite=1 absmax=0.2006       mean=-0.00067951  sumsq=3.329409568        argmax=482
[dump]   top0 idx=482 val=0.20060
[dump]   top1 idx=689 val=0.14370
[dump]   top2 idx=1882 val=0.14056
[dump]   top3 idx=2307 val=0.13285
[dump]   top4 idx=138 val=0.11817
[dump] L34.ffnxn  n=10240   finite=1 absmax=17.404       mean=0.016404     sumsq=21327.71268        argmax=6071
[dump]   top0 idx=6071 val=17.40423
[dump]   top1 idx=5848 val=14.32465
[dump]   top2 idx=7358 val=12.61372
[dump]   top3 idx=6861 val=11.00817
[dump]   top4 idx=6214 val=10.17790
[dump] L34.fmix   n=2560    finite=1 absmax=2.7822       mean=0.014054     sumsq=1232.891261        argmax=631
[dump]   top0 idx=631 val=2.72048
[dump]   top1 idx=1313 val=2.56642
[dump]   top2 idx=1500 val=2.55819
[dump]   top3 idx=65 val=2.50030
[dump]   top4 idx=1717 val=2.19704
[dump] L34.mid    n=10      finite=1 absmax=0 mean=0 sumsq=0 ids: 131 29 353 101 24 102 460 22 347 275
[dump] L34.moe    n=2560    finite=1 absmax=0.077457     mean=0.00041875   sumsq=0.848067595        argmax=196
[dump]   top0 idx=196 val=0.06385
[dump]   top1 idx=1185 val=0.06220
[dump]   top2 idx=1332 val=0.05842
[dump]   top3 idx=1663 val=0.05634
[dump]   top4 idx=1099 val=0.05549
[dump] L34.res    n=20480   finite=1 absmax=13.286       mean=0.0085474    sumsq=8690.132549        argmax=16088
[dump]   top0 idx=16088 val=13.28649
[dump]   top1 idx=10722 val=10.58257
[dump]   top2 idx=17101 val=10.50309
[dump]   top3 idx=16311 val=9.27063
[dump]   top4 idx=15365 val=8.09695
[dump] L35.hcmix  n=2560    finite=1 absmax=2.4927       mean=0.014074     sumsq=446.0518861        argmax=482
[dump]   top0 idx=482 val=2.49269
[dump]   top1 idx=1741 val=2.10734
[dump]   top2 idx=951 val=1.72226
[dump]   top3 idx=1717 val=1.69093
[dump]   top4 idx=991 val=1.58448
[dump] L35.att    n=2560    finite=1 absmax=0.35311      mean=0.00044069   sumsq=10.52465234        argmax=1882
[dump]   top0 idx=1882 val=0.33801
[dump]   top1 idx=2091 val=0.25041
[dump]   top2 idx=79 val=0.23797
[dump]   top3 idx=1341 val=0.23601
[dump]   top4 idx=446 val=0.21073
[dump] L35.ffnxn  n=10240   finite=1 absmax=19.702       mean=0.015064     sumsq=23293.13303        argmax=6071
[dump]   top0 idx=6071 val=19.70178
[dump]   top1 idx=5848 val=15.95947
[dump]   top2 idx=7358 val=12.09389
[dump]   top3 idx=6876 val=11.14167
[dump]   top4 idx=7553 val=10.53214
[dump] L35.fmix   n=2560    finite=1 absmax=3.1541       mean=0.012224     sumsq=1586.566511        argmax=957
[dump]   top0 idx=957 val=2.51765
[dump]   top1 idx=410 val=2.49126
[dump]   top2 idx=1313 val=2.46839
[dump]   top3 idx=227 val=2.41493
[dump]   top4 idx=2460 val=2.21919
[dump] L35.mid    n=10      finite=1 absmax=0 mean=0 sumsq=0 ids: 472 161 31 291 375 121 315 277 56 30
[dump] L35.moe    n=2560    finite=1 absmax=0.073207     mean=0.00053754   sumsq=1.115204147        argmax=755
[dump]   top0 idx=755 val=0.07321
[dump]   top1 idx=687 val=0.06964
[dump]   top2 idx=1289 val=0.06678
[dump]   top3 idx=1144 val=0.06250
[dump]   top4 idx=525 val=0.06209
[dump] L35.res    n=20480   finite=1 absmax=19.219       mean=0.016865     sumsq=20096.52664        argmax=16311
[dump]   top0 idx=16311 val=19.21937
[dump]   top1 idx=17598 val=18.49661
[dump]   top2 idx=16088 val=11.31689
[dump]   top3 idx=12614 val=8.55361
[dump]   top4 idx=10722 val=7.57305
[dump] L36.hcmix  n=2560    finite=1 absmax=2.9487       mean=0.020098     sumsq=946.9874176        argmax=1716
[dump]   top0 idx=1716 val=2.94875
[dump]   top1 idx=1313 val=2.32910
[dump]   top2 idx=1203 val=2.32720
[dump]   top3 idx=482 val=2.30330
[dump]   top4 idx=723 val=2.16311
[dump] L36.att    n=2560    finite=1 absmax=0.76993      mean=0.0027822    sumsq=37.76139591        argmax=2374
[dump]   top0 idx=2374 val=0.76993
[dump]   top1 idx=1882 val=0.73450
[dump]   top2 idx=1603 val=0.65407
[dump]   top3 idx=1864 val=0.62439
[dump]   top4 idx=687 val=0.59766
[dump] L36.ffnxn  n=10240   finite=1 absmax=20.861       mean=0.042811     sumsq=35763.71433        argmax=6071
[dump]   top0 idx=6071 val=20.86066
[dump]   top1 idx=5848 val=15.66259
[dump]   top2 idx=7358 val=14.93941
[dump]   top3 idx=5187 val=12.68582
[dump]   top4 idx=5167 val=10.81574
[dump] L36.fmix   n=2560    finite=1 absmax=5.0883       mean=0.030797     sumsq=2381.046955        argmax=1905
[dump]   top0 idx=1905 val=2.95491
[dump]   top1 idx=1313 val=2.94927
[dump]   top2 idx=227 val=2.93496
[dump]   top3 idx=651 val=2.82345
[dump]   top4 idx=2095 val=2.79451
[dump] L36.mid    n=10      finite=1 absmax=0 mean=0 sumsq=0 ids: 387 25 169 218 296 210 258 262 179 485
[dump] L36.moe    n=2560    finite=1 absmax=0.16456      mean=0.00025942   sumsq=4.752188841        argmax=178
[dump]   top0 idx=178 val=0.15036
[dump]   top1 idx=1368 val=0.13512
[dump]   top2 idx=1641 val=0.13512
[dump]   top3 idx=2120 val=0.13470
[dump]   top4 idx=1232 val=0.13120
[dump] L36.res    n=20480   finite=1 absmax=13.048       mean=0.020221     sumsq=22266.61617        argmax=16088
[dump]   top0 idx=16088 val=13.04838
[dump]   top1 idx=17671 val=10.63651
[dump]   top2 idx=15755 val=10.63427
[dump]   top3 idx=17598 val=10.17028
[dump]   top4 idx=11301 val=10.13842
[dump] L37.hcmix  n=2560    finite=1 absmax=2.4697       mean=0.027955     sumsq=904.2666598        argmax=1716
[dump]   top0 idx=1716 val=2.46971
[dump]   top1 idx=1313 val=2.32972
[dump]   top2 idx=1500 val=2.12541
[dump]   top3 idx=1132 val=2.11176
[dump]   top4 idx=1387 val=2.07054
[dump] L37.att    n=2560    finite=1 absmax=0.23917      mean=-0.00050229  sumsq=4.774450159        argmax=713
[dump]   top0 idx=713 val=0.23917
[dump]   top1 idx=951 val=0.20200
[dump]   top2 idx=1061 val=0.19692
[dump]   top3 idx=2348 val=0.19561
[dump]   top4 idx=1882 val=0.19374
[dump] L37.ffnxn  n=10240   finite=1 absmax=18.919       mean=0.048805     sumsq=33109.2963         argmax=6071
[dump]   top0 idx=6071 val=18.91866
[dump]   top1 idx=5848 val=17.67464
[dump]   top2 idx=7358 val=14.41393
[dump]   top3 idx=6214 val=10.42093
[dump]   top4 idx=5351 val=10.39193
[dump] L37.fmix   n=2560    finite=1 absmax=4.3912       mean=0.041893     sumsq=2471.318524        argmax=1313
[dump]   top0 idx=1313 val=3.50080
[dump]   top1 idx=2120 val=3.28605
[dump]   top2 idx=227 val=3.23339
[dump]   top3 idx=94 val=3.14282
[dump]   top4 idx=957 val=2.93846
[dump] L37.mid    n=10      finite=1 absmax=0 mean=0 sumsq=0 ids: 306 313 19 57 369 200 255 118 494 346
[dump] L37.moe    n=2560    finite=1 absmax=0.12704      mean=0.00055246   sumsq=2.820535117        argmax=205
[dump]   top0 idx=205 val=0.10876
[dump]   top1 idx=2389 val=0.10282
[dump]   top2 idx=1010 val=0.10150
[dump]   top3 idx=165 val=0.09673
[dump]   top4 idx=1601 val=0.09628
[dump] L37.res    n=20480   finite=1 absmax=17.131       mean=0.021842     sumsq=18704.02744        argmax=15365
[dump]   top0 idx=15365 val=17.13079
[dump]   top1 idx=15991 val=13.02446
[dump]   top2 idx=17279 val=11.82942
[dump]   top3 idx=15948 val=10.41094
[dump]   top4 idx=10927 val=10.05294
[dump] L38.hcmix  n=2560    finite=1 absmax=4.2162       mean=0.029379     sumsq=817.998947         argmax=5
[dump]   top0 idx=5 val=4.21621
[dump]   top1 idx=1919 val=2.86407
[dump]   top2 idx=1500 val=2.47971
[dump]   top3 idx=588 val=2.44551
[dump]   top4 idx=1313 val=2.38359
[dump] L38.att    n=2560    finite=1 absmax=0.44837      mean=-0.00031212  sumsq=8.586217939        argmax=36
[dump]   top0 idx=36 val=0.28193
[dump]   top1 idx=308 val=0.26215
[dump]   top2 idx=913 val=0.25286
[dump]   top3 idx=1959 val=0.24508
[dump]   top4 idx=403 val=0.23419
[dump] L38.ffnxn  n=10240   finite=1 absmax=20.144       mean=0.047993     sumsq=35917.08899        argmax=5751
[dump]   top0 idx=5751 val=13.81560
[dump]   top1 idx=5187 val=12.64517
[dump]   top2 idx=7087 val=12.24879
[dump]   top3 idx=6876 val=11.38281
[dump]   top4 idx=7358 val=10.28909
[dump] L38.fmix   n=2560    finite=1 absmax=4.646        mean=0.038442     sumsq=2373.622742        argmax=582
[dump]   top0 idx=582 val=2.71646
[dump]   top1 idx=125 val=2.70537
[dump]   top2 idx=1967 val=2.70333
[dump]   top3 idx=1602 val=2.68806
[dump]   top4 idx=1694 val=2.68135
[dump] L38.mid    n=10      finite=1 absmax=0 mean=0 sumsq=0 ids: 279 301 504 206 460 50 486 135 7 454
[dump] L38.moe    n=2560    finite=1 absmax=0.10769      mean=-0.00047647  sumsq=2.336187424        argmax=2422
[dump]   top0 idx=2422 val=0.10769
[dump]   top1 idx=1625 val=0.09422
[dump]   top2 idx=199 val=0.08646
[dump]   top3 idx=428 val=0.08632
[dump]   top4 idx=603 val=0.08581
[dump] L38.res    n=20480   finite=1 absmax=13.469       mean=0.013632     sumsq=13256.12974        argmax=15365
[dump]   top0 idx=15365 val=13.46885
[dump]   top1 idx=15427 val=10.68982
[dump]   top2 idx=16860 val=9.70685
[dump]   top3 idx=15991 val=9.53070
[dump]   top4 idx=10722 val=8.72401
[dump] L39.hcmix  n=2560    finite=1 absmax=3.0402       mean=0.00973      sumsq=407.8234284        argmax=5
[dump]   top0 idx=5 val=3.04019
[dump]   top1 idx=1756 val=1.72097
[dump]   top2 idx=1603 val=1.65202
[dump]   top3 idx=65 val=1.57812
[dump]   top4 idx=1967 val=1.49792
[dump] L39.att    n=2560    finite=1 absmax=0.3177       mean=0.00031445   sumsq=10.792285          argmax=2018
[dump]   top0 idx=2018 val=0.31770
[dump]   top1 idx=1882 val=0.31315
[dump]   top2 idx=799 val=0.27933
[dump]   top3 idx=2307 val=0.27481
[dump]   top4 idx=1301 val=0.26005
[dump] L39.ffnxn  n=10240   finite=1 absmax=24.36        mean=0.038451     sumsq=46634.08677        argmax=5187
[dump]   top0 idx=5187 val=24.36003
[dump]   top1 idx=5537 val=16.39124
[dump]   top2 idx=7358 val=15.03205
[dump]   top3 idx=5565 val=14.30841
[dump]   top4 idx=5520 val=14.25278
[dump] L39.fmix   n=2560    finite=1 absmax=5.3113       mean=0.028351     sumsq=2632.823332        argmax=67
[dump]   top0 idx=67 val=5.31130
[dump]   top1 idx=579 val=4.13006
[dump]   top2 idx=308 val=3.37465
[dump]   top3 idx=400 val=3.28242
[dump]   top4 idx=850 val=3.08800
[dump] L39.mid    n=10      finite=1 absmax=0 mean=0 sumsq=0 ids: 356 60 128 77 32 480 177 42 342 127
[dump] L39.moe    n=2560    finite=1 absmax=0.29861      mean=-0.00044308  sumsq=11.23944518        argmax=1368
[dump]   top0 idx=1368 val=0.23586
[dump]   top1 idx=1030 val=0.22180
[dump]   top2 idx=2356 val=0.21768
[dump]   top3 idx=1882 val=0.21716
[dump]   top4 idx=1734 val=0.21447
[dump] L39.res    n=20480   finite=1 absmax=26.912       mean=0.018981     sumsq=31400.66124        argmax=15991
[dump]   top0 idx=15991 val=18.59531
[dump]   top1 idx=15427 val=16.71478
[dump]   top2 idx=17702 val=15.06359
[dump]   top3 idx=15619 val=12.65765
[dump]   top4 idx=16565 val=11.35253
[dump] L40.hcmix  n=2560    finite=1 absmax=3.5531       mean=0.033254     sumsq=1666.422718        argmax=1716
[dump]   top0 idx=1716 val=3.55312
[dump]   top1 idx=1500 val=3.04055
[dump]   top2 idx=1717 val=3.00996
[dump]   top3 idx=2412 val=2.97132
[dump]   top4 idx=1967 val=2.94059
[dump] L40.att    n=2560    finite=1 absmax=0.43317      mean=0.0032034    sumsq=10.68985083        argmax=1061
[dump]   top0 idx=1061 val=0.43317
[dump]   top1 idx=882 val=0.25743
[dump]   top2 idx=1116 val=0.25695
[dump]   top3 idx=482 val=0.25249
[dump]   top4 idx=1717 val=0.23418
[dump] L40.ffnxn  n=10240   finite=1 absmax=27.356       mean=0.039985     sumsq=47352.61302        argmax=7358
[dump]   top0 idx=7358 val=27.35649
[dump]   top1 idx=5187 val=25.64855
[dump]   top2 idx=5537 val=15.47878
[dump]   top3 idx=5848 val=13.60984
[dump]   top4 idx=5520 val=12.64655
[dump] L40.fmix   n=2560    finite=1 absmax=6.7525       mean=0.026815     sumsq=3068.998681        argmax=67
[dump]   top0 idx=67 val=6.75250
[dump]   top1 idx=579 val=4.95573
[dump]   top2 idx=2238 val=4.71404
[dump]   top3 idx=1756 val=3.85524
[dump]   top4 idx=1844 val=3.50850
[dump] L40.mid    n=10      finite=1 absmax=0 mean=0 sumsq=0 ids: 232 335 280 172 138 22 398 52 220 66
[dump] L40.moe    n=2560    finite=1 absmax=0.12512      mean=0.00041263   sumsq=2.536093926        argmax=944
[dump]   top0 idx=944 val=0.12512
[dump]   top1 idx=179 val=0.09712
[dump]   top2 idx=2443 val=0.09196
[dump]   top3 idx=974 val=0.08619
[dump]   top4 idx=403 val=0.08567
[dump] L40.res    n=20480   finite=1 absmax=17.017       mean=0.023528     sumsq=24619.84845        argmax=15991
[dump]   top0 idx=15991 val=15.87865
[dump]   top1 idx=12122 val=10.15086
[dump]   top2 idx=14517 val=10.08386
[dump]   top3 idx=17598 val=10.05207
[dump]   top4 idx=17116 val=9.53109
[dump] L41.hcmix  n=2560    finite=1 absmax=3.159        mean=0.034923     sumsq=1213.257653        argmax=1717
[dump]   top0 idx=1717 val=3.15904
[dump]   top1 idx=2078 val=2.96880
[dump]   top2 idx=631 val=2.67594
[dump]   top3 idx=1500 val=2.67580
[dump]   top4 idx=1716 val=2.60750
[dump] L41.att    n=2560    finite=1 absmax=0.52542      mean=0.00023137   sumsq=8.154388652        argmax=1882
[dump]   top0 idx=1882 val=0.52542
[dump]   top1 idx=993 val=0.23565
[dump]   top2 idx=562 val=0.22112
[dump]   top3 idx=1067 val=0.21740
[dump]   top4 idx=1234 val=0.20341
[dump] L41.ffnxn  n=10240   finite=1 absmax=22.964       mean=0.045291     sumsq=47256.61766        argmax=5187
[dump]   top0 idx=5187 val=22.96385
[dump]   top1 idx=5537 val=17.03942
[dump]   top2 idx=5751 val=16.94060
[dump]   top3 idx=7358 val=15.25142
[dump]   top4 idx=6876 val=12.17474
[dump] L41.fmix   n=2560    finite=1 absmax=6.1276       mean=0.03172      sumsq=2955.990047        argmax=67
[dump]   top0 idx=67 val=6.12765
[dump]   top1 idx=2190 val=4.10112
[dump]   top2 idx=579 val=3.89496
[dump]   top3 idx=1756 val=3.89151
[dump]   top4 idx=1693 val=3.82307
[dump] L41.mid    n=10      finite=1 absmax=0 mean=0 sumsq=0 ids: 59 240 205 149 366 132 105 433 118 450
[dump] L41.moe    n=2560    finite=1 absmax=0.096526     mean=-3.6029e-05  sumsq=1.526530029        argmax=1070
[dump]   top0 idx=1070 val=0.07765
[dump]   top1 idx=1992 val=0.07539
[dump]   top2 idx=328 val=0.07489
[dump]   top3 idx=505 val=0.07486
[dump]   top4 idx=1005 val=0.07167
[dump] L41.res    n=20480   finite=1 absmax=13.986       mean=0.023266     sumsq=25106.97722        argmax=15991
[dump]   top0 idx=15991 val=12.20363
[dump]   top1 idx=16860 val=10.16935
[dump]   top2 idx=15212 val=9.57386
[dump]   top3 idx=11608 val=9.16734
[dump]   top4 idx=17598 val=8.68572
[dump] L42.hcmix  n=2560    finite=1 absmax=3.4429       mean=0.030003     sumsq=1304.655327        argmax=2078
[dump]   top0 idx=2078 val=3.05427
[dump]   top1 idx=1882 val=2.82374
[dump]   top2 idx=2412 val=2.80009
[dump]   top3 idx=1717 val=2.57864
[dump]   top4 idx=1716 val=2.53013
[dump] L42.att    n=2560    finite=1 absmax=0.32021      mean=-0.00056103  sumsq=5.578664932        argmax=36
[dump]   top0 idx=36 val=0.23091
[dump]   top1 idx=1039 val=0.23079
[dump]   top2 idx=482 val=0.22916
[dump]   top3 idx=722 val=0.20252
[dump]   top4 idx=517 val=0.19626
[dump] L42.ffnxn  n=10240   finite=1 absmax=18.28        mean=0.045173     sumsq=48180.44715        argmax=5187
[dump]   top0 idx=5187 val=18.27967
[dump]   top1 idx=6071 val=15.45993
[dump]   top2 idx=7358 val=12.95089
[dump]   top3 idx=5848 val=12.22361
[dump]   top4 idx=5537 val=11.15101
[dump] L42.fmix   n=2560    finite=1 absmax=4.7715       mean=0.032896     sumsq=3223.268973        argmax=67
[dump]   top0 idx=67 val=4.46301
[dump]   top1 idx=579 val=4.06523
[dump]   top2 idx=1693 val=4.02413
[dump]   top3 idx=2190 val=3.85280
[dump]   top4 idx=2078 val=3.84384
[dump] L42.mid    n=10      finite=1 absmax=0 mean=0 sumsq=0 ids: 341 3 310 212 151 391 140 509 290 110
[dump] L42.moe    n=2560    finite=1 absmax=0.12743      mean=0.00038693   sumsq=3.075492355        argmax=1502
[dump]   top0 idx=1502 val=0.12743
[dump]   top1 idx=434 val=0.12160
[dump]   top2 idx=1594 val=0.11487
[dump]   top3 idx=1039 val=0.11071
[dump]   top4 idx=1389 val=0.10777
[dump] L42.res    n=20480   finite=1 absmax=11.212       mean=0.012016     sumsq=8040.361497        argmax=15365
[dump]   top0 idx=15365 val=10.03082
[dump]   top1 idx=15427 val=9.47829
[dump]   top2 idx=13682 val=7.97471
[dump]   top3 idx=15991 val=7.82739
[dump]   top4 idx=17279 val=7.59815
[dump] L43.hcmix  n=2560    finite=1 absmax=2.5523       mean=0.0094691    sumsq=149.5820389        argmax=882
[dump]   top0 idx=882 val=2.55233
[dump]   top1 idx=2078 val=2.33616
[dump]   top2 idx=5 val=2.12053
[dump]   top3 idx=36 val=1.53635
[dump]   top4 idx=579 val=1.43008
[dump] L43.att    n=2560    finite=1 absmax=0.54326      mean=0.0020812    sumsq=8.928108439        argmax=417
[dump]   top0 idx=417 val=0.54326
[dump]   top1 idx=67 val=0.50254
[dump]   top2 idx=1959 val=0.36717
[dump]   top3 idx=1391 val=0.33290
[dump]   top4 idx=1844 val=0.30122
[dump] L43.ffnxn  n=10240   finite=1 absmax=23.904       mean=0.042593     sumsq=35095.643          argmax=5187
[dump]   top0 idx=5187 val=23.90417
[dump]   top1 idx=5537 val=18.58163
[dump]   top2 idx=5848 val=11.53562
[dump]   top3 idx=6964 val=11.33224
[dump]   top4 idx=7462 val=11.20408
[dump] L43.fmix   n=2560    finite=1 absmax=6.3083       mean=0.030188     sumsq=2461.488513        argmax=67
[dump]   top0 idx=67 val=6.30830
[dump]   top1 idx=2239 val=3.60271
[dump]   top2 idx=1502 val=3.39530
[dump]   top3 idx=2425 val=3.35669
[dump]   top4 idx=579 val=3.30047
[dump] L43.mid    n=10      finite=1 absmax=0 mean=0 sumsq=0 ids: 300 86 462 483 64 98 324 270 499 18
[dump] L43.moe    n=2560    finite=1 absmax=0.2067       mean=-0.00058071  sumsq=5.221504191        argmax=1882
[dump]   top0 idx=1882 val=0.20670
[dump]   top1 idx=944 val=0.19070
[dump]   top2 idx=1676 val=0.14851
[dump]   top3 idx=582 val=0.13516
[dump]   top4 idx=681 val=0.13174
[dump] L43.res    n=20480   finite=1 absmax=22.014       mean=0.029276     sumsq=35331.52287        argmax=15991
[dump]   top0 idx=15991 val=15.85628
[dump]   top1 idx=17598 val=12.51835
[dump]   top2 idx=15994 val=12.13427
[dump]   top3 idx=17838 val=11.36693
[dump]   top4 idx=12614 val=11.18323
[dump] L44.hcmix  n=2560    finite=1 absmax=4.6013       mean=0.020084     sumsq=799.2002983        argmax=1633
[dump]   top0 idx=1633 val=4.60134
[dump]   top1 idx=482 val=3.74446
[dump]   top2 idx=1717 val=3.18613
[dump]   top3 idx=882 val=3.08085
[dump]   top4 idx=1882 val=2.91049
[dump] L44.att    n=2560    finite=1 absmax=2.1759       mean=-0.00054613  sumsq=66.07263547        argmax=1238
[dump]   top0 idx=1238 val=0.80455
[dump]   top1 idx=634 val=0.72308
[dump]   top2 idx=1882 val=0.56835
[dump]   top3 idx=181 val=0.54249
[dump]   top4 idx=1603 val=0.51269
[dump] L44.ffnxn  n=10240   finite=1 absmax=25.754       mean=0.043534     sumsq=37708.96005        argmax=5187
[dump]   top0 idx=5187 val=25.75421
[dump]   top1 idx=5537 val=22.39091
[dump]   top2 idx=6964 val=14.66797
[dump]   top3 idx=7462 val=14.26847
[dump]   top4 idx=6578 val=13.69349
[dump] L44.fmix   n=2560    finite=1 absmax=6.9757       mean=0.030692     sumsq=2883.732536        argmax=67
[dump]   top0 idx=67 val=6.97569
[dump]   top1 idx=1633 val=5.26813
[dump]   top2 idx=417 val=4.95610
[dump]   top3 idx=1844 val=4.75677
[dump]   top4 idx=944 val=4.42463
[dump] L44.mid    n=10      finite=1 absmax=0 mean=0 sumsq=0 ids: 287 87 61 401 75 192 190 119 172 383
[dump] L44.moe    n=2560    finite=1 absmax=0.10098      mean=0.00046982   sumsq=1.835580225        argmax=728
[dump]   top0 idx=728 val=0.10098
[dump]   top1 idx=1125 val=0.09590
[dump]   top2 idx=206 val=0.08491
[dump]   top3 idx=659 val=0.08465
[dump]   top4 idx=1387 val=0.08226
[dump] L44.res    n=20480   finite=1 absmax=41.337       mean=0.02132      sumsq=27173.01894        argmax=15991
[dump]   top0 idx=15991 val=22.36344
[dump]   top1 idx=16565 val=12.29950
[dump]   top2 idx=17598 val=11.11887
[dump]   top3 idx=17319 val=11.01601
[dump]   top4 idx=15212 val=10.47927
[dump] L45.hcmix  n=2560    finite=1 absmax=8.5942       mean=0.027674     sumsq=1263.723022        argmax=631
[dump]   top0 idx=631 val=4.95128
[dump]   top1 idx=882 val=3.22729
[dump]   top2 idx=944 val=2.85818
[dump]   top3 idx=1633 val=2.79921
[dump]   top4 idx=2412 val=2.68584
[dump] L45.att    n=2560    finite=1 absmax=2.069        mean=0.0060065    sumsq=160.9595663        argmax=631
[dump]   top0 idx=631 val=1.50918
[dump]   top1 idx=1810 val=1.40410
[dump]   top2 idx=1882 val=1.39534
[dump]   top3 idx=1202 val=1.29191
[dump]   top4 idx=634 val=1.05170
[dump] L45.ffnxn  n=10240   finite=1 absmax=30.14        mean=0.04893      sumsq=38839.98727        argmax=5187
[dump]   top0 idx=5187 val=30.14035
[dump]   top1 idx=5537 val=29.45865
[dump]   top2 idx=5754 val=17.13116
[dump]   top3 idx=6578 val=16.46072
[dump]   top4 idx=5751 val=15.86591
[dump] L45.fmix   n=2560    finite=1 absmax=7.1806       mean=0.034337     sumsq=2793.547334        argmax=67
[dump]   top0 idx=67 val=7.18059
[dump]   top1 idx=1633 val=5.58556
[dump]   top2 idx=417 val=5.01139
[dump]   top3 idx=1844 val=4.44380
[dump]   top4 idx=944 val=4.15496
[dump] L45.mid    n=10      finite=1 absmax=0 mean=0 sumsq=0 ids: 237 66 343 85 339 303 280 443 103 471
[dump] L45.moe    n=2560    finite=1 absmax=0.12248      mean=-0.00062085  sumsq=2.323889705        argmax=331
[dump]   top0 idx=331 val=0.11678
[dump]   top1 idx=1410 val=0.10989
[dump]   top2 idx=1153 val=0.09043
[dump]   top3 idx=2089 val=0.08959
[dump]   top4 idx=190 val=0.08602
[dump] L45.res    n=20480   finite=1 absmax=29.087       mean=0.020935     sumsq=29202.90802        argmax=15427
[dump]   top0 idx=15427 val=29.08723
[dump]   top1 idx=14610 val=19.32341
[dump]   top2 idx=15991 val=17.62221
[dump]   top3 idx=17204 val=14.60381
[dump]   top4 idx=15212 val=13.95900
[dump] L46.hcmix  n=2560    finite=1 absmax=5.4288       mean=0.022951     sumsq=1679.498924        argmax=1810
[dump]   top0 idx=1810 val=4.94260
[dump]   top1 idx=1633 val=4.65681
[dump]   top2 idx=1882 val=4.60445
[dump]   top3 idx=634 val=3.75876
[dump]   top4 idx=631 val=3.45908
[dump] L46.att    n=2560    finite=1 absmax=5.6806       mean=0.0016826    sumsq=238.7652795        argmax=181
[dump]   top0 idx=181 val=2.99869
[dump]   top1 idx=951 val=2.29252
[dump]   top2 idx=2502 val=1.63301
[dump]   top3 idx=634 val=1.61979
[dump]   top4 idx=2442 val=1.55582
[dump] L46.ffnxn  n=10240   finite=1 absmax=27.363       mean=0.030797     sumsq=34141.56516        argmax=5537
[dump]   top0 idx=5537 val=27.36296
[dump]   top1 idx=5187 val=25.82197
[dump]   top2 idx=6578 val=18.76885
[dump]   top3 idx=5751 val=16.83730
[dump]   top4 idx=5754 val=14.68903
[dump] L46.fmix   n=2560    finite=1 absmax=6.042        mean=0.022025     sumsq=2626.308627        argmax=67
[dump]   top0 idx=67 val=6.04198
[dump]   top1 idx=634 val=4.33165
[dump]   top2 idx=1633 val=4.32945
[dump]   top3 idx=944 val=4.17584
[dump]   top4 idx=417 val=4.10715
[dump] L46.mid    n=10      finite=1 absmax=0 mean=0 sumsq=0 ids: 25 505 56 60 115 264 123 463 281 258
[dump] L46.moe    n=2560    finite=1 absmax=0.17638      mean=-0.00013273  sumsq=3.440784138        argmax=19
[dump]   top0 idx=19 val=0.13767
[dump]   top1 idx=1872 val=0.13489
[dump]   top2 idx=63 val=0.13148
[dump]   top3 idx=617 val=0.13115
[dump]   top4 idx=2190 val=0.12186
[dump] L46.res    n=20480   finite=1 absmax=15.274       mean=0.012934     sumsq=16197.16867        argmax=15427
[dump]   top0 idx=15427 val=12.03027
[dump]   top1 idx=12122 val=9.39495
[dump]   top2 idx=17702 val=8.47350
[dump]   top3 idx=17204 val=7.94352
[dump]   top4 idx=15991 val=7.88140
[dump] L47.hcmix  n=2560    finite=1 absmax=4.6024       mean=0.0078993    sumsq=700.1459396        argmax=1238
[dump]   top0 idx=1238 val=2.16267
[dump]   top1 idx=482 val=2.15863
[dump]   top2 idx=2183 val=2.14495
[dump]   top3 idx=944 val=2.00907
[dump]   top4 idx=1967 val=1.82959
[dump] L47.att    n=2560    finite=1 absmax=1.2631       mean=-0.0034318   sumsq=45.26665981        argmax=1027
[dump]   top0 idx=1027 val=1.26311
[dump]   top1 idx=722 val=0.73091
[dump]   top2 idx=579 val=0.70954
[dump]   top3 idx=36 val=0.69137
[dump]   top4 idx=1395 val=0.63928
[dump] L47.ffnxn  n=10240   finite=1 absmax=24.195       mean=0.017281     sumsq=25308.89197        argmax=5187
[dump]   top0 idx=5187 val=24.19500
[dump]   top1 idx=5537 val=19.95857
[dump]   top2 idx=6964 val=12.89855
[dump]   top3 idx=1882 val=12.31156
[dump]   top4 idx=7462 val=11.42438
[dump] L47.fmix   n=2560    finite=1 absmax=5.6253       mean=0.011269     sumsq=2512.386954        argmax=67
[dump]   top0 idx=67 val=5.62525
[dump]   top1 idx=417 val=4.39797
[dump]   top2 idx=1882 val=4.32696
[dump]   top3 idx=944 val=3.91206
[dump]   top4 idx=1844 val=3.68690
[dump] L47.mid    n=10      finite=1 absmax=0 mean=0 sumsq=0 ids: 481 186 286 354 352 196 367 316 184 95
[dump] L47.moe    n=2560    finite=1 absmax=1.1099       mean=-0.00061351  sumsq=20.93390551        argmax=181
[dump]   top0 idx=181 val=0.87678
[dump]   top1 idx=634 val=0.41224
[dump]   top2 idx=951 val=0.34489
[dump]   top3 idx=88 val=0.29895
[dump]   top4 idx=1292 val=0.28651
[dump] L47.res    n=20480   finite=1 absmax=110.93       mean=-0.0016228   sumsq=202761.6746        argmax=12981
[dump]   top0 idx=12981 val=66.08995
[dump]   top1 idx=15541 val=51.69355
[dump]   top2 idx=13434 val=48.39316
[dump]   top3 idx=18101 val=48.11929
[dump]   top4 idx=15994 val=40.70277
[dump] L00.hcmix  n=2560    finite=1 absmax=5.4804       mean=0.055681     sumsq=1651.531996        argmax=533
[dump]   top0 idx=533 val=5.48042
[dump]   top1 idx=1424 val=5.03314
[dump]   top2 idx=227 val=4.09944
[dump]   top3 idx=1069 val=3.87601
[dump]   top4 idx=1028 val=3.86890
[dump] L00.att    n=2560    finite=1 absmax=0.7683       mean=-0.00058846  sumsq=25.4313607         argmax=5
[dump]   top0 idx=5 val=0.76830
[dump]   top1 idx=417 val=0.74188
[dump]   top2 idx=67 val=0.67076
[dump]   top3 idx=2342 val=0.53429
[dump]   top4 idx=2325 val=0.38891
[dump] L00.ffnxn  n=10240   finite=1 absmax=11.528       mean=0.034471     sumsq=13704.62527        argmax=5125
[dump]   top0 idx=5125 val=11.52792
[dump]   top1 idx=7462 val=10.21539
[dump]   top2 idx=5187 val=9.45468
[dump]   top3 idx=5185 val=8.98617
[dump]   top4 idx=7594 val=8.82635
[dump] L00.fmix   n=2560    finite=1 absmax=1.9301       mean=0.015139     sumsq=403.7038477        argmax=1682
[dump]   top0 idx=1682 val=1.93007
[dump]   top1 idx=2474 val=1.87568
[dump]   top2 idx=1733 val=1.71622
[dump]   top3 idx=796 val=1.63881
[dump]   top4 idx=707 val=1.60155
[dump] L00.mid    n=10      finite=1 absmax=0 mean=0 sumsq=0 ids: 460 479 15 139 367 339 497 11 340 449
[dump] L00.moe    n=2560    finite=1 absmax=0.25278      mean=0.00049631   sumsq=2.478660716        argmax=1682
[dump]   top0 idx=1682 val=0.25278
[dump]   top1 idx=728 val=0.19798
[dump]   top2 idx=268 val=0.17653
[dump]   top3 idx=579 val=0.16937
[dump]   top4 idx=2238 val=0.16082
[dump] L00.res    n=10240   finite=1 absmax=0.22376      mean=0.00046861   sumsq=2.68966003         argmax=6802
[dump]   top0 idx=6802 val=0.22376
[dump]   top1 idx=5125 val=0.19488
[dump]   top2 idx=5187 val=0.17023
[dump]   top3 idx=5848 val=0.16976
[dump]   top4 idx=6325 val=0.14544
[dump] ple.inp    n=2560    finite=1 absmax=0.025752     mean=0.00016151   sumsq=0.1431828167       argmax=2382
[dump]   top0 idx=2382 val=0.02575
[dump]   top1 idx=437 val=0.02568
[dump]   top2 idx=1438 val=0.02506
[dump]   top3 idx=920 val=0.02291
[dump]   top4 idx=1809 val=0.02171
[dump] ple.key    n=10240   finite=1 absmax=0.56498      mean=-0.0011121   sumsq=2.040633831        argmax=943
[dump]   top0 idx=943 val=0.37836
[dump]   top1 idx=7568 val=0.18994
[dump]   top2 idx=302 val=0.11826
[dump]   top3 idx=8565 val=0.10456
[dump]   top4 idx=1473 val=0.09975
[dump] ple.value  n=2560    finite=1 absmax=0.080191     mean=0.00016897   sumsq=0.09782214501      argmax=268
[dump]   top0 idx=268 val=0.03537
[dump]   top1 idx=728 val=0.02430
[dump]   top2 idx=2242 val=0.02040
[dump]   top3 idx=36 val=0.02023
[dump]   top4 idx=991 val=0.02021
[dump] ple.knorm  n=10240   finite=1 absmax=86.009       mean=-0.060216    sumsq=17807.12046        argmax=7568
[dump]   top0 idx=7568 val=34.48362
[dump]   top1 idx=943 val=19.50196
[dump]   top2 idx=8565 val=13.13403
[dump]   top3 idx=6534 val=10.35929
[dump]   top4 idx=6593 val=7.06886
[dump] ple.qnorm  n=10240   finite=1 absmax=7.3911       mean=0.054235     sumsq=8319.087621        argmax=9362
[dump]   top0 idx=9362 val=7.39105
[dump]   top1 idx=6802 val=7.36589
[dump]   top2 idx=7685 val=6.87208
[dump]   top3 idx=2565 val=6.32442
[dump]   top4 idx=7907 val=6.01920
[dump] ple.gate   n=4       finite=1 absmax=0.13933      mean=0.074726     sumsq=0.02973922102      argmax=1
[dump] ple.gated  n=10240   finite=1 absmax=0.011173     mean=1.2627e-05   sumsq=0.002909154382     argmax=2828
[dump]   top0 idx=2828 val=0.00493
[dump]   top1 idx=3288 val=0.00339
[dump]   top2 idx=4802 val=0.00284
[dump]   top3 idx=2596 val=0.00282
[dump]   top4 idx=3551 val=0.00282
[dump] ple.conv   n=10240   finite=1 absmax=0.25059      mean=0.00023729   sumsq=1.977439427        argmax=3551
[dump]   top0 idx=3551 val=0.15575
[dump]   top1 idx=3978 val=0.14628
[dump]   top2 idx=3490 val=0.12888
[dump]   top3 idx=3208 val=0.10699
[dump]   top4 idx=4327 val=0.10078
[dump] ple.out    n=10240   finite=1 absmax=0.24526      mean=0.00071853   sumsq=4.49644698         argmax=5125
[dump]   top0 idx=5125 val=0.19379
[dump]   top1 idx=5848 val=0.18386
[dump]   top2 idx=5187 val=0.17010
[dump]   top3 idx=3551 val=0.15896
[dump]   top4 idx=3978 val=0.15096
[dump] L01.ple    n=10240   finite=1 absmax=0.24526      mean=0.00071853   sumsq=4.49644698         argmax=5125
[dump]   top0 idx=5125 val=0.19379
[dump]   top1 idx=5848 val=0.18386
[dump]   top2 idx=5187 val=0.17010
[dump]   top3 idx=3551 val=0.15896
[dump]   top4 idx=3978 val=0.15096
[dump] L01.hcmix  n=2560    finite=1 absmax=3.3642       mean=0.011505     sumsq=407.5100358        argmax=5
[dump]   top0 idx=5 val=2.68836
[dump]   top1 idx=1487 val=2.52544
[dump]   top2 idx=588 val=2.29399
[dump]   top3 idx=631 val=2.28029
[dump]   top4 idx=1111 val=2.05290
[dump] L01.att    n=2560    finite=1 absmax=0.88938      mean=-0.0065652   sumsq=46.71693274        argmax=1392
[dump]   top0 idx=1392 val=0.88938
[dump]   top1 idx=1473 val=0.59362
[dump]   top2 idx=736 val=0.57620
[dump]   top3 idx=667 val=0.56382
[dump]   top4 idx=308 val=0.50750
[dump] L01.ffnxn  n=10240   finite=1 absmax=10.889       mean=0.015667     sumsq=13217.4694         argmax=6507
[dump]   top0 idx=6507 val=10.49323
[dump]   top1 idx=7462 val=8.04365
[dump]   top2 idx=5187 val=7.24173
[dump]   top3 idx=4896 val=7.10811
[dump]   top4 idx=5708 val=6.96795
[dump] L01.fmix   n=2560    finite=1 absmax=2.3501       mean=-0.0037233   sumsq=381.282025         argmax=5
[dump]   top0 idx=5 val=2.12597
[dump]   top1 idx=227 val=1.72072
[dump]   top2 idx=588 val=1.52032
[dump]   top3 idx=533 val=1.34660
[dump]   top4 idx=389 val=1.32819
[dump] L01.mid    n=10      finite=1 absmax=0 mean=0 sumsq=0 ids: 500 154 69 86 505 306 19 349 249 158
[dump] L01.moe    n=2560    finite=1 absmax=0.044777     mean=8.1465e-05   sumsq=0.1518029274       argmax=855
[dump]   top0 idx=855 val=0.04478
[dump]   top1 idx=514 val=0.02657
[dump]   top2 idx=2301 val=0.02308
[dump]   top3 idx=1039 val=0.02232
[dump]   top4 idx=548 val=0.02226
[dump] L01.res    n=20480   finite=1 absmax=13.967       mean=0.016371     sumsq=15714.7801         argmax=19312
[dump]   top0 idx=19312 val=13.96723
[dump]   top1 idx=15365 val=12.84789
[dump]   top2 idx=16454 val=12.08785
[dump]   top3 idx=15948 val=10.19404
[dump]   top4 idx=15427 val=8.60391
[dump] L02.hcmix  n=2560    finite=1 absmax=3.4044       mean=0.01243      sumsq=621.437573         argmax=5
[dump]   top0 idx=5 val=3.40443
[dump]   top1 idx=351 val=2.77252
[dump]   top2 idx=631 val=2.56306
[dump]   top3 idx=588 val=2.44262
[dump]   top4 idx=67 val=2.06741
[dump] L02.att    n=2560    finite=1 absmax=0.50771      mean=0.0054236    sumsq=28.96782032        argmax=1474
[dump]   top0 idx=1474 val=0.37688
[dump]   top1 idx=253 val=0.37125
[dump]   top2 idx=524 val=0.36436
[dump]   top3 idx=599 val=0.36202
[dump]   top4 idx=2078 val=0.36029
[dump] L02.ffnxn  n=10240   finite=1 absmax=11.208       mean=0.041738     sumsq=16246.62658        argmax=5187
[dump]   top0 idx=5187 val=8.62615
[dump]   top1 idx=6325 val=8.00529
[dump]   top2 idx=3978 val=7.92432
[dump]   top3 idx=3551 val=7.63170
[dump]   top4 idx=7462 val=7.51333
[dump] L02.fmix   n=2560    finite=1 absmax=2.9341       mean=0.0089258    sumsq=393.6625566        argmax=631
[dump]   top0 idx=631 val=1.40425
[dump]   top1 idx=1881 val=1.36363
[dump]   top2 idx=227 val=1.30676
[dump]   top3 idx=2342 val=1.27007
[dump]   top4 idx=2272 val=1.23494
[dump] L02.mid    n=10      finite=1 absmax=0 mean=0 sumsq=0 ids: 75 247 492 54 480 12 13 61 181 32
[dump] L02.moe    n=2560    finite=1 absmax=0.058327     mean=0.00046051   sumsq=0.2301718322       argmax=728
[dump]   top0 idx=728 val=0.05833
[dump]   top1 idx=65 val=0.05804
[dump]   top2 idx=588 val=0.05714
[dump]   top3 idx=951 val=0.05398
[dump]   top4 idx=1205 val=0.03786
[dump] L02.res    n=20480   finite=1 absmax=14.743       mean=0.01856      sumsq=7789.007719        argmax=15365
[dump]   top0 idx=15365 val=14.74276
[dump]   top1 idx=16088 val=13.47302
[dump]   top2 idx=19312 val=8.25881
[dump]   top3 idx=15948 val=7.23627
[dump]   top4 idx=15427 val=6.57861
[dump] L03.hcmix  n=2560    finite=1 absmax=3.628        mean=0.015606     sumsq=273.1165039        argmax=5
[dump]   top0 idx=5 val=3.62801
[dump]   top1 idx=631 val=2.16054
[dump]   top2 idx=788 val=2.13710
[dump]   top3 idx=588 val=1.74653
[dump]   top4 idx=65 val=1.53982
[dump] L03.att    n=2560    finite=1 absmax=0.44779      mean=-0.0031493   sumsq=17.21416064        argmax=2442
[dump]   top0 idx=2442 val=0.44779
[dump]   top1 idx=551 val=0.31047
[dump]   top2 idx=1890 val=0.26977
[dump]   top3 idx=1395 val=0.25581
[dump]   top4 idx=1453 val=0.24981
[dump] L03.ffnxn  n=10240   finite=1 absmax=20.195       mean=0.036157     sumsq=18647.44828        argmax=5848
[dump]   top0 idx=5848 val=20.19525
[dump]   top1 idx=5187 val=9.77387
[dump]   top2 idx=7462 val=9.03209
[dump]   top3 idx=5537 val=8.57384
[dump]   top4 idx=5538 val=8.37612
[dump] L03.fmix   n=2560    finite=1 absmax=4.5453       mean=0.0076489    sumsq=708.4416013        argmax=67
[dump]   top0 idx=67 val=2.30980
[dump]   top1 idx=631 val=1.98864
[dump]   top2 idx=728 val=1.89789
[dump]   top3 idx=1930 val=1.76372
[dump]   top4 idx=65 val=1.69747
[dump] L03.mid    n=10      finite=1 absmax=0 mean=0 sumsq=0 ids: 504 101 365 190 143 318 441 231 71 8
[dump] L03.moe    n=2560    finite=1 absmax=0.050245     mean=7.2064e-05   sumsq=0.3075662511       argmax=949
[dump]   top0 idx=949 val=0.05025
[dump]   top1 idx=1096 val=0.04176
[dump]   top2 idx=2140 val=0.03864
[dump]   top3 idx=1588 val=0.03138
[dump]   top4 idx=544 val=0.03111
[dump] L03.res    n=20480   finite=1 absmax=16.056       mean=0.020843     sumsq=16453.32042        argmax=15365
[dump]   top0 idx=15365 val=16.05649
[dump]   top1 idx=15948 val=13.32684
[dump]   top2 idx=16088 val=10.52763
[dump]   top3 idx=16565 val=9.74683
[dump]   top4 idx=18012 val=9.63477
[dump] L04.hcmix  n=2560    finite=1 absmax=4.1674       mean=0.023014     sumsq=743.5573027        argmax=5
[dump]   top0 idx=5 val=4.16737
[dump]   top1 idx=631 val=2.63094
[dump]   top2 idx=92 val=2.40720
[dump]   top3 idx=588 val=2.39424
[dump]   top4 idx=667 val=2.02824
[dump] L04.att    n=2560    finite=1 absmax=0.39778      mean=0.00018361   sumsq=16.21120599        argmax=1653
[dump]   top0 idx=1653 val=0.39778
[dump]   top1 idx=631 val=0.29416
[dump]   top2 idx=2433 val=0.28081
[dump]   top3 idx=1634 val=0.24946
[dump]   top4 idx=406 val=0.24596
[dump] L04.ffnxn  n=10240   finite=1 absmax=17.008       mean=0.038196     sumsq=20337.69117        argmax=5848
[dump]   top0 idx=5848 val=17.00816
[dump]   top1 idx=5537 val=9.85506
[dump]   top2 idx=5187 val=9.83064
[dump]   top3 idx=7462 val=9.60020
[dump]   top4 idx=6861 val=9.22243
[dump] L04.fmix   n=2560    finite=1 absmax=3.7485       mean=0.011392     sumsq=804.15991          argmax=1521
[dump]   top0 idx=1521 val=1.87398
[dump]   top1 idx=1205 val=1.85725
[dump]   top2 idx=67 val=1.81992
[dump]   top3 idx=765 val=1.74809
[dump]   top4 idx=753 val=1.72832
[dump] L04.mid    n=10      finite=1 absmax=0 mean=0 sumsq=0 ids: 106 41 320 209 410 500 252 496 274 68
[dump] L04.moe    n=2560    finite=1 absmax=0.068569     mean=5.3057e-05   sumsq=0.3230885164       argmax=1653
[dump]   top0 idx=1653 val=0.06857
[dump]   top1 idx=579 val=0.04072
[dump]   top2 idx=1185 val=0.03970
[dump]   top3 idx=1199 val=0.03745
[dump]   top4 idx=2083 val=0.03636
[dump] L04.res    n=20480   finite=1 absmax=21.316       mean=0.017984     sumsq=15697.45831        argmax=19573
[dump]   top0 idx=19573 val=21.31628
[dump]   top1 idx=15948 val=13.14687
[dump]   top2 idx=15365 val=13.09698
[dump]   top3 idx=16088 val=12.17245
[dump]   top4 idx=16311 val=9.62968
[dump] L05.hcmix  n=2560    finite=1 absmax=3.4985       mean=0.018225     sumsq=684.6796311        argmax=5
[dump]   top0 idx=5 val=3.49851
[dump]   top1 idx=1653 val=3.38540
[dump]   top2 idx=588 val=3.26086
[dump]   top3 idx=92 val=2.60401
[dump]   top4 idx=631 val=2.20688
[dump] L05.att    n=2560    finite=1 absmax=0.3411       mean=0.00012148   sumsq=15.83012422        argmax=1134
[dump]   top0 idx=1134 val=0.34095
[dump]   top1 idx=200 val=0.29730
[dump]   top2 idx=1716 val=0.29345
[dump]   top3 idx=1205 val=0.28894
[dump]   top4 idx=1770 val=0.28868
[dump] L05.ffnxn  n=10240   finite=1 absmax=9.7514       mean=0.045382     sumsq=19901.48338        argmax=5537
[dump]   top0 idx=5537 val=9.75136
[dump]   top1 idx=3551 val=9.72332
[dump]   top2 idx=5187 val=9.49556
[dump]   top3 idx=3978 val=9.21311
[dump]   top4 idx=5848 val=9.16142
[dump] L05.fmix   n=2560    finite=1 absmax=2.2409       mean=0.01311      sumsq=589.3967799        argmax=631
[dump]   top0 idx=631 val=2.24087
[dump]   top1 idx=1205 val=2.03471
[dump]   top2 idx=753 val=1.75367
[dump]   top3 idx=1512 val=1.58482
[dump]   top4 idx=728 val=1.44547
[dump] L05.mid    n=10      finite=1 absmax=0 mean=0 sumsq=0 ids: 446 344 236 471 314 468 169 291 140 49
[dump] L05.moe    n=2560    finite=1 absmax=0.03688      mean=0.00025292   sumsq=0.2246101535       argmax=2533
[dump]   top0 idx=2533 val=0.03687
[dump]   top1 idx=885 val=0.03687
[dump]   top2 idx=524 val=0.03476
[dump]   top3 idx=2505 val=0.03230
[dump]   top4 idx=2314 val=0.03157
[dump] L05.res    n=20480   finite=1 absmax=15.358       mean=0.021132     sumsq=13271.77029        argmax=15365
[dump]   top0 idx=15365 val=15.35806
[dump]   top1 idx=16088 val=14.02644
[dump]   top2 idx=15948 val=10.82290
[dump]   top3 idx=18012 val=9.93601
[dump]   top4 idx=17702 val=9.06644
[dump] L06.hcmix  n=2560    finite=1 absmax=4.2714       mean=0.020089     sumsq=670.2470308        argmax=5
[dump]   top0 idx=5 val=4.27144
[dump]   top1 idx=92 val=2.91834
[dump]   top2 idx=588 val=2.64686
[dump]   top3 idx=2342 val=2.12515
[dump]   top4 idx=1512 val=1.93725
[dump] L06.att    n=2560    finite=1 absmax=1.1536       mean=-0.0013275   sumsq=57.93191789        argmax=482
[dump]   top0 idx=482 val=1.15364
[dump]   top1 idx=951 val=1.11089
[dump]   top2 idx=728 val=0.75186
[dump]   top3 idx=993 val=0.62373
[dump]   top4 idx=1682 val=0.61625
[dump] L06.ffnxn  n=10240   finite=1 absmax=10.996       mean=0.039091     sumsq=18656.29452        argmax=7462
[dump]   top0 idx=7462 val=9.70125
[dump]   top1 idx=5848 val=9.44714
[dump]   top2 idx=6507 val=8.76608
[dump]   top3 idx=6071 val=8.60953
[dump]   top4 idx=5187 val=8.18916
[dump] L06.fmix   n=2560    finite=1 absmax=2.8203       mean=0.018206     sumsq=871.2091285        argmax=631
[dump]   top0 idx=631 val=2.46356
[dump]   top1 idx=67 val=1.91844
[dump]   top2 idx=1512 val=1.90051
[dump]   top3 idx=1523 val=1.86902
[dump]   top4 idx=445 val=1.79057
[dump] L06.mid    n=10      finite=1 absmax=0 mean=0 sumsq=0 ids: 51 152 159 165 91 375 432 109 123 364
[dump] L06.moe    n=2560    finite=1 absmax=0.065425     mean=0.00053761   sumsq=0.3183692656       argmax=2453
[dump]   top0 idx=2453 val=0.06542
[dump]   top1 idx=1102 val=0.04593
[dump]   top2 idx=513 val=0.04361
[dump]   top3 idx=528 val=0.04299
[dump]   top4 idx=1716 val=0.04125
[dump] L06.res    n=20480   finite=1 absmax=13.779       mean=0.016923     sumsq=7702.65629         argmax=15365
[dump]   top0 idx=15365 val=13.77899
[dump]   top1 idx=16088 val=8.56144
[dump]   top2 idx=15948 val=7.09555
[dump]   top3 idx=17702 val=6.67521
[dump]   top4 idx=10722 val=6.61314
[dump] L07.hcmix  n=2560    finite=1 absmax=3.5305       mean=0.020884     sumsq=343.7483711        argmax=5
[dump]   top0 idx=5 val=3.53049
[dump]   top1 idx=588 val=1.61236
[dump]   top2 idx=2342 val=1.42577
[dump]   top3 idx=631 val=1.39200
[dump]   top4 idx=482 val=1.37154
[dump] L07.att    n=2560    finite=1 absmax=0.6789       mean=0.0013787    sumsq=31.1249487         argmax=2180
[dump]   top0 idx=2180 val=0.49400
[dump]   top1 idx=2293 val=0.49394
[dump]   top2 idx=1795 val=0.42773
[dump]   top3 idx=1076 val=0.41686
[dump]   top4 idx=1345 val=0.39743
[dump] L07.ffnxn  n=10240   finite=1 absmax=10.054       mean=0.04493      sumsq=13405.26577        argmax=5538
[dump]   top0 idx=5538 val=10.05363
[dump]   top1 idx=5848 val=8.84492
[dump]   top2 idx=6071 val=8.27257
[dump]   top3 idx=6507 val=7.40982
[dump]   top4 idx=5265 val=7.25896
[dump] L07.fmix   n=2560    finite=1 absmax=2.0655       mean=0.022139     sumsq=659.308259         argmax=2433
[dump]   top0 idx=2433 val=1.70192
[dump]   top1 idx=631 val=1.58591
[dump]   top2 idx=205 val=1.58313
[dump]   top3 idx=1066 val=1.48915
[dump]   top4 idx=1521 val=1.47718
[dump] L07.mid    n=10      finite=1 absmax=0 mean=0 sumsq=0 ids: 87 445 358 242 191 252 163 193 294 194
[dump] L07.moe    n=2560    finite=1 absmax=0.049417     mean=0.00019078   sumsq=0.2798438097       argmax=2453
[dump]   top0 idx=2453 val=0.03583
[dump]   top1 idx=2258 val=0.03518
[dump]   top2 idx=2102 val=0.03386
[dump]   top3 idx=1712 val=0.03338
[dump]   top4 idx=757 val=0.03336
[dump] L07.res    n=20480   finite=1 absmax=13.052       mean=0.029605     sumsq=16650.7964         argmax=13791
[dump]   top0 idx=13791 val=9.59908
[dump]   top1 idx=18551 val=8.41502
[dump]   top2 idx=16088 val=8.38155
[dump]   top3 idx=15948 val=8.25325
[dump]   top4 idx=15427 val=8.12999
[dump] L08.hcmix  n=2560    finite=1 absmax=3.4032       mean=0.029036     sumsq=626.8150288        argmax=631
[dump]   top0 idx=631 val=3.40324
[dump]   top1 idx=588 val=2.73527
[dump]   top2 idx=2477 val=2.31318
[dump]   top3 idx=92 val=2.20607
[dump]   top4 idx=2097 val=1.80599
[dump] L08.att    n=2560    finite=1 absmax=0.10347      mean=0.00026056   sumsq=1.587190664        argmax=799
[dump]   top0 idx=799 val=0.10347
[dump]   top1 idx=582 val=0.09212
[dump]   top2 idx=1499 val=0.09021
[dump]   top3 idx=1043 val=0.08383
[dump]   top4 idx=770 val=0.07971
[dump] L08.ffnxn  n=10240   finite=1 absmax=11.751       mean=0.047174     sumsq=11636.70833        argmax=5848
[dump]   top0 idx=5848 val=11.75137
[dump]   top1 idx=6071 val=9.83495
[dump]   top2 idx=6214 val=7.20955
[dump]   top3 idx=6507 val=6.55400
[dump]   top4 idx=7358 val=6.53313
[dump] L08.fmix   n=2560    finite=1 absmax=2.5714       mean=0.030427     sumsq=682.6138056        argmax=631
[dump]   top0 idx=631 val=2.57144
[dump]   top1 idx=2433 val=1.68979
[dump]   top2 idx=1899 val=1.66075
[dump]   top3 idx=744 val=1.52898
[dump]   top4 idx=1930 val=1.51136
[dump] L08.mid    n=10      finite=1 absmax=0 mean=0 sumsq=0 ids: 263 181 134 360 462 175 183 219 46 387
[dump] L08.moe    n=2560    finite=1 absmax=0.049492     mean=-0.00050675  sumsq=0.55155422         argmax=1325
[dump]   top0 idx=1325 val=0.04613
[dump]   top1 idx=3 val=0.04599
[dump]   top2 idx=1455 val=0.04586
[dump]   top3 idx=1796 val=0.04453
[dump]   top4 idx=1174 val=0.04448
[dump] L08.res    n=20480   finite=1 absmax=11.193       mean=0.016138     sumsq=11725.49447        argmax=16088
[dump]   top0 idx=16088 val=11.19299
[dump]   top1 idx=15365 val=8.16811
[dump]   top2 idx=18012 val=7.15214
[dump]   top3 idx=16747 val=6.50522
[dump]   top4 idx=16565 val=6.37267
[dump] L09.hcmix  n=2560    finite=1 absmax=3.017        mean=0.021997     sumsq=787.6964187        argmax=92
[dump]   top0 idx=92 val=3.01700
[dump]   top1 idx=1205 val=2.86426
[dump]   top2 idx=2477 val=2.12509
[dump]   top3 idx=1353 val=2.00987
[dump]   top4 idx=1020 val=1.99189
[dump] L09.att    n=2560    finite=1 absmax=0.33942      mean=0.0025924    sumsq=16.78100898        argmax=2393
[dump]   top0 idx=2393 val=0.33942
[dump]   top1 idx=1332 val=0.30446
[dump]   top2 idx=1413 val=0.28973
[dump]   top3 idx=1378 val=0.28448
[dump]   top4 idx=149 val=0.24924
[dump] L09.ffnxn  n=10240   finite=1 absmax=13.603       mean=0.046508     sumsq=14353.51753        argmax=5848
[dump]   top0 idx=5848 val=13.60252
[dump]   top1 idx=6071 val=11.95406
[dump]   top2 idx=7358 val=7.39869
[dump]   top3 idx=6325 val=6.89573
[dump]   top4 idx=7772 val=6.59844
[dump] L09.fmix   n=2560    finite=1 absmax=2.4535       mean=0.028939     sumsq=722.6934284        argmax=92
[dump]   top0 idx=92 val=2.45350
[dump]   top1 idx=1205 val=2.12429
[dump]   top2 idx=2433 val=1.91524
[dump]   top3 idx=631 val=1.83123
[dump]   top4 idx=2085 val=1.58462
[dump] L09.mid    n=10      finite=1 absmax=0 mean=0 sumsq=0 ids: 264 430 376 478 142 68 153 218 370 488
[dump] L09.moe    n=2560    finite=1 absmax=0.044338     mean=-2.5382e-05  sumsq=0.2985689493       argmax=362
[dump]   top0 idx=362 val=0.03432
[dump]   top1 idx=1652 val=0.03376
[dump]   top2 idx=559 val=0.03359
[dump]   top3 idx=1395 val=0.03338
[dump]   top4 idx=705 val=0.03207
[dump] L09.res    n=20480   finite=1 absmax=14.753       mean=0.019759     sumsq=13359.91247        argmax=16088
[dump]   top0 idx=16088 val=13.65315
[dump]   top1 idx=15948 val=9.88388
[dump]   top2 idx=15778 val=7.53969
[dump]   top3 idx=18551 val=7.41046
[dump]   top4 idx=19715 val=7.31796
[dump] L10.hcmix  n=2560    finite=1 absmax=3.0842       mean=0.029927     sumsq=892.8950557        argmax=92
[dump]   top0 idx=92 val=3.08420
[dump]   top1 idx=631 val=2.88976
[dump]   top2 idx=1205 val=2.84820
[dump]   top3 idx=588 val=2.62055
[dump]   top4 idx=5 val=2.29075
[dump] L10.att    n=2560    finite=1 absmax=0.38292      mean=-0.00026753  sumsq=17.8230891         argmax=728
[dump]   top0 idx=728 val=0.38292
[dump]   top1 idx=1912 val=0.34191
[dump]   top2 idx=508 val=0.32203
[dump]   top3 idx=816 val=0.31933
[dump]   top4 idx=482 val=0.29355
[dump] L10.ffnxn  n=10240   finite=1 absmax=10.577       mean=0.031533     sumsq=11226.3579         argmax=5848
[dump]   top0 idx=5848 val=10.57726
[dump]   top1 idx=6071 val=10.28110
[dump]   top2 idx=6214 val=8.51119
[dump]   top3 idx=7358 val=7.60981
[dump]   top4 idx=7431 val=7.03622
[dump] L10.fmix   n=2560    finite=1 absmax=1.8809       mean=0.020553     sumsq=630.2710457        argmax=631
[dump]   top0 idx=631 val=1.88091
[dump]   top1 idx=92 val=1.79498
[dump]   top2 idx=1512 val=1.65976
[dump]   top3 idx=2433 val=1.54726
[dump]   top4 idx=2358 val=1.54013
[dump] L10.mid    n=10      finite=1 absmax=0 mean=0 sumsq=0 ids: 355 461 97 495 417 387 203 404 18 224
[dump] L10.moe    n=2560    finite=1 absmax=0.041349     mean=-0.00017905  sumsq=0.2899878094       argmax=2097
[dump]   top0 idx=2097 val=0.03660
[dump]   top1 idx=2105 val=0.03349
[dump]   top2 idx=2160 val=0.03327
[dump]   top3 idx=1564 val=0.03304
[dump]   top4 idx=86 val=0.03210
[dump] L10.res    n=20480   finite=1 absmax=9.6331       mean=0.01248      sumsq=7069.102617        argmax=15365
[dump]   top0 idx=15365 val=9.63307
[dump]   top1 idx=16088 val=9.47121
[dump]   top2 idx=16311 val=9.10386
[dump]   top3 idx=17598 val=7.31139
[dump]   top4 idx=17793 val=5.98308
[dump] L11.hcmix  n=2560    finite=1 absmax=2.8414       mean=0.014653     sumsq=340.3697214        argmax=5
[dump]   top0 idx=5 val=2.84143
[dump]   top1 idx=728 val=1.55685
[dump]   top2 idx=951 val=1.37947
[dump]   top3 idx=631 val=1.34472
[dump]   top4 idx=2238 val=1.27206
[dump] L11.att    n=2560    finite=1 absmax=0.38847      mean=0.0013132    sumsq=21.03667021        argmax=892
[dump]   top0 idx=892 val=0.32807
[dump]   top1 idx=480 val=0.28410
[dump]   top2 idx=1536 val=0.27684
[dump]   top3 idx=2448 val=0.26952
[dump]   top4 idx=829 val=0.26772
[dump] L11.ffnxn  n=10240   finite=1 absmax=10.968       mean=0.029334     sumsq=11187.95568        argmax=5848
[dump]   top0 idx=5848 val=10.96823
[dump]   top1 idx=6071 val=10.07675
[dump]   top2 idx=6214 val=9.32909
[dump]   top3 idx=7358 val=8.47313
[dump]   top4 idx=6507 val=8.23629
[dump] L11.fmix   n=2560    finite=1 absmax=2.8533       mean=0.01733      sumsq=632.9165754        argmax=631
[dump]   top0 idx=631 val=2.85330
[dump]   top1 idx=2433 val=1.85524
[dump]   top2 idx=1512 val=1.56465
[dump]   top3 idx=92 val=1.49688
[dump]   top4 idx=410 val=1.47366
[dump] L11.mid    n=10      finite=1 absmax=0 mean=0 sumsq=0 ids: 323 418 166 508 261 273 430 48 120 108
[dump] L11.moe    n=2560    finite=1 absmax=0.042305     mean=-0.0002301   sumsq=0.3737835479       argmax=1957
[dump]   top0 idx=1957 val=0.03645
[dump]   top1 idx=1642 val=0.03634
[dump]   top2 idx=1572 val=0.03424
[dump]   top3 idx=2360 val=0.03128
[dump]   top4 idx=1406 val=0.03113
[dump] L11.res    n=20480   finite=1 absmax=13.761       mean=0.014157     sumsq=13579.68697        argmax=16088
[dump]   top0 idx=16088 val=13.76101
[dump]   top1 idx=15365 val=8.04250
[dump]   top2 idx=16311 val=7.47907
[dump]   top3 idx=15778 val=7.15986
[dump]   top4 idx=17598 val=6.38390
[dump] L12.hcmix  n=2560    finite=1 absmax=3.3811       mean=0.016042     sumsq=890.4993708        argmax=5
[dump]   top0 idx=5 val=2.59916
[dump]   top1 idx=1205 val=2.37746
[dump]   top2 idx=1795 val=2.29600
[dump]   top3 idx=92 val=2.07480
[dump]   top4 idx=1391 val=1.85885
[dump] L12.att    n=2560    finite=1 absmax=0.42058      mean=-0.0014766   sumsq=17.3023173         argmax=728
[dump]   top0 idx=728 val=0.29334
[dump]   top1 idx=1432 val=0.28886
[dump]   top2 idx=729 val=0.26920
[dump]   top3 idx=1741 val=0.25704
[dump]   top4 idx=793 val=0.25680
[dump] L12.ffnxn  n=10240   finite=1 absmax=10.24        mean=0.022301     sumsq=13027.30406        argmax=5848
[dump]   top0 idx=5848 val=10.23960
[dump]   top1 idx=6071 val=9.02058
[dump]   top2 idx=6507 val=7.96318
[dump]   top3 idx=7358 val=7.52550
[dump]   top4 idx=6325 val=7.31229
[dump] L12.fmix   n=2560    finite=1 absmax=2.4334       mean=0.014872     sumsq=667.3376711        argmax=631
[dump]   top0 idx=631 val=2.43345
[dump]   top1 idx=65 val=1.92621
[dump]   top2 idx=2433 val=1.88690
[dump]   top3 idx=1205 val=1.82646
[dump]   top4 idx=1512 val=1.73889
[dump] L12.mid    n=10      finite=1 absmax=0 mean=0 sumsq=0 ids: 421 433 0 63 277 283 390 52 37 389
[dump] L12.moe    n=2560    finite=1 absmax=0.047968     mean=-0.0001769   sumsq=0.2503547056       argmax=667
[dump]   top0 idx=667 val=0.04386
[dump]   top1 idx=915 val=0.03344
[dump]   top2 idx=770 val=0.03308
[dump]   top3 idx=235 val=0.03173
[dump]   top4 idx=2324 val=0.02907
[dump] L12.res    n=20480   finite=1 absmax=10.976       mean=0.0095482    sumsq=13625.83898        argmax=16088
[dump]   top0 idx=16088 val=10.97640
[dump]   top1 idx=17671 val=8.07073
[dump]   top2 idx=18587 val=7.29694
[dump]   top3 idx=16565 val=7.21039
[dump]   top4 idx=16747 val=7.14891
[dump] L13.hcmix  n=2560    finite=1 absmax=2.8428       mean=0.0098153    sumsq=1028.382379        argmax=1205
[dump]   top0 idx=1205 val=2.44041
[dump]   top1 idx=1406 val=2.06490
[dump]   top2 idx=1512 val=1.99208
[dump]   top3 idx=2121 val=1.96316
[dump]   top4 idx=1054 val=1.92246
[dump] L13.att    n=2560    finite=1 absmax=0.22804      mean=4.8731e-05   sumsq=6.205446865        argmax=951
[dump]   top0 idx=951 val=0.22804
[dump]   top1 idx=728 val=0.22594
[dump]   top2 idx=2445 val=0.18166
[dump]   top3 idx=1795 val=0.17891
[dump]   top4 idx=944 val=0.17799
[dump] L13.ffnxn  n=10240   finite=1 absmax=11.798       mean=0.012245     sumsq=11888.50247        argmax=5848
[dump]   top0 idx=5848 val=11.79763
[dump]   top1 idx=6071 val=10.66855
[dump]   top2 idx=6507 val=10.10596
[dump]   top3 idx=7358 val=9.16183
[dump]   top4 idx=7431 val=8.57920
[dump] L13.fmix   n=2560    finite=1 absmax=2.0102       mean=0.0020358    sumsq=637.8088476        argmax=728
[dump]   top0 idx=728 val=2.01019
[dump]   top1 idx=951 val=1.97744
[dump]   top2 idx=1301 val=1.80629
[dump]   top3 idx=2453 val=1.72020
[dump]   top4 idx=631 val=1.52699
[dump] L13.mid    n=10      finite=1 absmax=0 mean=0 sumsq=0 ids: 259 387 265 97 273 91 468 357 93 296
[dump] L13.moe    n=2560    finite=1 absmax=0.072947     mean=4.4808e-05   sumsq=1.046492292        argmax=2480
[dump]   top0 idx=2480 val=0.06972
[dump]   top1 idx=2525 val=0.06520
[dump]   top2 idx=362 val=0.06418
[dump]   top3 idx=2401 val=0.06281
[dump]   top4 idx=1977 val=0.06186
[dump] L13.res    n=20480   finite=1 absmax=12.834       mean=0.011521     sumsq=15059.6807         argmax=16311
[dump]   top0 idx=16311 val=12.83375
[dump]   top1 idx=16088 val=11.51735
[dump]   top2 idx=16747 val=7.93807
[dump]   top3 idx=17671 val=7.26273
[dump]   top4 idx=15778 val=7.19238
[dump] L14.hcmix  n=2560    finite=1 absmax=2.5512       mean=0.013748     sumsq=902.1195722        argmax=728
[dump]   top0 idx=728 val=2.55120
[dump]   top1 idx=1795 val=2.46523
[dump]   top2 idx=983 val=2.23117
[dump]   top3 idx=2121 val=1.90280
[dump]   top4 idx=1616 val=1.88803
[dump] L14.att    n=2560    finite=1 absmax=0.43882      mean=0.00090172   sumsq=18.71888446        argmax=482
[dump]   top0 idx=482 val=0.43882
[dump]   top1 idx=2433 val=0.42194
[dump]   top2 idx=689 val=0.40915
[dump]   top3 idx=360 val=0.37921
[dump]   top4 idx=2215 val=0.36983
[dump] L14.ffnxn  n=10240   finite=1 absmax=13.345       mean=0.020931     sumsq=17019.9738         argmax=5848
[dump]   top0 idx=5848 val=13.34529
[dump]   top1 idx=6071 val=8.99553
[dump]   top2 idx=6214 val=7.97049
[dump]   top3 idx=7431 val=7.79666
[dump]   top4 idx=6293 val=7.63050
[dump] L14.fmix   n=2560    finite=1 absmax=2.3824       mean=0.010115     sumsq=721.3051888        argmax=631
[dump]   top0 idx=631 val=2.38241
[dump]   top1 idx=728 val=2.04868
[dump]   top2 idx=1512 val=1.89530
[dump]   top3 idx=660 val=1.75635
[dump]   top4 idx=1616 val=1.65423
[dump] L14.mid    n=10      finite=1 absmax=0 mean=0 sumsq=0 ids: 398 335 473 506 212 138 312 151 402 409
[dump] L14.moe    n=2560    finite=1 absmax=0.032473     mean=-0.00029115  sumsq=0.1364170514       argmax=1827
[dump]   top0 idx=1827 val=0.03247
[dump]   top1 idx=875 val=0.02656
[dump]   top2 idx=1603 val=0.02510
[dump]   top3 idx=1039 val=0.02447
[dump]   top4 idx=2204 val=0.02301
[dump] L14.res    n=20480   finite=1 absmax=10.695       mean=0.0078571    sumsq=7189.756942        argmax=16088
[dump]   top0 idx=16088 val=10.69481
[dump]   top1 idx=15365 val=8.09806
[dump]   top2 idx=16311 val=5.28566
[dump]   top3 idx=16747 val=5.15733
[dump]   top4 idx=17598 val=4.96854
[dump] L15.hcmix  n=2560    finite=1 absmax=1.4267       mean=0.0043477    sumsq=231.3302075        argmax=667
[dump]   top0 idx=667 val=1.42674
[dump]   top1 idx=2121 val=1.16016
[dump]   top2 idx=793 val=1.13718
[dump]   top3 idx=2433 val=1.09564
[dump]   top4 idx=728 val=1.08004
[dump] L15.att    n=2560    finite=1 absmax=0.35224      mean=-0.0029032   sumsq=14.62154691        argmax=1359
[dump]   top0 idx=1359 val=0.34994
[dump]   top1 idx=1879 val=0.31186
[dump]   top2 idx=808 val=0.30184
[dump]   top3 idx=1227 val=0.26273
[dump]   top4 idx=1716 val=0.25569
[dump] L15.ffnxn  n=10240   finite=1 absmax=36.982       mean=0.011107     sumsq=29376.89251        argmax=5848
[dump]   top0 idx=5848 val=36.98242
[dump]   top1 idx=5187 val=20.26241
[dump]   top2 idx=6071 val=15.55784
[dump]   top3 idx=7358 val=14.00436
[dump]   top4 idx=6293 val=10.69058
[dump] L15.fmix   n=2560    finite=1 absmax=4.3379       mean=-0.0053577   sumsq=1518.694929        argmax=728
[dump]   top0 idx=728 val=4.33795
[dump]   top1 idx=2238 val=2.73473
[dump]   top2 idx=320 val=2.53270
[dump]   top3 idx=1512 val=2.45271
[dump]   top4 idx=2480 val=2.40359
[dump] L15.mid    n=10      finite=1 absmax=0 mean=0 sumsq=0 ids: 494 289 207 405 288 192 174 283 311 199
[dump] L15.moe    n=2560    finite=1 absmax=0.050558     mean=6.6769e-05   sumsq=0.4467030093       argmax=158
[dump]   top0 idx=158 val=0.05056
[dump]   top1 idx=1408 val=0.04757
[dump]   top2 idx=654 val=0.04519
[dump]   top3 idx=652 val=0.04389
[dump]   top4 idx=282 val=0.04104
[dump] L15.res    n=20480   finite=1 absmax=13.5         mean=0.0050857    sumsq=17538.16155        argmax=16311
[dump]   top0 idx=16311 val=13.49969
[dump]   top1 idx=16088 val=10.00568
[dump]   top2 idx=17671 val=9.50212
[dump]   top3 idx=16747 val=9.12591
[dump]   top4 idx=17101 val=8.88687
[dump] L16.hcmix  n=2560    finite=1 absmax=2.9427       mean=-0.0028359   sumsq=1044.50129         argmax=2121
[dump]   top0 idx=2121 val=2.94272
[dump]   top1 idx=1947 val=2.43839
[dump]   top2 idx=1795 val=2.26186
[dump]   top3 idx=1406 val=2.19128
[dump]   top4 idx=129 val=2.04415
[dump] L16.att    n=2560    finite=1 absmax=0.22469      mean=-0.0012469   sumsq=6.146480381        argmax=2057
[dump]   top0 idx=2057 val=0.22469
[dump]   top1 idx=713 val=0.18174
[dump]   top2 idx=2184 val=0.17106
[dump]   top3 idx=1076 val=0.17025
[dump]   top4 idx=2054 val=0.16302
[dump] L16.ffnxn  n=10240   finite=1 absmax=17.317       mean=0.0029137    sumsq=21963.34057        argmax=5848
[dump]   top0 idx=5848 val=17.31684
[dump]   top1 idx=6071 val=12.59974
[dump]   top2 idx=7358 val=9.21315
[dump]   top3 idx=5628 val=9.20484
[dump]   top4 idx=7553 val=8.61479
[dump] L16.fmix   n=2560    finite=1 absmax=2.8162       mean=-0.0050828   sumsq=1246.92574         argmax=320
[dump]   top0 idx=320 val=2.52510
[dump]   top1 idx=1512 val=2.50614
[dump]   top2 idx=667 val=2.40911
[dump]   top3 idx=836 val=2.05934
[dump]   top4 idx=2480 val=2.03062
[dump] L16.mid    n=10      finite=1 absmax=0 mean=0 sumsq=0 ids: 243 228 58 263 391 272 278 142 487 429
[dump] L16.moe    n=2560    finite=1 absmax=0.059136     mean=-2.2147e-05  sumsq=0.66175876         argmax=2532
[dump]   top0 idx=2532 val=0.05914
[dump]   top1 idx=333 val=0.04528
[dump]   top2 idx=732 val=0.04528
[dump]   top3 idx=812 val=0.04476
[dump]   top4 idx=242 val=0.04432
[dump] L16.res    n=20480   finite=1 absmax=10.173       mean=0.0041082    sumsq=16435.67017        argmax=16088
[dump]   top0 idx=16088 val=10.17304
[dump]   top1 idx=15778 val=9.68189
[dump]   top2 idx=16311 val=8.25021
[dump]   top3 idx=16747 val=7.72072
[dump]   top4 idx=17598 val=7.58919
[dump] L17.hcmix  n=2560    finite=1 absmax=2.7364       mean=0.00055939   sumsq=1066.214819        argmax=1947
[dump]   top0 idx=1947 val=2.73642
[dump]   top1 idx=359 val=2.36932
[dump]   top2 idx=1406 val=2.22257
[dump]   top3 idx=812 val=2.14481
[dump]   top4 idx=1205 val=2.09994
[dump] L17.att    n=2560    finite=1 absmax=0.23813      mean=0.00033583   sumsq=5.012120303        argmax=1984
[dump]   top0 idx=1984 val=0.23813
[dump]   top1 idx=177 val=0.17720
[dump]   top2 idx=871 val=0.17718
[dump]   top3 idx=394 val=0.17556
[dump]   top4 idx=223 val=0.14285
[dump] L17.ffnxn  n=10240   finite=1 absmax=13.325       mean=0.0064885    sumsq=17477.33896        argmax=5848
[dump]   top0 idx=5848 val=13.32465
[dump]   top1 idx=6071 val=11.82219
[dump]   top2 idx=7358 val=9.60243
[dump]   top3 idx=6214 val=8.83732
[dump]   top4 idx=6012 val=8.83499
[dump] L17.fmix   n=2560    finite=1 absmax=2.2543       mean=-0.00023545  sumsq=988.9119565        argmax=1512
[dump]   top0 idx=1512 val=1.94917
[dump]   top1 idx=812 val=1.94409
[dump]   top2 idx=631 val=1.88803
[dump]   top3 idx=793 val=1.82147
[dump]   top4 idx=667 val=1.79365
[dump] L17.mid    n=10      finite=1 absmax=0 mean=0 sumsq=0 ids: 136 499 363 486 139 209 84 471 366 419
[dump] L17.moe    n=2560    finite=1 absmax=0.03758      mean=0.00033148   sumsq=0.254987835        argmax=946
[dump]   top0 idx=946 val=0.03667
[dump]   top1 idx=705 val=0.03411
[dump]   top2 idx=803 val=0.03243
[dump]   top3 idx=1696 val=0.03239
[dump]   top4 idx=928 val=0.03232
[dump] L17.res    n=20480   finite=1 absmax=13.68        mean=0.010929     sumsq=16224.75512        argmax=16088
[dump]   top0 idx=16088 val=13.67962
[dump]   top1 idx=16311 val=10.71432
[dump]   top2 idx=16565 val=8.71043
[dump]   top3 idx=16747 val=8.55146
[dump]   top4 idx=10748 val=8.51828
[dump] L18.hcmix  n=2560    finite=1 absmax=2.8009       mean=0.015929     sumsq=1027.27258         argmax=1205
[dump]   top0 idx=1205 val=2.80089
[dump]   top1 idx=2121 val=2.47912
[dump]   top2 idx=1947 val=2.34354
[dump]   top3 idx=359 val=2.24770
[dump]   top4 idx=1616 val=2.22738
[dump] L18.att    n=2560    finite=1 absmax=0.29803      mean=-0.00092912  sumsq=6.280697357        argmax=482
[dump]   top0 idx=482 val=0.29803
[dump]   top1 idx=167 val=0.20553
[dump]   top2 idx=1134 val=0.18631
[dump]   top3 idx=689 val=0.18339
[dump]   top4 idx=1509 val=0.18195
[dump] L18.ffnxn  n=10240   finite=1 absmax=13.127       mean=0.017618     sumsq=17132.07236        argmax=6071
[dump]   top0 idx=6071 val=13.12657
[dump]   top1 idx=5848 val=11.72921
[dump]   top2 idx=8311 val=9.80361
[dump]   top3 idx=6214 val=8.84177
[dump]   top4 idx=7358 val=8.72890
[dump] L18.fmix   n=2560    finite=1 absmax=2.5435       mean=0.0088005    sumsq=903.8143781        argmax=65
[dump]   top0 idx=65 val=2.33364
[dump]   top1 idx=588 val=2.32251
[dump]   top2 idx=631 val=2.26700
[dump]   top3 idx=2491 val=2.17408
[dump]   top4 idx=2121 val=2.02990
[dump] L18.mid    n=10      finite=1 absmax=0 mean=0 sumsq=0 ids: 131 264 29 448 211 353 101 24 347 201
[dump] L18.moe    n=2560    finite=1 absmax=0.047725     mean=0.00011304   sumsq=0.346927602        argmax=2356
[dump]   top0 idx=2356 val=0.04773
[dump]   top1 idx=2198 val=0.03884
[dump]   top2 idx=86 val=0.03756
[dump]   top3 idx=127 val=0.03457
[dump]   top4 idx=1827 val=0.03414
[dump] L18.res    n=20480   finite=1 absmax=11.043       mean=0.0086647    sumsq=7716.138061        argmax=16088
[dump]   top0 idx=16088 val=11.04278
[dump]   top1 idx=17101 val=7.86901
[dump]   top2 idx=15365 val=7.39996
[dump]   top3 idx=16311 val=7.38111
[dump]   top4 idx=10722 val=6.86903
[dump] L19.hcmix  n=2560    finite=1 absmax=1.8754       mean=0.010582     sumsq=391.4465194        argmax=1947
[dump]   top0 idx=1947 val=1.87538
[dump]   top1 idx=1741 val=1.79645
[dump]   top2 idx=482 val=1.70446
[dump]   top3 idx=2121 val=1.46068
[dump]   top4 idx=951 val=1.43222
[dump] L19.att    n=2560    finite=1 absmax=0.4496       mean=0.0010518    sumsq=17.62812859        argmax=1227
[dump]   top0 idx=1227 val=0.43560
[dump]   top1 idx=694 val=0.37211
[dump]   top2 idx=1536 val=0.35521
[dump]   top3 idx=2359 val=0.33684
[dump]   top4 idx=356 val=0.33603
[dump] L19.ffnxn  n=10240   finite=1 absmax=15.741       mean=0.016084     sumsq=18172.54865        argmax=6071
[dump]   top0 idx=6071 val=15.74069
[dump]   top1 idx=5848 val=12.61135
[dump]   top2 idx=7358 val=8.40855
[dump]   top3 idx=7553 val=8.40150
[dump]   top4 idx=6876 val=7.91821
[dump] L19.fmix   n=2560    finite=1 absmax=2.4698       mean=0.0092399    sumsq=1169.779596        argmax=667
[dump]   top0 idx=667 val=2.25405
[dump]   top1 idx=2390 val=2.24440
[dump]   top2 idx=2499 val=2.07710
[dump]   top3 idx=2491 val=2.07596
[dump]   top4 idx=2261 val=2.05452
[dump] L19.mid    n=10      finite=1 absmax=0 mean=0 sumsq=0 ids: 31 121 291 315 490 377 222 173 434 162
[dump] L19.moe    n=2560    finite=1 absmax=0.043982     mean=0.00053714   sumsq=0.2949387137       argmax=105
[dump]   top0 idx=105 val=0.04398
[dump]   top1 idx=1265 val=0.03864
[dump]   top2 idx=1466 val=0.03863
[dump]   top3 idx=582 val=0.03459
[dump]   top4 idx=1749 val=0.03362
[dump] L19.res    n=20480   finite=1 absmax=15.265       mean=0.019255     sumsq=18034.44704        argmax=16311
[dump]   top0 idx=16311 val=15.26543
[dump]   top1 idx=17598 val=12.12081
[dump]   top2 idx=16088 val=10.32066
[dump]   top3 idx=17671 val=7.16566
[dump]   top4 idx=18499 val=7.10059
[dump] L20.hcmix  n=2560    finite=1 absmax=2.6617       mean=0.020517     sumsq=973.8587692        argmax=1461
[dump]   top0 idx=1461 val=2.65032
[dump]   top1 idx=359 val=2.45016
[dump]   top2 idx=1947 val=2.25286
[dump]   top3 idx=951 val=2.09352
[dump]   top4 idx=2481 val=2.05390
[dump] L20.att    n=2560    finite=1 absmax=0.60301      mean=-0.002817    sumsq=18.2273412         argmax=717
[dump]   top0 idx=717 val=0.41655
[dump]   top1 idx=1641 val=0.40359
[dump]   top2 idx=1132 val=0.34916
[dump]   top3 idx=2293 val=0.31747
[dump]   top4 idx=1763 val=0.31528
[dump] L20.ffnxn  n=10240   finite=1 absmax=15.492       mean=0.026021     sumsq=27820.61848        argmax=6071
[dump]   top0 idx=6071 val=15.49245
[dump]   top1 idx=5848 val=13.08580
[dump]   top2 idx=5187 val=11.67822
[dump]   top3 idx=7358 val=10.39348
[dump]   top4 idx=6214 val=8.06160
[dump] L20.fmix   n=2560    finite=1 absmax=3.5803       mean=0.014947     sumsq=1426.257989        argmax=1466
[dump]   top0 idx=1466 val=2.99593
[dump]   top1 idx=1171 val=2.33387
[dump]   top2 idx=2481 val=2.29445
[dump]   top3 idx=667 val=2.24433
[dump]   top4 idx=2480 val=2.15087
[dump] L20.mid    n=10      finite=1 absmax=0 mean=0 sumsq=0 ids: 387 485 442 179 258 296 388 168 307 358
[dump] L20.moe    n=2560    finite=1 absmax=0.043272     mean=0.00072212   sumsq=0.4556814431       argmax=662
[dump]   top0 idx=662 val=0.04327
[dump]   top1 idx=1423 val=0.04164
[dump]   top2 idx=1159 val=0.03928
[dump]   top3 idx=1544 val=0.03759
[dump]   top4 idx=1625 val=0.03721
[dump] L20.res    n=20480   finite=1 absmax=11.509       mean=0.023938     sumsq=20546.69621        argmax=16088
[dump]   top0 idx=16088 val=11.50880
[dump]   top1 idx=15948 val=10.47320
[dump]   top2 idx=15755 val=9.73379
[dump]   top3 idx=17671 val=9.58191
[dump]   top4 idx=16747 val=8.72522
[dump] L21.hcmix  n=2560    finite=1 absmax=3.0212       mean=0.038495     sumsq=1156.600861        argmax=588
[dump]   top0 idx=588 val=2.74726
[dump]   top1 idx=524 val=2.65391
[dump]   top2 idx=359 val=2.51707
[dump]   top3 idx=1205 val=2.30158
[dump]   top4 idx=1795 val=2.20593
[dump] L21.att    n=2560    finite=1 absmax=0.26616      mean=0.00076912   sumsq=2.464199416        argmax=951
[dump]   top0 idx=951 val=0.26616
[dump]   top1 idx=192 val=0.24976
[dump]   top2 idx=728 val=0.16007
[dump]   top3 idx=508 val=0.13864
[dump]   top4 idx=993 val=0.13047
[dump] L21.ffnxn  n=10240   finite=1 absmax=15.01        mean=0.056179     sumsq=25499.78548        argmax=6071
[dump]   top0 idx=6071 val=15.01025
[dump]   top1 idx=5848 val=14.67956
[dump]   top2 idx=7358 val=10.16473
[dump]   top3 idx=8311 val=9.63371
[dump]   top4 idx=6214 val=9.17048
[dump] L21.fmix   n=2560    finite=1 absmax=3.6251       mean=0.044229     sumsq=1329.801747        argmax=1466
[dump]   top0 idx=1466 val=2.69146
[dump]   top1 idx=65 val=2.52072
[dump]   top2 idx=524 val=2.31344
[dump]   top3 idx=631 val=2.27307
[dump]   top4 idx=1696 val=2.27250
[dump] L21.mid    n=10      finite=1 absmax=0 mean=0 sumsq=0 ids: 255 118 346 25 313 369 379 418 57 306
[dump] L21.moe    n=2560    finite=1 absmax=0.047031     mean=4.9452e-05   sumsq=0.4266038244       argmax=465
[dump]   top0 idx=465 val=0.04113
[dump]   top1 idx=2079 val=0.04088
[dump]   top2 idx=493 val=0.04079
[dump]   top3 idx=1413 val=0.04033
[dump]   top4 idx=2233 val=0.03888
[dump] L21.res    n=20480   finite=1 absmax=17.109       mean=0.023954     sumsq=16886.08544        argmax=15365
[dump]   top0 idx=15365 val=17.10900
[dump]   top1 idx=15948 val=13.00486
[dump]   top2 idx=17279 val=10.47941
[dump]   top3 idx=15991 val=10.06642
[dump]   top4 idx=17702 val=9.98510
[dump] L22.hcmix  n=2560    finite=1 absmax=4.1252       mean=0.035715     sumsq=764.4466997        argmax=5
[dump]   top0 idx=5 val=4.12522
[dump]   top1 idx=588 val=3.29022
[dump]   top2 idx=2450 val=2.62317
[dump]   top3 idx=65 val=2.48441
[dump]   top4 idx=1716 val=2.39963
[dump] L22.att    n=2560    finite=1 absmax=0.52501      mean=0.0010695    sumsq=8.526739525        argmax=268
[dump]   top0 idx=268 val=0.52501
[dump]   top1 idx=2238 val=0.43693
[dump]   top2 idx=728 val=0.40335
[dump]   top3 idx=951 val=0.37474
[dump]   top4 idx=631 val=0.31832
[dump] L22.ffnxn  n=10240   finite=1 absmax=15.718       mean=0.054917     sumsq=27951.52156        argmax=5848
[dump]   top0 idx=5848 val=15.71796
[dump]   top1 idx=6071 val=12.91066
[dump]   top2 idx=7358 val=11.70495
[dump]   top3 idx=8311 val=10.97324
[dump]   top4 idx=5751 val=9.92340
[dump] L22.fmix   n=2560    finite=1 absmax=3.4215       mean=0.032492     sumsq=1029.78775         argmax=65
[dump]   top0 idx=65 val=2.33459
[dump]   top1 idx=2279 val=2.14179
[dump]   top2 idx=1466 val=2.11810
[dump]   top3 idx=631 val=2.05636
[dump]   top4 idx=67 val=2.00157
[dump] L22.mid    n=10      finite=1 absmax=0 mean=0 sumsq=0 ids: 279 301 504 364 50 460 287 308 454 355
[dump] L22.moe    n=2560    finite=1 absmax=0.06387      mean=0.00010456   sumsq=0.497911978        argmax=1313
[dump]   top0 idx=1313 val=0.06387
[dump]   top1 idx=1634 val=0.05345
[dump]   top2 idx=1237 val=0.05015
[dump]   top3 idx=806 val=0.04868
[dump]   top4 idx=227 val=0.04726
[dump] L22.res    n=20480   finite=1 absmax=12.352       mean=0.018105     sumsq=10865.15068        argmax=15365
[dump]   top0 idx=15365 val=12.35194
[dump]   top1 idx=16153 val=9.19563
[dump]   top2 idx=16088 val=9.11883
[dump]   top3 idx=16311 val=8.83039
[dump]   top4 idx=15427 val=8.12357
[dump] L23.hcmix  n=2560    finite=1 absmax=2.8222       mean=0.015674     sumsq=300.7798757        argmax=5
[dump]   top0 idx=5 val=2.82220
[dump]   top1 idx=631 val=1.72440
[dump]   top2 idx=1741 val=1.47941
[dump]   top3 idx=524 val=1.45463
[dump]   top4 idx=1947 val=1.43084
[dump] L23.att    n=2560    finite=1 absmax=0.38622      mean=0.00084592   sumsq=12.79054764        argmax=784
[dump]   top0 idx=784 val=0.31724
[dump]   top1 idx=86 val=0.29778
[dump]   top2 idx=2517 val=0.29352
[dump]   top3 idx=1790 val=0.28518
[dump]   top4 idx=1135 val=0.28436
[dump] L23.ffnxn  n=10240   finite=1 absmax=17.64        mean=0.043365     sumsq=35707.2024         argmax=5187
[dump]   top0 idx=5187 val=17.63997
[dump]   top1 idx=6071 val=16.36970
[dump]   top2 idx=7358 val=16.09692
[dump]   top3 idx=5848 val=14.10441
[dump]   top4 idx=5682 val=13.33237
[dump] L23.fmix   n=2560    finite=1 absmax=3.1945       mean=0.028507     sumsq=1573.375647        argmax=1798
[dump]   top0 idx=1798 val=2.69192
[dump]   top1 idx=143 val=2.52714
[dump]   top2 idx=1466 val=2.52262
[dump]   top3 idx=2261 val=2.49662
[dump]   top4 idx=2238 val=2.46517
[dump] L23.mid    n=10      finite=1 absmax=0 mean=0 sumsq=0 ids: 356 128 480 45 355 342 477 334 354 32
[dump] L23.moe    n=2560    finite=1 absmax=0.066304     mean=-5.5017e-05  sumsq=0.9891757138       argmax=960
[dump]   top0 idx=960 val=0.06630
[dump]   top1 idx=1525 val=0.06306
[dump]   top2 idx=2286 val=0.06109
[dump]   top3 idx=2139 val=0.06075
[dump]   top4 idx=1301 val=0.06028
[dump] L23.res    n=20480   finite=1 absmax=15.088       mean=0.0271       sumsq=16845.69099        argmax=15991
[dump]   top0 idx=15991 val=10.71751
[dump]   top1 idx=16088 val=10.51166
[dump]   top2 idx=16565 val=8.81748
[dump]   top3 idx=15948 val=8.58108
[dump]   top4 idx=15427 val=8.35541
[dump] L24.hcmix  n=2560    finite=1 absmax=2.9538       mean=0.040847     sumsq=833.438194         argmax=631
[dump]   top0 idx=631 val=2.95385
[dump]   top1 idx=1205 val=2.61469
[dump]   top2 idx=1716 val=2.50468
[dump]   top3 idx=2121 val=2.49067
[dump]   top4 idx=588 val=2.38192
[dump] L24.att    n=2560    finite=1 absmax=0.14262      mean=-0.00026884  sumsq=1.615217348        argmax=1586
[dump]   top0 idx=1586 val=0.11363
[dump]   top1 idx=895 val=0.11348
[dump]   top2 idx=799 val=0.10205
[dump]   top3 idx=92 val=0.09934
[dump]   top4 idx=36 val=0.09130
[dump] L24.ffnxn  n=10240   finite=1 absmax=13.669       mean=0.032823     sumsq=13017.54327        argmax=5848
[dump]   top0 idx=5848 val=13.66907
[dump]   top1 idx=6071 val=11.99604
[dump]   top2 idx=7358 val=9.40388
[dump]   top3 idx=5167 val=8.71985
[dump]   top4 idx=6214 val=8.58205
[dump] L24.fmix   n=2560    finite=1 absmax=2.6459       mean=0.026696     sumsq=831.0189594        argmax=631
[dump]   top0 idx=631 val=2.64590
[dump]   top1 idx=1466 val=1.90011
[dump]   top2 idx=25 val=1.83115
[dump]   top3 idx=1798 val=1.80345
[dump]   top4 idx=65 val=1.77025
[dump] L24.mid    n=10      finite=1 absmax=0 mean=0 sumsq=0 ids: 263 134 175 354 360 181 11 231 462 439
[dump] L24.moe    n=2560    finite=1 absmax=0.040394     mean=0.00018589   sumsq=0.2831626136       argmax=2504
[dump]   top0 idx=2504 val=0.04039
[dump]   top1 idx=1792 val=0.03848
[dump]   top2 idx=81 val=0.03614
[dump]   top3 idx=860 val=0.03604
[dump]   top4 idx=288 val=0.03572
[dump] L24.res    n=20480   finite=1 absmax=13.58        mean=0.014548     sumsq=12827.28874        argmax=16088
[dump]   top0 idx=16088 val=13.58011
[dump]   top1 idx=17598 val=8.38275
[dump]   top2 idx=15365 val=7.94387
[dump]   top3 idx=16747 val=7.23855
[dump]   top4 idx=17116 val=6.84025
[dump] L25.hcmix  n=2560    finite=1 absmax=2.6332       mean=0.021138     sumsq=823.4692921        argmax=2233
[dump]   top0 idx=2233 val=2.38344
[dump]   top1 idx=1716 val=2.28733
[dump]   top2 idx=359 val=2.12725
[dump]   top3 idx=1205 val=2.00389
[dump]   top4 idx=2327 val=1.93548
[dump] L25.att    n=2560    finite=1 absmax=0.53735      mean=-0.00035449  sumsq=7.535664038        argmax=951
[dump]   top0 idx=951 val=0.53735
[dump]   top1 idx=993 val=0.27272
[dump]   top2 idx=1378 val=0.21150
[dump]   top3 idx=2238 val=0.20915
[dump]   top4 idx=914 val=0.19805
[dump] L25.ffnxn  n=10240   finite=1 absmax=15.42        mean=0.039717     sumsq=16749.79153        argmax=5848
[dump]   top0 idx=5848 val=15.41980
[dump]   top1 idx=6071 val=14.59912
[dump]   top2 idx=7358 val=10.35836
[dump]   top3 idx=5167 val=7.85281
[dump]   top4 idx=5187 val=6.89707
[dump] L25.fmix   n=2560    finite=1 absmax=2.1619       mean=0.028363     sumsq=816.6601336        argmax=2141
[dump]   top0 idx=2141 val=2.16194
[dump]   top1 idx=746 val=1.89673
[dump]   top2 idx=25 val=1.86702
[dump]   top3 idx=1466 val=1.62714
[dump]   top4 idx=2261 val=1.60491
[dump] L25.mid    n=10      finite=1 absmax=0 mean=0 sumsq=0 ids: 376 346 264 68 506 142 73 329 430 427
[dump] L25.moe    n=2560    finite=1 absmax=0.03764      mean=9.4666e-05   sumsq=0.2770970634       argmax=402
[dump]   top0 idx=402 val=0.03764
[dump]   top1 idx=394 val=0.03336
[dump]   top2 idx=2422 val=0.03307
[dump]   top3 idx=791 val=0.03191
[dump]   top4 idx=543 val=0.03141
[dump] L25.res    n=20480   finite=1 absmax=16.19        mean=0.015221     sumsq=14793.41456        argmax=16088
[dump]   top0 idx=16088 val=16.19022
[dump]   top1 idx=17101 val=8.94695
[dump]   top2 idx=16311 val=8.79820
[dump]   top3 idx=15991 val=8.66270
[dump]   top4 idx=15948 val=8.32370
[dump] L26.hcmix  n=2560    finite=1 absmax=3.9909       mean=0.021105     sumsq=957.1174076        argmax=631
[dump]   top0 idx=631 val=2.63438
[dump]   top1 idx=2121 val=2.44029
[dump]   top2 idx=359 val=2.24979
[dump]   top3 idx=524 val=2.19447
[dump]   top4 idx=482 val=2.03868
[dump] L26.att    n=2560    finite=1 absmax=0.30788      mean=-0.00089083  sumsq=10.33761657        argmax=519
[dump]   top0 idx=519 val=0.30788
[dump]   top1 idx=2203 val=0.27919
[dump]   top2 idx=728 val=0.27619
[dump]   top3 idx=177 val=0.23497
[dump]   top4 idx=816 val=0.22845
[dump] L26.ffnxn  n=10240   finite=1 absmax=12.33        mean=0.025983     sumsq=12912.53678        argmax=6071
[dump]   top0 idx=6071 val=12.32963
[dump]   top1 idx=5848 val=11.98337
[dump]   top2 idx=7358 val=10.88011
[dump]   top3 idx=6214 val=10.03912
[dump]   top4 idx=8981 val=8.01628
[dump] L26.fmix   n=2560    finite=1 absmax=2.0886       mean=0.020347     sumsq=733.3919542        argmax=746
[dump]   top0 idx=746 val=2.08861
[dump]   top1 idx=25 val=1.80436
[dump]   top2 idx=1466 val=1.75672
[dump]   top3 idx=1500 val=1.66623
[dump]   top4 idx=2233 val=1.64350
[dump] L26.mid    n=10      finite=1 absmax=0 mean=0 sumsq=0 ids: 461 355 97 417 243 313 296 384 177 320
[dump] L26.moe    n=2560    finite=1 absmax=0.050615     mean=6.2386e-05   sumsq=0.4699129889       argmax=2054
[dump]   top0 idx=2054 val=0.05024
[dump]   top1 idx=1500 val=0.04750
[dump]   top2 idx=1810 val=0.04394
[dump]   top3 idx=1828 val=0.04271
[dump]   top4 idx=859 val=0.04127
[dump] L26.res    n=20480   finite=1 absmax=12.043       mean=0.010849     sumsq=7446.075441        argmax=16088
[dump]   top0 idx=16088 val=12.04254
[dump]   top1 idx=16311 val=11.55584
[dump]   top2 idx=17598 val=11.47400
[dump]   top3 idx=15365 val=9.86710
[dump]   top4 idx=17793 val=7.62326
[dump] L27.hcmix  n=2560    finite=1 absmax=2.3199       mean=0.013109     sumsq=367.4090597        argmax=951
[dump]   top0 idx=951 val=2.31995
[dump]   top1 idx=5 val=2.30569
[dump]   top2 idx=728 val=2.24628
[dump]   top3 idx=2238 val=2.21321
[dump]   top4 idx=482 val=1.43711
[dump] L27.att    n=2560    finite=1 absmax=0.43877      mean=0.0024035    sumsq=15.24854761        argmax=892
[dump]   top0 idx=892 val=0.29074
[dump]   top1 idx=302 val=0.27827
[dump]   top2 idx=2003 val=0.27015
[dump]   top3 idx=1404 val=0.26510
[dump]   top4 idx=1341 val=0.26061
[dump] L27.ffnxn  n=10240   finite=1 absmax=13.288       mean=0.031197     sumsq=13357.40184        argmax=5848
[dump]   top0 idx=5848 val=13.28820
[dump]   top1 idx=6071 val=12.57113
[dump]   top2 idx=7358 val=12.16304
[dump]   top3 idx=6214 val=11.84839
[dump]   top4 idx=6507 val=9.16190
[dump] L27.fmix   n=2560    finite=1 absmax=2.2454       mean=0.024357     sumsq=788.389083         argmax=1500
[dump]   top0 idx=1500 val=2.24538
[dump]   top1 idx=1717 val=1.86361
[dump]   top2 idx=479 val=1.74921
[dump]   top3 idx=849 val=1.73112
[dump]   top4 idx=1905 val=1.67465
[dump] L27.mid    n=10      finite=1 absmax=0 mean=0 sumsq=0 ids: 430 323 98 508 166 58 151 120 261 108
[dump] L27.moe    n=2560    finite=1 absmax=0.03706      mean=0.00031886   sumsq=0.2152966292       argmax=960
[dump]   top0 idx=960 val=0.03497
[dump]   top1 idx=1291 val=0.02836
[dump]   top2 idx=2196 val=0.02781
[dump]   top3 idx=1858 val=0.02722
[dump]   top4 idx=2530 val=0.02669
[dump] L27.res    n=20480   finite=1 absmax=16.848       mean=0.021644     sumsq=15500.9972         argmax=16088
[dump]   top0 idx=16088 val=16.84755
[dump]   top1 idx=16311 val=10.25031
[dump]   top2 idx=17598 val=9.66869
[dump]   top3 idx=15365 val=8.16160
[dump]   top4 idx=17101 val=7.88479
[dump] L28.hcmix  n=2560    finite=1 absmax=2.8967       mean=0.028404     sumsq=931.3380455        argmax=1500
[dump]   top0 idx=1500 val=2.89672
[dump]   top1 idx=1717 val=2.28145
[dump]   top2 idx=1716 val=2.10347
[dump]   top3 idx=1205 val=2.01801
[dump]   top4 idx=1780 val=1.91085
[dump] L28.att    n=2560    finite=1 absmax=0.20667      mean=-0.0023152   sumsq=7.07309697         argmax=186
[dump]   top0 idx=186 val=0.20667
[dump]   top1 idx=736 val=0.20271
[dump]   top2 idx=1480 val=0.17724
[dump]   top3 idx=434 val=0.17028
[dump]   top4 idx=200 val=0.16249
[dump] L28.ffnxn  n=10240   finite=1 absmax=12.458       mean=0.038998     sumsq=15293.8234         argmax=5848
[dump]   top0 idx=5848 val=12.45776
[dump]   top1 idx=6071 val=10.85473
[dump]   top2 idx=7358 val=10.83270
[dump]   top3 idx=6507 val=8.88737
[dump]   top4 idx=5167 val=8.78022
[dump] L28.fmix   n=2560    finite=1 absmax=2.6205       mean=0.030264     sumsq=898.8482473        argmax=1500
[dump]   top0 idx=1500 val=2.62052
[dump]   top1 idx=65 val=2.10382
[dump]   top2 idx=1905 val=2.00048
[dump]   top3 idx=631 val=1.96576
[dump]   top4 idx=849 val=1.79472
[dump] L28.mid    n=10      finite=1 absmax=0 mean=0 sumsq=0 ids: 52 219 421 469 392 297 66 43 21 63
[dump] L28.moe    n=2560    finite=1 absmax=0.04651      mean=-0.0003649   sumsq=0.2926378713       argmax=1942
[dump]   top0 idx=1942 val=0.04336
[dump]   top1 idx=1207 val=0.03495
[dump]   top2 idx=264 val=0.03459
[dump]   top3 idx=722 val=0.03367
[dump]   top4 idx=714 val=0.03342
[dump] L28.res    n=20480   finite=1 absmax=12.992       mean=0.013397     sumsq=15577.40331        argmax=16088
[dump]   top0 idx=16088 val=12.99155
[dump]   top1 idx=17671 val=9.63194
[dump]   top2 idx=17101 val=8.70856
[dump]   top3 idx=16747 val=8.08086
[dump]   top4 idx=17598 val=7.21573
[dump] L29.hcmix  n=2560    finite=1 absmax=2.9745       mean=0.018488     sumsq=995.4910247        argmax=524
[dump]   top0 idx=524 val=2.97447
[dump]   top1 idx=1500 val=2.90230
[dump]   top2 idx=1717 val=2.53888
[dump]   top3 idx=1512 val=2.14164
[dump]   top4 idx=1716 val=2.08872
[dump] L29.att    n=2560    finite=1 absmax=0.11764      mean=-0.00053431  sumsq=1.624047783        argmax=1795
[dump]   top0 idx=1795 val=0.10478
[dump]   top1 idx=1736 val=0.09891
[dump]   top2 idx=1882 val=0.08733
[dump]   top3 idx=344 val=0.08209
[dump]   top4 idx=1925 val=0.07932
[dump] L29.ffnxn  n=10240   finite=1 absmax=14.408       mean=0.019402     sumsq=15447.01385        argmax=6071
[dump]   top0 idx=6071 val=14.40838
[dump]   top1 idx=7358 val=14.25331
[dump]   top2 idx=5848 val=14.14837
[dump]   top3 idx=6507 val=12.04406
[dump]   top4 idx=6214 val=10.99689
[dump] L29.fmix   n=2560    finite=1 absmax=2.3195       mean=0.012962     sumsq=926.0183           argmax=1717
[dump]   top0 idx=1717 val=2.16201
[dump]   top1 idx=1905 val=1.95024
[dump]   top2 idx=2238 val=1.89856
[dump]   top3 idx=1500 val=1.84874
[dump]   top4 idx=1914 val=1.84744
[dump] L29.mid    n=10      finite=1 absmax=0 mean=0 sumsq=0 ids: 387 273 93 290 330 118 265 259 342 451
[dump] L29.moe    n=2560    finite=1 absmax=0.043525     mean=5.1382e-05   sumsq=0.3436363137       argmax=525
[dump]   top0 idx=525 val=0.04352
[dump]   top1 idx=1253 val=0.04005
[dump]   top2 idx=1039 val=0.03799
[dump]   top3 idx=309 val=0.03454
[dump]   top4 idx=1384 val=0.03374
[dump] L29.res    n=20480   finite=1 absmax=17.261       mean=0.012766     sumsq=17115.87918        argmax=16311
[dump]   top0 idx=16311 val=17.26104
[dump]   top1 idx=16088 val=13.73311
[dump]   top2 idx=17598 val=9.57347
[dump]   top3 idx=16747 val=8.95584
[dump]   top4 idx=17671 val=8.38701
[dump] L30.hcmix  n=2560    finite=1 absmax=2.7026       mean=0.015675     sumsq=855.8264611        argmax=1500
[dump]   top0 idx=1500 val=2.70265
[dump]   top1 idx=1716 val=2.40222
[dump]   top2 idx=524 val=2.27153
[dump]   top3 idx=788 val=2.09111
[dump]   top4 idx=983 val=2.03289
[dump] L30.att    n=2560    finite=1 absmax=0.3525       mean=-0.0010644   sumsq=9.650752676        argmax=993
[dump]   top0 idx=993 val=0.35250
[dump]   top1 idx=2502 val=0.32866
[dump]   top2 idx=482 val=0.25691
[dump]   top3 idx=1795 val=0.19491
[dump]   top4 idx=1134 val=0.18960
[dump] L30.ffnxn  n=10240   finite=1 absmax=16.017       mean=0.018441     sumsq=21161.3405         argmax=5848
[dump]   top0 idx=5848 val=16.01691
[dump]   top1 idx=6071 val=11.38697
[dump]   top2 idx=7358 val=11.30800
[dump]   top3 idx=6214 val=9.47213
[dump]   top4 idx=6293 val=9.36479
[dump] L30.fmix   n=2560    finite=1 absmax=2.9055       mean=0.011336     sumsq=1336.740651        argmax=1914
[dump]   top0 idx=1914 val=2.56213
[dump]   top1 idx=1500 val=2.49677
[dump]   top2 idx=2238 val=2.26672
[dump]   top3 idx=1905 val=2.23753
[dump]   top4 idx=1717 val=2.10787
[dump] L30.mid    n=10      finite=1 absmax=0 mean=0 sumsq=0 ids: 86 506 398 151 11 181 335 280 154 439
[dump] L30.moe    n=2560    finite=1 absmax=0.056296     mean=3.6983e-05   sumsq=0.6273323203       argmax=1850
[dump]   top0 idx=1850 val=0.05630
[dump]   top1 idx=835 val=0.05552
[dump]   top2 idx=2030 val=0.05428
[dump]   top3 idx=1044 val=0.05312
[dump]   top4 idx=2095 val=0.05139
[dump] L30.res    n=20480   finite=1 absmax=13.109       mean=0.0086693    sumsq=7721.028244        argmax=16088
[dump]   top0 idx=16088 val=13.10929
[dump]   top1 idx=15365 val=8.97201
[dump]   top2 idx=10722 val=7.45327
[dump]   top3 idx=17598 val=6.81873
[dump]   top4 idx=16311 val=6.80647
[dump] L31.hcmix  n=2560    finite=1 absmax=1.9012       mean=0.0047444    sumsq=278.506883         argmax=728
[dump]   top0 idx=728 val=1.90119
[dump]   top1 idx=482 val=1.58648
[dump]   top2 idx=1500 val=1.32785
[dump]   top3 idx=2238 val=1.19136
[dump]   top4 idx=1717 val=1.09935
[dump] L31.att    n=2560    finite=1 absmax=0.23991      mean=-0.0022096   sumsq=9.690096402        argmax=1716
[dump]   top0 idx=1716 val=0.23991
[dump]   top1 idx=1359 val=0.23340
[dump]   top2 idx=1205 val=0.20786
[dump]   top3 idx=2371 val=0.19638
[dump]   top4 idx=1776 val=0.19552
[dump] L31.ffnxn  n=10240   finite=1 absmax=41.999       mean=0.0087244    sumsq=36201.1524         argmax=5848
[dump]   top0 idx=5848 val=41.99945
[dump]   top1 idx=5187 val=21.75691
[dump]   top2 idx=6071 val=20.40512
[dump]   top3 idx=7358 val=19.34773
[dump]   top4 idx=6876 val=12.77483
[dump] L31.fmix   n=2560    finite=1 absmax=5.3317       mean=0.00076491   sumsq=1974.31058         argmax=728
[dump]   top0 idx=728 val=5.33169
[dump]   top1 idx=2238 val=3.74976
[dump]   top2 idx=98 val=3.01884
[dump]   top3 idx=957 val=3.01595
[dump]   top4 idx=477 val=2.72589
[dump] L31.mid    n=10      finite=1 absmax=0 mean=0 sumsq=0 ids: 494 283 289 311 156 405 302 399 408 177
[dump] L31.moe    n=2560    finite=1 absmax=0.071053     mean=0.00060503   sumsq=0.8514527286       argmax=32
[dump]   top0 idx=32 val=0.07105
[dump]   top1 idx=877 val=0.07047
[dump]   top2 idx=2438 val=0.05927
[dump]   top3 idx=1479 val=0.05891
[dump]   top4 idx=2249 val=0.05698
[dump] L31.res    n=20480   finite=1 absmax=17.021       mean=0.010252     sumsq=20114.3858         argmax=16311
[dump]   top0 idx=16311 val=17.02059
[dump]   top1 idx=16088 val=11.83481
[dump]   top2 idx=17101 val=11.31214
[dump]   top3 idx=17671 val=10.69814
[dump]   top4 idx=16747 val=9.95405
[dump] L32.hcmix  n=2560    finite=1 absmax=2.6898       mean=0.011598     sumsq=966.0803171        argmax=1500
[dump]   top0 idx=1500 val=2.68980
[dump]   top1 idx=1313 val=2.34569
[dump]   top2 idx=1603 val=2.19741
[dump]   top3 idx=681 val=2.08279
[dump]   top4 idx=867 val=2.06057
[dump] L32.att    n=2560    finite=1 absmax=0.21822      mean=-0.001343    sumsq=4.305947225        argmax=713
[dump]   top0 idx=713 val=0.21822
[dump]   top1 idx=1368 val=0.19020
[dump]   top2 idx=1134 val=0.14503
[dump]   top3 idx=1303 val=0.14156
[dump]   top4 idx=167 val=0.13922
[dump] L32.ffnxn  n=10240   finite=1 absmax=20.051       mean=0.0097052    sumsq=29416.00008        argmax=5848
[dump]   top0 idx=5848 val=20.05092
[dump]   top1 idx=6071 val=16.24689
[dump]   top2 idx=7358 val=13.60950
[dump]   top3 idx=6012 val=11.09756
[dump]   top4 idx=7553 val=10.85229
[dump] L32.fmix   n=2560    finite=1 absmax=3.5074       mean=0.0067731    sumsq=1790.823757        argmax=2095
[dump]   top0 idx=2095 val=2.64680
[dump]   top1 idx=1828 val=2.42364
[dump]   top2 idx=1512 val=2.38884
[dump]   top3 idx=957 val=2.34220
[dump]   top4 idx=1199 val=2.30370
[dump] L32.mid    n=10      finite=1 absmax=0 mean=0 sumsq=0 ids: 228 243 263 454 377 142 58 278 429 359
[dump] L32.moe    n=2560    finite=1 absmax=0.072325     mean=-0.00034939  sumsq=0.7779719191       argmax=2441
[dump]   top0 idx=2441 val=0.05310
[dump]   top1 idx=1854 val=0.05208
[dump]   top2 idx=805 val=0.05188
[dump]   top3 idx=198 val=0.05120
[dump]   top4 idx=966 val=0.05020
[dump] L32.res    n=20480   finite=1 absmax=11.924       mean=0.0078077    sumsq=18268.98991        argmax=16088
[dump]   top0 idx=16088 val=11.92360
[dump]   top1 idx=17598 val=11.35700
[dump]   top2 idx=15778 val=10.14307
[dump]   top3 idx=16311 val=10.03190
[dump]   top4 idx=17101 val=8.85308
[dump] L33.hcmix  n=2560    finite=1 absmax=2.6132       mean=0.0082756    sumsq=1015.51671         argmax=1716
[dump]   top0 idx=1716 val=2.61318
[dump]   top1 idx=1313 val=2.46861
[dump]   top2 idx=227 val=2.36832
[dump]   top3 idx=2085 val=2.35001
[dump]   top4 idx=1500 val=2.28602
[dump] L33.att    n=2560    finite=1 absmax=0.13621      mean=-0.0012255   sumsq=1.587118397        argmax=2393
[dump]   top0 idx=2393 val=0.13621
[dump]   top1 idx=192 val=0.10372
[dump]   top2 idx=793 val=0.09386
[dump]   top3 idx=634 val=0.09307
[dump]   top4 idx=1836 val=0.08393
[dump] L33.ffnxn  n=10240   finite=1 absmax=16.373       mean=0.002249     sumsq=22646.1319         argmax=5848
[dump]   top0 idx=5848 val=16.37266
[dump]   top1 idx=6071 val=15.56748
[dump]   top2 idx=7358 val=13.75164
[dump]   top3 idx=6012 val=11.63346
[dump]   top4 idx=6214 val=10.95702
[dump] L33.fmix   n=2560    finite=1 absmax=3.2675       mean=-0.0015998   sumsq=1407.27009         argmax=1512
[dump]   top0 idx=1512 val=2.65049
[dump]   top1 idx=2233 val=2.47310
[dump]   top2 idx=1313 val=2.33622
[dump]   top3 idx=788 val=2.25321
[dump]   top4 idx=1717 val=2.19076
[dump] L33.mid    n=10      finite=1 absmax=0 mean=0 sumsq=0 ids: 136 84 363 345 374 279 362 120 486 419
[dump] L33.moe    n=2560    finite=1 absmax=0.056738     mean=9.2948e-05   sumsq=0.4691576348       argmax=399
[dump]   top0 idx=399 val=0.05674
[dump]   top1 idx=1803 val=0.04697
[dump]   top2 idx=1602 val=0.04544
[dump]   top3 idx=1740 val=0.04316
[dump]   top4 idx=2189 val=0.04157
[dump] L33.res    n=20480   finite=1 absmax=15.837       mean=0.0083482    sumsq=17921.28058        argmax=16088
[dump]   top0 idx=16088 val=15.83719
[dump]   top1 idx=16311 val=12.76309
[dump]   top2 idx=17598 val=10.57466
[dump]   top3 idx=10722 val=10.35921
[dump]   top4 idx=16747 val=9.36941
[dump] L34.hcmix  n=2560    finite=1 absmax=2.6083       mean=0.012229     sumsq=990.8469838        argmax=1716
[dump]   top0 idx=1716 val=2.60828
[dump]   top1 idx=1205 val=2.57956
[dump]   top2 idx=1313 val=2.53664
[dump]   top3 idx=1717 val=2.49951
[dump]   top4 idx=482 val=2.44972
[dump] L34.att    n=2560    finite=1 absmax=0.2006       mean=-0.00067951  sumsq=3.329409568        argmax=482
[dump]   top0 idx=482 val=0.20060
[dump]   top1 idx=689 val=0.14370
[dump]   top2 idx=1882 val=0.14056
[dump]   top3 idx=2307 val=0.13285
[dump]   top4 idx=138 val=0.11817
[dump] L34.ffnxn  n=10240   finite=1 absmax=17.404       mean=0.016404     sumsq=21327.71268        argmax=6071
[dump]   top0 idx=6071 val=17.40423
[dump]   top1 idx=5848 val=14.32465
[dump]   top2 idx=7358 val=12.61372
[dump]   top3 idx=6861 val=11.00817
[dump]   top4 idx=6214 val=10.17790
[dump] L34.fmix   n=2560    finite=1 absmax=2.7822       mean=0.014054     sumsq=1232.891261        argmax=631
[dump]   top0 idx=631 val=2.72048
[dump]   top1 idx=1313 val=2.56642
[dump]   top2 idx=1500 val=2.55819
[dump]   top3 idx=65 val=2.50030
[dump]   top4 idx=1717 val=2.19704
[dump] L34.mid    n=10      finite=1 absmax=0 mean=0 sumsq=0 ids: 131 29 353 101 24 102 460 22 347 275
[dump] L34.moe    n=2560    finite=1 absmax=0.077457     mean=0.00041875   sumsq=0.848067595        argmax=196
[dump]   top0 idx=196 val=0.06385
[dump]   top1 idx=1185 val=0.06220
[dump]   top2 idx=1332 val=0.05842
[dump]   top3 idx=1663 val=0.05634
[dump]   top4 idx=1099 val=0.05549
[dump] L34.res    n=20480   finite=1 absmax=13.286       mean=0.0085474    sumsq=8690.132549        argmax=16088
[dump]   top0 idx=16088 val=13.28649
[dump]   top1 idx=10722 val=10.58257
[dump]   top2 idx=17101 val=10.50309
[dump]   top3 idx=16311 val=9.27063
[dump]   top4 idx=15365 val=8.09695
[dump] L35.hcmix  n=2560    finite=1 absmax=2.4927       mean=0.014074     sumsq=446.0518861        argmax=482
[dump]   top0 idx=482 val=2.49269
[dump]   top1 idx=1741 val=2.10734
[dump]   top2 idx=951 val=1.72226
[dump]   top3 idx=1717 val=1.69093
[dump]   top4 idx=991 val=1.58448
[dump] L35.att    n=2560    finite=1 absmax=0.35311      mean=0.00044069   sumsq=10.52465234        argmax=1882
[dump]   top0 idx=1882 val=0.33801
[dump]   top1 idx=2091 val=0.25041
[dump]   top2 idx=79 val=0.23797
[dump]   top3 idx=1341 val=0.23601
[dump]   top4 idx=446 val=0.21073
[dump] L35.ffnxn  n=10240   finite=1 absmax=19.702       mean=0.015064     sumsq=23293.13303        argmax=6071
[dump]   top0 idx=6071 val=19.70178
[dump]   top1 idx=5848 val=15.95947
[dump]   top2 idx=7358 val=12.09389
[dump]   top3 idx=6876 val=11.14167
[dump]   top4 idx=7553 val=10.53214
[dump] L35.fmix   n=2560    finite=1 absmax=3.1541       mean=0.012224     sumsq=1586.566511        argmax=957
[dump]   top0 idx=957 val=2.51765
[dump]   top1 idx=410 val=2.49126
[dump]   top2 idx=1313 val=2.46839
[dump]   top3 idx=227 val=2.41493
[dump]   top4 idx=2460 val=2.21919
[dump] L35.mid    n=10      finite=1 absmax=0 mean=0 sumsq=0 ids: 472 161 31 291 375 121 315 277 56 30
[dump] L35.moe    n=2560    finite=1 absmax=0.073207     mean=0.00053754   sumsq=1.115204147        argmax=755
[dump]   top0 idx=755 val=0.07321
[dump]   top1 idx=687 val=0.06964
[dump]   top2 idx=1289 val=0.06678
[dump]   top3 idx=1144 val=0.06250
[dump]   top4 idx=525 val=0.06209
[dump] L35.res    n=20480   finite=1 absmax=19.219       mean=0.016865     sumsq=20096.52664        argmax=16311
[dump]   top0 idx=16311 val=19.21937
[dump]   top1 idx=17598 val=18.49661
[dump]   top2 idx=16088 val=11.31689
[dump]   top3 idx=12614 val=8.55361
[dump]   top4 idx=10722 val=7.57305
[dump] L36.hcmix  n=2560    finite=1 absmax=2.9487       mean=0.020098     sumsq=946.9874176        argmax=1716
[dump]   top0 idx=1716 val=2.94875
[dump]   top1 idx=1313 val=2.32910
[dump]   top2 idx=1203 val=2.32720
[dump]   top3 idx=482 val=2.30330
[dump]   top4 idx=723 val=2.16311
[dump] L36.att    n=2560    finite=1 absmax=0.76993      mean=0.0027822    sumsq=37.76139591        argmax=2374
[dump]   top0 idx=2374 val=0.76993
[dump]   top1 idx=1882 val=0.73450
[dump]   top2 idx=1603 val=0.65407
[dump]   top3 idx=1864 val=0.62439
[dump]   top4 idx=687 val=0.59766
[dump] L36.ffnxn  n=10240   finite=1 absmax=20.861       mean=0.042811     sumsq=35763.71433        argmax=6071
[dump]   top0 idx=6071 val=20.86066
[dump]   top1 idx=5848 val=15.66259
[dump]   top2 idx=7358 val=14.93941
[dump]   top3 idx=5187 val=12.68582
[dump]   top4 idx=5167 val=10.81574
[dump] L36.fmix   n=2560    finite=1 absmax=5.0883       mean=0.030797     sumsq=2381.046955        argmax=1905
[dump]   top0 idx=1905 val=2.95491
[dump]   top1 idx=1313 val=2.94927
[dump]   top2 idx=227 val=2.93496
[dump]   top3 idx=651 val=2.82345
[dump]   top4 idx=2095 val=2.79451
[dump] L36.mid    n=10      finite=1 absmax=0 mean=0 sumsq=0 ids: 387 25 169 218 296 210 258 262 179 485
[dump] L36.moe    n=2560    finite=1 absmax=0.16456      mean=0.00025942   sumsq=4.752188841        argmax=178
[dump]   top0 idx=178 val=0.15036
[dump]   top1 idx=1368 val=0.13512
[dump]   top2 idx=1641 val=0.13512
[dump]   top3 idx=2120 val=0.13470
[dump]   top4 idx=1232 val=0.13120
[dump] L36.res    n=20480   finite=1 absmax=13.048       mean=0.020221     sumsq=22266.61617        argmax=16088
[dump]   top0 idx=16088 val=13.04838
[dump]   top1 idx=17671 val=10.63651
[dump]   top2 idx=15755 val=10.63427
[dump]   top3 idx=17598 val=10.17028
[dump]   top4 idx=11301 val=10.13842
[dump] L37.hcmix  n=2560    finite=1 absmax=2.4697       mean=0.027955     sumsq=904.2666598        argmax=1716
[dump]   top0 idx=1716 val=2.46971
[dump]   top1 idx=1313 val=2.32972
[dump]   top2 idx=1500 val=2.12541
[dump]   top3 idx=1132 val=2.11176
[dump]   top4 idx=1387 val=2.07054
[dump] L37.att    n=2560    finite=1 absmax=0.23917      mean=-0.00050229  sumsq=4.774450159        argmax=713
[dump]   top0 idx=713 val=0.23917
[dump]   top1 idx=951 val=0.20200
[dump]   top2 idx=1061 val=0.19692
[dump]   top3 idx=2348 val=0.19561
[dump]   top4 idx=1882 val=0.19374
[dump] L37.ffnxn  n=10240   finite=1 absmax=18.919       mean=0.048805     sumsq=33109.2963         argmax=6071
[dump]   top0 idx=6071 val=18.91866
[dump]   top1 idx=5848 val=17.67464
[dump]   top2 idx=7358 val=14.41393
[dump]   top3 idx=6214 val=10.42093
[dump]   top4 idx=5351 val=10.39193
[dump] L37.fmix   n=2560    finite=1 absmax=4.3912       mean=0.041893     sumsq=2471.318524        argmax=1313
[dump]   top0 idx=1313 val=3.50080
[dump]   top1 idx=2120 val=3.28605
[dump]   top2 idx=227 val=3.23339
[dump]   top3 idx=94 val=3.14282
[dump]   top4 idx=957 val=2.93846
[dump] L37.mid    n=10      finite=1 absmax=0 mean=0 sumsq=0 ids: 306 313 19 57 369 200 255 118 494 346
[dump] L37.moe    n=2560    finite=1 absmax=0.12704      mean=0.00055246   sumsq=2.820535117        argmax=205
[dump]   top0 idx=205 val=0.10876
[dump]   top1 idx=2389 val=0.10282
[dump]   top2 idx=1010 val=0.10150
[dump]   top3 idx=165 val=0.09673
[dump]   top4 idx=1601 val=0.09628
[dump] L37.res    n=20480   finite=1 absmax=17.131       mean=0.021842     sumsq=18704.02744        argmax=15365
[dump]   top0 idx=15365 val=17.13079
[dump]   top1 idx=15991 val=13.02446
[dump]   top2 idx=17279 val=11.82942
[dump]   top3 idx=15948 val=10.41094
[dump]   top4 idx=10927 val=10.05294
[dump] L38.hcmix  n=2560    finite=1 absmax=4.2162       mean=0.029379     sumsq=817.998947         argmax=5
[dump]   top0 idx=5 val=4.21621
[dump]   top1 idx=1919 val=2.86407
[dump]   top2 idx=1500 val=2.47971
[dump]   top3 idx=588 val=2.44551
[dump]   top4 idx=1313 val=2.38359
[dump] L38.att    n=2560    finite=1 absmax=0.44837      mean=-0.00031212  sumsq=8.586217939        argmax=36
[dump]   top0 idx=36 val=0.28193
[dump]   top1 idx=308 val=0.26215
[dump]   top2 idx=913 val=0.25286
[dump]   top3 idx=1959 val=0.24508
[dump]   top4 idx=403 val=0.23419
[dump] L38.ffnxn  n=10240   finite=1 absmax=20.144       mean=0.047993     sumsq=35917.08899        argmax=5751
[dump]   top0 idx=5751 val=13.81560
[dump]   top1 idx=5187 val=12.64517
[dump]   top2 idx=7087 val=12.24879
[dump]   top3 idx=6876 val=11.38281
[dump]   top4 idx=7358 val=10.28909
[dump] L38.fmix   n=2560    finite=1 absmax=4.646        mean=0.038442     sumsq=2373.622742        argmax=582
[dump]   top0 idx=582 val=2.71646
[dump]   top1 idx=125 val=2.70537
[dump]   top2 idx=1967 val=2.70333
[dump]   top3 idx=1602 val=2.68806
[dump]   top4 idx=1694 val=2.68135
[dump] L38.mid    n=10      finite=1 absmax=0 mean=0 sumsq=0 ids: 279 301 504 206 460 50 486 135 7 454
[dump] L38.moe    n=2560    finite=1 absmax=0.10769      mean=-0.00047647  sumsq=2.336187424        argmax=2422
[dump]   top0 idx=2422 val=0.10769
[dump]   top1 idx=1625 val=0.09422
[dump]   top2 idx=199 val=0.08646
[dump]   top3 idx=428 val=0.08632
[dump]   top4 idx=603 val=0.08581
[dump] L38.res    n=20480   finite=1 absmax=13.469       mean=0.013632     sumsq=13256.12974        argmax=15365
[dump]   top0 idx=15365 val=13.46885
[dump]   top1 idx=15427 val=10.68982
[dump]   top2 idx=16860 val=9.70685
[dump]   top3 idx=15991 val=9.53070
[dump]   top4 idx=10722 val=8.72401
[dump] L39.hcmix  n=2560    finite=1 absmax=3.0402       mean=0.00973      sumsq=407.8234284        argmax=5
[dump]   top0 idx=5 val=3.04019
[dump]   top1 idx=1756 val=1.72097
[dump]   top2 idx=1603 val=1.65202
[dump]   top3 idx=65 val=1.57812
[dump]   top4 idx=1967 val=1.49792
[dump] L39.att    n=2560    finite=1 absmax=0.3177       mean=0.00031445   sumsq=10.792285          argmax=2018
[dump]   top0 idx=2018 val=0.31770
[dump]   top1 idx=1882 val=0.31315
[dump]   top2 idx=799 val=0.27933
[dump]   top3 idx=2307 val=0.27481
[dump]   top4 idx=1301 val=0.26005
[dump] L39.ffnxn  n=10240   finite=1 absmax=24.36        mean=0.038451     sumsq=46634.08677        argmax=5187
[dump]   top0 idx=5187 val=24.36003
[dump]   top1 idx=5537 val=16.39124
[dump]   top2 idx=7358 val=15.03205
[dump]   top3 idx=5565 val=14.30841
[dump]   top4 idx=5520 val=14.25278
[dump] L39.fmix   n=2560    finite=1 absmax=5.3113       mean=0.028351     sumsq=2632.823332        argmax=67
[dump]   top0 idx=67 val=5.31130
[dump]   top1 idx=579 val=4.13006
[dump]   top2 idx=308 val=3.37465
[dump]   top3 idx=400 val=3.28242
[dump]   top4 idx=850 val=3.08800
[dump] L39.mid    n=10      finite=1 absmax=0 mean=0 sumsq=0 ids: 356 60 128 77 32 480 177 42 342 127
[dump] L39.moe    n=2560    finite=1 absmax=0.29861      mean=-0.00044308  sumsq=11.23944518        argmax=1368
[dump]   top0 idx=1368 val=0.23586
[dump]   top1 idx=1030 val=0.22180
[dump]   top2 idx=2356 val=0.21768
[dump]   top3 idx=1882 val=0.21716
[dump]   top4 idx=1734 val=0.21447
[dump] L39.res    n=20480   finite=1 absmax=26.912       mean=0.018981     sumsq=31400.66124        argmax=15991
[dump]   top0 idx=15991 val=18.59531
[dump]   top1 idx=15427 val=16.71478
[dump]   top2 idx=17702 val=15.06359
[dump]   top3 idx=15619 val=12.65765
[dump]   top4 idx=16565 val=11.35253
[dump] L40.hcmix  n=2560    finite=1 absmax=3.5531       mean=0.033254     sumsq=1666.422718        argmax=1716
[dump]   top0 idx=1716 val=3.55312
[dump]   top1 idx=1500 val=3.04055
[dump]   top2 idx=1717 val=3.00996
[dump]   top3 idx=2412 val=2.97132
[dump]   top4 idx=1967 val=2.94059
[dump] L40.att    n=2560    finite=1 absmax=0.43317      mean=0.0032034    sumsq=10.68985083        argmax=1061
[dump]   top0 idx=1061 val=0.43317
[dump]   top1 idx=882 val=0.25743
[dump]   top2 idx=1116 val=0.25695
[dump]   top3 idx=482 val=0.25249
[dump]   top4 idx=1717 val=0.23418
[dump] L40.ffnxn  n=10240   finite=1 absmax=27.356       mean=0.039985     sumsq=47352.61302        argmax=7358
[dump]   top0 idx=7358 val=27.35649
[dump]   top1 idx=5187 val=25.64855
[dump]   top2 idx=5537 val=15.47878
[dump]   top3 idx=5848 val=13.60984
[dump]   top4 idx=5520 val=12.64655
[dump] L40.fmix   n=2560    finite=1 absmax=6.7525       mean=0.026815     sumsq=3068.998681        argmax=67
[dump]   top0 idx=67 val=6.75250
[dump]   top1 idx=579 val=4.95573
[dump]   top2 idx=2238 val=4.71404
[dump]   top3 idx=1756 val=3.85524
[dump]   top4 idx=1844 val=3.50850
[dump] L40.mid    n=10      finite=1 absmax=0 mean=0 sumsq=0 ids: 232 335 280 172 138 22 398 52 220 66
[dump] L40.moe    n=2560    finite=1 absmax=0.12512      mean=0.00041263   sumsq=2.536093926        argmax=944
[dump]   top0 idx=944 val=0.12512
[dump]   top1 idx=179 val=0.09712
[dump]   top2 idx=2443 val=0.09196
[dump]   top3 idx=974 val=0.08619
[dump]   top4 idx=403 val=0.08567
[dump] L40.res    n=20480   finite=1 absmax=17.017       mean=0.023528     sumsq=24619.84845        argmax=15991
[dump]   top0 idx=15991 val=15.87865
[dump]   top1 idx=12122 val=10.15086
[dump]   top2 idx=14517 val=10.08386
[dump]   top3 idx=17598 val=10.05207
[dump]   top4 idx=17116 val=9.53109
[dump] L41.hcmix  n=2560    finite=1 absmax=3.159        mean=0.034923     sumsq=1213.257653        argmax=1717
[dump]   top0 idx=1717 val=3.15904
[dump]   top1 idx=2078 val=2.96880
[dump]   top2 idx=631 val=2.67594
[dump]   top3 idx=1500 val=2.67580
[dump]   top4 idx=1716 val=2.60750
[dump] L41.att    n=2560    finite=1 absmax=0.52542      mean=0.00023137   sumsq=8.154388652        argmax=1882
[dump]   top0 idx=1882 val=0.52542
[dump]   top1 idx=993 val=0.23565
[dump]   top2 idx=562 val=0.22112
[dump]   top3 idx=1067 val=0.21740
[dump]   top4 idx=1234 val=0.20341
[dump] L41.ffnxn  n=10240   finite=1 absmax=22.964       mean=0.045291     sumsq=47256.61766        argmax=5187
[dump]   top0 idx=5187 val=22.96385
[dump]   top1 idx=5537 val=17.03942
[dump]   top2 idx=5751 val=16.94060
[dump]   top3 idx=7358 val=15.25142
[dump]   top4 idx=6876 val=12.17474
[dump] L41.fmix   n=2560    finite=1 absmax=6.1276       mean=0.03172      sumsq=2955.990047        argmax=67
[dump]   top0 idx=67 val=6.12765
[dump]   top1 idx=2190 val=4.10112
[dump]   top2 idx=579 val=3.89496
[dump]   top3 idx=1756 val=3.89151
[dump]   top4 idx=1693 val=3.82307
[dump] L41.mid    n=10      finite=1 absmax=0 mean=0 sumsq=0 ids: 59 240 205 149 366 132 105 433 118 450
[dump] L41.moe    n=2560    finite=1 absmax=0.096526     mean=-3.6029e-05  sumsq=1.526530029        argmax=1070
[dump]   top0 idx=1070 val=0.07765
[dump]   top1 idx=1992 val=0.07539
[dump]   top2 idx=328 val=0.07489
[dump]   top3 idx=505 val=0.07486
[dump]   top4 idx=1005 val=0.07167
[dump] L41.res    n=20480   finite=1 absmax=13.986       mean=0.023266     sumsq=25106.97722        argmax=15991
[dump]   top0 idx=15991 val=12.20363
[dump]   top1 idx=16860 val=10.16935
[dump]   top2 idx=15212 val=9.57386
[dump]   top3 idx=11608 val=9.16734
[dump]   top4 idx=17598 val=8.68572
[dump] L42.hcmix  n=2560    finite=1 absmax=3.4429       mean=0.030003     sumsq=1304.655327        argmax=2078
[dump]   top0 idx=2078 val=3.05427
[dump]   top1 idx=1882 val=2.82374
[dump]   top2 idx=2412 val=2.80009
[dump]   top3 idx=1717 val=2.57864
[dump]   top4 idx=1716 val=2.53013
[dump] L42.att    n=2560    finite=1 absmax=0.32021      mean=-0.00056103  sumsq=5.578664932        argmax=36
[dump]   top0 idx=36 val=0.23091
[dump]   top1 idx=1039 val=0.23079
[dump]   top2 idx=482 val=0.22916
[dump]   top3 idx=722 val=0.20252
[dump]   top4 idx=517 val=0.19626
[dump] L42.ffnxn  n=10240   finite=1 absmax=18.28        mean=0.045173     sumsq=48180.44715        argmax=5187
[dump]   top0 idx=5187 val=18.27967
[dump]   top1 idx=6071 val=15.45993
[dump]   top2 idx=7358 val=12.95089
[dump]   top3 idx=5848 val=12.22361
[dump]   top4 idx=5537 val=11.15101
[dump] L42.fmix   n=2560    finite=1 absmax=4.7715       mean=0.032896     sumsq=3223.268973        argmax=67
[dump]   top0 idx=67 val=4.46301
[dump]   top1 idx=579 val=4.06523
[dump]   top2 idx=1693 val=4.02413
[dump]   top3 idx=2190 val=3.85280
[dump]   top4 idx=2078 val=3.84384
[dump] L42.mid    n=10      finite=1 absmax=0 mean=0 sumsq=0 ids: 341 3 310 212 151 391 140 509 290 110
[dump] L42.moe    n=2560    finite=1 absmax=0.12743      mean=0.00038693   sumsq=3.075492355        argmax=1502
[dump]   top0 idx=1502 val=0.12743
[dump]   top1 idx=434 val=0.12160
[dump]   top2 idx=1594 val=0.11487
[dump]   top3 idx=1039 val=0.11071
[dump]   top4 idx=1389 val=0.10777
[dump] L42.res    n=20480   finite=1 absmax=11.212       mean=0.012016     sumsq=8040.361497        argmax=15365
[dump]   top0 idx=15365 val=10.03082
[dump]   top1 idx=15427 val=9.47829
[dump]   top2 idx=13682 val=7.97471
[dump]   top3 idx=15991 val=7.82739
[dump]   top4 idx=17279 val=7.59815
[dump] L43.hcmix  n=2560    finite=1 absmax=2.5523       mean=0.0094691    sumsq=149.5820389        argmax=882
[dump]   top0 idx=882 val=2.55233
[dump]   top1 idx=2078 val=2.33616
[dump]   top2 idx=5 val=2.12053
[dump]   top3 idx=36 val=1.53635
[dump]   top4 idx=579 val=1.43008
[dump] L43.att    n=2560    finite=1 absmax=0.54326      mean=0.0020812    sumsq=8.928108439        argmax=417
[dump]   top0 idx=417 val=0.54326
[dump]   top1 idx=67 val=0.50254
[dump]   top2 idx=1959 val=0.36717
[dump]   top3 idx=1391 val=0.33290
[dump]   top4 idx=1844 val=0.30122
[dump] L43.ffnxn  n=10240   finite=1 absmax=23.904       mean=0.042593     sumsq=35095.643          argmax=5187
[dump]   top0 idx=5187 val=23.90417
[dump]   top1 idx=5537 val=18.58163
[dump]   top2 idx=5848 val=11.53562
[dump]   top3 idx=6964 val=11.33224
[dump]   top4 idx=7462 val=11.20408
[dump] L43.fmix   n=2560    finite=1 absmax=6.3083       mean=0.030188     sumsq=2461.488513        argmax=67
[dump]   top0 idx=67 val=6.30830
[dump]   top1 idx=2239 val=3.60271
[dump]   top2 idx=1502 val=3.39530
[dump]   top3 idx=2425 val=3.35669
[dump]   top4 idx=579 val=3.30047
[dump] L43.mid    n=10      finite=1 absmax=0 mean=0 sumsq=0 ids: 300 86 462 483 64 98 324 270 499 18
[dump] L43.moe    n=2560    finite=1 absmax=0.2067       mean=-0.00058071  sumsq=5.221504191        argmax=1882
[dump]   top0 idx=1882 val=0.20670
[dump]   top1 idx=944 val=0.19070
[dump]   top2 idx=1676 val=0.14851
[dump]   top3 idx=582 val=0.13516
[dump]   top4 idx=681 val=0.13174
[dump] L43.res    n=20480   finite=1 absmax=22.014       mean=0.029276     sumsq=35331.52287        argmax=15991
[dump]   top0 idx=15991 val=15.85628
[dump]   top1 idx=17598 val=12.51835
[dump]   top2 idx=15994 val=12.13427
[dump]   top3 idx=17838 val=11.36693
[dump]   top4 idx=12614 val=11.18323
[dump] L44.hcmix  n=2560    finite=1 absmax=4.6013       mean=0.020084     sumsq=799.2002983        argmax=1633
[dump]   top0 idx=1633 val=4.60134
[dump]   top1 idx=482 val=3.74446
[dump]   top2 idx=1717 val=3.18613
[dump]   top3 idx=882 val=3.08085
[dump]   top4 idx=1882 val=2.91049
[dump] L44.att    n=2560    finite=1 absmax=2.1759       mean=-0.00054613  sumsq=66.07263547        argmax=1238
[dump]   top0 idx=1238 val=0.80455
[dump]   top1 idx=634 val=0.72308
[dump]   top2 idx=1882 val=0.56835
[dump]   top3 idx=181 val=0.54249
[dump]   top4 idx=1603 val=0.51269
[dump] L44.ffnxn  n=10240   finite=1 absmax=25.754       mean=0.043534     sumsq=37708.96005        argmax=5187
[dump]   top0 idx=5187 val=25.75421
[dump]   top1 idx=5537 val=22.39091
[dump]   top2 idx=6964 val=14.66797
[dump]   top3 idx=7462 val=14.26847
[dump]   top4 idx=6578 val=13.69349
[dump] L44.fmix   n=2560    finite=1 absmax=6.9757       mean=0.030692     sumsq=2883.732536        argmax=67
[dump]   top0 idx=67 val=6.97569
[dump]   top1 idx=1633 val=5.26813
[dump]   top2 idx=417 val=4.95610
[dump]   top3 idx=1844 val=4.75677
[dump]   top4 idx=944 val=4.42463
[dump] L44.mid    n=10      finite=1 absmax=0 mean=0 sumsq=0 ids: 287 87 61 401 75 192 190 119 172 383
[dump] L44.moe    n=2560    finite=1 absmax=0.10098      mean=0.00046982   sumsq=1.835580225        argmax=728
[dump]   top0 idx=728 val=0.10098
[dump]   top1 idx=1125 val=0.09590
[dump]   top2 idx=206 val=0.08491
[dump]   top3 idx=659 val=0.08465
[dump]   top4 idx=1387 val=0.08226
[dump] L44.res    n=20480   finite=1 absmax=41.337       mean=0.02132      sumsq=27173.01894        argmax=15991
[dump]   top0 idx=15991 val=22.36344
[dump]   top1 idx=16565 val=12.29950
[dump]   top2 idx=17598 val=11.11887
[dump]   top3 idx=17319 val=11.01601
[dump]   top4 idx=15212 val=10.47927
[dump] L45.hcmix  n=2560    finite=1 absmax=8.5942       mean=0.027674     sumsq=1263.723022        argmax=631
[dump]   top0 idx=631 val=4.95128
[dump]   top1 idx=882 val=3.22729
[dump]   top2 idx=944 val=2.85818
[dump]   top3 idx=1633 val=2.79921
[dump]   top4 idx=2412 val=2.68584
[dump] L45.att    n=2560    finite=1 absmax=2.069        mean=0.0060065    sumsq=160.9595663        argmax=631
[dump]   top0 idx=631 val=1.50918
[dump]   top1 idx=1810 val=1.40410
[dump]   top2 idx=1882 val=1.39534
[dump]   top3 idx=1202 val=1.29191
[dump]   top4 idx=634 val=1.05170
[dump] L45.ffnxn  n=10240   finite=1 absmax=30.14        mean=0.04893      sumsq=38839.98727        argmax=5187
[dump]   top0 idx=5187 val=30.14035
[dump]   top1 idx=5537 val=29.45865
[dump]   top2 idx=5754 val=17.13116
[dump]   top3 idx=6578 val=16.46072
[dump]   top4 idx=5751 val=15.86591
[dump] L45.fmix   n=2560    finite=1 absmax=7.1806       mean=0.034337     sumsq=2793.547334        argmax=67
[dump]   top0 idx=67 val=7.18059
[dump]   top1 idx=1633 val=5.58556
[dump]   top2 idx=417 val=5.01139
[dump]   top3 idx=1844 val=4.44380
[dump]   top4 idx=944 val=4.15496
[dump] L45.mid    n=10      finite=1 absmax=0 mean=0 sumsq=0 ids: 237 66 343 85 339 303 280 443 103 471
[dump] L45.moe    n=2560    finite=1 absmax=0.12248      mean=-0.00062085  sumsq=2.323889705        argmax=331
[dump]   top0 idx=331 val=0.11678
[dump]   top1 idx=1410 val=0.10989
[dump]   top2 idx=1153 val=0.09043
[dump]   top3 idx=2089 val=0.08959
[dump]   top4 idx=190 val=0.08602
[dump] L45.res    n=20480   finite=1 absmax=29.087       mean=0.020935     sumsq=29202.90802        argmax=15427
[dump]   top0 idx=15427 val=29.08723
[dump]   top1 idx=14610 val=19.32341
[dump]   top2 idx=15991 val=17.62221
[dump]   top3 idx=17204 val=14.60381
[dump]   top4 idx=15212 val=13.95900
[dump] L46.hcmix  n=2560    finite=1 absmax=5.4288       mean=0.022951     sumsq=1679.498924        argmax=1810
[dump]   top0 idx=1810 val=4.94260
[dump]   top1 idx=1633 val=4.65681
[dump]   top2 idx=1882 val=4.60445
[dump]   top3 idx=634 val=3.75876
[dump]   top4 idx=631 val=3.45908
[dump] L46.att    n=2560    finite=1 absmax=5.6806       mean=0.0016826    sumsq=238.7652795        argmax=181
[dump]   top0 idx=181 val=2.99869
[dump]   top1 idx=951 val=2.29252
[dump]   top2 idx=2502 val=1.63301
[dump]   top3 idx=634 val=1.61979
[dump]   top4 idx=2442 val=1.55582
[dump] L46.ffnxn  n=10240   finite=1 absmax=27.363       mean=0.030797     sumsq=34141.56516        argmax=5537
[dump]   top0 idx=5537 val=27.36296
[dump]   top1 idx=5187 val=25.82197
[dump]   top2 idx=6578 val=18.76885
[dump]   top3 idx=5751 val=16.83730
[dump]   top4 idx=5754 val=14.68903
[dump] L46.fmix   n=2560    finite=1 absmax=6.042        mean=0.022025     sumsq=2626.308627        argmax=67
[dump]   top0 idx=67 val=6.04198
[dump]   top1 idx=634 val=4.33165
[dump]   top2 idx=1633 val=4.32945
[dump]   top3 idx=944 val=4.17584
[dump]   top4 idx=417 val=4.10715
[dump] L46.mid    n=10      finite=1 absmax=0 mean=0 sumsq=0 ids: 25 505 56 60 115 264 123 463 281 258
[dump] L46.moe    n=2560    finite=1 absmax=0.17638      mean=-0.00013273  sumsq=3.440784138        argmax=19
[dump]   top0 idx=19 val=0.13767
[dump]   top1 idx=1872 val=0.13489
[dump]   top2 idx=63 val=0.13148
[dump]   top3 idx=617 val=0.13115
[dump]   top4 idx=2190 val=0.12186
[dump] L46.res    n=20480   finite=1 absmax=15.274       mean=0.012934     sumsq=16197.16867        argmax=15427
[dump]   top0 idx=15427 val=12.03027
[dump]   top1 idx=12122 val=9.39495
[dump]   top2 idx=17702 val=8.47350
[dump]   top3 idx=17204 val=7.94352
[dump]   top4 idx=15991 val=7.88140
[dump] L47.hcmix  n=2560    finite=1 absmax=4.6024       mean=0.0078993    sumsq=700.1459396        argmax=1238
[dump]   top0 idx=1238 val=2.16267
[dump]   top1 idx=482 val=2.15863
[dump]   top2 idx=2183 val=2.14495
[dump]   top3 idx=944 val=2.00907
[dump]   top4 idx=1967 val=1.82959
[dump] L47.att    n=2560    finite=1 absmax=1.2631       mean=-0.0034318   sumsq=45.26665981        argmax=1027
[dump]   top0 idx=1027 val=1.26311
[dump]   top1 idx=722 val=0.73091
[dump]   top2 idx=579 val=0.70954
[dump]   top3 idx=36 val=0.69137
[dump]   top4 idx=1395 val=0.63928
[dump] L47.ffnxn  n=10240   finite=1 absmax=24.195       mean=0.017281     sumsq=25308.89197        argmax=5187
[dump]   top0 idx=5187 val=24.19500
[dump]   top1 idx=5537 val=19.95857
[dump]   top2 idx=6964 val=12.89855
[dump]   top3 idx=1882 val=12.31156
[dump]   top4 idx=7462 val=11.42438
[dump] L47.fmix   n=2560    finite=1 absmax=5.6253       mean=0.011269     sumsq=2512.386954        argmax=67
[dump]   top0 idx=67 val=5.62525
[dump]   top1 idx=417 val=4.39797
[dump]   top2 idx=1882 val=4.32696
[dump]   top3 idx=944 val=3.91206
[dump]   top4 idx=1844 val=3.68690
[dump] L47.mid    n=10      finite=1 absmax=0 mean=0 sumsq=0 ids: 481 186 286 354 352 196 367 316 184 95
[dump] L47.moe    n=2560    finite=1 absmax=1.1099       mean=-0.00061351  sumsq=20.93390551        argmax=181
[dump]   top0 idx=181 val=0.87678
[dump]   top1 idx=634 val=0.41224
[dump]   top2 idx=951 val=0.34489
[dump]   top3 idx=88 val=0.29895
[dump]   top4 idx=1292 val=0.28651
[dump] L47.res    n=20480   finite=1 absmax=110.93       mean=-0.0016228   sumsq=202761.6746        argmax=12981
[dump]   top0 idx=12981 val=66.08995
[dump]   top1 idx=15541 val=51.69355
[dump]   top2 idx=13434 val=48.39316
[dump]   top3 idx=18101 val=48.11929
[dump]   top4 idx=15994 val=40.70277
[dump] L00.hcmix  n=2560    finite=1 absmax=5.4804       mean=0.055681     sumsq=1651.531996        argmax=533
[dump]   top0 idx=533 val=5.48042
[dump]   top1 idx=1424 val=5.03314
[dump]   top2 idx=227 val=4.09944
[dump]   top3 idx=1069 val=3.87601
[dump]   top4 idx=1028 val=3.86890
[dump] L00.att    n=2560    finite=1 absmax=0.7683       mean=-0.00058846  sumsq=25.4313607         argmax=5
[dump]   top0 idx=5 val=0.76830
[dump]   top1 idx=417 val=0.74188
[dump]   top2 idx=67 val=0.67076
[dump]   top3 idx=2342 val=0.53429
[dump]   top4 idx=2325 val=0.38891
[dump] L00.ffnxn  n=10240   finite=1 absmax=11.528       mean=0.034471     sumsq=13704.62527        argmax=5125
[dump]   top0 idx=5125 val=11.52792
[dump]   top1 idx=7462 val=10.21539
[dump]   top2 idx=5187 val=9.45468
[dump]   top3 idx=5185 val=8.98617
[dump]   top4 idx=7594 val=8.82635
[dump] L00.fmix   n=2560    finite=1 absmax=1.9301       mean=0.015139     sumsq=403.7038477        argmax=1682
[dump]   top0 idx=1682 val=1.93007
[dump]   top1 idx=2474 val=1.87568
[dump]   top2 idx=1733 val=1.71622
[dump]   top3 idx=796 val=1.63881
[dump]   top4 idx=707 val=1.60155
[dump] L00.mid    n=10      finite=1 absmax=0 mean=0 sumsq=0 ids: 460 479 15 139 367 339 497 11 340 449
[dump] L00.moe    n=2560    finite=1 absmax=0.25278      mean=0.00049631   sumsq=2.478660716        argmax=1682
[dump]   top0 idx=1682 val=0.25278
[dump]   top1 idx=728 val=0.19798
[dump]   top2 idx=268 val=0.17653
[dump]   top3 idx=579 val=0.16937
[dump]   top4 idx=2238 val=0.16082
[dump] L00.res    n=10240   finite=1 absmax=0.22376      mean=0.00046861   sumsq=2.68966003         argmax=6802
[dump]   top0 idx=6802 val=0.22376
[dump]   top1 idx=5125 val=0.19488
[dump]   top2 idx=5187 val=0.17023
[dump]   top3 idx=5848 val=0.16976
[dump]   top4 idx=6325 val=0.14544
[dump] ple.inp    n=2560    finite=1 absmax=0.025752     mean=0.00016151   sumsq=0.1431828167       argmax=2382
[dump]   top0 idx=2382 val=0.02575
[dump]   top1 idx=437 val=0.02568
[dump]   top2 idx=1438 val=0.02506
[dump]   top3 idx=920 val=0.02291
[dump]   top4 idx=1809 val=0.02171
[dump] ple.key    n=10240   finite=1 absmax=0.56498      mean=-0.0011121   sumsq=2.040633831        argmax=943
[dump]   top0 idx=943 val=0.37836
[dump]   top1 idx=7568 val=0.18994
[dump]   top2 idx=302 val=0.11826
[dump]   top3 idx=8565 val=0.10456
[dump]   top4 idx=1473 val=0.09975
[dump] ple.value  n=2560    finite=1 absmax=0.080191     mean=0.00016897   sumsq=0.09782214501      argmax=268
[dump]   top0 idx=268 val=0.03537
[dump]   top1 idx=728 val=0.02430
[dump]   top2 idx=2242 val=0.02040
[dump]   top3 idx=36 val=0.02023
[dump]   top4 idx=991 val=0.02021
[dump] ple.knorm  n=10240   finite=1 absmax=86.009       mean=-0.060216    sumsq=17807.12046        argmax=7568
[dump]   top0 idx=7568 val=34.48362
[dump]   top1 idx=943 val=19.50196
[dump]   top2 idx=8565 val=13.13403
[dump]   top3 idx=6534 val=10.35929
[dump]   top4 idx=6593 val=7.06886
[dump] ple.qnorm  n=10240   finite=1 absmax=7.3911       mean=0.054235     sumsq=8319.087621        argmax=9362
[dump]   top0 idx=9362 val=7.39105
[dump]   top1 idx=6802 val=7.36589
[dump]   top2 idx=7685 val=6.87208
[dump]   top3 idx=2565 val=6.32442
[dump]   top4 idx=7907 val=6.01920
[dump] ple.gate   n=4       finite=1 absmax=0.13933      mean=0.074726     sumsq=0.02973922102      argmax=1
[dump] ple.gated  n=10240   finite=1 absmax=0.011173     mean=1.2627e-05   sumsq=0.002909154382     argmax=2828
[dump]   top0 idx=2828 val=0.00493
[dump]   top1 idx=3288 val=0.00339
[dump]   top2 idx=4802 val=0.00284
[dump]   top3 idx=2596 val=0.00282
[dump]   top4 idx=3551 val=0.00282
[dump] ple.conv   n=10240   finite=1 absmax=0.25059      mean=0.00023729   sumsq=1.977439427        argmax=3551
[dump]   top0 idx=3551 val=0.15575
[dump]   top1 idx=3978 val=0.14628
[dump]   top2 idx=3490 val=0.12888
[dump]   top3 idx=3208 val=0.10699
[dump]   top4 idx=4327 val=0.10078
[dump] ple.out    n=10240   finite=1 absmax=0.24526      mean=0.00071853   sumsq=4.49644698         argmax=5125
[dump]   top0 idx=5125 val=0.19379
[dump]   top1 idx=5848 val=0.18386
[dump]   top2 idx=5187 val=0.17010
[dump]   top3 idx=3551 val=0.15896
[dump]   top4 idx=3978 val=0.15096
[dump] L01.ple    n=10240   finite=1 absmax=0.24526      mean=0.00071853   sumsq=4.49644698         argmax=5125
[dump]   top0 idx=5125 val=0.19379
[dump]   top1 idx=5848 val=0.18386
[dump]   top2 idx=5187 val=0.17010
[dump]   top3 idx=3551 val=0.15896
[dump]   top4 idx=3978 val=0.15096
[dump] L01.hcmix  n=2560    finite=1 absmax=3.3642       mean=0.011505     sumsq=407.5100358        argmax=5
[dump]   top0 idx=5 val=2.68836
[dump]   top1 idx=1487 val=2.52544
[dump]   top2 idx=588 val=2.29399
[dump]   top3 idx=631 val=2.28029
[dump]   top4 idx=1111 val=2.05290
[dump] L01.att    n=2560    finite=1 absmax=0.88938      mean=-0.0065652   sumsq=46.71693274        argmax=1392
[dump]   top0 idx=1392 val=0.88938
[dump]   top1 idx=1473 val=0.59362
[dump]   top2 idx=736 val=0.57620
[dump]   top3 idx=667 val=0.56382
[dump]   top4 idx=308 val=0.50750
[dump] L01.ffnxn  n=10240   finite=1 absmax=10.889       mean=0.015667     sumsq=13217.4694         argmax=6507
[dump]   top0 idx=6507 val=10.49323
[dump]   top1 idx=7462 val=8.04365
[dump]   top2 idx=5187 val=7.24173
[dump]   top3 idx=4896 val=7.10811
[dump]   top4 idx=5708 val=6.96795
[dump] L01.fmix   n=2560    finite=1 absmax=2.3501       mean=-0.0037233   sumsq=381.282025         argmax=5
[dump]   top0 idx=5 val=2.12597
[dump]   top1 idx=227 val=1.72072
[dump]   top2 idx=588 val=1.52032
[dump]   top3 idx=533 val=1.34660
[dump]   top4 idx=389 val=1.32819
[dump] L01.mid    n=10      finite=1 absmax=0 mean=0 sumsq=0 ids: 500 154 69 86 505 306 19 349 249 158
[dump] L01.moe    n=2560    finite=1 absmax=0.044777     mean=8.1465e-05   sumsq=0.1518029274       argmax=855
[dump]   top0 idx=855 val=0.04478
[dump]   top1 idx=514 val=0.02657
[dump]   top2 idx=2301 val=0.02308
[dump]   top3 idx=1039 val=0.02232
[dump]   top4 idx=548 val=0.02226
[dump] L01.res    n=20480   finite=1 absmax=13.967       mean=0.016371     sumsq=15714.7801         argmax=19312
[dump]   top0 idx=19312 val=13.96723
[dump]   top1 idx=15365 val=12.84789
[dump]   top2 idx=16454 val=12.08785
[dump]   top3 idx=15948 val=10.19404
[dump]   top4 idx=15427 val=8.60391
[dump] L02.hcmix  n=2560    finite=1 absmax=3.4044       mean=0.01243      sumsq=621.437573         argmax=5
[dump]   top0 idx=5 val=3.40443
[dump]   top1 idx=351 val=2.77252
[dump]   top2 idx=631 val=2.56306
[dump]   top3 idx=588 val=2.44262
[dump]   top4 idx=67 val=2.06741
[dump] L02.att    n=2560    finite=1 absmax=0.50771      mean=0.0054236    sumsq=28.96782032        argmax=1474
[dump]   top0 idx=1474 val=0.37688
[dump]   top1 idx=253 val=0.37125
[dump]   top2 idx=524 val=0.36436
[dump]   top3 idx=599 val=0.36202
[dump]   top4 idx=2078 val=0.36029
[dump] L02.ffnxn  n=10240   finite=1 absmax=11.208       mean=0.041738     sumsq=16246.62658        argmax=5187
[dump]   top0 idx=5187 val=8.62615
[dump]   top1 idx=6325 val=8.00529
[dump]   top2 idx=3978 val=7.92432
[dump]   top3 idx=3551 val=7.63170
[dump]   top4 idx=7462 val=7.51333
[dump] L02.fmix   n=2560    finite=1 absmax=2.9341       mean=0.0089258    sumsq=393.6625566        argmax=631
[dump]   top0 idx=631 val=1.40425
[dump]   top1 idx=1881 val=1.36363
[dump]   top2 idx=227 val=1.30676
[dump]   top3 idx=2342 val=1.27007
[dump]   top4 idx=2272 val=1.23494
[dump] L02.mid    n=10      finite=1 absmax=0 mean=0 sumsq=0 ids: 75 247 492 54 480 12 13 61 181 32
[dump] L02.moe    n=2560    finite=1 absmax=0.058327     mean=0.00046051   sumsq=0.2301718322       argmax=728
[dump]   top0 idx=728 val=0.05833
[dump]   top1 idx=65 val=0.05804
[dump]   top2 idx=588 val=0.05714
[dump]   top3 idx=951 val=0.05398
[dump]   top4 idx=1205 val=0.03786
[dump] L02.res    n=20480   finite=1 absmax=14.743       mean=0.01856      sumsq=7789.007719        argmax=15365
[dump]   top0 idx=15365 val=14.74276
[dump]   top1 idx=16088 val=13.47302
[dump]   top2 idx=19312 val=8.25881
[dump]   top3 idx=15948 val=7.23627
[dump]   top4 idx=15427 val=6.57861
[dump] L03.hcmix  n=2560    finite=1 absmax=3.628        mean=0.015606     sumsq=273.1165039        argmax=5
[dump]   top0 idx=5 val=3.62801
[dump]   top1 idx=631 val=2.16054
[dump]   top2 idx=788 val=2.13710
[dump]   top3 idx=588 val=1.74653
[dump]   top4 idx=65 val=1.53982
[dump] L03.att    n=2560    finite=1 absmax=0.44779      mean=-0.0031493   sumsq=17.21416064        argmax=2442
[dump]   top0 idx=2442 val=0.44779
[dump]   top1 idx=551 val=0.31047
[dump]   top2 idx=1890 val=0.26977
[dump]   top3 idx=1395 val=0.25581
[dump]   top4 idx=1453 val=0.24981
[dump] L03.ffnxn  n=10240   finite=1 absmax=20.195       mean=0.036157     sumsq=18647.44828        argmax=5848
[dump]   top0 idx=5848 val=20.19525
[dump]   top1 idx=5187 val=9.77387
[dump]   top2 idx=7462 val=9.03209
[dump]   top3 idx=5537 val=8.57384
[dump]   top4 idx=5538 val=8.37612
[dump] L03.fmix   n=2560    finite=1 absmax=4.5453       mean=0.0076489    sumsq=708.4416013        argmax=67
[dump]   top0 idx=67 val=2.30980
[dump]   top1 idx=631 val=1.98864
[dump]   top2 idx=728 val=1.89789
[dump]   top3 idx=1930 val=1.76372
[dump]   top4 idx=65 val=1.69747
[dump] L03.mid    n=10      finite=1 absmax=0 mean=0 sumsq=0 ids: 504 101 365 190 143 318 441 231 71 8
[dump] L03.moe    n=2560    finite=1 absmax=0.050245     mean=7.2064e-05   sumsq=0.3075662511       argmax=949
[dump]   top0 idx=949 val=0.05025
[dump]   top1 idx=1096 val=0.04176
[dump]   top2 idx=2140 val=0.03864
[dump]   top3 idx=1588 val=0.03138
[dump]   top4 idx=544 val=0.03111
[dump] L03.res    n=20480   finite=1 absmax=16.056       mean=0.020843     sumsq=16453.32042        argmax=15365
[dump]   top0 idx=15365 val=16.05649
[dump]   top1 idx=15948 val=13.32684
[dump]   top2 idx=16088 val=10.52763
[dump]   top3 idx=16565 val=9.74683
[dump]   top4 idx=18012 val=9.63477
[dump] L04.hcmix  n=2560    finite=1 absmax=4.1674       mean=0.023014     sumsq=743.5573027        argmax=5
[dump]   top0 idx=5 val=4.16737
[dump]   top1 idx=631 val=2.63094
[dump]   top2 idx=92 val=2.40720
[dump]   top3 idx=588 val=2.39424
[dump]   top4 idx=667 val=2.02824
[dump] L04.att    n=2560    finite=1 absmax=0.39778      mean=0.00018361   sumsq=16.21120599        argmax=1653
[dump]   top0 idx=1653 val=0.39778
[dump]   top1 idx=631 val=0.29416
[dump]   top2 idx=2433 val=0.28081
[dump]   top3 idx=1634 val=0.24946
[dump]   top4 idx=406 val=0.24596
[dump] L04.ffnxn  n=10240   finite=1 absmax=17.008       mean=0.038196     sumsq=20337.69117        argmax=5848
[dump]   top0 idx=5848 val=17.00816
[dump]   top1 idx=5537 val=9.85506
[dump]   top2 idx=5187 val=9.83064
[dump]   top3 idx=7462 val=9.60020
[dump]   top4 idx=6861 val=9.22243
[dump] L04.fmix   n=2560    finite=1 absmax=3.7485       mean=0.011392     sumsq=804.15991          argmax=1521
[dump]   top0 idx=1521 val=1.87398
[dump]   top1 idx=1205 val=1.85725
[dump]   top2 idx=67 val=1.81992
[dump]   top3 idx=765 val=1.74809
[dump]   top4 idx=753 val=1.72832
[dump] L04.mid    n=10      finite=1 absmax=0 mean=0 sumsq=0 ids: 106 41 320 209 410 500 252 496 274 68
[dump] L04.moe    n=2560    finite=1 absmax=0.068569     mean=5.3057e-05   sumsq=0.3230885164       argmax=1653
[dump]   top0 idx=1653 val=0.06857
[dump]   top1 idx=579 val=0.04072
[dump]   top2 idx=1185 val=0.03970
[dump]   top3 idx=1199 val=0.03745
[dump]   top4 idx=2083 val=0.03636
[dump] L04.res    n=20480   finite=1 absmax=21.316       mean=0.017984     sumsq=15697.45831        argmax=19573
[dump]   top0 idx=19573 val=21.31628
[dump]   top1 idx=15948 val=13.14687
[dump]   top2 idx=15365 val=13.09698
[dump]   top3 idx=16088 val=12.17245
[dump]   top4 idx=16311 val=9.62968
[dump] L05.hcmix  n=2560    finite=1 absmax=3.4985       mean=0.018225     sumsq=684.6796311        argmax=5
[dump]   top0 idx=5 val=3.49851
[dump]   top1 idx=1653 val=3.38540
[dump]   top2 idx=588 val=3.26086
[dump]   top3 idx=92 val=2.60401
[dump]   top4 idx=631 val=2.20688
[dump] L05.att    n=2560    finite=1 absmax=0.3411       mean=0.00012148   sumsq=15.83012422        argmax=1134
[dump]   top0 idx=1134 val=0.34095
[dump]   top1 idx=200 val=0.29730
[dump]   top2 idx=1716 val=0.29345
[dump]   top3 idx=1205 val=0.28894
[dump]   top4 idx=1770 val=0.28868
[dump] L05.ffnxn  n=10240   finite=1 absmax=9.7514       mean=0.045382     sumsq=19901.48338        argmax=5537
[dump]   top0 idx=5537 val=9.75136
[dump]   top1 idx=3551 val=9.72332
[dump]   top2 idx=5187 val=9.49556
[dump]   top3 idx=3978 val=9.21311
[dump]   top4 idx=5848 val=9.16142
[dump] L05.fmix   n=2560    finite=1 absmax=2.2409       mean=0.01311      sumsq=589.3967799        argmax=631
[dump]   top0 idx=631 val=2.24087
[dump]   top1 idx=1205 val=2.03471
[dump]   top2 idx=753 val=1.75367
[dump]   top3 idx=1512 val=1.58482
[dump]   top4 idx=728 val=1.44547
[dump] L05.mid    n=10      finite=1 absmax=0 mean=0 sumsq=0 ids: 446 344 236 471 314 468 169 291 140 49
[dump] L05.moe    n=2560    finite=1 absmax=0.03688      mean=0.00025292   sumsq=0.2246101535       argmax=2533
[dump]   top0 idx=2533 val=0.03687
[dump]   top1 idx=885 val=0.03687
[dump]   top2 idx=524 val=0.03476
[dump]   top3 idx=2505 val=0.03230
[dump]   top4 idx=2314 val=0.03157
[dump] L05.res    n=20480   finite=1 absmax=15.358       mean=0.021132     sumsq=13271.77029        argmax=15365
[dump]   top0 idx=15365 val=15.35806
[dump]   top1 idx=16088 val=14.02644
[dump]   top2 idx=15948 val=10.82290
[dump]   top3 idx=18012 val=9.93601
[dump]   top4 idx=17702 val=9.06644
[dump] L06.hcmix  n=2560    finite=1 absmax=4.2714       mean=0.020089     sumsq=670.2470308        argmax=5
[dump]   top0 idx=5 val=4.27144
[dump]   top1 idx=92 val=2.91834
[dump]   top2 idx=588 val=2.64686
[dump]   top3 idx=2342 val=2.12515
[dump]   top4 idx=1512 val=1.93725
[dump] L06.att    n=2560    finite=1 absmax=1.1536       mean=-0.0013275   sumsq=57.93191789        argmax=482
[dump]   top0 idx=482 val=1.15364
[dump]   top1 idx=951 val=1.11089
[dump]   top2 idx=728 val=0.75186
[dump]   top3 idx=993 val=0.62373
[dump]   top4 idx=1682 val=0.61625
[dump] L06.ffnxn  n=10240   finite=1 absmax=10.996       mean=0.039091     sumsq=18656.29452        argmax=7462
[dump]   top0 idx=7462 val=9.70125
[dump]   top1 idx=5848 val=9.44714
[dump]   top2 idx=6507 val=8.76608
[dump]   top3 idx=6071 val=8.60953
[dump]   top4 idx=5187 val=8.18916
[dump] L06.fmix   n=2560    finite=1 absmax=2.8203       mean=0.018206     sumsq=871.2091285        argmax=631
[dump]   top0 idx=631 val=2.46356
[dump]   top1 idx=67 val=1.91844
[dump]   top2 idx=1512 val=1.90051
[dump]   top3 idx=1523 val=1.86902
[dump]   top4 idx=445 val=1.79057
[dump] L06.mid    n=10      finite=1 absmax=0 mean=0 sumsq=0 ids: 51 152 159 165 91 375 432 109 123 364
[dump] L06.moe    n=2560    finite=1 absmax=0.065425     mean=0.00053761   sumsq=0.3183692656       argmax=2453
[dump]   top0 idx=2453 val=0.06542
[dump]   top1 idx=1102 val=0.04593
[dump]   top2 idx=513 val=0.04361
[dump]   top3 idx=528 val=0.04299
[dump]   top4 idx=1716 val=0.04125
[dump] L06.res    n=20480   finite=1 absmax=13.779       mean=0.016923     sumsq=7702.65629         argmax=15365
[dump]   top0 idx=15365 val=13.77899
[dump]   top1 idx=16088 val=8.56144
[dump]   top2 idx=15948 val=7.09555
[dump]   top3 idx=17702 val=6.67521
[dump]   top4 idx=10722 val=6.61314
[dump] L07.hcmix  n=2560    finite=1 absmax=3.5305       mean=0.020884     sumsq=343.7483711        argmax=5
[dump]   top0 idx=5 val=3.53049
[dump]   top1 idx=588 val=1.61236
[dump]   top2 idx=2342 val=1.42577
[dump]   top3 idx=631 val=1.39200
[dump]   top4 idx=482 val=1.37154
[dump] L07.att    n=2560    finite=1 absmax=0.6789       mean=0.0013787    sumsq=31.1249487         argmax=2180
[dump]   top0 idx=2180 val=0.49400
[dump]   top1 idx=2293 val=0.49394
[dump]   top2 idx=1795 val=0.42773
[dump]   top3 idx=1076 val=0.41686
[dump]   top4 idx=1345 val=0.39743
[dump] L07.ffnxn  n=10240   finite=1 absmax=10.054       mean=0.04493      sumsq=13405.26577        argmax=5538
[dump]   top0 idx=5538 val=10.05363
[dump]   top1 idx=5848 val=8.84492
[dump]   top2 idx=6071 val=8.27257
[dump]   top3 idx=6507 val=7.40982
[dump]   top4 idx=5265 val=7.25896
[dump] L07.fmix   n=2560    finite=1 absmax=2.0655       mean=0.022139     sumsq=659.308259         argmax=2433
[dump]   top0 idx=2433 val=1.70192
[dump]   top1 idx=631 val=1.58591
[dump]   top2 idx=205 val=1.58313
[dump]   top3 idx=1066 val=1.48915
[dump]   top4 idx=1521 val=1.47718
[dump] L07.mid    n=10      finite=1 absmax=0 mean=0 sumsq=0 ids: 87 445 358 242 191 252 163 193 294 194
[dump] L07.moe    n=2560    finite=1 absmax=0.049417     mean=0.00019078   sumsq=0.2798438097       argmax=2453
[dump]   top0 idx=2453 val=0.03583
[dump]   top1 idx=2258 val=0.03518
[dump]   top2 idx=2102 val=0.03386
[dump]   top3 idx=1712 val=0.03338
[dump]   top4 idx=757 val=0.03336
[dump] L07.res    n=20480   finite=1 absmax=13.052       mean=0.029605     sumsq=16650.7964         argmax=13791
[dump]   top0 idx=13791 val=9.59908
[dump]   top1 idx=18551 val=8.41502
[dump]   top2 idx=16088 val=8.38155
[dump]   top3 idx=15948 val=8.25325
[dump]   top4 idx=15427 val=8.12999
[dump] L08.hcmix  n=2560    finite=1 absmax=3.4032       mean=0.029036     sumsq=626.8150288        argmax=631
[dump]   top0 idx=631 val=3.40324
[dump]   top1 idx=588 val=2.73527
[dump]   top2 idx=2477 val=2.31318
[dump]   top3 idx=92 val=2.20607
[dump]   top4 idx=2097 val=1.80599
[dump] L08.att    n=2560    finite=1 absmax=0.10347      mean=0.00026056   sumsq=1.587190664        argmax=799
[dump]   top0 idx=799 val=0.10347
[dump]   top1 idx=582 val=0.09212
[dump]   top2 idx=1499 val=0.09021
[dump]   top3 idx=1043 val=0.08383
[dump]   top4 idx=770 val=0.07971
[dump] L08.ffnxn  n=10240   finite=1 absmax=11.751       mean=0.047174     sumsq=11636.70833        argmax=5848
[dump]   top0 idx=5848 val=11.75137
[dump]   top1 idx=6071 val=9.83495
[dump]   top2 idx=6214 val=7.20955
[dump]   top3 idx=6507 val=6.55400
[dump]   top4 idx=7358 val=6.53313
[dump] L08.fmix   n=2560    finite=1 absmax=2.5714       mean=0.030427     sumsq=682.6138056        argmax=631
[dump]   top0 idx=631 val=2.57144
[dump]   top1 idx=2433 val=1.68979
[dump]   top2 idx=1899 val=1.66075
[dump]   top3 idx=744 val=1.52898
[dump]   top4 idx=1930 val=1.51136
[dump] L08.mid    n=10      finite=1 absmax=0 mean=0 sumsq=0 ids: 263 181 134 360 462 175 183 219 46 387
[dump] L08.moe    n=2560    finite=1 absmax=0.049492     mean=-0.00050675  sumsq=0.55155422         argmax=1325
[dump]   top0 idx=1325 val=0.04613
[dump]   top1 idx=3 val=0.04599
[dump]   top2 idx=1455 val=0.04586
[dump]   top3 idx=1796 val=0.04453
[dump]   top4 idx=1174 val=0.04448
[dump] L08.res    n=20480   finite=1 absmax=11.193       mean=0.016138     sumsq=11725.49447        argmax=16088
[dump]   top0 idx=16088 val=11.19299
[dump]   top1 idx=15365 val=8.16811
[dump]   top2 idx=18012 val=7.15214
[dump]   top3 idx=16747 val=6.50522
[dump]   top4 idx=16565 val=6.37267
[dump] L09.hcmix  n=2560    finite=1 absmax=3.017        mean=0.021997     sumsq=787.6964187        argmax=92
[dump]   top0 idx=92 val=3.01700
[dump]   top1 idx=1205 val=2.86426
[dump]   top2 idx=2477 val=2.12509
[dump]   top3 idx=1353 val=2.00987
[dump]   top4 idx=1020 val=1.99189
[dump] L09.att    n=2560    finite=1 absmax=0.33942      mean=0.0025924    sumsq=16.78100898        argmax=2393
[dump]   top0 idx=2393 val=0.33942
[dump]   top1 idx=1332 val=0.30446
[dump]   top2 idx=1413 val=0.28973
[dump]   top3 idx=1378 val=0.28448
[dump]   top4 idx=149 val=0.24924
[dump] L09.ffnxn  n=10240   finite=1 absmax=13.603       mean=0.046508     sumsq=14353.51753        argmax=5848
[dump]   top0 idx=5848 val=13.60252
[dump]   top1 idx=6071 val=11.95406
[dump]   top2 idx=7358 val=7.39869
[dump]   top3 idx=6325 val=6.89573
[dump]   top4 idx=7772 val=6.59844
[dump] L09.fmix   n=2560    finite=1 absmax=2.4535       mean=0.028939     sumsq=722.6934284        argmax=92
[dump]   top0 idx=92 val=2.45350
[dump]   top1 idx=1205 val=2.12429
[dump]   top2 idx=2433 val=1.91524
[dump]   top3 idx=631 val=1.83123
[dump]   top4 idx=2085 val=1.58462
[dump] L09.mid    n=10      finite=1 absmax=0 mean=0 sumsq=0 ids: 264 430 376 478 142 68 153 218 370 488
[dump] L09.moe    n=2560    finite=1 absmax=0.044338     mean=-2.5382e-05  sumsq=0.2985689493       argmax=362
[dump]   top0 idx=362 val=0.03432
[dump]   top1 idx=1652 val=0.03376
[dump]   top2 idx=559 val=0.03359
[dump]   top3 idx=1395 val=0.03338
[dump]   top4 idx=705 val=0.03207
[dump] L09.res    n=20480   finite=1 absmax=14.753       mean=0.019759     sumsq=13359.91247        argmax=16088
[dump]   top0 idx=16088 val=13.65315
[dump]   top1 idx=15948 val=9.88388
[dump]   top2 idx=15778 val=7.53969
[dump]   top3 idx=18551 val=7.41046
[dump]   top4 idx=19715 val=7.31796
[dump] L10.hcmix  n=2560    finite=1 absmax=3.0842       mean=0.029927     sumsq=892.8950557        argmax=92
[dump]   top0 idx=92 val=3.08420
[dump]   top1 idx=631 val=2.88976
[dump]   top2 idx=1205 val=2.84820
[dump]   top3 idx=588 val=2.62055
[dump]   top4 idx=5 val=2.29075
[dump] L10.att    n=2560    finite=1 absmax=0.38292      mean=-0.00026753  sumsq=17.8230891         argmax=728
[dump]   top0 idx=728 val=0.38292
[dump]   top1 idx=1912 val=0.34191
[dump]   top2 idx=508 val=0.32203
[dump]   top3 idx=816 val=0.31933
[dump]   top4 idx=482 val=0.29355
[dump] L10.ffnxn  n=10240   finite=1 absmax=10.577       mean=0.031533     sumsq=11226.3579         argmax=5848
[dump]   top0 idx=5848 val=10.57726
[dump]   top1 idx=6071 val=10.28110
[dump]   top2 idx=6214 val=8.51119
[dump]   top3 idx=7358 val=7.60981
[dump]   top4 idx=7431 val=7.03622
[dump] L10.fmix   n=2560    finite=1 absmax=1.8809       mean=0.020553     sumsq=630.2710457        argmax=631
[dump]   top0 idx=631 val=1.88091
[dump]   top1 idx=92 val=1.79498
[dump]   top2 idx=1512 val=1.65976
[dump]   top3 idx=2433 val=1.54726
[dump]   top4 idx=2358 val=1.54013
[dump] L10.mid    n=10      finite=1 absmax=0 mean=0 sumsq=0 ids: 355 461 97 495 417 387 203 404 18 224
[dump] L10.moe    n=2560    finite=1 absmax=0.041349     mean=-0.00017905  sumsq=0.2899878094       argmax=2097
[dump]   top0 idx=2097 val=0.03660
[dump]   top1 idx=2105 val=0.03349
[dump]   top2 idx=2160 val=0.03327
[dump]   top3 idx=1564 val=0.03304
[dump]   top4 idx=86 val=0.03210
[dump] L10.res    n=20480   finite=1 absmax=9.6331       mean=0.01248      sumsq=7069.102617        argmax=15365
[dump]   top0 idx=15365 val=9.63307
[dump]   top1 idx=16088 val=9.47121
[dump]   top2 idx=16311 val=9.10386
[dump]   top3 idx=17598 val=7.31139
[dump]   top4 idx=17793 val=5.98308
[dump] L11.hcmix  n=2560    finite=1 absmax=2.8414       mean=0.014653     sumsq=340.3697214        argmax=5
[dump]   top0 idx=5 val=2.84143
[dump]   top1 idx=728 val=1.55685
[dump]   top2 idx=951 val=1.37947
[dump]   top3 idx=631 val=1.34472
[dump]   top4 idx=2238 val=1.27206
[dump] L11.att    n=2560    finite=1 absmax=0.38847      mean=0.0013132    sumsq=21.03667021        argmax=892
[dump]   top0 idx=892 val=0.32807
[dump]   top1 idx=480 val=0.28410
[dump]   top2 idx=1536 val=0.27684
[dump]   top3 idx=2448 val=0.26952
[dump]   top4 idx=829 val=0.26772
[dump] L11.ffnxn  n=10240   finite=1 absmax=10.968       mean=0.029334     sumsq=11187.95568        argmax=5848
[dump]   top0 idx=5848 val=10.96823
[dump]   top1 idx=6071 val=10.07675
[dump]   top2 idx=6214 val=9.32909
[dump]   top3 idx=7358 val=8.47313
[dump]   top4 idx=6507 val=8.23629
[dump] L11.fmix   n=2560    finite=1 absmax=2.8533       mean=0.01733      sumsq=632.9165754        argmax=631
[dump]   top0 idx=631 val=2.85330
[dump]   top1 idx=2433 val=1.85524
[dump]   top2 idx=1512 val=1.56465
[dump]   top3 idx=92 val=1.49688
[dump]   top4 idx=410 val=1.47366
[dump] L11.mid    n=10      finite=1 absmax=0 mean=0 sumsq=0 ids: 323 418 166 508 261 273 430 48 120 108
[dump] L11.moe    n=2560    finite=1 absmax=0.042305     mean=-0.0002301   sumsq=0.3737835479       argmax=1957
[dump]   top0 idx=1957 val=0.03645
[dump]   top1 idx=1642 val=0.03634
[dump]   top2 idx=1572 val=0.03424
[dump]   top3 idx=2360 val=0.03128
[dump]   top4 idx=1406 val=0.03113
[dump] L11.res    n=20480   finite=1 absmax=13.761       mean=0.014157     sumsq=13579.68697        argmax=16088
[dump]   top0 idx=16088 val=13.76101
[dump]   top1 idx=15365 val=8.04250
[dump]   top2 idx=16311 val=7.47907
[dump]   top3 idx=15778 val=7.15986
[dump]   top4 idx=17598 val=6.38390
[dump] L12.hcmix  n=2560    finite=1 absmax=3.3811       mean=0.016042     sumsq=890.4993708        argmax=5
[dump]   top0 idx=5 val=2.59916
[dump]   top1 idx=1205 val=2.37746
[dump]   top2 idx=1795 val=2.29600
[dump]   top3 idx=92 val=2.07480
[dump]   top4 idx=1391 val=1.85885
[dump] L12.att    n=2560    finite=1 absmax=0.42058      mean=-0.0014766   sumsq=17.3023173         argmax=728
[dump]   top0 idx=728 val=0.29334
[dump]   top1 idx=1432 val=0.28886
[dump]   top2 idx=729 val=0.26920
[dump]   top3 idx=1741 val=0.25704
[dump]   top4 idx=793 val=0.25680
[dump] L12.ffnxn  n=10240   finite=1 absmax=10.24        mean=0.022301     sumsq=13027.30406        argmax=5848
[dump]   top0 idx=5848 val=10.23960
[dump]   top1 idx=6071 val=9.02058
[dump]   top2 idx=6507 val=7.96318
[dump]   top3 idx=7358 val=7.52550
[dump]   top4 idx=6325 val=7.31229
[dump] L12.fmix   n=2560    finite=1 absmax=2.4334       mean=0.014872     sumsq=667.3376711        argmax=631
[dump]   top0 idx=631 val=2.43345
[dump]   top1 idx=65 val=1.92621
[dump]   top2 idx=2433 val=1.88690
[dump]   top3 idx=1205 val=1.82646
[dump]   top4 idx=1512 val=1.73889
[dump] L12.mid    n=10      finite=1 absmax=0 mean=0 sumsq=0 ids: 421 433 0 63 277 283 390 52 37 389
[dump] L12.moe    n=2560    finite=1 absmax=0.047968     mean=-0.0001769   sumsq=0.2503547056       argmax=667
[dump]   top0 idx=667 val=0.04386
[dump]   top1 idx=915 val=0.03344
[dump]   top2 idx=770 val=0.03308
[dump]   top3 idx=235 val=0.03173
[dump]   top4 idx=2324 val=0.02907
[dump] L12.res    n=20480   finite=1 absmax=10.976       mean=0.0095482    sumsq=13625.83898        argmax=16088
[dump]   top0 idx=16088 val=10.97640
[dump]   top1 idx=17671 val=8.07073
[dump]   top2 idx=18587 val=7.29694
[dump]   top3 idx=16565 val=7.21039
[dump]   top4 idx=16747 val=7.14891
[dump] L13.hcmix  n=2560    finite=1 absmax=2.8428       mean=0.0098153    sumsq=1028.382379        argmax=1205
[dump]   top0 idx=1205 val=2.44041
[dump]   top1 idx=1406 val=2.06490
[dump]   top2 idx=1512 val=1.99208
[dump]   top3 idx=2121 val=1.96316
[dump]   top4 idx=1054 val=1.92246
[dump] L13.att    n=2560    finite=1 absmax=0.22804      mean=4.8731e-05   sumsq=6.205446865        argmax=951
[dump]   top0 idx=951 val=0.22804
[dump]   top1 idx=728 val=0.22594
[dump]   top2 idx=2445 val=0.18166
[dump]   top3 idx=1795 val=0.17891
[dump]   top4 idx=944 val=0.17799
[dump] L13.ffnxn  n=10240   finite=1 absmax=11.798       mean=0.012245     sumsq=11888.50247        argmax=5848
[dump]   top0 idx=5848 val=11.79763
[dump]   top1 idx=6071 val=10.66855
[dump]   top2 idx=6507 val=10.10596
[dump]   top3 idx=7358 val=9.16183
[dump]   top4 idx=7431 val=8.57920
[dump] L13.fmix   n=2560    finite=1 absmax=2.0102       mean=0.0020358    sumsq=637.8088476        argmax=728
[dump]   top0 idx=728 val=2.01019
[dump]   top1 idx=951 val=1.97744
[dump]   top2 idx=1301 val=1.80629
[dump]   top3 idx=2453 val=1.72020
[dump]   top4 idx=631 val=1.52699
[dump] L13.mid    n=10      finite=1 absmax=0 mean=0 sumsq=0 ids: 259 387 265 97 273 91 468 357 93 296
[dump] L13.moe    n=2560    finite=1 absmax=0.072947     mean=4.4808e-05   sumsq=1.046492292        argmax=2480
[dump]   top0 idx=2480 val=0.06972
[dump]   top1 idx=2525 val=0.06520
[dump]   top2 idx=362 val=0.06418
[dump]   top3 idx=2401 val=0.06281
[dump]   top4 idx=1977 val=0.06186
[dump] L13.res    n=20480   finite=1 absmax=12.834       mean=0.011521     sumsq=15059.6807         argmax=16311
[dump]   top0 idx=16311 val=12.83375
[dump]   top1 idx=16088 val=11.51735
[dump]   top2 idx=16747 val=7.93807
[dump]   top3 idx=17671 val=7.26273
[dump]   top4 idx=15778 val=7.19238
[dump] L14.hcmix  n=2560    finite=1 absmax=2.5512       mean=0.013748     sumsq=902.1195722        argmax=728
[dump]   top0 idx=728 val=2.55120
[dump]   top1 idx=1795 val=2.46523
[dump]   top2 idx=983 val=2.23117
[dump]   top3 idx=2121 val=1.90280
[dump]   top4 idx=1616 val=1.88803
[dump] L14.att    n=2560    finite=1 absmax=0.43882      mean=0.00090172   sumsq=18.71888446        argmax=482
[dump]   top0 idx=482 val=0.43882
[dump]   top1 idx=2433 val=0.42194
[dump]   top2 idx=689 val=0.40915
[dump]   top3 idx=360 val=0.37921
[dump]   top4 idx=2215 val=0.36983
[dump] L14.ffnxn  n=10240   finite=1 absmax=13.345       mean=0.020931     sumsq=17019.9738         argmax=5848
[dump]   top0 idx=5848 val=13.34529
[dump]   top1 idx=6071 val=8.99553
[dump]   top2 idx=6214 val=7.97049
[dump]   top3 idx=7431 val=7.79666
[dump]   top4 idx=6293 val=7.63050
[dump] L14.fmix   n=2560    finite=1 absmax=2.3824       mean=0.010115     sumsq=721.3051888        argmax=631
[dump]   top0 idx=631 val=2.38241
[dump]   top1 idx=728 val=2.04868
[dump]   top2 idx=1512 val=1.89530
[dump]   top3 idx=660 val=1.75635
[dump]   top4 idx=1616 val=1.65423
[dump] L14.mid    n=10      finite=1 absmax=0 mean=0 sumsq=0 ids: 398 335 473 506 212 138 312 151 402 409
[dump] L14.moe    n=2560    finite=1 absmax=0.032473     mean=-0.00029115  sumsq=0.1364170514       argmax=1827
[dump]   top0 idx=1827 val=0.03247
[dump]   top1 idx=875 val=0.02656
[dump]   top2 idx=1603 val=0.02510
[dump]   top3 idx=1039 val=0.02447
[dump]   top4 idx=2204 val=0.02301
[dump] L14.res    n=20480   finite=1 absmax=10.695       mean=0.0078571    sumsq=7189.756942        argmax=16088
[dump]   top0 idx=16088 val=10.69481
[dump]   top1 idx=15365 val=8.09806
[dump]   top2 idx=16311 val=5.28566
[dump]   top3 idx=16747 val=5.15733
[dump]   top4 idx=17598 val=4.96854
[dump] L15.hcmix  n=2560    finite=1 absmax=1.4267       mean=0.0043477    sumsq=231.3302075        argmax=667
[dump]   top0 idx=667 val=1.42674
[dump]   top1 idx=2121 val=1.16016
[dump]   top2 idx=793 val=1.13718
[dump]   top3 idx=2433 val=1.09564
[dump]   top4 idx=728 val=1.08004
[dump] L15.att    n=2560    finite=1 absmax=0.35224      mean=-0.0029032   sumsq=14.62154691        argmax=1359
[dump]   top0 idx=1359 val=0.34994
[dump]   top1 idx=1879 val=0.31186
[dump]   top2 idx=808 val=0.30184
[dump]   top3 idx=1227 val=0.26273
[dump]   top4 idx=1716 val=0.25569
[dump] L15.ffnxn  n=10240   finite=1 absmax=36.982       mean=0.011107     sumsq=29376.89251        argmax=5848
[dump]   top0 idx=5848 val=36.98242
[dump]   top1 idx=5187 val=20.26241
[dump]   top2 idx=6071 val=15.55784
[dump]   top3 idx=7358 val=14.00436
[dump]   top4 idx=6293 val=10.69058
[dump] L15.fmix   n=2560    finite=1 absmax=4.3379       mean=-0.0053577   sumsq=1518.694929        argmax=728
[dump]   top0 idx=728 val=4.33795
[dump]   top1 idx=2238 val=2.73473
[dump]   top2 idx=320 val=2.53270
[dump]   top3 idx=1512 val=2.45271
[dump]   top4 idx=2480 val=2.40359
[dump] L15.mid    n=10      finite=1 absmax=0 mean=0 sumsq=0 ids: 494 289 207 405 288 192 174 283 311 199
[dump] L15.moe    n=2560    finite=1 absmax=0.050558     mean=6.6769e-05   sumsq=0.4467030093       argmax=158
[dump]   top0 idx=158 val=0.05056
[dump]   top1 idx=1408 val=0.04757
[dump]   top2 idx=654 val=0.04519
[dump]   top3 idx=652 val=0.04389
[dump]   top4 idx=282 val=0.04104
[dump] L15.res    n=20480   finite=1 absmax=13.5         mean=0.0050857    sumsq=17538.16155        argmax=16311
[dump]   top0 idx=16311 val=13.49969
[dump]   top1 idx=16088 val=10.00568
[dump]   top2 idx=17671 val=9.50212
[dump]   top3 idx=16747 val=9.12591
[dump]   top4 idx=17101 val=8.88687
[dump] L16.hcmix  n=2560    finite=1 absmax=2.9427       mean=-0.0028359   sumsq=1044.50129         argmax=2121
[dump]   top0 idx=2121 val=2.94272
[dump]   top1 idx=1947 val=2.43839
[dump]   top2 idx=1795 val=2.26186
[dump]   top3 idx=1406 val=2.19128
[dump]   top4 idx=129 val=2.04415
[dump] L16.att    n=2560    finite=1 absmax=0.22469      mean=-0.0012469   sumsq=6.146480381        argmax=2057
[dump]   top0 idx=2057 val=0.22469
[dump]   top1 idx=713 val=0.18174
[dump]   top2 idx=2184 val=0.17106
[dump]   top3 idx=1076 val=0.17025
[dump]   top4 idx=2054 val=0.16302
[dump] L16.ffnxn  n=10240   finite=1 absmax=17.317       mean=0.0029137    sumsq=21963.34057        argmax=5848
[dump]   top0 idx=5848 val=17.31684
[dump]   top1 idx=6071 val=12.59974
[dump]   top2 idx=7358 val=9.21315
[dump]   top3 idx=5628 val=9.20484
[dump]   top4 idx=7553 val=8.61479
[dump] L16.fmix   n=2560    finite=1 absmax=2.8162       mean=-0.0050828   sumsq=1246.92574         argmax=320
[dump]   top0 idx=320 val=2.52510
[dump]   top1 idx=1512 val=2.50614
[dump]   top2 idx=667 val=2.40911
[dump]   top3 idx=836 val=2.05934
[dump]   top4 idx=2480 val=2.03062
[dump] L16.mid    n=10      finite=1 absmax=0 mean=0 sumsq=0 ids: 243 228 58 263 391 272 278 142 487 429
[dump] L16.moe    n=2560    finite=1 absmax=0.059136     mean=-2.2147e-05  sumsq=0.66175876         argmax=2532
[dump]   top0 idx=2532 val=0.05914
[dump]   top1 idx=333 val=0.04528
[dump]   top2 idx=732 val=0.04528
[dump]   top3 idx=812 val=0.04476
[dump]   top4 idx=242 val=0.04432
[dump] L16.res    n=20480   finite=1 absmax=10.173       mean=0.0041082    sumsq=16435.67017        argmax=16088
[dump]   top0 idx=16088 val=10.17304
[dump]   top1 idx=15778 val=9.68189
[dump]   top2 idx=16311 val=8.25021
[dump]   top3 idx=16747 val=7.72072
[dump]   top4 idx=17598 val=7.58919
[dump] L17.hcmix  n=2560    finite=1 absmax=2.7364       mean=0.00055939   sumsq=1066.214819        argmax=1947
[dump]   top0 idx=1947 val=2.73642
[dump]   top1 idx=359 val=2.36932
[dump]   top2 idx=1406 val=2.22257
[dump]   top3 idx=812 val=2.14481
[dump]   top4 idx=1205 val=2.09994
[dump] L17.att    n=2560    finite=1 absmax=0.23813      mean=0.00033583   sumsq=5.012120303        argmax=1984
[dump]   top0 idx=1984 val=0.23813
[dump]   top1 idx=177 val=0.17720
[dump]   top2 idx=871 val=0.17718
[dump]   top3 idx=394 val=0.17556
[dump]   top4 idx=223 val=0.14285
[dump] L17.ffnxn  n=10240   finite=1 absmax=13.325       mean=0.0064885    sumsq=17477.33896        argmax=5848
[dump]   top0 idx=5848 val=13.32465
[dump]   top1 idx=6071 val=11.82219
[dump]   top2 idx=7358 val=9.60243
[dump]   top3 idx=6214 val=8.83732
[dump]   top4 idx=6012 val=8.83499
[dump] L17.fmix   n=2560    finite=1 absmax=2.2543       mean=-0.00023545  sumsq=988.9119565        argmax=1512
[dump]   top0 idx=1512 val=1.94917
[dump]   top1 idx=812 val=1.94409
[dump]   top2 idx=631 val=1.88803
[dump]   top3 idx=793 val=1.82147
[dump]   top4 idx=667 val=1.79365
[dump] L17.mid    n=10      finite=1 absmax=0 mean=0 sumsq=0 ids: 136 499 363 486 139 209 84 471 366 419
[dump] L17.moe    n=2560    finite=1 absmax=0.03758      mean=0.00033148   sumsq=0.254987835        argmax=946
[dump]   top0 idx=946 val=0.03667
[dump]   top1 idx=705 val=0.03411
[dump]   top2 idx=803 val=0.03243
[dump]   top3 idx=1696 val=0.03239
[dump]   top4 idx=928 val=0.03232
[dump] L17.res    n=20480   finite=1 absmax=13.68        mean=0.010929     sumsq=16224.75512        argmax=16088
[dump]   top0 idx=16088 val=13.67962
[dump]   top1 idx=16311 val=10.71432
[dump]   top2 idx=16565 val=8.71043
[dump]   top3 idx=16747 val=8.55146
[dump]   top4 idx=10748 val=8.51828
[dump] L18.hcmix  n=2560    finite=1 absmax=2.8009       mean=0.015929     sumsq=1027.27258         argmax=1205
[dump]   top0 idx=1205 val=2.80089
[dump]   top1 idx=2121 val=2.47912
[dump]   top2 idx=1947 val=2.34354
[dump]   top3 idx=359 val=2.24770
[dump]   top4 idx=1616 val=2.22738
[dump] L18.att    n=2560    finite=1 absmax=0.29803      mean=-0.00092912  sumsq=6.280697357        argmax=482
[dump]   top0 idx=482 val=0.29803
[dump]   top1 idx=167 val=0.20553
[dump]   top2 idx=1134 val=0.18631
[dump]   top3 idx=689 val=0.18339
[dump]   top4 idx=1509 val=0.18195
[dump] L18.ffnxn  n=10240   finite=1 absmax=13.127       mean=0.017618     sumsq=17132.07236        argmax=6071
[dump]   top0 idx=6071 val=13.12657
[dump]   top1 idx=5848 val=11.72921
[dump]   top2 idx=8311 val=9.80361
[dump]   top3 idx=6214 val=8.84177
[dump]   top4 idx=7358 val=8.72890
[dump] L18.fmix   n=2560    finite=1 absmax=2.5435       mean=0.0088005    sumsq=903.8143781        argmax=65
[dump]   top0 idx=65 val=2.33364
[dump]   top1 idx=588 val=2.32251
[dump]   top2 idx=631 val=2.26700
[dump]   top3 idx=2491 val=2.17408
[dump]   top4 idx=2121 val=2.02990
[dump] L18.mid    n=10      finite=1 absmax=0 mean=0 sumsq=0 ids: 131 264 29 448 211 353 101 24 347 201
[dump] L18.moe    n=2560    finite=1 absmax=0.047725     mean=0.00011304   sumsq=0.346927602        argmax=2356
[dump]   top0 idx=2356 val=0.04773
[dump]   top1 idx=2198 val=0.03884
[dump]   top2 idx=86 val=0.03756
[dump]   top3 idx=127 val=0.03457
[dump]   top4 idx=1827 val=0.03414
[dump] L18.res    n=20480   finite=1 absmax=11.043       mean=0.0086647    sumsq=7716.138061        argmax=16088
[dump]   top0 idx=16088 val=11.04278
[dump]   top1 idx=17101 val=7.86901
[dump]   top2 idx=15365 val=7.39996
[dump]   top3 idx=16311 val=7.38111
[dump]   top4 idx=10722 val=6.86903
[dump] L19.hcmix  n=2560    finite=1 absmax=1.8754       mean=0.010582     sumsq=391.4465194        argmax=1947
[dump]   top0 idx=1947 val=1.87538
[dump]   top1 idx=1741 val=1.79645
[dump]   top2 idx=482 val=1.70446
[dump]   top3 idx=2121 val=1.46068
[dump]   top4 idx=951 val=1.43222
[dump] L19.att    n=2560    finite=1 absmax=0.4496       mean=0.0010518    sumsq=17.62812859        argmax=1227
[dump]   top0 idx=1227 val=0.43560
[dump]   top1 idx=694 val=0.37211
[dump]   top2 idx=1536 val=0.35521
[dump]   top3 idx=2359 val=0.33684
[dump]   top4 idx=356 val=0.33603
[dump] L19.ffnxn  n=10240   finite=1 absmax=15.741       mean=0.016084     sumsq=18172.54865        argmax=6071
[dump]   top0 idx=6071 val=15.74069
[dump]   top1 idx=5848 val=12.61135
[dump]   top2 idx=7358 val=8.40855
[dump]   top3 idx=7553 val=8.40150
[dump]   top4 idx=6876 val=7.91821
[dump] L19.fmix   n=2560    finite=1 absmax=2.4698       mean=0.0092399    sumsq=1169.779596        argmax=667
[dump]   top0 idx=667 val=2.25405
[dump]   top1 idx=2390 val=2.24440
[dump]   top2 idx=2499 val=2.07710
[dump]   top3 idx=2491 val=2.07596
[dump]   top4 idx=2261 val=2.05452
[dump] L19.mid    n=10      finite=1 absmax=0 mean=0 sumsq=0 ids: 31 121 291 315 490 377 222 173 434 162
[dump] L19.moe    n=2560    finite=1 absmax=0.043982     mean=0.00053714   sumsq=0.2949387137       argmax=105
[dump]   top0 idx=105 val=0.04398
[dump]   top1 idx=1265 val=0.03864
[dump]   top2 idx=1466 val=0.03863
[dump]   top3 idx=582 val=0.03459
[dump]   top4 idx=1749 val=0.03362
[dump] L19.res    n=20480   finite=1 absmax=15.265       mean=0.019255     sumsq=18034.44704        argmax=16311
[dump]   top0 idx=16311 val=15.26543
[dump]   top1 idx=17598 val=12.12081
[dump]   top2 idx=16088 val=10.32066
[dump]   top3 idx=17671 val=7.16566
[dump]   top4 idx=18499 val=7.10059
[dump] L20.hcmix  n=2560    finite=1 absmax=2.6617       mean=0.020517     sumsq=973.8587692        argmax=1461
[dump]   top0 idx=1461 val=2.65032
[dump]   top1 idx=359 val=2.45016
[dump]   top2 idx=1947 val=2.25286
[dump]   top3 idx=951 val=2.09352
[dump]   top4 idx=2481 val=2.05390
[dump] L20.att    n=2560    finite=1 absmax=0.60301      mean=-0.002817    sumsq=18.2273412         argmax=717
[dump]   top0 idx=717 val=0.41655
[dump]   top1 idx=1641 val=0.40359
[dump]   top2 idx=1132 val=0.34916
[dump]   top3 idx=2293 val=0.31747
[dump]   top4 idx=1763 val=0.31528
[dump] L20.ffnxn  n=10240   finite=1 absmax=15.492       mean=0.026021     sumsq=27820.61848        argmax=6071
[dump]   top0 idx=6071 val=15.49245
[dump]   top1 idx=5848 val=13.08580
[dump]   top2 idx=5187 val=11.67822
[dump]   top3 idx=7358 val=10.39348
[dump]   top4 idx=6214 val=8.06160
[dump] L20.fmix   n=2560    finite=1 absmax=3.5803       mean=0.014947     sumsq=1426.257989        argmax=1466
[dump]   top0 idx=1466 val=2.99593
[dump]   top1 idx=1171 val=2.33387
[dump]   top2 idx=2481 val=2.29445
[dump]   top3 idx=667 val=2.24433
[dump]   top4 idx=2480 val=2.15087
[dump] L20.mid    n=10      finite=1 absmax=0 mean=0 sumsq=0 ids: 387 485 442 179 258 296 388 168 307 358
[dump] L20.moe    n=2560    finite=1 absmax=0.043272     mean=0.00072212   sumsq=0.4556814431       argmax=662
[dump]   top0 idx=662 val=0.04327
[dump]   top1 idx=1423 val=0.04164
[dump]   top2 idx=1159 val=0.03928
[dump]   top3 idx=1544 val=0.03759
[dump]   top4 idx=1625 val=0.03721
[dump] L20.res    n=20480   finite=1 absmax=11.509       mean=0.023938     sumsq=20546.69621        argmax=16088
[dump]   top0 idx=16088 val=11.50880
[dump]   top1 idx=15948 val=10.47320
[dump]   top2 idx=15755 val=9.73379
[dump]   top3 idx=17671 val=9.58191
[dump]   top4 idx=16747 val=8.72522
[dump] L21.hcmix  n=2560    finite=1 absmax=3.0212       mean=0.038495     sumsq=1156.600861        argmax=588
[dump]   top0 idx=588 val=2.74726
[dump]   top1 idx=524 val=2.65391
[dump]   top2 idx=359 val=2.51707
[dump]   top3 idx=1205 val=2.30158
[dump]   top4 idx=1795 val=2.20593
[dump] L21.att    n=2560    finite=1 absmax=0.26616      mean=0.00076912   sumsq=2.464199416        argmax=951
[dump]   top0 idx=951 val=0.26616
[dump]   top1 idx=192 val=0.24976
[dump]   top2 idx=728 val=0.16007
[dump]   top3 idx=508 val=0.13864
[dump]   top4 idx=993 val=0.13047
[dump] L21.ffnxn  n=10240   finite=1 absmax=15.01        mean=0.056179     sumsq=25499.78548        argmax=6071
[dump]   top0 idx=6071 val=15.01025
[dump]   top1 idx=5848 val=14.67956
[dump]   top2 idx=7358 val=10.16473
[dump]   top3 idx=8311 val=9.63371
[dump]   top4 idx=6214 val=9.17048
[dump] L21.fmix   n=2560    finite=1 absmax=3.6251       mean=0.044229     sumsq=1329.801747        argmax=1466
[dump]   top0 idx=1466 val=2.69146
[dump]   top1 idx=65 val=2.52072
[dump]   top2 idx=524 val=2.31344
[dump]   top3 idx=631 val=2.27307
[dump]   top4 idx=1696 val=2.27250
[dump] L21.mid    n=10      finite=1 absmax=0 mean=0 sumsq=0 ids: 255 118 346 25 313 369 379 418 57 306
[dump] L21.moe    n=2560    finite=1 absmax=0.047031     mean=4.9452e-05   sumsq=0.4266038244       argmax=465
[dump]   top0 idx=465 val=0.04113
[dump]   top1 idx=2079 val=0.04088
[dump]   top2 idx=493 val=0.04079
[dump]   top3 idx=1413 val=0.04033
[dump]   top4 idx=2233 val=0.03888
[dump] L21.res    n=20480   finite=1 absmax=17.109       mean=0.023954     sumsq=16886.08544        argmax=15365
[dump]   top0 idx=15365 val=17.10900
[dump]   top1 idx=15948 val=13.00486
[dump]   top2 idx=17279 val=10.47941
[dump]   top3 idx=15991 val=10.06642
[dump]   top4 idx=17702 val=9.98510
[dump] L22.hcmix  n=2560    finite=1 absmax=4.1252       mean=0.035715     sumsq=764.4466997        argmax=5
[dump]   top0 idx=5 val=4.12522
[dump]   top1 idx=588 val=3.29022
[dump]   top2 idx=2450 val=2.62317
[dump]   top3 idx=65 val=2.48441
[dump]   top4 idx=1716 val=2.39963
[dump] L22.att    n=2560    finite=1 absmax=0.52501      mean=0.0010695    sumsq=8.526739525        argmax=268
[dump]   top0 idx=268 val=0.52501
[dump]   top1 idx=2238 val=0.43693
[dump]   top2 idx=728 val=0.40335
[dump]   top3 idx=951 val=0.37474
[dump]   top4 idx=631 val=0.31832
[dump] L22.ffnxn  n=10240   finite=1 absmax=15.718       mean=0.054917     sumsq=27951.52156        argmax=5848
[dump]   top0 idx=5848 val=15.71796
[dump]   top1 idx=6071 val=12.91066
[dump]   top2 idx=7358 val=11.70495
[dump]   top3 idx=8311 val=10.97324
[dump]   top4 idx=5751 val=9.92340
[dump] L22.fmix   n=2560    finite=1 absmax=3.4215       mean=0.032492     sumsq=1029.78775         argmax=65
[dump]   top0 idx=65 val=2.33459
[dump]   top1 idx=2279 val=2.14179
[dump]   top2 idx=1466 val=2.11810
[dump]   top3 idx=631 val=2.05636
[dump]   top4 idx=67 val=2.00157
[dump] L22.mid    n=10      finite=1 absmax=0 mean=0 sumsq=0 ids: 279 301 504 364 50 460 287 308 454 355
[dump] L22.moe    n=2560    finite=1 absmax=0.06387      mean=0.00010456   sumsq=0.497911978        argmax=1313
[dump]   top0 idx=1313 val=0.06387
[dump]   top1 idx=1634 val=0.05345
[dump]   top2 idx=1237 val=0.05015
[dump]   top3 idx=806 val=0.04868
[dump]   top4 idx=227 val=0.04726
[dump] L22.res    n=20480   finite=1 absmax=12.352       mean=0.018105     sumsq=10865.15068        argmax=15365
[dump]   top0 idx=15365 val=12.35194
[dump]   top1 idx=16153 val=9.19563
[dump]   top2 idx=16088 val=9.11883
[dump]   top3 idx=16311 val=8.83039
[dump]   top4 idx=15427 val=8.12357
[dump] L23.hcmix  n=2560    finite=1 absmax=2.8222       mean=0.015674     sumsq=300.7798757        argmax=5
[dump]   top0 idx=5 val=2.82220
[dump]   top1 idx=631 val=1.72440
[dump]   top2 idx=1741 val=1.47941
[dump]   top3 idx=524 val=1.45463
[dump]   top4 idx=1947 val=1.43084
[dump] L23.att    n=2560    finite=1 absmax=0.38622      mean=0.00084592   sumsq=12.79054764        argmax=784
[dump]   top0 idx=784 val=0.31724
[dump]   top1 idx=86 val=0.29778
[dump]   top2 idx=2517 val=0.29352
[dump]   top3 idx=1790 val=0.28518
[dump]   top4 idx=1135 val=0.28436
[dump] L23.ffnxn  n=10240   finite=1 absmax=17.64        mean=0.043365     sumsq=35707.2024         argmax=5187
[dump]   top0 idx=5187 val=17.63997
[dump]   top1 idx=6071 val=16.36970
[dump]   top2 idx=7358 val=16.09692
[dump]   top3 idx=5848 val=14.10441
[dump]   top4 idx=5682 val=13.33237
[dump] L23.fmix   n=2560    finite=1 absmax=3.1945       mean=0.028507     sumsq=1573.375647        argmax=1798
[dump]   top0 idx=1798 val=2.69192
[dump]   top1 idx=143 val=2.52714
[dump]   top2 idx=1466 val=2.52262
[dump]   top3 idx=2261 val=2.49662
[dump]   top4 idx=2238 val=2.46517
[dump] L23.mid    n=10      finite=1 absmax=0 mean=0 sumsq=0 ids: 356 128 480 45 355 342 477 334 354 32
[dump] L23.moe    n=2560    finite=1 absmax=0.066304     mean=-5.5017e-05  sumsq=0.9891757138       argmax=960
[dump]   top0 idx=960 val=0.06630
[dump]   top1 idx=1525 val=0.06306
[dump]   top2 idx=2286 val=0.06109
[dump]   top3 idx=2139 val=0.06075
[dump]   top4 idx=1301 val=0.06028
[dump] L23.res    n=20480   finite=1 absmax=15.088       mean=0.0271       sumsq=16845.69099        argmax=15991
[dump]   top0 idx=15991 val=10.71751
[dump]   top1 idx=16088 val=10.51166
[dump]   top2 idx=16565 val=8.81748
[dump]   top3 idx=15948 val=8.58108
[dump]   top4 idx=15427 val=8.35541
[dump] L24.hcmix  n=2560    finite=1 absmax=2.9538       mean=0.040847     sumsq=833.438194         argmax=631
[dump]   top0 idx=631 val=2.95385
[dump]   top1 idx=1205 val=2.61469
[dump]   top2 idx=1716 val=2.50468
[dump]   top3 idx=2121 val=2.49067
[dump]   top4 idx=588 val=2.38192
[dump] L24.att    n=2560    finite=1 absmax=0.14262      mean=-0.00026884  sumsq=1.615217348        argmax=1586
[dump]   top0 idx=1586 val=0.11363
[dump]   top1 idx=895 val=0.11348
[dump]   top2 idx=799 val=0.10205
[dump]   top3 idx=92 val=0.09934
[dump]   top4 idx=36 val=0.09130
[dump] L24.ffnxn  n=10240   finite=1 absmax=13.669       mean=0.032823     sumsq=13017.54327        argmax=5848
[dump]   top0 idx=5848 val=13.66907
[dump]   top1 idx=6071 val=11.99604
[dump]   top2 idx=7358 val=9.40388
[dump]   top3 idx=5167 val=8.71985
[dump]   top4 idx=6214 val=8.58205
[dump] L24.fmix   n=2560    finite=1 absmax=2.6459       mean=0.026696     sumsq=831.0189594        argmax=631
[dump]   top0 idx=631 val=2.64590
[dump]   top1 idx=1466 val=1.90011
[dump]   top2 idx=25 val=1.83115
[dump]   top3 idx=1798 val=1.80345
[dump]   top4 idx=65 val=1.77025
[dump] L24.mid    n=10      finite=1 absmax=0 mean=0 sumsq=0 ids: 263 134 175 354 360 181 11 231 462 439
[dump] L24.moe    n=2560    finite=1 absmax=0.040394     mean=0.00018589   sumsq=0.2831626136       argmax=2504
[dump]   top0 idx=2504 val=0.04039
[dump]   top1 idx=1792 val=0.03848
[dump]   top2 idx=81 val=0.03614
[dump]   top3 idx=860 val=0.03604
[dump]   top4 idx=288 val=0.03572
[dump] L24.res    n=20480   finite=1 absmax=13.58        mean=0.014548     sumsq=12827.28874        argmax=16088
[dump]   top0 idx=16088 val=13.58011
[dump]   top1 idx=17598 val=8.38275
[dump]   top2 idx=15365 val=7.94387
[dump]   top3 idx=16747 val=7.23855
[dump]   top4 idx=17116 val=6.84025
[dump] L25.hcmix  n=2560    finite=1 absmax=2.6332       mean=0.021138     sumsq=823.4692921        argmax=2233
[dump]   top0 idx=2233 val=2.38344
[dump]   top1 idx=1716 val=2.28733
[dump]   top2 idx=359 val=2.12725
[dump]   top3 idx=1205 val=2.00389
[dump]   top4 idx=2327 val=1.93548
[dump] L25.att    n=2560    finite=1 absmax=0.53735      mean=-0.00035449  sumsq=7.535664038        argmax=951
[dump]   top0 idx=951 val=0.53735
[dump]   top1 idx=993 val=0.27272
[dump]   top2 idx=1378 val=0.21150
[dump]   top3 idx=2238 val=0.20915
[dump]   top4 idx=914 val=0.19805
[dump] L25.ffnxn  n=10240   finite=1 absmax=15.42        mean=0.039717     sumsq=16749.79153        argmax=5848
[dump]   top0 idx=5848 val=15.41980
[dump]   top1 idx=6071 val=14.59912
[dump]   top2 idx=7358 val=10.35836
[dump]   top3 idx=5167 val=7.85281
[dump]   top4 idx=5187 val=6.89707
[dump] L25.fmix   n=2560    finite=1 absmax=2.1619       mean=0.028363     sumsq=816.6601336        argmax=2141
[dump]   top0 idx=2141 val=2.16194
[dump]   top1 idx=746 val=1.89673
[dump]   top2 idx=25 val=1.86702
[dump]   top3 idx=1466 val=1.62714
[dump]   top4 idx=2261 val=1.60491
[dump] L25.mid    n=10      finite=1 absmax=0 mean=0 sumsq=0 ids: 376 346 264 68 506 142 73 329 430 427
[dump] L25.moe    n=2560    finite=1 absmax=0.03764      mean=9.4666e-05   sumsq=0.2770970634       argmax=402
[dump]   top0 idx=402 val=0.03764
[dump]   top1 idx=394 val=0.03336
[dump]   top2 idx=2422 val=0.03307
[dump]   top3 idx=791 val=0.03191
[dump]   top4 idx=543 val=0.03141
[dump] L25.res    n=20480   finite=1 absmax=16.19        mean=0.015221     sumsq=14793.41456        argmax=16088
[dump]   top0 idx=16088 val=16.19022
[dump]   top1 idx=17101 val=8.94695
[dump]   top2 idx=16311 val=8.79820
[dump]   top3 idx=15991 val=8.66270
[dump]   top4 idx=15948 val=8.32370
[dump] L26.hcmix  n=2560    finite=1 absmax=3.9909       mean=0.021105     sumsq=957.1174076        argmax=631
[dump]   top0 idx=631 val=2.63438
[dump]   top1 idx=2121 val=2.44029
[dump]   top2 idx=359 val=2.24979
[dump]   top3 idx=524 val=2.19447
[dump]   top4 idx=482 val=2.03868
[dump] L26.att    n=2560    finite=1 absmax=0.30788      mean=-0.00089083  sumsq=10.33761657        argmax=519
[dump]   top0 idx=519 val=0.30788
[dump]   top1 idx=2203 val=0.27919
[dump]   top2 idx=728 val=0.27619
[dump]   top3 idx=177 val=0.23497
[dump]   top4 idx=816 val=0.22845
[dump] L26.ffnxn  n=10240   finite=1 absmax=12.33        mean=0.025983     sumsq=12912.53678        argmax=6071
[dump]   top0 idx=6071 val=12.32963
[dump]   top1 idx=5848 val=11.98337
[dump]   top2 idx=7358 val=10.88011
[dump]   top3 idx=6214 val=10.03912
[dump]   top4 idx=8981 val=8.01628
[dump] L26.fmix   n=2560    finite=1 absmax=2.0886       mean=0.020347     sumsq=733.3919542        argmax=746
[dump]   top0 idx=746 val=2.08861
[dump]   top1 idx=25 val=1.80436
[dump]   top2 idx=1466 val=1.75672
[dump]   top3 idx=1500 val=1.66623
[dump]   top4 idx=2233 val=1.64350
[dump] L26.mid    n=10      finite=1 absmax=0 mean=0 sumsq=0 ids: 461 355 97 417 243 313 296 384 177 320
[dump] L26.moe    n=2560    finite=1 absmax=0.050615     mean=6.2386e-05   sumsq=0.4699129889       argmax=2054
[dump]   top0 idx=2054 val=0.05024
[dump]   top1 idx=1500 val=0.04750
[dump]   top2 idx=1810 val=0.04394
[dump]   top3 idx=1828 val=0.04271
[dump]   top4 idx=859 val=0.04127
[dump] L26.res    n=20480   finite=1 absmax=12.043       mean=0.010849     sumsq=7446.075441        argmax=16088
[dump]   top0 idx=16088 val=12.04254
[dump]   top1 idx=16311 val=11.55584
[dump]   top2 idx=17598 val=11.47400
[dump]   top3 idx=15365 val=9.86710
[dump]   top4 idx=17793 val=7.62326
[dump] L27.hcmix  n=2560    finite=1 absmax=2.3199       mean=0.013109     sumsq=367.4090597        argmax=951
[dump]   top0 idx=951 val=2.31995
[dump]   top1 idx=5 val=2.30569
[dump]   top2 idx=728 val=2.24628
[dump]   top3 idx=2238 val=2.21321
[dump]   top4 idx=482 val=1.43711
[dump] L27.att    n=2560    finite=1 absmax=0.43877      mean=0.0024035    sumsq=15.24854761        argmax=892
[dump]   top0 idx=892 val=0.29074
[dump]   top1 idx=302 val=0.27827
[dump]   top2 idx=2003 val=0.27015
[dump]   top3 idx=1404 val=0.26510
[dump]   top4 idx=1341 val=0.26061
[dump] L27.ffnxn  n=10240   finite=1 absmax=13.288       mean=0.031197     sumsq=13357.40184        argmax=5848
[dump]   top0 idx=5848 val=13.28820
[dump]   top1 idx=6071 val=12.57113
[dump]   top2 idx=7358 val=12.16304
[dump]   top3 idx=6214 val=11.84839
[dump]   top4 idx=6507 val=9.16190
[dump] L27.fmix   n=2560    finite=1 absmax=2.2454       mean=0.024357     sumsq=788.389083         argmax=1500
[dump]   top0 idx=1500 val=2.24538
[dump]   top1 idx=1717 val=1.86361
[dump]   top2 idx=479 val=1.74921
[dump]   top3 idx=849 val=1.73112
[dump]   top4 idx=1905 val=1.67465
[dump] L27.mid    n=10      finite=1 absmax=0 mean=0 sumsq=0 ids: 430 323 98 508 166 58 151 120 261 108
[dump] L27.moe    n=2560    finite=1 absmax=0.03706      mean=0.00031886   sumsq=0.2152966292       argmax=960
[dump]   top0 idx=960 val=0.03497
[dump]   top1 idx=1291 val=0.02836
[dump]   top2 idx=2196 val=0.02781
[dump]   top3 idx=1858 val=0.02722
[dump]   top4 idx=2530 val=0.02669
[dump] L27.res    n=20480   finite=1 absmax=16.848       mean=0.021644     sumsq=15500.9972         argmax=16088
[dump]   top0 idx=16088 val=16.84755
[dump]   top1 idx=16311 val=10.25031
[dump]   top2 idx=17598 val=9.66869
[dump]   top3 idx=15365 val=8.16160
[dump]   top4 idx=17101 val=7.88479
[dump] L28.hcmix  n=2560    finite=1 absmax=2.8967       mean=0.028404     sumsq=931.3380455        argmax=1500
[dump]   top0 idx=1500 val=2.89672
[dump]   top1 idx=1717 val=2.28145
[dump]   top2 idx=1716 val=2.10347
[dump]   top3 idx=1205 val=2.01801
[dump]   top4 idx=1780 val=1.91085
[dump] L28.att    n=2560    finite=1 absmax=0.20667      mean=-0.0023152   sumsq=7.07309697         argmax=186
[dump]   top0 idx=186 val=0.20667
[dump]   top1 idx=736 val=0.20271
[dump]   top2 idx=1480 val=0.17724
[dump]   top3 idx=434 val=0.17028
[dump]   top4 idx=200 val=0.16249
[dump] L28.ffnxn  n=10240   finite=1 absmax=12.458       mean=0.038998     sumsq=15293.8234         argmax=5848
[dump]   top0 idx=5848 val=12.45776
[dump]   top1 idx=6071 val=10.85473
[dump]   top2 idx=7358 val=10.83270
[dump]   top3 idx=6507 val=8.88737
[dump]   top4 idx=5167 val=8.78022
[dump] L28.fmix   n=2560    finite=1 absmax=2.6205       mean=0.030264     sumsq=898.8482473        argmax=1500
[dump]   top0 idx=1500 val=2.62052
[dump]   top1 idx=65 val=2.10382
[dump]   top2 idx=1905 val=2.00048
[dump]   top3 idx=631 val=1.96576
[dump]   top4 idx=849 val=1.79472
[dump] L28.mid    n=10      finite=1 absmax=0 mean=0 sumsq=0 ids: 52 219 421 469 392 297 66 43 21 63
[dump] L28.moe    n=2560    finite=1 absmax=0.04651      mean=-0.0003649   sumsq=0.2926378713       argmax=1942
[dump]   top0 idx=1942 val=0.04336
[dump]   top1 idx=1207 val=0.03495
[dump]   top2 idx=264 val=0.03459
[dump]   top3 idx=722 val=0.03367
[dump]   top4 idx=714 val=0.03342
[dump] L28.res    n=20480   finite=1 absmax=12.992       mean=0.013397     sumsq=15577.40331        argmax=16088
[dump]   top0 idx=16088 val=12.99155
[dump]   top1 idx=17671 val=9.63194
[dump]   top2 idx=17101 val=8.70856
[dump]   top3 idx=16747 val=8.08086
[dump]   top4 idx=17598 val=7.21573
[dump] L29.hcmix  n=2560    finite=1 absmax=2.9745       mean=0.018488     sumsq=995.4910247        argmax=524
[dump]   top0 idx=524 val=2.97447
[dump]   top1 idx=1500 val=2.90230
[dump]   top2 idx=1717 val=2.53888
[dump]   top3 idx=1512 val=2.14164
[dump]   top4 idx=1716 val=2.08872
[dump] L29.att    n=2560    finite=1 absmax=0.11764      mean=-0.00053431  sumsq=1.624047783        argmax=1795
[dump]   top0 idx=1795 val=0.10478
[dump]   top1 idx=1736 val=0.09891
[dump]   top2 idx=1882 val=0.08733
[dump]   top3 idx=344 val=0.08209
[dump]   top4 idx=1925 val=0.07932
[dump] L29.ffnxn  n=10240   finite=1 absmax=14.408       mean=0.019402     sumsq=15447.01385        argmax=6071
[dump]   top0 idx=6071 val=14.40838
[dump]   top1 idx=7358 val=14.25331
[dump]   top2 idx=5848 val=14.14837
[dump]   top3 idx=6507 val=12.04406
[dump]   top4 idx=6214 val=10.99689
[dump] L29.fmix   n=2560    finite=1 absmax=2.3195       mean=0.012962     sumsq=926.0183           argmax=1717
[dump]   top0 idx=1717 val=2.16201
[dump]   top1 idx=1905 val=1.95024
[dump]   top2 idx=2238 val=1.89856
[dump]   top3 idx=1500 val=1.84874
[dump]   top4 idx=1914 val=1.84744
[dump] L29.mid    n=10      finite=1 absmax=0 mean=0 sumsq=0 ids: 387 273 93 290 330 118 265 259 342 451
[dump] L29.moe    n=2560    finite=1 absmax=0.043525     mean=5.1382e-05   sumsq=0.3436363137       argmax=525
[dump]   top0 idx=525 val=0.04352
[dump]   top1 idx=1253 val=0.04005
[dump]   top2 idx=1039 val=0.03799
[dump]   top3 idx=309 val=0.03454
[dump]   top4 idx=1384 val=0.03374
[dump] L29.res    n=20480   finite=1 absmax=17.261       mean=0.012766     sumsq=17115.87918        argmax=16311
[dump]   top0 idx=16311 val=17.26104
[dump]   top1 idx=16088 val=13.73311
[dump]   top2 idx=17598 val=9.57347
[dump]   top3 idx=16747 val=8.95584
[dump]   top4 idx=17671 val=8.38701
[dump] L30.hcmix  n=2560    finite=1 absmax=2.7026       mean=0.015675     sumsq=855.8264611        argmax=1500
[dump]   top0 idx=1500 val=2.70265
[dump]   top1 idx=1716 val=2.40222
[dump]   top2 idx=524 val=2.27153
[dump]   top3 idx=788 val=2.09111
[dump]   top4 idx=983 val=2.03289
[dump] L30.att    n=2560    finite=1 absmax=0.3525       mean=-0.0010644   sumsq=9.650752676        argmax=993
[dump]   top0 idx=993 val=0.35250
[dump]   top1 idx=2502 val=0.32866
[dump]   top2 idx=482 val=0.25691
[dump]   top3 idx=1795 val=0.19491
[dump]   top4 idx=1134 val=0.18960
[dump] L30.ffnxn  n=10240   finite=1 absmax=16.017       mean=0.018441     sumsq=21161.3405         argmax=5848
[dump]   top0 idx=5848 val=16.01691
[dump]   top1 idx=6071 val=11.38697
[dump]   top2 idx=7358 val=11.30800
[dump]   top3 idx=6214 val=9.47213
[dump]   top4 idx=6293 val=9.36479
[dump] L30.fmix   n=2560    finite=1 absmax=2.9055       mean=0.011336     sumsq=1336.740651        argmax=1914
[dump]   top0 idx=1914 val=2.56213
[dump]   top1 idx=1500 val=2.49677
[dump]   top2 idx=2238 val=2.26672
[dump]   top3 idx=1905 val=2.23753
[dump]   top4 idx=1717 val=2.10787
[dump] L30.mid    n=10      finite=1 absmax=0 mean=0 sumsq=0 ids: 86 506 398 151 11 181 335 280 154 439
[dump] L30.moe    n=2560    finite=1 absmax=0.056296     mean=3.6983e-05   sumsq=0.6273323203       argmax=1850
[dump]   top0 idx=1850 val=0.05630
[dump]   top1 idx=835 val=0.05552
[dump]   top2 idx=2030 val=0.05428
[dump]   top3 idx=1044 val=0.05312
[dump]   top4 idx=2095 val=0.05139
[dump] L30.res    n=20480   finite=1 absmax=13.109       mean=0.0086693    sumsq=7721.028244        argmax=16088
[dump]   top0 idx=16088 val=13.10929
[dump]   top1 idx=15365 val=8.97201
[dump]   top2 idx=10722 val=7.45327
[dump]   top3 idx=17598 val=6.81873
[dump]   top4 idx=16311 val=6.80647
[dump] L31.hcmix  n=2560    finite=1 absmax=1.9012       mean=0.0047444    sumsq=278.506883         argmax=728
[dump]   top0 idx=728 val=1.90119
[dump]   top1 idx=482 val=1.58648
[dump]   top2 idx=1500 val=1.32785
[dump]   top3 idx=2238 val=1.19136
[dump]   top4 idx=1717 val=1.09935
[dump] L31.att    n=2560    finite=1 absmax=0.23991      mean=-0.0022096   sumsq=9.690096402        argmax=1716
[dump]   top0 idx=1716 val=0.23991
[dump]   top1 idx=1359 val=0.23340
[dump]   top2 idx=1205 val=0.20786
[dump]   top3 idx=2371 val=0.19638
[dump]   top4 idx=1776 val=0.19552
[dump] L31.ffnxn  n=10240   finite=1 absmax=41.999       mean=0.0087244    sumsq=36201.1524         argmax=5848
[dump]   top0 idx=5848 val=41.99945
[dump]   top1 idx=5187 val=21.75691
[dump]   top2 idx=6071 val=20.40512
[dump]   top3 idx=7358 val=19.34773
[dump]   top4 idx=6876 val=12.77483
[dump] L31.fmix   n=2560    finite=1 absmax=5.3317       mean=0.00076491   sumsq=1974.31058         argmax=728
[dump]   top0 idx=728 val=5.33169
[dump]   top1 idx=2238 val=3.74976
[dump]   top2 idx=98 val=3.01884
[dump]   top3 idx=957 val=3.01595
[dump]   top4 idx=477 val=2.72589
[dump] L31.mid    n=10      finite=1 absmax=0 mean=0 sumsq=0 ids: 494 283 289 311 156 405 302 399 408 177
[dump] L31.moe    n=2560    finite=1 absmax=0.071053     mean=0.00060503   sumsq=0.8514527286       argmax=32
[dump]   top0 idx=32 val=0.07105
[dump]   top1 idx=877 val=0.07047
[dump]   top2 idx=2438 val=0.05927
[dump]   top3 idx=1479 val=0.05891
[dump]   top4 idx=2249 val=0.05698
[dump] L31.res    n=20480   finite=1 absmax=17.021       mean=0.010252     sumsq=20114.3858         argmax=16311
[dump]   top0 idx=16311 val=17.02059
[dump]   top1 idx=16088 val=11.83481
[dump]   top2 idx=17101 val=11.31214
[dump]   top3 idx=17671 val=10.69814
[dump]   top4 idx=16747 val=9.95405
[dump] L32.hcmix  n=2560    finite=1 absmax=2.6898       mean=0.011598     sumsq=966.0803171        argmax=1500
[dump]   top0 idx=1500 val=2.68980
[dump]   top1 idx=1313 val=2.34569
[dump]   top2 idx=1603 val=2.19741
[dump]   top3 idx=681 val=2.08279
[dump]   top4 idx=867 val=2.06057
[dump] L32.att    n=2560    finite=1 absmax=0.21822      mean=-0.001343    sumsq=4.305947225        argmax=713
[dump]   top0 idx=713 val=0.21822
[dump]   top1 idx=1368 val=0.19020
[dump]   top2 idx=1134 val=0.14503
[dump]   top3 idx=1303 val=0.14156
[dump]   top4 idx=167 val=0.13922
[dump] L32.ffnxn  n=10240   finite=1 absmax=20.051       mean=0.0097052    sumsq=29416.00008        argmax=5848
[dump]   top0 idx=5848 val=20.05092
[dump]   top1 idx=6071 val=16.24689
[dump]   top2 idx=7358 val=13.60950
[dump]   top3 idx=6012 val=11.09756
[dump]   top4 idx=7553 val=10.85229
[dump] L32.fmix   n=2560    finite=1 absmax=3.5074       mean=0.0067731    sumsq=1790.823757        argmax=2095
[dump]   top0 idx=2095 val=2.64680
[dump]   top1 idx=1828 val=2.42364
[dump]   top2 idx=1512 val=2.38884
[dump]   top3 idx=957 val=2.34220
[dump]   top4 idx=1199 val=2.30370
[dump] L32.mid    n=10      finite=1 absmax=0 mean=0 sumsq=0 ids: 228 243 263 454 377 142 58 278 429 359
[dump] L32.moe    n=2560    finite=1 absmax=0.072325     mean=-0.00034939  sumsq=0.7779719191       argmax=2441
[dump]   top0 idx=2441 val=0.05310
[dump]   top1 idx=1854 val=0.05208
[dump]   top2 idx=805 val=0.05188
[dump]   top3 idx=198 val=0.05120
[dump]   top4 idx=966 val=0.05020
[dump] L32.res    n=20480   finite=1 absmax=11.924       mean=0.0078077    sumsq=18268.98991        argmax=16088
[dump]   top0 idx=16088 val=11.92360
[dump]   top1 idx=17598 val=11.35700
[dump]   top2 idx=15778 val=10.14307
[dump]   top3 idx=16311 val=10.03190
[dump]   top4 idx=17101 val=8.85308
[dump] L33.hcmix  n=2560    finite=1 absmax=2.6132       mean=0.0082756    sumsq=1015.51671         argmax=1716
[dump]   top0 idx=1716 val=2.61318
[dump]   top1 idx=1313 val=2.46861
[dump]   top2 idx=227 val=2.36832
[dump]   top3 idx=2085 val=2.35001
[dump]   top4 idx=1500 val=2.28602
[dump] L33.att    n=2560    finite=1 absmax=0.13621      mean=-0.0012255   sumsq=1.587118397        argmax=2393
[dump]   top0 idx=2393 val=0.13621
[dump]   top1 idx=192 val=0.10372
[dump]   top2 idx=793 val=0.09386
[dump]   top3 idx=634 val=0.09307
[dump]   top4 idx=1836 val=0.08393
[dump] L33.ffnxn  n=10240   finite=1 absmax=16.373       mean=0.002249     sumsq=22646.1319         argmax=5848
[dump]   top0 idx=5848 val=16.37266
[dump]   top1 idx=6071 val=15.56748
[dump]   top2 idx=7358 val=13.75164
[dump]   top3 idx=6012 val=11.63346
[dump]   top4 idx=6214 val=10.95702
[dump] L33.fmix   n=2560    finite=1 absmax=3.2675       mean=-0.0015998   sumsq=1407.27009         argmax=1512
[dump]   top0 idx=1512 val=2.65049
[dump]   top1 idx=2233 val=2.47310
[dump]   top2 idx=1313 val=2.33622
[dump]   top3 idx=788 val=2.25321
[dump]   top4 idx=1717 val=2.19076
[dump] L33.mid    n=10      finite=1 absmax=0 mean=0 sumsq=0 ids: 136 84 363 345 374 279 362 120 486 419
[dump] L33.moe    n=2560    finite=1 absmax=0.056738     mean=9.2948e-05   sumsq=0.4691576348       argmax=399
[dump]   top0 idx=399 val=0.05674
[dump]   top1 idx=1803 val=0.04697
[dump]   top2 idx=1602 val=0.04544
[dump]   top3 idx=1740 val=0.04316
[dump]   top4 idx=2189 val=0.04157
[dump] L33.res    n=20480   finite=1 absmax=15.837       mean=0.0083482    sumsq=17921.28058        argmax=16088
[dump]   top0 idx=16088 val=15.83719
[dump]   top1 idx=16311 val=12.76309
[dump]   top2 idx=17598 val=10.57466
[dump]   top3 idx=10722 val=10.35921
[dump]   top4 idx=16747 val=9.36941
[dump] L34.hcmix  n=2560    finite=1 absmax=2.6083       mean=0.012229     sumsq=990.8469838        argmax=1716
[dump]   top0 idx=1716 val=2.60828
[dump]   top1 idx=1205 val=2.57956
[dump]   top2 idx=1313 val=2.53664
[dump]   top3 idx=1717 val=2.49951
[dump]   top4 idx=482 val=2.44972
[dump] L34.att    n=2560    finite=1 absmax=0.2006       mean=-0.00067951  sumsq=3.329409568        argmax=482
[dump]   top0 idx=482 val=0.20060
[dump]   top1 idx=689 val=0.14370
[dump]   top2 idx=1882 val=0.14056
[dump]   top3 idx=2307 val=0.13285
[dump]   top4 idx=138 val=0.11817
[dump] L34.ffnxn  n=10240   finite=1 absmax=17.404       mean=0.016404     sumsq=21327.71268        argmax=6071
[dump]   top0 idx=6071 val=17.40423
[dump]   top1 idx=5848 val=14.32465
[dump]   top2 idx=7358 val=12.61372
[dump]   top3 idx=6861 val=11.00817
[dump]   top4 idx=6214 val=10.17790
[dump] L34.fmix   n=2560    finite=1 absmax=2.7822       mean=0.014054     sumsq=1232.891261        argmax=631
[dump]   top0 idx=631 val=2.72048
[dump]   top1 idx=1313 val=2.56642
[dump]   top2 idx=1500 val=2.55819
[dump]   top3 idx=65 val=2.50030
[dump]   top4 idx=1717 val=2.19704
[dump] L34.mid    n=10      finite=1 absmax=0 mean=0 sumsq=0 ids: 131 29 353 101 24 102 460 22 347 275
[dump] L34.moe    n=2560    finite=1 absmax=0.077457     mean=0.00041875   sumsq=0.848067595        argmax=196
[dump]   top0 idx=196 val=0.06385
[dump]   top1 idx=1185 val=0.06220
[dump]   top2 idx=1332 val=0.05842
[dump]   top3 idx=1663 val=0.05634
[dump]   top4 idx=1099 val=0.05549
[dump] L34.res    n=20480   finite=1 absmax=13.286       mean=0.0085474    sumsq=8690.132549        argmax=16088
[dump]   top0 idx=16088 val=13.28649
[dump]   top1 idx=10722 val=10.58257
[dump]   top2 idx=17101 val=10.50309
[dump]   top3 idx=16311 val=9.27063
[dump]   top4 idx=15365 val=8.09695
[dump] L35.hcmix  n=2560    finite=1 absmax=2.4927       mean=0.014074     sumsq=446.0518861        argmax=482
[dump]   top0 idx=482 val=2.49269
[dump]   top1 idx=1741 val=2.10734
[dump]   top2 idx=951 val=1.72226
[dump]   top3 idx=1717 val=1.69093
[dump]   top4 idx=991 val=1.58448
[dump] L35.att    n=2560    finite=1 absmax=0.35311      mean=0.00044069   sumsq=10.52465234        argmax=1882
[dump]   top0 idx=1882 val=0.33801
[dump]   top1 idx=2091 val=0.25041
[dump]   top2 idx=79 val=0.23797
[dump]   top3 idx=1341 val=0.23601
[dump]   top4 idx=446 val=0.21073
[dump] L35.ffnxn  n=10240   finite=1 absmax=19.702       mean=0.015064     sumsq=23293.13303        argmax=6071
[dump]   top0 idx=6071 val=19.70178
[dump]   top1 idx=5848 val=15.95947
[dump]   top2 idx=7358 val=12.09389
[dump]   top3 idx=6876 val=11.14167
[dump]   top4 idx=7553 val=10.53214
[dump] L35.fmix   n=2560    finite=1 absmax=3.1541       mean=0.012224     sumsq=1586.566511        argmax=957
[dump]   top0 idx=957 val=2.51765
[dump]   top1 idx=410 val=2.49126
[dump]   top2 idx=1313 val=2.46839
[dump]   top3 idx=227 val=2.41493
[dump]   top4 idx=2460 val=2.21919
[dump] L35.mid    n=10      finite=1 absmax=0 mean=0 sumsq=0 ids: 472 161 31 291 375 121 315 277 56 30
[dump] L35.moe    n=2560    finite=1 absmax=0.073207     mean=0.00053754   sumsq=1.115204147        argmax=755
[dump]   top0 idx=755 val=0.07321
[dump]   top1 idx=687 val=0.06964
[dump]   top2 idx=1289 val=0.06678
[dump]   top3 idx=1144 val=0.06250
[dump]   top4 idx=525 val=0.06209
[dump] L35.res    n=20480   finite=1 absmax=19.219       mean=0.016865     sumsq=20096.52664        argmax=16311
[dump]   top0 idx=16311 val=19.21937
[dump]   top1 idx=17598 val=18.49661
[dump]   top2 idx=16088 val=11.31689
[dump]   top3 idx=12614 val=8.55361
[dump]   top4 idx=10722 val=7.57305
[dump] L36.hcmix  n=2560    finite=1 absmax=2.9487       mean=0.020098     sumsq=946.9874176        argmax=1716
[dump]   top0 idx=1716 val=2.94875
[dump]   top1 idx=1313 val=2.32910
[dump]   top2 idx=1203 val=2.32720
[dump]   top3 idx=482 val=2.30330
[dump]   top4 idx=723 val=2.16311
[dump] L36.att    n=2560    finite=1 absmax=0.76993      mean=0.0027822    sumsq=37.76139591        argmax=2374
[dump]   top0 idx=2374 val=0.76993
[dump]   top1 idx=1882 val=0.73450
[dump]   top2 idx=1603 val=0.65407
[dump]   top3 idx=1864 val=0.62439
[dump]   top4 idx=687 val=0.59766
[dump] L36.ffnxn  n=10240   finite=1 absmax=20.861       mean=0.042811     sumsq=35763.71433        argmax=6071
[dump]   top0 idx=6071 val=20.86066
[dump]   top1 idx=5848 val=15.66259
[dump]   top2 idx=7358 val=14.93941
[dump]   top3 idx=5187 val=12.68582
[dump]   top4 idx=5167 val=10.81574
[dump] L36.fmix   n=2560    finite=1 absmax=5.0883       mean=0.030797     sumsq=2381.046955        argmax=1905
[dump]   top0 idx=1905 val=2.95491
[dump]   top1 idx=1313 val=2.94927
[dump]   top2 idx=227 val=2.93496
[dump]   top3 idx=651 val=2.82345
[dump]   top4 idx=2095 val=2.79451
[dump] L36.mid    n=10      finite=1 absmax=0 mean=0 sumsq=0 ids: 387 25 169 218 296 210 258 262 179 485
[dump] L36.moe    n=2560    finite=1 absmax=0.16456      mean=0.00025942   sumsq=4.752188841        argmax=178
[dump]   top0 idx=178 val=0.15036
[dump]   top1 idx=1368 val=0.13512
[dump]   top2 idx=1641 val=0.13512
[dump]   top3 idx=2120 val=0.13470
[dump]   top4 idx=1232 val=0.13120
[dump] L36.res    n=20480   finite=1 absmax=13.048       mean=0.020221     sumsq=22266.61617        argmax=16088
[dump]   top0 idx=16088 val=13.04838
[dump]   top1 idx=17671 val=10.63651
[dump]   top2 idx=15755 val=10.63427
[dump]   top3 idx=17598 val=10.17028
[dump]   top4 idx=11301 val=10.13842
[dump] L37.hcmix  n=2560    finite=1 absmax=2.4697       mean=0.027955     sumsq=904.2666598        argmax=1716
[dump]   top0 idx=1716 val=2.46971
[dump]   top1 idx=1313 val=2.32972
[dump]   top2 idx=1500 val=2.12541
[dump]   top3 idx=1132 val=2.11176
[dump]   top4 idx=1387 val=2.07054
[dump] L37.att    n=2560    finite=1 absmax=0.23917      mean=-0.00050229  sumsq=4.774450159        argmax=713
[dump]   top0 idx=713 val=0.23917
[dump]   top1 idx=951 val=0.20200
[dump]   top2 idx=1061 val=0.19692
[dump]   top3 idx=2348 val=0.19561
[dump]   top4 idx=1882 val=0.19374
[dump] L37.ffnxn  n=10240   finite=1 absmax=18.919       mean=0.048805     sumsq=33109.2963         argmax=6071
[dump]   top0 idx=6071 val=18.91866
[dump]   top1 idx=5848 val=17.67464
[dump]   top2 idx=7358 val=14.41393
[dump]   top3 idx=6214 val=10.42093
[dump]   top4 idx=5351 val=10.39193
[dump] L37.fmix   n=2560    finite=1 absmax=4.3912       mean=0.041893     sumsq=2471.318524        argmax=1313
[dump]   top0 idx=1313 val=3.50080
[dump]   top1 idx=2120 val=3.28605
[dump]   top2 idx=227 val=3.23339
[dump]   top3 idx=94 val=3.14282
[dump]   top4 idx=957 val=2.93846
[dump] L37.mid    n=10      finite=1 absmax=0 mean=0 sumsq=0 ids: 306 313 19 57 369 200 255 118 494 346
[dump] L37.moe    n=2560    finite=1 absmax=0.12704      mean=0.00055246   sumsq=2.820535117        argmax=205
[dump]   top0 idx=205 val=0.10876
[dump]   top1 idx=2389 val=0.10282
[dump]   top2 idx=1010 val=0.10150
[dump]   top3 idx=165 val=0.09673
[dump]   top4 idx=1601 val=0.09628
[dump] L37.res    n=20480   finite=1 absmax=17.131       mean=0.021842     sumsq=18704.02744        argmax=15365
[dump]   top0 idx=15365 val=17.13079
[dump]   top1 idx=15991 val=13.02446
[dump]   top2 idx=17279 val=11.82942
[dump]   top3 idx=15948 val=10.41094
[dump]   top4 idx=10927 val=10.05294
[dump] L38.hcmix  n=2560    finite=1 absmax=4.2162       mean=0.029379     sumsq=817.998947         argmax=5
[dump]   top0 idx=5 val=4.21621
[dump]   top1 idx=1919 val=2.86407
[dump]   top2 idx=1500 val=2.47971
[dump]   top3 idx=588 val=2.44551
[dump]   top4 idx=1313 val=2.38359
[dump] L38.att    n=2560    finite=1 absmax=0.44837      mean=-0.00031212  sumsq=8.586217939        argmax=36
[dump]   top0 idx=36 val=0.28193
[dump]   top1 idx=308 val=0.26215
[dump]   top2 idx=913 val=0.25286
[dump]   top3 idx=1959 val=0.24508
[dump]   top4 idx=403 val=0.23419
[dump] L38.ffnxn  n=10240   finite=1 absmax=20.144       mean=0.047993     sumsq=35917.08899        argmax=5751
[dump]   top0 idx=5751 val=13.81560
[dump]   top1 idx=5187 val=12.64517
[dump]   top2 idx=7087 val=12.24879
[dump]   top3 idx=6876 val=11.38281
[dump]   top4 idx=7358 val=10.28909
[dump] L38.fmix   n=2560    finite=1 absmax=4.646        mean=0.038442     sumsq=2373.622742        argmax=582
[dump]   top0 idx=582 val=2.71646
[dump]   top1 idx=125 val=2.70537
[dump]   top2 idx=1967 val=2.70333
[dump]   top3 idx=1602 val=2.68806
[dump]   top4 idx=1694 val=2.68135
[dump] L38.mid    n=10      finite=1 absmax=0 mean=0 sumsq=0 ids: 279 301 504 206 460 50 486 135 7 454
[dump] L38.moe    n=2560    finite=1 absmax=0.10769      mean=-0.00047647  sumsq=2.336187424        argmax=2422
[dump]   top0 idx=2422 val=0.10769
[dump]   top1 idx=1625 val=0.09422
[dump]   top2 idx=199 val=0.08646
[dump]   top3 idx=428 val=0.08632
[dump]   top4 idx=603 val=0.08581
[dump] L38.res    n=20480   finite=1 absmax=13.469       mean=0.013632     sumsq=13256.12974        argmax=15365
[dump]   top0 idx=15365 val=13.46885
[dump]   top1 idx=15427 val=10.68982
[dump]   top2 idx=16860 val=9.70685
[dump]   top3 idx=15991 val=9.53070
[dump]   top4 idx=10722 val=8.72401
[dump] L39.hcmix  n=2560    finite=1 absmax=3.0402       mean=0.00973      sumsq=407.8234284        argmax=5
[dump]   top0 idx=5 val=3.04019
[dump]   top1 idx=1756 val=1.72097
[dump]   top2 idx=1603 val=1.65202
[dump]   top3 idx=65 val=1.57812
[dump]   top4 idx=1967 val=1.49792
[dump] L39.att    n=2560    finite=1 absmax=0.3177       mean=0.00031445   sumsq=10.792285          argmax=2018
[dump]   top0 idx=2018 val=0.31770
[dump]   top1 idx=1882 val=0.31315
[dump]   top2 idx=799 val=0.27933
[dump]   top3 idx=2307 val=0.27481
[dump]   top4 idx=1301 val=0.26005
[dump] L39.ffnxn  n=10240   finite=1 absmax=24.36        mean=0.038451     sumsq=46634.08677        argmax=5187
[dump]   top0 idx=5187 val=24.36003
[dump]   top1 idx=5537 val=16.39124
[dump]   top2 idx=7358 val=15.03205
[dump]   top3 idx=5565 val=14.30841
[dump]   top4 idx=5520 val=14.25278
[dump] L39.fmix   n=2560    finite=1 absmax=5.3113       mean=0.028351     sumsq=2632.823332        argmax=67
[dump]   top0 idx=67 val=5.31130
[dump]   top1 idx=579 val=4.13006
[dump]   top2 idx=308 val=3.37465
[dump]   top3 idx=400 val=3.28242
[dump]   top4 idx=850 val=3.08800
[dump] L39.mid    n=10      finite=1 absmax=0 mean=0 sumsq=0 ids: 356 60 128 77 32 480 177 42 342 127
[dump] L39.moe    n=2560    finite=1 absmax=0.29861      mean=-0.00044308  sumsq=11.23944518        argmax=1368
[dump]   top0 idx=1368 val=0.23586
[dump]   top1 idx=1030 val=0.22180
[dump]   top2 idx=2356 val=0.21768
[dump]   top3 idx=1882 val=0.21716
[dump]   top4 idx=1734 val=0.21447
[dump] L39.res    n=20480   finite=1 absmax=26.912       mean=0.018981     sumsq=31400.66124        argmax=15991
[dump]   top0 idx=15991 val=18.59531
[dump]   top1 idx=15427 val=16.71478
[dump]   top2 idx=17702 val=15.06359
[dump]   top3 idx=15619 val=12.65765
[dump]   top4 idx=16565 val=11.35253
[dump] L40.hcmix  n=2560    finite=1 absmax=3.5531       mean=0.033254     sumsq=1666.422718        argmax=1716
[dump]   top0 idx=1716 val=3.55312
[dump]   top1 idx=1500 val=3.04055
[dump]   top2 idx=1717 val=3.00996
[dump]   top3 idx=2412 val=2.97132
[dump]   top4 idx=1967 val=2.94059
[dump] L40.att    n=2560    finite=1 absmax=0.43317      mean=0.0032034    sumsq=10.68985083        argmax=1061
[dump]   top0 idx=1061 val=0.43317
[dump]   top1 idx=882 val=0.25743
[dump]   top2 idx=1116 val=0.25695
[dump]   top3 idx=482 val=0.25249
[dump]   top4 idx=1717 val=0.23418
[dump] L40.ffnxn  n=10240   finite=1 absmax=27.356       mean=0.039985     sumsq=47352.61302        argmax=7358
[dump]   top0 idx=7358 val=27.35649
[dump]   top1 idx=5187 val=25.64855
[dump]   top2 idx=5537 val=15.47878
[dump]   top3 idx=5848 val=13.60984
[dump]   top4 idx=5520 val=12.64655
[dump] L40.fmix   n=2560    finite=1 absmax=6.7525       mean=0.026815     sumsq=3068.998681        argmax=67
[dump]   top0 idx=67 val=6.75250
[dump]   top1 idx=579 val=4.95573
[dump]   top2 idx=2238 val=4.71404
[dump]   top3 idx=1756 val=3.85524
[dump]   top4 idx=1844 val=3.50850
[dump] L40.mid    n=10      finite=1 absmax=0 mean=0 sumsq=0 ids: 232 335 280 172 138 22 398 52 220 66
[dump] L40.moe    n=2560    finite=1 absmax=0.12512      mean=0.00041263   sumsq=2.536093926        argmax=944
[dump]   top0 idx=944 val=0.12512
[dump]   top1 idx=179 val=0.09712
[dump]   top2 idx=2443 val=0.09196
[dump]   top3 idx=974 val=0.08619
[dump]   top4 idx=403 val=0.08567
[dump] L40.res    n=20480   finite=1 absmax=17.017       mean=0.023528     sumsq=24619.84845        argmax=15991
[dump]   top0 idx=15991 val=15.87865
[dump]   top1 idx=12122 val=10.15086
[dump]   top2 idx=14517 val=10.08386
[dump]   top3 idx=17598 val=10.05207
[dump]   top4 idx=17116 val=9.53109
[dump] L41.hcmix  n=2560    finite=1 absmax=3.159        mean=0.034923     sumsq=1213.257653        argmax=1717
[dump]   top0 idx=1717 val=3.15904
[dump]   top1 idx=2078 val=2.96880
[dump]   top2 idx=631 val=2.67594
[dump]   top3 idx=1500 val=2.67580
[dump]   top4 idx=1716 val=2.60750
[dump] L41.att    n=2560    finite=1 absmax=0.52542      mean=0.00023137   sumsq=8.154388652        argmax=1882
[dump]   top0 idx=1882 val=0.52542
[dump]   top1 idx=993 val=0.23565
[dump]   top2 idx=562 val=0.22112
[dump]   top3 idx=1067 val=0.21740
[dump]   top4 idx=1234 val=0.20341
[dump] L41.ffnxn  n=10240   finite=1 absmax=22.964       mean=0.045291     sumsq=47256.61766        argmax=5187
[dump]   top0 idx=5187 val=22.96385
[dump]   top1 idx=5537 val=17.03942
[dump]   top2 idx=5751 val=16.94060
[dump]   top3 idx=7358 val=15.25142
[dump]   top4 idx=6876 val=12.17474
[dump] L41.fmix   n=2560    finite=1 absmax=6.1276       mean=0.03172      sumsq=2955.990047        argmax=67
[dump]   top0 idx=67 val=6.12765
[dump]   top1 idx=2190 val=4.10112
[dump]   top2 idx=579 val=3.89496
[dump]   top3 idx=1756 val=3.89151
[dump]   top4 idx=1693 val=3.82307
[dump] L41.mid    n=10      finite=1 absmax=0 mean=0 sumsq=0 ids: 59 240 205 149 366 132 105 433 118 450
[dump] L41.moe    n=2560    finite=1 absmax=0.096526     mean=-3.6029e-05  sumsq=1.526530029        argmax=1070
[dump]   top0 idx=1070 val=0.07765
[dump]   top1 idx=1992 val=0.07539
[dump]   top2 idx=328 val=0.07489
[dump]   top3 idx=505 val=0.07486
[dump]   top4 idx=1005 val=0.07167
[dump] L41.res    n=20480   finite=1 absmax=13.986       mean=0.023266     sumsq=25106.97722        argmax=15991
[dump]   top0 idx=15991 val=12.20363
[dump]   top1 idx=16860 val=10.16935
[dump]   top2 idx=15212 val=9.57386
[dump]   top3 idx=11608 val=9.16734
[dump]   top4 idx=17598 val=8.68572
[dump] L42.hcmix  n=2560    finite=1 absmax=3.4429       mean=0.030003     sumsq=1304.655327        argmax=2078
[dump]   top0 idx=2078 val=3.05427
[dump]   top1 idx=1882 val=2.82374
[dump]   top2 idx=2412 val=2.80009
[dump]   top3 idx=1717 val=2.57864
[dump]   top4 idx=1716 val=2.53013
[dump] L42.att    n=2560    finite=1 absmax=0.32021      mean=-0.00056103  sumsq=5.578664932        argmax=36
[dump]   top0 idx=36 val=0.23091
[dump]   top1 idx=1039 val=0.23079
[dump]   top2 idx=482 val=0.22916
[dump]   top3 idx=722 val=0.20252
[dump]   top4 idx=517 val=0.19626
[dump] L42.ffnxn  n=10240   finite=1 absmax=18.28        mean=0.045173     sumsq=48180.44715        argmax=5187
[dump]   top0 idx=5187 val=18.27967
[dump]   top1 idx=6071 val=15.45993
[dump]   top2 idx=7358 val=12.95089
[dump]   top3 idx=5848 val=12.22361
[dump]   top4 idx=5537 val=11.15101
[dump] L42.fmix   n=2560    finite=1 absmax=4.7715       mean=0.032896     sumsq=3223.268973        argmax=67
[dump]   top0 idx=67 val=4.46301
[dump]   top1 idx=579 val=4.06523
[dump]   top2 idx=1693 val=4.02413
[dump]   top3 idx=2190 val=3.85280
[dump]   top4 idx=2078 val=3.84384
[dump] L42.mid    n=10      finite=1 absmax=0 mean=0 sumsq=0 ids: 341 3 310 212 151 391 140 509 290 110
[dump] L42.moe    n=2560    finite=1 absmax=0.12743      mean=0.00038693   sumsq=3.075492355        argmax=1502
[dump]   top0 idx=1502 val=0.12743
[dump]   top1 idx=434 val=0.12160
[dump]   top2 idx=1594 val=0.11487
[dump]   top3 idx=1039 val=0.11071
[dump]   top4 idx=1389 val=0.10777
[dump] L42.res    n=20480   finite=1 absmax=11.212       mean=0.012016     sumsq=8040.361497        argmax=15365
[dump]   top0 idx=15365 val=10.03082
[dump]   top1 idx=15427 val=9.47829
[dump]   top2 idx=13682 val=7.97471
[dump]   top3 idx=15991 val=7.82739
[dump]   top4 idx=17279 val=7.59815
[dump] L43.hcmix  n=2560    finite=1 absmax=2.5523       mean=0.0094691    sumsq=149.5820389        argmax=882
[dump]   top0 idx=882 val=2.55233
[dump]   top1 idx=2078 val=2.33616
[dump]   top2 idx=5 val=2.12053
[dump]   top3 idx=36 val=1.53635
[dump]   top4 idx=579 val=1.43008
[dump] L43.att    n=2560    finite=1 absmax=0.54326      mean=0.0020812    sumsq=8.928108439        argmax=417
[dump]   top0 idx=417 val=0.54326
[dump]   top1 idx=67 val=0.50254
[dump]   top2 idx=1959 val=0.36717
[dump]   top3 idx=1391 val=0.33290
[dump]   top4 idx=1844 val=0.30122
[dump] L43.ffnxn  n=10240   finite=1 absmax=23.904       mean=0.042593     sumsq=35095.643          argmax=5187
[dump]   top0 idx=5187 val=23.90417
[dump]   top1 idx=5537 val=18.58163
[dump]   top2 idx=5848 val=11.53562
[dump]   top3 idx=6964 val=11.33224
[dump]   top4 idx=7462 val=11.20408
[dump] L43.fmix   n=2560    finite=1 absmax=6.3083       mean=0.030188     sumsq=2461.488513        argmax=67
[dump]   top0 idx=67 val=6.30830
[dump]   top1 idx=2239 val=3.60271
[dump]   top2 idx=1502 val=3.39530
[dump]   top3 idx=2425 val=3.35669
[dump]   top4 idx=579 val=3.30047
[dump] L43.mid    n=10      finite=1 absmax=0 mean=0 sumsq=0 ids: 300 86 462 483 64 98 324 270 499 18
[dump] L43.moe    n=2560    finite=1 absmax=0.2067       mean=-0.00058071  sumsq=5.221504191        argmax=1882
[dump]   top0 idx=1882 val=0.20670
[dump]   top1 idx=944 val=0.19070
[dump]   top2 idx=1676 val=0.14851
[dump]   top3 idx=582 val=0.13516
[dump]   top4 idx=681 val=0.13174
[dump] L43.res    n=20480   finite=1 absmax=22.014       mean=0.029276     sumsq=35331.52287        argmax=15991
[dump]   top0 idx=15991 val=15.85628
[dump]   top1 idx=17598 val=12.51835
[dump]   top2 idx=15994 val=12.13427
[dump]   top3 idx=17838 val=11.36693
[dump]   top4 idx=12614 val=11.18323
[dump] L44.hcmix  n=2560    finite=1 absmax=4.6013       mean=0.020084     sumsq=799.2002983        argmax=1633
[dump]   top0 idx=1633 val=4.60134
[dump]   top1 idx=482 val=3.74446
[dump]   top2 idx=1717 val=3.18613
[dump]   top3 idx=882 val=3.08085
[dump]   top4 idx=1882 val=2.91049
[dump] L44.att    n=2560    finite=1 absmax=2.1759       mean=-0.00054613  sumsq=66.07263547        argmax=1238
[dump]   top0 idx=1238 val=0.80455
[dump]   top1 idx=634 val=0.72308
[dump]   top2 idx=1882 val=0.56835
[dump]   top3 idx=181 val=0.54249
[dump]   top4 idx=1603 val=0.51269
[dump] L44.ffnxn  n=10240   finite=1 absmax=25.754       mean=0.043534     sumsq=37708.96005        argmax=5187
[dump]   top0 idx=5187 val=25.75421
[dump]   top1 idx=5537 val=22.39091
[dump]   top2 idx=6964 val=14.66797
[dump]   top3 idx=7462 val=14.26847
[dump]   top4 idx=6578 val=13.69349
[dump] L44.fmix   n=2560    finite=1 absmax=6.9757       mean=0.030692     sumsq=2883.732536        argmax=67
[dump]   top0 idx=67 val=6.97569
[dump]   top1 idx=1633 val=5.26813
[dump]   top2 idx=417 val=4.95610
[dump]   top3 idx=1844 val=4.75677
[dump]   top4 idx=944 val=4.42463
[dump] L44.mid    n=10      finite=1 absmax=0 mean=0 sumsq=0 ids: 287 87 61 401 75 192 190 119 172 383
[dump] L44.moe    n=2560    finite=1 absmax=0.10098      mean=0.00046982   sumsq=1.835580225        argmax=728
[dump]   top0 idx=728 val=0.10098
[dump]   top1 idx=1125 val=0.09590
[dump]   top2 idx=206 val=0.08491
[dump]   top3 idx=659 val=0.08465
[dump]   top4 idx=1387 val=0.08226
[dump] L44.res    n=20480   finite=1 absmax=41.337       mean=0.02132      sumsq=27173.01894        argmax=15991
[dump]   top0 idx=15991 val=22.36344
[dump]   top1 idx=16565 val=12.29950
[dump]   top2 idx=17598 val=11.11887
[dump]   top3 idx=17319 val=11.01601
[dump]   top4 idx=15212 val=10.47927
[dump] L45.hcmix  n=2560    finite=1 absmax=8.5942       mean=0.027674     sumsq=1263.723022        argmax=631
[dump]   top0 idx=631 val=4.95128
[dump]   top1 idx=882 val=3.22729
[dump]   top2 idx=944 val=2.85818
[dump]   top3 idx=1633 val=2.79921
[dump]   top4 idx=2412 val=2.68584
[dump] L45.att    n=2560    finite=1 absmax=2.069        mean=0.0060065    sumsq=160.9595663        argmax=631
[dump]   top0 idx=631 val=1.50918
[dump]   top1 idx=1810 val=1.40410
[dump]   top2 idx=1882 val=1.39534
[dump]   top3 idx=1202 val=1.29191
[dump]   top4 idx=634 val=1.05170
[dump] L45.ffnxn  n=10240   finite=1 absmax=30.14        mean=0.04893      sumsq=38839.98727        argmax=5187
[dump]   top0 idx=5187 val=30.14035
[dump]   top1 idx=5537 val=29.45865
[dump]   top2 idx=5754 val=17.13116
[dump]   top3 idx=6578 val=16.46072
[dump]   top4 idx=5751 val=15.86591
[dump] L45.fmix   n=2560    finite=1 absmax=7.1806       mean=0.034337     sumsq=2793.547334        argmax=67
[dump]   top0 idx=67 val=7.18059
[dump]   top1 idx=1633 val=5.58556
[dump]   top2 idx=417 val=5.01139
[dump]   top3 idx=1844 val=4.44380
[dump]   top4 idx=944 val=4.15496
[dump] L45.mid    n=10      finite=1 absmax=0 mean=0 sumsq=0 ids: 237 66 343 85 339 303 280 443 103 471
[dump] L45.moe    n=2560    finite=1 absmax=0.12248      mean=-0.00062085  sumsq=2.323889705        argmax=331
[dump]   top0 idx=331 val=0.11678
[dump]   top1 idx=1410 val=0.10989
[dump]   top2 idx=1153 val=0.09043
[dump]   top3 idx=2089 val=0.08959
[dump]   top4 idx=190 val=0.08602
[dump] L45.res    n=20480   finite=1 absmax=29.087       mean=0.020935     sumsq=29202.90802        argmax=15427
[dump]   top0 idx=15427 val=29.08723
[dump]   top1 idx=14610 val=19.32341
[dump]   top2 idx=15991 val=17.62221
[dump]   top3 idx=17204 val=14.60381
[dump]   top4 idx=15212 val=13.95900
[dump] L46.hcmix  n=2560    finite=1 absmax=5.4288       mean=0.022951     sumsq=1679.498924        argmax=1810
[dump]   top0 idx=1810 val=4.94260
[dump]   top1 idx=1633 val=4.65681
[dump]   top2 idx=1882 val=4.60445
[dump]   top3 idx=634 val=3.75876
[dump]   top4 idx=631 val=3.45908
[dump] L46.att    n=2560    finite=1 absmax=5.6806       mean=0.0016826    sumsq=238.7652795        argmax=181
[dump]   top0 idx=181 val=2.99869
[dump]   top1 idx=951 val=2.29252
[dump]   top2 idx=2502 val=1.63301
[dump]   top3 idx=634 val=1.61979
[dump]   top4 idx=2442 val=1.55582
[dump] L46.ffnxn  n=10240   finite=1 absmax=27.363       mean=0.030797     sumsq=34141.56516        argmax=5537
[dump]   top0 idx=5537 val=27.36296
[dump]   top1 idx=5187 val=25.82197
[dump]   top2 idx=6578 val=18.76885
[dump]   top3 idx=5751 val=16.83730
[dump]   top4 idx=5754 val=14.68903
[dump] L46.fmix   n=2560    finite=1 absmax=6.042        mean=0.022025     sumsq=2626.308627        argmax=67
[dump]   top0 idx=67 val=6.04198
[dump]   top1 idx=634 val=4.33165
[dump]   top2 idx=1633 val=4.32945
[dump]   top3 idx=944 val=4.17584
[dump]   top4 idx=417 val=4.10715
[dump] L46.mid    n=10      finite=1 absmax=0 mean=0 sumsq=0 ids: 25 505 56 60 115 264 123 463 281 258
[dump] L46.moe    n=2560    finite=1 absmax=0.17638      mean=-0.00013273  sumsq=3.440784138        argmax=19
[dump]   top0 idx=19 val=0.13767
[dump]   top1 idx=1872 val=0.13489
[dump]   top2 idx=63 val=0.13148
[dump]   top3 idx=617 val=0.13115
[dump]   top4 idx=2190 val=0.12186
[dump] L46.res    n=20480   finite=1 absmax=15.274       mean=0.012934     sumsq=16197.16867        argmax=15427
[dump]   top0 idx=15427 val=12.03027
[dump]   top1 idx=12122 val=9.39495
[dump]   top2 idx=17702 val=8.47350
[dump]   top3 idx=17204 val=7.94352
[dump]   top4 idx=15991 val=7.88140
[dump] L47.hcmix  n=2560    finite=1 absmax=4.6024       mean=0.0078993    sumsq=700.1459396        argmax=1238
[dump]   top0 idx=1238 val=2.16267
[dump]   top1 idx=482 val=2.15863
[dump]   top2 idx=2183 val=2.14495
[dump]   top3 idx=944 val=2.00907
[dump]   top4 idx=1967 val=1.82959
[dump] L47.att    n=2560    finite=1 absmax=1.2631       mean=-0.0034318   sumsq=45.26665981        argmax=1027
[dump]   top0 idx=1027 val=1.26311
[dump]   top1 idx=722 val=0.73091
[dump]   top2 idx=579 val=0.70954
[dump]   top3 idx=36 val=0.69137
[dump]   top4 idx=1395 val=0.63928
[dump] L47.ffnxn  n=10240   finite=1 absmax=24.195       mean=0.017281     sumsq=25308.89197        argmax=5187
[dump]   top0 idx=5187 val=24.19500
[dump]   top1 idx=5537 val=19.95857
[dump]   top2 idx=6964 val=12.89855
[dump]   top3 idx=1882 val=12.31156
[dump]   top4 idx=7462 val=11.42438
[dump] L47.fmix   n=2560    finite=1 absmax=5.6253       mean=0.011269     sumsq=2512.386954        argmax=67
[dump]   top0 idx=67 val=5.62525
[dump]   top1 idx=417 val=4.39797
[dump]   top2 idx=1882 val=4.32696
[dump]   top3 idx=944 val=3.91206
[dump]   top4 idx=1844 val=3.68690
[dump] L47.mid    n=10      finite=1 absmax=0 mean=0 sumsq=0 ids: 481 186 286 354 352 196 367 316 184 95
[dump] L47.moe    n=2560    finite=1 absmax=1.1099       mean=-0.00061351  sumsq=20.93390551        argmax=181
[dump]   top0 idx=181 val=0.87678
[dump]   top1 idx=634 val=0.41224
[dump]   top2 idx=951 val=0.34489
[dump]   top3 idx=88 val=0.29895
[dump]   top4 idx=1292 val=0.28651
[dump] L47.res    n=20480   finite=1 absmax=110.93       mean=-0.0016228   sumsq=202761.6746        argmax=12981
[dump]   top0 idx=12981 val=66.08995
[dump]   top1 idx=15541 val=51.69355
[dump]   top2 idx=13434 val=48.39316
[dump]   top3 idx=18101 val=48.11929
[dump]   top4 idx=15994 val=40.70277
[dump] L00.hcmix  n=2560    finite=1 absmax=5.4804       mean=0.055681     sumsq=1651.531996        argmax=533
[dump]   top0 idx=533 val=5.48042
[dump]   top1 idx=1424 val=5.03314
[dump]   top2 idx=227 val=4.09944
[dump]   top3 idx=1069 val=3.87601
[dump]   top4 idx=1028 val=3.86890
[dump] L00.att    n=2560    finite=1 absmax=0.7683       mean=-0.00058846  sumsq=25.4313607         argmax=5
[dump]   top0 idx=5 val=0.76830
[dump]   top1 idx=417 val=0.74188
[dump]   top2 idx=67 val=0.67076
[dump]   top3 idx=2342 val=0.53429
[dump]   top4 idx=2325 val=0.38891
[dump] L00.ffnxn  n=10240   finite=1 absmax=11.528       mean=0.034471     sumsq=13704.62527        argmax=5125
[dump]   top0 idx=5125 val=11.52792
[dump]   top1 idx=7462 val=10.21539
[dump]   top2 idx=5187 val=9.45468
[dump]   top3 idx=5185 val=8.98617
[dump]   top4 idx=7594 val=8.82635
[dump] L00.fmix   n=2560    finite=1 absmax=1.9301       mean=0.015139     sumsq=403.7038477        argmax=1682
[dump]   top0 idx=1682 val=1.93007
[dump]   top1 idx=2474 val=1.87568
[dump]   top2 idx=1733 val=1.71622
[dump]   top3 idx=796 val=1.63881
[dump]   top4 idx=707 val=1.60155
[dump] L00.mid    n=10      finite=1 absmax=0 mean=0 sumsq=0 ids: 460 479 15 139 367 339 497 11 340 449
[dump] L00.moe    n=2560    finite=1 absmax=0.25278      mean=0.00049631   sumsq=2.478660716        argmax=1682
[dump]   top0 idx=1682 val=0.25278
[dump]   top1 idx=728 val=0.19798
[dump]   top2 idx=268 val=0.17653
[dump]   top3 idx=579 val=0.16937
[dump]   top4 idx=2238 val=0.16082
[dump] L00.res    n=10240   finite=1 absmax=0.22376      mean=0.00046861   sumsq=2.68966003         argmax=6802
[dump]   top0 idx=6802 val=0.22376
[dump]   top1 idx=5125 val=0.19488
[dump]   top2 idx=5187 val=0.17023
[dump]   top3 idx=5848 val=0.16976
[dump]   top4 idx=6325 val=0.14544
[dump] ple.inp    n=2560    finite=1 absmax=0.025752     mean=0.00016151   sumsq=0.1431828167       argmax=2382
[dump]   top0 idx=2382 val=0.02575
[dump]   top1 idx=437 val=0.02568
[dump]   top2 idx=1438 val=0.02506
[dump]   top3 idx=920 val=0.02291
[dump]   top4 idx=1809 val=0.02171
[dump] ple.key    n=10240   finite=1 absmax=0.56498      mean=-0.0011121   sumsq=2.040633831        argmax=943
[dump]   top0 idx=943 val=0.37836
[dump]   top1 idx=7568 val=0.18994
[dump]   top2 idx=302 val=0.11826
[dump]   top3 idx=8565 val=0.10456
[dump]   top4 idx=1473 val=0.09975
[dump] ple.value  n=2560    finite=1 absmax=0.080191     mean=0.00016897   sumsq=0.09782214501      argmax=268
[dump]   top0 idx=268 val=0.03537
[dump]   top1 idx=728 val=0.02430
[dump]   top2 idx=2242 val=0.02040
[dump]   top3 idx=36 val=0.02023
[dump]   top4 idx=991 val=0.02021
[dump] ple.knorm  n=10240   finite=1 absmax=86.009       mean=-0.060216    sumsq=17807.12046        argmax=7568
[dump]   top0 idx=7568 val=34.48362
[dump]   top1 idx=943 val=19.50196
[dump]   top2 idx=8565 val=13.13403
[dump]   top3 idx=6534 val=10.35929
[dump]   top4 idx=6593 val=7.06886
[dump] ple.qnorm  n=10240   finite=1 absmax=7.3911       mean=0.054235     sumsq=8319.087621        argmax=9362
[dump]   top0 idx=9362 val=7.39105
[dump]   top1 idx=6802 val=7.36589
[dump]   top2 idx=7685 val=6.87208
[dump]   top3 idx=2565 val=6.32442
[dump]   top4 idx=7907 val=6.01920
[dump] ple.gate   n=4       finite=1 absmax=0.13933      mean=0.074726     sumsq=0.02973922102      argmax=1
[dump] ple.gated  n=10240   finite=1 absmax=0.011173     mean=1.2627e-05   sumsq=0.002909154382     argmax=2828
[dump]   top0 idx=2828 val=0.00493
[dump]   top1 idx=3288 val=0.00339
[dump]   top2 idx=4802 val=0.00284
[dump]   top3 idx=2596 val=0.00282
[dump]   top4 idx=3551 val=0.00282
[dump] ple.conv   n=10240   finite=1 absmax=0.25059      mean=0.00023729   sumsq=1.977439427        argmax=3551
[dump]   top0 idx=3551 val=0.15575
[dump]   top1 idx=3978 val=0.14628
[dump]   top2 idx=3490 val=0.12888
[dump]   top3 idx=3208 val=0.10699
[dump]   top4 idx=4327 val=0.10078
[dump] ple.out    n=10240   finite=1 absmax=0.24526      mean=0.00071853   sumsq=4.49644698         argmax=5125
[dump]   top0 idx=5125 val=0.19379
[dump]   top1 idx=5848 val=0.18386
[dump]   top2 idx=5187 val=0.17010
[dump]   top3 idx=3551 val=0.15896
[dump]   top4 idx=3978 val=0.15096
[dump] L01.ple    n=10240   finite=1 absmax=0.24526      mean=0.00071853   sumsq=4.49644698         argmax=5125
[dump]   top0 idx=5125 val=0.19379
[dump]   top1 idx=5848 val=0.18386
[dump]   top2 idx=5187 val=0.17010
[dump]   top3 idx=3551 val=0.15896
[dump]   top4 idx=3978 val=0.15096
[dump] L01.hcmix  n=2560    finite=1 absmax=3.3642       mean=0.011505     sumsq=407.5100358        argmax=5
[dump]   top0 idx=5 val=2.68836
[dump]   top1 idx=1487 val=2.52544
[dump]   top2 idx=588 val=2.29399
[dump]   top3 idx=631 val=2.28029
[dump]   top4 idx=1111 val=2.05290
[dump] L01.att    n=2560    finite=1 absmax=0.88938      mean=-0.0065652   sumsq=46.71693274        argmax=1392
[dump]   top0 idx=1392 val=0.88938
[dump]   top1 idx=1473 val=0.59362
[dump]   top2 idx=736 val=0.57620
[dump]   top3 idx=667 val=0.56382
[dump]   top4 idx=308 val=0.50750
[dump] L01.ffnxn  n=10240   finite=1 absmax=10.889       mean=0.015667     sumsq=13217.4694         argmax=6507
[dump]   top0 idx=6507 val=10.49323
[dump]   top1 idx=7462 val=8.04365
[dump]   top2 idx=5187 val=7.24173
[dump]   top3 idx=4896 val=7.10811
[dump]   top4 idx=5708 val=6.96795
[dump] L01.fmix   n=2560    finite=1 absmax=2.3501       mean=-0.0037233   sumsq=381.282025         argmax=5
[dump]   top0 idx=5 val=2.12597
[dump]   top1 idx=227 val=1.72072
[dump]   top2 idx=588 val=1.52032
[dump]   top3 idx=533 val=1.34660
[dump]   top4 idx=389 val=1.32819
[dump] L01.mid    n=10      finite=1 absmax=0 mean=0 sumsq=0 ids: 500 154 69 86 505 306 19 349 249 158
[dump] L01.moe    n=2560    finite=1 absmax=0.044777     mean=8.1465e-05   sumsq=0.1518029274       argmax=855
[dump]   top0 idx=855 val=0.04478
[dump]   top1 idx=514 val=0.02657
[dump]   top2 idx=2301 val=0.02308
[dump]   top3 idx=1039 val=0.02232
[dump]   top4 idx=548 val=0.02226
[dump] L01.res    n=20480   finite=1 absmax=13.967       mean=0.016371     sumsq=15714.7801         argmax=19312
[dump]   top0 idx=19312 val=13.96723
[dump]   top1 idx=15365 val=12.84789
[dump]   top2 idx=16454 val=12.08785
[dump]   top3 idx=15948 val=10.19404
[dump]   top4 idx=15427 val=8.60391
[dump] L02.hcmix  n=2560    finite=1 absmax=3.4044       mean=0.01243      sumsq=621.437573         argmax=5
[dump]   top0 idx=5 val=3.40443
[dump]   top1 idx=351 val=2.77252
[dump]   top2 idx=631 val=2.56306
[dump]   top3 idx=588 val=2.44262
[dump]   top4 idx=67 val=2.06741
[dump] L02.att    n=2560    finite=1 absmax=0.50771      mean=0.0054236    sumsq=28.96782032        argmax=1474
[dump]   top0 idx=1474 val=0.37688
[dump]   top1 idx=253 val=0.37125
[dump]   top2 idx=524 val=0.36436
[dump]   top3 idx=599 val=0.36202
[dump]   top4 idx=2078 val=0.36029
[dump] L02.ffnxn  n=10240   finite=1 absmax=11.208       mean=0.041738     sumsq=16246.62658        argmax=5187
[dump]   top0 idx=5187 val=8.62615
[dump]   top1 idx=6325 val=8.00529
[dump]   top2 idx=3978 val=7.92432
[dump]   top3 idx=3551 val=7.63170
[dump]   top4 idx=7462 val=7.51333
[dump] L02.fmix   n=2560    finite=1 absmax=2.9341       mean=0.0089258    sumsq=393.6625566        argmax=631
[dump]   top0 idx=631 val=1.40425
[dump]   top1 idx=1881 val=1.36363
[dump]   top2 idx=227 val=1.30676
[dump]   top3 idx=2342 val=1.27007
[dump]   top4 idx=2272 val=1.23494
[dump] L02.mid    n=10      finite=1 absmax=0 mean=0 sumsq=0 ids: 75 247 492 54 480 12 13 61 181 32
[dump] L02.moe    n=2560    finite=1 absmax=0.058327     mean=0.00046051   sumsq=0.2301718322       argmax=728
[dump]   top0 idx=728 val=0.05833
[dump]   top1 idx=65 val=0.05804
[dump]   top2 idx=588 val=0.05714
[dump]   top3 idx=951 val=0.05398
[dump]   top4 idx=1205 val=0.03786
[dump] L02.res    n=20480   finite=1 absmax=14.743       mean=0.01856      sumsq=7789.007719        argmax=15365
[dump]   top0 idx=15365 val=14.74276
[dump]   top1 idx=16088 val=13.47302
[dump]   top2 idx=19312 val=8.25881
[dump]   top3 idx=15948 val=7.23627
[dump]   top4 idx=15427 val=6.57861
[dump] L03.hcmix  n=2560    finite=1 absmax=3.628        mean=0.015606     sumsq=273.1165039        argmax=5
[dump]   top0 idx=5 val=3.62801
[dump]   top1 idx=631 val=2.16054
[dump]   top2 idx=788 val=2.13710
[dump]   top3 idx=588 val=1.74653
[dump]   top4 idx=65 val=1.53982
[dump] L03.att    n=2560    finite=1 absmax=0.44779      mean=-0.0031493   sumsq=17.21416064        argmax=2442
[dump]   top0 idx=2442 val=0.44779
[dump]   top1 idx=551 val=0.31047
[dump]   top2 idx=1890 val=0.26977
[dump]   top3 idx=1395 val=0.25581
[dump]   top4 idx=1453 val=0.24981
[dump] L03.ffnxn  n=10240   finite=1 absmax=20.195       mean=0.036157     sumsq=18647.44828        argmax=5848
[dump]   top0 idx=5848 val=20.19525
[dump]   top1 idx=5187 val=9.77387
[dump]   top2 idx=7462 val=9.03209
[dump]   top3 idx=5537 val=8.57384
[dump]   top4 idx=5538 val=8.37612
[dump] L03.fmix   n=2560    finite=1 absmax=4.5453       mean=0.0076489    sumsq=708.4416013        argmax=67
[dump]   top0 idx=67 val=2.30980
[dump]   top1 idx=631 val=1.98864
[dump]   top2 idx=728 val=1.89789
[dump]   top3 idx=1930 val=1.76372
[dump]   top4 idx=65 val=1.69747
[dump] L03.mid    n=10      finite=1 absmax=0 mean=0 sumsq=0 ids: 504 101 365 190 143 318 441 231 71 8
[dump] L03.moe    n=2560    finite=1 absmax=0.050245     mean=7.2064e-05   sumsq=0.3075662511       argmax=949
[dump]   top0 idx=949 val=0.05025
[dump]   top1 idx=1096 val=0.04176
[dump]   top2 idx=2140 val=0.03864
[dump]   top3 idx=1588 val=0.03138
[dump]   top4 idx=544 val=0.03111
[dump] L03.res    n=20480   finite=1 absmax=16.056       mean=0.020843     sumsq=16453.32042        argmax=15365
[dump]   top0 idx=15365 val=16.05649
[dump]   top1 idx=15948 val=13.32684
[dump]   top2 idx=16088 val=10.52763
[dump]   top3 idx=16565 val=9.74683
[dump]   top4 idx=18012 val=9.63477
[dump] L04.hcmix  n=2560    finite=1 absmax=4.1674       mean=0.023014     sumsq=743.5573027        argmax=5
[dump]   top0 idx=5 val=4.16737
[dump]   top1 idx=631 val=2.63094
[dump]   top2 idx=92 val=2.40720
[dump]   top3 idx=588 val=2.39424
[dump]   top4 idx=667 val=2.02824
[dump] L04.att    n=2560    finite=1 absmax=0.39778      mean=0.00018361   sumsq=16.21120599        argmax=1653
[dump]   top0 idx=1653 val=0.39778
[dump]   top1 idx=631 val=0.29416
[dump]   top2 idx=2433 val=0.28081
[dump]   top3 idx=1634 val=0.24946
[dump]   top4 idx=406 val=0.24596
[dump] L04.ffnxn  n=10240   finite=1 absmax=17.008       mean=0.038196     sumsq=20337.69117        argmax=5848
[dump]   top0 idx=5848 val=17.00816
[dump]   top1 idx=5537 val=9.85506
[dump]   top2 idx=5187 val=9.83064
[dump]   top3 idx=7462 val=9.60020
[dump]   top4 idx=6861 val=9.22243
[dump] L04.fmix   n=2560    finite=1 absmax=3.7485       mean=0.011392     sumsq=804.15991          argmax=1521
[dump]   top0 idx=1521 val=1.87398
[dump]   top1 idx=1205 val=1.85725
[dump]   top2 idx=67 val=1.81992
[dump]   top3 idx=765 val=1.74809
[dump]   top4 idx=753 val=1.72832
[dump] L04.mid    n=10      finite=1 absmax=0 mean=0 sumsq=0 ids: 106 41 320 209 410 500 252 496 274 68
[dump] L04.moe    n=2560    finite=1 absmax=0.068569     mean=5.3057e-05   sumsq=0.3230885164       argmax=1653
[dump]   top0 idx=1653 val=0.06857
[dump]   top1 idx=579 val=0.04072
[dump]   top2 idx=1185 val=0.03970
[dump]   top3 idx=1199 val=0.03745
[dump]   top4 idx=2083 val=0.03636
[dump] L04.res    n=20480   finite=1 absmax=21.316       mean=0.017984     sumsq=15697.45831        argmax=19573
[dump]   top0 idx=19573 val=21.31628
[dump]   top1 idx=15948 val=13.14687
[dump]   top2 idx=15365 val=13.09698
[dump]   top3 idx=16088 val=12.17245
[dump]   top4 idx=16311 val=9.62968
[dump] L05.hcmix  n=2560    finite=1 absmax=3.4985       mean=0.018225     sumsq=684.6796311        argmax=5
[dump]   top0 idx=5 val=3.49851
[dump]   top1 idx=1653 val=3.38540
[dump]   top2 idx=588 val=3.26086
[dump]   top3 idx=92 val=2.60401
[dump]   top4 idx=631 val=2.20688
[dump] L05.att    n=2560    finite=1 absmax=0.3411       mean=0.00012148   sumsq=15.83012422        argmax=1134
[dump]   top0 idx=1134 val=0.34095
[dump]   top1 idx=200 val=0.29730
[dump]   top2 idx=1716 val=0.29345
[dump]   top3 idx=1205 val=0.28894
[dump]   top4 idx=1770 val=0.28868
[dump] L05.ffnxn  n=10240   finite=1 absmax=9.7514       mean=0.045382     sumsq=19901.48338        argmax=5537
[dump]   top0 idx=5537 val=9.75136
[dump]   top1 idx=3551 val=9.72332
[dump]   top2 idx=5187 val=9.49556
[dump]   top3 idx=3978 val=9.21311
[dump]   top4 idx=5848 val=9.16142
[dump] L05.fmix   n=2560    finite=1 absmax=2.2409       mean=0.01311      sumsq=589.3967799        argmax=631
[dump]   top0 idx=631 val=2.24087
[dump]   top1 idx=1205 val=2.03471
[dump]   top2 idx=753 val=1.75367
[dump]   top3 idx=1512 val=1.58482
[dump]   top4 idx=728 val=1.44547
[dump] L05.mid    n=10      finite=1 absmax=0 mean=0 sumsq=0 ids: 446 344 236 471 314 468 169 291 140 49
[dump] L05.moe    n=2560    finite=1 absmax=0.03688      mean=0.00025292   sumsq=0.2246101535       argmax=2533
[dump]   top0 idx=2533 val=0.03687
[dump]   top1 idx=885 val=0.03687
[dump]   top2 idx=524 val=0.03476
[dump]   top3 idx=2505 val=0.03230
[dump]   top4 idx=2314 val=0.03157
[dump] L05.res    n=20480   finite=1 absmax=15.358       mean=0.021132     sumsq=13271.77029        argmax=15365
[dump]   top0 idx=15365 val=15.35806
[dump]   top1 idx=16088 val=14.02644
[dump]   top2 idx=15948 val=10.82290
[dump]   top3 idx=18012 val=9.93601
[dump]   top4 idx=17702 val=9.06644
[dump] L06.hcmix  n=2560    finite=1 absmax=4.2714       mean=0.020089     sumsq=670.2470308        argmax=5
[dump]   top0 idx=5 val=4.27144
[dump]   top1 idx=92 val=2.91834
[dump]   top2 idx=588 val=2.64686
[dump]   top3 idx=2342 val=2.12515
[dump]   top4 idx=1512 val=1.93725
[dump] L06.att    n=2560    finite=1 absmax=1.1536       mean=-0.0013275   sumsq=57.93191789        argmax=482
[dump]   top0 idx=482 val=1.15364
[dump]   top1 idx=951 val=1.11089
[dump]   top2 idx=728 val=0.75186
[dump]   top3 idx=993 val=0.62373
[dump]   top4 idx=1682 val=0.61625
[dump] L06.ffnxn  n=10240   finite=1 absmax=10.996       mean=0.039091     sumsq=18656.29452        argmax=7462
[dump]   top0 idx=7462 val=9.70125
[dump]   top1 idx=5848 val=9.44714
[dump]   top2 idx=6507 val=8.76608
[dump]   top3 idx=6071 val=8.60953
[dump]   top4 idx=5187 val=8.18916
[dump] L06.fmix   n=2560    finite=1 absmax=2.8203       mean=0.018206     sumsq=871.2091285        argmax=631
[dump]   top0 idx=631 val=2.46356
[dump]   top1 idx=67 val=1.91844
[dump]   top2 idx=1512 val=1.90051
[dump]   top3 idx=1523 val=1.86902
[dump]   top4 idx=445 val=1.79057
[dump] L06.mid    n=10      finite=1 absmax=0 mean=0 sumsq=0 ids: 51 152 159 165 91 375 432 109 123 364
[dump] L06.moe    n=2560    finite=1 absmax=0.065425     mean=0.00053761   sumsq=0.3183692656       argmax=2453
[dump]   top0 idx=2453 val=0.06542
[dump]   top1 idx=1102 val=0.04593
[dump]   top2 idx=513 val=0.04361
[dump]   top3 idx=528 val=0.04299
[dump]   top4 idx=1716 val=0.04125
[dump] L06.res    n=20480   finite=1 absmax=13.779       mean=0.016923     sumsq=7702.65629         argmax=15365
[dump]   top0 idx=15365 val=13.77899
[dump]   top1 idx=16088 val=8.56144
[dump]   top2 idx=15948 val=7.09555
[dump]   top3 idx=17702 val=6.67521
[dump]   top4 idx=10722 val=6.61314
[dump] L07.hcmix  n=2560    finite=1 absmax=3.5305       mean=0.020884     sumsq=343.7483711        argmax=5
[dump]   top0 idx=5 val=3.53049
[dump]   top1 idx=588 val=1.61236
[dump]   top2 idx=2342 val=1.42577
[dump]   top3 idx=631 val=1.39200
[dump]   top4 idx=482 val=1.37154
[dump] L07.att    n=2560    finite=1 absmax=0.6789       mean=0.0013787    sumsq=31.1249487         argmax=2180
[dump]   top0 idx=2180 val=0.49400
[dump]   top1 idx=2293 val=0.49394
[dump]   top2 idx=1795 val=0.42773
[dump]   top3 idx=1076 val=0.41686
[dump]   top4 idx=1345 val=0.39743
[dump] L07.ffnxn  n=10240   finite=1 absmax=10.054       mean=0.04493      sumsq=13405.26577        argmax=5538
[dump]   top0 idx=5538 val=10.05363
[dump]   top1 idx=5848 val=8.84492
[dump]   top2 idx=6071 val=8.27257
[dump]   top3 idx=6507 val=7.40982
[dump]   top4 idx=5265 val=7.25896
[dump] L07.fmix   n=2560    finite=1 absmax=2.0655       mean=0.022139     sumsq=659.308259         argmax=2433
[dump]   top0 idx=2433 val=1.70192
[dump]   top1 idx=631 val=1.58591
[dump]   top2 idx=205 val=1.58313
[dump]   top3 idx=1066 val=1.48915
[dump]   top4 idx=1521 val=1.47718
[dump] L07.mid    n=10      finite=1 absmax=0 mean=0 sumsq=0 ids: 87 445 358 242 191 252 163 193 294 194
[dump] L07.moe    n=2560    finite=1 absmax=0.049417     mean=0.00019078   sumsq=0.2798438097       argmax=2453
[dump]   top0 idx=2453 val=0.03583
[dump]   top1 idx=2258 val=0.03518
[dump]   top2 idx=2102 val=0.03386
[dump]   top3 idx=1712 val=0.03338
[dump]   top4 idx=757 val=0.03336
[dump] L07.res    n=20480   finite=1 absmax=13.052       mean=0.029605     sumsq=16650.7964         argmax=13791
[dump]   top0 idx=13791 val=9.59908
[dump]   top1 idx=18551 val=8.41502
[dump]   top2 idx=16088 val=8.38155
[dump]   top3 idx=15948 val=8.25325
[dump]   top4 idx=15427 val=8.12999
[dump] L08.hcmix  n=2560    finite=1 absmax=3.4032       mean=0.029036     sumsq=626.8150288        argmax=631
[dump]   top0 idx=631 val=3.40324
[dump]   top1 idx=588 val=2.73527
[dump]   top2 idx=2477 val=2.31318
[dump]   top3 idx=92 val=2.20607
[dump]   top4 idx=2097 val=1.80599
[dump] L08.att    n=2560    finite=1 absmax=0.10347      mean=0.00026056   sumsq=1.587190664        argmax=799
[dump]   top0 idx=799 val=0.10347
[dump]   top1 idx=582 val=0.09212
[dump]   top2 idx=1499 val=0.09021
[dump]   top3 idx=1043 val=0.08383
[dump]   top4 idx=770 val=0.07971
[dump] L08.ffnxn  n=10240   finite=1 absmax=11.751       mean=0.047174     sumsq=11636.70833        argmax=5848
[dump]   top0 idx=5848 val=11.75137
[dump]   top1 idx=6071 val=9.83495
[dump]   top2 idx=6214 val=7.20955
[dump]   top3 idx=6507 val=6.55400
[dump]   top4 idx=7358 val=6.53313
[dump] L08.fmix   n=2560    finite=1 absmax=2.5714       mean=0.030427     sumsq=682.6138056        argmax=631
[dump]   top0 idx=631 val=2.57144
[dump]   top1 idx=2433 val=1.68979
[dump]   top2 idx=1899 val=1.66075
[dump]   top3 idx=744 val=1.52898
[dump]   top4 idx=1930 val=1.51136
[dump] L08.mid    n=10      finite=1 absmax=0 mean=0 sumsq=0 ids: 263 181 134 360 462 175 183 219 46 387
[dump] L08.moe    n=2560    finite=1 absmax=0.049492     mean=-0.00050675  sumsq=0.55155422         argmax=1325
[dump]   top0 idx=1325 val=0.04613
[dump]   top1 idx=3 val=0.04599
[dump]   top2 idx=1455 val=0.04586
[dump]   top3 idx=1796 val=0.04453
[dump]   top4 idx=1174 val=0.04448
[dump] L08.res    n=20480   finite=1 absmax=11.193       mean=0.016138     sumsq=11725.49447        argmax=16088
[dump]   top0 idx=16088 val=11.19299
[dump]   top1 idx=15365 val=8.16811
[dump]   top2 idx=18012 val=7.15214
[dump]   top3 idx=16747 val=6.50522
[dump]   top4 idx=16565 val=6.37267
[dump] L09.hcmix  n=2560    finite=1 absmax=3.017        mean=0.021997     sumsq=787.6964187        argmax=92
[dump]   top0 idx=92 val=3.01700
[dump]   top1 idx=1205 val=2.86426
[dump]   top2 idx=2477 val=2.12509
[dump]   top3 idx=1353 val=2.00987
[dump]   top4 idx=1020 val=1.99189
[dump] L09.att    n=2560    finite=1 absmax=0.33942      mean=0.0025924    sumsq=16.78100898        argmax=2393
[dump]   top0 idx=2393 val=0.33942
[dump]   top1 idx=1332 val=0.30446
[dump]   top2 idx=1413 val=0.28973
[dump]   top3 idx=1378 val=0.28448
[dump]   top4 idx=149 val=0.24924
[dump] L09.ffnxn  n=10240   finite=1 absmax=13.603       mean=0.046508     sumsq=14353.51753        argmax=5848
[dump]   top0 idx=5848 val=13.60252
[dump]   top1 idx=6071 val=11.95406
[dump]   top2 idx=7358 val=7.39869
[dump]   top3 idx=6325 val=6.89573
[dump]   top4 idx=7772 val=6.59844
[dump] L09.fmix   n=2560    finite=1 absmax=2.4535       mean=0.028939     sumsq=722.6934284        argmax=92
[dump]   top0 idx=92 val=2.45350
[dump]   top1 idx=1205 val=2.12429
[dump]   top2 idx=2433 val=1.91524
[dump]   top3 idx=631 val=1.83123
[dump]   top4 idx=2085 val=1.58462
[dump] L09.mid    n=10      finite=1 absmax=0 mean=0 sumsq=0 ids: 264 430 376 478 142 68 153 218 370 488
[dump] L09.moe    n=2560    finite=1 absmax=0.044338     mean=-2.5382e-05  sumsq=0.2985689493       argmax=362
[dump]   top0 idx=362 val=0.03432
[dump]   top1 idx=1652 val=0.03376
[dump]   top2 idx=559 val=0.03359
[dump]   top3 idx=1395 val=0.03338
[dump]   top4 idx=705 val=0.03207
[dump] L09.res    n=20480   finite=1 absmax=14.753       mean=0.019759     sumsq=13359.91247        argmax=16088
[dump]   top0 idx=16088 val=13.65315
[dump]   top1 idx=15948 val=9.88388
[dump]   top2 idx=15778 val=7.53969
[dump]   top3 idx=18551 val=7.41046
[dump]   top4 idx=19715 val=7.31796
[dump] L10.hcmix  n=2560    finite=1 absmax=3.0842       mean=0.029927     sumsq=892.8950557        argmax=92
[dump]   top0 idx=92 val=3.08420
[dump]   top1 idx=631 val=2.88976
[dump]   top2 idx=1205 val=2.84820
[dump]   top3 idx=588 val=2.62055
[dump]   top4 idx=5 val=2.29075
[dump] L10.att    n=2560    finite=1 absmax=0.38292      mean=-0.00026753  sumsq=17.8230891         argmax=728
[dump]   top0 idx=728 val=0.38292
[dump]   top1 idx=1912 val=0.34191
[dump]   top2 idx=508 val=0.32203
[dump]   top3 idx=816 val=0.31933
[dump]   top4 idx=482 val=0.29355
[dump] L10.ffnxn  n=10240   finite=1 absmax=10.577       mean=0.031533     sumsq=11226.3579         argmax=5848
[dump]   top0 idx=5848 val=10.57726
[dump]   top1 idx=6071 val=10.28110
[dump]   top2 idx=6214 val=8.51119
[dump]   top3 idx=7358 val=7.60981
[dump]   top4 idx=7431 val=7.03622
[dump] L10.fmix   n=2560    finite=1 absmax=1.8809       mean=0.020553     sumsq=630.2710457        argmax=631
[dump]   top0 idx=631 val=1.88091
[dump]   top1 idx=92 val=1.79498
[dump]   top2 idx=1512 val=1.65976
[dump]   top3 idx=2433 val=1.54726
[dump]   top4 idx=2358 val=1.54013
[dump] L10.mid    n=10      finite=1 absmax=0 mean=0 sumsq=0 ids: 355 461 97 495 417 387 203 404 18 224
[dump] L10.moe    n=2560    finite=1 absmax=0.041349     mean=-0.00017905  sumsq=0.2899878094       argmax=2097
[dump]   top0 idx=2097 val=0.03660
[dump]   top1 idx=2105 val=0.03349
[dump]   top2 idx=2160 val=0.03327
[dump]   top3 idx=1564 val=0.03304
[dump]   top4 idx=86 val=0.03210
[dump] L10.res    n=20480   finite=1 absmax=9.6331       mean=0.01248      sumsq=7069.102617        argmax=15365
[dump]   top0 idx=15365 val=9.63307
[dump]   top1 idx=16088 val=9.47121
[dump]   top2 idx=16311 val=9.10386
[dump]   top3 idx=17598 val=7.31139
[dump]   top4 idx=17793 val=5.98308
[dump] L11.hcmix  n=2560    finite=1 absmax=2.8414       mean=0.014653     sumsq=340.3697214        argmax=5
[dump]   top0 idx=5 val=2.84143
[dump]   top1 idx=728 val=1.55685
[dump]   top2 idx=951 val=1.37947
[dump]   top3 idx=631 val=1.34472
[dump]   top4 idx=2238 val=1.27206
[dump] L11.att    n=2560    finite=1 absmax=0.38847      mean=0.0013132    sumsq=21.03667021        argmax=892
[dump]   top0 idx=892 val=0.32807
[dump]   top1 idx=480 val=0.28410
[dump]   top2 idx=1536 val=0.27684
[dump]   top3 idx=2448 val=0.26952
[dump]   top4 idx=829 val=0.26772
[dump] L11.ffnxn  n=10240   finite=1 absmax=10.968       mean=0.029334     sumsq=11187.95568        argmax=5848
[dump]   top0 idx=5848 val=10.96823
[dump]   top1 idx=6071 val=10.07675
[dump]   top2 idx=6214 val=9.32909
[dump]   top3 idx=7358 val=8.47313
[dump]   top4 idx=6507 val=8.23629
[dump] L11.fmix   n=2560    finite=1 absmax=2.8533       mean=0.01733      sumsq=632.9165754        argmax=631
[dump]   top0 idx=631 val=2.85330
[dump]   top1 idx=2433 val=1.85524
[dump]   top2 idx=1512 val=1.56465
[dump]   top3 idx=92 val=1.49688
[dump]   top4 idx=410 val=1.47366
[dump] L11.mid    n=10      finite=1 absmax=0 mean=0 sumsq=0 ids: 323 418 166 508 261 273 430 48 120 108
[dump] L11.moe    n=2560    finite=1 absmax=0.042305     mean=-0.0002301   sumsq=0.3737835479       argmax=1957
[dump]   top0 idx=1957 val=0.03645
[dump]   top1 idx=1642 val=0.03634
[dump]   top2 idx=1572 val=0.03424
[dump]   top3 idx=2360 val=0.03128
[dump]   top4 idx=1406 val=0.03113
[dump] L11.res    n=20480   finite=1 absmax=13.761       mean=0.014157     sumsq=13579.68697        argmax=16088
[dump]   top0 idx=16088 val=13.76101
[dump]   top1 idx=15365 val=8.04250
[dump]   top2 idx=16311 val=7.47907
[dump]   top3 idx=15778 val=7.15986
[dump]   top4 idx=17598 val=6.38390
[dump] L12.hcmix  n=2560    finite=1 absmax=3.3811       mean=0.016042     sumsq=890.4993708        argmax=5
[dump]   top0 idx=5 val=2.59916
[dump]   top1 idx=1205 val=2.37746
[dump]   top2 idx=1795 val=2.29600
[dump]   top3 idx=92 val=2.07480
[dump]   top4 idx=1391 val=1.85885
[dump] L12.att    n=2560    finite=1 absmax=0.42058      mean=-0.0014766   sumsq=17.3023173         argmax=728
[dump]   top0 idx=728 val=0.29334
[dump]   top1 idx=1432 val=0.28886
[dump]   top2 idx=729 val=0.26920
[dump]   top3 idx=1741 val=0.25704
[dump]   top4 idx=793 val=0.25680
[dump] L12.ffnxn  n=10240   finite=1 absmax=10.24        mean=0.022301     sumsq=13027.30406        argmax=5848
[dump]   top0 idx=5848 val=10.23960
[dump]   top1 idx=6071 val=9.02058
[dump]   top2 idx=6507 val=7.96318
[dump]   top3 idx=7358 val=7.52550
[dump]   top4 idx=6325 val=7.31229
[dump] L12.fmix   n=2560    finite=1 absmax=2.4334       mean=0.014872     sumsq=667.3376711        argmax=631
[dump]   top0 idx=631 val=2.43345
[dump]   top1 idx=65 val=1.92621
[dump]   top2 idx=2433 val=1.88690
[dump]   top3 idx=1205 val=1.82646
[dump]   top4 idx=1512 val=1.73889
[dump] L12.mid    n=10      finite=1 absmax=0 mean=0 sumsq=0 ids: 421 433 0 63 277 283 390 52 37 389
[dump] L12.moe    n=2560    finite=1 absmax=0.047968     mean=-0.0001769   sumsq=0.2503547056       argmax=667
[dump]   top0 idx=667 val=0.04386
[dump]   top1 idx=915 val=0.03344
[dump]   top2 idx=770 val=0.03308
[dump]   top3 idx=235 val=0.03173
[dump]   top4 idx=2324 val=0.02907
[dump] L12.res    n=20480   finite=1 absmax=10.976       mean=0.0095482    sumsq=13625.83898        argmax=16088
[dump]   top0 idx=16088 val=10.97640
[dump]   top1 idx=17671 val=8.07073
[dump]   top2 idx=18587 val=7.29694
[dump]   top3 idx=16565 val=7.21039
[dump]   top4 idx=16747 val=7.14891
[dump] L13.hcmix  n=2560    finite=1 absmax=2.8428       mean=0.0098153    sumsq=1028.382379        argmax=1205
[dump]   top0 idx=1205 val=2.44041
[dump]   top1 idx=1406 val=2.06490
[dump]   top2 idx=1512 val=1.99208
[dump]   top3 idx=2121 val=1.96316
[dump]   top4 idx=1054 val=1.92246
[dump] L13.att    n=2560    finite=1 absmax=0.22804      mean=4.8731e-05   sumsq=6.205446865        argmax=951
[dump]   top0 idx=951 val=0.22804
[dump]   top1 idx=728 val=0.22594
[dump]   top2 idx=2445 val=0.18166
[dump]   top3 idx=1795 val=0.17891
[dump]   top4 idx=944 val=0.17799
[dump] L13.ffnxn  n=10240   finite=1 absmax=11.798       mean=0.012245     sumsq=11888.50247        argmax=5848
[dump]   top0 idx=5848 val=11.79763
[dump]   top1 idx=6071 val=10.66855
[dump]   top2 idx=6507 val=10.10596
[dump]   top3 idx=7358 val=9.16183
[dump]   top4 idx=7431 val=8.57920
[dump] L13.fmix   n=2560    finite=1 absmax=2.0102       mean=0.0020358    sumsq=637.8088476        argmax=728
[dump]   top0 idx=728 val=2.01019
[dump]   top1 idx=951 val=1.97744
[dump]   top2 idx=1301 val=1.80629
[dump]   top3 idx=2453 val=1.72020
[dump]   top4 idx=631 val=1.52699
[dump] L13.mid    n=10      finite=1 absmax=0 mean=0 sumsq=0 ids: 259 387 265 97 273 91 468 357 93 296
[dump] L13.moe    n=2560    finite=1 absmax=0.072947     mean=4.4808e-05   sumsq=1.046492292        argmax=2480
[dump]   top0 idx=2480 val=0.06972
[dump]   top1 idx=2525 val=0.06520
[dump]   top2 idx=362 val=0.06418
[dump]   top3 idx=2401 val=0.06281
[dump]   top4 idx=1977 val=0.06186
[dump] L13.res    n=20480   finite=1 absmax=12.834       mean=0.011521     sumsq=15059.6807         argmax=16311
[dump]   top0 idx=16311 val=12.83375
[dump]   top1 idx=16088 val=11.51735
[dump]   top2 idx=16747 val=7.93807
[dump]   top3 idx=17671 val=7.26273
[dump]   top4 idx=15778 val=7.19238
[dump] L14.hcmix  n=2560    finite=1 absmax=2.5512       mean=0.013748     sumsq=902.1195722        argmax=728
[dump]   top0 idx=728 val=2.55120
[dump]   top1 idx=1795 val=2.46523
[dump]   top2 idx=983 val=2.23117
[dump]   top3 idx=2121 val=1.90280
[dump]   top4 idx=1616 val=1.88803
[dump] L14.att    n=2560    finite=1 absmax=0.43882      mean=0.00090172   sumsq=18.71888446        argmax=482
[dump]   top0 idx=482 val=0.43882
[dump]   top1 idx=2433 val=0.42194
[dump]   top2 idx=689 val=0.40915
[dump]   top3 idx=360 val=0.37921
[dump]   top4 idx=2215 val=0.36983
[dump] L14.ffnxn  n=10240   finite=1 absmax=13.345       mean=0.020931     sumsq=17019.9738         argmax=5848
[dump]   top0 idx=5848 val=13.34529
[dump]   top1 idx=6071 val=8.99553
[dump]   top2 idx=6214 val=7.97049
[dump]   top3 idx=7431 val=7.79666
[dump]   top4 idx=6293 val=7.63050
[dump] L14.fmix   n=2560    finite=1 absmax=2.3824       mean=0.010115     sumsq=721.3051888        argmax=631
[dump]   top0 idx=631 val=2.38241
[dump]   top1 idx=728 val=2.04868
[dump]   top2 idx=1512 val=1.89530
[dump]   top3 idx=660 val=1.75635
[dump]   top4 idx=1616 val=1.65423
[dump] L14.mid    n=10      finite=1 absmax=0 mean=0 sumsq=0 ids: 398 335 473 506 212 138 312 151 402 409
[dump] L14.moe    n=2560    finite=1 absmax=0.032473     mean=-0.00029115  sumsq=0.1364170514       argmax=1827
[dump]   top0 idx=1827 val=0.03247
[dump]   top1 idx=875 val=0.02656
[dump]   top2 idx=1603 val=0.02510
[dump]   top3 idx=1039 val=0.02447
[dump]   top4 idx=2204 val=0.02301
[dump] L14.res    n=20480   finite=1 absmax=10.695       mean=0.0078571    sumsq=7189.756942        argmax=16088
[dump]   top0 idx=16088 val=10.69481
[dump]   top1 idx=15365 val=8.09806
[dump]   top2 idx=16311 val=5.28566
[dump]   top3 idx=16747 val=5.15733
[dump]   top4 idx=17598 val=4.96854
[dump] L15.hcmix  n=2560    finite=1 absmax=1.4267       mean=0.0043477    sumsq=231.3302075        argmax=667
[dump]   top0 idx=667 val=1.42674
[dump]   top1 idx=2121 val=1.16016
[dump]   top2 idx=793 val=1.13718
[dump]   top3 idx=2433 val=1.09564
[dump]   top4 idx=728 val=1.08004
[dump] L15.att    n=2560    finite=1 absmax=0.35224      mean=-0.0029032   sumsq=14.62154691        argmax=1359
[dump]   top0 idx=1359 val=0.34994
[dump]   top1 idx=1879 val=0.31186
[dump]   top2 idx=808 val=0.30184
[dump]   top3 idx=1227 val=0.26273
[dump]   top4 idx=1716 val=0.25569
[dump] L15.ffnxn  n=10240   finite=1 absmax=36.982       mean=0.011107     sumsq=29376.89251        argmax=5848
[dump]   top0 idx=5848 val=36.98242
[dump]   top1 idx=5187 val=20.26241
[dump]   top2 idx=6071 val=15.55784
[dump]   top3 idx=7358 val=14.00436
[dump]   top4 idx=6293 val=10.69058
[dump] L15.fmix   n=2560    finite=1 absmax=4.3379       mean=-0.0053577   sumsq=1518.694929        argmax=728
[dump]   top0 idx=728 val=4.33795
[dump]   top1 idx=2238 val=2.73473
[dump]   top2 idx=320 val=2.53270
[dump]   top3 idx=1512 val=2.45271
[dump]   top4 idx=2480 val=2.40359
[dump] L15.mid    n=10      finite=1 absmax=0 mean=0 sumsq=0 ids: 494 289 207 405 288 192 174 283 311 199
[dump] L15.moe    n=2560    finite=1 absmax=0.050558     mean=6.6769e-05   sumsq=0.4467030093       argmax=158
[dump]   top0 idx=158 val=0.05056
[dump]   top1 idx=1408 val=0.04757
[dump]   top2 idx=654 val=0.04519
[dump]   top3 idx=652 val=0.04389
[dump]   top4 idx=282 val=0.04104
[dump] L15.res    n=20480   finite=1 absmax=13.5         mean=0.0050857    sumsq=17538.16155        argmax=16311
[dump]   top0 idx=16311 val=13.49969
[dump]   top1 idx=16088 val=10.00568
[dump]   top2 idx=17671 val=9.50212
[dump]   top3 idx=16747 val=9.12591
[dump]   top4 idx=17101 val=8.88687
[dump] L16.hcmix  n=2560    finite=1 absmax=2.9427       mean=-0.0028359   sumsq=1044.50129         argmax=2121
[dump]   top0 idx=2121 val=2.94272
[dump]   top1 idx=1947 val=2.43839
[dump]   top2 idx=1795 val=2.26186
[dump]   top3 idx=1406 val=2.19128
[dump]   top4 idx=129 val=2.04415
[dump] L16.att    n=2560    finite=1 absmax=0.22469      mean=-0.0012469   sumsq=6.146480381        argmax=2057
[dump]   top0 idx=2057 val=0.22469
[dump]   top1 idx=713 val=0.18174
[dump]   top2 idx=2184 val=0.17106
[dump]   top3 idx=1076 val=0.17025
[dump]   top4 idx=2054 val=0.16302
[dump] L16.ffnxn  n=10240   finite=1 absmax=17.317       mean=0.0029137    sumsq=21963.34057        argmax=5848
[dump]   top0 idx=5848 val=17.31684
[dump]   top1 idx=6071 val=12.59974
[dump]   top2 idx=7358 val=9.21315
[dump]   top3 idx=5628 val=9.20484
[dump]   top4 idx=7553 val=8.61479
[dump] L16.fmix   n=2560    finite=1 absmax=2.8162       mean=-0.0050828   sumsq=1246.92574         argmax=320
[dump]   top0 idx=320 val=2.52510
[dump]   top1 idx=1512 val=2.50614
[dump]   top2 idx=667 val=2.40911
[dump]   top3 idx=836 val=2.05934
[dump]   top4 idx=2480 val=2.03062
[dump] L16.mid    n=10      finite=1 absmax=0 mean=0 sumsq=0 ids: 243 228 58 263 391 272 278 142 487 429
[dump] L16.moe    n=2560    finite=1 absmax=0.059136     mean=-2.2147e-05  sumsq=0.66175876         argmax=2532
[dump]   top0 idx=2532 val=0.05914
[dump]   top1 idx=333 val=0.04528
[dump]   top2 idx=732 val=0.04528
[dump]   top3 idx=812 val=0.04476
[dump]   top4 idx=242 val=0.04432
[dump] L16.res    n=20480   finite=1 absmax=10.173       mean=0.0041082    sumsq=16435.67017        argmax=16088
[dump]   top0 idx=16088 val=10.17304
[dump]   top1 idx=15778 val=9.68189
[dump]   top2 idx=16311 val=8.25021
[dump]   top3 idx=16747 val=7.72072
[dump]   top4 idx=17598 val=7.58919
[dump] L17.hcmix  n=2560    finite=1 absmax=2.7364       mean=0.00055939   sumsq=1066.214819        argmax=1947
[dump]   top0 idx=1947 val=2.73642
[dump]   top1 idx=359 val=2.36932
[dump]   top2 idx=1406 val=2.22257
[dump]   top3 idx=812 val=2.14481
[dump]   top4 idx=1205 val=2.09994
[dump] L17.att    n=2560    finite=1 absmax=0.23813      mean=0.00033583   sumsq=5.012120303        argmax=1984
[dump]   top0 idx=1984 val=0.23813
[dump]   top1 idx=177 val=0.17720
[dump]   top2 idx=871 val=0.17718
[dump]   top3 idx=394 val=0.17556
[dump]   top4 idx=223 val=0.14285
[dump] L17.ffnxn  n=10240   finite=1 absmax=13.325       mean=0.0064885    sumsq=17477.33896        argmax=5848
[dump]   top0 idx=5848 val=13.32465
[dump]   top1 idx=6071 val=11.82219
[dump]   top2 idx=7358 val=9.60243
[dump]   top3 idx=6214 val=8.83732
[dump]   top4 idx=6012 val=8.83499
[dump] L17.fmix   n=2560    finite=1 absmax=2.2543       mean=-0.00023545  sumsq=988.9119565        argmax=1512
[dump]   top0 idx=1512 val=1.94917
[dump]   top1 idx=812 val=1.94409
[dump]   top2 idx=631 val=1.88803
[dump]   top3 idx=793 val=1.82147
[dump]   top4 idx=667 val=1.79365
[dump] L17.mid    n=10      finite=1 absmax=0 mean=0 sumsq=0 ids: 136 499 363 486 139 209 84 471 366 419
[dump] L17.moe    n=2560    finite=1 absmax=0.03758      mean=0.00033148   sumsq=0.254987835        argmax=946
[dump]   top0 idx=946 val=0.03667
[dump]   top1 idx=705 val=0.03411
[dump]   top2 idx=803 val=0.03243
[dump]   top3 idx=1696 val=0.03239
[dump]   top4 idx=928 val=0.03232
[dump] L17.res    n=20480   finite=1 absmax=13.68        mean=0.010929     sumsq=16224.75512        argmax=16088
[dump]   top0 idx=16088 val=13.67962
[dump]   top1 idx=16311 val=10.71432
[dump]   top2 idx=16565 val=8.71043
[dump]   top3 idx=16747 val=8.55146
[dump]   top4 idx=10748 val=8.51828
[dump] L18.hcmix  n=2560    finite=1 absmax=2.8009       mean=0.015929     sumsq=1027.27258         argmax=1205
[dump]   top0 idx=1205 val=2.80089
[dump]   top1 idx=2121 val=2.47912
[dump]   top2 idx=1947 val=2.34354
[dump]   top3 idx=359 val=2.24770
[dump]   top4 idx=1616 val=2.22738
[dump] L18.att    n=2560    finite=1 absmax=0.29803      mean=-0.00092912  sumsq=6.280697357        argmax=482
[dump]   top0 idx=482 val=0.29803
[dump]   top1 idx=167 val=0.20553
[dump]   top2 idx=1134 val=0.18631
[dump]   top3 idx=689 val=0.18339
[dump]   top4 idx=1509 val=0.18195
[dump] L18.ffnxn  n=10240   finite=1 absmax=13.127       mean=0.017618     sumsq=17132.07236        argmax=6071
[dump]   top0 idx=6071 val=13.12657
[dump]   top1 idx=5848 val=11.72921
[dump]   top2 idx=8311 val=9.80361
[dump]   top3 idx=6214 val=8.84177
[dump]   top4 idx=7358 val=8.72890
[dump] L18.fmix   n=2560    finite=1 absmax=2.5435       mean=0.0088005    sumsq=903.8143781        argmax=65
[dump]   top0 idx=65 val=2.33364
[dump]   top1 idx=588 val=2.32251
[dump]   top2 idx=631 val=2.26700
[dump]   top3 idx=2491 val=2.17408
[dump]   top4 idx=2121 val=2.02990
[dump] L18.mid    n=10      finite=1 absmax=0 mean=0 sumsq=0 ids: 131 264 29 448 211 353 101 24 347 201
[dump] L18.moe    n=2560    finite=1 absmax=0.047725     mean=0.00011304   sumsq=0.346927602        argmax=2356
[dump]   top0 idx=2356 val=0.04773
[dump]   top1 idx=2198 val=0.03884
[dump]   top2 idx=86 val=0.03756
[dump]   top3 idx=127 val=0.03457
[dump]   top4 idx=1827 val=0.03414
[dump] L18.res    n=20480   finite=1 absmax=11.043       mean=0.0086647    sumsq=7716.138061        argmax=16088
[dump]   top0 idx=16088 val=11.04278
[dump]   top1 idx=17101 val=7.86901
[dump]   top2 idx=15365 val=7.39996
[dump]   top3 idx=16311 val=7.38111
[dump]   top4 idx=10722 val=6.86903
[dump] L19.hcmix  n=2560    finite=1 absmax=1.8754       mean=0.010582     sumsq=391.4465194        argmax=1947
[dump]   top0 idx=1947 val=1.87538
[dump]   top1 idx=1741 val=1.79645
[dump]   top2 idx=482 val=1.70446
[dump]   top3 idx=2121 val=1.46068
[dump]   top4 idx=951 val=1.43222
[dump] L19.att    n=2560    finite=1 absmax=0.4496       mean=0.0010518    sumsq=17.62812859        argmax=1227
[dump]   top0 idx=1227 val=0.43560
[dump]   top1 idx=694 val=0.37211
[dump]   top2 idx=1536 val=0.35521
[dump]   top3 idx=2359 val=0.33684
[dump]   top4 idx=356 val=0.33603
[dump] L19.ffnxn  n=10240   finite=1 absmax=15.741       mean=0.016084     sumsq=18172.54865        argmax=6071
[dump]   top0 idx=6071 val=15.74069
[dump]   top1 idx=5848 val=12.61135
[dump]   top2 idx=7358 val=8.40855
[dump]   top3 idx=7553 val=8.40150
[dump]   top4 idx=6876 val=7.91821
[dump] L19.fmix   n=2560    finite=1 absmax=2.4698       mean=0.0092399    sumsq=1169.779596        argmax=667
[dump]   top0 idx=667 val=2.25405
[dump]   top1 idx=2390 val=2.24440
[dump]   top2 idx=2499 val=2.07710
[dump]   top3 idx=2491 val=2.07596
[dump]   top4 idx=2261 val=2.05452
[dump] L19.mid    n=10      finite=1 absmax=0 mean=0 sumsq=0 ids: 31 121 291 315 490 377 222 173 434 162
[dump] L19.moe    n=2560    finite=1 absmax=0.043982     mean=0.00053714   sumsq=0.2949387137       argmax=105
[dump]   top0 idx=105 val=0.04398
[dump]   top1 idx=1265 val=0.03864
[dump]   top2 idx=1466 val=0.03863
[dump]   top3 idx=582 val=0.03459
[dump]   top4 idx=1749 val=0.03362
[dump] L19.res    n=20480   finite=1 absmax=15.265       mean=0.019255     sumsq=18034.44704        argmax=16311
[dump]   top0 idx=16311 val=15.26543
[dump]   top1 idx=17598 val=12.12081
[dump]   top2 idx=16088 val=10.32066
[dump]   top3 idx=17671 val=7.16566
[dump]   top4 idx=18499 val=7.10059
[dump] L20.hcmix  n=2560    finite=1 absmax=2.6617       mean=0.020517     sumsq=973.8587692        argmax=1461
[dump]   top0 idx=1461 val=2.65032
[dump]   top1 idx=359 val=2.45016
[dump]   top2 idx=1947 val=2.25286
[dump]   top3 idx=951 val=2.09352
[dump]   top4 idx=2481 val=2.05390
[dump] L20.att    n=2560    finite=1 absmax=0.60301      mean=-0.002817    sumsq=18.2273412         argmax=717
[dump]   top0 idx=717 val=0.41655
[dump]   top1 idx=1641 val=0.40359
[dump]   top2 idx=1132 val=0.34916
[dump]   top3 idx=2293 val=0.31747
[dump]   top4 idx=1763 val=0.31528
[dump] L20.ffnxn  n=10240   finite=1 absmax=15.492       mean=0.026021     sumsq=27820.61848        argmax=6071
[dump]   top0 idx=6071 val=15.49245
[dump]   top1 idx=5848 val=13.08580
[dump]   top2 idx=5187 val=11.67822
[dump]   top3 idx=7358 val=10.39348
[dump]   top4 idx=6214 val=8.06160
[dump] L20.fmix   n=2560    finite=1 absmax=3.5803       mean=0.014947     sumsq=1426.257989        argmax=1466
[dump]   top0 idx=1466 val=2.99593
[dump]   top1 idx=1171 val=2.33387
[dump]   top2 idx=2481 val=2.29445
[dump]   top3 idx=667 val=2.24433
[dump]   top4 idx=2480 val=2.15087
[dump] L20.mid    n=10      finite=1 absmax=0 mean=0 sumsq=0 ids: 387 485 442 179 258 296 388 168 307 358
[dump] L20.moe    n=2560    finite=1 absmax=0.043272     mean=0.00072212   sumsq=0.4556814431       argmax=662
[dump]   top0 idx=662 val=0.04327
[dump]   top1 idx=1423 val=0.04164
[dump]   top2 idx=1159 val=0.03928
[dump]   top3 idx=1544 val=0.03759
[dump]   top4 idx=1625 val=0.03721
[dump] L20.res    n=20480   finite=1 absmax=11.509       mean=0.023938     sumsq=20546.69621        argmax=16088
[dump]   top0 idx=16088 val=11.50880
[dump]   top1 idx=15948 val=10.47320
[dump]   top2 idx=15755 val=9.73379
[dump]   top3 idx=17671 val=9.58191
[dump]   top4 idx=16747 val=8.72522
[dump] L21.hcmix  n=2560    finite=1 absmax=3.0212       mean=0.038495     sumsq=1156.600861        argmax=588
[dump]   top0 idx=588 val=2.74726
[dump]   top1 idx=524 val=2.65391
[dump]   top2 idx=359 val=2.51707
[dump]   top3 idx=1205 val=2.30158
[dump]   top4 idx=1795 val=2.20593
[dump] L21.att    n=2560    finite=1 absmax=0.26616      mean=0.00076912   sumsq=2.464199416        argmax=951
[dump]   top0 idx=951 val=0.26616
[dump]   top1 idx=192 val=0.24976
[dump]   top2 idx=728 val=0.16007
[dump]   top3 idx=508 val=0.13864
[dump]   top4 idx=993 val=0.13047
[dump] L21.ffnxn  n=10240   finite=1 absmax=15.01        mean=0.056179     sumsq=25499.78548        argmax=6071
[dump]   top0 idx=6071 val=15.01025
[dump]   top1 idx=5848 val=14.67956
[dump]   top2 idx=7358 val=10.16473
[dump]   top3 idx=8311 val=9.63371
[dump]   top4 idx=6214 val=9.17048
[dump] L21.fmix   n=2560    finite=1 absmax=3.6251       mean=0.044229     sumsq=1329.801747        argmax=1466
[dump]   top0 idx=1466 val=2.69146
[dump]   top1 idx=65 val=2.52072
[dump]   top2 idx=524 val=2.31344
[dump]   top3 idx=631 val=2.27307
[dump]   top4 idx=1696 val=2.27250
[dump] L21.mid    n=10      finite=1 absmax=0 mean=0 sumsq=0 ids: 255 118 346 25 313 369 379 418 57 306
[dump] L21.moe    n=2560    finite=1 absmax=0.047031     mean=4.9452e-05   sumsq=0.4266038244       argmax=465
[dump]   top0 idx=465 val=0.04113
[dump]   top1 idx=2079 val=0.04088
[dump]   top2 idx=493 val=0.04079
[dump]   top3 idx=1413 val=0.04033
[dump]   top4 idx=2233 val=0.03888
[dump] L21.res    n=20480   finite=1 absmax=17.109       mean=0.023954     sumsq=16886.08544        argmax=15365
[dump]   top0 idx=15365 val=17.10900
[dump]   top1 idx=15948 val=13.00486
[dump]   top2 idx=17279 val=10.47941
[dump]   top3 idx=15991 val=10.06642
[dump]   top4 idx=17702 val=9.98510
[dump] L22.hcmix  n=2560    finite=1 absmax=4.1252       mean=0.035715     sumsq=764.4466997        argmax=5
[dump]   top0 idx=5 val=4.12522
[dump]   top1 idx=588 val=3.29022
[dump]   top2 idx=2450 val=2.62317
[dump]   top3 idx=65 val=2.48441
[dump]   top4 idx=1716 val=2.39963
[dump] L22.att    n=2560    finite=1 absmax=0.52501      mean=0.0010695    sumsq=8.526739525        argmax=268
[dump]   top0 idx=268 val=0.52501
[dump]   top1 idx=2238 val=0.43693
[dump]   top2 idx=728 val=0.40335
[dump]   top3 idx=951 val=0.37474
[dump]   top4 idx=631 val=0.31832
[dump] L22.ffnxn  n=10240   finite=1 absmax=15.718       mean=0.054917     sumsq=27951.52156        argmax=5848
[dump]   top0 idx=5848 val=15.71796
[dump]   top1 idx=6071 val=12.91066
[dump]   top2 idx=7358 val=11.70495
[dump]   top3 idx=8311 val=10.97324
[dump]   top4 idx=5751 val=9.92340
[dump] L22.fmix   n=2560    finite=1 absmax=3.4215       mean=0.032492     sumsq=1029.78775         argmax=65
[dump]   top0 idx=65 val=2.33459
[dump]   top1 idx=2279 val=2.14179
[dump]   top2 idx=1466 val=2.11810
[dump]   top3 idx=631 val=2.05636
[dump]   top4 idx=67 val=2.00157
[dump] L22.mid    n=10      finite=1 absmax=0 mean=0 sumsq=0 ids: 279 301 504 364 50 460 287 308 454 355
[dump] L22.moe    n=2560    finite=1 absmax=0.06387      mean=0.00010456   sumsq=0.497911978        argmax=1313
[dump]   top0 idx=1313 val=0.06387
[dump]   top1 idx=1634 val=0.05345
[dump]   top2 idx=1237 val=0.05015
[dump]   top3 idx=806 val=0.04868
[dump]   top4 idx=227 val=0.04726
[dump] L22.res    n=20480   finite=1 absmax=12.352       mean=0.018105     sumsq=10865.15068        argmax=15365
[dump]   top0 idx=15365 val=12.35194
[dump]   top1 idx=16153 val=9.19563
[dump]   top2 idx=16088 val=9.11883
[dump]   top3 idx=16311 val=8.83039
[dump]   top4 idx=15427 val=8.12357
[dump] L23.hcmix  n=2560    finite=1 absmax=2.8222       mean=0.015674     sumsq=300.7798757        argmax=5
[dump]   top0 idx=5 val=2.82220
[dump]   top1 idx=631 val=1.72440
[dump]   top2 idx=1741 val=1.47941
[dump]   top3 idx=524 val=1.45463
[dump]   top4 idx=1947 val=1.43084
[dump] L23.att    n=2560    finite=1 absmax=0.38622      mean=0.00084592   sumsq=12.79054764        argmax=784
[dump]   top0 idx=784 val=0.31724
[dump]   top1 idx=86 val=0.29778
[dump]   top2 idx=2517 val=0.29352
[dump]   top3 idx=1790 val=0.28518
[dump]   top4 idx=1135 val=0.28436
[dump] L23.ffnxn  n=10240   finite=1 absmax=17.64        mean=0.043365     sumsq=35707.2024         argmax=5187
[dump]   top0 idx=5187 val=17.63997
[dump]   top1 idx=6071 val=16.36970
[dump]   top2 idx=7358 val=16.09692
[dump]   top3 idx=5848 val=14.10441
[dump]   top4 idx=5682 val=13.33237
[dump] L23.fmix   n=2560    finite=1 absmax=3.1945       mean=0.028507     sumsq=1573.375647        argmax=1798
[dump]   top0 idx=1798 val=2.69192
[dump]   top1 idx=143 val=2.52714
[dump]   top2 idx=1466 val=2.52262
[dump]   top3 idx=2261 val=2.49662
[dump]   top4 idx=2238 val=2.46517
[dump] L23.mid    n=10      finite=1 absmax=0 mean=0 sumsq=0 ids: 356 128 480 45 355 342 477 334 354 32
[dump] L23.moe    n=2560    finite=1 absmax=0.066304     mean=-5.5017e-05  sumsq=0.9891757138       argmax=960
[dump]   top0 idx=960 val=0.06630
[dump]   top1 idx=1525 val=0.06306
[dump]   top2 idx=2286 val=0.06109
[dump]   top3 idx=2139 val=0.06075
[dump]   top4 idx=1301 val=0.06028
[dump] L23.res    n=20480   finite=1 absmax=15.088       mean=0.0271       sumsq=16845.69099        argmax=15991
[dump]   top0 idx=15991 val=10.71751
[dump]   top1 idx=16088 val=10.51166
[dump]   top2 idx=16565 val=8.81748
[dump]   top3 idx=15948 val=8.58108
[dump]   top4 idx=15427 val=8.35541
[dump] L24.hcmix  n=2560    finite=1 absmax=2.9538       mean=0.040847     sumsq=833.438194         argmax=631
[dump]   top0 idx=631 val=2.95385
[dump]   top1 idx=1205 val=2.61469
[dump]   top2 idx=1716 val=2.50468
[dump]   top3 idx=2121 val=2.49067
[dump]   top4 idx=588 val=2.38192
[dump] L24.att    n=2560    finite=1 absmax=0.14262      mean=-0.00026884  sumsq=1.615217348        argmax=1586
[dump]   top0 idx=1586 val=0.11363
[dump]   top1 idx=895 val=0.11348
[dump]   top2 idx=799 val=0.10205
[dump]   top3 idx=92 val=0.09934
[dump]   top4 idx=36 val=0.09130
[dump] L24.ffnxn  n=10240   finite=1 absmax=13.669       mean=0.032823     sumsq=13017.54327        argmax=5848
[dump]   top0 idx=5848 val=13.66907
[dump]   top1 idx=6071 val=11.99604
[dump]   top2 idx=7358 val=9.40388
[dump]   top3 idx=5167 val=8.71985
[dump]   top4 idx=6214 val=8.58205
[dump] L24.fmix   n=2560    finite=1 absmax=2.6459       mean=0.026696     sumsq=831.0189594        argmax=631
[dump]   top0 idx=631 val=2.64590
[dump]   top1 idx=1466 val=1.90011
[dump]   top2 idx=25 val=1.83115
[dump]   top3 idx=1798 val=1.80345
[dump]   top4 idx=65 val=1.77025
[dump] L24.mid    n=10      finite=1 absmax=0 mean=0 sumsq=0 ids: 263 134 175 354 360 181 11 231 462 439
[dump] L24.moe    n=2560    finite=1 absmax=0.040394     mean=0.00018589   sumsq=0.2831626136       argmax=2504
[dump]   top0 idx=2504 val=0.04039
[dump]   top1 idx=1792 val=0.03848
[dump]   top2 idx=81 val=0.03614
[dump]   top3 idx=860 val=0.03604
[dump]   top4 idx=288 val=0.03572
[dump] L24.res    n=20480   finite=1 absmax=13.58        mean=0.014548     sumsq=12827.28874        argmax=16088
[dump]   top0 idx=16088 val=13.58011
[dump]   top1 idx=17598 val=8.38275
[dump]   top2 idx=15365 val=7.94387
[dump]   top3 idx=16747 val=7.23855
[dump]   top4 idx=17116 val=6.84025
[dump] L25.hcmix  n=2560    finite=1 absmax=2.6332       mean=0.021138     sumsq=823.4692921        argmax=2233
[dump]   top0 idx=2233 val=2.38344
[dump]   top1 idx=1716 val=2.28733
[dump]   top2 idx=359 val=2.12725
[dump]   top3 idx=1205 val=2.00389
[dump]   top4 idx=2327 val=1.93548
[dump] L25.att    n=2560    finite=1 absmax=0.53735      mean=-0.00035449  sumsq=7.535664038        argmax=951
[dump]   top0 idx=951 val=0.53735
[dump]   top1 idx=993 val=0.27272
[dump]   top2 idx=1378 val=0.21150
[dump]   top3 idx=2238 val=0.20915
[dump]   top4 idx=914 val=0.19805
[dump] L25.ffnxn  n=10240   finite=1 absmax=15.42        mean=0.039717     sumsq=16749.79153        argmax=5848
[dump]   top0 idx=5848 val=15.41980
[dump]   top1 idx=6071 val=14.59912
[dump]   top2 idx=7358 val=10.35836
[dump]   top3 idx=5167 val=7.85281
[dump]   top4 idx=5187 val=6.89707
[dump] L25.fmix   n=2560    finite=1 absmax=2.1619       mean=0.028363     sumsq=816.6601336        argmax=2141
[dump]   top0 idx=2141 val=2.16194
[dump]   top1 idx=746 val=1.89673
[dump]   top2 idx=25 val=1.86702
[dump]   top3 idx=1466 val=1.62714
[dump]   top4 idx=2261 val=1.60491
[dump] L25.mid    n=10      finite=1 absmax=0 mean=0 sumsq=0 ids: 376 346 264 68 506 142 73 329 430 427
[dump] L25.moe    n=2560    finite=1 absmax=0.03764      mean=9.4666e-05   sumsq=0.2770970634       argmax=402
[dump]   top0 idx=402 val=0.03764
[dump]   top1 idx=394 val=0.03336
[dump]   top2 idx=2422 val=0.03307
[dump]   top3 idx=791 val=0.03191
[dump]   top4 idx=543 val=0.03141
[dump] L25.res    n=20480   finite=1 absmax=16.19        mean=0.015221     sumsq=14793.41456        argmax=16088
[dump]   top0 idx=16088 val=16.19022
[dump]   top1 idx=17101 val=8.94695
[dump]   top2 idx=16311 val=8.79820
[dump]   top3 idx=15991 val=8.66270
[dump]   top4 idx=15948 val=8.32370
[dump] L26.hcmix  n=2560    finite=1 absmax=3.9909       mean=0.021105     sumsq=957.1174076        argmax=631
[dump]   top0 idx=631 val=2.63438
[dump]   top1 idx=2121 val=2.44029
[dump]   top2 idx=359 val=2.24979
[dump]   top3 idx=524 val=2.19447
[dump]   top4 idx=482 val=2.03868
[dump] L26.att    n=2560    finite=1 absmax=0.30788      mean=-0.00089083  sumsq=10.33761657        argmax=519
[dump]   top0 idx=519 val=0.30788
[dump]   top1 idx=2203 val=0.27919
[dump]   top2 idx=728 val=0.27619
[dump]   top3 idx=177 val=0.23497
[dump]   top4 idx=816 val=0.22845
[dump] L26.ffnxn  n=10240   finite=1 absmax=12.33        mean=0.025983     sumsq=12912.53678        argmax=6071
[dump]   top0 idx=6071 val=12.32963
[dump]   top1 idx=5848 val=11.98337
[dump]   top2 idx=7358 val=10.88011
[dump]   top3 idx=6214 val=10.03912
[dump]   top4 idx=8981 val=8.01628
[dump] L26.fmix   n=2560    finite=1 absmax=2.0886       mean=0.020347     sumsq=733.3919542        argmax=746
[dump]   top0 idx=746 val=2.08861
[dump]   top1 idx=25 val=1.80436
[dump]   top2 idx=1466 val=1.75672
[dump]   top3 idx=1500 val=1.66623
[dump]   top4 idx=2233 val=1.64350
[dump] L26.mid    n=10      finite=1 absmax=0 mean=0 sumsq=0 ids: 461 355 97 417 243 313 296 384 177 320
[dump] L26.moe    n=2560    finite=1 absmax=0.050615     mean=6.2386e-05   sumsq=0.4699129889       argmax=2054
[dump]   top0 idx=2054 val=0.05024
[dump]   top1 idx=1500 val=0.04750
[dump]   top2 idx=1810 val=0.04394
[dump]   top3 idx=1828 val=0.04271
[dump]   top4 idx=859 val=0.04127
[dump] L26.res    n=20480   finite=1 absmax=12.043       mean=0.010849     sumsq=7446.075441        argmax=16088
[dump]   top0 idx=16088 val=12.04254
[dump]   top1 idx=16311 val=11.55584
[dump]   top2 idx=17598 val=11.47400
[dump]   top3 idx=15365 val=9.86710
[dump]   top4 idx=17793 val=7.62326
[dump] L27.hcmix  n=2560    finite=1 absmax=2.3199       mean=0.013109     sumsq=367.4090597        argmax=951
[dump]   top0 idx=951 val=2.31995
[dump]   top1 idx=5 val=2.30569
[dump]   top2 idx=728 val=2.24628
[dump]   top3 idx=2238 val=2.21321
[dump]   top4 idx=482 val=1.43711
[dump] L27.att    n=2560    finite=1 absmax=0.43877      mean=0.0024035    sumsq=15.24854761        argmax=892
[dump]   top0 idx=892 val=0.29074
[dump]   top1 idx=302 val=0.27827
[dump]   top2 idx=2003 val=0.27015
[dump]   top3 idx=1404 val=0.26510
[dump]   top4 idx=1341 val=0.26061
[dump] L27.ffnxn  n=10240   finite=1 absmax=13.288       mean=0.031197     sumsq=13357.40184        argmax=5848
[dump]   top0 idx=5848 val=13.28820
[dump]   top1 idx=6071 val=12.57113
[dump]   top2 idx=7358 val=12.16304
[dump]   top3 idx=6214 val=11.84839
[dump]   top4 idx=6507 val=9.16190
[dump] L27.fmix   n=2560    finite=1 absmax=2.2454       mean=0.024357     sumsq=788.389083         argmax=1500
[dump]   top0 idx=1500 val=2.24538
[dump]   top1 idx=1717 val=1.86361
[dump]   top2 idx=479 val=1.74921
[dump]   top3 idx=849 val=1.73112
[dump]   top4 idx=1905 val=1.67465
[dump] L27.mid    n=10      finite=1 absmax=0 mean=0 sumsq=0 ids: 430 323 98 508 166 58 151 120 261 108
[dump] L27.moe    n=2560    finite=1 absmax=0.03706      mean=0.00031886   sumsq=0.2152966292       argmax=960
[dump]   top0 idx=960 val=0.03497
[dump]   top1 idx=1291 val=0.02836
[dump]   top2 idx=2196 val=0.02781
[dump]   top3 idx=1858 val=0.02722
[dump]   top4 idx=2530 val=0.02669
[dump] L27.res    n=20480   finite=1 absmax=16.848       mean=0.021644     sumsq=15500.9972         argmax=16088
[dump]   top0 idx=16088 val=16.84755
[dump]   top1 idx=16311 val=10.25031
[dump]   top2 idx=17598 val=9.66869
[dump]   top3 idx=15365 val=8.16160
[dump]   top4 idx=17101 val=7.88479
[dump] L28.hcmix  n=2560    finite=1 absmax=2.8967       mean=0.028404     sumsq=931.3380455        argmax=1500
[dump]   top0 idx=1500 val=2.89672
[dump]   top1 idx=1717 val=2.28145
[dump]   top2 idx=1716 val=2.10347
[dump]   top3 idx=1205 val=2.01801
[dump]   top4 idx=1780 val=1.91085
[dump] L28.att    n=2560    finite=1 absmax=0.20667      mean=-0.0023152   sumsq=7.07309697         argmax=186
[dump]   top0 idx=186 val=0.20667
[dump]   top1 idx=736 val=0.20271
[dump]   top2 idx=1480 val=0.17724
[dump]   top3 idx=434 val=0.17028
[dump]   top4 idx=200 val=0.16249
[dump] L28.ffnxn  n=10240   finite=1 absmax=12.458       mean=0.038998     sumsq=15293.8234         argmax=5848
[dump]   top0 idx=5848 val=12.45776
[dump]   top1 idx=6071 val=10.85473
[dump]   top2 idx=7358 val=10.83270
[dump]   top3 idx=6507 val=8.88737
[dump]   top4 idx=5167 val=8.78022
[dump] L28.fmix   n=2560    finite=1 absmax=2.6205       mean=0.030264     sumsq=898.8482473        argmax=1500
[dump]   top0 idx=1500 val=2.62052
[dump]   top1 idx=65 val=2.10382
[dump]   top2 idx=1905 val=2.00048
[dump]   top3 idx=631 val=1.96576
[dump]   top4 idx=849 val=1.79472
[dump] L28.mid    n=10      finite=1 absmax=0 mean=0 sumsq=0 ids: 52 219 421 469 392 297 66 43 21 63
[dump] L28.moe    n=2560    finite=1 absmax=0.04651      mean=-0.0003649   sumsq=0.2926378713       argmax=1942
[dump]   top0 idx=1942 val=0.04336
[dump]   top1 idx=1207 val=0.03495
[dump]   top2 idx=264 val=0.03459
[dump]   top3 idx=722 val=0.03367
[dump]   top4 idx=714 val=0.03342
[dump] L28.res    n=20480   finite=1 absmax=12.992       mean=0.013397     sumsq=15577.40331        argmax=16088
[dump]   top0 idx=16088 val=12.99155
[dump]   top1 idx=17671 val=9.63194
[dump]   top2 idx=17101 val=8.70856
[dump]   top3 idx=16747 val=8.08086
[dump]   top4 idx=17598 val=7.21573
[dump] L29.hcmix  n=2560    finite=1 absmax=2.9745       mean=0.018488     sumsq=995.4910247        argmax=524
[dump]   top0 idx=524 val=2.97447
[dump]   top1 idx=1500 val=2.90230
[dump]   top2 idx=1717 val=2.53888
[dump]   top3 idx=1512 val=2.14164
[dump]   top4 idx=1716 val=2.08872
[dump] L29.att    n=2560    finite=1 absmax=0.11764      mean=-0.00053431  sumsq=1.624047783        argmax=1795
[dump]   top0 idx=1795 val=0.10478
[dump]   top1 idx=1736 val=0.09891
[dump]   top2 idx=1882 val=0.08733
[dump]   top3 idx=344 val=0.08209
[dump]   top4 idx=1925 val=0.07932
[dump] L29.ffnxn  n=10240   finite=1 absmax=14.408       mean=0.019402     sumsq=15447.01385        argmax=6071
[dump]   top0 idx=6071 val=14.40838
[dump]   top1 idx=7358 val=14.25331
[dump]   top2 idx=5848 val=14.14837
[dump]   top3 idx=6507 val=12.04406
[dump]   top4 idx=6214 val=10.99689
[dump] L29.fmix   n=2560    finite=1 absmax=2.3195       mean=0.012962     sumsq=926.0183           argmax=1717
[dump]   top0 idx=1717 val=2.16201
[dump]   top1 idx=1905 val=1.95024
[dump]   top2 idx=2238 val=1.89856
[dump]   top3 idx=1500 val=1.84874
[dump]   top4 idx=1914 val=1.84744
[dump] L29.mid    n=10      finite=1 absmax=0 mean=0 sumsq=0 ids: 387 273 93 290 330 118 265 259 342 451
[dump] L29.moe    n=2560    finite=1 absmax=0.043525     mean=5.1382e-05   sumsq=0.3436363137       argmax=525
[dump]   top0 idx=525 val=0.04352
[dump]   top1 idx=1253 val=0.04005
[dump]   top2 idx=1039 val=0.03799
[dump]   top3 idx=309 val=0.03454
[dump]   top4 idx=1384 val=0.03374
[dump] L29.res    n=20480   finite=1 absmax=17.261       mean=0.012766     sumsq=17115.87918        argmax=16311
[dump]   top0 idx=16311 val=17.26104
[dump]   top1 idx=16088 val=13.73311
[dump]   top2 idx=17598 val=9.57347
[dump]   top3 idx=16747 val=8.95584
[dump]   top4 idx=17671 val=8.38701
[dump] L30.hcmix  n=2560    finite=1 absmax=2.7026       mean=0.015675     sumsq=855.8264611        argmax=1500
[dump]   top0 idx=1500 val=2.70265
[dump]   top1 idx=1716 val=2.40222
[dump]   top2 idx=524 val=2.27153
[dump]   top3 idx=788 val=2.09111
[dump]   top4 idx=983 val=2.03289
[dump] L30.att    n=2560    finite=1 absmax=0.3525       mean=-0.0010644   sumsq=9.650752676        argmax=993
[dump]   top0 idx=993 val=0.35250
[dump]   top1 idx=2502 val=0.32866
[dump]   top2 idx=482 val=0.25691
[dump]   top3 idx=1795 val=0.19491
[dump]   top4 idx=1134 val=0.18960
[dump] L30.ffnxn  n=10240   finite=1 absmax=16.017       mean=0.018441     sumsq=21161.3405         argmax=5848
[dump]   top0 idx=5848 val=16.01691
[dump]   top1 idx=6071 val=11.38697
[dump]   top2 idx=7358 val=11.30800
[dump]   top3 idx=6214 val=9.47213
[dump]   top4 idx=6293 val=9.36479
[dump] L30.fmix   n=2560    finite=1 absmax=2.9055       mean=0.011336     sumsq=1336.740651        argmax=1914
[dump]   top0 idx=1914 val=2.56213
[dump]   top1 idx=1500 val=2.49677
[dump]   top2 idx=2238 val=2.26672
[dump]   top3 idx=1905 val=2.23753
[dump]   top4 idx=1717 val=2.10787
[dump] L30.mid    n=10      finite=1 absmax=0 mean=0 sumsq=0 ids: 86 506 398 151 11 181 335 280 154 439
[dump] L30.moe    n=2560    finite=1 absmax=0.056296     mean=3.6983e-05   sumsq=0.6273323203       argmax=1850
[dump]   top0 idx=1850 val=0.05630
[dump]   top1 idx=835 val=0.05552
[dump]   top2 idx=2030 val=0.05428
[dump]   top3 idx=1044 val=0.05312
[dump]   top4 idx=2095 val=0.05139
[dump] L30.res    n=20480   finite=1 absmax=13.109       mean=0.0086693    sumsq=7721.028244        argmax=16088
[dump]   top0 idx=16088 val=13.10929
[dump]   top1 idx=15365 val=8.97201
[dump]   top2 idx=10722 val=7.45327
[dump]   top3 idx=17598 val=6.81873
[dump]   top4 idx=16311 val=6.80647
[dump] L31.hcmix  n=2560    finite=1 absmax=1.9012       mean=0.0047444    sumsq=278.506883         argmax=728
[dump]   top0 idx=728 val=1.90119
[dump]   top1 idx=482 val=1.58648
[dump]   top2 idx=1500 val=1.32785
[dump]   top3 idx=2238 val=1.19136
[dump]   top4 idx=1717 val=1.09935
[dump] L31.att    n=2560    finite=1 absmax=0.23991      mean=-0.0022096   sumsq=9.690096402        argmax=1716
[dump]   top0 idx=1716 val=0.23991
[dump]   top1 idx=1359 val=0.23340
[dump]   top2 idx=1205 val=0.20786
[dump]   top3 idx=2371 val=0.19638
[dump]   top4 idx=1776 val=0.19552
[dump] L31.ffnxn  n=10240   finite=1 absmax=41.999       mean=0.0087244    sumsq=36201.1524         argmax=5848
[dump]   top0 idx=5848 val=41.99945
[dump]   top1 idx=5187 val=21.75691
[dump]   top2 idx=6071 val=20.40512
[dump]   top3 idx=7358 val=19.34773
[dump]   top4 idx=6876 val=12.77483
[dump] L31.fmix   n=2560    finite=1 absmax=5.3317       mean=0.00076491   sumsq=1974.31058         argmax=728
[dump]   top0 idx=728 val=5.33169
[dump]   top1 idx=2238 val=3.74976
[dump]   top2 idx=98 val=3.01884
[dump]   top3 idx=957 val=3.01595
[dump]   top4 idx=477 val=2.72589
[dump] L31.mid    n=10      finite=1 absmax=0 mean=0 sumsq=0 ids: 494 283 289 311 156 405 302 399 408 177
[dump] L31.moe    n=2560    finite=1 absmax=0.071053     mean=0.00060503   sumsq=0.8514527286       argmax=32
[dump]   top0 idx=32 val=0.07105
[dump]   top1 idx=877 val=0.07047
[dump]   top2 idx=2438 val=0.05927
[dump]   top3 idx=1479 val=0.05891
[dump]   top4 idx=2249 val=0.05698
[dump] L31.res    n=20480   finite=1 absmax=17.021       mean=0.010252     sumsq=20114.3858         argmax=16311
[dump]   top0 idx=16311 val=17.02059
[dump]   top1 idx=16088 val=11.83481
[dump]   top2 idx=17101 val=11.31214
[dump]   top3 idx=17671 val=10.69814
[dump]   top4 idx=16747 val=9.95405
[dump] L32.hcmix  n=2560    finite=1 absmax=2.6898       mean=0.011598     sumsq=966.0803171        argmax=1500
[dump]   top0 idx=1500 val=2.68980
[dump]   top1 idx=1313 val=2.34569
[dump]   top2 idx=1603 val=2.19741
[dump]   top3 idx=681 val=2.08279
[dump]   top4 idx=867 val=2.06057
[dump] L32.att    n=2560    finite=1 absmax=0.21822      mean=-0.001343    sumsq=4.305947225        argmax=713
[dump]   top0 idx=713 val=0.21822
[dump]   top1 idx=1368 val=0.19020
[dump]   top2 idx=1134 val=0.14503
[dump]   top3 idx=1303 val=0.14156
[dump]   top4 idx=167 val=0.13922
[dump] L32.ffnxn  n=10240   finite=1 absmax=20.051       mean=0.0097052    sumsq=29416.00008        argmax=5848
[dump]   top0 idx=5848 val=20.05092
[dump]   top1 idx=6071 val=16.24689
[dump]   top2 idx=7358 val=13.60950
[dump]   top3 idx=6012 val=11.09756
[dump]   top4 idx=7553 val=10.85229
[dump] L32.fmix   n=2560    finite=1 absmax=3.5074       mean=0.0067731    sumsq=1790.823757        argmax=2095
[dump]   top0 idx=2095 val=2.64680
[dump]   top1 idx=1828 val=2.42364
[dump]   top2 idx=1512 val=2.38884
[dump]   top3 idx=957 val=2.34220
[dump]   top4 idx=1199 val=2.30370
[dump] L32.mid    n=10      finite=1 absmax=0 mean=0 sumsq=0 ids: 228 243 263 454 377 142 58 278 429 359
[dump] L32.moe    n=2560    finite=1 absmax=0.072325     mean=-0.00034939  sumsq=0.7779719191       argmax=2441
[dump]   top0 idx=2441 val=0.05310
[dump]   top1 idx=1854 val=0.05208
[dump]   top2 idx=805 val=0.05188
[dump]   top3 idx=198 val=0.05120
[dump]   top4 idx=966 val=0.05020
[dump] L32.res    n=20480   finite=1 absmax=11.924       mean=0.0078077    sumsq=18268.98991        argmax=16088
[dump]   top0 idx=16088 val=11.92360
[dump]   top1 idx=17598 val=11.35700
[dump]   top2 idx=15778 val=10.14307
[dump]   top3 idx=16311 val=10.03190
[dump]   top4 idx=17101 val=8.85308
[dump] L33.hcmix  n=2560    finite=1 absmax=2.6132       mean=0.0082756    sumsq=1015.51671         argmax=1716
[dump]   top0 idx=1716 val=2.61318
[dump]   top1 idx=1313 val=2.46861
[dump]   top2 idx=227 val=2.36832
[dump]   top3 idx=2085 val=2.35001
[dump]   top4 idx=1500 val=2.28602
[dump] L33.att    n=2560    finite=1 absmax=0.13621      mean=-0.0012255   sumsq=1.587118397        argmax=2393
[dump]   top0 idx=2393 val=0.13621
[dump]   top1 idx=192 val=0.10372
[dump]   top2 idx=793 val=0.09386
[dump]   top3 idx=634 val=0.09307
[dump]   top4 idx=1836 val=0.08393
[dump] L33.ffnxn  n=10240   finite=1 absmax=16.373       mean=0.002249     sumsq=22646.1319         argmax=5848
[dump]   top0 idx=5848 val=16.37266
[dump]   top1 idx=6071 val=15.56748
[dump]   top2 idx=7358 val=13.75164
[dump]   top3 idx=6012 val=11.63346
[dump]   top4 idx=6214 val=10.95702
[dump] L33.fmix   n=2560    finite=1 absmax=3.2675       mean=-0.0015998   sumsq=1407.27009         argmax=1512
[dump]   top0 idx=1512 val=2.65049
[dump]   top1 idx=2233 val=2.47310
[dump]   top2 idx=1313 val=2.33622
[dump]   top3 idx=788 val=2.25321
[dump]   top4 idx=1717 val=2.19076
[dump] L33.mid    n=10      finite=1 absmax=0 mean=0 sumsq=0 ids: 136 84 363 345 374 279 362 120 486 419
[dump] L33.moe    n=2560    finite=1 absmax=0.056738     mean=9.2948e-05   sumsq=0.4691576348       argmax=399
[dump]   top0 idx=399 val=0.05674
[dump]   top1 idx=1803 val=0.04697
[dump]   top2 idx=1602 val=0.04544
[dump]   top3 idx=1740 val=0.04316
[dump]   top4 idx=2189 val=0.04157
[dump] L33.res    n=20480   finite=1 absmax=15.837       mean=0.0083482    sumsq=17921.28058        argmax=16088
[dump]   top0 idx=16088 val=15.83719
[dump]   top1 idx=16311 val=12.76309
[dump]   top2 idx=17598 val=10.57466
[dump]   top3 idx=10722 val=10.35921
[dump]   top4 idx=16747 val=9.36941
[dump] L34.hcmix  n=2560    finite=1 absmax=2.6083       mean=0.012229     sumsq=990.8469838        argmax=1716
[dump]   top0 idx=1716 val=2.60828
[dump]   top1 idx=1205 val=2.57956
[dump]   top2 idx=1313 val=2.53664
[dump]   top3 idx=1717 val=2.49951
[dump]   top4 idx=482 val=2.44972
[dump] L34.att    n=2560    finite=1 absmax=0.2006       mean=-0.00067951  sumsq=3.329409568        argmax=482
[dump]   top0 idx=482 val=0.20060
[dump]   top1 idx=689 val=0.14370
[dump]   top2 idx=1882 val=0.14056
[dump]   top3 idx=2307 val=0.13285
[dump]   top4 idx=138 val=0.11817
[dump] L34.ffnxn  n=10240   finite=1 absmax=17.404       mean=0.016404     sumsq=21327.71268        argmax=6071
[dump]   top0 idx=6071 val=17.40423
[dump]   top1 idx=5848 val=14.32465
[dump]   top2 idx=7358 val=12.61372
[dump]   top3 idx=6861 val=11.00817
[dump]   top4 idx=6214 val=10.17790
[dump] L34.fmix   n=2560    finite=1 absmax=2.7822       mean=0.014054     sumsq=1232.891261        argmax=631
[dump]   top0 idx=631 val=2.72048
[dump]   top1 idx=1313 val=2.56642
[dump]   top2 idx=1500 val=2.55819
[dump]   top3 idx=65 val=2.50030
[dump]   top4 idx=1717 val=2.19704
[dump] L34.mid    n=10      finite=1 absmax=0 mean=0 sumsq=0 ids: 131 29 353 101 24 102 460 22 347 275
[dump] L34.moe    n=2560    finite=1 absmax=0.077457     mean=0.00041875   sumsq=0.848067595        argmax=196
[dump]   top0 idx=196 val=0.06385
[dump]   top1 idx=1185 val=0.06220
[dump]   top2 idx=1332 val=0.05842
[dump]   top3 idx=1663 val=0.05634
[dump]   top4 idx=1099 val=0.05549
[dump] L34.res    n=20480   finite=1 absmax=13.286       mean=0.0085474    sumsq=8690.132549        argmax=16088
[dump]   top0 idx=16088 val=13.28649
[dump]   top1 idx=10722 val=10.58257
[dump]   top2 idx=17101 val=10.50309
[dump]   top3 idx=16311 val=9.27063
[dump]   top4 idx=15365 val=8.09695
[dump] L35.hcmix  n=2560    finite=1 absmax=2.4927       mean=0.014074     sumsq=446.0518861        argmax=482
[dump]   top0 idx=482 val=2.49269
[dump]   top1 idx=1741 val=2.10734
[dump]   top2 idx=951 val=1.72226
[dump]   top3 idx=1717 val=1.69093
[dump]   top4 idx=991 val=1.58448
[dump] L35.att    n=2560    finite=1 absmax=0.35311      mean=0.00044069   sumsq=10.52465234        argmax=1882
[dump]   top0 idx=1882 val=0.33801
[dump]   top1 idx=2091 val=0.25041
[dump]   top2 idx=79 val=0.23797
[dump]   top3 idx=1341 val=0.23601
[dump]   top4 idx=446 val=0.21073
[dump] L35.ffnxn  n=10240   finite=1 absmax=19.702       mean=0.015064     sumsq=23293.13303        argmax=6071
[dump]   top0 idx=6071 val=19.70178
[dump]   top1 idx=5848 val=15.95947
[dump]   top2 idx=7358 val=12.09389
[dump]   top3 idx=6876 val=11.14167
[dump]   top4 idx=7553 val=10.53214
[dump] L35.fmix   n=2560    finite=1 absmax=3.1541       mean=0.012224     sumsq=1586.566511        argmax=957
[dump]   top0 idx=957 val=2.51765
[dump]   top1 idx=410 val=2.49126
[dump]   top2 idx=1313 val=2.46839
[dump]   top3 idx=227 val=2.41493
[dump]   top4 idx=2460 val=2.21919
[dump] L35.mid    n=10      finite=1 absmax=0 mean=0 sumsq=0 ids: 472 161 31 291 375 121 315 277 56 30
[dump] L35.moe    n=2560    finite=1 absmax=0.073207     mean=0.00053754   sumsq=1.115204147        argmax=755
[dump]   top0 idx=755 val=0.07321
[dump]   top1 idx=687 val=0.06964
[dump]   top2 idx=1289 val=0.06678
[dump]   top3 idx=1144 val=0.06250
[dump]   top4 idx=525 val=0.06209
[dump] L35.res    n=20480   finite=1 absmax=19.219       mean=0.016865     sumsq=20096.52664        argmax=16311
[dump]   top0 idx=16311 val=19.21937
[dump]   top1 idx=17598 val=18.49661
[dump]   top2 idx=16088 val=11.31689
[dump]   top3 idx=12614 val=8.55361
[dump]   top4 idx=10722 val=7.57305
[dump] L36.hcmix  n=2560    finite=1 absmax=2.9487       mean=0.020098     sumsq=946.9874176        argmax=1716
[dump]   top0 idx=1716 val=2.94875
[dump]   top1 idx=1313 val=2.32910
[dump]   top2 idx=1203 val=2.32720
[dump]   top3 idx=482 val=2.30330
[dump]   top4 idx=723 val=2.16311
[dump] L36.att    n=2560    finite=1 absmax=0.76993      mean=0.0027822    sumsq=37.76139591        argmax=2374
[dump]   top0 idx=2374 val=0.76993
[dump]   top1 idx=1882 val=0.73450
[dump]   top2 idx=1603 val=0.65407
[dump]   top3 idx=1864 val=0.62439
[dump]   top4 idx=687 val=0.59766
[dump] L36.ffnxn  n=10240   finite=1 absmax=20.861       mean=0.042811     sumsq=35763.71433        argmax=6071
[dump]   top0 idx=6071 val=20.86066
[dump]   top1 idx=5848 val=15.66259
[dump]   top2 idx=7358 val=14.93941
[dump]   top3 idx=5187 val=12.68582
[dump]   top4 idx=5167 val=10.81574
[dump] L36.fmix   n=2560    finite=1 absmax=5.0883       mean=0.030797     sumsq=2381.046955        argmax=1905
[dump]   top0 idx=1905 val=2.95491
[dump]   top1 idx=1313 val=2.94927
[dump]   top2 idx=227 val=2.93496
[dump]   top3 idx=651 val=2.82345
[dump]   top4 idx=2095 val=2.79451
[dump] L36.mid    n=10      finite=1 absmax=0 mean=0 sumsq=0 ids: 387 25 169 218 296 210 258 262 179 485
[dump] L36.moe    n=2560    finite=1 absmax=0.16456      mean=0.00025942   sumsq=4.752188841        argmax=178
[dump]   top0 idx=178 val=0.15036
[dump]   top1 idx=1368 val=0.13512
[dump]   top2 idx=1641 val=0.13512
[dump]   top3 idx=2120 val=0.13470
[dump]   top4 idx=1232 val=0.13120
[dump] L36.res    n=20480   finite=1 absmax=13.048       mean=0.020221     sumsq=22266.61617        argmax=16088
[dump]   top0 idx=16088 val=13.04838
[dump]   top1 idx=17671 val=10.63651
[dump]   top2 idx=15755 val=10.63427
[dump]   top3 idx=17598 val=10.17028
[dump]   top4 idx=11301 val=10.13842
[dump] L37.hcmix  n=2560    finite=1 absmax=2.4697       mean=0.027955     sumsq=904.2666598        argmax=1716
[dump]   top0 idx=1716 val=2.46971
[dump]   top1 idx=1313 val=2.32972
[dump]   top2 idx=1500 val=2.12541
[dump]   top3 idx=1132 val=2.11176
[dump]   top4 idx=1387 val=2.07054
[dump] L37.att    n=2560    finite=1 absmax=0.23917      mean=-0.00050229  sumsq=4.774450159        argmax=713
[dump]   top0 idx=713 val=0.23917
[dump]   top1 idx=951 val=0.20200
[dump]   top2 idx=1061 val=0.19692
[dump]   top3 idx=2348 val=0.19561
[dump]   top4 idx=1882 val=0.19374
[dump] L37.ffnxn  n=10240   finite=1 absmax=18.919       mean=0.048805     sumsq=33109.2963         argmax=6071
[dump]   top0 idx=6071 val=18.91866
[dump]   top1 idx=5848 val=17.67464
[dump]   top2 idx=7358 val=14.41393
[dump]   top3 idx=6214 val=10.42093
[dump]   top4 idx=5351 val=10.39193
[dump] L37.fmix   n=2560    finite=1 absmax=4.3912       mean=0.041893     sumsq=2471.318524        argmax=1313
[dump]   top0 idx=1313 val=3.50080
[dump]   top1 idx=2120 val=3.28605
[dump]   top2 idx=227 val=3.23339
[dump]   top3 idx=94 val=3.14282
[dump]   top4 idx=957 val=2.93846
[dump] L37.mid    n=10      finite=1 absmax=0 mean=0 sumsq=0 ids: 306 313 19 57 369 200 255 118 494 346
[dump] L37.moe    n=2560    finite=1 absmax=0.12704      mean=0.00055246   sumsq=2.820535117        argmax=205
[dump]   top0 idx=205 val=0.10876
[dump]   top1 idx=2389 val=0.10282
[dump]   top2 idx=1010 val=0.10150
[dump]   top3 idx=165 val=0.09673
[dump]   top4 idx=1601 val=0.09628
[dump] L37.res    n=20480   finite=1 absmax=17.131       mean=0.021842     sumsq=18704.02744        argmax=15365
[dump]   top0 idx=15365 val=17.13079
[dump]   top1 idx=15991 val=13.02446
[dump]   top2 idx=17279 val=11.82942
[dump]   top3 idx=15948 val=10.41094
[dump]   top4 idx=10927 val=10.05294
[dump] L38.hcmix  n=2560    finite=1 absmax=4.2162       mean=0.029379     sumsq=817.998947         argmax=5
[dump]   top0 idx=5 val=4.21621
[dump]   top1 idx=1919 val=2.86407
[dump]   top2 idx=1500 val=2.47971
[dump]   top3 idx=588 val=2.44551
[dump]   top4 idx=1313 val=2.38359
[dump] L38.att    n=2560    finite=1 absmax=0.44837      mean=-0.00031212  sumsq=8.586217939        argmax=36
[dump]   top0 idx=36 val=0.28193
[dump]   top1 idx=308 val=0.26215
[dump]   top2 idx=913 val=0.25286
[dump]   top3 idx=1959 val=0.24508
[dump]   top4 idx=403 val=0.23419
[dump] L38.ffnxn  n=10240   finite=1 absmax=20.144       mean=0.047993     sumsq=35917.08899        argmax=5751
[dump]   top0 idx=5751 val=13.81560
[dump]   top1 idx=5187 val=12.64517
[dump]   top2 idx=7087 val=12.24879
[dump]   top3 idx=6876 val=11.38281
[dump]   top4 idx=7358 val=10.28909
[dump] L38.fmix   n=2560    finite=1 absmax=4.646        mean=0.038442     sumsq=2373.622742        argmax=582
[dump]   top0 idx=582 val=2.71646
[dump]   top1 idx=125 val=2.70537
[dump]   top2 idx=1967 val=2.70333
[dump]   top3 idx=1602 val=2.68806
[dump]   top4 idx=1694 val=2.68135
[dump] L38.mid    n=10      finite=1 absmax=0 mean=0 sumsq=0 ids: 279 301 504 206 460 50 486 135 7 454
[dump] L38.moe    n=2560    finite=1 absmax=0.10769      mean=-0.00047647  sumsq=2.336187424        argmax=2422
[dump]   top0 idx=2422 val=0.10769
[dump]   top1 idx=1625 val=0.09422
[dump]   top2 idx=199 val=0.08646
[dump]   top3 idx=428 val=0.08632
[dump]   top4 idx=603 val=0.08581
[dump] L38.res    n=20480   finite=1 absmax=13.469       mean=0.013632     sumsq=13256.12974        argmax=15365
[dump]   top0 idx=15365 val=13.46885
[dump]   top1 idx=15427 val=10.68982
[dump]   top2 idx=16860 val=9.70685
[dump]   top3 idx=15991 val=9.53070
[dump]   top4 idx=10722 val=8.72401
[dump] L39.hcmix  n=2560    finite=1 absmax=3.0402       mean=0.00973      sumsq=407.8234284        argmax=5
[dump]   top0 idx=5 val=3.04019
[dump]   top1 idx=1756 val=1.72097
[dump]   top2 idx=1603 val=1.65202
[dump]   top3 idx=65 val=1.57812
[dump]   top4 idx=1967 val=1.49792
[dump] L39.att    n=2560    finite=1 absmax=0.3177       mean=0.00031445   sumsq=10.792285          argmax=2018
[dump]   top0 idx=2018 val=0.31770
[dump]   top1 idx=1882 val=0.31315
[dump]   top2 idx=799 val=0.27933
[dump]   top3 idx=2307 val=0.27481
[dump]   top4 idx=1301 val=0.26005
[dump] L39.ffnxn  n=10240   finite=1 absmax=24.36        mean=0.038451     sumsq=46634.08677        argmax=5187
[dump]   top0 idx=5187 val=24.36003
[dump]   top1 idx=5537 val=16.39124
[dump]   top2 idx=7358 val=15.03205
[dump]   top3 idx=5565 val=14.30841
[dump]   top4 idx=5520 val=14.25278
[dump] L39.fmix   n=2560    finite=1 absmax=5.3113       mean=0.028351     sumsq=2632.823332        argmax=67
[dump]   top0 idx=67 val=5.31130
[dump]   top1 idx=579 val=4.13006
[dump]   top2 idx=308 val=3.37465
[dump]   top3 idx=400 val=3.28242
[dump]   top4 idx=850 val=3.08800
[dump] L39.mid    n=10      finite=1 absmax=0 mean=0 sumsq=0 ids: 356 60 128 77 32 480 177 42 342 127
[dump] L39.moe    n=2560    finite=1 absmax=0.29861      mean=-0.00044308  sumsq=11.23944518        argmax=1368
[dump]   top0 idx=1368 val=0.23586
[dump]   top1 idx=1030 val=0.22180
[dump]   top2 idx=2356 val=0.21768
[dump]   top3 idx=1882 val=0.21716
[dump]   top4 idx=1734 val=0.21447
[dump] L39.res    n=20480   finite=1 absmax=26.912       mean=0.018981     sumsq=31400.66124        argmax=15991
[dump]   top0 idx=15991 val=18.59531
[dump]   top1 idx=15427 val=16.71478
[dump]   top2 idx=17702 val=15.06359
[dump]   top3 idx=15619 val=12.65765
[dump]   top4 idx=16565 val=11.35253
[dump] L40.hcmix  n=2560    finite=1 absmax=3.5531       mean=0.033254     sumsq=1666.422718        argmax=1716
[dump]   top0 idx=1716 val=3.55312
[dump]   top1 idx=1500 val=3.04055
[dump]   top2 idx=1717 val=3.00996
[dump]   top3 idx=2412 val=2.97132
[dump]   top4 idx=1967 val=2.94059
[dump] L40.att    n=2560    finite=1 absmax=0.43317      mean=0.0032034    sumsq=10.68985083        argmax=1061
[dump]   top0 idx=1061 val=0.43317
[dump]   top1 idx=882 val=0.25743
[dump]   top2 idx=1116 val=0.25695
[dump]   top3 idx=482 val=0.25249
[dump]   top4 idx=1717 val=0.23418
[dump] L40.ffnxn  n=10240   finite=1 absmax=27.356       mean=0.039985     sumsq=47352.61302        argmax=7358
[dump]   top0 idx=7358 val=27.35649
[dump]   top1 idx=5187 val=25.64855
[dump]   top2 idx=5537 val=15.47878
[dump]   top3 idx=5848 val=13.60984
[dump]   top4 idx=5520 val=12.64655
[dump] L40.fmix   n=2560    finite=1 absmax=6.7525       mean=0.026815     sumsq=3068.998681        argmax=67
[dump]   top0 idx=67 val=6.75250
[dump]   top1 idx=579 val=4.95573
[dump]   top2 idx=2238 val=4.71404
[dump]   top3 idx=1756 val=3.85524
[dump]   top4 idx=1844 val=3.50850
[dump] L40.mid    n=10      finite=1 absmax=0 mean=0 sumsq=0 ids: 232 335 280 172 138 22 398 52 220 66
[dump] L40.moe    n=2560    finite=1 absmax=0.12512      mean=0.00041263   sumsq=2.536093926        argmax=944
[dump]   top0 idx=944 val=0.12512
[dump]   top1 idx=179 val=0.09712
[dump]   top2 idx=2443 val=0.09196
[dump]   top3 idx=974 val=0.08619
[dump]   top4 idx=403 val=0.08567
[dump] L40.res    n=20480   finite=1 absmax=17.017       mean=0.023528     sumsq=24619.84845        argmax=15991
[dump]   top0 idx=15991 val=15.87865
[dump]   top1 idx=12122 val=10.15086
[dump]   top2 idx=14517 val=10.08386
[dump]   top3 idx=17598 val=10.05207
[dump]   top4 idx=17116 val=9.53109
[dump] L41.hcmix  n=2560    finite=1 absmax=3.159        mean=0.034923     sumsq=1213.257653        argmax=1717
[dump]   top0 idx=1717 val=3.15904
[dump]   top1 idx=2078 val=2.96880
[dump]   top2 idx=631 val=2.67594
[dump]   top3 idx=1500 val=2.67580
[dump]   top4 idx=1716 val=2.60750
[dump] L41.att    n=2560    finite=1 absmax=0.52542      mean=0.00023137   sumsq=8.154388652        argmax=1882
[dump]   top0 idx=1882 val=0.52542
[dump]   top1 idx=993 val=0.23565
[dump]   top2 idx=562 val=0.22112
[dump]   top3 idx=1067 val=0.21740
[dump]   top4 idx=1234 val=0.20341
[dump] L41.ffnxn  n=10240   finite=1 absmax=22.964       mean=0.045291     sumsq=47256.61766        argmax=5187
[dump]   top0 idx=5187 val=22.96385
[dump]   top1 idx=5537 val=17.03942
[dump]   top2 idx=5751 val=16.94060
[dump]   top3 idx=7358 val=15.25142
[dump]   top4 idx=6876 val=12.17474
[dump] L41.fmix   n=2560    finite=1 absmax=6.1276       mean=0.03172      sumsq=2955.990047        argmax=67
[dump]   top0 idx=67 val=6.12765
[dump]   top1 idx=2190 val=4.10112
[dump]   top2 idx=579 val=3.89496
[dump]   top3 idx=1756 val=3.89151
[dump]   top4 idx=1693 val=3.82307
[dump] L41.mid    n=10      finite=1 absmax=0 mean=0 sumsq=0 ids: 59 240 205 149 366 132 105 433 118 450
[dump] L41.moe    n=2560    finite=1 absmax=0.096526     mean=-3.6029e-05  sumsq=1.526530029        argmax=1070
[dump]   top0 idx=1070 val=0.07765
[dump]   top1 idx=1992 val=0.07539
[dump]   top2 idx=328 val=0.07489
[dump]   top3 idx=505 val=0.07486
[dump]   top4 idx=1005 val=0.07167
[dump] L41.res    n=20480   finite=1 absmax=13.986       mean=0.023266     sumsq=25106.97722        argmax=15991
[dump]   top0 idx=15991 val=12.20363
[dump]   top1 idx=16860 val=10.16935
[dump]   top2 idx=15212 val=9.57386
[dump]   top3 idx=11608 val=9.16734
[dump]   top4 idx=17598 val=8.68572
[dump] L42.hcmix  n=2560    finite=1 absmax=3.4429       mean=0.030003     sumsq=1304.655327        argmax=2078
[dump]   top0 idx=2078 val=3.05427
[dump]   top1 idx=1882 val=2.82374
[dump]   top2 idx=2412 val=2.80009
[dump]   top3 idx=1717 val=2.57864
[dump]   top4 idx=1716 val=2.53013
[dump] L42.att    n=2560    finite=1 absmax=0.32021      mean=-0.00056103  sumsq=5.578664932        argmax=36
[dump]   top0 idx=36 val=0.23091
[dump]   top1 idx=1039 val=0.23079
[dump]   top2 idx=482 val=0.22916
[dump]   top3 idx=722 val=0.20252
[dump]   top4 idx=517 val=0.19626
[dump] L42.ffnxn  n=10240   finite=1 absmax=18.28        mean=0.045173     sumsq=48180.44715        argmax=5187
[dump]   top0 idx=5187 val=18.27967
[dump]   top1 idx=6071 val=15.45993
[dump]   top2 idx=7358 val=12.95089
[dump]   top3 idx=5848 val=12.22361
[dump]   top4 idx=5537 val=11.15101
[dump] L42.fmix   n=2560    finite=1 absmax=4.7715       mean=0.032896     sumsq=3223.268973        argmax=67
[dump]   top0 idx=67 val=4.46301
[dump]   top1 idx=579 val=4.06523
[dump]   top2 idx=1693 val=4.02413
[dump]   top3 idx=2190 val=3.85280
[dump]   top4 idx=2078 val=3.84384
[dump] L42.mid    n=10      finite=1 absmax=0 mean=0 sumsq=0 ids: 341 3 310 212 151 391 140 509 290 110
[dump] L42.moe    n=2560    finite=1 absmax=0.12743      mean=0.00038693   sumsq=3.075492355        argmax=1502
[dump]   top0 idx=1502 val=0.12743
[dump]   top1 idx=434 val=0.12160
[dump]   top2 idx=1594 val=0.11487
[dump]   top3 idx=1039 val=0.11071
[dump]   top4 idx=1389 val=0.10777
[dump] L42.res    n=20480   finite=1 absmax=11.212       mean=0.012016     sumsq=8040.361497        argmax=15365
[dump]   top0 idx=15365 val=10.03082
[dump]   top1 idx=15427 val=9.47829
[dump]   top2 idx=13682 val=7.97471
[dump]   top3 idx=15991 val=7.82739
[dump]   top4 idx=17279 val=7.59815
[dump] L43.hcmix  n=2560    finite=1 absmax=2.5523       mean=0.0094691    sumsq=149.5820389        argmax=882
[dump]   top0 idx=882 val=2.55233
[dump]   top1 idx=2078 val=2.33616
[dump]   top2 idx=5 val=2.12053
[dump]   top3 idx=36 val=1.53635
[dump]   top4 idx=579 val=1.43008
[dump] L43.att    n=2560    finite=1 absmax=0.54326      mean=0.0020812    sumsq=8.928108439        argmax=417
[dump]   top0 idx=417 val=0.54326
[dump]   top1 idx=67 val=0.50254
[dump]   top2 idx=1959 val=0.36717
[dump]   top3 idx=1391 val=0.33290
[dump]   top4 idx=1844 val=0.30122
[dump] L43.ffnxn  n=10240   finite=1 absmax=23.904       mean=0.042593     sumsq=35095.643          argmax=5187
[dump]   top0 idx=5187 val=23.90417
[dump]   top1 idx=5537 val=18.58163
[dump]   top2 idx=5848 val=11.53562
[dump]   top3 idx=6964 val=11.33224
[dump]   top4 idx=7462 val=11.20408
[dump] L43.fmix   n=2560    finite=1 absmax=6.3083       mean=0.030188     sumsq=2461.488513        argmax=67
[dump]   top0 idx=67 val=6.30830
[dump]   top1 idx=2239 val=3.60271
[dump]   top2 idx=1502 val=3.39530
[dump]   top3 idx=2425 val=3.35669
[dump]   top4 idx=579 val=3.30047
[dump] L43.mid    n=10      finite=1 absmax=0 mean=0 sumsq=0 ids: 300 86 462 483 64 98 324 270 499 18
[dump] L43.moe    n=2560    finite=1 absmax=0.2067       mean=-0.00058071  sumsq=5.221504191        argmax=1882
[dump]   top0 idx=1882 val=0.20670
[dump]   top1 idx=944 val=0.19070
[dump]   top2 idx=1676 val=0.14851
[dump]   top3 idx=582 val=0.13516
[dump]   top4 idx=681 val=0.13174
[dump] L43.res    n=20480   finite=1 absmax=22.014       mean=0.029276     sumsq=35331.52287        argmax=15991
[dump]   top0 idx=15991 val=15.85628
[dump]   top1 idx=17598 val=12.51835
[dump]   top2 idx=15994 val=12.13427
[dump]   top3 idx=17838 val=11.36693
[dump]   top4 idx=12614 val=11.18323
[dump] L44.hcmix  n=2560    finite=1 absmax=4.6013       mean=0.020084     sumsq=799.2002983        argmax=1633
[dump]   top0 idx=1633 val=4.60134
[dump]   top1 idx=482 val=3.74446
[dump]   top2 idx=1717 val=3.18613
[dump]   top3 idx=882 val=3.08085
[dump]   top4 idx=1882 val=2.91049
[dump] L44.att    n=2560    finite=1 absmax=2.1759       mean=-0.00054613  sumsq=66.07263547        argmax=1238
[dump]   top0 idx=1238 val=0.80455
[dump]   top1 idx=634 val=0.72308
[dump]   top2 idx=1882 val=0.56835
[dump]   top3 idx=181 val=0.54249
[dump]   top4 idx=1603 val=0.51269
[dump] L44.ffnxn  n=10240   finite=1 absmax=25.754       mean=0.043534     sumsq=37708.96005        argmax=5187
[dump]   top0 idx=5187 val=25.75421
[dump]   top1 idx=5537 val=22.39091
[dump]   top2 idx=6964 val=14.66797
[dump]   top3 idx=7462 val=14.26847
[dump]   top4 idx=6578 val=13.69349
[dump] L44.fmix   n=2560    finite=1 absmax=6.9757       mean=0.030692     sumsq=2883.732536        argmax=67
[dump]   top0 idx=67 val=6.97569
[dump]   top1 idx=1633 val=5.26813
[dump]   top2 idx=417 val=4.95610
[dump]   top3 idx=1844 val=4.75677
[dump]   top4 idx=944 val=4.42463
[dump] L44.mid    n=10      finite=1 absmax=0 mean=0 sumsq=0 ids: 287 87 61 401 75 192 190 119 172 383
[dump] L44.moe    n=2560    finite=1 absmax=0.10098      mean=0.00046982   sumsq=1.835580225        argmax=728
[dump]   top0 idx=728 val=0.10098
[dump]   top1 idx=1125 val=0.09590
[dump]   top2 idx=206 val=0.08491
[dump]   top3 idx=659 val=0.08465
[dump]   top4 idx=1387 val=0.08226
[dump] L44.res    n=20480   finite=1 absmax=41.337       mean=0.02132      sumsq=27173.01894        argmax=15991
[dump]   top0 idx=15991 val=22.36344
[dump]   top1 idx=16565 val=12.29950
[dump]   top2 idx=17598 val=11.11887
[dump]   top3 idx=17319 val=11.01601
[dump]   top4 idx=15212 val=10.47927
[dump] L45.hcmix  n=2560    finite=1 absmax=8.5942       mean=0.027674     sumsq=1263.723022        argmax=631
[dump]   top0 idx=631 val=4.95128
[dump]   top1 idx=882 val=3.22729
[dump]   top2 idx=944 val=2.85818
[dump]   top3 idx=1633 val=2.79921
[dump]   top4 idx=2412 val=2.68584
[dump] L45.att    n=2560    finite=1 absmax=2.069        mean=0.0060065    sumsq=160.9595663        argmax=631
[dump]   top0 idx=631 val=1.50918
[dump]   top1 idx=1810 val=1.40410
[dump]   top2 idx=1882 val=1.39534
[dump]   top3 idx=1202 val=1.29191
[dump]   top4 idx=634 val=1.05170
[dump] L45.ffnxn  n=10240   finite=1 absmax=30.14        mean=0.04893      sumsq=38839.98727        argmax=5187
[dump]   top0 idx=5187 val=30.14035
[dump]   top1 idx=5537 val=29.45865
[dump]   top2 idx=5754 val=17.13116
[dump]   top3 idx=6578 val=16.46072
[dump]   top4 idx=5751 val=15.86591
[dump] L45.fmix   n=2560    finite=1 absmax=7.1806       mean=0.034337     sumsq=2793.547334        argmax=67
[dump]   top0 idx=67 val=7.18059
[dump]   top1 idx=1633 val=5.58556
[dump]   top2 idx=417 val=5.01139
[dump]   top3 idx=1844 val=4.44380
[dump]   top4 idx=944 val=4.15496
[dump] L45.mid    n=10      finite=1 absmax=0 mean=0 sumsq=0 ids: 237 66 343 85 339 303 280 443 103 471
[dump] L45.moe    n=2560    finite=1 absmax=0.12248      mean=-0.00062085  sumsq=2.323889705        argmax=331
[dump]   top0 idx=331 val=0.11678
[dump]   top1 idx=1410 val=0.10989
[dump]   top2 idx=1153 val=0.09043
[dump]   top3 idx=2089 val=0.08959
[dump]   top4 idx=190 val=0.08602
[dump] L45.res    n=20480   finite=1 absmax=29.087       mean=0.020935     sumsq=29202.90802        argmax=15427
[dump]   top0 idx=15427 val=29.08723
[dump]   top1 idx=14610 val=19.32341
[dump]   top2 idx=15991 val=17.62221
[dump]   top3 idx=17204 val=14.60381
[dump]   top4 idx=15212 val=13.95900
[dump] L46.hcmix  n=2560    finite=1 absmax=5.4288       mean=0.022951     sumsq=1679.498924        argmax=1810
[dump]   top0 idx=1810 val=4.94260
[dump]   top1 idx=1633 val=4.65681
[dump]   top2 idx=1882 val=4.60445
[dump]   top3 idx=634 val=3.75876
[dump]   top4 idx=631 val=3.45908
[dump] L46.att    n=2560    finite=1 absmax=5.6806       mean=0.0016826    sumsq=238.7652795        argmax=181
[dump]   top0 idx=181 val=2.99869
[dump]   top1 idx=951 val=2.29252
[dump]   top2 idx=2502 val=1.63301
[dump]   top3 idx=634 val=1.61979
[dump]   top4 idx=2442 val=1.55582
[dump] L46.ffnxn  n=10240   finite=1 absmax=27.363       mean=0.030797     sumsq=34141.56516        argmax=5537
[dump]   top0 idx=5537 val=27.36296
[dump]   top1 idx=5187 val=25.82197
[dump]   top2 idx=6578 val=18.76885
[dump]   top3 idx=5751 val=16.83730
[dump]   top4 idx=5754 val=14.68903
[dump] L46.fmix   n=2560    finite=1 absmax=6.042        mean=0.022025     sumsq=2626.308627        argmax=67
[dump]   top0 idx=67 val=6.04198
[dump]   top1 idx=634 val=4.33165
[dump]   top2 idx=1633 val=4.32945
[dump]   top3 idx=944 val=4.17584
[dump]   top4 idx=417 val=4.10715
[dump] L46.mid    n=10      finite=1 absmax=0 mean=0 sumsq=0 ids: 25 505 56 60 115 264 123 463 281 258
[dump] L46.moe    n=2560    finite=1 absmax=0.17638      mean=-0.00013273  sumsq=3.440784138        argmax=19
[dump]   top0 idx=19 val=0.13767
[dump]   top1 idx=1872 val=0.13489
[dump]   top2 idx=63 val=0.13148
[dump]   top3 idx=617 val=0.13115
[dump]   top4 idx=2190 val=0.12186
[dump] L46.res    n=20480   finite=1 absmax=15.274       mean=0.012934     sumsq=16197.16867        argmax=15427
[dump]   top0 idx=15427 val=12.03027
[dump]   top1 idx=12122 val=9.39495
[dump]   top2 idx=17702 val=8.47350
[dump]   top3 idx=17204 val=7.94352
[dump]   top4 idx=15991 val=7.88140
[dump] L47.hcmix  n=2560    finite=1 absmax=4.6024       mean=0.0078993    sumsq=700.1459396        argmax=1238
[dump]   top0 idx=1238 val=2.16267
[dump]   top1 idx=482 val=2.15863
[dump]   top2 idx=2183 val=2.14495
[dump]   top3 idx=944 val=2.00907
[dump]   top4 idx=1967 val=1.82959
[dump] L47.att    n=2560    finite=1 absmax=1.2631       mean=-0.0034318   sumsq=45.26665981        argmax=1027
[dump]   top0 idx=1027 val=1.26311
[dump]   top1 idx=722 val=0.73091
[dump]   top2 idx=579 val=0.70954
[dump]   top3 idx=36 val=0.69137
[dump]   top4 idx=1395 val=0.63928
[dump] L47.ffnxn  n=10240   finite=1 absmax=24.195       mean=0.017281     sumsq=25308.89197        argmax=5187
[dump]   top0 idx=5187 val=24.19500
[dump]   top1 idx=5537 val=19.95857
[dump]   top2 idx=6964 val=12.89855
[dump]   top3 idx=1882 val=12.31156
[dump]   top4 idx=7462 val=11.42438
[dump] L47.fmix   n=2560    finite=1 absmax=5.6253       mean=0.011269     sumsq=2512.386954        argmax=67
[dump]   top0 idx=67 val=5.62525
[dump]   top1 idx=417 val=4.39797
[dump]   top2 idx=1882 val=4.32696
[dump]   top3 idx=944 val=3.91206
[dump]   top4 idx=1844 val=3.68690
[dump] L47.mid    n=10      finite=1 absmax=0 mean=0 sumsq=0 ids: 481 186 286 354 352 196 367 316 184 95
[dump] L47.moe    n=2560    finite=1 absmax=1.1099       mean=-0.00061351  sumsq=20.93390551        argmax=181
[dump]   top0 idx=181 val=0.87678
[dump]   top1 idx=634 val=0.41224
[dump]   top2 idx=951 val=0.34489
[dump]   top3 idx=88 val=0.29895
[dump]   top4 idx=1292 val=0.28651
[dump] L47.res    n=20480   finite=1 absmax=110.93       mean=-0.0016228   sumsq=202761.6746        argmax=12981
[dump]   top0 idx=12981 val=66.08995
[dump]   top1 idx=15541 val=51.69355
[dump]   top2 idx=13434 val=48.39316
[dump]   top3 idx=18101 val=48.11929
[dump]   top4 idx=15994 val=40.70277
[batch-probe] N=1-single-path=PASS
[batch-probe] phase=identical N=4 ctx=32768 prefill=16
[batch-probe] phase=identical step=0 slot=0 max_abs_delta=1.77092028 solo=13868 batch=13868 top2_margin=2.03042126 gate=pass
[batch-probe] phase=identical step=0 slot=1 max_abs_delta=1.77092028 solo=13868 batch=13868 top2_margin=2.03042126 gate=pass
[batch-probe] phase=identical step=0 slot=2 max_abs_delta=1.77092028 solo=13868 batch=13868 top2_margin=2.03042126 gate=pass
[batch-probe] phase=identical step=0 slot=3 max_abs_delta=1.77092028 solo=13868 batch=13868 top2_margin=2.03042126 gate=pass
[batch-probe] phase=identical step=0 epsilon_max=1.77092028
