[smoke] load 31.99s layers=48 vocab=248320 shard2=yes
[smoke] prefill OK 0.661s T=16 argmax=271
[smoke] decode OK 0.173s pos=16 argmax=3710
[smoke] PASS
ggml_cuda_init: found 1 ROCm devices (Total VRAM: 98304 MiB):
  Device 0: Radeon 8060S Graphics, gfx1151 (0x1151), VMM: no, Wave Size: 32, VRAM: 98304 MiB
[qwen4exp] qwen4exp trunk loaded: 48 layers (36 linear + 12 full), 1222 tensors 66.24 GiB from 3 shard(s), experts=10/512 hc=4/320 ple_layers=1 ngram=3 heads_per_ngram=8 table_rows=320001536 eos=248046
[qwen4exp] cache: integrated GPU detected, graph inputs will be ring-buffered in pinned host memory (DFLASH_HIP_NO_UMA_RING=1 to disable)
[qwen4exp] cache: 12 full + 36 linear layers, kv=f16 0.47 MiB @ ctx=20, ssm_state 108.0 MiB, conv_state 4.2 MiB
[dump] L00.inp    n=40960   finite=1 absmax=0.054624     mean=0.00025167   sumsq=3.20648242         argmax=12844
[dump]   top0 idx=12844 val=0.05462
[dump]   top1 idx=28717 val=0.04499
[dump]   top2 idx=18344 val=0.04403
[dump]   top3 idx=31664 val=0.04094
[dump]   top4 idx=28896 val=0.03994
[dump] L00.emb    n=163840  finite=1 absmax=0.054624     mean=0.00025167   sumsq=12.82592968        argmax=51244
[dump]   top0 idx=51244 val=0.05462
[dump]   top1 idx=53804 val=0.05462
[dump]   top2 idx=56364 val=0.05462
[dump]   top3 idx=58924 val=0.05462
[dump]   top4 idx=113197 val=0.04499
[dump] L00.hcmix  n=40960   finite=1 absmax=11.76        mean=0.030367     sumsq=31742.15024        argmax=37477
[dump]   top0 idx=37477 val=8.54350
[dump]   top1 idx=28717 val=7.80254
[dump]   top2 idx=37232 val=7.59833
[dump]   top3 idx=40037 val=7.40860
[dump]   top4 idx=38321 val=7.01997
[dump] L00.conv   n=163840  finite=1 absmax=5.4741       mean=0.015469     sumsq=6228.855756        argmax=108284
[dump]   top0 idx=108284 val=5.47415
[dump]   top1 idx=98044 val=5.43713
[dump]   top2 idx=143666 val=5.40894
[dump]   top3 idx=87804 val=5.40099
[dump]   top4 idx=153906 val=5.36651
[dump] L00.gnorm  n=98304   finite=1 absmax=1.3078       mean=-0.0015163   sumsq=539.7366932        argmax=5769
[dump]   top0 idx=5769 val=1.17591
[dump]   top1 idx=20812 val=0.95282
[dump]   top2 idx=95785 val=0.95152
[dump]   top3 idx=89154 val=0.83720
[dump]   top4 idx=64008 val=0.81721
[dump] L00.lin    n=40960   finite=1 absmax=1.0866       mean=0.00022953   sumsq=449.7347614        argmax=2565
[dump]   top0 idx=2565 val=1.08664
[dump]   top1 idx=5 val=1.00970
[dump]   top2 idx=12805 val=0.94685
[dump]   top3 idx=5125 val=0.92478
[dump]   top4 idx=7685 val=0.91633
[dump] L00.att    n=40960   finite=1 absmax=1.0866       mean=0.00022953   sumsq=449.7347614        argmax=2565
[dump]   top0 idx=2565 val=1.08664
[dump]   top1 idx=5 val=1.00970
[dump]   top2 idx=12805 val=0.94685
[dump]   top3 idx=5125 val=0.92478
[dump]   top4 idx=7685 val=0.91633
[dump] L00.fmix   n=40960   finite=1 absmax=2.7863       mean=0.0034925    sumsq=7318.779532        argmax=231
[dump]   top0 idx=231 val=2.36255
[dump]   top1 idx=268 val=2.32700
[dump]   top2 idx=22265 val=2.27917
[dump]   top3 idx=34347 val=2.24170
[dump]   top4 idx=37661 val=2.07894
[dump] L00.mlogit n=8192    finite=1 absmax=12.223       mean=-6.5219      sumsq=356445.0858        argmax=2688
[dump]   top0 idx=2688 val=-2.30018
[dump]   top1 idx=3025 val=-2.42606
[dump]   top2 idx=215 val=-2.48153
[dump]   top3 idx=4746 val=-2.52060
[dump]   top4 idx=1709 val=-2.58801
[dump] L00.mprob  n=8192    finite=1 absmax=0.071426     mean=0.0019531    sumsq=0.1166267163       argmax=2688
[dump]   top0 idx=2688 val=0.07143
[dump]   top1 idx=3025 val=0.06298
[dump]   top2 idx=4746 val=0.06021
[dump]   top3 idx=1709 val=0.05794
[dump]   top4 idx=215 val=0.05138
[dump] L00.mid    n=160     finite=1 absmax=0 mean=0 sumsq=0 ids: 215 372 109 371 90 453 220 28 396 205 459 95 348 432 352 403 394 327 237 43 24 164 270 350 368 418 54 317 459 501 173 15 386 492 253 68 503 291 37 222 479 10 175 322 501 66 376 64 7 350 128 465 108 496 494 206 442 74 504 94 118 481 174 89 253 2 113 197 147 138 232 99 39 291 132 187 346 24 53 27 468 174 367 377 15 500 505 339 399 37 138 147 367 174 15 37 432 119 500 399 226 9 270 425 290 176 247 136 102 198 507 30 462 226 24 221 8 368 54 441 49 221 73 129 11 113 382 117 106 237 226 40 490 146 344 488 483 122 374 397 56 226 288 135 201 96 124 405 34 310 226 487 469 490 146 51 355 365 344 284
[dump] L00.rlogit n=8192    finite=1 absmax=12.223       mean=-6.5219      sumsq=356445.0858        argmax=2688
[dump]   top0 idx=2688 val=-2.30018
[dump]   top1 idx=3025 val=-2.42606
[dump]   top2 idx=215 val=-2.48153
[dump]   top3 idx=4746 val=-2.52060
[dump]   top4 idx=1709 val=-2.58801
[dump] L00.mwt    n=160     finite=1 absmax=0.31305      mean=0.1          sumsq=2.085607396        argmax=90
[dump] L00.mgate  n=102400  finite=1 absmax=2.9939       mean=-0.18436     sumsq=13256.48924        argmax=84244
[dump]   top0 idx=84244 val=2.99392
[dump]   top1 idx=32895 val=2.87269
[dump]   top2 idx=52100 val=2.85088
[dump]   top3 idx=26986 val=2.66041
[dump]   top4 idx=6628 val=2.45744
[dump] L00.mup    n=102400  finite=1 absmax=2.827        mean=-0.00089256  sumsq=9419.331583        argmax=52100
[dump]   top0 idx=52100 val=2.82700
[dump]   top1 idx=77376 val=2.82018
[dump]   top2 idx=32895 val=2.44491
[dump]   top3 idx=6628 val=2.23879
[dump]   top4 idx=242 val=1.97149
[dump] L00.mgu    n=102400  finite=1 absmax=7.6191       mean=8.5927e-05   sumsq=799.512394         argmax=52100
[dump]   top0 idx=52100 val=7.61911
[dump]   top1 idx=32895 val=6.64758
[dump]   top2 idx=77376 val=5.95656
[dump]   top3 idx=6628 val=5.06763
[dump]   top4 idx=242 val=3.77221
[dump] L00.mdown  n=409600  finite=1 absmax=0.65554      mean=-4.4983e-05  sumsq=355.6446306        argmax=143628
[dump]   top0 idx=143628 val=0.65554
[dump]   top1 idx=132005 val=0.55770
[dump]   top2 idx=112495 val=0.43979
[dump]   top3 idx=208823 val=0.41744
[dump]   top4 idx=208766 val=0.36319
[dump] L00.msh    n=40960   finite=1 absmax=0.30076      mean=0.00047891   sumsq=19.93988425        argmax=1682
[dump]   top0 idx=1682 val=0.30076
[dump]   top1 idx=5 val=0.22609
[dump]   top2 idx=9362 val=0.22041
[dump]   top3 idx=579 val=0.21614
[dump]   top4 idx=23768 val=0.21353
[dump] L00.mout   n=40960   finite=1 absmax=0.35476      mean=0.00043193   sumsq=37.30712844        argmax=1682
[dump]   top0 idx=1682 val=0.35476
[dump]   top1 idx=579 val=0.29842
[dump]   top2 idx=5 val=0.28178
[dump]   top3 idx=1500 val=0.27366
[dump]   top4 idx=23768 val=0.24801
[dump] L00.moe    n=40960   finite=1 absmax=0.35476      mean=0.00043193   sumsq=37.30712844        argmax=1682
[dump]   top0 idx=1682 val=0.35476
[dump]   top1 idx=579 val=0.29842
[dump]   top2 idx=5 val=0.28178
[dump]   top3 idx=1500 val=0.27366
[dump]   top4 idx=23768 val=0.24801
[dump] L00.res    n=163840  finite=1 absmax=0.37763      mean=0.00038182   sumsq=75.25110065        argmax=46085
[dump]   top0 idx=46085 val=0.37763
[dump]   top1 idx=15365 val=0.32708
[dump]   top2 idx=76805 val=0.32478
[dump]   top3 idx=56325 val=0.31184
[dump]   top4 idx=138245 val=0.29906
[dump] ple.inp    n=40960   finite=1 absmax=0.038727     mean=-1.1161e-05  sumsq=2.525345585        argmax=250
[dump]   top0 idx=250 val=0.03855
[dump]   top1 idx=543 val=0.03649
[dump]   top2 idx=794 val=0.03546
[dump]   top3 idx=1160 val=0.03449
[dump]   top4 idx=857 val=0.03440
[dump] ple.key    n=163840  finite=1 absmax=0.72359      mean=-0.0012855   sumsq=37.39464165        argmax=943
[dump]   top0 idx=943 val=0.53538
[dump]   top1 idx=123823 val=0.50420
[dump]   top2 idx=82863 val=0.48718
[dump]   top3 idx=93103 val=0.47806
[dump]   top4 idx=154543 val=0.47264
[dump] ple.value  n=40960   finite=1 absmax=0.11369      mean=0.0002195    sumsq=1.845222143        argmax=531
[dump]   top0 idx=531 val=0.04776
[dump]   top1 idx=30988 val=0.04743
[dump]   top2 idx=23308 val=0.04530
[dump]   top3 idx=7948 val=0.04230
[dump]   top4 idx=33548 val=0.04092
[dump] ple.knorm  n=163840  finite=1 absmax=88.997       mean=-0.0672      sumsq=281658.2281        argmax=69008
[dump]   top0 idx=69008 val=37.15705
[dump]   top1 idx=99728 val=36.81419
[dump]   top2 idx=130448 val=36.51701
[dump]   top3 idx=140688 val=35.38744
[dump]   top4 idx=28048 val=34.05914
[dump] ple.qnorm  n=163840  finite=1 absmax=12.228       mean=0.030229     sumsq=131220.8063        argmax=8408
[dump]   top0 idx=8408 val=12.22786
[dump]   top1 idx=728 val=11.12189
[dump]   top2 idx=3288 val=10.67556
[dump]   top3 idx=2828 val=10.65214
[dump]   top4 idx=99845 val=7.97208
[dump] ple.gate   n=64      finite=1 absmax=0.91687      mean=0.20432      sumsq=7.193228971        argmax=29
[dump] ple.gated  n=163840  finite=1 absmax=0.091692     mean=4.2617e-05   sumsq=0.875819494        argmax=94988
[dump]   top0 idx=94988 val=0.04077
[dump]   top1 idx=5651 val=0.04076
[dump]   top2 idx=84748 val=0.03381
[dump]   top3 idx=74508 val=0.03322
[dump]   top4 idx=6321 val=0.03153
[dump] ple.conv   n=163840  finite=1 absmax=0.28627      mean=0.00047437   sumsq=55.66336354        argmax=55277
[dump]   top0 idx=55277 val=0.28627
[dump]   top1 idx=157538 val=0.24202
[dump]   top2 idx=95132 val=0.23653
[dump]   top3 idx=85139 val=0.23485
[dump]   top4 idx=64156 val=0.22734
[dump] ple.out    n=163840  finite=1 absmax=0.44815      mean=0.00089882   sumsq=138.1776609        argmax=46085
[dump]   top0 idx=46085 val=0.37763
[dump]   top1 idx=15365 val=0.32706
[dump]   top2 idx=76805 val=0.32470
[dump]   top3 idx=56325 val=0.31175
[dump]   top4 idx=138245 val=0.29943
[dump] L01.hcmix  n=40960   finite=1 absmax=3.5828       mean=0.01128      sumsq=8006.502924        argmax=7685
[dump]   top0 idx=7685 val=3.58278
[dump]   top1 idx=2565 val=3.39217
[dump]   top2 idx=17925 val=3.19455
[dump]   top3 idx=23045 val=3.18298
[dump]   top4 idx=10245 val=3.12179
[dump] L01.conv   n=163840  finite=1 absmax=0.69527      mean=0.00060284   sumsq=134.316337         argmax=128184
[dump]   top0 idx=128184 val=0.69527
[dump]   top1 idx=49781 val=0.68625
[dump]   top2 idx=138424 val=0.68494
[dump]   top3 idx=117944 val=0.67797
[dump]   top4 idx=100981 val=0.65668
[dump] L01.gnorm  n=98304   finite=1 absmax=1.6569       mean=0.0011394    sumsq=638.7968125        argmax=64423
[dump]   top0 idx=64423 val=1.49717
[dump]   top1 idx=89017 val=1.41249
[dump]   top2 idx=80842 val=1.39124
[dump]   top3 idx=28933 val=1.32328
[dump]   top4 idx=336 val=1.22194
[dump] L01.lin    n=40960   finite=1 absmax=1.309        mean=-0.003966    sumsq=774.8687903        argmax=14273
[dump]   top0 idx=14273 val=1.30900
[dump]   top1 idx=11713 val=1.15927
[dump]   top2 idx=6593 val=1.15191
[dump]   top3 idx=28491 val=1.12951
[dump]   top4 idx=5451 val=1.11806
[dump] L01.att    n=40960   finite=1 absmax=1.309        mean=-0.003966    sumsq=774.8687903        argmax=14273
[dump]   top0 idx=14273 val=1.30900
[dump]   top1 idx=11713 val=1.15927
[dump]   top2 idx=6593 val=1.15191
[dump]   top3 idx=28491 val=1.12951
[dump]   top4 idx=5451 val=1.11806
[dump] L01.fmix   n=40960   finite=1 absmax=3.3254       mean=0.00018886   sumsq=6641.824671        argmax=4046
[dump]   top0 idx=4046 val=3.32542
[dump]   top1 idx=33285 val=2.60666
[dump]   top2 idx=25605 val=2.55110
[dump]   top3 idx=17925 val=2.52035
[dump]   top4 idx=35845 val=2.36411
[dump] L01.mlogit n=8192    finite=1 absmax=8.5048       mean=-5.7507      sumsq=274437.6027        argmax=643
[dump]   top0 idx=643 val=-2.48340
[dump]   top1 idx=522 val=-2.75909
[dump]   top2 idx=2842 val=-3.02396
[dump]   top3 idx=1622 val=-3.08398
[dump]   top4 idx=5269 val=-3.10807
[dump] L01.mprob  n=8192    finite=1 absmax=0.032912     mean=0.0019531    sumsq=0.05463654473      argmax=643
[dump]   top0 idx=643 val=0.03291
[dump]   top1 idx=522 val=0.02498
[dump]   top2 idx=5269 val=0.02443
[dump]   top3 idx=19 val=0.02345
[dump]   top4 idx=2842 val=0.02197
[dump] L01.mid    n=160     finite=1 absmax=0 mean=0 sumsq=0 ids: 19 320 157 131 165 225 345 205 446 186 131 10 128 348 486 500 103 19 303 196 168 210 381 441 458 81 289 207 27 445 86 91 500 341 19 447 67 41 425 348 326 429 499 441 458 233 319 296 313 81 282 5 382 500 101 443 349 177 307 425 151 54 253 473 41 282 425 117 139 140 372 103 431 64 1 196 409 348 345 286 496 21 372 371 431 500 409 314 44 1 496 122 44 371 20 163 41 169 54 78 149 377 496 98 500 81 86 289 425 507 81 168 458 54 139 507 377 169 121 98 500 118 377 81 323 54 289 425 98 131 500 140 149 127 205 67 249 412 289 425 149 500 205 280 19 26 265 87 306 412 330 385 285 323 459 311 495 369 450 22
[dump] L01.rlogit n=8192    finite=1 absmax=8.5048       mean=-5.7507      sumsq=274437.6027        argmax=643
[dump]   top0 idx=643 val=-2.48340
[dump]   top1 idx=522 val=-2.75909
[dump]   top2 idx=2842 val=-3.02396
[dump]   top3 idx=1622 val=-3.08398
[dump]   top4 idx=5269 val=-3.10807
[dump] L01.mwt    n=160     finite=1 absmax=0.2754       mean=0.1          sumsq=1.845809504        argmax=100
[dump] L01.mgate  n=102400  finite=1 absmax=2.0738       mean=-0.18215     sumsq=12456.50949        argmax=233
[dump]   top0 idx=233 val=2.00932
[dump]   top1 idx=71016 val=1.84440
[dump]   top2 idx=16624 val=1.74638
[dump]   top3 idx=1481 val=1.72976
[dump]   top4 idx=10616 val=1.59351
[dump] L01.mup    n=102400  finite=1 absmax=1.9795       mean=2.7075e-07   sumsq=8970.541908        argmax=3512
[dump]   top0 idx=3512 val=1.93307
[dump]   top1 idx=35714 val=1.89671
[dump]   top2 idx=3401 val=1.77157
[dump]   top3 idx=60395 val=1.70226
[dump]   top4 idx=3388 val=1.69166
[dump] L01.mgu    n=102400  finite=1 absmax=2.749        mean=2.2194e-05   sumsq=288.2437674        argmax=233
[dump]   top0 idx=233 val=2.74896
[dump]   top1 idx=35714 val=2.20225
[dump]   top2 idx=10616 val=1.63145
[dump]   top3 idx=3388 val=1.45399
[dump]   top4 idx=62520 val=1.25948
[dump] L01.mdown  n=409600  finite=1 absmax=0.35684      mean=3.6605e-05   sumsq=127.293924         argmax=723
[dump]   top0 idx=723 val=0.16264
[dump]   top1 idx=1531 val=0.15478
[dump]   top2 idx=141122 val=0.13454
[dump]   top3 idx=860 val=0.13448
[dump]   top4 idx=281973 val=0.12948
[dump] L01.msh    n=40960   finite=1 absmax=0.039624     mean=0.00010395   sumsq=0.3066037603       argmax=25493
[dump]   top0 idx=25493 val=0.02464
[dump]   top1 idx=24722 val=0.02207
[dump]   top2 idx=18775 val=0.02071
[dump]   top3 idx=20373 val=0.01926
[dump]   top4 idx=23895 val=0.01919
[dump] L01.mout   n=40960   finite=1 absmax=0.22226      mean=0.00012875   sumsq=2.859973948        argmax=1832
[dump]   top0 idx=1832 val=0.06782
[dump]   top1 idx=2010 val=0.05540
[dump]   top2 idx=1531 val=0.05507
[dump]   top3 idx=855 val=0.05451
[dump]   top4 idx=26455 val=0.05410
[dump] L01.moe    n=40960   finite=1 absmax=0.22226      mean=0.00012875   sumsq=2.859973948        argmax=1832
[dump]   top0 idx=1832 val=0.06782
[dump]   top1 idx=2010 val=0.05540
[dump]   top2 idx=1531 val=0.05507
[dump]   top3 idx=855 val=0.05451
[dump]   top4 idx=26455 val=0.05410
[dump] L01.res    n=163840  finite=1 absmax=0.44665      mean=0.00086497   sumsq=141.6773774        argmax=46085
[dump]   top0 idx=46085 val=0.37544
[dump]   top1 idx=15365 val=0.32875
[dump]   top2 idx=76805 val=0.32445
[dump]   top3 idx=56325 val=0.31175
[dump]   top4 idx=138245 val=0.29960
[dump] L02.hcmix  n=40960   finite=1 absmax=10.696       mean=0.010409     sumsq=12274.99292        argmax=10245
[dump]   top0 idx=10245 val=4.40305
[dump]   top1 idx=3415 val=4.22272
[dump]   top2 idx=25605 val=4.20525
[dump]   top3 idx=17925 val=4.20053
[dump]   top4 idx=15365 val=4.19056
[dump] L02.conv   n=163840  finite=1 absmax=0.97352      mean=0.00051754   sumsq=276.2204626        argmax=56880
[dump]   top0 idx=56880 val=0.97352
[dump]   top1 idx=67120 val=0.96029
[dump]   top2 idx=46640 val=0.92788
[dump]   top3 idx=77360 val=0.92436
[dump]   top4 idx=97840 val=0.90530
[dump] L02.gnorm  n=98304   finite=1 absmax=4.9064       mean=0.00011514   sumsq=506.1541388        argmax=1126
[dump]   top0 idx=1126 val=4.90638
[dump]   top1 idx=5935 val=3.76355
[dump]   top2 idx=75168 val=1.69193
[dump]   top3 idx=38304 val=1.45126
[dump]   top4 idx=46371 val=1.41195
[dump] L02.lin    n=40960   finite=1 absmax=3.0882       mean=0.0049838    sumsq=524.4588318        argmax=2010
[dump]   top0 idx=2010 val=1.25582
[dump]   top1 idx=403 val=0.80978
[dump]   top2 idx=2293 val=0.75753
[dump]   top3 idx=348 val=0.70048
[dump]   top4 idx=913 val=0.68048
[dump] L02.att    n=40960   finite=1 absmax=3.0882       mean=0.0049838    sumsq=524.4588318        argmax=2010
[dump]   top0 idx=2010 val=1.25582
[dump]   top1 idx=403 val=0.80978
[dump]   top2 idx=2293 val=0.75753
[dump]   top3 idx=348 val=0.70048
[dump]   top4 idx=913 val=0.68048
[dump] L02.fmix   n=40960   finite=1 absmax=5.2914       mean=0.010461     sumsq=6601.166051        argmax=12655
[dump]   top0 idx=12655 val=2.07345
[dump]   top1 idx=24008 val=1.87987
[dump]   top2 idx=15072 val=1.85450
[dump]   top3 idx=7392 val=1.82097
[dump]   top4 idx=4046 val=1.78313
[dump] L02.mlogit n=8192    finite=1 absmax=8.578        mean=-5.8616      sumsq=285123.7638        argmax=587
[dump]   top0 idx=587 val=-2.34192
[dump]   top1 idx=75 val=-2.51248
[dump]   top2 idx=1611 val=-2.70712
[dump]   top3 idx=6731 val=-2.70874
[dump]   top4 idx=12 val=-2.88090
[dump] L02.mprob  n=8192    finite=1 absmax=0.045606     mean=0.0019531    sumsq=0.06109565302      argmax=587
[dump]   top0 idx=587 val=0.04561
[dump]   top1 idx=75 val=0.04023
[dump]   top2 idx=1611 val=0.03541
[dump]   top3 idx=6731 val=0.03416
[dump]   top4 idx=12 val=0.02783
[dump] L02.mid    n=160     finite=1 absmax=0 mean=0 sumsq=0 ids: 75 12 209 68 137 403 257 272 87 255 75 42 169 139 22 479 356 192 61 376 75 141 42 169 13 61 355 356 430 102 75 259 427 32 440 61 466 371 12 356 410 433 355 124 252 407 75 133 76 341 32 103 123 75 9 22 285 259 426 69 70 124 75 165 402 355 133 191 356 52 22 75 69 170 145 35 430 61 356 180 230 22 75 480 260 356 102 285 61 506 75 230 22 356 152 61 285 260 431 42 75 61 185 431 459 482 385 22 52 167 430 75 385 52 421 13 316 88 275 388 75 70 385 72 503 205 376 382 16 133 75 275 187 61 32 13 272 12 420 498 75 507 399 225 129 275 272 161 495 61 265 397 352 309 167 275 406 165 75 173
[dump] L02.rlogit n=8192    finite=1 absmax=8.578        mean=-5.8616      sumsq=285123.7638        argmax=587
[dump]   top0 idx=587 val=-2.34192
[dump]   top1 idx=75 val=-2.51248
[dump]   top2 idx=1611 val=-2.70712
[dump]   top3 idx=6731 val=-2.70874
[dump]   top4 idx=12 val=-2.88090
[dump] L02.mwt    n=160     finite=1 absmax=0.39131      mean=0.1          sumsq=1.971124021        argmax=10
[dump] L02.mgate  n=102400  finite=1 absmax=2.28         mean=-0.16814     sumsq=11322.50317        argmax=33487
[dump]   top0 idx=33487 val=2.27997
[dump]   top1 idx=8043 val=2.07096
[dump]   top2 idx=55606 val=1.99216
[dump]   top3 idx=71029 val=1.97420
[dump]   top4 idx=98278 val=1.95807
[dump] L02.mup    n=102400  finite=1 absmax=2.2214       mean=-0.00083727  sumsq=8261.91374         argmax=33487
[dump]   top0 idx=33487 val=1.97897
[dump]   top1 idx=28868 val=1.83862
[dump]   top2 idx=72865 val=1.74308
[dump]   top3 idx=8043 val=1.71142
[dump]   top4 idx=66946 val=1.60539
[dump] L02.mgu    n=102400  finite=1 absmax=4.0933       mean=4.8466e-05   sumsq=316.7106371        argmax=33487
[dump]   top0 idx=33487 val=4.09330
[dump]   top1 idx=8043 val=3.14749
[dump]   top2 idx=28868 val=2.56503
[dump]   top3 idx=30993 val=1.88758
[dump]   top4 idx=53914 val=1.41498
[dump] L02.mdown  n=409600  finite=1 absmax=0.2345       mean=4.2238e-05   sumsq=135.9998065        argmax=221998
[dump]   top0 idx=221998 val=0.23450
[dump]   top1 idx=220272 val=0.23095
[dump]   top2 idx=221910 val=0.21244
[dump]   top3 idx=133675 val=0.19371
[dump]   top4 idx=221623 val=0.19106
[dump] L02.msh    n=40960   finite=1 absmax=0.093769     mean=0.00028209   sumsq=0.9187912397       argmax=23308
[dump]   top0 idx=23308 val=0.09377
[dump]   top1 idx=951 val=0.08561
[dump]   top2 idx=728 val=0.08393
[dump]   top3 idx=20748 val=0.08067
[dump]   top4 idx=3288 val=0.07921
[dump] L02.mout   n=40960   finite=1 absmax=0.10521      mean=0.00031678   sumsq=3.209024831        argmax=23308
[dump]   top0 idx=23308 val=0.10521
[dump]   top1 idx=20748 val=0.09223
[dump]   top2 idx=3288 val=0.09056
[dump]   top3 idx=5388 val=0.08290
[dump]   top4 idx=951 val=0.08256
[dump] L02.moe    n=40960   finite=1 absmax=0.10521      mean=0.00031678   sumsq=3.209024831        argmax=23308
[dump]   top0 idx=23308 val=0.10521
[dump]   top1 idx=20748 val=0.09223
[dump]   top2 idx=3288 val=0.09056
[dump]   top3 idx=5388 val=0.08290
[dump]   top4 idx=951 val=0.08256
[dump] L02.res    n=163840  finite=1 absmax=0.41289      mean=0.0011671    sumsq=163.6124794        argmax=46085
[dump]   top0 idx=46085 val=0.38493
[dump]   top1 idx=46808 val=0.37684
[dump]   top2 idx=98008 val=0.35842
[dump]   top3 idx=15365 val=0.35526
[dump]   top4 idx=138968 val=0.34253
[dump] L03.hcmix  n=40960   finite=1 absmax=6.2112       mean=0.014065     sumsq=4464.437239        argmax=5908
[dump]   top0 idx=5908 val=4.58201
[dump]   top1 idx=16148 val=4.45484
[dump]   top2 idx=13588 val=4.39351
[dump]   top3 idx=25605 val=4.25819
[dump]   top4 idx=10245 val=4.22202
[dump] L03.cur    n=40960   finite=1 absmax=6.2112       mean=0.014065     sumsq=4464.437239        argmax=5908
[dump]   top0 idx=5908 val=4.58201
[dump]   top1 idx=16148 val=4.45484
[dump]   top2 idx=13588 val=4.39351
[dump]   top3 idx=25605 val=4.25819
[dump]   top4 idx=10245 val=4.22202
[dump] L03.qnorm  n=98304   finite=1 absmax=11.193       mean=0.017113     sumsq=135609.2733        argmax=31265
[dump]   top0 idx=31265 val=10.20389
[dump]   top1 idx=12833 val=10.11332
[dump]   top2 idx=37409 val=10.06218
[dump]   top3 idx=25121 val=9.66743
[dump]   top4 idx=92705 val=9.37893
[dump] L03.knorm  n=8192    finite=1 absmax=4.9735       mean=0.069272     sumsq=13322.16506        argmax=565
[dump]   top0 idx=565 val=4.97355
[dump]   top1 idx=5210 val=4.86110
[dump]   top2 idx=2701 val=4.68827
[dump]   top3 idx=5143 val=4.41837
[dump]   top4 idx=797 val=4.37982
[dump] L03.vraw   n=8192    finite=1 absmax=3.4058       mean=0.018883     sumsq=2087.035641        argmax=380
[dump]   top0 idx=380 val=3.40577
[dump]   top1 idx=5312 val=2.64452
[dump]   top2 idx=3188 val=2.35765
[dump]   top3 idx=4016 val=2.26672
[dump]   top4 idx=820 val=2.19047
[dump] L03.Q      n=98304   finite=1 absmax=11.193       mean=0.018635     sumsq=135609.273         argmax=14849
[dump]   top0 idx=14849 val=10.87913
[dump]   top1 idx=27169 val=10.73263
[dump]   top2 idx=33313 val=10.68620
[dump]   top3 idx=38657 val=10.14950
[dump]   top4 idx=8705 val=10.06417
[dump] L03.K      n=8192    finite=1 absmax=4.9735       mean=0.05931      sumsq=13322.16505        argmax=565
[dump]   top0 idx=565 val=4.97355
[dump]   top1 idx=5210 val=4.86110
[dump]   top2 idx=2701 val=4.68827
[dump]   top3 idx=5143 val=4.41839
[dump]   top4 idx=797 val=4.37982
[dump] L03.faout  n=98304   finite=1 absmax=3.4058       mean=0.0098223    sumsq=10735.92072        argmax=3196
[dump]   top0 idx=3196 val=3.40577
[dump]   top1 idx=5756 val=3.40577
[dump]   top2 idx=5244 val=3.40577
[dump]   top3 idx=3452 val=3.40577
[dump]   top4 idx=3708 val=3.40577
[dump] L03.gate   n=98304   finite=1 absmax=4.6616       mean=-1.4011      sumsq=239719.6106        argmax=64000
[dump]   top0 idx=64000 val=1.13208
[dump]   top1 idx=79514 val=1.08723
[dump]   top2 idx=82813 val=1.06101
[dump]   top3 idx=42650 val=1.02252
[dump]   top4 idx=64192 val=0.99535
[dump] L03.gated  n=98304   finite=1 absmax=1.3399       mean=0.0018815    sumsq=521.8079339        argmax=4988
[dump]   top0 idx=4988 val=1.33988
[dump]   top1 idx=3708 val=1.28093
[dump]   top2 idx=3964 val=1.25885
[dump]   top3 idx=4732 val=1.23073
[dump]   top4 idx=3452 val=1.21852
[dump] L03.att    n=40960   finite=1 absmax=0.92088      mean=-0.0031026   sumsq=293.0356433        argmax=522
[dump]   top0 idx=522 val=0.76632
[dump]   top1 idx=1832 val=0.64810
[dump]   top2 idx=667 val=0.56096
[dump]   top3 idx=1578 val=0.55173
[dump]   top4 idx=983 val=0.55160
[dump] L03.fmix   n=40960   finite=1 absmax=3.3599       mean=0.01558      sumsq=12581.48536        argmax=4046
[dump]   top0 idx=4046 val=3.19710
[dump]   top1 idx=10968 val=3.14319
[dump]   top2 idx=33997 val=2.96802
[dump]   top3 idx=3288 val=2.90248
[dump]   top4 idx=8408 val=2.69754
[dump] L03.mlogit n=8192    finite=1 absmax=8.8776       mean=-5.7857      sumsq=277631.1231        argmax=2194
[dump]   top0 idx=2194 val=-3.27418
[dump]   top1 idx=5706 val=-3.28575
[dump]   top2 idx=243 val=-3.31267
[dump]   top3 idx=3368 val=-3.43721
[dump]   top4 idx=8147 val=-3.51726
[dump] L03.mprob  n=8192    finite=1 absmax=0.023329     mean=0.0019531    sumsq=0.04691176888      argmax=243
[dump]   top0 idx=243 val=0.02333
[dump]   top1 idx=5706 val=0.02152
[dump]   top2 idx=2194 val=0.01992
[dump]   top3 idx=3001 val=0.01526
[dump]   top4 idx=8147 val=0.01506
[dump] L03.mid    n=160     finite=1 absmax=0 mean=0 sumsq=0 ids: 243 143 190 405 470 223 205 253 371 231 476 47 405 231 228 343 441 473 243 277 343 112 47 71 21 146 405 486 231 470 231 190 441 228 418 146 470 504 101 484 146 299 419 451 406 254 484 169 228 27 441 443 418 190 156 494 231 347 396 228 296 146 396 193 189 307 21 467 419 77 17 296 193 189 231 32 190 485 295 200 365 190 396 296 295 271 200 307 509 449 296 189 190 307 101 149 365 295 480 418 418 74 231 104 190 365 228 449 257 391 74 71 257 81 112 190 91 365 262 101 74 257 190 277 365 101 146 224 83 343 441 194 504 315 190 101 206 231 318 418 315 364 86 185 101 104 194 441 31 184 467 396 101 218 472 271 441 365 102 104
[dump] L03.rlogit n=8192    finite=1 absmax=8.8776       mean=-5.7857      sumsq=277631.1231        argmax=2194
[dump]   top0 idx=2194 val=-3.27418
[dump]   top1 idx=5706 val=-3.28575
[dump]   top2 idx=243 val=-3.31267
[dump]   top3 idx=3368 val=-3.43721
[dump]   top4 idx=8147 val=-3.51726
[dump] L03.mwt    n=160     finite=1 absmax=0.28156      mean=0.1          sumsq=1.764813051        argmax=110
[dump] L03.mgate  n=102400  finite=1 absmax=2.4459       mean=-0.2457      sumsq=21600.39477        argmax=11308
[dump]   top0 idx=11308 val=2.37920
[dump]   top1 idx=64767 val=2.08142
[dump]   top2 idx=64868 val=1.86084
[dump]   top3 idx=31857 val=1.79440
[dump]   top4 idx=73148 val=1.76988
[dump] L03.mup    n=102400  finite=1 absmax=2.6821       mean=-0.0029209   sumsq=14922.86041        argmax=64986
[dump]   top0 idx=64986 val=2.68213
[dump]   top1 idx=8184 val=2.16494
[dump]   top2 idx=64784 val=1.93948
[dump]   top3 idx=43699 val=1.83108
[dump]   top4 idx=83778 val=1.76936
[dump] L03.mgu    n=102400  finite=1 absmax=3.1602       mean=9.9382e-05   sumsq=602.6497939        argmax=43699
[dump]   top0 idx=43699 val=2.22870
[dump]   top1 idx=80558 val=1.46572
[dump]   top2 idx=73599 val=1.39140
[dump]   top3 idx=26211 val=1.16112
[dump]   top4 idx=47452 val=1.15727
[dump] L03.mdown  n=409600  finite=1 absmax=0.20132      mean=2.5668e-05   sumsq=256.9046726        argmax=43733
[dump]   top0 idx=43733 val=0.18282
[dump]   top1 idx=285021 val=0.17611
[dump]   top2 idx=175492 val=0.16670
[dump]   top3 idx=44859 val=0.16422
[dump]   top4 idx=293522 val=0.15986
[dump] L03.msh    n=40960   finite=1 absmax=0.022271     mean=3.7214e-05   sumsq=0.3577375459       argmax=20373
[dump]   top0 idx=20373 val=0.02227
[dump]   top1 idx=33173 val=0.02025
[dump]   top2 idx=38078 val=0.01935
[dump]   top3 idx=15038 val=0.01763
[dump]   top4 idx=722 val=0.01725
[dump] L03.mout   n=40960   finite=1 absmax=0.054243     mean=7.0731e-05   sumsq=3.69284383         argmax=29614
[dump]   top0 idx=29614 val=0.04629
[dump]   top1 idx=22718 val=0.04620
[dump]   top2 idx=28855 val=0.04368
[dump]   top3 idx=11687 val=0.03961
[dump]   top4 idx=29681 val=0.03922
[dump] L03.moe    n=40960   finite=1 absmax=0.054243     mean=7.0731e-05   sumsq=3.69284383         argmax=29614
[dump]   top0 idx=29614 val=0.04629
[dump]   top1 idx=22718 val=0.04620
[dump]   top2 idx=28855 val=0.04368
[dump]   top3 idx=11687 val=0.03961
[dump]   top4 idx=29681 val=0.03922
[dump] L03.res    n=163840  finite=1 absmax=0.39487      mean=0.0011108    sumsq=169.5573803        argmax=46085
[dump]   top0 idx=46085 val=0.38628
[dump]   top1 idx=46808 val=0.37755
[dump]   top2 idx=98008 val=0.35723
[dump]   top3 idx=15365 val=0.35422
[dump]   top4 idx=128728 val=0.34237
[dump] L04.hcmix  n=40960   finite=1 absmax=8.531        mean=0.019453     sumsq=13140.40683        argmax=25605
[dump]   top0 idx=25605 val=5.15520
[dump]   top1 idx=15365 val=5.00171
[dump]   top2 idx=5 val=4.83432
[dump]   top3 idx=17925 val=4.82853
[dump]   top4 idx=10245 val=4.81866
[dump] L04.conv   n=163840  finite=1 absmax=1.1318       mean=-0.00022541  sumsq=383.4716218        argmax=128454
[dump]   top0 idx=128454 val=1.13179
[dump]   top1 idx=12563 val=1.12970
[dump]   top2 idx=36294 val=1.06354
[dump]   top3 idx=159174 val=1.05898
[dump]   top4 idx=12417 val=1.05709
[dump] L04.gnorm  n=98304   finite=1 absmax=1.1903       mean=-0.00093418  sumsq=280.5774607        argmax=82288
[dump]   top0 idx=82288 val=1.00455
[dump]   top1 idx=87767 val=0.97703
[dump]   top2 idx=51505 val=0.92355
[dump]   top3 idx=69266 val=0.88191
[dump]   top4 idx=15941 val=0.87666
[dump] L04.lin    n=40960   finite=1 absmax=0.6642       mean=-0.0015046   sumsq=208.9831037        argmax=29813
[dump]   top0 idx=29813 val=0.66420
[dump]   top1 idx=9333 val=0.50714
[dump]   top2 idx=32373 val=0.50409
[dump]   top3 idx=34933 val=0.49376
[dump]   top4 idx=10871 val=0.46180
[dump] L04.att    n=40960   finite=1 absmax=0.6642       mean=-0.0015046   sumsq=208.9831037        argmax=29813
[dump]   top0 idx=29813 val=0.66420
[dump]   top1 idx=9333 val=0.50714
[dump]   top2 idx=32373 val=0.50409
[dump]   top3 idx=34933 val=0.49376
[dump]   top4 idx=10871 val=0.46180
[dump] L04.fmix   n=40960   finite=1 absmax=3.2729       mean=0.014132     sumsq=14306.34249        argmax=4046
[dump]   top0 idx=4046 val=3.27289
[dump]   top1 idx=22230 val=2.98305
[dump]   top2 idx=22265 val=2.85938
[dump]   top3 idx=22766 val=2.74722
[dump]   top4 idx=22718 val=2.73390
[dump] L04.mlogit n=8192    finite=1 absmax=8.6714       mean=-5.7768      sumsq=277294.8999        argmax=821
[dump]   top0 idx=821 val=-2.82249
[dump]   top1 idx=2601 val=-2.84796
[dump]   top2 idx=2713 val=-2.88889
[dump]   top3 idx=1845 val=-3.01040
[dump]   top4 idx=7563 val=-3.05739
[dump] L04.mprob  n=8192    finite=1 absmax=0.035278     mean=0.0019531    sumsq=0.05561671496      argmax=821
[dump]   top0 idx=821 val=0.03528
[dump]   top1 idx=2601 val=0.02966
[dump]   top2 idx=2713 val=0.02847
[dump]   top3 idx=1845 val=0.02742
[dump]   top4 idx=7563 val=0.02338
[dump] L04.mid    n=160     finite=1 absmax=0 mean=0 sumsq=0 ids: 3 309 119 392 252 307 486 106 41 453 309 385 274 453 402 410 252 277 123 62 309 505 385 41 293 479 414 251 299 36 309 410 421 414 252 204 496 500 453 41 204 36 309 378 414 333 72 366 159 379 41 153 274 207 410 491 259 204 36 106 455 479 16 36 303 321 413 204 174 91 41 21 309 134 282 453 410 106 312 500 504 21 177 134 41 150 282 351 221 309 256 309 504 491 221 293 436 500 323 453 453 293 436 309 410 299 445 375 500 69 425 309 252 204 36 483 41 476 504 259 500 309 150 345 136 410 453 282 323 174 106 309 274 453 41 410 496 259 252 186 395 468 391 309 306 192 274 324 106 89 177 309 186 172 467 244 80 89 100 193
[dump] L04.rlogit n=8192    finite=1 absmax=8.6714       mean=-5.7768      sumsq=277294.8999        argmax=821
[dump]   top0 idx=821 val=-2.82249
[dump]   top1 idx=2601 val=-2.84796
[dump]   top2 idx=2713 val=-2.88889
[dump]   top3 idx=1845 val=-3.01040
[dump]   top4 idx=7563 val=-3.05739
[dump] L04.mwt    n=160     finite=1 absmax=0.3356       mean=0.1          sumsq=1.87638797         argmax=10
[dump] L04.mgate  n=102400  finite=1 absmax=2.9123       mean=-0.28002     sumsq=26436.91064        argmax=32078
[dump]   top0 idx=32078 val=2.91230
[dump]   top1 idx=32696 val=2.10245
[dump]   top2 idx=68794 val=2.04298
[dump]   top3 idx=56867 val=2.03720
[dump]   top4 idx=67435 val=1.99832
[dump] L04.mup    n=102400  finite=1 absmax=3.1611       mean=-0.0016266   sumsq=17430.04918        argmax=78612
[dump]   top0 idx=78612 val=2.76704
[dump]   top1 idx=32078 val=2.62975
[dump]   top2 idx=18513 val=2.27708
[dump]   top3 idx=20297 val=2.27634
[dump]   top4 idx=80222 val=2.22899
[dump] L04.mgu    n=102400  finite=1 absmax=7.2638       mean=0.00037822   sumsq=876.3245929        argmax=32078
[dump]   top0 idx=32078 val=7.26382
[dump]   top1 idx=78612 val=4.06999
[dump]   top2 idx=25609 val=2.56789
[dump]   top3 idx=51664 val=1.91744
[dump]   top4 idx=56462 val=1.84820
[dump] L04.mdown  n=409600  finite=1 absmax=0.39957      mean=1.8695e-05   sumsq=372.5535466        argmax=130521
[dump]   top0 idx=130521 val=0.35634
[dump]   top1 idx=128637 val=0.33839
[dump]   top2 idx=130139 val=0.33216
[dump]   top3 idx=128397 val=0.31081
[dump]   top4 idx=130245 val=0.30901
[dump] L04.msh    n=40960   finite=1 absmax=0.052544     mean=5.5886e-05   sumsq=0.7959192295       argmax=30613
[dump]   top0 idx=30613 val=0.05254
[dump]   top1 idx=29813 val=0.04073
[dump]   top2 idx=19573 val=0.03459
[dump]   top3 idx=33173 val=0.03419
[dump]   top4 idx=32373 val=0.03213
[dump] L04.mout   n=40960   finite=1 absmax=0.10578      mean=0.00011148   sumsq=7.572988418        argmax=13437
[dump]   top0 idx=13437 val=0.10083
[dump]   top1 idx=14936 val=0.09700
[dump]   top2 idx=13941 val=0.09130
[dump]   top3 idx=13197 val=0.08855
[dump]   top4 idx=14939 val=0.08717
[dump] L04.moe    n=40960   finite=1 absmax=0.10578      mean=0.00011148   sumsq=7.572988418        argmax=13437
[dump]   top0 idx=13437 val=0.10083
[dump]   top1 idx=14936 val=0.09700
[dump]   top2 idx=13941 val=0.09130
[dump]   top3 idx=13197 val=0.08855
[dump]   top4 idx=14939 val=0.08717
[dump] L04.res    n=163840  finite=1 absmax=0.4059       mean=0.0010857    sumsq=191.4496074        argmax=46085
[dump]   top0 idx=46085 val=0.38583
[dump]   top1 idx=46808 val=0.37788
[dump]   top2 idx=98008 val=0.35443
[dump]   top3 idx=15365 val=0.35412
[dump]   top4 idx=128728 val=0.34226
[dump] L05.hcmix  n=40960   finite=1 absmax=12.034       mean=0.011892     sumsq=12813.04078        argmax=29813
[dump]   top0 idx=29813 val=9.82349
[dump]   top1 idx=34933 val=5.81145
[dump]   top2 idx=1653 val=5.34707
[dump]   top3 idx=1500 val=4.24129
[dump]   top4 idx=14453 val=4.10568
[dump] L05.conv   n=163840  finite=1 absmax=1.5469       mean=0.00037594   sumsq=399.7856905        argmax=4165
[dump]   top0 idx=4165 val=1.54688
[dump]   top1 idx=15973 val=1.51178
[dump]   top2 idx=134140 val=1.36305
[dump]   top3 idx=128613 val=1.30457
[dump]   top4 idx=52220 val=1.29848
[dump] L05.gnorm  n=98304   finite=1 absmax=7.9797       mean=-0.00029203  sumsq=328.6009067        argmax=5831
[dump]   top0 idx=5831 val=7.97967
[dump]   top1 idx=37138 val=1.02539
[dump]   top2 idx=97127 val=0.87087
[dump]   top3 idx=81745 val=0.79768
[dump]   top4 idx=44552 val=0.79538
[dump] L05.lin    n=40960   finite=1 absmax=7.0932       mean=-0.0013094   sumsq=328.1247212        argmax=1500
[dump]   top0 idx=1500 val=1.98662
[dump]   top1 idx=788 val=0.90165
[dump]   top2 idx=5751 val=0.78279
[dump]   top3 idx=2121 val=0.78215
[dump]   top4 idx=1787 val=0.69970
[dump] L05.att    n=40960   finite=1 absmax=7.0932       mean=-0.0013094   sumsq=328.1247212        argmax=1500
[dump]   top0 idx=1500 val=1.98662
[dump]   top1 idx=788 val=0.90165
[dump]   top2 idx=5751 val=0.78279
[dump]   top3 idx=2121 val=0.78215
[dump]   top4 idx=1787 val=0.69970
[dump] L05.fmix   n=40960   finite=1 absmax=2.6297       mean=0.0086788    sumsq=10648.67523        argmax=10596
[dump]   top0 idx=10596 val=2.62967
[dump]   top1 idx=1009 val=2.55234
[dump]   top2 idx=11241 val=2.51118
[dump]   top3 idx=21685 val=2.44948
[dump]   top4 idx=37045 val=2.41731
[dump] L05.mlogit n=8192    finite=1 absmax=9.2975       mean=-5.9435      sumsq=293943.4629        argmax=1521
[dump]   top0 idx=1521 val=-2.25287
[dump]   top1 idx=6944 val=-2.95896
[dump]   top2 idx=1293 val=-2.98275
[dump]   top3 idx=8098 val=-2.98418
[dump]   top4 idx=2870 val=-3.08276
[dump] L05.mprob  n=8192    finite=1 absmax=0.052853     mean=0.0019531    sumsq=0.06146408732      argmax=1521
[dump]   top0 idx=1521 val=0.05285
[dump]   top1 idx=8098 val=0.02895
[dump]   top2 idx=6944 val=0.02623
[dump]   top3 idx=1293 val=0.02547
[dump]   top4 idx=2870 val=0.02310
[dump] L05.mid    n=160     finite=1 absmax=0 mean=0 sumsq=0 ids: 392 42 56 353 386 291 236 175 228 98 104 505 439 274 216 268 81 220 420 402 497 269 400 136 126 274 347 380 130 422 395 169 216 118 140 236 417 200 400 224 497 200 269 227 365 77 323 440 338 400 310 140 142 228 124 1 468 236 98 436 269 418 36 210 360 18 400 67 77 38 314 102 291 390 239 124 2 224 364 14 390 452 280 102 449 191 291 120 140 169 140 452 291 420 102 169 390 328 344 293 328 192 505 177 344 429 418 302 291 314 314 291 38 177 344 269 136 216 440 293 104 38 291 216 177 344 402 418 134 395 288 140 236 104 344 446 14 142 326 468 53 344 116 133 298 288 177 2 291 114 418 17 18 177 344 269 404 451 61 453
[dump] L05.rlogit n=8192    finite=1 absmax=9.2975       mean=-5.9435      sumsq=293943.4629        argmax=1521
[dump]   top0 idx=1521 val=-2.25287
[dump]   top1 idx=6944 val=-2.95896
[dump]   top2 idx=1293 val=-2.98275
[dump]   top3 idx=8098 val=-2.98418
[dump]   top4 idx=2870 val=-3.08276
[dump] L05.mwt    n=160     finite=1 absmax=0.32907      mean=0.1          sumsq=1.82462324         argmax=20
[dump] L05.mgate  n=102400  finite=1 absmax=2.1783       mean=-0.19452     sumsq=17411.43233        argmax=7466
[dump]   top0 idx=7466 val=2.15219
[dump]   top1 idx=64227 val=1.92103
[dump]   top2 idx=30908 val=1.87435
[dump]   top3 idx=7979 val=1.86802
[dump]   top4 idx=88925 val=1.83901
[dump] L05.mup    n=102400  finite=1 absmax=2.489        mean=0.00065978   sumsq=13024.77001        argmax=80698
[dump]   top0 idx=80698 val=2.48899
[dump]   top1 idx=30908 val=2.16943
[dump]   top2 idx=73299 val=2.07239
[dump]   top3 idx=75150 val=1.90066
[dump]   top4 idx=98210 val=1.78663
[dump] L05.mgu    n=102400  finite=1 absmax=3.5253       mean=2.2185e-05   sumsq=516.9809245        argmax=30908
[dump]   top0 idx=30908 val=3.52531
[dump]   top1 idx=80698 val=2.40364
[dump]   top2 idx=88925 val=2.34844
[dump]   top3 idx=7466 val=1.59121
[dump]   top4 idx=72721 val=1.53048
[dump] L05.mdown  n=409600  finite=1 absmax=0.23361      mean=9.6517e-05   sumsq=220.0945346        argmax=371254
[dump]   top0 idx=371254 val=0.18518
[dump]   top1 idx=324376 val=0.18208
[dump]   top2 idx=124857 val=0.16903
[dump]   top3 idx=124056 val=0.16447
[dump]   top4 idx=124729 val=0.16435
[dump] L05.msh    n=40960   finite=1 absmax=0.087128     mean=0.00048185   sumsq=0.6830841973       argmax=24581
[dump]   top0 idx=24581 val=0.03790
[dump]   top1 idx=5699 val=0.03394
[dump]   top2 idx=3861 val=0.03382
[dump]   top3 idx=885 val=0.03333
[dump]   top4 idx=3139 val=0.03332
[dump] L05.mout   n=40960   finite=1 absmax=0.094318     mean=0.00059365   sumsq=3.770393806        argmax=3139
[dump]   top0 idx=3139 val=0.04783
[dump]   top1 idx=34165 val=0.04552
[dump]   top2 idx=7573 val=0.04513
[dump]   top3 idx=524 val=0.04388
[dump]   top4 idx=6421 val=0.04278
[dump] L05.moe    n=40960   finite=1 absmax=0.094318     mean=0.00059365   sumsq=3.770393806        argmax=3139
[dump]   top0 idx=3139 val=0.04783
[dump]   top1 idx=34165 val=0.04552
[dump]   top2 idx=7573 val=0.04513
[dump]   top3 idx=524 val=0.04388
[dump]   top4 idx=6421 val=0.04278
[dump] L05.res    n=163840  finite=1 absmax=2.8817       mean=0.0012195    sumsq=228.8015712        argmax=1500
[dump]   top0 idx=1500 val=0.78873
[dump]   top1 idx=46085 val=0.38471
[dump]   top2 idx=46808 val=0.37853
[dump]   top3 idx=788 val=0.35683
[dump]   top4 idx=98008 val=0.35391
[dump] L06.hcmix  n=40960   finite=1 absmax=18.793       mean=0.014511     sumsq=11135.55721        argmax=1500
[dump]   top0 idx=1500 val=8.34461
[dump]   top1 idx=5 val=4.89310
[dump]   top2 idx=25605 val=4.82271
[dump]   top3 idx=15365 val=4.74486
[dump]   top4 idx=17925 val=4.65943
[dump] L06.conv   n=163840  finite=1 absmax=2.875        mean=0.00093939   sumsq=242.5459924        argmax=4664
[dump]   top0 idx=4664 val=2.87499
[dump]   top1 idx=14904 val=2.27088
[dump]   top2 idx=14943 val=1.62692
[dump]   top3 idx=14865 val=1.53097
[dump]   top4 idx=35345 val=1.25879
[dump] L06.gnorm  n=98304   finite=1 absmax=2.2474       mean=0.0011633    sumsq=922.0213176        argmax=92640
[dump]   top0 idx=92640 val=2.19271
[dump]   top1 idx=66695 val=2.07684
[dump]   top2 idx=11492 val=1.92991
[dump]   top3 idx=19121 val=1.75601
[dump]   top4 idx=51108 val=1.58228
[dump] L06.lin    n=40960   finite=1 absmax=1.585        mean=-0.0024249   sumsq=1049.905383        argmax=3042
[dump]   top0 idx=3042 val=1.58499
[dump]   top1 idx=5602 val=1.46356
[dump]   top2 idx=10722 val=1.32293
[dump]   top3 idx=8162 val=1.31159
[dump]   top4 idx=8631 val=1.30531
[dump] L06.att    n=40960   finite=1 absmax=1.585        mean=-0.0024249   sumsq=1049.905383        argmax=3042
[dump]   top0 idx=3042 val=1.58499
[dump]   top1 idx=5602 val=1.46356
[dump]   top2 idx=10722 val=1.32293
[dump]   top3 idx=8162 val=1.31159
[dump]   top4 idx=8631 val=1.30531
[dump] L06.fmix   n=40960   finite=1 absmax=3.5673       mean=0.015808     sumsq=13953.80206        argmax=11241
[dump]   top0 idx=11241 val=3.08999
[dump]   top1 idx=11585 val=2.63664
[dump]   top2 idx=17377 val=2.62333
[dump]   top3 idx=35985 val=2.60293
[dump]   top4 idx=10936 val=2.58923
[dump] L06.mlogit n=8192    finite=1 absmax=8.957        mean=-5.8607      sumsq=286391.4037        argmax=223
[dump]   top0 idx=223 val=-2.39554
[dump]   top1 idx=1113 val=-2.41306
[dump]   top2 idx=7892 val=-2.42942
[dump]   top3 idx=3574 val=-2.44904
[dump]   top4 idx=33 val=-2.57135
[dump] L06.mprob  n=8192    finite=1 absmax=0.054377     mean=0.0019531    sumsq=0.07462756612      argmax=223
[dump]   top0 idx=223 val=0.05438
[dump]   top1 idx=1113 val=0.04731
[dump]   top2 idx=33 val=0.04561
[dump]   top3 idx=7892 val=0.04263
[dump]   top4 idx=906 val=0.03718
[dump] L06.mid    n=160     finite=1 absmax=0 mean=0 sumsq=0 ids: 223 33 283 394 379 40 439 159 256 152 394 40 67 439 94 474 409 329 346 172 89 71 380 244 367 206 55 43 202 387 197 244 352 398 59 43 267 433 305 365 278 212 486 503 89 423 197 82 300 45 97 152 67 191 295 144 227 398 91 503 502 348 323 314 273 107 315 450 312 2 295 408 172 496 227 304 503 184 333 461 295 210 290 77 209 387 411 464 54 191 295 503 77 299 39 411 95 431 282 290 95 245 282 477 475 163 71 141 413 431 69 91 477 440 295 467 245 387 89 283 413 492 123 270 75 40 503 486 261 494 152 326 127 159 375 123 278 69 390 133 63 307 275 488 173 157 352 78 130 356 212 341 353 85 278 337 486 275 300 393
[dump] L06.rlogit n=8192    finite=1 absmax=8.957        mean=-5.8607      sumsq=286391.4037        argmax=223
[dump]   top0 idx=223 val=-2.39554
[dump]   top1 idx=1113 val=-2.41306
[dump]   top2 idx=7892 val=-2.42942
[dump]   top3 idx=3574 val=-2.44904
[dump]   top4 idx=33 val=-2.57135
[dump] L06.mwt    n=160     finite=1 absmax=0.34944      mean=0.1          sumsq=1.967072097        argmax=20
[dump] L06.mgate  n=102400  finite=1 absmax=3.3461       mean=-0.25392     sumsq=24955.48772        argmax=96757
[dump]   top0 idx=96757 val=2.97718
[dump]   top1 idx=99332 val=2.51208
[dump]   top2 idx=66504 val=2.39253
[dump]   top3 idx=74090 val=2.17807
[dump]   top4 idx=45558 val=2.16447
[dump] L06.mup    n=102400  finite=1 absmax=2.517        mean=0.0019959    sumsq=17181.75025        argmax=87464
[dump]   top0 idx=87464 val=2.29786
[dump]   top1 idx=13329 val=2.26184
[dump]   top2 idx=93530 val=2.14077
[dump]   top3 idx=81349 val=2.06228
[dump]   top4 idx=931 val=1.97974
[dump] L06.mgu    n=102400  finite=1 absmax=3.8833       mean=0.00011632   sumsq=905.5488574        argmax=96757
[dump]   top0 idx=96757 val=3.88333
[dump]   top1 idx=45558 val=2.95879
[dump]   top2 idx=36136 val=2.82536
[dump]   top3 idx=33985 val=2.43210
[dump]   top4 idx=19850 val=2.41320
[dump] L06.mdown  n=409600  finite=1 absmax=0.245        mean=0.00011727   sumsq=381.544964         argmax=266936
[dump]   top0 idx=266936 val=0.23965
[dump]   top1 idx=388630 val=0.22676
[dump]   top2 idx=85111 val=0.22072
[dump]   top3 idx=29646 val=0.21079
[dump]   top4 idx=82922 val=0.20983
[dump] L06.msh    n=40960   finite=1 absmax=0.058401     mean=3.0105e-05   sumsq=0.7923646077       argmax=33173
[dump]   top0 idx=33173 val=0.05840
[dump]   top1 idx=25493 val=0.05121
[dump]   top2 idx=32550 val=0.04645
[dump]   top3 idx=17813 val=0.03851
[dump]   top4 idx=30613 val=0.03652
[dump] L06.mout   n=40960   finite=1 absmax=0.081688     mean=0.00012736   sumsq=7.048623496        argmax=33173
[dump]   top0 idx=33173 val=0.08169
[dump]   top1 idx=7546 val=0.06661
[dump]   top2 idx=39402 val=0.06542
[dump]   top3 idx=39934 val=0.06450
[dump]   top4 idx=39261 val=0.06300
[dump] L06.moe    n=40960   finite=1 absmax=0.081688     mean=0.00012736   sumsq=7.048623496        argmax=33173
[dump]   top0 idx=33173 val=0.08169
[dump]   top1 idx=7546 val=0.06661
[dump]   top2 idx=39402 val=0.06542
[dump]   top3 idx=39934 val=0.06450
[dump]   top4 idx=39261 val=0.06300
[dump] L06.res    n=163840  finite=1 absmax=2.9098       mean=0.0012189    sumsq=252.4484589        argmax=1500
[dump]   top0 idx=1500 val=0.79867
[dump]   top1 idx=46085 val=0.38228
[dump]   top2 idx=46808 val=0.37840
[dump]   top3 idx=98008 val=0.35418
[dump]   top4 idx=788 val=0.35122
[dump] L07.hcmix  n=40960   finite=1 absmax=15.222       mean=0.0079019    sumsq=5499.471651        argmax=17925
[dump]   top0 idx=17925 val=4.20223
[dump]   top1 idx=15365 val=4.15658
[dump]   top2 idx=25605 val=4.11136
[dump]   top3 idx=10245 val=4.03161
[dump]   top4 idx=12805 val=3.97310
[dump] L07.cur    n=40960   finite=1 absmax=15.222       mean=0.0079019    sumsq=5499.471651        argmax=17925
[dump]   top0 idx=17925 val=4.20223
[dump]   top1 idx=15365 val=4.15658
[dump]   top2 idx=25605 val=4.11136
[dump]   top3 idx=10245 val=4.03161
[dump]   top4 idx=12805 val=3.97310
[dump] L07.qnorm  n=98304   finite=1 absmax=8.1991       mean=0.016662     sumsq=131900.4441        argmax=2581
[dump]   top0 idx=2581 val=7.68238
[dump]   top1 idx=789 val=6.89102
[dump]   top2 idx=1557 val=6.79534
[dump]   top3 idx=58626 val=6.29067
[dump]   top4 idx=77058 val=6.09295
[dump] L07.knorm  n=8192    finite=1 absmax=4.9432       mean=0.011136     sumsq=14497.87525        argmax=6288
[dump]   top0 idx=6288 val=4.94316
[dump]   top1 idx=2653 val=4.73408
[dump]   top2 idx=7481 val=4.66705
[dump]   top3 idx=1817 val=4.65951
[dump]   top4 idx=3019 val=4.58955
[dump] L07.vraw   n=8192    finite=1 absmax=10.678       mean=0.011411     sumsq=4493.371644        argmax=238
[dump]   top0 idx=238 val=10.67846
[dump]   top1 idx=5292 val=3.10755
[dump]   top2 idx=1560 val=3.01576
[dump]   top3 idx=7068 val=2.74143
[dump]   top4 idx=4780 val=2.61326
[dump] L07.Q      n=98304   finite=1 absmax=8.1991       mean=0.011518     sumsq=131900.4439        argmax=2581
[dump]   top0 idx=2581 val=7.68238
[dump]   top1 idx=789 val=6.89102
[dump]   top2 idx=1557 val=6.79534
[dump]   top3 idx=47652 val=6.49763
[dump]   top4 idx=90629 val=6.18543
[dump] L07.K      n=8192    finite=1 absmax=4.9432       mean=0.0097318    sumsq=14497.87523        argmax=6288
[dump]   top0 idx=6288 val=4.94316
[dump]   top1 idx=2653 val=4.73408
[dump]   top2 idx=7481 val=4.66724
[dump]   top3 idx=1817 val=4.65948
[dump]   top4 idx=3019 val=4.58955
[dump] L07.faout  n=98304   finite=1 absmax=10.678       mean=0.0087983    sumsq=54967.51595        argmax=2798
[dump]   top0 idx=2798 val=10.67818
[dump]   top1 idx=238 val=10.67817
[dump]   top2 idx=494 val=10.67817
[dump]   top3 idx=750 val=10.67817
[dump]   top4 idx=1006 val=10.67817
[dump] L07.gate   n=98304   finite=1 absmax=4.8008       mean=-1.3123      sumsq=213830.3073        argmax=37402
[dump]   top0 idx=37402 val=1.42468
[dump]   top1 idx=3360 val=1.14529
[dump]   top2 idx=95002 val=1.13077
[dump]   top3 idx=15356 val=1.09945
[dump]   top4 idx=12826 val=1.07435
[dump] L07.gated  n=98304   finite=1 absmax=2.9153       mean=0.002879     sumsq=2591.71591         argmax=1518
[dump]   top0 idx=1518 val=2.91531
[dump]   top1 idx=2286 val=2.74467
[dump]   top2 idx=3054 val=2.68212
[dump]   top3 idx=2798 val=2.37267
[dump]   top4 idx=2542 val=2.32015
[dump] L07.att    n=40960   finite=1 absmax=2.4454       mean=0.0015229    sumsq=705.9388898        argmax=951
[dump]   top0 idx=951 val=2.44543
[dump]   top1 idx=1736 val=1.79646
[dump]   top2 idx=1134 val=1.68183
[dump]   top3 idx=1795 val=1.61595
[dump]   top4 idx=47 val=1.38694
[dump] L07.fmix   n=40960   finite=1 absmax=2.8446       mean=0.01826      sumsq=11507.5336         argmax=28791
[dump]   top0 idx=28791 val=2.30036
[dump]   top1 idx=32106 val=2.27880
[dump]   top2 idx=11675 val=2.22925
[dump]   top3 idx=11241 val=2.21299
[dump]   top4 idx=8681 val=2.13859
[dump] L07.mlogit n=8192    finite=1 absmax=8.4109       mean=-5.8942      sumsq=289872.3356        argmax=1280
[dump]   top0 idx=1280 val=-2.34075
[dump]   top1 idx=3995 val=-2.39326
[dump]   top2 idx=4678 val=-2.39914
[dump]   top3 idx=2251 val=-2.41995
[dump]   top4 idx=3574 val=-2.58496
[dump] L07.mprob  n=8192    finite=1 absmax=0.048097     mean=0.0019531    sumsq=0.07751940282      argmax=4678
[dump]   top0 idx=4678 val=0.04810
[dump]   top1 idx=1280 val=0.04613
[dump]   top2 idx=3995 val=0.04174
[dump]   top3 idx=2251 val=0.03946
[dump]   top4 idx=165 val=0.03690
[dump] L07.mid    n=160     finite=1 absmax=0 mean=0 sumsq=0 ids: 165 351 159 346 432 455 242 8 163 303 159 367 486 194 346 351 366 325 50 8 256 456 340 369 486 265 50 203 403 502 486 301 504 156 445 242 303 179 340 472 203 83 393 71 149 504 146 293 194 358 242 165 84 287 451 60 22 445 303 169 502 486 50 69 309 194 403 198 237 116 411 296 159 358 227 256 223 340 304 498 70 411 152 403 294 359 462 368 188 169 70 403 411 194 294 252 142 359 152 355 194 41 369 8 486 498 411 456 87 338 358 464 455 87 363 194 203 411 50 482 50 511 87 82 369 281 403 486 194 69 358 445 87 509 50 471 252 159 242 498 365 77 194 196 405 117 8 279 328 445 418 400 502 3 501 124 198 313 511 48
[dump] L07.rlogit n=8192    finite=1 absmax=8.4109       mean=-5.8942      sumsq=289872.3356        argmax=1280
[dump]   top0 idx=1280 val=-2.34075
[dump]   top1 idx=3995 val=-2.39326
[dump]   top2 idx=4678 val=-2.39914
[dump]   top3 idx=2251 val=-2.41995
[dump]   top4 idx=3574 val=-2.58496
[dump] L07.mwt    n=160     finite=1 absmax=0.33194      mean=0.1          sumsq=1.976712407        argmax=90
[dump] L07.mgate  n=102400  finite=1 absmax=2.4428       mean=-0.22347     sumsq=20321.10027        argmax=92172
[dump]   top0 idx=92172 val=2.44284
[dump]   top1 idx=28905 val=2.06955
[dump]   top2 idx=86544 val=2.01239
[dump]   top3 idx=13420 val=1.94292
[dump]   top4 idx=84925 val=1.89232
[dump] L07.mup    n=102400  finite=1 absmax=2.0238       mean=-0.0020047   sumsq=13798.23926        argmax=15057
[dump]   top0 idx=15057 val=1.73880
[dump]   top1 idx=59047 val=1.67503
[dump]   top2 idx=7730 val=1.64906
[dump]   top3 idx=6514 val=1.63282
[dump]   top4 idx=26849 val=1.62860
[dump] L07.mgu    n=102400  finite=1 absmax=2.3177       mean=0.00018017   sumsq=555.8460187        argmax=28905
[dump]   top0 idx=28905 val=1.96559
[dump]   top1 idx=92172 val=1.85898
[dump]   top2 idx=70749 val=1.59877
[dump]   top3 idx=13420 val=1.37536
[dump]   top4 idx=97205 val=1.36580
[dump] L07.mdown  n=409600  finite=1 absmax=0.2114       mean=8.3258e-05   sumsq=236.7269169        argmax=388064
[dump]   top0 idx=388064 val=0.21105
[dump]   top1 idx=341615 val=0.18826
[dump]   top2 idx=206681 val=0.16756
[dump]   top3 idx=290485 val=0.16694
[dump]   top4 idx=314040 val=0.15287
[dump] L07.msh    n=40960   finite=1 absmax=0.073049     mean=0.00017937   sumsq=0.842951356        argmax=27203
[dump]   top0 idx=27203 val=0.03365
[dump]   top1 idx=5013 val=0.03262
[dump]   top2 idx=30613 val=0.03225
[dump]   top3 idx=4163 val=0.03005
[dump]   top4 idx=11843 val=0.02960
[dump] L07.mout   n=40960   finite=1 absmax=0.093433     mean=0.00025934   sumsq=5.020487496        argmax=30613
[dump]   top0 idx=30613 val=0.07999
[dump]   top1 idx=17813 val=0.06823
[dump]   top2 idx=13324 val=0.06430
[dump]   top3 idx=29365 val=0.05778
[dump]   top4 idx=18569 val=0.05640
[dump] L07.moe    n=40960   finite=1 absmax=0.093433     mean=0.00025934   sumsq=5.020487496        argmax=30613
[dump]   top0 idx=30613 val=0.07999
[dump]   top1 idx=17813 val=0.06823
[dump]   top2 idx=13324 val=0.06430
[dump]   top3 idx=29365 val=0.05778
[dump]   top4 idx=18569 val=0.05640
[dump] L07.res    n=163840  finite=1 absmax=2.8845       mean=0.0013857    sumsq=267.7980546        argmax=1500
[dump]   top0 idx=1500 val=0.79560
[dump]   top1 idx=71573 val=0.41970
[dump]   top2 idx=46085 val=0.38295
[dump]   top3 idx=46808 val=0.37466
[dump]   top4 idx=98008 val=0.35210
[dump] L08.hcmix  n=40960   finite=1 absmax=5.244        mean=0.024904     sumsq=10162.76143        argmax=17813
[dump]   top0 idx=17813 val=5.24395
[dump]   top1 idx=30613 val=4.29318
[dump]   top2 idx=28791 val=4.24581
[dump]   top3 idx=10871 val=3.85201
[dump]   top4 idx=7573 val=3.80634
[dump] L08.conv   n=163840  finite=1 absmax=1.1952       mean=0.0014506    sumsq=255.7021254        argmax=40361
[dump]   top0 idx=40361 val=1.19523
[dump]   top1 idx=91561 val=1.18935
[dump]   top2 idx=81321 val=1.18610
[dump]   top3 idx=71081 val=1.18331
[dump]   top4 idx=60841 val=1.15751
[dump] L08.gnorm  n=98304   finite=1 absmax=0.40202      mean=7.8803e-05   sumsq=30.94813039        argmax=95030
[dump]   top0 idx=95030 val=0.40202
[dump]   top1 idx=93002 val=0.33627
[dump]   top2 idx=49579 val=0.30498
[dump]   top3 idx=49615 val=0.25891
[dump]   top4 idx=35393 val=0.25230
[dump] L08.lin    n=40960   finite=1 absmax=0.19297      mean=0.00091142   sumsq=30.53782471        argmax=38756
[dump]   top0 idx=38756 val=0.19297
[dump]   top1 idx=16565 val=0.17029
[dump]   top2 idx=39605 val=0.16062
[dump]   top3 idx=40195 val=0.14479
[dump]   top4 idx=37045 val=0.14453
[dump] L08.att    n=40960   finite=1 absmax=0.19297      mean=0.00091142   sumsq=30.53782471        argmax=38756
[dump]   top0 idx=38756 val=0.19297
[dump]   top1 idx=16565 val=0.17029
[dump]   top2 idx=39605 val=0.16062
[dump]   top3 idx=40195 val=0.14479
[dump]   top4 idx=37045 val=0.14453
[dump] L08.fmix   n=40960   finite=1 absmax=4.8709       mean=0.02358      sumsq=11125.66218        argmax=1500
[dump]   top0 idx=1500 val=4.87095
[dump]   top1 idx=4046 val=3.24043
[dump]   top2 idx=28791 val=3.02760
[dump]   top3 idx=15991 val=2.83754
[dump]   top4 idx=10871 val=2.76838
[dump] L08.mlogit n=8192    finite=1 absmax=9.1012       mean=-5.8897      sumsq=288739.7101        argmax=6407
[dump]   top0 idx=6407 val=-1.73879
[dump]   top1 idx=5383 val=-2.21672
[dump]   top2 idx=6919 val=-2.22329
[dump]   top3 idx=1799 val=-2.42479
[dump]   top4 idx=5766 val=-2.47041
[dump] L08.mprob  n=8192    finite=1 absmax=0.085458     mean=0.0019531    sumsq=0.08791950603      argmax=6407
[dump]   top0 idx=6407 val=0.08546
[dump]   top1 idx=5383 val=0.05436
[dump]   top2 idx=308 val=0.05155
[dump]   top3 idx=1799 val=0.05014
[dump]   top4 idx=6919 val=0.04570
[dump] L08.mid    n=160     finite=1 absmax=0 mean=0 sumsq=0 ids: 308 456 387 175 181 439 263 370 219 46 219 263 462 183 387 231 308 121 175 81 134 263 74 99 371 212 436 308 364 122 263 360 342 308 99 175 46 387 62 11 263 157 128 217 342 134 74 360 83 22 175 263 308 206 360 46 439 387 394 473 134 263 387 74 99 157 114 360 1 436 387 134 263 46 1 204 360 261 175 394 360 252 263 66 313 295 163 367 1 46 263 360 46 354 308 370 175 27 387 105 263 360 308 181 370 46 105 175 164 218 134 263 181 183 387 66 462 360 218 308 263 183 360 218 462 308 354 114 46 99 263 181 183 134 462 360 392 175 206 308 263 181 360 387 46 392 462 308 102 183 317 465 192 436 263 102 196 462 17 299
[dump] L08.rlogit n=8192    finite=1 absmax=9.1012       mean=-5.8897      sumsq=288739.7101        argmax=6407
[dump]   top0 idx=6407 val=-1.73879
[dump]   top1 idx=5383 val=-2.21672
[dump]   top2 idx=6919 val=-2.22329
[dump]   top3 idx=1799 val=-2.42479
[dump]   top4 idx=5766 val=-2.47041
[dump] L08.mwt    n=160     finite=1 absmax=0.47384      mean=0.1          sumsq=2.196921161        argmax=120
[dump] L08.mgate  n=102400  finite=1 absmax=2.189        mean=-0.25711     sumsq=21367.73219        argmax=84337
[dump]   top0 idx=84337 val=1.97025
[dump]   top1 idx=32138 val=1.88958
[dump]   top2 idx=23603 val=1.85051
[dump]   top3 idx=10790 val=1.83069
[dump]   top4 idx=322 val=1.79933
[dump] L08.mup    n=102400  finite=1 absmax=2.2404       mean=0.00093239   sumsq=14451.24566        argmax=550
[dump]   top0 idx=550 val=2.24036
[dump]   top1 idx=76889 val=2.17807
[dump]   top2 idx=73350 val=2.11122
[dump]   top3 idx=1619 val=2.00794
[dump]   top4 idx=63110 val=1.83078
[dump] L08.mgu    n=102400  finite=1 absmax=3.0206       mean=-0.00056264  sumsq=609.8184225        argmax=550
[dump]   top0 idx=550 val=3.02061
[dump]   top1 idx=73350 val=1.98790
[dump]   top2 idx=37611 val=1.83417
[dump]   top3 idx=76889 val=1.69466
[dump]   top4 idx=353 val=1.59683
[dump] L08.mdown  n=409600  finite=1 absmax=0.46723      mean=-4.5215e-05  sumsq=267.0504417        argmax=337868
[dump]   top0 idx=337868 val=0.28313
[dump]   top1 idx=1500 val=0.22225
[dump]   top2 idx=30 val=0.20842
[dump]   top3 idx=132 val=0.19006
[dump]   top4 idx=1303 val=0.18888
[dump] L08.msh    n=40960   finite=1 absmax=0.032043     mean=-1.8272e-05  sumsq=0.3600201655       argmax=23145
[dump]   top0 idx=23145 val=0.03204
[dump]   top1 idx=18025 val=0.02495
[dump]   top2 idx=24792 val=0.02287
[dump]   top3 idx=20585 val=0.02251
[dump]   top4 idx=31759 val=0.02192
[dump] L08.mout   n=40960   finite=1 absmax=0.10889      mean=-0.00010649  sumsq=5.844851731        argmax=1500
[dump]   top0 idx=1500 val=0.08922
[dump]   top1 idx=32897 val=0.07334
[dump]   top2 idx=30 val=0.07263
[dump]   top3 idx=32045 val=0.07009
[dump]   top4 idx=484 val=0.06668
[dump] L08.moe    n=40960   finite=1 absmax=0.10889      mean=-0.00010649  sumsq=5.844851731        argmax=1500
[dump]   top0 idx=1500 val=0.08922
[dump]   top1 idx=32897 val=0.07334
[dump]   top2 idx=30 val=0.07263
[dump]   top3 idx=32045 val=0.07009
[dump]   top4 idx=484 val=0.06668
[dump] L08.res    n=163840  finite=1 absmax=2.9312       mean=0.0014676    sumsq=282.7396053        argmax=1500
[dump]   top0 idx=1500 val=0.83590
[dump]   top1 idx=71573 val=0.43758
[dump]   top2 idx=46085 val=0.38295
[dump]   top3 idx=46808 val=0.37468
[dump]   top4 idx=111875 val=0.35917
[dump] L09.hcmix  n=40960   finite=1 absmax=11.654       mean=0.019455     sumsq=12129.52631        argmax=1500
[dump]   top0 idx=1500 val=6.89084
[dump]   top1 idx=17813 val=4.90949
[dump]   top2 idx=30613 val=4.49400
[dump]   top3 idx=26805 val=3.74449
[dump]   top4 idx=21685 val=3.67673
[dump] L09.conv   n=163840  finite=1 absmax=1.2748       mean=0.00096868   sumsq=224.1916934        argmax=113758
[dump]   top0 idx=113758 val=1.27479
[dump]   top1 idx=62558 val=1.08356
[dump]   top2 idx=83038 val=1.08186
[dump]   top3 idx=155419 val=1.07824
[dump]   top4 idx=12383 val=1.07307
[dump] L09.gnorm  n=98304   finite=1 absmax=0.96083      mean=-0.0012714   sumsq=216.5926781        argmax=21313
[dump]   top0 idx=21313 val=0.91531
[dump]   top1 idx=23395 val=0.73857
[dump]   top2 idx=75433 val=0.70745
[dump]   top3 idx=63107 val=0.66420
[dump]   top4 idx=69289 val=0.59411
[dump] L09.lin    n=40960   finite=1 absmax=0.68998      mean=0.00021886   sumsq=164.2413462        argmax=9166
[dump]   top0 idx=9166 val=0.68998
[dump]   top1 idx=3511 val=0.37363
[dump]   top2 idx=11191 val=0.33556
[dump]   top3 idx=20134 val=0.29701
[dump]   top4 idx=23753 val=0.28575
[dump] L09.att    n=40960   finite=1 absmax=0.68998      mean=0.00021886   sumsq=164.2413462        argmax=9166
[dump]   top0 idx=9166 val=0.68998
[dump]   top1 idx=3511 val=0.37363
[dump]   top2 idx=11191 val=0.33556
[dump]   top3 idx=20134 val=0.29701
[dump]   top4 idx=23753 val=0.28575
[dump] L09.fmix   n=40960   finite=1 absmax=3.9986       mean=0.023706     sumsq=11825.31452        argmax=1500
[dump]   top0 idx=1500 val=3.99858
[dump]   top1 idx=4046 val=2.73604
[dump]   top2 idx=11241 val=2.39499
[dump]   top3 idx=681 val=2.28264
[dump]   top4 idx=2523 val=2.14639
[dump] L09.mlogit n=8192    finite=1 absmax=8.8732       mean=-5.8943      sumsq=289043.7847        argmax=6920
[dump]   top0 idx=6920 val=-2.56051
[dump]   top1 idx=5497 val=-2.77767
[dump]   top2 idx=2419 val=-2.96545
[dump]   top3 idx=7698 val=-2.96964
[dump]   top4 idx=7432 val=-3.11407
[dump] L09.mprob  n=8192    finite=1 absmax=0.038456     mean=0.0019531    sumsq=0.06046361898      argmax=6920
[dump]   top0 idx=6920 val=0.03846
[dump]   top1 idx=5497 val=0.03063
[dump]   top2 idx=7698 val=0.02809
[dump]   top3 idx=2419 val=0.02606
[dump]   top4 idx=5896 val=0.02495
[dump] L09.mid    n=160     finite=1 absmax=0 mean=0 sumsq=0 ids: 218 369 68 368 430 96 376 209 142 229 292 425 40 430 17 396 369 321 218 113 113 382 425 266 428 40 317 402 205 271 425 321 444 218 68 430 209 376 477 205 371 425 276 115 382 201 91 321 417 219 425 238 376 427 218 371 292 230 361 142 427 148 18 425 428 382 371 374 468 430 459 427 430 218 211 456 209 491 376 170 10 90 459 426 456 55 427 14 479 11 459 377 370 20 264 73 218 141 90 430 377 70 409 218 205 427 154 506 321 382 264 430 374 153 321 456 369 230 218 370 370 264 430 321 276 374 153 218 488 230 264 478 292 370 427 430 376 230 276 218 264 478 230 427 370 376 71 68 374 378 18 468 339 237 146 399 230 148 15 138
[dump] L09.rlogit n=8192    finite=1 absmax=8.8732       mean=-5.8943      sumsq=289043.7847        argmax=6920
[dump]   top0 idx=6920 val=-2.56051
[dump]   top1 idx=5497 val=-2.77767
[dump]   top2 idx=2419 val=-2.96545
[dump]   top3 idx=7698 val=-2.96964
[dump]   top4 idx=7432 val=-3.11407
[dump] L09.mwt    n=160     finite=1 absmax=0.29516      mean=0.1          sumsq=1.866351903        argmax=100
[dump] L09.mgate  n=102400  finite=1 absmax=2.0361       mean=-0.22725     sumsq=19828.70891        argmax=80219
[dump]   top0 idx=80219 val=1.83264
[dump]   top1 idx=14034 val=1.76854
[dump]   top2 idx=10106 val=1.66118
[dump]   top3 idx=55986 val=1.47313
[dump]   top4 idx=92157 val=1.45495
[dump] L09.mup    n=102400  finite=1 absmax=2.6159       mean=0.0040477    sumsq=14388.45876        argmax=80219
[dump]   top0 idx=80219 val=2.61591
[dump]   top1 idx=72003 val=2.20658
[dump]   top2 idx=94939 val=2.14329
[dump]   top3 idx=71646 val=1.97996
[dump]   top4 idx=77133 val=1.81906
[dump] L09.mgu    n=102400  finite=1 absmax=4.1328       mean=0.00030724   sumsq=581.1708423        argmax=80219
[dump]   top0 idx=80219 val=4.13280
[dump]   top1 idx=14034 val=2.55317
[dump]   top2 idx=72003 val=1.73708
[dump]   top3 idx=66835 val=1.71122
[dump]   top4 idx=80983 val=1.68749
[dump] L09.mdown  n=409600  finite=1 absmax=0.63855      mean=1.4325e-05   sumsq=248.3309154        argmax=366711
[dump]   top0 idx=366711 val=0.63855
[dump]   top1 idx=343671 val=0.51619
[dump]   top2 idx=154231 val=0.23036
[dump]   top3 idx=321546 val=0.22158
[dump]   top4 idx=320990 val=0.20859
[dump] L09.msh    n=40960   finite=1 absmax=0.024736     mean=-3.0283e-06  sumsq=0.3992865728       argmax=16755
[dump]   top0 idx=16755 val=0.01977
[dump]   top1 idx=23145 val=0.01805
[dump]   top2 idx=24435 val=0.01761
[dump]   top3 idx=17264 val=0.01716
[dump]   top4 idx=2453 val=0.01689
[dump] L09.mout   n=40960   finite=1 absmax=0.056037     mean=5.226e-06    sumsq=4.028678184        argmax=36471
[dump]   top0 idx=36471 val=0.05604
[dump]   top1 idx=38650 val=0.04776
[dump]   top2 idx=28055 val=0.04631
[dump]   top3 idx=21725 val=0.04258
[dump]   top4 idx=26872 val=0.04223
[dump] L09.moe    n=40960   finite=1 absmax=0.056037     mean=5.226e-06    sumsq=4.028678184        argmax=36471
[dump]   top0 idx=36471 val=0.05604
[dump]   top1 idx=38650 val=0.04776
[dump]   top2 idx=28055 val=0.04631
[dump]   top3 idx=21725 val=0.04258
[dump]   top4 idx=26872 val=0.04223
[dump] L09.res    n=163840  finite=1 absmax=2.9288       mean=0.0014787    sumsq=286.7017173        argmax=1500
[dump]   top0 idx=1500 val=0.83903
[dump]   top1 idx=71573 val=0.43063
[dump]   top2 idx=46085 val=0.38296
[dump]   top3 idx=46808 val=0.37464
[dump]   top4 idx=111875 val=0.36481
[dump] L10.hcmix  n=40960   finite=1 absmax=11.848       mean=0.01956      sumsq=12773.1088         argmax=1500
[dump]   top0 idx=1500 val=7.98519
[dump]   top1 idx=17813 val=4.69718
[dump]   top2 idx=30613 val=4.02548
[dump]   top3 idx=26805 val=3.78718
[dump]   top4 idx=15991 val=3.74148
[dump] L10.conv   n=163840  finite=1 absmax=0.81613      mean=-4.7851e-05  sumsq=245.7687226        argmax=35199
[dump]   top0 idx=35199 val=0.81613
[dump]   top1 idx=96639 val=0.80567
[dump]   top2 idx=106879 val=0.80354
[dump]   top3 idx=55679 val=0.79482
[dump]   top4 idx=65919 val=0.79317
[dump] L10.gnorm  n=98304   finite=1 absmax=2.0629       mean=-0.001459    sumsq=383.7859603        argmax=19393
[dump]   top0 idx=19393 val=1.69934
[dump]   top1 idx=68762 val=1.36850
[dump]   top2 idx=81050 val=1.34924
[dump]   top3 idx=18539 val=1.01478
[dump]   top4 idx=38042 val=0.89860
[dump] L10.lin    n=40960   finite=1 absmax=1.0194       mean=-0.00048515  sumsq=297.7525783        argmax=9166
[dump]   top0 idx=9166 val=1.01944
[dump]   top1 idx=26593 val=0.64808
[dump]   top2 idx=5848 val=0.53628
[dump]   top3 idx=18871 val=0.51690
[dump]   top4 idx=39393 val=0.51325
[dump] L10.att    n=40960   finite=1 absmax=1.0194       mean=-0.00048515  sumsq=297.7525783        argmax=9166
[dump]   top0 idx=9166 val=1.01944
[dump]   top1 idx=26593 val=0.64808
[dump]   top2 idx=5848 val=0.53628
[dump]   top3 idx=18871 val=0.51690
[dump]   top4 idx=39393 val=0.51325
[dump] L10.fmix   n=40960   finite=1 absmax=2.9919       mean=0.014739     sumsq=9942.517859        argmax=15991
[dump]   top0 idx=15991 val=2.68457
[dump]   top1 idx=10936 val=2.46893
[dump]   top2 idx=10871 val=2.46073
[dump]   top3 idx=4046 val=2.44559
[dump]   top4 idx=17813 val=2.25077
[dump] L10.mlogit n=8192    finite=1 absmax=10.685       mean=-5.9851      sumsq=299087.8309        argmax=776
[dump]   top0 idx=776 val=-1.44551
[dump]   top1 idx=1800 val=-1.69936
[dump]   top2 idx=461 val=-1.93349
[dump]   top3 idx=973 val=-2.01057
[dump]   top4 idx=2235 val=-2.11760
[dump] L10.mprob  n=8192    finite=1 absmax=0.10985      mean=0.0019531    sumsq=0.1085063821       argmax=776
[dump]   top0 idx=776 val=0.10985
[dump]   top1 idx=461 val=0.08755
[dump]   top2 idx=1800 val=0.07846
[dump]   top3 idx=2235 val=0.06341
[dump]   top4 idx=973 val=0.06243
[dump] L10.mid    n=160     finite=1 absmax=0 mean=0 sumsq=0 ids: 461 325 107 264 164 508 495 278 355 322 264 461 278 325 417 58 341 355 164 296 461 278 17 230 325 187 40 264 291 121 264 461 278 58 341 417 508 379 70 230 187 25 373 167 288 87 461 264 346 433 461 508 373 97 433 379 264 278 28 355 461 230 464 97 373 278 70 417 508 351 461 97 455 373 508 28 319 379 177 164 461 398 143 509 501 97 321 508 423 271 461 423 508 97 501 417 373 379 18 321 461 97 17 423 373 58 343 508 379 33 97 355 373 278 461 17 417 464 69 40 18 278 97 461 355 387 69 508 40 336 355 461 495 97 69 387 341 404 278 379 97 461 355 373 88 417 322 500 247 416 373 103 459 302 97 356 322 500 164 416
[dump] L10.rlogit n=8192    finite=1 absmax=10.685       mean=-5.9851      sumsq=299087.8309        argmax=776
[dump]   top0 idx=776 val=-1.44551
[dump]   top1 idx=1800 val=-1.69936
[dump]   top2 idx=461 val=-1.93349
[dump]   top3 idx=973 val=-2.01057
[dump]   top4 idx=2235 val=-2.11760
[dump] L10.mwt    n=160     finite=1 absmax=0.37746      mean=0.1          sumsq=2.227885712        argmax=40
[dump] L10.mgate  n=102400  finite=1 absmax=2.4409       mean=-0.2238      sumsq=18178.60538        argmax=96672
[dump]   top0 idx=96672 val=2.44087
[dump]   top1 idx=1646 val=2.11299
[dump]   top2 idx=71001 val=1.88326
[dump]   top3 idx=65530 val=1.84954
[dump]   top4 idx=67261 val=1.83161
[dump] L10.mup    n=102400  finite=1 absmax=2.154        mean=-0.00060093  sumsq=12703.21281        argmax=85721
[dump]   top0 idx=85721 val=2.15400
[dump]   top1 idx=1356 val=2.04331
[dump]   top2 idx=71001 val=2.01141
[dump]   top3 idx=28231 val=1.83827
[dump]   top4 idx=95418 val=1.73253
[dump] L10.mgu    n=102400  finite=1 absmax=3.2879       mean=0.00013035   sumsq=488.7004217        argmax=71001
[dump]   top0 idx=71001 val=3.28794
[dump]   top1 idx=1356 val=2.85038
[dump]   top2 idx=1646 val=2.84902
[dump]   top3 idx=85721 val=2.72217
[dump]   top4 idx=96672 val=1.89795
[dump] L10.mdown  n=409600  finite=1 absmax=1.1357       mean=-4.3109e-05  sumsq=208.4746111        argmax=6620
[dump]   top0 idx=6620 val=0.36097
[dump]   top1 idx=7032 val=0.35802
[dump]   top2 idx=5141 val=0.26026
[dump]   top3 idx=6700 val=0.24629
[dump]   top4 idx=5908 val=0.23368
[dump] L10.msh    n=40960   finite=1 absmax=0.019593     mean=-4.4588e-05  sumsq=0.2207723637       argmax=24643
[dump]   top0 idx=24643 val=0.01743
[dump]   top1 idx=22083 val=0.01568
[dump]   top2 idx=32323 val=0.01398
[dump]   top3 idx=32021 val=0.01381
[dump]   top4 idx=30756 val=0.01360
[dump] L10.mout   n=40960   finite=1 absmax=0.31705      mean=-8.1724e-05  sumsq=4.082690054        argmax=21
[dump]   top0 idx=21 val=0.08797
[dump]   top1 idx=1912 val=0.08338
[dump]   top2 idx=579 val=0.06393
[dump]   top3 idx=1500 val=0.06279
[dump]   top4 idx=788 val=0.05863
[dump] L10.moe    n=40960   finite=1 absmax=0.31705      mean=-8.1724e-05  sumsq=4.082690054        argmax=21
[dump]   top0 idx=21 val=0.08797
[dump]   top1 idx=1912 val=0.08338
[dump]   top2 idx=579 val=0.06393
[dump]   top3 idx=1500 val=0.06279
[dump]   top4 idx=788 val=0.05863
[dump] L10.res    n=163840  finite=1 absmax=2.9966       mean=0.0014389    sumsq=294.2692334        argmax=1500
[dump]   top0 idx=1500 val=0.86514
[dump]   top1 idx=71573 val=0.43174
[dump]   top2 idx=50435 val=0.38639
[dump]   top3 idx=46085 val=0.38303
[dump]   top4 idx=46808 val=0.37481
[dump] L11.hcmix  n=40960   finite=1 absmax=19.146       mean=0.01167      sumsq=5324.266632        argmax=12805
[dump]   top0 idx=12805 val=2.98426
[dump]   top1 idx=25605 val=2.86589
[dump]   top2 idx=1500 val=2.83836
[dump]   top3 idx=7685 val=2.83638
[dump]   top4 idx=17925 val=2.81583
[dump] L11.cur    n=40960   finite=1 absmax=19.146       mean=0.01167      sumsq=5324.266632        argmax=12805
[dump]   top0 idx=12805 val=2.98426
[dump]   top1 idx=25605 val=2.86589
[dump]   top2 idx=1500 val=2.83836
[dump]   top3 idx=7685 val=2.83638
[dump]   top4 idx=17925 val=2.81583
[dump] L11.qnorm  n=98304   finite=1 absmax=9.0391       mean=-0.044299    sumsq=126703.9133        argmax=46851
[dump]   top0 idx=46851 val=5.39162
[dump]   top1 idx=77571 val=5.36576
[dump]   top2 idx=71427 val=5.35788
[dump]   top3 idx=89859 val=5.22689
[dump]   top4 idx=89892 val=5.09768
[dump] L11.knorm  n=8192    finite=1 absmax=8.212        mean=0.037008     sumsq=14752.08973        argmax=2618
[dump]   top0 idx=2618 val=8.21203
[dump]   top1 idx=1594 val=7.17004
[dump]   top2 idx=2106 val=5.79763
[dump]   top3 idx=3642 val=5.69465
[dump]   top4 idx=5690 val=5.46800
[dump] L11.vraw   n=8192    finite=1 absmax=17.007       mean=-0.01803     sumsq=3062.352618        argmax=5972
[dump]   top0 idx=5972 val=2.33851
[dump]   top1 idx=1682 val=2.14384
[dump]   top2 idx=4242 val=2.05395
[dump]   top3 idx=658 val=2.05020
[dump]   top4 idx=2706 val=1.99297
[dump] L11.Q      n=98304   finite=1 absmax=8.8257       mean=-0.03486     sumsq=126703.9129        argmax=18944
[dump]   top0 idx=18944 val=8.82570
[dump]   top1 idx=31264 val=8.65717
[dump]   top2 idx=55808 val=8.11644
[dump]   top3 idx=19200 val=7.35009
[dump]   top4 idx=23808 val=7.32416
[dump] L11.K      n=8192    finite=1 absmax=8.212        mean=0.041874     sumsq=14752.08974        argmax=2618
[dump]   top0 idx=2618 val=8.21201
[dump]   top1 idx=1594 val=7.17003
[dump]   top2 idx=2106 val=5.79762
[dump]   top3 idx=3642 val=5.69463
[dump]   top4 idx=5690 val=5.46799
[dump] L11.faout  n=98304   finite=1 absmax=16.998       mean=-0.031541    sumsq=37353.30638        argmax=19858
[dump]   top0 idx=19858 val=2.13035
[dump]   top1 idx=20626 val=2.12696
[dump]   top2 idx=19346 val=2.09748
[dump]   top3 idx=20114 val=2.09664
[dump]   top4 idx=33426 val=2.08167
[dump] L11.gate   n=98304   finite=1 absmax=4.0699       mean=-1.193       sumsq=177834.7287        argmax=13681
[dump]   top0 idx=13681 val=1.61036
[dump]   top1 idx=5528 val=1.52164
[dump]   top2 idx=50490 val=1.50845
[dump]   top3 idx=56634 val=1.49882
[dump]   top4 idx=19825 val=1.48646
[dump] L11.gated  n=98304   finite=1 absmax=6.5974       mean=-0.005473    sumsq=1997.868861        argmax=146
[dump]   top0 idx=146 val=1.25602
[dump]   top1 idx=2962 val=1.10586
[dump]   top2 idx=1170 val=1.09393
[dump]   top3 idx=1426 val=0.99940
[dump]   top4 idx=1046 val=0.99906
[dump] L11.att    n=40960   finite=1 absmax=2.7891       mean=-0.00073435  sumsq=559.0953828        argmax=2311
[dump]   top0 idx=2311 val=2.78905
[dump]   top1 idx=47 val=2.35017
[dump]   top2 idx=1795 val=1.74465
[dump]   top3 idx=2307 val=1.58481
[dump]   top4 idx=86 val=1.41423
[dump] L11.fmix   n=40960   finite=1 absmax=2.698        mean=0.015685     sumsq=9675.564572        argmax=4046
[dump]   top0 idx=4046 val=2.69802
[dump]   top1 idx=17813 val=2.59187
[dump]   top2 idx=33911 val=2.21570
[dump]   top3 idx=15991 val=2.19738
[dump]   top4 idx=30613 val=2.15883
[dump] L11.mlogit n=8192    finite=1 absmax=8.8961       mean=-5.8803      sumsq=288564.8392        argmax=6467
[dump]   top0 idx=6467 val=-2.55469
[dump]   top1 idx=6979 val=-2.57387
[dump]   top2 idx=7074 val=-2.60158
[dump]   top3 idx=7334 val=-2.73630
[dump]   top4 idx=5026 val=-2.75235
[dump] L11.mprob  n=8192    finite=1 absmax=0.039749     mean=0.0019531    sumsq=0.07021337165      argmax=6467
[dump]   top0 idx=6467 val=0.03975
[dump]   top1 idx=6979 val=0.03568
[dump]   top2 idx=7074 val=0.03471
[dump]   top3 idx=7334 val=0.03140
[dump]   top4 idx=5026 val=0.03105
[dump] L11.mid    n=160     finite=1 absmax=0 mean=0 sumsq=0 ids: 130 163 104 393 430 108 268 361 424 417 418 350 163 261 273 30 240 477 108 397 240 163 223 323 23 268 211 418 362 108 482 108 418 323 350 461 430 163 268 84 285 461 323 174 108 23 418 36 430 211 108 201 323 350 120 418 508 461 500 457 323 108 36 360 27 482 418 166 211 219 323 108 418 120 350 384 7 430 492 268 418 120 323 350 360 430 108 384 35 490 418 108 323 120 350 97 384 164 430 35 418 108 23 430 485 323 508 273 317 350 323 418 508 120 261 98 268 166 163 273 323 418 508 108 457 261 273 166 120 163 323 418 508 166 430 249 273 500 261 120 166 418 430 323 508 249 371 108 151 273 166 418 240 430 6 453 323 249 46 151
[dump] L11.rlogit n=8192    finite=1 absmax=8.8961       mean=-5.8803      sumsq=288564.8392        argmax=6467
[dump]   top0 idx=6467 val=-2.55469
[dump]   top1 idx=6979 val=-2.57387
[dump]   top2 idx=7074 val=-2.60158
[dump]   top3 idx=7334 val=-2.73630
[dump]   top4 idx=5026 val=-2.75235
[dump] L11.mwt    n=160     finite=1 absmax=0.2854       mean=0.1          sumsq=1.869416278        argmax=120
[dump] L11.mgate  n=102400  finite=1 absmax=2.6984       mean=-0.20157     sumsq=16199.10747        argmax=72214
[dump]   top0 idx=72214 val=2.69845
[dump]   top1 idx=70795 val=2.03203
[dump]   top2 idx=85014 val=1.65983
[dump]   top3 idx=33950 val=1.65695
[dump]   top4 idx=99253 val=1.59508
[dump] L11.mup    n=102400  finite=1 absmax=2.4979       mean=-0.0030225   sumsq=11905.45044        argmax=48710
[dump]   top0 idx=48710 val=2.14562
[dump]   top1 idx=47005 val=1.81138
[dump]   top2 idx=71464 val=1.80495
[dump]   top3 idx=60380 val=1.75755
[dump]   top4 idx=69980 val=1.74196
[dump] L11.mgu    n=102400  finite=1 absmax=4.0786       mean=0.00051395   sumsq=459.4237056        argmax=72214
[dump]   top0 idx=72214 val=3.47841
[dump]   top1 idx=33950 val=1.75575
[dump]   top2 idx=8092 val=1.46577
[dump]   top3 idx=89302 val=1.40628
[dump]   top4 idx=73807 val=1.30899
[dump] L11.mdown  n=409600  finite=1 absmax=0.23528      mean=-7.1266e-05  sumsq=196.2626822        argmax=341048
[dump]   top0 idx=341048 val=0.18632
[dump]   top1 idx=281840 val=0.17866
[dump]   top2 idx=281732 val=0.17717
[dump]   top3 idx=287453 val=0.17526
[dump]   top4 idx=282631 val=0.17421
[dump] L11.msh    n=40960   finite=1 absmax=0.0092238    mean=2.5273e-05   sumsq=0.119258118        argmax=7570
[dump]   top0 idx=7570 val=0.00922
[dump]   top1 idx=32563 val=0.00866
[dump]   top2 idx=23328 val=0.00842
[dump]   top3 idx=29796 val=0.00841
[dump]   top4 idx=7329 val=0.00784
[dump] L11.mout   n=40960   finite=1 absmax=0.060558     mean=-5.1323e-05  sumsq=3.506254242        argmax=29177
[dump]   top0 idx=29177 val=0.05509
[dump]   top1 idx=30507 val=0.04947
[dump]   top2 idx=28783 val=0.04757
[dump]   top3 idx=33138 val=0.04687
[dump]   top4 idx=29640 val=0.04656
[dump] L11.moe    n=40960   finite=1 absmax=0.060558     mean=-5.1323e-05  sumsq=3.506254242        argmax=29177
[dump]   top0 idx=29177 val=0.05509
[dump]   top1 idx=30507 val=0.04947
[dump]   top2 idx=28783 val=0.04757
[dump]   top3 idx=33138 val=0.04687
[dump]   top4 idx=29640 val=0.04656
[dump] L11.res    n=163840  finite=1 absmax=2.8925       mean=0.0014043    sumsq=300.4267036        argmax=1500
[dump]   top0 idx=1500 val=0.85608
[dump]   top1 idx=71573 val=0.42819
[dump]   top2 idx=2121 val=0.39808
[dump]   top3 idx=50435 val=0.38891
[dump]   top4 idx=46085 val=0.38301
[dump] L12.hcmix  n=40960   finite=1 absmax=19.043       mean=0.014857     sumsq=12214.0382         argmax=1500
[dump]   top0 idx=1500 val=9.07786
[dump]   top1 idx=17813 val=3.80393
[dump]   top2 idx=7573 val=3.35861
[dump]   top3 idx=10157 val=3.35024
[dump]   top4 idx=26805 val=3.29367
[dump] L12.conv   n=163840  finite=1 absmax=3.1175       mean=-0.0013623   sumsq=237.3369422        argmax=26631
[dump]   top0 idx=26631 val=3.11751
[dump]   top1 idx=6233 val=2.47315
[dump]   top2 idx=12968 val=1.40981
[dump]   top3 idx=26628 val=1.35561
[dump]   top4 idx=13037 val=0.84200
[dump] L12.gnorm  n=98304   finite=1 absmax=3.871        mean=-0.0015488   sumsq=227.0791612        argmax=1488
[dump]   top0 idx=1488 val=3.87100
[dump]   top1 idx=94902 val=0.90315
[dump]   top2 idx=3785 val=0.83831
[dump]   top3 idx=76418 val=0.82841
[dump]   top4 idx=82562 val=0.70961
[dump] L12.lin    n=40960   finite=1 absmax=0.6054       mean=-0.0015124   sumsq=176.3356469        argmax=2311
[dump]   top0 idx=2311 val=0.60540
[dump]   top1 idx=16353 val=0.56509
[dump]   top2 idx=914 val=0.50797
[dump]   top3 idx=359 val=0.42062
[dump]   top4 idx=34008 val=0.38819
[dump] L12.att    n=40960   finite=1 absmax=0.6054       mean=-0.0015124   sumsq=176.3356469        argmax=2311
[dump]   top0 idx=2311 val=0.60540
[dump]   top1 idx=16353 val=0.56509
[dump]   top2 idx=914 val=0.50797
[dump]   top3 idx=359 val=0.42062
[dump]   top4 idx=34008 val=0.38819
[dump] L12.fmix   n=40960   finite=1 absmax=3.1663       mean=0.013513     sumsq=10092.32398        argmax=36536
[dump]   top0 idx=36536 val=2.49299
[dump]   top1 idx=7573 val=2.28808
[dump]   top2 idx=10171 val=2.21392
[dump]   top3 idx=27994 val=2.17682
[dump]   top4 idx=10074 val=2.05935
[dump] L12.mlogit n=8192    finite=1 absmax=8.8088       mean=-5.9486      sumsq=295129.1544        argmax=28
[dump]   top0 idx=28 val=-2.56154
[dump]   top1 idx=864 val=-2.71208
[dump]   top2 idx=4448 val=-2.96015
[dump]   top3 idx=1165 val=-3.06779
[dump]   top4 idx=1376 val=-3.08472
[dump] L12.mprob  n=8192    finite=1 absmax=0.044286     mean=0.0019531    sumsq=0.06597753916      argmax=28
[dump]   top0 idx=28 val=0.04429
[dump]   top1 idx=864 val=0.03759
[dump]   top2 idx=4448 val=0.02786
[dump]   top3 idx=2166 val=0.02305
[dump]   top4 idx=1165 val=0.02282
[dump] L12.mid    n=160     finite=1 absmax=0 mean=0 sumsq=0 ids: 28 139 433 283 201 386 300 474 421 277 352 139 229 52 421 277 214 474 433 101 141 352 120 139 18 110 136 1 307 496 352 101 52 139 277 81 390 381 150 133 118 352 393 282 101 165 52 433 242 422 52 277 352 386 9 390 219 392 421 99 214 52 229 133 352 504 43 141 139 381 352 52 503 386 130 451 393 215 139 200 352 52 189 43 139 381 422 133 126 229 52 43 139 352 366 421 381 448 170 229 421 52 352 54 161 45 286 136 422 433 421 0 422 52 433 368 21 81 366 352 0 421 366 214 433 133 52 368 352 283 0 433 421 366 21 172 63 52 368 275 421 0 52 433 460 63 256 275 114 368 352 433 275 504 282 0 482 368 52 422
[dump] L12.rlogit n=8192    finite=1 absmax=8.8088       mean=-5.9486      sumsq=295129.1544        argmax=28
[dump]   top0 idx=28 val=-2.56154
[dump]   top1 idx=864 val=-2.71208
[dump]   top2 idx=4448 val=-2.96015
[dump]   top3 idx=1165 val=-3.06779
[dump]   top4 idx=1376 val=-3.08472
[dump] L12.mwt    n=160     finite=1 absmax=0.39858      mean=0.1          sumsq=1.893081921        argmax=0
[dump] L12.mgate  n=102400  finite=1 absmax=2.279        mean=-0.21089     sumsq=18823.12015        argmax=90191
[dump]   top0 idx=90191 val=1.88275
[dump]   top1 idx=28136 val=1.71566
[dump]   top2 idx=49072 val=1.66974
[dump]   top3 idx=102251 val=1.64800
[dump]   top4 idx=75446 val=1.64104
[dump] L12.mup    n=102400  finite=1 absmax=1.7575       mean=0.00080695   sumsq=12029.22628        argmax=70525
[dump]   top0 idx=70525 val=1.75747
[dump]   top1 idx=64500 val=1.68594
[dump]   top2 idx=76732 val=1.61010
[dump]   top3 idx=22140 val=1.53918
[dump]   top4 idx=82492 val=1.53823
[dump] L12.mgu    n=102400  finite=1 absmax=1.5035       mean=-5.9218e-06  sumsq=418.2554068        argmax=35221
[dump]   top0 idx=35221 val=1.15775
[dump]   top1 idx=68406 val=1.08564
[dump]   top2 idx=35209 val=1.06498
[dump]   top3 idx=36991 val=0.92965
[dump]   top4 idx=90216 val=0.92315
[dump] L12.mdown  n=409600  finite=1 absmax=0.22839      mean=7.5706e-07   sumsq=177.8090014        argmax=260958
[dump]   top0 idx=260958 val=0.16675
[dump]   top1 idx=371560 val=0.15530
[dump]   top2 idx=338652 val=0.14651
[dump]   top3 idx=158558 val=0.14433
[dump]   top4 idx=340302 val=0.13888
[dump] L12.msh    n=40960   finite=1 absmax=0.046369     mean=2.6401e-05   sumsq=0.4227351829       argmax=15253
[dump]   top0 idx=15253 val=0.04637
[dump]   top1 idx=40853 val=0.03982
[dump]   top2 idx=12693 val=0.03734
[dump]   top3 idx=20373 val=0.03217
[dump]   top4 idx=39067 val=0.03130
[dump] L12.mout   n=40960   finite=1 absmax=0.052917     mean=2.0966e-05   sumsq=3.303446763        argmax=13467
[dump]   top0 idx=13467 val=0.05292
[dump]   top1 idx=39383 val=0.05037
[dump]   top2 idx=40853 val=0.05011
[dump]   top3 idx=30613 val=0.04492
[dump]   top4 idx=21463 val=0.04476
[dump] L12.moe    n=40960   finite=1 absmax=0.052917     mean=2.0966e-05   sumsq=3.303446763        argmax=13467
[dump]   top0 idx=13467 val=0.05292
[dump]   top1 idx=39383 val=0.05037
[dump]   top2 idx=40853 val=0.05011
[dump]   top3 idx=30613 val=0.04492
[dump]   top4 idx=21463 val=0.04476
[dump] L12.res    n=163840  finite=1 absmax=2.8374       mean=0.0013483    sumsq=316.2627046        argmax=1500
[dump]   top0 idx=1500 val=0.84279
[dump]   top1 idx=71573 val=0.46536
[dump]   top2 idx=2121 val=0.41532
[dump]   top3 idx=122773 val=0.41270
[dump]   top4 idx=30613 val=0.40462
[dump] L13.hcmix  n=40960   finite=1 absmax=4.9448       mean=0.012356     sumsq=12721.21371        argmax=7573
[dump]   top0 idx=7573 val=4.72199
[dump]   top1 idx=17813 val=4.40734
[dump]   top2 idx=12693 val=4.30446
[dump]   top3 idx=20373 val=3.35782
[dump]   top4 idx=30613 val=3.34655
[dump] L13.conv   n=163840  finite=1 absmax=1.2008       mean=0.00089458   sumsq=192.7955474        argmax=36098
[dump]   top0 idx=36098 val=1.20080
[dump]   top1 idx=46338 val=1.14857
[dump]   top2 idx=56578 val=1.08305
[dump]   top3 idx=66818 val=1.00693
[dump]   top4 idx=77058 val=0.93228
[dump] L13.gnorm  n=98304   finite=1 absmax=0.75011      mean=-6.2507e-05  sumsq=98.02829159        argmax=80562
[dump]   top0 idx=80562 val=0.54021
[dump]   top1 idx=57187 val=0.52896
[dump]   top2 idx=65665 val=0.50285
[dump]   top3 idx=87215 val=0.44685
[dump]   top4 idx=68274 val=0.42347
[dump] L13.lin    n=40960   finite=1 absmax=0.31997      mean=-0.00085636  sumsq=73.70199529        argmax=39351
[dump]   top0 idx=39351 val=0.31997
[dump]   top1 idx=23991 val=0.26502
[dump]   top2 idx=26551 val=0.26073
[dump]   top3 idx=13751 val=0.25118
[dump]   top4 idx=28888 val=0.25106
[dump] L13.att    n=40960   finite=1 absmax=0.31997      mean=-0.00085636  sumsq=73.70199529        argmax=39351
[dump]   top0 idx=39351 val=0.31997
[dump]   top1 idx=23991 val=0.26502
[dump]   top2 idx=26551 val=0.26073
[dump]   top3 idx=13751 val=0.25118
[dump]   top4 idx=28888 val=0.25106
[dump] L13.fmix   n=40960   finite=1 absmax=3.1831       mean=0.0038365    sumsq=8946.127085        argmax=17813
[dump]   top0 idx=17813 val=3.11568
[dump]   top1 idx=7573 val=3.07484
[dump]   top2 idx=1500 val=2.99455
[dump]   top3 idx=30613 val=2.71545
[dump]   top4 idx=4046 val=2.62504
[dump] L13.mlogit n=8192    finite=1 absmax=9.4488       mean=-5.9563      sumsq=296556.9074        argmax=293
[dump]   top0 idx=293 val=-1.02154
[dump]   top1 idx=899 val=-2.07961
[dump]   top2 idx=6915 val=-2.59795
[dump]   top3 idx=5891 val=-2.67128
[dump]   top4 idx=1314 val=-2.67482
[dump] L13.mprob  n=8192    finite=1 absmax=0.20804      mean=0.0019531    sumsq=0.1239315303       argmax=293
[dump]   top0 idx=293 val=0.20804
[dump]   top1 idx=899 val=0.05939
[dump]   top2 idx=6915 val=0.04120
[dump]   top3 idx=6403 val=0.03601
[dump]   top4 idx=5891 val=0.03414
[dump] L13.mid    n=160     finite=1 absmax=0 mean=0 sumsq=0 ids: 293 68 466 366 268 219 145 224 67 400 387 273 148 290 91 50 93 468 250 162 290 387 148 394 468 330 64 273 187 250 387 273 290 148 93 91 221 267 354 368 290 148 250 118 64 508 273 394 81 66 387 290 273 148 468 93 118 296 508 338 118 394 290 325 273 185 338 148 508 453 118 273 387 93 265 290 325 81 259 451 290 273 387 504 118 93 16 485 346 185 273 118 387 265 91 290 93 259 389 438 273 290 118 387 148 91 64 259 265 470 259 265 387 273 274 97 91 468 290 123 259 265 387 438 118 468 91 97 290 451 259 468 387 265 97 357 273 93 418 451 259 265 468 387 118 273 91 399 385 357 259 265 338 118 468 290 249 91 273 387
[dump] L13.rlogit n=8192    finite=1 absmax=9.4488       mean=-5.9563      sumsq=296556.9074        argmax=293
[dump]   top0 idx=293 val=-1.02154
[dump]   top1 idx=899 val=-2.07961
[dump]   top2 idx=6915 val=-2.59795
[dump]   top3 idx=5891 val=-2.67128
[dump]   top4 idx=1314 val=-2.67482
[dump] L13.mwt    n=160     finite=1 absmax=0.6994       mean=0.1          sumsq=2.327119575        argmax=0
[dump] L13.mgate  n=102400  finite=1 absmax=2.468        mean=-0.18467     sumsq=15570.40813        argmax=96335
[dump]   top0 idx=96335 val=2.46798
[dump]   top1 idx=89935 val=2.24120
[dump]   top2 idx=83535 val=2.19101
[dump]   top3 idx=70735 val=2.02220
[dump]   top4 idx=77135 val=1.78105
[dump] L13.mup    n=102400  finite=1 absmax=2.5172       mean=-0.0032765   sumsq=11132.26596        argmax=1468
[dump]   top0 idx=1468 val=2.51719
[dump]   top1 idx=76963 val=2.07524
[dump]   top2 idx=96163 val=1.97448
[dump]   top3 idx=62703 val=1.94610
[dump]   top4 idx=8602 val=1.91587
[dump] L13.mgu    n=102400  finite=1 absmax=3.453        mean=0.00010067   sumsq=424.2282953        argmax=70563
[dump]   top0 idx=70563 val=1.15208
[dump]   top1 idx=93684 val=1.12547
[dump]   top2 idx=7075 val=0.98227
[dump]   top3 idx=76963 val=0.97628
[dump]   top4 idx=89763 val=0.93087
[dump] L13.mdown  n=409600  finite=1 absmax=0.22168      mean=4.6706e-05   sumsq=183.6952719        argmax=335325
[dump]   top0 idx=335325 val=0.21801
[dump]   top1 idx=358762 val=0.19744
[dump]   top2 idx=333162 val=0.18597
[dump]   top3 idx=335280 val=0.18494
[dump]   top4 idx=334172 val=0.18226
[dump] L13.msh    n=40960   finite=1 absmax=0.023098     mean=1.1333e-05   sumsq=0.4052649653       argmax=29813
[dump]   top0 idx=29813 val=0.02240
[dump]   top1 idx=28196 val=0.02186
[dump]   top2 idx=17013 val=0.02131
[dump]   top3 idx=30610 val=0.02110
[dump]   top4 idx=22133 val=0.02006
[dump] L13.mout   n=40960   finite=1 absmax=0.15835      mean=0.00013121   sumsq=5.466719247        argmax=1716
[dump]   top0 idx=1716 val=0.09565
[dump]   top1 idx=1301 val=0.08844
[dump]   top2 idx=2035 val=0.08010
[dump]   top3 idx=579 val=0.06915
[dump]   top4 idx=1912 val=0.06904
[dump] L13.moe    n=40960   finite=1 absmax=0.15835      mean=0.00013121   sumsq=5.466719247        argmax=1716
[dump]   top0 idx=1716 val=0.09565
[dump]   top1 idx=1301 val=0.08844
[dump]   top2 idx=2035 val=0.08010
[dump]   top3 idx=579 val=0.06915
[dump]   top4 idx=1912 val=0.06904
[dump] L13.res    n=163840  finite=1 absmax=2.8738       mean=0.0013388    sumsq=332.8243964        argmax=1500
[dump]   top0 idx=1500 val=0.84846
[dump]   top1 idx=71573 val=0.46470
[dump]   top2 idx=122773 val=0.41440
[dump]   top3 idx=2121 val=0.40959
[dump]   top4 idx=111875 val=0.40816
[dump] L14.hcmix  n=40960   finite=1 absmax=7.9374       mean=0.016018     sumsq=11367.17594        argmax=1500
[dump]   top0 idx=1500 val=7.93737
[dump]   top1 idx=17813 val=4.93472
[dump]   top2 idx=12035 val=3.52788
[dump]   top3 idx=15277 val=3.43824
[dump]   top4 idx=27395 val=3.35851
[dump] L14.conv   n=163840  finite=1 absmax=1.0462       mean=-0.0004259   sumsq=245.9194154        argmax=35989
[dump]   top0 idx=35989 val=1.04624
[dump]   top1 idx=46229 val=0.98636
[dump]   top2 idx=56469 val=0.95193
[dump]   top3 idx=154054 val=0.89042
[dump]   top4 idx=76949 val=0.88164
[dump] L14.gnorm  n=98304   finite=1 absmax=7.0216       mean=0.00018151   sumsq=268.5490238        argmax=1941
[dump]   top0 idx=1941 val=7.02162
[dump]   top1 idx=25765 val=0.60858
[dump]   top2 idx=81045 val=0.53509
[dump]   top3 idx=8085 val=0.52819
[dump]   top4 idx=48080 val=0.52713
[dump] L14.lin    n=40960   finite=1 absmax=2.0709       mean=-0.0010515   sumsq=226.2888634        argmax=138
[dump]   top0 idx=138 val=0.79533
[dump]   top1 idx=788 val=0.75700
[dump]   top2 idx=679 val=0.66375
[dump]   top3 idx=2162 val=0.64877
[dump]   top4 idx=1603 val=0.64726
[dump] L14.att    n=40960   finite=1 absmax=2.0709       mean=-0.0010515   sumsq=226.2888634        argmax=138
[dump]   top0 idx=138 val=0.79533
[dump]   top1 idx=788 val=0.75700
[dump]   top2 idx=679 val=0.66375
[dump]   top3 idx=2162 val=0.64877
[dump]   top4 idx=1603 val=0.64726
[dump] L14.fmix   n=40960   finite=1 absmax=6.5829       mean=0.0071823    sumsq=9857.278449        argmax=1500
[dump]   top0 idx=1500 val=3.67229
[dump]   top1 idx=4046 val=3.09780
[dump]   top2 idx=788 val=2.73214
[dump]   top3 idx=47 val=2.57902
[dump]   top4 idx=11241 val=2.43036
[dump] L14.mlogit n=8192    finite=1 absmax=9.9816       mean=-5.9076      sumsq=291692.3512        argmax=2424
[dump]   top0 idx=2424 val=-2.43650
[dump]   top1 idx=7924 val=-2.57827
[dump]   top2 idx=3411 val=-2.60365
[dump]   top3 idx=7503 val=-2.64041
[dump]   top4 idx=3993 val=-2.67226
[dump] L14.mprob  n=8192    finite=1 absmax=0.04493      mean=0.0019531    sumsq=0.08088114642      argmax=7924
[dump]   top0 idx=7924 val=0.04493
[dump]   top1 idx=398 val=0.04383
[dump]   top2 idx=2424 val=0.04182
[dump]   top3 idx=7503 val=0.03403
[dump]   top4 idx=3993 val=0.03338
[dump] L14.mid    n=160     finite=1 absmax=0 mean=0 sumsq=0 ids: 398 165 326 266 29 17 151 40 138 339 506 138 165 409 14 40 417 398 326 473 227 414 463 370 246 40 372 459 407 107 165 409 14 473 506 205 417 138 308 326 376 290 280 223 5 22 463 360 385 162 14 409 12 290 398 308 417 506 205 162 339 40 488 9 495 266 2 136 49 108 409 234 14 473 290 506 12 441 398 138 339 176 40 29 488 266 495 280 9 180 180 266 40 495 108 312 492 9 2 176 409 498 473 280 370 506 439 227 460 14 40 49 339 266 282 495 252 2 180 136 40 49 168 244 136 409 108 138 506 500 244 335 506 151 100 473 482 409 108 510 335 244 100 506 482 473 151 409 510 402 244 100 482 40 266 29 407 168 510 67
[dump] L14.rlogit n=8192    finite=1 absmax=9.9816       mean=-5.9076      sumsq=291692.3512        argmax=2424
[dump]   top0 idx=2424 val=-2.43650
[dump]   top1 idx=7924 val=-2.57827
[dump]   top2 idx=3411 val=-2.60365
[dump]   top3 idx=7503 val=-2.64041
[dump]   top4 idx=3993 val=-2.67226
[dump] L14.mwt    n=160     finite=1 absmax=0.27752      mean=0.1          sumsq=1.907043731        argmax=40
[dump] L14.mgate  n=102400  finite=1 absmax=2.7293       mean=-0.20834     sumsq=16417.14014        argmax=5312
[dump]   top0 idx=5312 val=1.95651
[dump]   top1 idx=96642 val=1.80712
[dump]   top2 idx=51621 val=1.78965
[dump]   top3 idx=52607 val=1.73885
[dump]   top4 idx=90529 val=1.67231
[dump] L14.mup    n=102400  finite=1 absmax=2.4988       mean=-0.0026206   sumsq=11427.28544        argmax=58852
[dump]   top0 idx=58852 val=2.49880
[dump]   top1 idx=41451 val=2.03006
[dump]   top2 idx=35505 val=1.78380
[dump]   top3 idx=55531 val=1.77575
[dump]   top4 idx=61492 val=1.67810
[dump] L14.mgu    n=102400  finite=1 absmax=3.2321       mean=-0.00026853  sumsq=400.3004533        argmax=58852
[dump]   top0 idx=58852 val=3.23206
[dump]   top1 idx=5810 val=1.42617
[dump]   top2 idx=300 val=1.31639
[dump]   top3 idx=54301 val=1.17890
[dump]   top4 idx=61492 val=1.15730
[dump] L14.mdown  n=409600  finite=1 absmax=0.38143      mean=1.3225e-05   sumsq=166.5866264        argmax=1500
[dump]   top0 idx=1500 val=0.37390
[dump]   top1 idx=793 val=0.22051
[dump]   top2 idx=788 val=0.19592
[dump]   top3 idx=2238 val=0.19229
[dump]   top4 idx=1094 val=0.18555
[dump] L14.msh    n=40960   finite=1 absmax=0.015766     mean=1.8971e-06   sumsq=0.1412324406       argmax=27203
[dump]   top0 idx=27203 val=0.01577
[dump]   top1 idx=34933 val=0.01366
[dump]   top2 idx=19523 val=0.01363
[dump]   top3 idx=11893 val=0.01341
[dump]   top4 idx=37493 val=0.01340
[dump] L14.mout   n=40960   finite=1 absmax=0.13365      mean=1.3558e-05   sumsq=2.966853334        argmax=1500
[dump]   top0 idx=1500 val=0.13365
[dump]   top1 idx=793 val=0.07413
[dump]   top2 idx=1094 val=0.06828
[dump]   top3 idx=788 val=0.06794
[dump]   top4 idx=2433 val=0.05381
[dump] L14.moe    n=40960   finite=1 absmax=0.13365      mean=1.3558e-05   sumsq=2.966853334        argmax=1500
[dump]   top0 idx=1500 val=0.13365
[dump]   top1 idx=793 val=0.07413
[dump]   top2 idx=1094 val=0.06828
[dump]   top3 idx=788 val=0.06794
[dump]   top4 idx=2433 val=0.05381
[dump] L14.res    n=163840  finite=1 absmax=2.9035       mean=0.0012957    sumsq=345.8838902        argmax=1500
[dump]   top0 idx=1500 val=0.88097
[dump]   top1 idx=71573 val=0.46616
[dump]   top2 idx=2121 val=0.46321
[dump]   top3 idx=788 val=0.46056
[dump]   top4 idx=122773 val=0.41650
[dump] L15.hcmix  n=40960   finite=1 absmax=10.496       mean=0.005406     sumsq=3100.883008        argmax=1500
[dump]   top0 idx=1500 val=1.90204
[dump]   top1 idx=17813 val=1.82576
[dump]   top2 idx=27395 val=1.61081
[dump]   top3 idx=15277 val=1.56334
[dump]   top4 idx=33947 val=1.54650
[dump] L15.cur    n=40960   finite=1 absmax=10.496       mean=0.005406     sumsq=3100.883008        argmax=1500
[dump]   top0 idx=1500 val=1.90204
[dump]   top1 idx=17813 val=1.82576
[dump]   top2 idx=27395 val=1.61081
[dump]   top3 idx=15277 val=1.56334
[dump]   top4 idx=33947 val=1.54650
[dump] L15.qnorm  n=98304   finite=1 absmax=6.362        mean=-0.027316    sumsq=128031.4106        argmax=43001
[dump]   top0 idx=43001 val=6.36197
[dump]   top1 idx=86009 val=6.05567
[dump]   top2 idx=92153 val=6.03414
[dump]   top3 idx=30713 val=6.00526
[dump]   top4 idx=36857 val=5.94969
[dump] L15.knorm  n=8192    finite=1 absmax=8.4515       mean=0.047519     sumsq=15219.88944        argmax=6892
[dump]   top0 idx=6892 val=4.96057
[dump]   top1 idx=7404 val=4.88959
[dump]   top2 idx=1081 val=4.84105
[dump]   top3 idx=6686 val=4.76834
[dump]   top4 idx=5662 val=4.73848
[dump] L15.vraw   n=8192    finite=1 absmax=8.2251       mean=0.027589     sumsq=2656.690864        argmax=169
[dump]   top0 idx=169 val=8.22506
[dump]   top1 idx=266 val=5.40638
[dump]   top2 idx=5561 val=1.56749
[dump]   top3 idx=7798 val=1.55930
[dump]   top4 idx=2370 val=1.45105
[dump] L15.Q      n=98304   finite=1 absmax=6.362        mean=-0.015962    sumsq=128031.4104        argmax=43001
[dump]   top0 idx=43001 val=6.36197
[dump]   top1 idx=86009 val=6.05567
[dump]   top2 idx=92153 val=6.03414
[dump]   top3 idx=30713 val=6.00526
[dump]   top4 idx=36857 val=5.94969
[dump] L15.K      n=8192    finite=1 absmax=8.4515       mean=0.036931     sumsq=15219.88943        argmax=6892
[dump]   top0 idx=6892 val=4.96057
[dump]   top1 idx=7404 val=4.88959
[dump]   top2 idx=1081 val=4.84107
[dump]   top3 idx=6686 val=4.76834
[dump]   top4 idx=5662 val=4.73849
[dump] L15.faout  n=98304   finite=1 absmax=8.2254       mean=0.036779     sumsq=33230.63352        argmax=937
[dump]   top0 idx=937 val=8.22540
[dump]   top1 idx=169 val=8.22540
[dump]   top2 idx=425 val=8.22540
[dump]   top3 idx=681 val=8.22540
[dump]   top4 idx=1193 val=8.22540
[dump] L15.gate   n=98304   finite=1 absmax=4.2113       mean=-0.86372     sumsq=98754.13242        argmax=47246
[dump]   top0 idx=47246 val=0.66170
[dump]   top1 idx=54430 val=0.59548
[dump]   top2 idx=54490 val=0.58912
[dump]   top3 idx=2698 val=0.58167
[dump]   top4 idx=71822 val=0.57473
[dump] L15.gated  n=98304   finite=1 absmax=2.6552       mean=0.01006      sumsq=3604.475255        argmax=2985
[dump]   top0 idx=2985 val=2.65524
[dump]   top1 idx=2729 val=1.80850
[dump]   top2 idx=1961 val=1.70290
[dump]   top3 idx=5642 val=1.68393
[dump]   top4 idx=1193 val=1.62883
[dump] L15.att    n=40960   finite=1 absmax=1.321        mean=-0.0022271   sumsq=248.762901         argmax=2311
[dump]   top0 idx=2311 val=1.32100
[dump]   top1 idx=892 val=1.01813
[dump]   top2 idx=2307 val=0.68587
[dump]   top3 idx=1795 val=0.55682
[dump]   top4 idx=1947 val=0.50301
[dump] L15.fmix   n=40960   finite=1 absmax=6.4849       mean=0.0065356    sumsq=21261.7214         argmax=5848
[dump]   top0 idx=5848 val=6.48488
[dump]   top1 idx=10968 val=5.49934
[dump]   top2 idx=28888 val=5.14115
[dump]   top3 idx=21208 val=4.93281
[dump]   top4 idx=18648 val=4.85603
[dump] L15.mlogit n=8192    finite=1 absmax=11.623       mean=-5.9117      sumsq=292456.4005        argmax=283
[dump]   top0 idx=283 val=-2.44737
[dump]   top1 idx=3718 val=-2.45841
[dump]   top2 idx=2767 val=-2.73527
[dump]   top3 idx=1006 val=-2.85839
[dump]   top4 idx=1743 val=-3.01518
[dump] L15.mprob  n=8192    finite=1 absmax=0.060549     mean=0.0019531    sumsq=0.06779729225      argmax=283
[dump]   top0 idx=283 val=0.06055
[dump]   top1 idx=3718 val=0.04145
[dump]   top2 idx=174 val=0.03202
[dump]   top3 idx=2767 val=0.02693
[dump]   top4 idx=2255 val=0.02637
[dump] L15.mid    n=160     finite=1 absmax=0 mean=0 sumsq=0 ids: 283 174 188 38 342 103 215 330 177 107 494 207 501 199 50 39 156 263 303 318 207 219 453 31 127 263 53 455 426 154 207 61 399 405 288 219 303 406 302 426 207 236 453 116 388 16 405 406 319 326 207 50 426 32 219 406 302 192 288 399 302 207 280 388 246 453 288 134 179 236 134 406 32 426 207 219 314 192 281 399 343 134 119 263 487 426 511 427 405 32 405 303 207 311 426 343 446 134 288 174 228 405 343 303 406 311 263 53 408 192 405 494 207 174 311 134 204 289 50 511 174 303 288 405 423 192 311 50 39 98 174 303 289 207 405 494 192 283 288 311 289 405 174 322 156 494 303 192 177 33 174 303 405 12 423 71 289 280 156 432
[dump] L15.rlogit n=8192    finite=1 absmax=11.623       mean=-5.9117      sumsq=292456.4005        argmax=283
[dump]   top0 idx=283 val=-2.44737
[dump]   top1 idx=3718 val=-2.45841
[dump]   top2 idx=2767 val=-2.73527
[dump]   top3 idx=1006 val=-2.85839
[dump]   top4 idx=1743 val=-3.01518
[dump] L15.mwt    n=160     finite=1 absmax=0.33225      mean=0.1          sumsq=1.856609445        argmax=0
[dump] L15.mgate  n=102400  finite=1 absmax=2.8709       mean=-0.41266     sumsq=42650.4308         argmax=14181
[dump]   top0 idx=14181 val=2.71922
[dump]   top1 idx=15911 val=1.90511
[dump]   top2 idx=51117 val=1.88535
[dump]   top3 idx=44917 val=1.73557
[dump]   top4 idx=460 val=1.67764
[dump] L15.mup    n=102400  finite=1 absmax=3.2289       mean=0.0036265    sumsq=24534.10121        argmax=26327
[dump]   top0 idx=26327 val=2.90581
[dump]   top1 idx=15670 val=2.72352
[dump]   top2 idx=15399 val=2.44764
[dump]   top3 idx=95621 val=2.34037
[dump]   top4 idx=15758 val=2.20726
[dump] L15.mgu    n=102400  finite=1 absmax=8.237        mean=-0.00043104  sumsq=1293.787809        argmax=51117
[dump]   top0 idx=51117 val=3.48678
[dump]   top1 idx=15399 val=3.20863
[dump]   top2 idx=488 val=1.89964
[dump]   top3 idx=565 val=1.65552
[dump]   top4 idx=32849 val=1.65382
[dump] L15.mdown  n=409600  finite=1 absmax=0.86075      mean=-8.0411e-06  sumsq=530.316963         argmax=57965
[dump]   top0 idx=57965 val=0.42341
[dump]   top1 idx=1716 val=0.41139
[dump]   top2 idx=58013 val=0.40267
[dump]   top3 idx=57419 val=0.39022
[dump]   top4 idx=57059 val=0.38462
[dump] L15.msh    n=40960   finite=1 absmax=0.02812      mean=4.2908e-05   sumsq=0.4776628723       argmax=40796
[dump]   top0 idx=40796 val=0.02435
[dump]   top1 idx=39546 val=0.02263
[dump]   top2 idx=29306 val=0.02249
[dump]   top3 idx=15994 val=0.01963
[dump]   top4 idx=39034 val=0.01958
[dump] L15.mout   n=40960   finite=1 absmax=0.29284      mean=1.7402e-05   sumsq=8.691698076        argmax=1716
[dump]   top0 idx=1716 val=0.14291
[dump]   top1 idx=138 val=0.11808
[dump]   top2 idx=1736 val=0.08323
[dump]   top3 idx=1984 val=0.08050
[dump]   top4 idx=562 val=0.07898
[dump] L15.moe    n=40960   finite=1 absmax=0.29284      mean=1.7402e-05   sumsq=8.691698076        argmax=1716
[dump]   top0 idx=1716 val=0.14291
[dump]   top1 idx=138 val=0.11808
[dump]   top2 idx=1736 val=0.08323
[dump]   top3 idx=1984 val=0.08050
[dump]   top4 idx=562 val=0.07898
[dump] L15.res    n=163840  finite=1 absmax=2.8397       mean=0.0011974    sumsq=335.7897547        argmax=1500
[dump]   top0 idx=1500 val=0.87955
[dump]   top1 idx=2121 val=0.48404
[dump]   top2 idx=71573 val=0.46259
[dump]   top3 idx=788 val=0.43813
[dump]   top4 idx=122773 val=0.41410
[dump] L16.hcmix  n=40960   finite=1 absmax=15.842       mean=0.0047105    sumsq=13009.17523        argmax=1500
[dump]   top0 idx=1500 val=9.39819
[dump]   top1 idx=7573 val=3.94692
[dump]   top2 idx=788 val=3.89746
[dump]   top3 idx=20373 val=3.60157
[dump]   top4 idx=15277 val=3.25121
[dump] L16.conv   n=163840  finite=1 absmax=2.3964       mean=-0.0020064   sumsq=492.4887812        argmax=18122
[dump]   top0 idx=18122 val=2.39639
[dump]   top1 idx=22823 val=2.04195
[dump]   top2 idx=18146 val=1.86790
[dump]   top3 idx=18153 val=1.79207
[dump]   top4 idx=14965 val=1.55691
[dump] L16.gnorm  n=98304   finite=1 absmax=0.55157      mean=-0.0043538   sumsq=133.1224632        argmax=41596
[dump]   top0 idx=41596 val=0.55157
[dump]   top1 idx=33089 val=0.41344
[dump]   top2 idx=84558 val=0.38490
[dump]   top3 idx=98117 val=0.37868
[dump]   top4 idx=20801 val=0.35473
[dump] L16.lin    n=40960   finite=1 absmax=0.44425      mean=-0.0005964   sumsq=66.45123837        argmax=5081
[dump]   top0 idx=5081 val=0.33800
[dump]   top1 idx=16311 val=0.29823
[dump]   top2 idx=3553 val=0.29178
[dump]   top3 idx=11374 val=0.27917
[dump]   top4 idx=32111 val=0.26219
[dump] L16.att    n=40960   finite=1 absmax=0.44425      mean=-0.0005964   sumsq=66.45123837        argmax=5081
[dump]   top0 idx=5081 val=0.33800
[dump]   top1 idx=16311 val=0.29823
[dump]   top2 idx=3553 val=0.29178
[dump]   top3 idx=11374 val=0.27917
[dump]   top4 idx=32111 val=0.26219
[dump] L16.fmix   n=40960   finite=1 absmax=3.9077       mean=0.0031963    sumsq=16640.65085        argmax=1500
[dump]   top0 idx=1500 val=3.90771
[dump]   top1 idx=5848 val=3.20879
[dump]   top2 idx=20158 val=2.88446
[dump]   top3 idx=11241 val=2.87385
[dump]   top4 idx=788 val=2.86751
[dump] L16.mlogit n=8192    finite=1 absmax=10.214       mean=-6.0347      sumsq=304692.6497        argmax=228
[dump]   top0 idx=228 val=-1.03690
[dump]   top1 idx=7411 val=-1.77245
[dump]   top2 idx=6899 val=-2.22997
[dump]   top3 idx=3984 val=-2.44480
[dump]   top4 idx=2788 val=-2.46035
[dump] L16.mprob  n=8192    finite=1 absmax=0.1921       mean=0.0019531    sumsq=0.1291260914       argmax=228
[dump]   top0 idx=228 val=0.19210
[dump]   top1 idx=7411 val=0.08525
[dump]   top2 idx=6899 val=0.05776
[dump]   top3 idx=3984 val=0.04750
[dump]   top4 idx=2788 val=0.04493
[dump] L16.mid    n=160     finite=1 absmax=0 mean=0 sumsq=0 ids: 228 487 243 272 132 473 142 361 259 32 228 272 429 243 142 140 447 479 58 487 228 457 319 140 398 124 370 303 447 145 228 272 142 447 140 479 26 278 400 429 188 228 104 447 138 319 303 479 124 270 228 272 140 142 447 26 278 394 346 205 228 303 64 188 447 26 429 272 319 278 400 272 394 228 140 369 26 278 113 479 400 228 140 272 394 393 282 278 26 61 140 228 272 243 142 263 400 278 429 487 272 228 400 236 465 140 243 142 263 61 243 272 228 263 142 58 429 140 61 487 228 243 272 142 140 429 487 263 278 58 243 228 58 263 142 278 272 487 479 134 243 228 58 278 272 263 134 202 480 487 243 228 278 202 272 58 392 352 25 475
[dump] L16.rlogit n=8192    finite=1 absmax=10.214       mean=-6.0347      sumsq=304692.6497        argmax=228
[dump]   top0 idx=228 val=-1.03690
[dump]   top1 idx=7411 val=-1.77245
[dump]   top2 idx=6899 val=-2.22997
[dump]   top3 idx=3984 val=-2.44480
[dump]   top4 idx=2788 val=-2.46035
[dump] L16.mwt    n=160     finite=1 absmax=0.6804       mean=0.1          sumsq=2.499735506        argmax=0
[dump] L16.mgate  n=102400  finite=1 absmax=2.7721       mean=-0.29695     sumsq=28374.04415        argmax=69
[dump]   top0 idx=69 val=1.94828
[dump]   top1 idx=595 val=1.84828
[dump]   top2 idx=13635 val=1.80634
[dump]   top3 idx=25928 val=1.80053
[dump]   top4 idx=39220 val=1.75468
[dump] L16.mup    n=102400  finite=1 absmax=3.0332       mean=0.0015898    sumsq=19380.16005        argmax=16558
[dump]   top0 idx=16558 val=3.03317
[dump]   top1 idx=58682 val=2.74339
[dump]   top2 idx=84021 val=2.24175
[dump]   top3 idx=33223 val=2.11057
[dump]   top4 idx=58849 val=2.04515
[dump] L16.mgu    n=102400  finite=1 absmax=3.0394       mean=0.00043912   sumsq=854.1972842        argmax=595
[dump]   top0 idx=595 val=2.98268
[dump]   top1 idx=16558 val=2.54898
[dump]   top2 idx=84021 val=1.81004
[dump]   top3 idx=11324 val=1.49482
[dump]   top4 idx=77703 val=1.40129
[dump] L16.mdown  n=409600  finite=1 absmax=1.0042       mean=-7.0578e-06  sumsq=343.309381         argmax=2311
[dump]   top0 idx=2311 val=0.38371
[dump]   top1 idx=2366 val=0.30014
[dump]   top2 idx=472 val=0.27271
[dump]   top3 idx=138 val=0.26887
[dump]   top4 idx=627 val=0.26163
[dump] L16.msh    n=40960   finite=1 absmax=0.021838     mean=4.8874e-05   sumsq=0.331691845        argmax=951
[dump]   top0 idx=951 val=0.02184
[dump]   top1 idx=30756 val=0.01803
[dump]   top2 idx=38436 val=0.01786
[dump]   top3 idx=33316 val=0.01688
[dump]   top4 idx=6071 val=0.01586
[dump] L16.mout   n=40960   finite=1 absmax=0.69491      mean=6.4728e-05   sumsq=11.70486174        argmax=2311
[dump]   top0 idx=2311 val=0.27567
[dump]   top1 idx=2366 val=0.20774
[dump]   top2 idx=472 val=0.18822
[dump]   top3 idx=138 val=0.18742
[dump]   top4 idx=627 val=0.17800
[dump] L16.moe    n=40960   finite=1 absmax=0.69491      mean=6.4728e-05   sumsq=11.70486174        argmax=2311
[dump]   top0 idx=2311 val=0.27567
[dump]   top1 idx=2366 val=0.20774
[dump]   top2 idx=472 val=0.18822
[dump]   top3 idx=138 val=0.18742
[dump]   top4 idx=627 val=0.17800
[dump] L16.res    n=163840  finite=1 absmax=2.6852       mean=0.0011733    sumsq=343.3906635        argmax=1500
[dump]   top0 idx=1500 val=0.84628
[dump]   top1 idx=2121 val=0.51209
[dump]   top2 idx=1580 val=0.48726
[dump]   top3 idx=2366 val=0.47591
[dump]   top4 idx=1787 val=0.47533
[dump] L17.hcmix  n=40960   finite=1 absmax=6.2613       mean=0.010367     sumsq=13347.3336         argmax=17813
[dump]   top0 idx=17813 val=4.69925
[dump]   top1 idx=1500 val=4.13248
[dump]   top2 idx=7573 val=3.69502
[dump]   top3 idx=12693 val=3.57571
[dump]   top4 idx=10157 val=3.45838
[dump] L17.conv   n=163840  finite=1 absmax=1.7289       mean=0.00086309   sumsq=335.9877912        argmax=13091
[dump]   top0 idx=13091 val=1.72891
[dump]   top1 idx=73717 val=1.01065
[dump]   top2 idx=56997 val=1.00375
[dump]   top3 idx=67237 val=1.00335
[dump]   top4 idx=46757 val=0.97648
[dump] L17.gnorm  n=98304   finite=1 absmax=0.96459      mean=-0.0012814   sumsq=76.15938951        argmax=5356
[dump]   top0 idx=5356 val=0.96459
[dump]   top1 idx=11500 val=0.60039
[dump]   top2 idx=3834 val=0.37730
[dump]   top3 idx=5845 val=0.29233
[dump]   top4 idx=33819 val=0.28588
[dump] L17.lin    n=40960   finite=1 absmax=0.42129      mean=-0.001064    sumsq=54.45952158        argmax=40384
[dump]   top0 idx=40384 val=0.22021
[dump]   top1 idx=39204 val=0.19973
[dump]   top2 idx=39558 val=0.19715
[dump]   top3 idx=2521 val=0.19017
[dump]   top4 idx=28337 val=0.18897
[dump] L17.att    n=40960   finite=1 absmax=0.42129      mean=-0.001064    sumsq=54.45952158        argmax=40384
[dump]   top0 idx=40384 val=0.22021
[dump]   top1 idx=39204 val=0.19973
[dump]   top2 idx=39558 val=0.19715
[dump]   top3 idx=2521 val=0.19017
[dump]   top4 idx=28337 val=0.18897
[dump] L17.fmix   n=40960   finite=1 absmax=3.5938       mean=0.0020191    sumsq=12447.87349        argmax=4046
[dump]   top0 idx=4046 val=3.59381
[dump]   top1 idx=39912 val=2.81879
[dump]   top2 idx=788 val=2.67185
[dump]   top3 idx=32206 val=2.52121
[dump]   top4 idx=39148 val=2.51021
[dump] L17.mlogit n=8192    finite=1 absmax=10.28        mean=-6.1352      sumsq=316035.8918        argmax=486
[dump]   top0 idx=486 val=-2.52451
[dump]   top1 idx=648 val=-2.82765
[dump]   top2 idx=4104 val=-2.88610
[dump]   top3 idx=5256 val=-2.89281
[dump]   top4 idx=3592 val=-2.92639
[dump] L17.mprob  n=8192    finite=1 absmax=0.054249     mean=0.0019531    sumsq=0.08473253229      argmax=486
[dump]   top0 idx=486 val=0.05425
[dump]   top1 idx=136 val=0.03612
[dump]   top2 idx=4104 val=0.03257
[dump]   top3 idx=1672 val=0.03102
[dump]   top4 idx=5078 val=0.03040
[dump] L17.mid    n=160     finite=1 absmax=0 mean=0 sumsq=0 ids: 486 136 510 84 209 135 330 15 274 243 136 486 471 499 328 305 84 105 469 365 469 328 127 486 285 26 303 136 71 366 136 486 471 328 387 127 469 249 84 105 366 486 444 97 136 374 471 333 18 4 84 136 486 127 471 328 386 448 419 387 328 444 136 486 84 471 374 71 97 464 8 387 136 328 419 448 181 486 127 471 8 470 404 136 181 328 304 387 398 486 470 136 471 486 374 362 328 366 419 474 136 486 84 8 327 127 328 387 143 471 136 471 84 486 419 374 499 498 363 139 471 136 366 486 374 139 363 362 499 419 84 209 471 363 136 486 139 374 366 499 209 84 139 363 499 136 486 419 422 253 139 209 363 471 136 486 345 498 221 274
[dump] L17.rlogit n=8192    finite=1 absmax=10.28        mean=-6.1352      sumsq=316035.8918        argmax=486
[dump]   top0 idx=486 val=-2.52451
[dump]   top1 idx=648 val=-2.82765
[dump]   top2 idx=4104 val=-2.88610
[dump]   top3 idx=5256 val=-2.89281
[dump]   top4 idx=3592 val=-2.92639
[dump] L17.mwt    n=160     finite=1 absmax=0.2767       mean=0.1          sumsq=1.848377615        argmax=0
[dump] L17.mgate  n=102400  finite=1 absmax=2.1129       mean=-0.20275     sumsq=18854.43238        argmax=79570
[dump]   top0 idx=79570 val=2.11287
[dump]   top1 idx=38118 val=1.96609
[dump]   top2 idx=20443 val=1.74124
[dump]   top3 idx=47661 val=1.73398
[dump]   top4 idx=16974 val=1.63116
[dump] L17.mup    n=102400  finite=1 absmax=2.1754       mean=-0.0033925   sumsq=14320.14545        argmax=24900
[dump]   top0 idx=24900 val=2.04786
[dump]   top1 idx=32580 val=1.95731
[dump]   top2 idx=76048 val=1.88066
[dump]   top3 idx=32169 val=1.74660
[dump]   top4 idx=10333 val=1.68304
[dump] L17.mgu    n=102400  finite=1 absmax=1.7221       mean=-0.00033732  sumsq=523.3497749        argmax=32371
[dump]   top0 idx=32371 val=1.62937
[dump]   top1 idx=79570 val=1.51407
[dump]   top2 idx=249 val=1.47138
[dump]   top3 idx=87890 val=1.34383
[dump]   top4 idx=6514 val=1.05822
[dump] L17.mdown  n=409600  finite=1 absmax=0.43827      mean=8.9608e-05   sumsq=211.5112155        argmax=1716
[dump]   top0 idx=1716 val=0.17313
[dump]   top1 idx=353067 val=0.13820
[dump]   top2 idx=138 val=0.12626
[dump]   top3 idx=334214 val=0.12591
[dump]   top4 idx=244924 val=0.12563
[dump] L17.msh    n=40960   finite=1 absmax=0.015517     mean=8.4528e-06   sumsq=0.1900007202       argmax=40195
[dump]   top0 idx=40195 val=0.01363
[dump]   top1 idx=21536 val=0.01198
[dump]   top2 idx=22283 val=0.01071
[dump]   top3 idx=26735 val=0.01037
[dump]   top4 idx=1795 val=0.01037
[dump] L17.mout   n=40960   finite=1 absmax=0.19059      mean=8.9461e-05   sumsq=3.045258894        argmax=1716
[dump]   top0 idx=1716 val=0.08797
[dump]   top1 idx=138 val=0.05704
[dump]   top2 idx=230 val=0.03878
[dump]   top3 idx=38713 val=0.03777
[dump]   top4 idx=33825 val=0.03603
[dump] L17.moe    n=40960   finite=1 absmax=0.19059      mean=8.9461e-05   sumsq=3.045258894        argmax=1716
[dump]   top0 idx=1716 val=0.08797
[dump]   top1 idx=138 val=0.05704
[dump]   top2 idx=230 val=0.03878
[dump]   top3 idx=38713 val=0.03777
[dump]   top4 idx=33825 val=0.03603
[dump] L17.res    n=163840  finite=1 absmax=2.7042       mean=0.0011009    sumsq=339.2203631        argmax=1500
[dump]   top0 idx=1500 val=0.85191
[dump]   top1 idx=2121 val=0.50072
[dump]   top2 idx=1580 val=0.48931
[dump]   top3 idx=788 val=0.47527
[dump]   top4 idx=71573 val=0.46590
[dump] L18.hcmix  n=40960   finite=1 absmax=18.658       mean=0.01143      sumsq=13515.09694        argmax=1500
[dump]   top0 idx=1500 val=7.92368
[dump]   top1 idx=21685 val=4.03024
[dump]   top2 idx=26805 val=3.97611
[dump]   top3 idx=17813 val=3.93430
[dump]   top4 idx=1912 val=3.86438
[dump] L18.conv   n=163840  finite=1 absmax=1.6207       mean=0.00069891   sumsq=276.8741804        argmax=662
[dump]   top0 idx=662 val=1.62071
[dump]   top1 idx=133491 val=0.83143
[dump]   top2 idx=143731 val=0.78279
[dump]   top3 idx=22858 val=0.75265
[dump]   top4 idx=72069 val=0.75125
[dump] L18.gnorm  n=98304   finite=1 absmax=0.85415      mean=0.00020545   sumsq=166.5713374        argmax=13703
[dump]   top0 idx=13703 val=0.85415
[dump]   top1 idx=25991 val=0.65482
[dump]   top2 idx=93575 val=0.61238
[dump]   top3 idx=1663 val=0.56814
[dump]   top4 idx=62855 val=0.56607
[dump] L18.lin    n=40960   finite=1 absmax=0.40672      mean=-0.0005557   sumsq=83.9500858         argmax=634
[dump]   top0 idx=634 val=0.40672
[dump]   top1 idx=38882 val=0.38440
[dump]   top2 idx=10722 val=0.35797
[dump]   top3 idx=5602 val=0.33353
[dump]   top4 idx=33762 val=0.31828
[dump] L18.att    n=40960   finite=1 absmax=0.40672      mean=-0.0005557   sumsq=83.9500858         argmax=634
[dump]   top0 idx=634 val=0.40672
[dump]   top1 idx=38882 val=0.38440
[dump]   top2 idx=10722 val=0.35797
[dump]   top3 idx=5602 val=0.33353
[dump]   top4 idx=33762 val=0.31828
[dump] L18.fmix   n=40960   finite=1 absmax=3.8739       mean=0.010013     sumsq=11039.43056        argmax=17813
[dump]   top0 idx=17813 val=3.87390
[dump]   top1 idx=1500 val=3.48895
[dump]   top2 idx=7573 val=3.20072
[dump]   top3 idx=10936 val=2.98941
[dump]   top4 idx=30613 val=2.93157
[dump] L18.mlogit n=8192    finite=1 absmax=9.632        mean=-6.2924      sumsq=332016.619         argmax=2647
[dump]   top0 idx=2647 val=-2.06468
[dump]   top1 idx=449 val=-2.29847
[dump]   top2 idx=4125 val=-2.34918
[dump]   top3 idx=2488 val=-2.44539
[dump]   top4 idx=1155 val=-2.50669
[dump] L18.mprob  n=8192    finite=1 absmax=0.067207     mean=0.0019531    sumsq=0.1104983868       argmax=449
[dump]   top0 idx=449 val=0.06721
[dump]   top1 idx=2647 val=0.06413
[dump]   top2 idx=2488 val=0.05420
[dump]   top3 idx=4125 val=0.05396
[dump]   top4 idx=1155 val=0.04890
[dump] L18.mid    n=160     finite=1 absmax=0 mean=0 sumsq=0 ids: 449 475 399 87 275 35 411 24 211 264 111 29 264 185 201 459 135 87 325 119 131 157 459 106 111 506 29 366 201 437 29 264 7 201 185 299 101 135 405 211 440 131 29 459 201 190 398 111 151 157 87 264 88 277 411 399 297 275 29 496 131 102 29 111 24 366 7 157 101 459 469 131 88 264 101 185 87 325 29 119 29 5 157 469 119 7 459 353 102 448 29 448 353 102 264 7 24 201 5 157 111 29 299 185 201 459 106 74 238 157 131 24 448 111 101 29 264 347 366 106 111 29 448 24 366 102 201 101 157 459 24 29 131 448 101 201 347 353 211 273 201 448 101 150 24 29 185 123 131 310 207 448 201 29 474 116 266 270 459 247
[dump] L18.rlogit n=8192    finite=1 absmax=9.632        mean=-6.2924      sumsq=332016.619         argmax=2647
[dump]   top0 idx=2647 val=-2.06468
[dump]   top1 idx=449 val=-2.29847
[dump]   top2 idx=4125 val=-2.34918
[dump]   top3 idx=2488 val=-2.44539
[dump]   top4 idx=1155 val=-2.50669
[dump] L18.mwt    n=160     finite=1 absmax=0.33209      mean=0.1          sumsq=2.086766915        argmax=0
[dump] L18.mgate  n=102400  finite=1 absmax=3.0464       mean=-0.20601     sumsq=20685.35982        argmax=63626
[dump]   top0 idx=63626 val=3.04639
[dump]   top1 idx=24670 val=2.02119
[dump]   top2 idx=31888 val=1.95750
[dump]   top3 idx=31558 val=1.90480
[dump]   top4 idx=71087 val=1.89523
[dump] L18.mup    n=102400  finite=1 absmax=2.541        mean=0.0020616    sumsq=14764.02159        argmax=85528
[dump]   top0 idx=85528 val=2.54102
[dump]   top1 idx=78488 val=2.26315
[dump]   top2 idx=97048 val=2.03464
[dump]   top3 idx=82377 val=2.01700
[dump]   top4 idx=72088 val=1.94822
[dump] L18.mgu    n=102400  finite=1 absmax=3.5465       mean=7.1609e-05   sumsq=621.1870423        argmax=85528
[dump]   top0 idx=85528 val=3.54654
[dump]   top1 idx=72088 val=2.27876
[dump]   top2 idx=1119 val=2.01030
[dump]   top3 idx=78488 val=1.83874
[dump]   top4 idx=96928 val=1.63124
[dump] L18.mdown  n=409600  finite=1 absmax=0.30845      mean=-1.8804e-05  sumsq=251.9206549        argmax=355788
[dump]   top0 idx=355788 val=0.20417
[dump]   top1 idx=335184 val=0.18290
[dump]   top2 idx=335268 val=0.18044
[dump]   top3 idx=335165 val=0.17248
[dump]   top4 idx=4423 val=0.16619
[dump] L18.msh    n=40960   finite=1 absmax=0.020934     mean=-0.00011234  sumsq=0.2485352227       argmax=40853
[dump]   top0 idx=40853 val=0.01823
[dump]   top1 idx=22933 val=0.01661
[dump]   top2 idx=10073 val=0.01514
[dump]   top3 idx=21839 val=0.01509
[dump]   top4 idx=34883 val=0.01503
[dump] L18.mout   n=40960   finite=1 absmax=0.059126     mean=-0.00015282  sumsq=4.756795935        argmax=27086
[dump]   top0 idx=27086 val=0.05913
[dump]   top1 idx=16846 val=0.04986
[dump]   top2 idx=35081 val=0.04937
[dump]   top3 idx=35544 val=0.04929
[dump]   top4 idx=20707 val=0.04882
[dump] L18.moe    n=40960   finite=1 absmax=0.059126     mean=-0.00015282  sumsq=4.756795935        argmax=27086
[dump]   top0 idx=27086 val=0.05913
[dump]   top1 idx=16846 val=0.04986
[dump]   top2 idx=35081 val=0.04937
[dump]   top3 idx=35544 val=0.04929
[dump]   top4 idx=20707 val=0.04882
[dump] L18.res    n=163840  finite=1 absmax=2.7059       mean=0.00092486   sumsq=362.3745636        argmax=1500
[dump]   top0 idx=1500 val=0.84436
[dump]   top1 idx=2121 val=0.49654
[dump]   top2 idx=1580 val=0.49555
[dump]   top3 idx=71573 val=0.46737
[dump]   top4 idx=788 val=0.45921
[dump] L19.hcmix  n=40960   finite=1 absmax=11.281       mean=0.0050975    sumsq=4857.042004        argmax=17813
[dump]   top0 idx=17813 val=2.64655
[dump]   top1 idx=30613 val=2.52193
[dump]   top2 idx=7573 val=2.40379
[dump]   top3 idx=15842 val=2.03136
[dump]   top4 idx=38882 val=2.01929
[dump] L19.cur    n=40960   finite=1 absmax=11.281       mean=0.0050975    sumsq=4857.042004        argmax=17813
[dump]   top0 idx=17813 val=2.64655
[dump]   top1 idx=30613 val=2.52193
[dump]   top2 idx=7573 val=2.40379
[dump]   top3 idx=15842 val=2.03136
[dump]   top4 idx=38882 val=2.01929
[dump] L19.qnorm  n=98304   finite=1 absmax=9.0155       mean=0.030379     sumsq=134286.6564        argmax=33333
[dump]   top0 idx=33333 val=9.01549
[dump]   top1 idx=82485 val=8.92627
[dump]   top2 idx=70197 val=8.92051
[dump]   top3 idx=88629 val=8.80476
[dump]   top4 idx=8757 val=8.78685
[dump] L19.knorm  n=8192    finite=1 absmax=5.9912       mean=0.005329     sumsq=16493.35183        argmax=2072
[dump]   top0 idx=2072 val=5.99124
[dump]   top1 idx=4632 val=5.92849
[dump]   top2 idx=4120 val=5.75070
[dump]   top3 idx=5144 val=5.40919
[dump]   top4 idx=3096 val=5.24300
[dump] L19.vraw   n=8192    finite=1 absmax=14.325       mean=-0.01445     sumsq=3240.082319        argmax=325
[dump]   top0 idx=325 val=14.32489
[dump]   top1 idx=249 val=9.81289
[dump]   top2 idx=3154 val=3.10311
[dump]   top3 idx=1200 val=2.64696
[dump]   top4 idx=1181 val=2.57304
[dump] L19.Q      n=98304   finite=1 absmax=9.0155       mean=0.016432     sumsq=134286.6562        argmax=33333
[dump]   top0 idx=33333 val=9.01549
[dump]   top1 idx=82485 val=8.92632
[dump]   top2 idx=70197 val=8.92048
[dump]   top3 idx=88629 val=8.80485
[dump]   top4 idx=8757 val=8.78684
[dump] L19.K      n=8192    finite=1 absmax=5.9913       mean=0.017062     sumsq=16493.35183        argmax=2072
[dump]   top0 idx=2072 val=5.99128
[dump]   top1 idx=4632 val=5.92859
[dump]   top2 idx=4120 val=5.75078
[dump]   top3 idx=5144 val=5.40929
[dump]   top4 idx=3096 val=5.24308
[dump] L19.faout  n=98304   finite=1 absmax=14.326       mean=-0.005867    sumsq=33686.97294        argmax=4165
[dump]   top0 idx=4165 val=14.32610
[dump]   top1 idx=3141 val=14.32610
[dump]   top2 idx=3909 val=14.32610
[dump]   top3 idx=4421 val=14.32610
[dump]   top4 idx=4677 val=14.32610
[dump] L19.gate   n=98304   finite=1 absmax=4.2967       mean=-1.2095      sumsq=182931.0438        argmax=23871
[dump]   top0 idx=23871 val=1.37754
[dump]   top1 idx=23936 val=1.29510
[dump]   top2 idx=30015 val=1.28674
[dump]   top3 idx=17727 val=1.26868
[dump]   top4 idx=29973 val=1.20096
[dump] L19.gated  n=98304   finite=1 absmax=4.6661       mean=-0.0031359   sumsq=2338.168128        argmax=5445
[dump]   top0 idx=5445 val=4.66614
[dump]   top1 idx=4165 val=4.32873
[dump]   top2 idx=3141 val=3.78685
[dump]   top3 idx=5957 val=3.58074
[dump]   top4 idx=3909 val=2.99320
[dump] L19.att    n=40960   finite=1 absmax=1.6864       mean=0.00025727   sumsq=350.6213537        argmax=892
[dump]   top0 idx=892 val=1.54347
[dump]   top1 idx=1736 val=1.17266
[dump]   top2 idx=2238 val=1.15154
[dump]   top3 idx=2307 val=1.01809
[dump]   top4 idx=1795 val=0.83302
[dump] L19.fmix   n=40960   finite=1 absmax=4.097        mean=0.0056681    sumsq=14657.09872        argmax=4046
[dump]   top0 idx=4046 val=4.09701
[dump]   top1 idx=12035 val=3.15364
[dump]   top2 idx=6606 val=2.89345
[dump]   top3 idx=3873 val=2.83366
[dump]   top4 idx=14245 val=2.79069
[dump] L19.mlogit n=8192    finite=1 absmax=9.8071       mean=-6.223       sumsq=325811.6049        argmax=6687
[dump]   top0 idx=6687 val=-2.45246
[dump]   top1 idx=6777 val=-2.52107
[dump]   top2 idx=2563 val=-2.71106
[dump]   top3 idx=7199 val=-2.71144
[dump]   top4 idx=3587 val=-2.77828
[dump] L19.mprob  n=8192    finite=1 absmax=0.051295     mean=0.0019531    sumsq=0.09475374859      argmax=6687
[dump]   top0 idx=6687 val=0.05130
[dump]   top1 idx=6777 val=0.04789
[dump]   top2 idx=7199 val=0.03837
[dump]   top3 idx=3587 val=0.03677
[dump]   top4 idx=2563 val=0.03174
[dump] L19.mid    n=160     finite=1 absmax=0 mean=0 sumsq=0 ids: 406 360 413 162 170 434 31 173 293 377 434 3 377 161 342 472 9 453 188 222 56 259 455 222 309 161 434 229 70 475 3 357 377 31 70 170 222 472 161 455 70 161 259 472 74 375 56 381 150 434 3 368 357 74 9 501 222 375 150 472 472 375 161 34 49 56 3 434 364 70 3 368 397 86 472 31 222 455 103 9 397 291 161 222 472 193 368 3 455 52 375 472 3 291 222 9 193 31 434 315 222 375 472 170 31 161 357 455 377 426 222 472 31 375 3 150 121 267 315 173 375 472 315 3 121 31 222 434 377 173 31 121 490 162 173 103 470 3 472 377 31 121 173 472 162 14 388 377 490 103 31 375 472 121 162 315 434 161 56 173
[dump] L19.rlogit n=8192    finite=1 absmax=9.8071       mean=-6.223       sumsq=325811.6049        argmax=6687
[dump]   top0 idx=6687 val=-2.45246
[dump]   top1 idx=6777 val=-2.52107
[dump]   top2 idx=2563 val=-2.71106
[dump]   top3 idx=7199 val=-2.71144
[dump]   top4 idx=3587 val=-2.77828
[dump] L19.mwt    n=160     finite=1 absmax=0.23293      mean=0.1          sumsq=1.802744625        argmax=140
[dump] L19.mgate  n=102400  finite=1 absmax=3.1828       mean=-0.2615      sumsq=24672.6073         argmax=71201
[dump]   top0 idx=71201 val=3.18285
[dump]   top1 idx=88481 val=3.06857
[dump]   top2 idx=91681 val=2.58110
[dump]   top3 idx=77601 val=2.30354
[dump]   top4 idx=97441 val=2.18109
[dump] L19.mup    n=102400  finite=1 absmax=4.2945       mean=-0.0065556   sumsq=17176.81451        argmax=97377
[dump]   top0 idx=97377 val=2.46439
[dump]   top1 idx=58337 val=2.36984
[dump]   top2 idx=71137 val=2.17796
[dump]   top3 idx=88417 val=2.14122
[dump]   top4 idx=71833 val=2.13745
[dump] L19.mgu    n=102400  finite=1 absmax=13.125       mean=-3.1098e-05  sumsq=1143.344193        argmax=58733
[dump]   top0 idx=58733 val=2.88980
[dump]   top1 idx=75648 val=1.72843
[dump]   top2 idx=97377 val=1.64671
[dump]   top3 idx=42256 val=1.52041
[dump]   top4 idx=58896 val=1.43891
[dump] L19.mdown  n=409600  finite=1 absmax=0.5972       mean=0.00025399   sumsq=481.0182249        argmax=285672
[dump]   top0 idx=285672 val=0.59720
[dump]   top1 idx=285940 val=0.56613
[dump]   top2 idx=284284 val=0.55580
[dump]   top3 idx=286042 val=0.55364
[dump]   top4 idx=284811 val=0.51478
[dump] L19.msh    n=40960   finite=1 absmax=0.022867     mean=8.0599e-05   sumsq=0.2249083422       argmax=38505
[dump]   top0 idx=38505 val=0.02287
[dump]   top1 idx=35945 val=0.01567
[dump]   top2 idx=23994 val=0.01561
[dump]   top3 idx=27993 val=0.01460
[dump]   top4 idx=35876 val=0.01440
[dump] L19.mout   n=40960   finite=1 absmax=0.094034     mean=0.00034801   sumsq=6.938151777        argmax=29940
[dump]   top0 idx=29940 val=0.09403
[dump]   top1 idx=29672 val=0.08637
[dump]   top2 idx=29931 val=0.08115
[dump]   top3 idx=28571 val=0.07977
[dump]   top4 idx=28284 val=0.07676
[dump] L19.moe    n=40960   finite=1 absmax=0.094034     mean=0.00034801   sumsq=6.938151777        argmax=29940
[dump]   top0 idx=29940 val=0.09403
[dump]   top1 idx=29672 val=0.08637
[dump]   top2 idx=29931 val=0.08115
[dump]   top3 idx=28571 val=0.07977
[dump]   top4 idx=28284 val=0.07676
[dump] L19.res    n=163840  finite=1 absmax=2.7306       mean=0.0011867    sumsq=372.9102796        argmax=1500
[dump]   top0 idx=1500 val=0.84578
[dump]   top1 idx=2121 val=0.52254
[dump]   top2 idx=1580 val=0.48188
[dump]   top3 idx=138 val=0.47540
[dump]   top4 idx=71573 val=0.46460
[dump] L20.hcmix  n=40960   finite=1 absmax=20.906       mean=0.0053296    sumsq=12637.67836        argmax=1500
[dump]   top0 idx=1500 val=7.04410
[dump]   top1 idx=1736 val=4.44175
[dump]   top2 idx=47 val=3.67272
[dump]   top3 idx=29111 val=3.31761
[dump]   top4 idx=788 val=3.22598
[dump] L20.conv   n=163840  finite=1 absmax=2.506        mean=-0.0010164   sumsq=565.6553833        argmax=114037
[dump]   top0 idx=114037 val=2.50596
[dump]   top1 idx=134517 val=2.43026
[dump]   top2 idx=103797 val=2.07083
[dump]   top3 idx=73077 val=1.93976
[dump]   top4 idx=124277 val=1.79403
[dump] L20.gnorm  n=98304   finite=1 absmax=10.315       mean=-0.010637    sumsq=830.2896348        argmax=3916
[dump]   top0 idx=3916 val=10.31454
[dump]   top1 idx=5932 val=1.18816
[dump]   top2 idx=1866 val=0.94438
[dump]   top3 idx=5980 val=0.84603
[dump]   top4 idx=81719 val=0.67174
[dump] L20.lin    n=40960   finite=1 absmax=5.8005       mean=0.00015568   sumsq=439.4584795        argmax=2238
[dump]   top0 idx=2238 val=3.24867
[dump]   top1 idx=403 val=3.02087
[dump]   top2 idx=1500 val=2.59600
[dump]   top3 idx=1827 val=1.78281
[dump]   top4 idx=1132 val=1.47643
[dump] L20.att    n=40960   finite=1 absmax=5.8005       mean=0.00015568   sumsq=439.4584795        argmax=2238
[dump]   top0 idx=2238 val=3.24867
[dump]   top1 idx=403 val=3.02087
[dump]   top2 idx=1500 val=2.59600
[dump]   top3 idx=1827 val=1.78281
[dump]   top4 idx=1132 val=1.47643
[dump] L20.fmix   n=40960   finite=1 absmax=6.3039       mean=0.01717      sumsq=19872.52379        argmax=4046
[dump]   top0 idx=4046 val=6.30394
[dump]   top1 idx=6606 val=4.56497
[dump]   top2 idx=32206 val=3.97484
[dump]   top3 idx=16846 val=3.96081
[dump]   top4 idx=14245 val=3.55854
[dump] L20.mlogit n=8192    finite=1 absmax=12.665       mean=-6.2155      sumsq=324036.2154        argmax=6531
[dump]   top0 idx=6531 val=-2.21754
[dump]   top1 idx=8067 val=-2.28181
[dump]   top2 idx=6019 val=-2.37383
[dump]   top3 idx=4995 val=-2.63648
[dump]   top4 idx=7043 val=-2.65135
[dump] L20.mprob  n=8192    finite=1 absmax=0.06218      mean=0.0019531    sumsq=0.08436926604      argmax=6531
[dump]   top0 idx=6531 val=0.06218
[dump]   top1 idx=8067 val=0.05706
[dump]   top2 idx=6019 val=0.05651
[dump]   top3 idx=4995 val=0.04384
[dump]   top4 idx=7043 val=0.04276
[dump] L20.mid    n=160     finite=1 absmax=0 mean=0 sumsq=0 ids: 429 363 39 407 439 179 485 307 169 55 387 363 109 76 388 485 439 429 78 105 122 494 218 26 158 216 154 326 488 39 363 40 485 110 242 109 146 134 387 313 146 358 187 134 39 109 40 242 320 96 54 491 4 363 485 306 481 55 313 219 146 243 485 387 218 39 229 134 242 369 491 481 244 387 485 59 341 306 54 39 59 491 481 63 137 387 49 341 127 110 387 258 485 59 330 25 168 233 63 491 387 339 363 26 109 495 218 148 485 255 387 168 258 25 485 39 154 248 371 442 387 25 258 168 330 485 358 442 265 248 387 168 442 179 485 185 25 258 410 307 387 442 179 168 278 18 485 265 258 370 387 179 442 262 25 168 125 258 185 119
[dump] L20.rlogit n=8192    finite=1 absmax=12.665       mean=-6.2155      sumsq=324036.2154        argmax=6531
[dump]   top0 idx=6531 val=-2.21754
[dump]   top1 idx=8067 val=-2.28181
[dump]   top2 idx=6019 val=-2.37383
[dump]   top3 idx=4995 val=-2.63648
[dump]   top4 idx=7043 val=-2.65135
[dump] L20.mwt    n=160     finite=1 absmax=0.38676      mean=0.1          sumsq=2.071648584        argmax=120
[dump] L20.mgate  n=102400  finite=1 absmax=2.9565       mean=-0.24147     sumsq=29895.81899        argmax=12882
[dump]   top0 idx=12882 val=2.85343
[dump]   top1 idx=65264 val=2.72075
[dump]   top2 idx=96390 val=2.35697
[dump]   top3 idx=44592 val=2.34763
[dump]   top4 idx=68310 val=2.14671
[dump] L20.mup    n=102400  finite=1 absmax=2.826        mean=0.0031434    sumsq=22521.14832        argmax=97562
[dump]   top0 idx=97562 val=2.82598
[dump]   top1 idx=65277 val=2.79508
[dump]   top2 idx=21921 val=2.60237
[dump]   top3 idx=85581 val=2.32854
[dump]   top4 idx=74892 val=2.31529
[dump] L20.mgu    n=102400  finite=1 absmax=3.2349       mean=0.00036163   sumsq=1187.488364        argmax=96556
[dump]   top0 idx=96556 val=1.88925
[dump]   top1 idx=68975 val=1.86842
[dump]   top2 idx=88734 val=1.77817
[dump]   top3 idx=43831 val=1.69206
[dump]   top4 idx=65277 val=1.55638
[dump] L20.mdown  n=409600  finite=1 absmax=0.24027      mean=-2.7508e-06  sumsq=486.2284714        argmax=337460
[dump]   top0 idx=337460 val=0.22507
[dump]   top1 idx=285033 val=0.20912
[dump]   top2 idx=285304 val=0.20454
[dump]   top3 idx=337481 val=0.20398
[dump]   top4 idx=286570 val=0.20241
[dump] L20.msh    n=40960   finite=1 absmax=0.042604     mean=6.9404e-05   sumsq=0.6039528004       argmax=35753
[dump]   top0 idx=35753 val=0.03581
[dump]   top1 idx=24922 val=0.02718
[dump]   top2 idx=27482 val=0.02295
[dump]   top3 idx=26670 val=0.02277
[dump]   top4 idx=22133 val=0.02164
[dump] L20.mout   n=40960   finite=1 absmax=0.089988     mean=2.4846e-05   sumsq=8.41398617         argmax=35401
[dump]   top0 idx=35401 val=0.07384
[dump]   top1 idx=29228 val=0.06876
[dump]   top2 idx=28588 val=0.06620
[dump]   top3 idx=25244 val=0.06389
[dump]   top4 idx=32702 val=0.06366
[dump] L20.moe    n=40960   finite=1 absmax=0.089988     mean=2.4846e-05   sumsq=8.41398617         argmax=35401
[dump]   top0 idx=35401 val=0.07384
[dump]   top1 idx=29228 val=0.06876
[dump]   top2 idx=28588 val=0.06620
[dump]   top3 idx=25244 val=0.06389
[dump]   top4 idx=32702 val=0.06366
[dump] L20.res    n=163840  finite=1 absmax=2.6639       mean=0.0011941    sumsq=385.1929589        argmax=1500
[dump]   top0 idx=1500 val=1.21718
[dump]   top1 idx=138 val=0.61291
[dump]   top2 idx=1827 val=0.58204
[dump]   top3 idx=1580 val=0.58052
[dump]   top4 idx=1787 val=0.52443
[dump] L21.hcmix  n=40960   finite=1 absmax=14.385       mean=0.032937     sumsq=13818.30381        argmax=1500
[dump]   top0 idx=1500 val=7.32984
[dump]   top1 idx=1736 val=4.72674
[dump]   top2 idx=1827 val=4.45612
[dump]   top3 idx=21685 val=4.12987
[dump]   top4 idx=1912 val=4.09174
[dump] L21.conv   n=163840  finite=1 absmax=2.5168       mean=-0.00048151  sumsq=821.7881129        argmax=12997
[dump]   top0 idx=12997 val=2.51685
[dump]   top1 idx=15063 val=2.02334
[dump]   top2 idx=14990 val=1.86701
[dump]   top3 idx=133135 val=1.85423
[dump]   top4 idx=134709 val=1.79590
[dump] L21.gnorm  n=98304   finite=1 absmax=2.1026       mean=-0.00046557  sumsq=51.33723561        argmax=3391
[dump]   top0 idx=3391 val=2.10261
[dump]   top1 idx=15823 val=0.60833
[dump]   top2 idx=29343 val=0.33703
[dump]   top3 idx=18988 val=0.31061
[dump]   top4 idx=15744 val=0.30722
[dump] L21.lin    n=40960   finite=1 absmax=0.85682      mean=0.00038417   sumsq=33.72195272        argmax=2238
[dump]   top0 idx=2238 val=0.53937
[dump]   top1 idx=30912 val=0.34232
[dump]   top2 idx=33472 val=0.31293
[dump]   top3 idx=2537 val=0.30325
[dump]   top4 idx=38592 val=0.29195
[dump] L21.att    n=40960   finite=1 absmax=0.85682      mean=0.00038417   sumsq=33.72195272        argmax=2238
[dump]   top0 idx=2238 val=0.53937
[dump]   top1 idx=30912 val=0.34232
[dump]   top2 idx=33472 val=0.31293
[dump]   top3 idx=2537 val=0.30325
[dump]   top4 idx=38592 val=0.29195
[dump] L21.fmix   n=40960   finite=1 absmax=4.7019       mean=0.032802     sumsq=17849.22111        argmax=4046
[dump]   top0 idx=4046 val=4.70194
[dump]   top1 idx=10871 val=4.11146
[dump]   top2 idx=10936 val=3.90671
[dump]   top3 idx=3873 val=3.71618
[dump]   top4 idx=6606 val=3.63307
[dump] L21.mlogit n=8192    finite=1 absmax=10.903       mean=-6.1861      sumsq=321658.6671        argmax=2585
[dump]   top0 idx=2585 val=-2.10778
[dump]   top1 idx=7514 val=-2.24584
[dump]   top2 idx=7002 val=-2.27827
[dump]   top3 idx=3609 val=-2.42990
[dump]   top4 idx=1152 val=-2.56926
[dump] L21.mprob  n=8192    finite=1 absmax=0.065844     mean=0.0019531    sumsq=0.09922740945      argmax=2585
[dump]   top0 idx=2585 val=0.06584
[dump]   top1 idx=7514 val=0.06118
[dump]   top2 idx=3609 val=0.05455
[dump]   top3 idx=7002 val=0.05191
[dump]   top4 idx=1152 val=0.04321
[dump] L21.mid    n=160     finite=1 absmax=0 mean=0 sumsq=0 ids: 72 255 379 25 267 297 190 128 507 420 255 379 128 25 306 369 118 426 19 150 128 451 372 25 64 312 306 507 153 200 255 306 379 265 511 25 278 150 128 19 128 48 278 51 25 60 346 484 19 359 25 302 379 131 255 297 134 406 472 323 128 19 25 484 29 302 278 200 313 385 25 297 480 51 302 446 360 19 427 64 118 352 166 306 25 19 85 484 57 302 352 57 118 369 25 19 313 306 346 166 25 379 255 317 128 19 118 346 191 278 369 25 346 19 57 128 313 118 131 507 369 57 19 118 128 346 484 153 25 255 346 313 469 369 420 255 57 498 418 131 346 313 321 420 369 57 418 255 118 471 369 313 346 57 420 321 471 118 469 128
[dump] L21.rlogit n=8192    finite=1 absmax=10.903       mean=-6.1861      sumsq=321658.6671        argmax=2585
[dump]   top0 idx=2585 val=-2.10778
[dump]   top1 idx=7514 val=-2.24584
[dump]   top2 idx=7002 val=-2.27827
[dump]   top3 idx=3609 val=-2.42990
[dump]   top4 idx=1152 val=-2.56926
[dump] L21.mwt    n=160     finite=1 absmax=0.32932      mean=0.1          sumsq=2.038705582        argmax=140
[dump] L21.mgate  n=102400  finite=1 absmax=3.4254       mean=-0.27912     sumsq=31003.53011        argmax=74886
[dump]   top0 idx=74886 val=3.42536
[dump]   top1 idx=78726 val=2.88253
[dump]   top2 idx=73332 val=2.55419
[dump]   top3 idx=51971 val=2.18583
[dump]   top4 idx=26224 val=2.10089
[dump] L21.mup    n=102400  finite=1 absmax=2.9099       mean=-0.0049198   sumsq=20832.79122        argmax=74886
[dump]   top0 idx=74886 val=2.90988
[dump]   top1 idx=78726 val=2.48028
[dump]   top2 idx=58886 val=2.40211
[dump]   top3 idx=95499 val=2.19927
[dump]   top4 idx=100486 val=2.17962
[dump] L21.mgu    n=102400  finite=1 absmax=9.6533       mean=0.00020989   sumsq=1186.398596        argmax=74886
[dump]   top0 idx=74886 val=9.65330
[dump]   top1 idx=78726 val=6.77038
[dump]   top2 idx=94726 val=3.29390
[dump]   top3 idx=100486 val=2.93494
[dump]   top4 idx=58886 val=2.66284
[dump] L21.mdown  n=409600  finite=1 absmax=0.53523      mean=0.00012267   sumsq=499.8679351        argmax=300875
[dump]   top0 idx=300875 val=0.53523
[dump]   top1 idx=301183 val=0.52296
[dump]   top2 idx=301208 val=0.47649
[dump]   top3 idx=299932 val=0.47506
[dump]   top4 idx=299802 val=0.46664
[dump] L21.msh    n=40960   finite=1 absmax=0.016329     mean=1.0772e-05   sumsq=0.3394125661       argmax=31442
[dump]   top0 idx=31442 val=0.01614
[dump]   top1 idx=30756 val=0.01524
[dump]   top2 idx=13751 val=0.01481
[dump]   top3 idx=27993 val=0.01423
[dump]   top4 idx=6159 val=0.01385
[dump] L21.mout   n=40960   finite=1 absmax=0.069395     mean=0.00017092   sumsq=7.26250702         argmax=30592
[dump]   top0 idx=30592 val=0.06827
[dump]   top1 idx=24921 val=0.06629
[dump]   top2 idx=28558 val=0.06375
[dump]   top3 idx=29554 val=0.05838
[dump]   top4 idx=40723 val=0.05792
[dump] L21.moe    n=40960   finite=1 absmax=0.069395     mean=0.00017092   sumsq=7.26250702         argmax=30592
[dump]   top0 idx=30592 val=0.06827
[dump]   top1 idx=24921 val=0.06629
[dump]   top2 idx=28558 val=0.06375
[dump]   top3 idx=29554 val=0.05838
[dump]   top4 idx=40723 val=0.05792
[dump] L21.res    n=163840  finite=1 absmax=2.6851       mean=0.0013532    sumsq=405.7144023        argmax=1500
[dump]   top0 idx=1500 val=1.21772
[dump]   top1 idx=138 val=0.61456
[dump]   top2 idx=1827 val=0.58022
[dump]   top3 idx=1580 val=0.57664
[dump]   top4 idx=1787 val=0.52525
[dump] L22.hcmix  n=40960   finite=1 absmax=22.89        mean=0.017841     sumsq=12463.56195        argmax=1500
[dump]   top0 idx=1500 val=9.62871
[dump]   top1 idx=5 val=4.85532
[dump]   top2 idx=25605 val=4.78188
[dump]   top3 idx=17925 val=4.77682
[dump]   top4 idx=10245 val=4.59781
[dump] L22.conv   n=163840  finite=1 absmax=9.2312       mean=-0.0011286   sumsq=1018.561588        argmax=17264
[dump]   top0 idx=17264 val=9.23116
[dump]   top1 idx=15196 val=7.09309
[dump]   top2 idx=27481 val=6.40734
[dump]   top3 idx=19327 val=4.90534
[dump]   top4 idx=37721 val=4.45958
[dump] L22.gnorm  n=98304   finite=1 absmax=1.5651       mean=-0.00039555  sumsq=212.4298842        argmax=3378
[dump]   top0 idx=3378 val=1.56515
[dump]   top1 idx=5707 val=1.55543
[dump]   top2 idx=3721 val=0.66016
[dump]   top3 idx=72059 val=0.59042
[dump]   top4 idx=11298 val=0.54699
[dump] L22.lin    n=40960   finite=1 absmax=1.9383       mean=0.00066585   sumsq=134.9026695        argmax=793
[dump]   top0 idx=793 val=1.93829
[dump]   top1 idx=1500 val=1.34002
[dump]   top2 idx=25868 val=1.03571
[dump]   top3 idx=23308 val=0.92615
[dump]   top4 idx=28428 val=0.89514
[dump] L22.att    n=40960   finite=1 absmax=1.9383       mean=0.00066585   sumsq=134.9026695        argmax=793
[dump]   top0 idx=793 val=1.93829
[dump]   top1 idx=1500 val=1.34002
[dump]   top2 idx=25868 val=1.03571
[dump]   top3 idx=23308 val=0.92615
[dump]   top4 idx=28428 val=0.89514
[dump] L22.fmix   n=40960   finite=1 absmax=4.7686       mean=0.031175     sumsq=16256.32348        argmax=36536
[dump]   top0 idx=36536 val=4.40988
[dump]   top1 idx=10936 val=4.39510
[dump]   top2 idx=12655 val=4.05163
[dump]   top3 idx=17813 val=3.33403
[dump]   top4 idx=10871 val=3.32804
[dump] L22.mlogit n=8192    finite=1 absmax=10.097       mean=-6.3182      sumsq=335343.0711        argmax=1212
[dump]   top0 idx=1212 val=-2.20813
[dump]   top1 idx=1484 val=-2.38767
[dump]   top2 idx=4600 val=-2.59883
[dump]   top3 idx=2000 val=-2.62224
[dump]   top4 idx=2795 val=-2.62850
[dump] L22.mprob  n=8192    finite=1 absmax=0.067477     mean=0.0019531    sumsq=0.09672717534      argmax=1212
[dump]   top0 idx=1212 val=0.06748
[dump]   top1 idx=1484 val=0.05639
[dump]   top2 idx=2000 val=0.05265
[dump]   top3 idx=4600 val=0.04898
[dump]   top4 idx=3825 val=0.03667
[dump] L22.mid    n=160     finite=1 absmax=0 mean=0 sumsq=0 ids: 317 309 283 32 456 206 205 57 446 287 305 402 188 376 164 279 425 51 488 50 188 460 488 13 187 318 265 396 232 50 464 51 352 384 488 145 425 396 460 279 460 13 244 306 183 396 384 482 193 32 235 341 309 347 206 205 104 462 425 393 454 460 488 50 7 396 27 487 117 486 241 291 106 425 124 83 360 365 375 388 504 50 425 400 365 83 265 388 488 96 504 460 50 279 454 301 400 438 487 488 153 87 117 55 71 173 329 89 452 51 460 117 244 483 331 438 50 116 164 239 483 188 117 51 164 113 438 116 13 454 173 287 483 412 355 457 143 262 301 170 168 370 459 429 323 254 173 320 262 137 286 260 354 483 25 173 209 44 14 94
[dump] L22.rlogit n=8192    finite=1 absmax=10.097       mean=-6.3182      sumsq=335343.0711        argmax=1212
[dump]   top0 idx=1212 val=-2.20813
[dump]   top1 idx=1484 val=-2.38767
[dump]   top2 idx=4600 val=-2.59883
[dump]   top3 idx=2000 val=-2.62224
[dump]   top4 idx=2795 val=-2.62850
[dump] L22.mwt    n=160     finite=1 absmax=0.28895      mean=0.1          sumsq=1.929752437        argmax=30
[dump] L22.mgate  n=102400  finite=1 absmax=3.5041       mean=-0.19759     sumsq=26181.35153        argmax=66667
[dump]   top0 idx=66667 val=2.87117
[dump]   top1 idx=15699 val=2.66689
[dump]   top2 idx=91036 val=2.65501
[dump]   top3 idx=31825 val=2.49623
[dump]   top4 idx=90425 val=2.33339
[dump] L22.mup    n=102400  finite=1 absmax=3.1637       mean=-5.816e-05   sumsq=18880.92217        argmax=68461
[dump]   top0 idx=68461 val=3.16368
[dump]   top1 idx=66459 val=2.67580
[dump]   top2 idx=26290 val=2.64888
[dump]   top3 idx=81416 val=2.36030
[dump]   top4 idx=41031 val=2.24594
[dump] L22.mgu    n=102400  finite=1 absmax=2.9755       mean=-3.0311e-05  sumsq=948.5534031        argmax=64890
[dump]   top0 idx=64890 val=2.22996
[dump]   top1 idx=34304 val=2.05770
[dump]   top2 idx=90234 val=1.97583
[dump]   top3 idx=31825 val=1.72568
[dump]   top4 idx=66012 val=1.40401
[dump] L22.mdown  n=409600  finite=1 absmax=0.45184      mean=1.646e-05    sumsq=378.8216814        argmax=260897
[dump]   top0 idx=260897 val=0.38425
[dump]   top1 idx=259359 val=0.26997
[dump]   top2 idx=259863 val=0.26944
[dump]   top3 idx=62926 val=0.26649
[dump]   top4 idx=259401 val=0.22843
[dump] L22.msh    n=40960   finite=1 absmax=0.036774     mean=-4.7406e-06  sumsq=0.4262516448       argmax=13751
[dump]   top0 idx=13751 val=0.03352
[dump]   top1 idx=3280 val=0.02834
[dump]   top2 idx=40342 val=0.02730
[dump]   top3 idx=27542 val=0.02493
[dump]   top4 idx=8631 val=0.02131
[dump] L22.mout   n=40960   finite=1 absmax=0.11344      mean=1.3847e-05   sumsq=6.183028684        argmax=26320
[dump]   top0 idx=26320 val=0.11344
[dump]   top1 idx=27937 val=0.08870
[dump]   top2 idx=26399 val=0.07786
[dump]   top3 idx=12748 val=0.05897
[dump]   top4 idx=13751 val=0.05892
[dump] L22.moe    n=40960   finite=1 absmax=0.11344      mean=1.3847e-05   sumsq=6.183028684        argmax=26320
[dump]   top0 idx=26320 val=0.11344
[dump]   top1 idx=27937 val=0.08870
[dump]   top2 idx=26399 val=0.07786
[dump]   top3 idx=12748 val=0.05897
[dump]   top4 idx=13751 val=0.05892
[dump] L22.res    n=163840  finite=1 absmax=2.6847       mean=0.0014192    sumsq=442.5064709        argmax=1500
[dump]   top0 idx=1500 val=1.21942
[dump]   top1 idx=138 val=0.61412
[dump]   top2 idx=1827 val=0.58023
[dump]   top3 idx=1580 val=0.57681
[dump]   top4 idx=1787 val=0.52614
[dump] L23.hcmix  n=40960   finite=1 absmax=7.838        mean=0.011663     sumsq=4353.469729        argmax=1500
[dump]   top0 idx=1500 val=7.83795
[dump]   top1 idx=793 val=6.69424
[dump]   top2 idx=17925 val=3.28597
[dump]   top3 idx=5125 val=3.21785
[dump]   top4 idx=10245 val=3.20642
[dump] L23.cur    n=40960   finite=1 absmax=7.838        mean=0.011663     sumsq=4353.469729        argmax=1500
[dump]   top0 idx=1500 val=7.83795
[dump]   top1 idx=793 val=6.69424
[dump]   top2 idx=17925 val=3.28597
[dump]   top3 idx=5125 val=3.21785
[dump]   top4 idx=10245 val=3.20642
[dump] L23.qnorm  n=98304   finite=1 absmax=9.0374       mean=0.0014197    sumsq=131919.4859        argmax=5685
[dump]   top0 idx=5685 val=9.03745
[dump]   top1 idx=66613 val=7.65712
[dump]   top2 idx=58369 val=7.25992
[dump]   top3 idx=95233 val=6.73947
[dump]   top4 idx=82945 val=6.66497
[dump] L23.knorm  n=8192    finite=1 absmax=7.9191       mean=0.057321     sumsq=18138.87973        argmax=536
[dump]   top0 idx=536 val=6.05845
[dump]   top1 idx=5177 val=5.94282
[dump]   top2 idx=3097 val=5.55134
[dump]   top3 idx=3096 val=5.52548
[dump]   top4 idx=225 val=5.51507
[dump] L23.vraw   n=8192    finite=1 absmax=6.8337       mean=0.0089788    sumsq=3488.130868        argmax=3554
[dump]   top0 idx=3554 val=3.14817
[dump]   top1 idx=4066 val=3.08169
[dump]   top2 idx=3371 val=3.07288
[dump]   top3 idx=7138 val=2.98837
[dump]   top4 idx=6626 val=2.96518
[dump] L23.Q      n=98304   finite=1 absmax=9.0374       mean=0.0024153    sumsq=131919.4857        argmax=5685
[dump]   top0 idx=5685 val=9.03745
[dump]   top1 idx=66613 val=7.65674
[dump]   top2 idx=89121 val=7.20092
[dump]   top3 idx=70657 val=7.00001
[dump]   top4 idx=82977 val=6.67013
[dump] L23.K      n=8192    finite=1 absmax=7.9191       mean=0.052116     sumsq=18138.87974        argmax=536
[dump]   top0 idx=536 val=6.05844
[dump]   top1 idx=5177 val=5.94296
[dump]   top2 idx=3097 val=5.55128
[dump]   top3 idx=3096 val=5.52539
[dump]   top4 idx=225 val=5.51507
[dump] L23.faout  n=98304   finite=1 absmax=6.8311       mean=-0.0029288   sumsq=39590.18866        argmax=83426
[dump]   top0 idx=83426 val=2.92730
[dump]   top1 idx=46562 val=2.91366
[dump]   top2 idx=40418 val=2.90107
[dump]   top3 idx=77282 val=2.86754
[dump]   top4 idx=52706 val=2.79972
[dump] L23.gate   n=98304   finite=1 absmax=5.1562       mean=-1.2005      sumsq=183005.8859        argmax=31292
[dump]   top0 idx=31292 val=1.40907
[dump]   top1 idx=68134 val=1.34720
[dump]   top2 idx=31444 val=1.31718
[dump]   top3 idx=25162 val=1.30931
[dump]   top4 idx=37436 val=1.30920
[dump] L23.gated  n=98304   finite=1 absmax=1.6637       mean=-0.00069495  sumsq=3330.975312        argmax=25224
[dump]   top0 idx=25224 val=0.86315
[dump]   top1 idx=539 val=0.84757
[dump]   top2 idx=14186 val=0.83783
[dump]   top3 idx=74376 val=0.82132
[dump]   top4 idx=31368 val=0.82022
[dump] L23.att    n=40960   finite=1 absmax=0.70695      mean=0.0032501    sumsq=300.9486779        argmax=16417
[dump]   top0 idx=16417 val=0.55934
[dump]   top1 idx=21537 val=0.55460
[dump]   top2 idx=12104 val=0.55435
[dump]   top3 idx=28719 val=0.55331
[dump]   top4 idx=28932 val=0.54132
[dump] L23.fmix   n=40960   finite=1 absmax=5.7426       mean=0.020919     sumsq=24606.71813        argmax=8681
[dump]   top0 idx=8681 val=5.74256
[dump]   top1 idx=25380 val=3.84823
[dump]   top2 idx=21886 val=3.71365
[dump]   top3 idx=1500 val=3.63917
[dump]   top4 idx=21943 val=3.60392
[dump] L23.mlogit n=8192    finite=1 absmax=9.8538       mean=-6.1655      sumsq=317351.2862        argmax=868
[dump]   top0 idx=868 val=-2.00118
[dump]   top1 idx=356 val=-2.29346
[dump]   top2 idx=5988 val=-2.53119
[dump]   top3 idx=2916 val=-2.58461
[dump]   top4 idx=4964 val=-2.60862
[dump] L23.mprob  n=8192    finite=1 absmax=0.091895     mean=0.0019531    sumsq=0.09000956932      argmax=868
[dump]   top0 idx=868 val=0.09190
[dump]   top1 idx=356 val=0.06803
[dump]   top2 idx=4964 val=0.05134
[dump]   top3 idx=5988 val=0.04958
[dump]   top4 idx=2916 val=0.04926
[dump] L23.mid    n=160     finite=1 absmax=0 mean=0 sumsq=0 ids: 356 285 389 299 430 244 334 494 42 457 356 42 285 506 199 299 99 354 45 496 356 506 45 355 99 459 48 385 161 371 356 307 99 264 42 355 349 161 376 306 356 99 367 342 109 500 53 61 128 506 356 372 480 336 82 314 367 36 45 201 104 99 228 297 356 53 219 354 109 50 356 480 375 314 367 45 372 21 320 161 356 128 21 320 480 375 171 355 243 469 356 406 128 219 480 273 164 477 375 355 356 128 477 442 161 297 21 506 320 199 356 318 128 215 110 353 297 334 477 480 356 128 32 353 53 110 186 89 477 342 356 127 128 233 110 480 477 56 334 492 356 128 233 110 425 127 60 451 354 334 356 233 109 128 340 166 12 180 41 110
[dump] L23.rlogit n=8192    finite=1 absmax=9.8538       mean=-6.1655      sumsq=317351.2862        argmax=868
[dump]   top0 idx=868 val=-2.00118
[dump]   top1 idx=356 val=-2.29346
[dump]   top2 idx=5988 val=-2.53119
[dump]   top3 idx=2916 val=-2.58461
[dump]   top4 idx=4964 val=-2.60862
[dump] L23.mwt    n=160     finite=1 absmax=0.58025      mean=0.1          sumsq=2.741655745        argmax=10
[dump] L23.mgate  n=102400  finite=1 absmax=3.1317       mean=-0.29358     sumsq=37175.42421        argmax=28648
[dump]   top0 idx=28648 val=2.21089
[dump]   top1 idx=66247 val=2.12457
[dump]   top2 idx=13079 val=2.01912
[dump]   top3 idx=24463 val=2.01747
[dump]   top4 idx=19724 val=1.97115
[dump] L23.mup    n=102400  finite=1 absmax=4.0997       mean=0.00048627   sumsq=26693.32536        argmax=67329
[dump]   top0 idx=67329 val=4.09966
[dump]   top1 idx=13115 val=2.34944
[dump]   top2 idx=13285 val=2.25016
[dump]   top3 idx=50033 val=2.22539
[dump]   top4 idx=13133 val=2.21566
[dump] L23.mgu    n=102400  finite=1 absmax=3.5227       mean=2.9615e-05   sumsq=1489.877077        argmax=67329
[dump]   top0 idx=67329 val=3.52271
[dump]   top1 idx=79554 val=2.66925
[dump]   top2 idx=28648 val=2.26457
[dump]   top3 idx=66367 val=2.07415
[dump]   top4 idx=97911 val=1.94109
[dump] L23.mdown  n=409600  finite=1 absmax=0.37317      mean=5.8191e-05   sumsq=590.1416668        argmax=271130
[dump]   top0 idx=271130 val=0.30049
[dump]   top1 idx=269653 val=0.26538
[dump]   top2 idx=269338 val=0.24920
[dump]   top3 idx=390339 val=0.24058
[dump]   top4 idx=114506 val=0.23940
[dump] L23.msh    n=40960   finite=1 absmax=0.052185     mean=-8.8034e-05  sumsq=1.184937662        argmax=37474
[dump]   top0 idx=37474 val=0.03669
[dump]   top1 idx=32679 val=0.03593
[dump]   top2 idx=32965 val=0.03454
[dump]   top3 idx=32817 val=0.03318
[dump]   top4 idx=16080 val=0.03228
[dump] L23.mout   n=40960   finite=1 absmax=0.089951     mean=-2.5676e-05  sumsq=12.94432747        argmax=3023
[dump]   top0 idx=3023 val=0.08393
[dump]   top1 idx=5037 val=0.08133
[dump]   top2 idx=2949 val=0.08042
[dump]   top3 idx=2609 val=0.08019
[dump]   top4 idx=2922 val=0.07806
[dump] L23.moe    n=40960   finite=1 absmax=0.089951     mean=-2.5676e-05  sumsq=12.94432747        argmax=3023
[dump]   top0 idx=3023 val=0.08393
[dump]   top1 idx=5037 val=0.08133
[dump]   top2 idx=2949 val=0.08042
[dump]   top3 idx=2609 val=0.08019
[dump]   top4 idx=2922 val=0.07806
[dump] L23.res    n=163840  finite=1 absmax=2.6884       mean=0.0015932    sumsq=451.7547663        argmax=1500
[dump]   top0 idx=1500 val=1.21862
[dump]   top1 idx=138 val=0.60608
[dump]   top2 idx=1827 val=0.57331
[dump]   top3 idx=1580 val=0.57257
[dump]   top4 idx=1787 val=0.52946
[dump] L24.hcmix  n=40960   finite=1 absmax=7.2233       mean=0.031436     sumsq=12681.2305         argmax=17813
[dump]   top0 idx=17813 val=5.12870
[dump]   top1 idx=7573 val=4.68022
[dump]   top2 idx=5751 val=4.05649
[dump]   top3 idx=1500 val=3.91304
[dump]   top4 idx=21685 val=3.55520
[dump] L24.conv   n=163840  finite=1 absmax=3.7807       mean=0.0018629    sumsq=507.4800672        argmax=73829
[dump]   top0 idx=73829 val=3.78071
[dump]   top1 idx=32869 val=1.83791
[dump]   top2 idx=14136 val=1.80977
[dump]   top3 idx=16653 val=1.74333
[dump]   top4 idx=132993 val=1.53122
[dump] L24.gnorm  n=98304   finite=1 absmax=0.33633      mean=0.00020968   sumsq=36.46195241        argmax=29680
[dump]   top0 idx=29680 val=0.33633
[dump]   top1 idx=10000 val=0.31032
[dump]   top2 idx=91956 val=0.25843
[dump]   top3 idx=38107 val=0.24915
[dump]   top4 idx=23470 val=0.23482
[dump] L24.lin    n=40960   finite=1 absmax=0.20543      mean=-4.115e-05   sumsq=26.79305505        argmax=11445
[dump]   top0 idx=11445 val=0.20543
[dump]   top1 idx=21685 val=0.20054
[dump]   top2 idx=29365 val=0.15803
[dump]   top3 idx=39693 val=0.15690
[dump]   top4 idx=22911 val=0.15180
[dump] L24.att    n=40960   finite=1 absmax=0.20543      mean=-4.115e-05   sumsq=26.79305505        argmax=11445
[dump]   top0 idx=11445 val=0.20543
[dump]   top1 idx=21685 val=0.20054
[dump]   top2 idx=29365 val=0.15803
[dump]   top3 idx=39693 val=0.15690
[dump]   top4 idx=22911 val=0.15180
[dump] L24.fmix   n=40960   finite=1 absmax=5.6036       mean=0.025195     sumsq=12831.092          argmax=1500
[dump]   top0 idx=1500 val=5.60360
[dump]   top1 idx=4046 val=3.06202
[dump]   top2 idx=7573 val=2.66492
[dump]   top3 idx=17813 val=2.60790
[dump]   top4 idx=3873 val=2.53837
[dump] L24.mlogit n=8192    finite=1 absmax=10.071       mean=-6.1851      sumsq=320859.0768        argmax=2311
[dump]   top0 idx=2311 val=-1.50162
[dump]   top1 idx=6407 val=-1.72338
[dump]   top2 idx=4871 val=-1.81568
[dump]   top3 idx=1158 val=-1.92060
[dump]   top4 idx=5301 val=-1.97436
[dump] L24.mprob  n=8192    finite=1 absmax=0.12172      mean=0.0019531    sumsq=0.1675345781       argmax=2311
[dump]   top0 idx=2311 val=0.12172
[dump]   top1 idx=6407 val=0.10291
[dump]   top2 idx=4871 val=0.09005
[dump]   top3 idx=5301 val=0.07886
[dump]   top4 idx=5383 val=0.07647
[dump] L24.mid    n=160     finite=1 absmax=0 mean=0 sumsq=0 ids: 308 387 456 219 175 439 46 263 181 370 263 175 387 219 354 446 462 183 231 46 134 99 36 320 263 446 498 308 387 212 263 99 360 342 308 387 433 46 354 175 263 360 308 342 157 128 82 99 433 134 206 360 175 395 394 263 308 387 46 458 134 263 99 387 223 277 446 308 360 354 134 387 223 446 90 360 313 263 204 323 360 354 263 387 252 99 295 27 46 446 263 360 354 387 462 66 183 208 223 446 181 263 360 46 308 387 446 175 134 99 263 134 181 183 387 360 462 354 28 231 263 462 360 183 134 354 181 387 231 223 263 181 134 462 183 219 439 354 218 28 181 360 263 134 462 231 387 81 175 183 263 462 181 360 317 183 134 218 393 387
[dump] L24.rlogit n=8192    finite=1 absmax=10.071       mean=-6.1851      sumsq=320859.0768        argmax=2311
[dump]   top0 idx=2311 val=-1.50162
[dump]   top1 idx=6407 val=-1.72338
[dump]   top2 idx=4871 val=-1.81568
[dump]   top3 idx=1158 val=-1.92060
[dump]   top4 idx=5301 val=-1.97436
[dump] L24.mwt    n=160     finite=1 absmax=0.46751      mean=0.1          sumsq=2.452015427        argmax=40
[dump] L24.mgate  n=102400  finite=1 absmax=2.6648       mean=-0.28419     sumsq=24700.57274        argmax=353
[dump]   top0 idx=353 val=2.66477
[dump]   top1 idx=69486 val=2.29680
[dump]   top2 idx=429 val=2.18758
[dump]   top3 idx=24243 val=2.03677
[dump]   top4 idx=322 val=1.91192
[dump] L24.mup    n=102400  finite=1 absmax=2.2521       mean=0.0030892    sumsq=15993.85064        argmax=353
[dump]   top0 idx=353 val=2.25214
[dump]   top1 idx=94588 val=1.94909
[dump]   top2 idx=58071 val=1.92658
[dump]   top3 idx=7810 val=1.92455
[dump]   top4 idx=52569 val=1.88474
[dump] L24.mgu    n=102400  finite=1 absmax=5.6108       mean=5.0345e-05   sumsq=693.820036         argmax=353
[dump]   top0 idx=353 val=5.61083
[dump]   top1 idx=81670 val=2.19875
[dump]   top2 idx=73350 val=1.78768
[dump]   top3 idx=52569 val=1.69949
[dump]   top4 idx=84356 val=1.44474
[dump] L24.mdown  n=409600  finite=1 absmax=2.1596       mean=9.3627e-05   sumsq=284.1534269        argmax=422
[dump]   top0 idx=422 val=1.13762
[dump]   top1 idx=634 val=0.30373
[dump]   top2 idx=2238 val=0.29071
[dump]   top3 idx=1116 val=0.27228
[dump]   top4 idx=915 val=0.27156
[dump] L24.msh    n=40960   finite=1 absmax=0.026163     mean=9.4963e-05   sumsq=0.3911037338       argmax=18025
[dump]   top0 idx=18025 val=0.02616
[dump]   top1 idx=20585 val=0.02438
[dump]   top2 idx=15465 val=0.02174
[dump]   top3 idx=34231 val=0.01821
[dump]   top4 idx=21004 val=0.01680
[dump] L24.mout   n=40960   finite=1 absmax=0.56808      mean=0.00014961   sumsq=7.0668391          argmax=422
[dump]   top0 idx=422 val=0.28463
[dump]   top1 idx=403 val=0.08908
[dump]   top2 idx=2238 val=0.08710
[dump]   top3 idx=634 val=0.07222
[dump]   top4 idx=430 val=0.07215
[dump] L24.moe    n=40960   finite=1 absmax=0.56808      mean=0.00014961   sumsq=7.0668391          argmax=422
[dump]   top0 idx=422 val=0.28463
[dump]   top1 idx=403 val=0.08908
[dump]   top2 idx=2238 val=0.08710
[dump]   top3 idx=634 val=0.07222
[dump]   top4 idx=430 val=0.07215
[dump] L24.res    n=163840  finite=1 absmax=3.4713       mean=0.001747     sumsq=512.5007204        argmax=1500
[dump]   top0 idx=1500 val=1.18367
[dump]   top1 idx=1787 val=0.57784
[dump]   top2 idx=71573 val=0.55843
[dump]   top3 idx=30613 val=0.55547
[dump]   top4 idx=788 val=0.52621
[dump] L25.hcmix  n=40960   finite=1 absmax=12.994       mean=0.021011     sumsq=13276.88343        argmax=1500
[dump]   top0 idx=1500 val=7.93189
[dump]   top1 idx=7573 val=4.97596
[dump]   top2 idx=17813 val=4.31884
[dump]   top3 idx=12693 val=3.75065
[dump]   top4 idx=11445 val=3.73245
[dump] L25.conv   n=163840  finite=1 absmax=1.7164       mean=0.00084269   sumsq=425.5911767        argmax=12383
[dump]   top0 idx=12383 val=1.71638
[dump]   top1 idx=133951 val=1.39081
[dump]   top2 idx=20301 val=1.31782
[dump]   top3 idx=87448 val=1.22724
[dump]   top4 idx=107928 val=1.22553
[dump] L25.gnorm  n=98304   finite=1 absmax=0.81498      mean=-0.0015855   sumsq=185.5448267        argmax=23395
[dump]   top0 idx=23395 val=0.81498
[dump]   top1 idx=63107 val=0.62296
[dump]   top2 idx=6889 val=0.56604
[dump]   top3 idx=50819 val=0.51201
[dump]   top4 idx=675 val=0.49599
[dump] L25.lin    n=40960   finite=1 absmax=0.42253      mean=0.00093825   sumsq=96.26286707        argmax=8673
[dump]   top0 idx=8673 val=0.42253
[dump]   top1 idx=29111 val=0.40705
[dump]   top2 idx=31671 val=0.39551
[dump]   top3 idx=21473 val=0.35275
[dump]   top4 idx=23991 val=0.34744
[dump] L25.att    n=40960   finite=1 absmax=0.42253      mean=0.00093825   sumsq=96.26286707        argmax=8673
[dump]   top0 idx=8673 val=0.42253
[dump]   top1 idx=29111 val=0.40705
[dump]   top2 idx=31671 val=0.39551
[dump]   top3 idx=21473 val=0.35275
[dump]   top4 idx=23991 val=0.34744
[dump] L25.fmix   n=40960   finite=1 absmax=3.4865       mean=0.030064     sumsq=13364.76762        argmax=4046
[dump]   top0 idx=4046 val=3.48654
[dump]   top1 idx=1500 val=3.07333
[dump]   top2 idx=6606 val=2.54203
[dump]   top3 idx=37981 val=2.52095
[dump]   top4 idx=7573 val=2.50788
[dump] L25.mlogit n=8192    finite=1 absmax=11.913       mean=-6.1349      sumsq=315158.7393        argmax=6920
[dump]   top0 idx=6920 val=-2.43387
[dump]   top1 idx=5896 val=-2.51922
[dump]   top2 idx=5497 val=-2.61212
[dump]   top3 idx=2419 val=-2.63409
[dump]   top4 idx=1341 val=-2.65943
[dump] L25.mprob  n=8192    finite=1 absmax=0.055512     mean=0.0019531    sumsq=0.0845745962       argmax=6920
[dump]   top0 idx=6920 val=0.05551
[dump]   top1 idx=2419 val=0.04283
[dump]   top2 idx=5497 val=0.04217
[dump]   top3 idx=5896 val=0.04101
[dump]   top4 idx=1341 val=0.03539
[dump] L25.mid    n=160     finite=1 absmax=0 mean=0 sumsq=0 ids: 192 218 430 150 209 322 229 376 87 370 192 376 369 425 321 466 292 154 430 264 317 382 113 205 20 209 40 425 374 266 444 425 374 321 209 218 376 104 430 371 371 276 115 425 321 417 218 110 374 487 427 376 73 425 371 377 141 361 218 478 374 430 153 218 369 425 264 427 371 330 430 459 170 427 369 153 218 211 321 370 430 427 153 29 488 264 374 321 426 103 264 374 430 370 376 292 218 153 321 59 377 427 321 264 445 376 96 218 430 374 264 374 430 153 142 96 68 376 495 478 264 374 59 478 292 156 275 68 142 321 264 142 96 87 376 430 478 240 153 59 264 430 427 376 68 374 240 142 153 478 264 59 427 275 156 142 370 374 376 495
[dump] L25.rlogit n=8192    finite=1 absmax=11.913       mean=-6.1349      sumsq=315158.7393        argmax=6920
[dump]   top0 idx=6920 val=-2.43387
[dump]   top1 idx=5896 val=-2.51922
[dump]   top2 idx=5497 val=-2.61212
[dump]   top3 idx=2419 val=-2.63409
[dump]   top4 idx=1341 val=-2.65943
[dump] L25.mwt    n=160     finite=1 absmax=0.33251      mean=0.1          sumsq=1.895403586        argmax=130
[dump] L25.mgate  n=102400  finite=1 absmax=3.4307       mean=-0.24281     sumsq=21608.75858        argmax=67882
[dump]   top0 idx=67882 val=2.05635
[dump]   top1 idx=84740 val=2.04256
[dump]   top2 idx=53601 val=1.74369
[dump]   top3 idx=47092 val=1.72804
[dump]   top4 idx=73745 val=1.69677
[dump] L25.mup    n=102400  finite=1 absmax=2.0555       mean=0.0059424    sumsq=15786.14287        argmax=77355
[dump]   top0 idx=77355 val=2.05549
[dump]   top1 idx=64893 val=1.99760
[dump]   top2 idx=70302 val=1.94476
[dump]   top3 idx=46537 val=1.92249
[dump]   top4 idx=90155 val=1.88917
[dump] L25.mgu    n=102400  finite=1 absmax=2.8613       mean=0.00017281   sumsq=610.3794972        argmax=84740
[dump]   top0 idx=84740 val=2.30050
[dump]   top1 idx=58459 val=2.06247
[dump]   top2 idx=20452 val=1.66144
[dump]   top3 idx=20146 val=1.49387
[dump]   top4 idx=53127 val=1.45130
[dump] L25.mdown  n=409600  finite=1 absmax=0.23958      mean=-1.6293e-05  sumsq=248.1691243        argmax=271378
[dump]   top0 idx=271378 val=0.23958
[dump]   top1 idx=271535 val=0.23087
[dump]   top2 idx=338209 val=0.20243
[dump]   top3 idx=80362 val=0.19326
[dump]   top4 idx=272605 val=0.18457
[dump] L25.msh    n=40960   finite=1 absmax=0.024225     mean=6.0095e-05   sumsq=0.3555864592       argmax=23762
[dump]   top0 idx=23762 val=0.02134
[dump]   top1 idx=26322 val=0.02019
[dump]   top2 idx=10962 val=0.01845
[dump]   top3 idx=36562 val=0.01818
[dump]   top4 idx=8402 val=0.01810
[dump] L25.mout   n=40960   finite=1 absmax=0.047753     mean=2.5522e-05   sumsq=3.68574838         argmax=22299
[dump]   top0 idx=22299 val=0.04775
[dump]   top1 idx=8682 val=0.04718
[dump]   top2 idx=24921 val=0.04499
[dump]   top3 idx=34384 val=0.04475
[dump]   top4 idx=38302 val=0.04065
[dump] L25.moe    n=40960   finite=1 absmax=0.047753     mean=2.5522e-05   sumsq=3.68574838         argmax=22299
[dump]   top0 idx=22299 val=0.04775
[dump]   top1 idx=8682 val=0.04718
[dump]   top2 idx=24921 val=0.04499
[dump]   top3 idx=34384 val=0.04475
[dump]   top4 idx=38302 val=0.04065
[dump] L25.res    n=163840  finite=1 absmax=3.5087       mean=0.0019063    sumsq=505.7241654        argmax=1500
[dump]   top0 idx=1500 val=1.16247
[dump]   top1 idx=1787 val=0.56516
[dump]   top2 idx=71573 val=0.55609
[dump]   top3 idx=30613 val=0.54673
[dump]   top4 idx=788 val=0.53034
[dump] L26.hcmix  n=40960   finite=1 absmax=14.478       mean=0.022917     sumsq=14384.11038        argmax=1500
[dump]   top0 idx=1500 val=9.85679
[dump]   top1 idx=793 val=4.93475
[dump]   top2 idx=17813 val=4.74916
[dump]   top3 idx=7573 val=4.30641
[dump]   top4 idx=10157 val=3.72800
[dump] L26.conv   n=163840  finite=1 absmax=1.8937       mean=-0.00045053  sumsq=544.4945647        argmax=96639
[dump]   top0 idx=96639 val=1.89372
[dump]   top1 idx=35199 val=1.87178
[dump]   top2 idx=86399 val=1.78698
[dump]   top3 idx=55679 val=1.78473
[dump]   top4 idx=106879 val=1.78277
[dump] L26.gnorm  n=98304   finite=1 absmax=2.912        mean=-0.0021528   sumsq=364.6559385        argmax=69689
[dump]   top0 idx=69689 val=0.88970
[dump]   top1 idx=67196 val=0.86657
[dump]   top2 idx=54804 val=0.75899
[dump]   top3 idx=5585 val=0.64984
[dump]   top4 idx=73207 val=0.63964
[dump] L26.lin    n=40960   finite=1 absmax=1.1496       mean=-0.0022742   sumsq=180.8745856        argmax=39128
[dump]   top0 idx=39128 val=0.44175
[dump]   top1 idx=39534 val=0.38212
[dump]   top2 idx=784 val=0.35924
[dump]   top3 idx=6071 val=0.34728
[dump]   top4 idx=5848 val=0.34118
[dump] L26.att    n=40960   finite=1 absmax=1.1496       mean=-0.0022742   sumsq=180.8745856        argmax=39128
[dump]   top0 idx=39128 val=0.44175
[dump]   top1 idx=39534 val=0.38212
[dump]   top2 idx=784 val=0.35924
[dump]   top3 idx=6071 val=0.34728
[dump]   top4 idx=5848 val=0.34118
[dump] L26.fmix   n=40960   finite=1 absmax=2.9978       mean=0.018185     sumsq=11614.62616        argmax=7573
[dump]   top0 idx=7573 val=2.99783
[dump]   top1 idx=17813 val=2.71042
[dump]   top2 idx=788 val=2.60649
[dump]   top3 idx=12655 val=2.47840
[dump]   top4 idx=784 val=2.27654
[dump] L26.mlogit n=8192    finite=1 absmax=10.969       mean=-6.3768      sumsq=343390.5187        argmax=776
[dump]   top0 idx=776 val=-0.34330
[dump]   top1 idx=973 val=-1.00069
[dump]   top2 idx=1800 val=-1.46421
[dump]   top3 idx=1997 val=-1.60843
[dump]   top4 idx=461 val=-1.74647
[dump] L26.mprob  n=8192    finite=1 absmax=0.2432       mean=0.0019531    sumsq=0.2502229727       argmax=776
[dump]   top0 idx=776 val=0.24320
[dump]   top1 idx=973 val=0.12603
[dump]   top2 idx=461 val=0.10801
[dump]   top3 idx=1800 val=0.10206
[dump]   top4 idx=1997 val=0.08835
[dump] L26.mid    n=160     finite=1 absmax=0 mean=0 sumsq=0 ids: 461 264 107 325 508 341 164 417 379 495 264 461 417 278 341 164 58 508 355 325 461 278 264 230 17 243 7 319 123 121 264 461 278 417 379 58 508 70 230 341 187 230 461 373 97 320 17 433 417 264 461 379 508 97 177 355 373 243 278 417 417 461 464 199 355 97 230 278 40 319 97 461 455 373 464 199 319 278 417 164 461 97 164 373 423 464 417 18 304 243 423 461 97 417 18 243 322 384 355 320 461 278 18 97 417 508 373 322 355 7 355 461 417 97 18 464 278 320 322 243 461 278 355 18 243 322 417 387 40 203 355 461 320 384 495 243 203 97 341 18 355 461 97 417 384 267 320 322 500 18 18 97 355 373 267 322 461 387 416 384
[dump] L26.rlogit n=8192    finite=1 absmax=10.969       mean=-6.3768      sumsq=343390.5187        argmax=776
[dump]   top0 idx=776 val=-0.34330
[dump]   top1 idx=973 val=-1.00069
[dump]   top2 idx=1800 val=-1.46421
[dump]   top3 idx=1997 val=-1.60843
[dump]   top4 idx=461 val=-1.74647
[dump] L26.mwt    n=160     finite=1 absmax=0.46678      mean=0.1          sumsq=2.312775933        argmax=10
[dump] L26.mgate  n=102400  finite=1 absmax=2.6767       mean=-0.2476      sumsq=21585.68646        argmax=1646
[dump]   top0 idx=1646 val=2.23509
[dump]   top1 idx=99191 val=2.17083
[dump]   top2 idx=30291 val=1.86274
[dump]   top3 idx=98751 val=1.82892
[dump]   top4 idx=29224 val=1.69568
[dump] L26.mup    n=102400  finite=1 absmax=2.2391       mean=0.0022732    sumsq=15117.8425         argmax=406
[dump]   top0 idx=406 val=2.23912
[dump]   top1 idx=1646 val=2.20493
[dump]   top2 idx=43571 val=2.01449
[dump]   top3 idx=72921 val=1.87261
[dump]   top4 idx=91481 val=1.86913
[dump] L26.mgu    n=102400  finite=1 absmax=4.4519       mean=-0.00011844  sumsq=610.2069762        argmax=1646
[dump]   top0 idx=1646 val=4.45194
[dump]   top1 idx=99191 val=3.03917
[dump]   top2 idx=72921 val=1.79159
[dump]   top3 idx=97241 val=1.63547
[dump]   top4 idx=60073 val=1.40262
[dump] L26.mdown  n=409600  finite=1 absmax=2.1209       mean=-2.2292e-05  sumsq=250.7264308        argmax=106446
[dump]   top0 idx=106446 val=0.21303
[dump]   top1 idx=121806 val=0.19555
[dump]   top2 idx=5265 val=0.18929
[dump]   top3 idx=7444 val=0.18072
[dump]   top4 idx=261751 val=0.17669
[dump] L26.msh    n=40960   finite=1 absmax=0.029344     mean=-7.729e-05   sumsq=0.2323275599       argmax=40853
[dump]   top0 idx=40853 val=0.01904
[dump]   top1 idx=31387 val=0.01736
[dump]   top2 idx=28827 val=0.01630
[dump]   top3 idx=31299 val=0.01596
[dump]   top4 idx=32547 val=0.01425
[dump] L26.mout   n=40960   finite=1 absmax=0.60901      mean=-5.1901e-05  sumsq=4.678926886        argmax=11726
[dump]   top0 idx=11726 val=0.05360
[dump]   top1 idx=422 val=0.04975
[dump]   top2 idx=8028 val=0.04886
[dump]   top3 idx=2324 val=0.04678
[dump]   top4 idx=579 val=0.04661
[dump] L26.moe    n=40960   finite=1 absmax=0.60901      mean=-5.1901e-05  sumsq=4.678926886        argmax=11726
[dump]   top0 idx=11726 val=0.05360
[dump]   top1 idx=422 val=0.04975
[dump]   top2 idx=8028 val=0.04886
[dump]   top3 idx=2324 val=0.04678
[dump]   top4 idx=579 val=0.04661
[dump] L26.res    n=163840  finite=1 absmax=4.6204       mean=0.0016092    sumsq=536.6755995        argmax=1500
[dump]   top0 idx=1500 val=1.20676
[dump]   top1 idx=788 val=0.63382
[dump]   top2 idx=1787 val=0.60259
[dump]   top3 idx=784 val=0.55968
[dump]   top4 idx=71573 val=0.55945
[dump] L27.hcmix  n=40960   finite=1 absmax=30.717       mean=0.010744     sumsq=6174.486694        argmax=2565
[dump]   top0 idx=2565 val=2.76497
[dump]   top1 idx=5125 val=2.72813
[dump]   top2 idx=10245 val=2.68857
[dump]   top3 idx=17925 val=2.51624
[dump]   top4 idx=1500 val=2.50880
[dump] L27.cur    n=40960   finite=1 absmax=30.717       mean=0.010744     sumsq=6174.486694        argmax=2565
[dump]   top0 idx=2565 val=2.76497
[dump]   top1 idx=5125 val=2.72813
[dump]   top2 idx=10245 val=2.68857
[dump]   top3 idx=17925 val=2.51624
[dump]   top4 idx=1500 val=2.50880
[dump] L27.qnorm  n=98304   finite=1 absmax=11.253       mean=-0.056663    sumsq=141902.4712        argmax=4655
[dump]   top0 idx=4655 val=7.04064
[dump]   top1 idx=65283 val=6.29592
[dump]   top2 idx=52995 val=6.19791
[dump]   top3 idx=59139 val=6.17223
[dump]   top4 idx=567 val=6.07964
[dump] L27.knorm  n=8192    finite=1 absmax=8.3342       mean=0.0036138    sumsq=18922.03622        argmax=2618
[dump]   top0 idx=2618 val=7.47249
[dump]   top1 idx=3130 val=6.59239
[dump]   top2 idx=3642 val=6.42713
[dump]   top3 idx=5690 val=6.40514
[dump]   top4 idx=1594 val=6.24334
[dump] L27.vraw   n=8192    finite=1 absmax=33.181       mean=-0.015004    sumsq=4933.996133        argmax=1170
[dump]   top0 idx=1170 val=2.73505
[dump]   top1 idx=146 val=2.71328
[dump]   top2 idx=3218 val=2.71160
[dump]   top3 idx=2706 val=2.58433
[dump]   top4 idx=658 val=2.50298
[dump] L27.Q      n=98304   finite=1 absmax=10.411       mean=-0.040678    sumsq=141902.4707        argmax=36128
[dump]   top0 idx=36128 val=10.41079
[dump]   top1 idx=22016 val=10.23803
[dump]   top2 idx=72992 val=9.97866
[dump]   top3 idx=34336 val=9.67224
[dump]   top4 idx=18944 val=9.66446
[dump] L27.K      n=8192    finite=1 absmax=8.3342       mean=0.0095912    sumsq=18922.03622        argmax=2618
[dump]   top0 idx=2618 val=7.47247
[dump]   top1 idx=3130 val=6.59236
[dump]   top2 idx=3642 val=6.42709
[dump]   top3 idx=5690 val=6.40507
[dump]   top4 idx=1594 val=6.24333
[dump] L27.faout  n=98304   finite=1 absmax=33.183       mean=-0.044627    sumsq=84010.39324        argmax=14482
[dump]   top0 idx=14482 val=2.73225
[dump]   top1 idx=146 val=2.71251
[dump]   top2 idx=402 val=2.71251
[dump]   top3 idx=658 val=2.71251
[dump]   top4 idx=914 val=2.71251
[dump] L27.gate   n=98304   finite=1 absmax=4.6628       mean=-1.175       sumsq=170333.6543        argmax=5528
[dump]   top0 idx=5528 val=2.53527
[dump]   top1 idx=4167 val=1.85491
[dump]   top2 idx=1258 val=1.65320
[dump]   top3 idx=1054 val=1.64063
[dump]   top4 idx=5647 val=1.62770
[dump] L27.gated  n=98304   finite=1 absmax=7.0616       mean=-0.0060304   sumsq=3047.626049        argmax=146
[dump]   top0 idx=146 val=1.85690
[dump]   top1 idx=2962 val=1.48523
[dump]   top2 idx=1938 val=1.45167
[dump]   top3 idx=764 val=1.38764
[dump]   top4 idx=1170 val=1.34905
[dump] L27.att    n=40960   finite=1 absmax=3.4233       mean=-0.00074299  sumsq=404.4311401        argmax=2311
[dump]   top0 idx=2311 val=3.42328
[dump]   top1 idx=47 val=1.31476
[dump]   top2 idx=1378 val=1.16218
[dump]   top3 idx=86 val=1.12059
[dump]   top4 idx=1795 val=1.08372
[dump] L27.fmix   n=40960   finite=1 absmax=3.4207       mean=0.017421     sumsq=12380.66768        argmax=4046
[dump]   top0 idx=4046 val=3.42069
[dump]   top1 idx=17813 val=3.13436
[dump]   top2 idx=7573 val=2.85827
[dump]   top3 idx=16176 val=2.77789
[dump]   top4 idx=30613 val=2.62212
[dump] L27.mlogit n=8192    finite=1 absmax=10.184       mean=-6.1861      sumsq=322584.9834        argmax=3395
[dump]   top0 idx=3395 val=-1.83391
[dump]   top1 idx=7164 val=-1.86839
[dump]   top2 idx=3907 val=-2.11806
[dump]   top3 idx=6467 val=-2.21149
[dump]   top4 idx=2680 val=-2.26331
[dump] L27.mprob  n=8192    finite=1 absmax=0.075209     mean=0.0019531    sumsq=0.1297044637       argmax=7164
[dump]   top0 idx=7164 val=0.07521
[dump]   top1 idx=3395 val=0.06944
[dump]   top2 idx=3907 val=0.05775
[dump]   top3 idx=5955 val=0.05749
[dump]   top4 idx=2371 val=0.05555
[dump] L27.mid    n=160     finite=1 absmax=0 mean=0 sumsq=0 ids: 430 424 400 98 361 108 130 397 104 323 350 98 323 108 84 424 120 273 104 240 323 350 211 360 23 108 430 482 166 219 482 323 108 98 418 461 430 30 360 350 323 461 508 108 418 350 174 430 360 23 120 323 108 350 418 98 360 201 511 430 323 98 360 418 108 350 286 508 104 261 323 418 98 350 508 120 430 490 360 124 418 350 98 323 430 360 384 492 120 108 323 418 98 350 108 430 166 151 360 261 317 323 418 108 508 430 98 360 192 350 323 98 508 418 104 261 457 430 120 84 323 418 508 350 98 84 108 500 261 120 508 430 323 418 98 166 261 219 108 137 430 323 508 418 166 98 249 371 261 151 323 418 430 166 249 45 437 360 240 48
[dump] L27.rlogit n=8192    finite=1 absmax=10.184       mean=-6.1861      sumsq=322584.9834        argmax=3395
[dump]   top0 idx=3395 val=-1.83391
[dump]   top1 idx=7164 val=-1.86839
[dump]   top2 idx=3907 val=-2.11806
[dump]   top3 idx=6467 val=-2.21149
[dump]   top4 idx=2680 val=-2.26331
[dump] L27.mwt    n=160     finite=1 absmax=0.30781      mean=0.1          sumsq=2.072563653        argmax=60
[dump] L27.mgate  n=102400  finite=1 absmax=2.2064       mean=-0.22699     sumsq=20754.35743        argmax=72214
[dump]   top0 idx=72214 val=2.20635
[dump]   top1 idx=72737 val=1.78785
[dump]   top2 idx=43414 val=1.74523
[dump]   top3 idx=78614 val=1.69643
[dump]   top4 idx=83734 val=1.63785
[dump] L27.mup    n=102400  finite=1 absmax=3.2218       mean=-0.0045996   sumsq=15697.02927        argmax=70454
[dump]   top0 idx=70454 val=2.55386
[dump]   top1 idx=96646 val=2.05847
[dump]   top2 idx=76314 val=2.02757
[dump]   top3 idx=69866 val=1.97112
[dump]   top4 idx=73743 val=1.90510
[dump] L27.mgu    n=102400  finite=1 absmax=2.7687       mean=-0.00044227  sumsq=633.6824311        argmax=70454
[dump]   top0 idx=70454 val=2.76873
[dump]   top1 idx=56662 val=1.51930
[dump]   top2 idx=44854 val=1.48670
[dump]   top3 idx=26604 val=1.39168
[dump]   top4 idx=43414 val=1.18860
[dump] L27.mdown  n=409600  finite=1 absmax=0.20827      mean=0.00015918   sumsq=258.466292         argmax=283400
[dump]   top0 idx=283400 val=0.19705
[dump]   top1 idx=283430 val=0.16725
[dump]   top2 idx=284086 val=0.16579
[dump]   top3 idx=183554 val=0.16570
[dump]   top4 idx=234871 val=0.16451
[dump] L27.msh    n=40960   finite=1 absmax=0.012695     mean=3.3063e-05   sumsq=0.1506507303       argmax=24676
[dump]   top0 idx=24676 val=0.01270
[dump]   top1 idx=22116 val=0.01069
[dump]   top2 idx=27236 val=0.01050
[dump]   top3 idx=16996 val=0.00933
[dump]   top4 idx=25450 val=0.00925
[dump] L27.mout   n=40960   finite=1 absmax=0.058203     mean=0.0002455    sumsq=4.490097324        argmax=30370
[dump]   top0 idx=30370 val=0.05820
[dump]   top1 idx=29990 val=0.05533
[dump]   top2 idx=29728 val=0.05128
[dump]   top3 idx=29282 val=0.05006
[dump]   top4 idx=29170 val=0.04719
[dump] L27.moe    n=40960   finite=1 absmax=0.058203     mean=0.0002455    sumsq=4.490097324        argmax=30370
[dump]   top0 idx=30370 val=0.05820
[dump]   top1 idx=29990 val=0.05533
[dump]   top2 idx=29728 val=0.05128
[dump]   top3 idx=29282 val=0.05006
[dump]   top4 idx=29170 val=0.04719
[dump] L27.res    n=163840  finite=1 absmax=4.239        mean=0.001797     sumsq=554.5043584        argmax=1500
[dump]   top0 idx=1500 val=1.24557
[dump]   top1 idx=2366 val=0.66251
[dump]   top2 idx=2121 val=0.64990
[dump]   top3 idx=788 val=0.64823
[dump]   top4 idx=784 val=0.62203
[dump] L28.hcmix  n=40960   finite=1 absmax=30.91        mean=0.018325     sumsq=14600.40926        argmax=1500
[dump]   top0 idx=1500 val=10.76393
[dump]   top1 idx=788 val=4.30744
[dump]   top2 idx=7573 val=3.81108
[dump]   top3 idx=47 val=3.78116
[dump]   top4 idx=21685 val=3.34246
[dump] L28.conv   n=163840  finite=1 absmax=20.005       mean=-0.0019091   sumsq=1004.795646        argmax=26631
[dump]   top0 idx=26631 val=20.00486
[dump]   top1 idx=26628 val=10.49872
[dump]   top2 idx=6233 val=7.62472
[dump]   top3 idx=12968 val=3.56368
[dump]   top4 idx=36871 val=1.76128
[dump] L28.gnorm  n=98304   finite=1 absmax=1.4847       mean=-0.0013988   sumsq=169.607819         argmax=1488
[dump]   top0 idx=1488 val=1.48475
[dump]   top1 idx=70274 val=0.80796
[dump]   top2 idx=57986 val=0.78893
[dump]   top3 idx=58004 val=0.72145
[dump]   top4 idx=51842 val=0.68316
[dump] L28.lin    n=40960   finite=1 absmax=0.60711      mean=-0.0019118   sumsq=101.9511784        argmax=2311
[dump]   top0 idx=2311 val=0.60711
[dump]   top1 idx=914 val=0.28093
[dump]   top2 idx=4544 val=0.24421
[dump]   top3 idx=36680 val=0.22020
[dump]   top4 idx=693 val=0.21998
[dump] L28.att    n=40960   finite=1 absmax=0.60711      mean=-0.0019118   sumsq=101.9511784        argmax=2311
[dump]   top0 idx=2311 val=0.60711
[dump]   top1 idx=914 val=0.28093
[dump]   top2 idx=4544 val=0.24421
[dump]   top3 idx=36680 val=0.22020
[dump]   top4 idx=693 val=0.21998
[dump] L28.fmix   n=40960   finite=1 absmax=3.7375       mean=0.017918     sumsq=13172.63044        argmax=36536
[dump]   top0 idx=36536 val=3.39840
[dump]   top1 idx=4046 val=3.37555
[dump]   top2 idx=17813 val=3.16193
[dump]   top3 idx=9908 val=2.94089
[dump]   top4 idx=7573 val=2.90560
[dump] L28.mlogit n=8192    finite=1 absmax=11.162       mean=-6.2957      sumsq=333696.3873        argmax=2612
[dump]   top0 idx=2612 val=-2.42478
[dump]   top1 idx=28 val=-2.53809
[dump]   top2 idx=5541 val=-2.61975
[dump]   top3 idx=1833 val=-2.68721
[dump]   top4 idx=1376 val=-2.71888
[dump] L28.mprob  n=8192    finite=1 absmax=0.061378     mean=0.0019531    sumsq=0.1026375816       argmax=28
[dump]   top0 idx=28 val=0.06138
[dump]   top1 idx=5541 val=0.04497
[dump]   top2 idx=2612 val=0.04486
[dump]   top3 idx=1376 val=0.04451
[dump]   top4 idx=1833 val=0.03913
[dump] L28.mid    n=160     finite=1 absmax=0 mean=0 sumsq=0 ids: 28 297 139 364 433 300 421 352 164 474 352 52 139 297 219 277 86 150 145 469 352 141 110 130 1 52 139 63 229 136 297 52 101 139 352 474 219 381 339 81 52 352 118 101 282 219 139 421 297 368 52 392 277 150 390 9 219 386 99 352 52 66 433 352 408 229 63 285 0 139 433 52 352 63 172 219 66 503 393 130 52 433 352 66 189 229 422 219 150 458 433 66 390 52 277 297 170 392 63 422 421 352 52 422 54 0 433 150 21 450 421 0 433 52 63 469 21 229 352 366 421 0 52 433 214 63 21 422 297 430 421 52 0 219 297 433 133 275 63 172 52 421 0 275 182 21 297 63 433 460 0 421 52 433 21 275 352 63 366 182
[dump] L28.rlogit n=8192    finite=1 absmax=11.162       mean=-6.2957      sumsq=333696.3873        argmax=2612
[dump]   top0 idx=2612 val=-2.42478
[dump]   top1 idx=28 val=-2.53809
[dump]   top2 idx=5541 val=-2.61975
[dump]   top3 idx=1833 val=-2.68721
[dump]   top4 idx=1376 val=-2.71888
[dump] L28.mwt    n=160     finite=1 absmax=0.42879      mean=0.1          sumsq=2.027455436        argmax=0
[dump] L28.mgate  n=102400  finite=1 absmax=2.9852       mean=-0.242       sumsq=24286.15285        argmax=73564
[dump]   top0 idx=73564 val=2.21660
[dump]   top1 idx=100992 val=2.09790
[dump]   top2 idx=59064 val=2.02588
[dump]   top3 idx=71673 val=1.91258
[dump]   top4 idx=81279 val=1.90335
[dump] L28.mup    n=102400  finite=1 absmax=2.2106       mean=-0.00066931  sumsq=16395.75088        argmax=10983
[dump]   top0 idx=10983 val=2.20395
[dump]   top1 idx=73146 val=2.14919
[dump]   top2 idx=58247 val=2.05354
[dump]   top3 idx=53127 val=2.00228
[dump]   top4 idx=42263 val=1.94692
[dump] L28.mgu    n=102400  finite=1 absmax=4.1307       mean=-0.00035765  sumsq=749.0803643        argmax=68029
[dump]   top0 idx=68029 val=2.23190
[dump]   top1 idx=37293 val=1.60864
[dump]   top2 idx=34581 val=1.43000
[dump]   top3 idx=74554 val=1.30363
[dump]   top4 idx=42426 val=1.24639
[dump] L28.mdown  n=409600  finite=1 absmax=0.26788      mean=-0.00010755  sumsq=314.6220029        argmax=404179
[dump]   top0 idx=404179 val=0.26788
[dump]   top1 idx=404181 val=0.26406
[dump]   top2 idx=294139 val=0.24935
[dump]   top3 idx=253179 val=0.22862
[dump]   top4 idx=2311 val=0.22561
[dump] L28.msh    n=40960   finite=1 absmax=0.036781     mean=2.9241e-05   sumsq=0.3105918074       argmax=20373
[dump]   top0 idx=20373 val=0.02595
[dump]   top1 idx=39067 val=0.02183
[dump]   top2 idx=22933 val=0.02033
[dump]   top3 idx=30102 val=0.01906
[dump]   top4 idx=35222 val=0.01831
[dump] L28.mout   n=40960   finite=1 absmax=0.13372      mean=-7.4119e-05  sumsq=4.443979847        argmax=2311
[dump]   top0 idx=2311 val=0.13372
[dump]   top1 idx=27542 val=0.05788
[dump]   top2 idx=30678 val=0.05107
[dump]   top3 idx=22878 val=0.05034
[dump]   top4 idx=39067 val=0.04792
[dump] L28.moe    n=40960   finite=1 absmax=0.13372      mean=-7.4119e-05  sumsq=4.443979847        argmax=2311
[dump]   top0 idx=2311 val=0.13372
[dump]   top1 idx=27542 val=0.05788
[dump]   top2 idx=30678 val=0.05107
[dump]   top3 idx=22878 val=0.05034
[dump]   top4 idx=39067 val=0.04792
[dump] L28.res    n=163840  finite=1 absmax=3.9652       mean=0.0014438    sumsq=595.5797307        argmax=1500
[dump]   top0 idx=1500 val=1.18088
[dump]   top1 idx=2366 val=0.69108
[dump]   top2 idx=2121 val=0.68574
[dump]   top3 idx=788 val=0.65040
[dump]   top4 idx=1787 val=0.63152
[dump] L29.hcmix  n=40960   finite=1 absmax=5.9249       mean=0.013329     sumsq=15083.82081        argmax=7573
[dump]   top0 idx=7573 val=4.97922
[dump]   top1 idx=17813 val=3.97080
[dump]   top2 idx=12693 val=3.88857
[dump]   top3 idx=788 val=3.49924
[dump]   top4 idx=10157 val=3.31264
[dump] L29.conv   n=163840  finite=1 absmax=1.2382       mean=0.0016594    sumsq=447.8959065        argmax=111134
[dump]   top0 idx=111134 val=1.23825
[dump]   top1 idx=113225 val=1.21872
[dump]   top2 idx=59934 val=1.19629
[dump]   top3 idx=39454 val=1.19198
[dump]   top4 idx=143729 val=1.17753
[dump] L29.gnorm  n=98304   finite=1 absmax=0.30137      mean=0.00011924   sumsq=46.54234542        argmax=23278
[dump]   top0 idx=23278 val=0.30137
[dump]   top1 idx=91273 val=0.30056
[dump]   top2 idx=68783 val=0.27896
[dump]   top3 idx=51857 val=0.25753
[dump]   top4 idx=72582 val=0.25291
[dump] L29.lin    n=40960   finite=1 absmax=0.20003      mean=0.00026484   sumsq=24.06428179        argmax=40195
[dump]   top0 idx=40195 val=0.20003
[dump]   top1 idx=39128 val=0.17221
[dump]   top2 idx=36568 val=0.17068
[dump]   top3 idx=21431 val=0.14724
[dump]   top4 idx=11191 val=0.13708
[dump] L29.att    n=40960   finite=1 absmax=0.20003      mean=0.00026484   sumsq=24.06428179        argmax=40195
[dump]   top0 idx=40195 val=0.20003
[dump]   top1 idx=39128 val=0.17221
[dump]   top2 idx=36568 val=0.17068
[dump]   top3 idx=21431 val=0.14724
[dump]   top4 idx=11191 val=0.13708
[dump] L29.fmix   n=40960   finite=1 absmax=4.1922       mean=0.012595     sumsq=14184.20457        argmax=4046
[dump]   top0 idx=4046 val=4.19222
[dump]   top1 idx=7573 val=4.01525
[dump]   top2 idx=788 val=3.75751
[dump]   top3 idx=17813 val=3.59669
[dump]   top4 idx=30613 val=3.26743
[dump] L29.mlogit n=8192    finite=1 absmax=10.902       mean=-6.3813      sumsq=344412.5787        argmax=293
[dump]   top0 idx=293 val=-0.69398
[dump]   top1 idx=1314 val=-1.85125
[dump]   top2 idx=899 val=-2.19729
[dump]   top3 idx=802 val=-2.27796
[dump]   top4 idx=2947 val=-2.33495
[dump] L29.mprob  n=8192    finite=1 absmax=0.31465      mean=0.0019531    sumsq=0.2327000003       argmax=293
[dump]   top0 idx=293 val=0.31465
[dump]   top1 idx=1314 val=0.08010
[dump]   top2 idx=899 val=0.05309
[dump]   top3 idx=7939 val=0.05139
[dump]   top4 idx=802 val=0.04898
[dump] L29.mid    n=160     finite=1 absmax=0 mean=0 sumsq=0 ids: 293 466 68 387 262 400 285 337 54 451 387 290 273 148 330 93 250 504 337 338 290 387 148 273 16 325 93 346 394 330 290 148 250 273 387 330 91 265 93 267 290 118 148 273 508 387 265 250 312 267 387 290 148 93 273 91 317 330 259 296 259 387 290 265 273 118 250 296 325 338 259 387 273 118 290 265 93 440 325 148 387 259 290 265 273 451 504 118 440 22 259 387 290 273 97 148 22 93 342 91 387 118 273 290 265 259 148 250 93 469 259 387 273 97 290 438 265 342 325 451 342 438 259 265 387 273 290 451 468 118 279 259 325 389 93 273 265 185 342 97 387 259 273 93 118 265 342 463 290 438 259 438 342 279 265 97 118 387 468 273
[dump] L29.rlogit n=8192    finite=1 absmax=10.902       mean=-6.3813      sumsq=344412.5787        argmax=293
[dump]   top0 idx=293 val=-0.69398
[dump]   top1 idx=1314 val=-1.85125
[dump]   top2 idx=899 val=-2.19729
[dump]   top3 idx=802 val=-2.27796
[dump]   top4 idx=2947 val=-2.33495
[dump] L29.mwt    n=160     finite=1 absmax=0.7753       mean=0.1          sumsq=2.475621483        argmax=0
[dump] L29.mgate  n=102400  finite=1 absmax=3.0847       mean=-0.21615     sumsq=23839.2968         argmax=96335
[dump]   top0 idx=96335 val=3.08474
[dump]   top1 idx=90575 val=2.81275
[dump]   top2 idx=74770 val=2.47109
[dump]   top3 idx=84175 val=2.46857
[dump]   top4 idx=48530 val=2.43976
[dump] L29.mup    n=102400  finite=1 absmax=2.5688       mean=-0.001293    sumsq=19288.86981        argmax=52463
[dump]   top0 idx=52463 val=2.56880
[dump]   top1 idx=58223 val=2.45233
[dump]   top2 idx=828 val=2.33928
[dump]   top3 idx=70563 val=2.28299
[dump]   top4 idx=38563 val=2.24664
[dump] L29.mgu    n=102400  finite=1 absmax=4.5613       mean=-0.0017435   sumsq=1068.921133        argmax=38563
[dump]   top0 idx=38563 val=2.03953
[dump]   top1 idx=23522 val=1.92182
[dump]   top2 idx=73913 val=1.86049
[dump]   top3 idx=77753 val=1.74941
[dump]   top4 idx=52463 val=1.65761
[dump] L29.mdown  n=409600  finite=1 absmax=0.34656      mean=0.00014877   sumsq=455.6186568        argmax=361965
[dump]   top0 idx=361965 val=0.34656
[dump]   top1 idx=361624 val=0.29625
[dump]   top2 idx=363256 val=0.28197
[dump]   top3 idx=231653 val=0.26614
[dump]   top4 idx=282853 val=0.26558
[dump] L29.msh    n=40960   finite=1 absmax=0.019376     mean=5.4002e-05   sumsq=0.2583463509       argmax=29813
[dump]   top0 idx=29813 val=0.01938
[dump]   top1 idx=39439 val=0.01574
[dump]   top2 idx=36879 val=0.01544
[dump]   top3 idx=40323 val=0.01496
[dump]   top4 idx=22133 val=0.01439
[dump] L29.mout   n=40960   finite=1 absmax=0.15117      mean=0.00012448   sumsq=9.869164412        argmax=2311
[dump]   top0 idx=2311 val=0.15117
[dump]   top1 idx=29199 val=0.07975
[dump]   top2 idx=40696 val=0.07544
[dump]   top3 idx=20902 val=0.07206
[dump]   top4 idx=19281 val=0.07034
[dump] L29.moe    n=40960   finite=1 absmax=0.15117      mean=0.00012448   sumsq=9.869164412        argmax=2311
[dump]   top0 idx=2311 val=0.15117
[dump]   top1 idx=29199 val=0.07975
[dump]   top2 idx=40696 val=0.07544
[dump]   top3 idx=20902 val=0.07206
[dump]   top4 idx=19281 val=0.07034
[dump] L29.res    n=163840  finite=1 absmax=3.7464       mean=0.0016336    sumsq=678.2619671        argmax=1500
[dump]   top0 idx=1500 val=1.21568
[dump]   top1 idx=2121 val=0.67604
[dump]   top2 idx=2366 val=0.67385
[dump]   top3 idx=1787 val=0.65968
[dump]   top4 idx=788 val=0.65226
[dump] L30.hcmix  n=40960   finite=1 absmax=8.9119       mean=0.016567     sumsq=13436.65121        argmax=1500
[dump]   top0 idx=1500 val=8.91188
[dump]   top1 idx=788 val=4.45574
[dump]   top2 idx=7573 val=3.60186
[dump]   top3 idx=12693 val=3.54824
[dump]   top4 idx=1787 val=3.42146
[dump] L30.conv   n=163840  finite=1 absmax=1.3831       mean=-0.0009161   sumsq=492.181714         argmax=35989
[dump]   top0 idx=35989 val=1.38311
[dump]   top1 idx=113400 val=1.27207
[dump]   top2 idx=46229 val=1.20723
[dump]   top3 idx=13407 val=1.20672
[dump]   top4 idx=56469 val=1.20133
[dump] L30.gnorm  n=98304   finite=1 absmax=3.2134       mean=0.00041549   sumsq=189.7766301        argmax=1941
[dump]   top0 idx=1941 val=3.21340
[dump]   top1 idx=56517 val=0.60942
[dump]   top2 idx=66512 val=0.57971
[dump]   top3 idx=29648 val=0.54830
[dump]   top4 idx=17360 val=0.54021
[dump] L30.lin    n=40960   finite=1 absmax=1.1677       mean=-0.00063031  sumsq=112.6823847        argmax=38882
[dump]   top0 idx=38882 val=0.50001
[dump]   top1 idx=1603 val=0.42670
[dump]   top2 idx=31713 val=0.38815
[dump]   top3 idx=21431 val=0.36184
[dump]   top4 idx=26082 val=0.34987
[dump] L30.att    n=40960   finite=1 absmax=1.1677       mean=-0.00063031  sumsq=112.6823847        argmax=38882
[dump]   top0 idx=38882 val=0.50001
[dump]   top1 idx=1603 val=0.42670
[dump]   top2 idx=31713 val=0.38815
[dump]   top3 idx=21431 val=0.36184
[dump]   top4 idx=26082 val=0.34987
[dump] L30.fmix   n=40960   finite=1 absmax=7.15         mean=0.013059     sumsq=19537.53141        argmax=4046
[dump]   top0 idx=4046 val=5.19701
[dump]   top1 idx=1500 val=3.88532
[dump]   top2 idx=788 val=3.70667
[dump]   top3 idx=6606 val=3.40651
[dump]   top4 idx=9180 val=3.09711
[dump] L30.mlogit n=8192    finite=1 absmax=11.99        mean=-6.3011      sumsq=337067.4756        argmax=7924
[dump]   top0 idx=7924 val=-2.48336
[dump]   top1 idx=3578 val=-2.50609
[dump]   top2 idx=4090 val=-2.55679
[dump]   top3 idx=1741 val=-2.60242
[dump]   top4 idx=165 val=-2.61129
[dump] L30.mprob  n=8192    finite=1 absmax=0.060397     mean=0.0019531    sumsq=0.1092738813       argmax=165
[dump]   top0 idx=165 val=0.06040
[dump]   top1 idx=7924 val=0.03991
[dump]   top2 idx=4090 val=0.03975
[dump]   top3 idx=6837 val=0.03924
[dump]   top4 idx=1741 val=0.03878
[dump] L30.mid    n=160     finite=1 absmax=0 mean=0 sumsq=0 ids: 165 151 398 326 331 506 137 40 138 417 138 506 165 14 326 409 111 398 500 280 95 414 409 280 14 506 311 234 227 338 205 165 280 223 506 318 398 409 151 106 376 280 5 223 81 409 22 463 335 318 14 308 409 151 234 506 12 290 129 110 506 138 11 111 335 151 40 398 212 181 506 138 335 14 441 409 212 6 154 473 335 506 138 280 473 11 212 14 498 439 11 138 506 498 14 398 335 212 111 280 181 473 506 409 129 370 64 439 237 280 506 11 398 138 151 181 335 282 136 360 506 138 212 335 11 128 40 409 500 473 181 335 506 280 79 212 415 151 11 86 181 506 335 326 86 82 11 212 244 415 244 335 506 100 11 128 482 510 181 398
[dump] L30.rlogit n=8192    finite=1 absmax=11.99        mean=-6.3011      sumsq=337067.4756        argmax=7924
[dump]   top0 idx=7924 val=-2.48336
[dump]   top1 idx=3578 val=-2.50609
[dump]   top2 idx=4090 val=-2.55679
[dump]   top3 idx=1741 val=-2.60242
[dump]   top4 idx=165 val=-2.61129
[dump] L30.mwt    n=160     finite=1 absmax=0.31209      mean=0.1          sumsq=1.889573151        argmax=0
[dump] L30.mgate  n=102400  finite=1 absmax=3.5835       mean=-0.29285     sumsq=32998.30474        argmax=83304
[dump]   top0 idx=83304 val=3.58354
[dump]   top1 idx=64009 val=2.61222
[dump]   top2 idx=92341 val=2.36629
[dump]   top3 idx=96017 val=2.23155
[dump]   top4 idx=94681 val=2.21516
[dump] L30.mup    n=102400  finite=1 absmax=2.4044       mean=-0.002592    sumsq=24921.13445        argmax=37330
[dump]   top0 idx=37330 val=2.40438
[dump]   top1 idx=62110 val=2.28354
[dump]   top2 idx=62214 val=2.26012
[dump]   top3 idx=83501 val=2.24941
[dump]   top4 idx=73901 val=2.18213
[dump] L30.mgu    n=102400  finite=1 absmax=3.0988       mean=-0.00046087  sumsq=1321.425418        argmax=2047
[dump]   top0 idx=2047 val=2.43676
[dump]   top1 idx=92341 val=1.86428
[dump]   top2 idx=53562 val=1.71100
[dump]   top3 idx=48578 val=1.66276
[dump]   top4 idx=43526 val=1.63532
[dump] L30.mdown  n=409600  finite=1 absmax=0.3196       mean=4.3784e-05   sumsq=551.0688439        argmax=370589
[dump]   top0 idx=370589 val=0.31960
[dump]   top1 idx=256175 val=0.27724
[dump]   top2 idx=175182 val=0.22185
[dump]   top3 idx=333436 val=0.21592
[dump]   top4 idx=256650 val=0.21431
[dump] L30.msh    n=40960   finite=1 absmax=0.029348     mean=2.9557e-05   sumsq=0.4175645028       argmax=14403
[dump]   top0 idx=14403 val=0.02879
[dump]   top1 idx=11843 val=0.02215
[dump]   top2 idx=27203 val=0.02084
[dump]   top3 idx=37443 val=0.02000
[dump]   top4 idx=24643 val=0.01957
[dump] L30.mout   n=40960   finite=1 absmax=0.070623     mean=0.00013674   sumsq=7.822940531        argmax=36714
[dump]   top0 idx=36714 val=0.06049
[dump]   top1 idx=20922 val=0.05999
[dump]   top2 idx=34729 val=0.05940
[dump]   top3 idx=27827 val=0.05887
[dump]   top4 idx=21651 val=0.05797
[dump] L30.moe    n=40960   finite=1 absmax=0.070623     mean=0.00013674   sumsq=7.822940531        argmax=36714
[dump]   top0 idx=36714 val=0.06049
[dump]   top1 idx=20922 val=0.05999
[dump]   top2 idx=34729 val=0.05940
[dump]   top3 idx=27827 val=0.05887
[dump]   top4 idx=21651 val=0.05797
[dump] L30.res    n=163840  finite=1 absmax=3.7305       mean=0.0016646    sumsq=750.2618823        argmax=1500
[dump]   top0 idx=1500 val=1.22016
[dump]   top1 idx=2121 val=0.80247
[dump]   top2 idx=788 val=0.75148
[dump]   top3 idx=2366 val=0.68453
[dump]   top4 idx=1787 val=0.66497
[dump] L31.hcmix  n=40960   finite=1 absmax=10.148       mean=0.005351     sumsq=3523.162636        argmax=16088
[dump]   top0 idx=16088 val=2.14215
[dump]   top1 idx=3288 val=2.10726
[dump]   top2 idx=23768 val=2.03309
[dump]   top3 idx=28888 val=2.01732
[dump]   top4 idx=34008 val=1.95401
[dump] L31.cur    n=40960   finite=1 absmax=10.148       mean=0.005351     sumsq=3523.162636        argmax=16088
[dump]   top0 idx=16088 val=2.14215
[dump]   top1 idx=3288 val=2.10726
[dump]   top2 idx=23768 val=2.03309
[dump]   top3 idx=28888 val=2.01732
[dump]   top4 idx=34008 val=1.95401
[dump] L31.qnorm  n=98304   finite=1 absmax=8.0535       mean=-0.025899    sumsq=175923.6348        argmax=43001
[dump]   top0 idx=43001 val=8.05351
[dump]   top1 idx=61433 val=7.68919
[dump]   top2 idx=67577 val=7.61960
[dump]   top3 idx=24569 val=7.46660
[dump]   top4 idx=12281 val=7.27680
[dump] L31.knorm  n=8192    finite=1 absmax=9.2832       mean=0.012001     sumsq=20060.01149        argmax=569
[dump]   top0 idx=569 val=6.82718
[dump]   top1 idx=4120 val=6.31698
[dump]   top2 idx=7192 val=5.91107
[dump]   top3 idx=4638 val=5.90972
[dump]   top4 idx=3129 val=5.78731
[dump] L31.vraw   n=8192    finite=1 absmax=8.6552       mean=0.021356     sumsq=2464.355713        argmax=169
[dump]   top0 idx=169 val=8.65522
[dump]   top1 idx=266 val=5.91519
[dump]   top2 idx=7120 val=1.64868
[dump]   top3 idx=6928 val=1.52834
[dump]   top4 idx=6995 val=1.49806
[dump] L31.Q      n=98304   finite=1 absmax=8.0535       mean=-0.014573    sumsq=175923.6348        argmax=43001
[dump]   top0 idx=43001 val=8.05351
[dump]   top1 idx=61433 val=7.68919
[dump]   top2 idx=67577 val=7.61960
[dump]   top3 idx=24569 val=7.46660
[dump]   top4 idx=12281 val=7.27680
[dump] L31.K      n=8192    finite=1 absmax=9.2832       mean=0.0026174    sumsq=20060.01152        argmax=569
[dump]   top0 idx=569 val=6.82718
[dump]   top1 idx=4120 val=6.31712
[dump]   top2 idx=7192 val=5.91127
[dump]   top3 idx=4638 val=5.90973
[dump]   top4 idx=3129 val=5.78738
[dump] L31.faout  n=98304   finite=1 absmax=8.655        mean=0.039819     sumsq=32646.06342        argmax=169
[dump]   top0 idx=169 val=8.65503
[dump]   top1 idx=425 val=8.65502
[dump]   top2 idx=681 val=8.65502
[dump]   top3 idx=937 val=8.65502
[dump]   top4 idx=1193 val=8.65502
[dump] L31.gate   n=98304   finite=1 absmax=4.1592       mean=-0.85065     sumsq=94113.94521        argmax=84070
[dump]   top0 idx=84070 val=0.63684
[dump]   top1 idx=10301 val=0.61670
[dump]   top2 idx=4114 val=0.57241
[dump]   top3 idx=4324 val=0.56688
[dump]   top4 idx=4294 val=0.56510
[dump] L31.gated  n=98304   finite=1 absmax=1.5033       mean=0.010856     sumsq=3497.024274        argmax=1193
[dump]   top0 idx=1193 val=1.50329
[dump]   top1 idx=1961 val=1.49068
[dump]   top2 idx=937 val=1.44265
[dump]   top3 idx=2729 val=1.43882
[dump]   top4 idx=3850 val=1.38723
[dump] L31.att    n=40960   finite=1 absmax=0.75784      mean=-0.0013037   sumsq=164.1755525        argmax=892
[dump]   top0 idx=892 val=0.75784
[dump]   top1 idx=2311 val=0.75728
[dump]   top2 idx=1795 val=0.45835
[dump]   top3 idx=3765 val=0.42279
[dump]   top4 idx=1086 val=0.38415
[dump] L31.fmix   n=40960   finite=1 absmax=6.8416       mean=0.011699     sumsq=29334.4344         argmax=23768
[dump]   top0 idx=23768 val=6.84159
[dump]   top1 idx=8681 val=5.86456
[dump]   top2 idx=21208 val=5.43572
[dump]   top3 idx=18648 val=4.60576
[dump]   top4 idx=8408 val=4.41386
[dump] L31.mlogit n=8192    finite=1 absmax=16.683       mean=-6.1014      sumsq=315096.0394        argmax=3360
[dump]   top0 idx=3360 val=-2.47171
[dump]   top1 idx=3279 val=-2.64164
[dump]   top2 idx=3566 val=-2.64810
[dump]   top3 idx=1006 val=-2.66585
[dump]   top4 idx=6126 val=-2.67099
[dump] L31.mprob  n=8192    finite=1 absmax=0.039144     mean=0.0019531    sumsq=0.0735417406       argmax=1006
[dump]   top0 idx=1006 val=0.03914
[dump]   top1 idx=6126 val=0.03885
[dump]   top2 idx=3360 val=0.03303
[dump]   top3 idx=1743 val=0.02940
[dump]   top4 idx=5102 val=0.02898
[dump] L31.mid    n=160     finite=1 absmax=0 mean=0 sumsq=0 ids: 283 174 156 96 215 136 55 199 50 100 494 199 405 50 318 207 100 501 156 211 494 263 199 207 192 314 298 318 475 31 207 156 494 234 33 405 379 444 298 38 116 207 236 453 210 318 16 156 351 326 288 50 426 116 32 501 406 207 399 199 288 207 494 156 302 399 318 426 199 405 494 199 426 399 288 311 134 193 156 405 494 288 199 405 207 303 318 174 446 399 494 399 501 318 207 303 342 405 288 174 405 207 399 192 314 100 494 303 156 318 494 283 405 399 289 318 156 207 174 199 494 318 174 283 303 399 449 405 501 288 289 283 494 327 405 156 449 207 96 12 289 156 283 494 405 449 174 302 12 303 303 289 449 174 283 156 405 56 207 494
[dump] L31.rlogit n=8192    finite=1 absmax=16.683       mean=-6.1014      sumsq=315096.0394        argmax=3360
[dump]   top0 idx=3360 val=-2.47171
[dump]   top1 idx=3279 val=-2.64164
[dump]   top2 idx=3566 val=-2.64810
[dump]   top3 idx=1006 val=-2.66585
[dump]   top4 idx=6126 val=-2.67099
[dump] L31.mwt    n=160     finite=1 absmax=0.29045      mean=0.1          sumsq=1.867862905        argmax=10
[dump] L31.mgate  n=102400  finite=1 absmax=3.0733       mean=-0.42794     sumsq=52179.89293        argmax=76088
[dump]   top0 idx=76088 val=2.08433
[dump]   top1 idx=69395 val=2.08364
[dump]   top2 idx=40634 val=2.05737
[dump]   top3 idx=95060 val=1.93992
[dump]   top4 idx=87944 val=1.93651
[dump] L31.mup    n=102400  finite=1 absmax=3.0142       mean=0.0063911    sumsq=34954.82533        argmax=378
[dump]   top0 idx=378 val=3.01421
[dump]   top1 idx=2148 val=2.56358
[dump]   top2 idx=46658 val=2.53078
[dump]   top3 idx=15794 val=2.47445
[dump]   top4 idx=149 val=2.46764
[dump] L31.mgu    n=102400  finite=1 absmax=3.917        mean=0.00043381   sumsq=1989.56972         argmax=43191
[dump]   top0 idx=43191 val=3.91699
[dump]   top1 idx=378 val=3.26984
[dump]   top2 idx=64168 val=2.52544
[dump]   top3 idx=87944 val=2.36990
[dump]   top4 idx=11184 val=2.19672
[dump] L31.mdown  n=409600  finite=1 absmax=0.49694      mean=0.00013397   sumsq=833.9519524        argmax=2311
[dump]   top0 idx=2311 val=0.49694
[dump]   top1 idx=77092 val=0.23436
[dump]   top2 idx=79034 val=0.23328
[dump]   top3 idx=194929 val=0.22907
[dump]   top4 idx=239932 val=0.22726
[dump] L31.msh    n=40960   finite=1 absmax=0.022015     mean=9.8021e-05   sumsq=0.6030511705       argmax=14612
[dump]   top0 idx=14612 val=0.02061
[dump]   top1 idx=38910 val=0.02058
[dump]   top2 idx=29692 val=0.01952
[dump]   top3 idx=29321 val=0.01865
[dump]   top4 idx=29260 val=0.01861
[dump] L31.mout   n=40960   finite=1 absmax=0.10441      mean=0.00021806   sumsq=11.50767062        argmax=2311
[dump]   top0 idx=2311 val=0.10441
[dump]   top1 idx=3022 val=0.09760
[dump]   top2 idx=8142 val=0.08937
[dump]   top3 idx=16308 val=0.07627
[dump]   top4 idx=9966 val=0.07422
[dump] L31.moe    n=40960   finite=1 absmax=0.10441      mean=0.00021806   sumsq=11.50767062        argmax=2311
[dump]   top0 idx=2311 val=0.10441
[dump]   top1 idx=3022 val=0.09760
[dump]   top2 idx=8142 val=0.08937
[dump]   top3 idx=16308 val=0.07627
[dump]   top4 idx=9966 val=0.07422
[dump] L31.res    n=163840  finite=1 absmax=3.4976       mean=0.0016496    sumsq=731.2250661        argmax=1500
[dump]   top0 idx=1500 val=1.18681
[dump]   top1 idx=2121 val=0.88875
[dump]   top2 idx=788 val=0.70698
[dump]   top3 idx=2366 val=0.68187
[dump]   top4 idx=138 val=0.66513
[dump] L32.hcmix  n=40960   finite=1 absmax=15.724       mean=0.012762     sumsq=14759.08946        argmax=1500
[dump]   top0 idx=1500 val=10.31041
[dump]   top1 idx=788 val=4.99203
[dump]   top2 idx=4060 val=3.98325
[dump]   top3 idx=38631 val=3.60625
[dump]   top4 idx=579 val=3.57133
[dump] L32.conv   n=163840  finite=1 absmax=3.6344       mean=-0.0037305   sumsq=936.8669572        argmax=18153
[dump]   top0 idx=18153 val=3.63438
[dump]   top1 idx=18122 val=3.01623
[dump]   top2 idx=22823 val=2.70359
[dump]   top3 idx=18146 val=2.50579
[dump]   top4 idx=14770 val=2.39573
[dump] L32.gnorm  n=98304   finite=1 absmax=0.62539      mean=-0.0027336   sumsq=91.3154343         argmax=52224
[dump]   top0 idx=52224 val=0.62539
[dump]   top1 idx=39965 val=0.62378
[dump]   top2 idx=39936 val=0.53774
[dump]   top3 idx=57189 val=0.48335
[dump]   top4 idx=14657 val=0.46350
[dump] L32.lin    n=40960   finite=1 absmax=0.38651      mean=-0.00096826  sumsq=52.32428223        argmax=5081
[dump]   top0 idx=5081 val=0.38651
[dump]   top1 idx=3553 val=0.27202
[dump]   top2 idx=7622 val=0.27164
[dump]   top3 idx=8369 val=0.22686
[dump]   top4 idx=3942 val=0.21860
[dump] L32.att    n=40960   finite=1 absmax=0.38651      mean=-0.00096826  sumsq=52.32428223        argmax=5081
[dump]   top0 idx=5081 val=0.38651
[dump]   top1 idx=3553 val=0.27202
[dump]   top2 idx=7622 val=0.27164
[dump]   top3 idx=8369 val=0.22686
[dump]   top4 idx=3942 val=0.21860
[dump] L32.fmix   n=40960   finite=1 absmax=4.9092       mean=0.011828     sumsq=26714.43155        argmax=8681
[dump]   top0 idx=8681 val=4.90921
[dump]   top1 idx=14245 val=3.72060
[dump]   top2 idx=788 val=3.67373
[dump]   top3 idx=13717 val=3.61617
[dump]   top4 idx=9908 val=3.59926
[dump] L32.mlogit n=8192    finite=1 absmax=12.156       mean=-6.1866      sumsq=323654.7006        argmax=228
[dump]   top0 idx=228 val=-1.18373
[dump]   top1 idx=740 val=-1.83253
[dump]   top2 idx=6899 val=-1.90348
[dump]   top3 idx=5348 val=-1.97351
[dump]   top4 idx=6573 val=-2.10713
[dump] L32.mprob  n=8192    finite=1 absmax=0.19028      mean=0.0019531    sumsq=0.1741969174       argmax=228
[dump]   top0 idx=228 val=0.19028
[dump]   top1 idx=740 val=0.08389
[dump]   top2 idx=6899 val=0.07757
[dump]   top3 idx=5348 val=0.06264
[dump]   top4 idx=1764 val=0.06260
[dump] L32.mid    n=160     finite=1 absmax=0 mean=0 sumsq=0 ids: 228 243 272 256 487 429 58 132 392 74 228 28 429 359 272 243 480 92 61 140 28 228 140 149 261 113 99 429 142 236 228 447 429 188 124 28 319 479 341 418 228 188 447 104 429 319 303 138 243 142 228 394 142 272 140 388 12 205 369 419 429 243 359 228 142 58 140 263 487 272 228 429 243 272 394 359 400 58 140 92 228 243 429 272 142 359 263 58 149 140 228 263 429 359 272 243 142 92 149 480 228 272 243 263 429 465 149 400 236 447 228 429 243 272 359 480 58 263 479 7 429 228 272 263 359 243 132 140 391 454 243 228 429 189 58 272 479 489 263 7 228 243 278 7 480 58 75 359 189 202 243 228 359 454 278 189 235 480 263 507
[dump] L32.rlogit n=8192    finite=1 absmax=12.156       mean=-6.1866      sumsq=323654.7006        argmax=228
[dump]   top0 idx=228 val=-1.18373
[dump]   top1 idx=740 val=-1.83253
[dump]   top2 idx=6899 val=-1.90348
[dump]   top3 idx=5348 val=-1.97351
[dump]   top4 idx=6573 val=-2.10713
[dump] L32.mwt    n=160     finite=1 absmax=0.64509      mean=0.1          sumsq=2.542330256        argmax=0
[dump] L32.mgate  n=102400  finite=1 absmax=3.297        mean=-0.33963     sumsq=42431.05762        argmax=32661
[dump]   top0 idx=32661 val=2.29520
[dump]   top1 idx=13170 val=2.18179
[dump]   top2 idx=93042 val=2.15637
[dump]   top3 idx=69144 val=2.03334
[dump]   top4 idx=26141 val=2.01988
[dump] L32.mup    n=102400  finite=1 absmax=3.2908       mean=-0.00060012  sumsq=32351.3889         argmax=89670
[dump]   top0 idx=89670 val=3.29078
[dump]   top1 idx=45242 val=2.90159
[dump]   top2 idx=40762 val=2.72129
[dump]   top3 idx=96710 val=2.57792
[dump]   top4 idx=5654 val=2.56547
[dump] L32.mgu    n=102400  finite=1 absmax=2.5934       mean=0.0015843    sumsq=1847.04375         argmax=76650
[dump]   top0 idx=76650 val=2.59343
[dump]   top1 idx=92010 val=1.98394
[dump]   top2 idx=40458 val=1.96260
[dump]   top3 idx=22770 val=1.87725
[dump]   top4 idx=84993 val=1.85457
[dump] L32.mdown  n=409600  finite=1 absmax=0.54028      mean=9.9524e-05   sumsq=762.1652239        argmax=2311
[dump]   top0 idx=2311 val=0.47294
[dump]   top1 idx=163528 val=0.26758
[dump]   top2 idx=285802 val=0.24370
[dump]   top3 idx=48372 val=0.22958
[dump]   top4 idx=256551 val=0.22479
[dump] L32.msh    n=40960   finite=1 absmax=0.055228     mean=-1.6238e-05  sumsq=0.4119805868       argmax=7716
[dump]   top0 idx=7716 val=0.02341
[dump]   top1 idx=13379 val=0.02148
[dump]   top2 idx=10276 val=0.02089
[dump]   top3 idx=12836 val=0.02079
[dump]   top4 idx=33316 val=0.01899
[dump] L32.mout   n=40960   finite=1 absmax=0.37851      mean=8.5089e-05   sumsq=15.22784225        argmax=2311
[dump]   top0 idx=2311 val=0.31589
[dump]   top1 idx=472 val=0.10926
[dump]   top2 idx=1547 val=0.10908
[dump]   top3 idx=29802 val=0.10463
[dump]   top4 idx=895 val=0.10327
[dump] L32.moe    n=40960   finite=1 absmax=0.37851      mean=8.5089e-05   sumsq=15.22784225        argmax=2311
[dump]   top0 idx=2311 val=0.31589
[dump]   top1 idx=472 val=0.10926
[dump]   top2 idx=1547 val=0.10908
[dump]   top3 idx=29802 val=0.10463
[dump]   top4 idx=895 val=0.10327
[dump] L32.res    n=163840  finite=1 absmax=2.8684       mean=0.0015762    sumsq=807.193521         argmax=1500
[dump]   top0 idx=1500 val=1.21991
[dump]   top1 idx=2121 val=0.99814
[dump]   top2 idx=2366 val=0.84003
[dump]   top3 idx=138 val=0.79522
[dump]   top4 idx=788 val=0.76073
[dump] L33.hcmix  n=40960   finite=1 absmax=5.9016       mean=0.019811     sumsq=16112.64844        argmax=788
[dump]   top0 idx=788 val=4.49065
[dump]   top1 idx=7573 val=4.48366
[dump]   top2 idx=12693 val=3.99081
[dump]   top3 idx=17813 val=3.95291
[dump]   top4 idx=1500 val=3.79965
[dump] L33.conv   n=163840  finite=1 absmax=3.2719       mean=0.0022505    sumsq=607.7244262        argmax=13091
[dump]   top0 idx=13091 val=3.27195
[dump]   top1 idx=145397 val=1.45743
[dump]   top2 idx=71390 val=1.42080
[dump]   top3 idx=77477 val=1.40989
[dump]   top4 idx=81630 val=1.40655
[dump] L33.gnorm  n=98304   finite=1 absmax=0.36263      mean=-0.00028991  sumsq=42.30377512        argmax=15957
[dump]   top0 idx=15957 val=0.36263
[dump]   top1 idx=56971 val=0.26105
[dump]   top2 idx=3834 val=0.25991
[dump]   top3 idx=5853 val=0.23653
[dump]   top4 idx=50827 val=0.21071
[dump] L33.lin    n=40960   finite=1 absmax=0.18054      mean=-0.0012188   sumsq=27.90939808        argmax=4960
[dump]   top0 idx=4960 val=0.18054
[dump]   top1 idx=26593 val=0.16638
[dump]   top2 idx=26393 val=0.14554
[dump]   top3 idx=28889 val=0.14125
[dump]   top4 idx=39129 val=0.14082
[dump] L33.att    n=40960   finite=1 absmax=0.18054      mean=-0.0012188   sumsq=27.90939808        argmax=4960
[dump]   top0 idx=4960 val=0.18054
[dump]   top1 idx=26593 val=0.16638
[dump]   top2 idx=26393 val=0.14554
[dump]   top3 idx=28889 val=0.14125
[dump]   top4 idx=39129 val=0.14082
[dump] L33.fmix   n=40960   finite=1 absmax=5.3926       mean=0.012032     sumsq=22079.90738        argmax=4046
[dump]   top0 idx=4046 val=5.39264
[dump]   top1 idx=6606 val=4.56419
[dump]   top2 idx=32206 val=3.97893
[dump]   top3 idx=7971 val=3.15876
[dump]   top4 idx=788 val=3.12121
[dump] L33.mlogit n=8192    finite=1 absmax=10.709       mean=-6.4051      sumsq=346367.8753        argmax=648
[dump]   top0 idx=648 val=-2.07886
[dump]   top1 idx=1411 val=-2.23257
[dump]   top2 idx=6280 val=-2.24297
[dump]   top3 idx=5256 val=-2.45135
[dump]   top4 idx=4232 val=-2.48212
[dump] L33.mprob  n=8192    finite=1 absmax=0.065521     mean=0.0019531    sumsq=0.1384811013       argmax=648
[dump]   top0 idx=648 val=0.06552
[dump]   top1 idx=1411 val=0.05746
[dump]   top2 idx=6280 val=0.05678
[dump]   top3 idx=5256 val=0.05621
[dump]   top4 idx=1672 val=0.04623
[dump] L33.mid    n=160     finite=1 absmax=0 mean=0 sumsq=0 ids: 136 486 387 243 471 160 105 200 28 504 136 387 486 363 160 419 299 243 365 471 387 328 398 136 486 304 71 222 259 471 136 387 328 486 249 469 363 160 105 366 486 136 366 387 471 333 363 469 444 105 387 471 84 136 419 448 291 127 474 243 366 279 419 136 486 363 471 155 328 387 136 279 419 363 366 387 365 471 206 486 136 419 470 363 279 362 105 486 206 387 363 470 136 419 471 279 362 486 84 347 136 84 486 428 279 328 419 366 363 160 84 363 362 279 136 345 471 155 374 419 136 362 363 84 279 471 374 486 366 155 84 136 374 345 155 279 363 486 471 499 363 84 136 253 299 209 160 345 362 279 362 374 84 279 136 345 363 419 139 209
[dump] L33.rlogit n=8192    finite=1 absmax=10.709       mean=-6.4051      sumsq=346367.8753        argmax=648
[dump]   top0 idx=648 val=-2.07886
[dump]   top1 idx=1411 val=-2.23257
[dump]   top2 idx=6280 val=-2.24297
[dump]   top3 idx=5256 val=-2.45135
[dump]   top4 idx=4232 val=-2.48212
[dump] L33.mwt    n=160     finite=1 absmax=0.26142      mean=0.1          sumsq=1.900200494        argmax=100
[dump] L33.mgate  n=102400  finite=1 absmax=3.6622       mean=-0.28443     sumsq=34519.5258         argmax=18305
[dump]   top0 idx=18305 val=2.98951
[dump]   top1 idx=21793 val=2.44046
[dump]   top2 idx=64918 val=2.40238
[dump]   top3 idx=9555 val=2.09142
[dump]   top4 idx=101611 val=1.93969
[dump] L33.mup    n=102400  finite=1 absmax=3.4878       mean=-0.0023522   sumsq=27314.15616        argmax=40740
[dump]   top0 idx=40740 val=3.48783
[dump]   top1 idx=15140 val=2.82306
[dump]   top2 idx=40283 val=2.51261
[dump]   top3 idx=22839 val=2.40007
[dump]   top4 idx=60081 val=2.38672
[dump] L33.mgu    n=102400  finite=1 absmax=3.4248       mean=-5.1959e-05  sumsq=1523.129876        argmax=61413
[dump]   top0 idx=61413 val=2.27224
[dump]   top1 idx=40241 val=2.21087
[dump]   top2 idx=52401 val=2.00587
[dump]   top3 idx=60729 val=1.80480
[dump]   top4 idx=7740 val=1.78807
[dump] L33.mdown  n=409600  finite=1 absmax=0.27711      mean=-4.92e-06    sumsq=636.1288707        argmax=334442
[dump]   top0 idx=334442 val=0.27711
[dump]   top1 idx=361672 val=0.23497
[dump]   top2 idx=28264 val=0.23224
[dump]   top3 idx=28541 val=0.23190
[dump]   top4 idx=362579 val=0.23081
[dump] L33.msh    n=40960   finite=1 absmax=0.015724     mean=-4.4963e-05  sumsq=0.2620493237       argmax=36091
[dump]   top0 idx=36091 val=0.01572
[dump]   top1 idx=27993 val=0.01480
[dump]   top2 idx=14595 val=0.01477
[dump]   top3 idx=18042 val=0.01355
[dump]   top4 idx=36358 val=0.01350
[dump] L33.mout   n=40960   finite=1 absmax=0.070063     mean=-4.5033e-05  sumsq=8.961565797        argmax=4000
[dump]   top0 idx=4000 val=0.07006
[dump]   top1 idx=3119 val=0.06981
[dump]   top2 idx=5252 val=0.06805
[dump]   top3 idx=22823 val=0.06676
[dump]   top4 idx=5731 val=0.06668
[dump] L33.moe    n=40960   finite=1 absmax=0.070063     mean=-4.5033e-05  sumsq=8.961565797        argmax=4000
[dump]   top0 idx=4000 val=0.07006
[dump]   top1 idx=3119 val=0.06981
[dump]   top2 idx=5252 val=0.06805
[dump]   top3 idx=22823 val=0.06676
[dump]   top4 idx=5731 val=0.06668
[dump] L33.res    n=163840  finite=1 absmax=2.804        mean=0.0010817    sumsq=854.0437592        argmax=1500
[dump]   top0 idx=1500 val=1.18149
[dump]   top1 idx=2121 val=0.97695
[dump]   top2 idx=138 val=0.83074
[dump]   top3 idx=2366 val=0.80867
[dump]   top4 idx=788 val=0.72736
[dump] L34.hcmix  n=40960   finite=1 absmax=17.159       mean=0.01443      sumsq=15861.07725        argmax=1500
[dump]   top0 idx=1500 val=8.52735
[dump]   top1 idx=793 val=4.86223
[dump]   top2 idx=788 val=4.38383
[dump]   top3 idx=1912 val=3.84274
[dump]   top4 idx=26805 val=3.62017
[dump] L34.conv   n=163840  finite=1 absmax=1.3735       mean=0.0006872    sumsq=462.8708321        argmax=133441
[dump]   top0 idx=133441 val=1.37352
[dump]   top1 idx=114396 val=1.29219
[dump]   top2 idx=134876 val=1.24325
[dump]   top3 idx=145116 val=1.17452
[dump]   top4 idx=124636 val=1.15313
[dump] L34.gnorm  n=98304   finite=1 absmax=0.41167      mean=0.00046213   sumsq=116.5409473        argmax=24095
[dump]   top0 idx=24095 val=0.40445
[dump]   top1 idx=62855 val=0.40028
[dump]   top2 idx=88001 val=0.39513
[dump]   top3 idx=56506 val=0.36116
[dump]   top4 idx=70925 val=0.33434
[dump] L34.lin    n=40960   finite=1 absmax=0.37172      mean=-0.00074555  sumsq=58.90291522        argmax=26082
[dump]   top0 idx=26082 val=0.37172
[dump]   top1 idx=38882 val=0.30918
[dump]   top2 idx=40282 val=0.30682
[dump]   top3 idx=36322 val=0.29214
[dump]   top4 idx=30042 val=0.27273
[dump] L34.att    n=40960   finite=1 absmax=0.37172      mean=-0.00074555  sumsq=58.90291522        argmax=26082
[dump]   top0 idx=26082 val=0.37172
[dump]   top1 idx=38882 val=0.30918
[dump]   top2 idx=40282 val=0.30682
[dump]   top3 idx=36322 val=0.29214
[dump]   top4 idx=30042 val=0.27273
[dump] L34.fmix   n=40960   finite=1 absmax=4.3142       mean=0.019311     sumsq=19642.89177        argmax=1500
[dump]   top0 idx=1500 val=4.31423
[dump]   top1 idx=7573 val=4.12100
[dump]   top2 idx=28893 val=3.55476
[dump]   top3 idx=36536 val=3.40835
[dump]   top4 idx=17813 val=3.37266
[dump] L34.mlogit n=8192    finite=1 absmax=12.236       mean=-6.4807      sumsq=354585.8807        argmax=5763
[dump]   top0 idx=5763 val=-1.06557
[dump]   top1 idx=1155 val=-1.30579
[dump]   top2 idx=1565 val=-1.89879
[dump]   top3 idx=6255 val=-2.01727
[dump]   top4 idx=449 val=-2.06611
[dump] L34.mprob  n=8192    finite=1 absmax=0.17906      mean=0.0019531    sumsq=0.2114989331       argmax=5763
[dump]   top0 idx=5763 val=0.17906
[dump]   top1 idx=1155 val=0.13716
[dump]   top2 idx=1565 val=0.09047
[dump]   top3 idx=449 val=0.08871
[dump]   top4 idx=6787 val=0.07339
[dump] L34.mid    n=160     finite=1 absmax=0 mean=0 sumsq=0 ids: 449 475 275 87 496 19 111 101 399 24 111 29 101 484 460 24 119 275 22 13 131 157 29 119 111 7 173 102 509 33 29 7 459 201 185 101 299 157 119 24 440 29 157 459 111 190 131 506 201 119 87 496 277 264 88 24 101 275 399 29 111 131 24 448 101 102 119 22 366 29 131 88 22 101 119 29 448 24 111 157 29 448 24 22 102 101 460 119 353 5 24 29 448 101 22 353 102 460 131 264 111 29 299 459 201 101 119 366 24 46 131 24 101 448 111 102 460 366 22 347 111 131 366 448 101 22 24 102 460 157 131 24 101 353 448 22 29 275 102 273 131 22 101 123 24 448 150 201 29 430 448 131 24 22 101 460 247 366 322 211
[dump] L34.rlogit n=8192    finite=1 absmax=12.236       mean=-6.4807      sumsq=354585.8807        argmax=5763
[dump]   top0 idx=5763 val=-1.06557
[dump]   top1 idx=1155 val=-1.30579
[dump]   top2 idx=1565 val=-1.89879
[dump]   top3 idx=6255 val=-2.01727
[dump]   top4 idx=449 val=-2.06611
[dump] L34.mwt    n=160     finite=1 absmax=0.45793      mean=0.1          sumsq=2.331547415        argmax=110
[dump] L34.mgate  n=102400  finite=1 absmax=3.3757       mean=-0.30159     sumsq=37768.26697        argmax=95516
[dump]   top0 idx=95516 val=2.69275
[dump]   top1 idx=92508 val=2.61176
[dump]   top2 idx=23946 val=2.55315
[dump]   top3 idx=71825 val=2.46160
[dump]   top4 idx=65578 val=2.42049
[dump] L34.mup    n=102400  finite=1 absmax=2.8012       mean=0.0050215    sumsq=27706.20514        argmax=29756
[dump]   top0 idx=29756 val=2.80124
[dump]   top1 idx=49731 val=2.69644
[dump]   top2 idx=71671 val=2.62427
[dump]   top3 idx=96408 val=2.61724
[dump]   top4 idx=13706 val=2.55890
[dump] L34.mgu    n=102400  finite=1 absmax=3.5813       mean=0.00034886   sumsq=1678.742717        argmax=49731
[dump]   top0 idx=49731 val=3.58129
[dump]   top1 idx=30970 val=3.33428
[dump]   top2 idx=6434 val=2.98899
[dump]   top3 idx=86168 val=2.72967
[dump]   top4 idx=92611 val=2.44426
[dump] L34.mdown  n=409600  finite=1 absmax=0.43966      mean=0.00019759   sumsq=714.276128         argmax=55641
[dump]   top0 idx=55641 val=0.35355
[dump]   top1 idx=42244 val=0.27397
[dump]   top2 idx=41848 val=0.24259
[dump]   top3 idx=127860 val=0.24156
[dump]   top4 idx=335980 val=0.23949
[dump] L34.msh    n=40960   finite=1 absmax=0.023293     mean=3.691e-05    sumsq=0.4268086203       argmax=12360
[dump]   top0 idx=12360 val=0.02095
[dump]   top1 idx=22600 val=0.01970
[dump]   top2 idx=22925 val=0.01809
[dump]   top3 idx=26959 val=0.01771
[dump]   top4 idx=9476 val=0.01748
[dump] L34.mout   n=40960   finite=1 absmax=0.14382      mean=0.00029486   sumsq=13.50788063        argmax=29990
[dump]   top0 idx=29990 val=0.10655
[dump]   top1 idx=28691 val=0.10271
[dump]   top2 idx=28307 val=0.10033
[dump]   top3 idx=30415 val=0.09891
[dump]   top4 idx=2311 val=0.09412
[dump] L34.moe    n=40960   finite=1 absmax=0.14382      mean=0.00029486   sumsq=13.50788063        argmax=29990
[dump]   top0 idx=29990 val=0.10655
[dump]   top1 idx=28691 val=0.10271
[dump]   top2 idx=28307 val=0.10033
[dump]   top3 idx=30415 val=0.09891
[dump]   top4 idx=2311 val=0.09412
[dump] L34.res    n=163840  finite=1 absmax=2.7793       mean=0.0011221    sumsq=1001.163951        argmax=1500
[dump]   top0 idx=1500 val=1.17579
[dump]   top1 idx=2121 val=0.97001
[dump]   top2 idx=138 val=0.86224
[dump]   top3 idx=2366 val=0.79925
[dump]   top4 idx=51682 val=0.76714
[dump] L35.hcmix  n=40960   finite=1 absmax=8.5667       mean=0.0093577    sumsq=5332.271947        argmax=23522
[dump]   top0 idx=23522 val=2.35742
[dump]   top1 idx=34008 val=2.25946
[dump]   top2 idx=8162 val=2.25815
[dump]   top3 idx=13282 val=2.24930
[dump]   top4 idx=28888 val=2.21488
[dump] L35.cur    n=40960   finite=1 absmax=8.5667       mean=0.0093577    sumsq=5332.271947        argmax=23522
[dump]   top0 idx=23522 val=2.35742
[dump]   top1 idx=34008 val=2.25946
[dump]   top2 idx=8162 val=2.25815
[dump]   top3 idx=13282 val=2.24930
[dump]   top4 idx=28888 val=2.21488
[dump] L35.qnorm  n=98304   finite=1 absmax=7.9759       mean=0.042957     sumsq=136906.8955        argmax=3093
[dump]   top0 idx=3093 val=7.97594
[dump]   top1 idx=94773 val=7.53220
[dump]   top2 idx=4629 val=7.45896
[dump]   top3 idx=70197 val=7.40462
[dump]   top4 idx=5653 val=7.32687
[dump] L35.knorm  n=8192    finite=1 absmax=7.8278       mean=0.0056907    sumsq=19524.53254        argmax=4376
[dump]   top0 idx=4376 val=7.82775
[dump]   top1 idx=5912 val=7.39333
[dump]   top2 idx=4888 val=7.39095
[dump]   top3 idx=6424 val=7.36610
[dump]   top4 idx=3641 val=6.92250
[dump] L35.vraw   n=8192    finite=1 absmax=8.3317       mean=0.0018347    sumsq=2363.938576        argmax=325
[dump]   top0 idx=325 val=8.33170
[dump]   top1 idx=249 val=6.10281
[dump]   top2 idx=3154 val=2.61869
[dump]   top3 idx=6753 val=2.12605
[dump]   top4 idx=7489 val=1.97750
[dump] L35.Q      n=98304   finite=1 absmax=7.9759       mean=0.033435     sumsq=136906.8955        argmax=3093
[dump]   top0 idx=3093 val=7.97594
[dump]   top1 idx=94773 val=7.53122
[dump]   top2 idx=4629 val=7.45896
[dump]   top3 idx=70197 val=7.40371
[dump]   top4 idx=5653 val=7.32687
[dump] L35.K      n=8192    finite=1 absmax=7.828        mean=0.017457     sumsq=19524.5325         argmax=4376
[dump]   top0 idx=4376 val=7.82800
[dump]   top1 idx=5912 val=7.39353
[dump]   top2 idx=4888 val=7.39121
[dump]   top3 idx=6424 val=7.36633
[dump]   top4 idx=3641 val=6.92255
[dump] L35.faout  n=98304   finite=1 absmax=8.327        mean=0.0017771    sumsq=19178.33376        argmax=4677
[dump]   top0 idx=4677 val=8.32695
[dump]   top1 idx=3141 val=8.32695
[dump]   top2 idx=3397 val=8.32695
[dump]   top3 idx=3653 val=8.32695
[dump]   top4 idx=3909 val=8.32695
[dump] L35.gate   n=98304   finite=1 absmax=4.242        mean=-1.3389      sumsq=207171.4759        argmax=85295
[dump]   top0 idx=85295 val=0.48239
[dump]   top1 idx=43845 val=0.43843
[dump]   top2 idx=54668 val=0.39628
[dump]   top3 idx=80057 val=0.39426
[dump]   top4 idx=85329 val=0.33775
[dump] L35.gated  n=98304   finite=1 absmax=2.6985       mean=-0.0010973   sumsq=1121.024427        argmax=5445
[dump]   top0 idx=5445 val=2.69848
[dump]   top1 idx=4165 val=2.50245
[dump]   top2 idx=3141 val=2.44908
[dump]   top3 idx=5957 val=2.44100
[dump]   top4 idx=3909 val=2.41315
[dump] L35.att    n=40960   finite=1 absmax=0.77769      mean=0.0013312    sumsq=141.8083124        argmax=1736
[dump]   top0 idx=1736 val=0.71210
[dump]   top1 idx=360 val=0.53117
[dump]   top2 idx=994 val=0.50311
[dump]   top3 idx=1795 val=0.49819
[dump]   top4 idx=1882 val=0.45000
[dump] L35.fmix   n=40960   finite=1 absmax=4.1761       mean=0.019761     sumsq=25262.46147        argmax=29955
[dump]   top0 idx=29955 val=3.48223
[dump]   top1 idx=19715 val=3.46318
[dump]   top2 idx=7971 val=3.41063
[dump]   top3 idx=14245 val=3.38704
[dump]   top4 idx=12035 val=3.32159
[dump] L35.mlogit n=8192    finite=1 absmax=11.754       mean=-6.2036      sumsq=324724.0462        argmax=4568
[dump]   top0 idx=4568 val=-1.64998
[dump]   top1 idx=3544 val=-1.68059
[dump]   top2 idx=4056 val=-1.77275
[dump]   top3 idx=1246 val=-1.92270
[dump]   top4 idx=6104 val=-1.92587
[dump] L35.mprob  n=8192    finite=1 absmax=0.093013     mean=0.0019531    sumsq=0.1672745569       argmax=4568
[dump]   top0 idx=4568 val=0.09301
[dump]   top1 idx=3544 val=0.08704
[dump]   top2 idx=4056 val=0.07881
[dump]   top3 idx=6104 val=0.07797
[dump]   top4 idx=6777 val=0.07085
[dump] L35.mid    n=160     finite=1 absmax=0 mean=0 sumsq=0 ids: 434 31 360 170 342 472 406 372 500 403 472 161 3 222 342 309 31 362 315 375 222 309 3 161 56 472 342 307 455 357 161 70 472 222 291 403 309 426 342 353 161 70 472 3 342 222 9 259 31 345 3 368 453 472 9 501 74 8 357 342 472 3 31 121 453 49 161 375 434 342 472 3 397 31 453 52 375 315 434 49 472 375 161 3 315 434 31 222 121 56 472 3 161 375 315 56 31 372 426 222 472 500 170 222 161 426 31 372 315 357 472 31 121 375 315 434 3 161 192 277 375 472 315 121 3 31 385 434 222 372 121 31 472 490 315 56 161 375 162 173 472 31 121 315 490 434 173 454 372 49 121 472 31 315 490 162 56 375 161 434
[dump] L35.rlogit n=8192    finite=1 absmax=11.754       mean=-6.2036      sumsq=324724.0462        argmax=4568
[dump]   top0 idx=4568 val=-1.64998
[dump]   top1 idx=3544 val=-1.68059
[dump]   top2 idx=4056 val=-1.77275
[dump]   top3 idx=1246 val=-1.92270
[dump]   top4 idx=6104 val=-1.92587
[dump] L35.mwt    n=160     finite=1 absmax=0.36795      mean=0.1          sumsq=2.393414958        argmax=80
[dump] L35.mgate  n=102400  finite=1 absmax=4.205        mean=-0.356       sumsq=44613.42675        argmax=67827
[dump]   top0 idx=67827 val=4.20503
[dump]   top1 idx=19953 val=2.53097
[dump]   top2 idx=84390 val=2.40670
[dump]   top3 idx=84641 val=2.39563
[dump]   top4 idx=35517 val=2.28627
[dump] L35.mup    n=102400  finite=1 absmax=3.4266       mean=-0.0078856   sumsq=32865.62031        argmax=13639
[dump]   top0 idx=13639 val=2.86921
[dump]   top1 idx=65604 val=2.79148
[dump]   top2 idx=45674 val=2.76820
[dump]   top3 idx=67655 val=2.63106
[dump]   top4 idx=67696 val=2.53005
[dump] L35.mgu    n=102400  finite=1 absmax=6.1399       mean=-0.00035154  sumsq=2308.868943        argmax=45674
[dump]   top0 idx=45674 val=5.61116
[dump]   top1 idx=11276 val=4.43191
[dump]   top2 idx=74474 val=3.53512
[dump]   top3 idx=65279 val=3.30852
[dump]   top4 idx=13536 val=2.88447
[dump] L35.mdown  n=409600  finite=1 absmax=0.4482       mean=0.00033463   sumsq=1016.68442         argmax=155482
[dump]   top0 idx=155482 val=0.44820
[dump]   top1 idx=283482 val=0.44436
[dump]   top2 idx=339802 val=0.40663
[dump]   top3 idx=271137 val=0.40267
[dump]   top4 idx=182371 val=0.39675
[dump] L35.msh    n=40960   finite=1 absmax=0.023328     mean=0.00013524   sumsq=0.4082103967       argmax=2900
[dump]   top0 idx=2900 val=0.02113
[dump]   top1 idx=35876 val=0.01819
[dump]   top2 idx=28196 val=0.01811
[dump]   top3 idx=33316 val=0.01679
[dump]   top4 idx=31665 val=0.01634
[dump] L35.mout   n=40960   finite=1 absmax=0.15308      mean=0.00073038   sumsq=24.39731262        argmax=17242
[dump]   top0 idx=17242 val=0.15281
[dump]   top1 idx=30042 val=0.14615
[dump]   top2 idx=16047 val=0.11872
[dump]   top3 idx=21769 val=0.11717
[dump]   top4 idx=16661 val=0.10970
[dump] L35.moe    n=40960   finite=1 absmax=0.15308      mean=0.00073038   sumsq=24.39731262        argmax=17242
[dump]   top0 idx=17242 val=0.15281
[dump]   top1 idx=30042 val=0.14615
[dump]   top2 idx=16047 val=0.11872
[dump]   top3 idx=21769 val=0.11717
[dump]   top4 idx=16661 val=0.10970
[dump] L35.res    n=163840  finite=1 absmax=2.8109       mean=0.0022397    sumsq=1193.978193        argmax=1500
[dump]   top0 idx=1500 val=1.15448
[dump]   top1 idx=63322 val=1.14151
[dump]   top2 idx=2121 val=1.00013
[dump]   top3 idx=83802 val=0.93878
[dump]   top4 idx=138 val=0.92547
[dump] L36.hcmix  n=40960   finite=1 absmax=12.298       mean=0.01771      sumsq=14874.07336        argmax=1500
[dump]   top0 idx=1500 val=6.50281
[dump]   top1 idx=793 val=5.30108
[dump]   top2 idx=788 val=3.85600
[dump]   top3 idx=1736 val=3.79180
[dump]   top4 idx=3511 val=3.67121
[dump] L36.conv   n=163840  finite=1 absmax=5.2487       mean=-0.0010256   sumsq=914.8218209        argmax=12399
[dump]   top0 idx=12399 val=5.24871
[dump]   top1 idx=134517 val=3.08663
[dump]   top2 idx=1397 val=3.02050
[dump]   top3 idx=13601 val=2.59326
[dump]   top4 idx=11637 val=2.54025
[dump] L36.gnorm  n=98304   finite=1 absmax=8.7426       mean=0.0036602    sumsq=961.5549821        argmax=3916
[dump]   top0 idx=3916 val=8.74262
[dump]   top1 idx=38973 val=1.87171
[dump]   top2 idx=8253 val=1.65761
[dump]   top3 idx=32829 val=1.57667
[dump]   top4 idx=5980 val=1.51548
[dump] L36.lin    n=40960   finite=1 absmax=6.0751       mean=0.0029294    sumsq=755.3556243        argmax=1827
[dump]   top0 idx=1827 val=3.08840
[dump]   top1 idx=2311 val=2.04564
[dump]   top2 idx=1984 val=1.95524
[dump]   top3 idx=2238 val=1.92305
[dump]   top4 idx=403 val=1.86072
[dump] L36.att    n=40960   finite=1 absmax=6.0751       mean=0.0029294    sumsq=755.3556243        argmax=1827
[dump]   top0 idx=1827 val=3.08840
[dump]   top1 idx=2311 val=2.04564
[dump]   top2 idx=1984 val=1.95524
[dump]   top3 idx=2238 val=1.92305
[dump]   top4 idx=403 val=1.86072
[dump] L36.fmix   n=40960   finite=1 absmax=5.708        mean=0.039916     sumsq=38559.0551         argmax=8681
[dump]   top0 idx=8681 val=5.49200
[dump]   top1 idx=4046 val=5.05222
[dump]   top2 idx=14245 val=4.59799
[dump]   top3 idx=13717 val=4.24871
[dump]   top4 idx=36070 val=3.79855
[dump] L36.mlogit n=8192    finite=1 absmax=11.617       mean=-6.22        sumsq=324267.0049        argmax=7043
[dump]   top0 idx=7043 val=-2.09392
[dump]   top1 idx=1754 val=-2.21968
[dump]   top2 idx=6531 val=-2.30211
[dump]   top3 idx=6019 val=-2.35684
[dump]   top4 idx=4483 val=-2.38981
[dump] L36.mprob  n=8192    finite=1 absmax=0.078705     mean=0.0019531    sumsq=0.1041851127       argmax=7043
[dump]   top0 idx=7043 val=0.07870
[dump]   top1 idx=1754 val=0.06738
[dump]   top2 idx=6531 val=0.06234
[dump]   top3 idx=8067 val=0.06191
[dump]   top4 idx=6019 val=0.06139
[dump] L36.mid    n=160     finite=1 absmax=0 mean=0 sumsq=0 ids: 363 78 76 429 55 210 407 265 473 388 412 396 102 218 387 358 25 490 217 269 412 218 396 233 341 96 22 429 387 137 218 308 134 76 147 388 349 162 146 445 358 134 96 218 76 396 298 369 125 233 54 55 491 210 313 363 114 306 496 230 387 313 218 358 25 429 210 485 243 248 244 387 102 313 248 306 485 218 481 210 387 313 218 296 25 258 102 341 244 210 387 25 258 210 296 218 313 102 217 363 218 339 387 293 140 26 148 158 363 76 387 218 25 313 485 210 158 494 243 248 387 25 258 330 388 169 324 210 485 358 387 185 258 25 442 218 243 429 179 410 387 278 25 258 442 179 18 314 370 185 387 179 442 258 25 168 182 185 307 410
[dump] L36.rlogit n=8192    finite=1 absmax=11.617       mean=-6.22        sumsq=324267.0049        argmax=7043
[dump]   top0 idx=7043 val=-2.09392
[dump]   top1 idx=1754 val=-2.21968
[dump]   top2 idx=6531 val=-2.30211
[dump]   top3 idx=6019 val=-2.35684
[dump]   top4 idx=4483 val=-2.38981
[dump] L36.mwt    n=160     finite=1 absmax=0.38221      mean=0.1          sumsq=2.306938358        argmax=130
[dump] L36.mgate  n=102400  finite=1 absmax=4.1259       mean=-0.30633     sumsq=61649.51178        argmax=65264
[dump]   top0 idx=65264 val=4.03582
[dump]   top1 idx=12617 val=3.76430
[dump]   top2 idx=17014 val=3.22819
[dump]   top3 idx=65125 val=3.07593
[dump]   top4 idx=51564 val=2.81670
[dump] L36.mup    n=102400  finite=1 absmax=3.99         mean=-0.0006198   sumsq=52339.75032        argmax=48367
[dump]   top0 idx=48367 val=3.70892
[dump]   top1 idx=24499 val=3.55863
[dump]   top2 idx=77441 val=3.37818
[dump]   top3 idx=8964 val=3.14250
[dump]   top4 idx=20506 val=3.09553
[dump] L36.mgu    n=102400  finite=1 absmax=5.8495       mean=-0.00024473  sumsq=5481.351762        argmax=96556
[dump]   top0 idx=96556 val=5.84950
[dump]   top1 idx=78034 val=4.39625
[dump]   top2 idx=37510 val=4.09411
[dump]   top3 idx=67885 val=4.02847
[dump]   top4 idx=68335 val=3.93068
[dump] L36.mdown  n=409600  finite=1 absmax=0.47498      mean=0.0001421    sumsq=2418.304002        argmax=311880
[dump]   top0 idx=311880 val=0.43927
[dump]   top1 idx=334282 val=0.42169
[dump]   top2 idx=105982 val=0.42068
[dump]   top3 idx=282579 val=0.41862
[dump]   top4 idx=288408 val=0.40297
[dump] L36.msh    n=40960   finite=1 absmax=0.18061      mean=0.00014283   sumsq=3.554560433        argmax=9507
[dump]   top0 idx=9507 val=0.07166
[dump]   top1 idx=8812 val=0.07134
[dump]   top2 idx=27395 val=0.07076
[dump]   top3 idx=14627 val=0.07026
[dump]   top4 idx=14536 val=0.06872
[dump] L36.mout   n=40960   finite=1 absmax=0.22495      mean=0.0006028    sumsq=52.45728015        argmax=35107
[dump]   top0 idx=35107 val=0.22495
[dump]   top1 idx=32840 val=0.18431
[dump]   top2 idx=29987 val=0.17678
[dump]   top3 idx=34333 val=0.17415
[dump]   top4 idx=34762 val=0.16485
[dump] L36.moe    n=40960   finite=1 absmax=0.22495      mean=0.0006028    sumsq=52.45728015        argmax=35107
[dump]   top0 idx=35107 val=0.22495
[dump]   top1 idx=32840 val=0.18431
[dump]   top2 idx=29987 val=0.17678
[dump]   top3 idx=34333 val=0.17415
[dump]   top4 idx=34762 val=0.16485
[dump] L36.res    n=163840  finite=1 absmax=6.3741       mean=0.0032269    sumsq=2309.628667        argmax=1827
[dump]   top0 idx=1827 val=2.88881
[dump]   top1 idx=138 val=2.24846
[dump]   top2 idx=63322 val=1.95184
[dump]   top3 idx=1984 val=1.72679
[dump]   top4 idx=1736 val=1.71141
[dump] L37.hcmix  n=40960   finite=1 absmax=16.858       mean=0.031917     sumsq=14197.31647        argmax=1500
[dump]   top0 idx=1500 val=7.72757
[dump]   top1 idx=1827 val=6.70433
[dump]   top2 idx=19715 val=4.35170
[dump]   top3 idx=138 val=4.14745
[dump]   top4 idx=1736 val=4.02135
[dump] L37.conv   n=163840  finite=1 absmax=3.2976       mean=0.0013015    sumsq=1143.054375        argmax=155657
[dump]   top0 idx=155657 val=3.29757
[dump]   top1 idx=74249 val=3.22019
[dump]   top2 idx=12997 val=2.61585
[dump]   top3 idx=143375 val=2.50551
[dump]   top4 idx=133135 val=2.35030
[dump] L37.gnorm  n=98304   finite=1 absmax=4.1533       mean=0.00026632   sumsq=183.7994893        argmax=3391
[dump]   top0 idx=3391 val=4.15328
[dump]   top1 idx=68127 val=0.57395
[dump]   top2 idx=29343 val=0.56803
[dump]   top3 idx=15823 val=0.51414
[dump]   top4 idx=11921 val=0.43585
[dump] L37.lin    n=40960   finite=1 absmax=2.2486       mean=-0.0010326   sumsq=129.3084164        argmax=2537
[dump]   top0 idx=2537 val=1.13888
[dump]   top1 idx=932 val=0.67606
[dump]   top2 idx=138 val=0.62858
[dump]   top3 idx=1359 val=0.55469
[dump]   top4 idx=1750 val=0.54045
[dump] L37.att    n=40960   finite=1 absmax=2.2486       mean=-0.0010326   sumsq=129.3084164        argmax=2537
[dump]   top0 idx=2537 val=1.13888
[dump]   top1 idx=932 val=0.67606
[dump]   top2 idx=138 val=0.62858
[dump]   top3 idx=1359 val=0.55469
[dump]   top4 idx=1750 val=0.54045
[dump] L37.fmix   n=40960   finite=1 absmax=4.9956       mean=0.046513     sumsq=38620.98645        argmax=8681
[dump]   top0 idx=8681 val=4.69790
[dump]   top1 idx=14245 val=4.13888
[dump]   top2 idx=12360 val=4.09949
[dump]   top3 idx=12655 val=3.94062
[dump]   top4 idx=36536 val=3.91864
[dump] L37.mlogit n=8192    finite=1 absmax=14.107       mean=-6.2041      sumsq=324143.8407        argmax=4960
[dump]   top0 idx=4960 val=-1.96721
[dump]   top1 idx=6969 val=-2.22882
[dump]   top2 idx=7993 val=-2.24182
[dump]   top3 idx=6513 val=-2.33683
[dump]   top4 idx=6201 val=-2.50594
[dump] L37.mprob  n=8192    finite=1 absmax=0.060655     mean=0.0019531    sumsq=0.1038589836       argmax=4960
[dump]   top0 idx=4960 val=0.06066
[dump]   top1 idx=6969 val=0.05603
[dump]   top2 idx=7993 val=0.05121
[dump]   top3 idx=7481 val=0.04448
[dump]   top4 idx=6513 val=0.04350
[dump] L37.mid    n=160     finite=1 absmax=0 mean=0 sumsq=0 ids: 255 72 379 304 131 25 418 420 324 10 19 304 324 255 369 286 150 457 435 379 451 286 350 128 197 369 118 200 435 372 306 346 255 359 19 284 479 265 187 511 128 346 255 150 451 379 435 324 33 187 131 302 297 25 255 392 379 96 24 134 19 29 118 346 369 484 324 57 255 155 19 118 57 360 255 369 25 290 346 155 19 118 352 346 57 484 369 389 131 255 352 118 57 19 369 200 255 306 346 155 19 317 255 369 484 379 118 346 155 326 255 346 369 131 19 57 200 313 379 389 369 57 304 264 255 19 346 118 389 484 313 369 469 57 346 389 200 326 306 128 313 321 346 19 369 469 57 326 494 255 313 346 57 369 469 304 264 19 131 243
[dump] L37.rlogit n=8192    finite=1 absmax=14.107       mean=-6.2041      sumsq=324143.8407        argmax=4960
[dump]   top0 idx=4960 val=-1.96721
[dump]   top1 idx=6969 val=-2.22882
[dump]   top2 idx=7993 val=-2.24182
[dump]   top3 idx=6513 val=-2.33683
[dump]   top4 idx=6201 val=-2.50594
[dump] L37.mwt    n=160     finite=1 absmax=0.27606      mean=0.1          sumsq=1.874365295        argmax=90
[dump] L37.mgate  n=102400  finite=1 absmax=4.5382       mean=-0.37826     sumsq=69192.24431        argmax=94870
[dump]   top0 idx=94870 val=3.86747
[dump]   top1 idx=73595 val=3.61192
[dump]   top2 idx=51835 val=3.49727
[dump]   top3 idx=45435 val=3.49411
[dump]   top4 idx=73972 val=3.31995
[dump] L37.mup    n=102400  finite=1 absmax=4.9272       mean=-0.0041953   sumsq=55840.40672        argmax=81286
[dump]   top0 idx=81286 val=4.92716
[dump]   top1 idx=58246 val=4.11457
[dump]   top2 idx=39686 val=4.01056
[dump]   top3 idx=64949 val=3.66692
[dump]   top4 idx=100356 val=3.57271
[dump] L37.mgu    n=102400  finite=1 absmax=11.51        mean=0.0019212    sumsq=6773.926569        argmax=81286
[dump]   top0 idx=81286 val=11.50959
[dump]   top1 idx=58246 val=6.67278
[dump]   top2 idx=72145 val=6.31716
[dump]   top3 idx=93812 val=6.04268
[dump]   top4 idx=85492 val=5.48955
[dump] L37.mdown  n=409600  finite=1 absmax=0.74282      mean=0.00011197   sumsq=3182.969874        argmax=205236
[dump]   top0 idx=205236 val=0.74282
[dump]   top1 idx=292276 val=0.74220
[dump]   top2 idx=325572 val=0.69801
[dump]   top3 idx=301460 val=0.66088
[dump]   top4 idx=327169 val=0.62573
[dump] L37.msh    n=40960   finite=1 absmax=0.10801      mean=0.00012593   sumsq=2.483061337        argmax=27482
[dump]   top0 idx=27482 val=0.07103
[dump]   top1 idx=27815 val=0.06802
[dump]   top2 idx=9897 val=0.05869
[dump]   top3 idx=26968 val=0.05796
[dump]   top4 idx=9562 val=0.05739
[dump] L37.mout   n=40960   finite=1 absmax=0.17562      mean=0.00028218   sumsq=46.96028027        argmax=29042
[dump]   top0 idx=29042 val=0.17562
[dump]   top1 idx=31602 val=0.17535
[dump]   top2 idx=26036 val=0.16421
[dump]   top3 idx=20916 val=0.15083
[dump]   top4 idx=31704 val=0.14311
[dump] L37.moe    n=40960   finite=1 absmax=0.17562      mean=0.00028218   sumsq=46.96028027        argmax=29042
[dump]   top0 idx=29042 val=0.17562
[dump]   top1 idx=31602 val=0.17535
[dump]   top2 idx=26036 val=0.16421
[dump]   top3 idx=20916 val=0.15083
[dump]   top4 idx=31704 val=0.14311
[dump] L37.res    n=163840  finite=1 absmax=6.7267       mean=0.0031007    sumsq=2774.182067        argmax=1827
[dump]   top0 idx=1827 val=2.93525
[dump]   top1 idx=138 val=2.34937
[dump]   top2 idx=63322 val=1.97793
[dump]   top3 idx=1984 val=1.82414
[dump]   top4 idx=1736 val=1.70236
[dump] L38.hcmix  n=40960   finite=1 absmax=34.016       mean=0.021912     sumsq=14895.84217        argmax=1500
[dump]   top0 idx=1500 val=9.62091
[dump]   top1 idx=1827 val=5.88460
[dump]   top2 idx=138 val=5.73224
[dump]   top3 idx=793 val=5.08150
[dump]   top4 idx=1984 val=4.68410
[dump] L38.conv   n=163840  finite=1 absmax=11.541       mean=-0.0047011   sumsq=1552.78133         argmax=15196
[dump]   top0 idx=15196 val=11.54087
[dump]   top1 idx=17264 val=10.33268
[dump]   top2 idx=27481 val=7.31378
[dump]   top3 idx=19327 val=4.73528
[dump]   top4 idx=37721 val=4.45024
[dump] L38.gnorm  n=98304   finite=1 absmax=0.53109      mean=-0.00091746  sumsq=165.5923887        argmax=66096
[dump]   top0 idx=66096 val=0.51543
[dump]   top1 idx=93020 val=0.47931
[dump]   top2 idx=72240 val=0.46383
[dump]   top3 idx=47664 val=0.44033
[dump]   top4 idx=96816 val=0.43108
[dump] L38.lin    n=40960   finite=1 absmax=0.45137      mean=-0.00062704  sumsq=106.6832754        argmax=403
[dump]   top0 idx=403 val=0.40552
[dump]   top1 idx=36753 val=0.31695
[dump]   top2 idx=34193 val=0.31241
[dump]   top3 idx=7716 val=0.28407
[dump]   top4 idx=7988 val=0.28131
[dump] L38.att    n=40960   finite=1 absmax=0.45137      mean=-0.00062704  sumsq=106.6832754        argmax=403
[dump]   top0 idx=403 val=0.40552
[dump]   top1 idx=36753 val=0.31695
[dump]   top2 idx=34193 val=0.31241
[dump]   top3 idx=7716 val=0.28407
[dump]   top4 idx=7988 val=0.28131
[dump] L38.fmix   n=40960   finite=1 absmax=6.0601       mean=0.046581     sumsq=35183.86745        argmax=12655
[dump]   top0 idx=12655 val=6.06015
[dump]   top1 idx=10936 val=5.41484
[dump]   top2 idx=8681 val=5.00615
[dump]   top3 idx=1863 val=4.23907
[dump]   top4 idx=7573 val=3.98170
[dump] L38.mlogit n=8192    finite=1 absmax=9.7066       mean=-6.2787      sumsq=330526.4675        argmax=1484
[dump]   top0 idx=1484 val=-2.36721
[dump]   top1 idx=5112 val=-2.64944
[dump]   top2 idx=2444 val=-2.71194
[dump]   top3 idx=4600 val=-2.74848
[dump]   top4 idx=2000 val=-2.84337
[dump] L38.mprob  n=8192    finite=1 absmax=0.075024     mean=0.0019531    sumsq=0.09101113109      argmax=1484
[dump]   top0 idx=1484 val=0.07502
[dump]   top1 idx=4600 val=0.05148
[dump]   top2 idx=5112 val=0.04708
[dump]   top3 idx=2444 val=0.03926
[dump]   top4 idx=2000 val=0.03838
[dump] L38.mid    n=160     finite=1 absmax=0 mean=0 sumsq=0 ids: 317 456 283 345 309 41 287 57 446 205 96 425 305 394 164 188 438 483 257 275 460 188 265 96 187 13 425 394 402 232 464 352 279 51 96 145 376 460 402 54 396 460 96 193 183 202 384 356 111 310 341 206 347 309 235 104 18 345 462 388 7 206 460 438 226 116 341 393 483 388 241 375 307 425 124 106 259 291 388 460 504 460 206 96 388 124 50 279 400 7 504 460 454 438 279 355 135 206 486 388 153 87 226 71 452 460 164 454 173 188 460 206 116 226 7 213 41 134 483 457 483 226 206 438 460 486 7 117 18 50 226 412 173 206 457 287 262 460 50 483 168 370 226 173 323 483 287 228 262 429 226 287 173 483 206 260 354 76 14 438
[dump] L38.rlogit n=8192    finite=1 absmax=9.7066       mean=-6.2787      sumsq=330526.4675        argmax=1484
[dump]   top0 idx=1484 val=-2.36721
[dump]   top1 idx=5112 val=-2.64944
[dump]   top2 idx=2444 val=-2.71194
[dump]   top3 idx=4600 val=-2.74848
[dump]   top4 idx=2000 val=-2.84337
[dump] L38.mwt    n=160     finite=1 absmax=0.3636       mean=0.1          sumsq=1.987668018        argmax=80
[dump] L38.mgate  n=102400  finite=1 absmax=4.2847       mean=-0.30742     sumsq=60738.43222        argmax=15699
[dump]   top0 idx=15699 val=4.21675
[dump]   top1 idx=90425 val=3.54574
[dump]   top2 idx=15538 val=3.09325
[dump]   top3 idx=20372 val=3.03940
[dump]   top4 idx=2691 val=2.92596
[dump] L38.mup    n=102400  finite=1 absmax=5.1227       mean=-0.0012089   sumsq=49683.25369        argmax=65217
[dump]   top0 idx=65217 val=5.12270
[dump]   top1 idx=64214 val=3.40899
[dump]   top2 idx=82404 val=3.36498
[dump]   top3 idx=15470 val=3.27880
[dump]   top4 idx=40231 val=3.21979
[dump] L38.mgu    n=102400  finite=1 absmax=5.9035       mean=-0.00011262  sumsq=4907.786934        argmax=20372
[dump]   top0 idx=20372 val=5.90352
[dump]   top1 idx=15699 val=5.00532
[dump]   top2 idx=35696 val=4.41938
[dump]   top3 idx=56588 val=3.60492
[dump]   top4 idx=90234 val=3.55477
[dump] L38.mdown  n=409600  finite=1 absmax=0.84755      mean=1.7224e-05   sumsq=2166.759242        argmax=260897
[dump]   top0 idx=260897 val=0.84755
[dump]   top1 idx=62926 val=0.54135
[dump]   top2 idx=199143 val=0.48230
[dump]   top3 idx=62513 val=0.45692
[dump]   top4 idx=61846 val=0.44498
[dump] L38.msh    n=40960   finite=1 absmax=0.077961     mean=-8.789e-06   sumsq=3.117017574        argmax=19658
[dump]   top0 idx=19658 val=0.06370
[dump]   top1 idx=11996 val=0.05236
[dump]   top2 idx=26287 val=0.05067
[dump]   top3 idx=3280 val=0.04948
[dump]   top4 idx=4316 val=0.04756
[dump] L38.mout   n=40960   finite=1 absmax=0.21001      mean=6.1094e-06   sumsq=34.9922575         argmax=27937
[dump]   top0 idx=27937 val=0.21001
[dump]   top1 idx=11484 val=0.12368
[dump]   top2 idx=37434 val=0.11996
[dump]   top3 idx=25834 val=0.11788
[dump]   top4 idx=14924 val=0.11782
[dump] L38.moe    n=40960   finite=1 absmax=0.21001      mean=6.1094e-06   sumsq=34.9922575         argmax=27937
[dump]   top0 idx=27937 val=0.21001
[dump]   top1 idx=11484 val=0.12368
[dump]   top2 idx=37434 val=0.11996
[dump]   top3 idx=25834 val=0.11788
[dump]   top4 idx=14924 val=0.11782
[dump] L38.res    n=163840  finite=1 absmax=6.7186       mean=0.0030041    sumsq=3041.012753        argmax=1827
[dump]   top0 idx=1827 val=2.93256
[dump]   top1 idx=138 val=2.35099
[dump]   top2 idx=63322 val=1.97647
[dump]   top3 idx=1984 val=1.82262
[dump]   top4 idx=1736 val=1.69801
[dump] L39.hcmix  n=40960   finite=1 absmax=4.8328       mean=0.0091091    sumsq=5556.392817        argmax=793
[dump]   top0 idx=793 val=4.83276
[dump]   top1 idx=23045 val=3.47649
[dump]   top2 idx=38405 val=3.32547
[dump]   top3 idx=25605 val=3.21189
[dump]   top4 idx=15365 val=3.09909
[dump] L39.cur    n=40960   finite=1 absmax=4.8328       mean=0.0091091    sumsq=5556.392817        argmax=793
[dump]   top0 idx=793 val=4.83276
[dump]   top1 idx=23045 val=3.47649
[dump]   top2 idx=38405 val=3.32547
[dump]   top3 idx=25605 val=3.21189
[dump]   top4 idx=15365 val=3.09909
[dump] L39.qnorm  n=98304   finite=1 absmax=6.1143       mean=0.012773     sumsq=120374.9629        argmax=24602
[dump]   top0 idx=24602 val=6.11432
[dump]   top1 idx=12570 val=5.47894
[dump]   top2 idx=95807 val=5.42915
[dump]   top3 idx=6170 val=5.40048
[dump]   top4 idx=55322 val=5.37929
[dump] L39.knorm  n=8192    finite=1 absmax=9.199        mean=0.063174     sumsq=20027.75995        argmax=6201
[dump]   top0 idx=6201 val=9.19904
[dump]   top1 idx=5177 val=9.13572
[dump]   top2 idx=2105 val=8.65633
[dump]   top3 idx=4153 val=8.22082
[dump]   top4 idx=3641 val=7.76233
[dump] L39.vraw   n=8192    finite=1 absmax=5.163        mean=-0.0047544   sumsq=4212.004048        argmax=3870
[dump]   top0 idx=3870 val=2.96646
[dump]   top1 idx=6554 val=2.82987
[dump]   top2 idx=5059 val=2.75682
[dump]   top3 idx=5602 val=2.71780
[dump]   top4 idx=864 val=2.67702
[dump] L39.Q      n=98304   finite=1 absmax=6.1143       mean=0.014437     sumsq=120374.9629        argmax=24602
[dump]   top0 idx=24602 val=6.11432
[dump]   top1 idx=12570 val=5.47894
[dump]   top2 idx=95807 val=5.42915
[dump]   top3 idx=6170 val=5.40048
[dump]   top4 idx=55322 val=5.37926
[dump] L39.K      n=8192    finite=1 absmax=9.1992       mean=0.057842     sumsq=20027.75991        argmax=6201
[dump]   top0 idx=6201 val=9.19924
[dump]   top1 idx=5177 val=9.13589
[dump]   top2 idx=2105 val=8.65641
[dump]   top3 idx=4153 val=8.22100
[dump]   top4 idx=3641 val=7.76246
[dump] L39.faout  n=98304   finite=1 absmax=5.1633       mean=-0.012842    sumsq=29525.05677        argmax=60898
[dump]   top0 idx=60898 val=2.44635
[dump]   top1 idx=91618 val=2.38615
[dump]   top2 idx=27 val=2.37662
[dump]   top3 idx=283 val=2.37662
[dump]   top4 idx=539 val=2.37662
[dump] L39.gate   n=98304   finite=1 absmax=6.4627       mean=-1.676       sumsq=315696.4877        argmax=7983
[dump]   top0 idx=7983 val=0.24458
[dump]   top1 idx=22780 val=0.13987
[dump]   top2 idx=16636 val=0.11421
[dump]   top3 idx=68178 val=0.06915
[dump]   top4 idx=56879 val=0.06784
[dump] L39.gated  n=98304   finite=1 absmax=0.94799      mean=-0.0018178   sumsq=1608.225004        argmax=79868
[dump]   top0 idx=79868 val=0.86395
[dump]   top1 idx=72756 val=0.84547
[dump]   top2 idx=22780 val=0.82922
[dump]   top3 idx=16636 val=0.82290
[dump]   top4 idx=33844 val=0.80107
[dump] L39.att    n=40960   finite=1 absmax=0.561        mean=0.00083159   sumsq=215.8652435        argmax=29052
[dump]   top0 idx=29052 val=0.56100
[dump]   top1 idx=23839 val=0.41573
[dump]   top2 idx=39292 val=0.39357
[dump]   top3 idx=15465 val=0.39354
[dump]   top4 idx=21372 val=0.39235
[dump] L39.fmix   n=40960   finite=1 absmax=8.5191       mean=0.035854     sumsq=41442.53364        argmax=8681
[dump]   top0 idx=8681 val=8.51912
[dump]   top1 idx=15939 val=5.78658
[dump]   top2 idx=8288 val=5.54440
[dump]   top3 idx=5699 val=5.22454
[dump]   top4 idx=23619 val=5.14826
[dump] L39.mlogit n=8192    finite=1 absmax=10.2         mean=-6.0774      sumsq=307307.1974        argmax=8036
[dump]   top0 idx=8036 val=-1.12849
[dump]   top1 idx=6500 val=-1.33616
[dump]   top2 idx=356 val=-1.35981
[dump]   top3 idx=4452 val=-1.51287
[dump]   top4 idx=7524 val=-1.61767
[dump] L39.mprob  n=8192    finite=1 absmax=0.1686       mean=0.0019531    sumsq=0.1979301113       argmax=356
[dump]   top0 idx=356 val=0.16860
[dump]   top1 idx=8036 val=0.16475
[dump]   top2 idx=6500 val=0.13716
[dump]   top3 idx=4452 val=0.12744
[dump]   top4 idx=7524 val=0.10494
[dump] L39.mid    n=160     finite=1 absmax=0 mean=0 sumsq=0 ids: 356 323 285 42 496 260 242 334 82 463 356 496 103 167 45 128 480 477 494 120 496 48 45 356 477 480 128 103 123 223 356 496 42 307 99 107 355 264 337 220 356 99 496 500 103 42 109 128 264 342 480 372 356 82 285 494 201 389 36 495 356 480 128 42 334 99 103 299 496 336 356 480 128 42 334 299 477 375 336 45 356 128 110 148 42 480 299 60 199 274 356 406 128 32 477 480 177 42 245 219 356 477 42 459 128 372 45 355 36 442 356 128 334 110 480 60 42 496 477 336 356 334 128 60 32 42 480 110 145 120 356 60 127 233 128 108 116 10 433 362 356 425 60 116 257 334 233 127 463 128 356 60 128 425 233 127 116 110 32 257
[dump] L39.rlogit n=8192    finite=1 absmax=10.2         mean=-6.0774      sumsq=307307.1974        argmax=8036
[dump]   top0 idx=8036 val=-1.12849
[dump]   top1 idx=6500 val=-1.33616
[dump]   top2 idx=356 val=-1.35981
[dump]   top3 idx=4452 val=-1.51287
[dump]   top4 idx=7524 val=-1.61767
[dump] L39.mwt    n=160     finite=1 absmax=0.67158      mean=0.1          sumsq=4.060587921        argmax=0
[dump] L39.mgate  n=102400  finite=1 absmax=4.1427       mean=-0.34222     sumsq=67501.63774        argmax=66548
[dump]   top0 idx=66548 val=3.28363
[dump]   top1 idx=68228 val=3.13371
[dump]   top2 idx=59691 val=2.98681
[dump]   top3 idx=28815 val=2.93546
[dump]   top4 idx=34094 val=2.89934
[dump] L39.mup    n=102400  finite=1 absmax=4.0845       mean=0.0057845    sumsq=58673.65463        argmax=22913
[dump]   top0 idx=22913 val=3.72253
[dump]   top1 idx=25862 val=3.65706
[dump]   top2 idx=93753 val=3.54877
[dump]   top3 idx=19462 val=3.52501
[dump]   top4 idx=84307 val=3.51388
[dump] L39.mgu    n=102400  finite=1 absmax=7.6834       mean=0.00048236   sumsq=6546.733279        argmax=45115
[dump]   top0 idx=45115 val=5.03327
[dump]   top1 idx=79187 val=4.43611
[dump]   top2 idx=34094 val=4.30026
[dump]   top3 idx=51580 val=4.24060
[dump]   top4 idx=6862 val=4.09921
[dump] L39.mdown  n=409600  finite=1 absmax=0.63374      mean=-9.5155e-05  sumsq=2794.269548        argmax=2311
[dump]   top0 idx=2311 val=0.63374
[dump]   top1 idx=105628 val=0.51757
[dump]   top2 idx=56677 val=0.51303
[dump]   top3 idx=41194 val=0.51267
[dump]   top4 idx=105756 val=0.50863
[dump] L39.msh    n=40960   finite=1 absmax=0.079369     mean=-0.00010435  sumsq=3.611169206        argmax=11771
[dump]   top0 idx=11771 val=0.07937
[dump]   top1 idx=37208 val=0.06856
[dump]   top2 idx=29896 val=0.06697
[dump]   top3 idx=38055 val=0.06361
[dump]   top4 idx=37371 val=0.06285
[dump] L39.mout   n=40960   finite=1 absmax=0.4363       mean=0.00031165   sumsq=97.39696119        argmax=2311
[dump]   top0 idx=2311 val=0.43630
[dump]   top1 idx=422 val=0.29401
[dump]   top2 idx=21084 val=0.26338
[dump]   top3 idx=1882 val=0.25952
[dump]   top4 idx=21597 val=0.22456
[dump] L39.moe    n=40960   finite=1 absmax=0.4363       mean=0.00031165   sumsq=97.39696119        argmax=2311
[dump]   top0 idx=2311 val=0.43630
[dump]   top1 idx=422 val=0.29401
[dump]   top2 idx=21084 val=0.26338
[dump]   top3 idx=1882 val=0.25952
[dump]   top4 idx=21597 val=0.22456
[dump] L39.res    n=163840  finite=1 absmax=6.0655       mean=0.0034464    sumsq=3847.57942         argmax=1827
[dump]   top0 idx=1827 val=2.94011
[dump]   top1 idx=138 val=2.36993
[dump]   top2 idx=63322 val=2.29562
[dump]   top3 idx=1984 val=2.01299
[dump]   top4 idx=114522 val=1.98415
[dump] L40.hcmix  n=40960   finite=1 absmax=20.013       mean=0.035443     sumsq=27667.69779        argmax=138
[dump]   top0 idx=138 val=7.84965
[dump]   top1 idx=1827 val=7.00743
[dump]   top2 idx=12655 val=6.12249
[dump]   top3 idx=472 val=4.92092
[dump]   top4 idx=1984 val=4.88606
[dump] L40.conv   n=163840  finite=1 absmax=9.9982       mean=-0.010699    sumsq=4048.873821        argmax=26999
[dump]   top0 idx=26999 val=9.99823
[dump]   top1 idx=28977 val=8.97788
[dump]   top2 idx=20051 val=7.26964
[dump]   top3 idx=26957 val=7.11302
[dump]   top4 idx=28965 val=7.00776
[dump] L40.gnorm  n=98304   finite=1 absmax=1.3977       mean=-0.0032179   sumsq=321.8549879        argmax=14864
[dump]   top0 idx=14864 val=1.39774
[dump]   top1 idx=62036 val=1.26380
[dump]   top2 idx=49748 val=1.18900
[dump]   top3 idx=92019 val=1.08941
[dump]   top4 idx=43604 val=1.02105
[dump] L40.lin    n=40960   finite=1 absmax=0.61943      mean=0.002526     sumsq=203.2929534        argmax=8741
[dump]   top0 idx=8741 val=0.61943
[dump]   top1 idx=13861 val=0.59807
[dump]   top2 idx=27937 val=0.56761
[dump]   top3 idx=36901 val=0.55987
[dump]   top4 idx=29221 val=0.52787
[dump] L40.att    n=40960   finite=1 absmax=0.61943      mean=0.002526     sumsq=203.2929534        argmax=8741
[dump]   top0 idx=8741 val=0.61943
[dump]   top1 idx=13861 val=0.59807
[dump]   top2 idx=27937 val=0.56761
[dump]   top3 idx=36901 val=0.55987
[dump]   top4 idx=29221 val=0.52787
[dump] L40.fmix   n=40960   finite=1 absmax=7.3244       mean=0.040976     sumsq=47128.62555        argmax=8681
[dump]   top0 idx=8681 val=7.32438
[dump]   top1 idx=15939 val=6.13242
[dump]   top2 idx=25278 val=5.77434
[dump]   top3 idx=22718 val=5.76341
[dump]   top4 idx=20158 val=5.66151
[dump] L40.mlogit n=8192    finite=1 absmax=9.918        mean=-6.0918      sumsq=309207.4321        argmax=2316
[dump]   top0 idx=2316 val=-1.43177
[dump]   top1 idx=792 val=-2.09979
[dump]   top2 idx=1304 val=-2.20961
[dump]   top3 idx=1292 val=-2.55698
[dump]   top4 idx=6479 val=-2.64062
[dump] L40.mprob  n=8192    finite=1 absmax=0.13865      mean=0.0019531    sumsq=0.1021188429       argmax=2316
[dump]   top0 idx=2316 val=0.13865
[dump]   top1 idx=792 val=0.07666
[dump]   top2 idx=1304 val=0.06786
[dump]   top3 idx=1292 val=0.04794
[dump]   top4 idx=6479 val=0.04291
[dump] L40.mid    n=160     finite=1 absmax=0 mean=0 sumsq=0 ids: 280 309 172 449 178 141 428 91 103 381 280 28 141 249 380 332 311 135 362 229 280 268 282 8 218 66 502 332 219 176 280 217 380 199 477 334 111 277 461 271 268 280 334 217 21 160 391 199 380 67 36 178 280 428 200 295 127 309 310 141 280 335 380 141 138 334 398 204 36 160 280 335 295 128 336 188 219 138 208 172 280 335 220 138 261 263 411 465 181 492 280 204 398 335 52 22 250 181 305 229 307 170 412 280 351 282 77 178 301 479 172 280 335 208 138 178 64 398 61 309 335 280 208 172 138 178 465 141 220 226 240 491 335 212 204 435 494 61 57 155 240 172 491 470 335 208 212 398 61 64 335 240 172 208 470 491 497 138 260 435
[dump] L40.rlogit n=8192    finite=1 absmax=9.918        mean=-6.0918      sumsq=309207.4321        argmax=2316
[dump]   top0 idx=2316 val=-1.43177
[dump]   top1 idx=792 val=-2.09979
[dump]   top2 idx=1304 val=-2.20961
[dump]   top3 idx=1292 val=-2.55698
[dump]   top4 idx=6479 val=-2.64062
[dump] L40.mwt    n=160     finite=1 absmax=0.47605      mean=0.1          sumsq=2.33327455         argmax=40
[dump] L40.mgate  n=102400  finite=1 absmax=4.1405       mean=-0.56354     sumsq=90934.00583        argmax=69580
[dump]   top0 idx=69580 val=3.44176
[dump]   top1 idx=27490 val=3.30560
[dump]   top2 idx=25727 val=3.27130
[dump]   top3 idx=7351 val=3.09487
[dump]   top4 idx=7651 val=3.07335
[dump] L40.mup    n=102400  finite=1 absmax=6.0586       mean=-0.002757    sumsq=56041.84493        argmax=27295
[dump]   top0 idx=27295 val=6.05863
[dump]   top1 idx=42015 val=5.65714
[dump]   top2 idx=9130 val=4.57172
[dump]   top3 idx=39850 val=4.55513
[dump]   top4 idx=83496 val=4.40815
[dump] L40.mgu    n=102400  finite=1 absmax=6.0825       mean=5.2352e-05   sumsq=4855.415779        argmax=25727
[dump]   top0 idx=25727 val=6.08249
[dump]   top1 idx=34870 val=5.67801
[dump]   top2 idx=70514 val=5.11852
[dump]   top3 idx=26151 val=3.78838
[dump]   top4 idx=26795 val=3.52823
[dump] L40.mdown  n=409600  finite=1 absmax=0.54026      mean=-9.7375e-05  sumsq=2047.810572        argmax=282182
[dump]   top0 idx=282182 val=0.54026
[dump]   top1 idx=37604 val=0.45501
[dump]   top2 idx=104119 val=0.43475
[dump]   top3 idx=36894 val=0.41412
[dump]   top4 idx=108378 val=0.41283
[dump] L40.msh    n=40960   finite=1 absmax=0.073882     mean=0.00010879   sumsq=2.396772956        argmax=29916
[dump]   top0 idx=29916 val=0.06900
[dump]   top1 idx=17116 val=0.06599
[dump]   top2 idx=22236 val=0.06503
[dump]   top3 idx=27356 val=0.06268
[dump]   top4 idx=14331 val=0.05953
[dump] L40.mout   n=40960   finite=1 absmax=0.20732      mean=4.3997e-05   sumsq=39.73840536        argmax=12555
[dump]   top0 idx=12555 val=0.20732
[dump]   top1 idx=11959 val=0.19223
[dump]   top2 idx=10697 val=0.18973
[dump]   top3 idx=10624 val=0.18774
[dump]   top4 idx=12437 val=0.18534
[dump] L40.moe    n=40960   finite=1 absmax=0.20732      mean=4.3997e-05   sumsq=39.73840536        argmax=12555
[dump]   top0 idx=12555 val=0.20732
[dump]   top1 idx=11959 val=0.19223
[dump]   top2 idx=10697 val=0.18973
[dump]   top3 idx=10624 val=0.18774
[dump]   top4 idx=12437 val=0.18534
[dump] L40.res    n=163840  finite=1 absmax=6.0772       mean=0.0041624    sumsq=4376.272408        argmax=1827
[dump]   top0 idx=1827 val=2.95673
[dump]   top1 idx=138 val=2.41090
[dump]   top2 idx=63322 val=2.38709
[dump]   top3 idx=114522 val=2.21445
[dump]   top4 idx=1984 val=1.99422
[dump] L41.hcmix  n=40960   finite=1 absmax=19.275       mean=0.031406     sumsq=21106.15755        argmax=138
[dump]   top0 idx=138 val=7.24474
[dump]   top1 idx=1827 val=5.87248
[dump]   top2 idx=1500 val=5.52215
[dump]   top3 idx=1984 val=4.99806
[dump]   top4 idx=27937 val=4.42663
[dump] L41.conv   n=163840  finite=1 absmax=5.8555       mean=-0.0041507   sumsq=1268.562131        argmax=16403
[dump]   top0 idx=16403 val=5.85546
[dump]   top1 idx=24244 val=3.85816
[dump]   top2 idx=6269 val=3.10670
[dump]   top3 idx=67603 val=2.94313
[dump]   top4 idx=77843 val=2.77983
[dump] L41.gnorm  n=98304   finite=1 absmax=1.3415       mean=5.1191e-05   sumsq=287.7996963        argmax=25143
[dump]   top0 idx=25143 val=1.09354
[dump]   top1 idx=3941 val=1.02776
[dump]   top2 idx=31562 val=0.87497
[dump]   top3 idx=25370 val=0.79304
[dump]   top4 idx=63194 val=0.76082
[dump] L41.lin    n=40960   finite=1 absmax=0.73924      mean=0.00058194   sumsq=158.6679347        argmax=17242
[dump]   top0 idx=17242 val=0.73924
[dump]   top1 idx=14682 val=0.55713
[dump]   top2 idx=30042 val=0.53706
[dump]   top3 idx=32602 val=0.51577
[dump]   top4 idx=27482 val=0.49331
[dump] L41.att    n=40960   finite=1 absmax=0.73924      mean=0.00058194   sumsq=158.6679347        argmax=17242
[dump]   top0 idx=17242 val=0.73924
[dump]   top1 idx=14682 val=0.55713
[dump]   top2 idx=30042 val=0.53706
[dump]   top3 idx=32602 val=0.51577
[dump]   top4 idx=27482 val=0.49331
[dump] L41.fmix   n=40960   finite=1 absmax=7.0644       mean=0.043303     sumsq=50402.0028         argmax=8681
[dump]   top0 idx=8681 val=5.61345
[dump]   top1 idx=1500 val=5.51333
[dump]   top2 idx=8288 val=5.32451
[dump]   top3 idx=11929 val=4.86809
[dump]   top4 idx=22555 val=4.67310
[dump] L41.mlogit n=8192    finite=1 absmax=11.437       mean=-6.3127      sumsq=332105.7896        argmax=3056
[dump]   top0 idx=3056 val=-1.89361
[dump]   top1 idx=5691 val=-1.96283
[dump]   top2 idx=7227 val=-2.15192
[dump]   top3 idx=6203 val=-2.32621
[dump]   top4 idx=7739 val=-2.35743
[dump] L41.mprob  n=8192    finite=1 absmax=0.091539     mean=0.0019531    sumsq=0.1130810445       argmax=5691
[dump]   top0 idx=5691 val=0.09154
[dump]   top1 idx=3056 val=0.09102
[dump]   top2 idx=7227 val=0.07549
[dump]   top3 idx=7739 val=0.06966
[dump]   top4 idx=6203 val=0.06851
[dump] L41.mid    n=160     finite=1 absmax=0 mean=0 sumsq=0 ids: 59 240 198 491 331 445 482 420 266 348 348 178 489 27 20 196 505 19 378 21 205 132 348 20 58 378 480 19 178 423 289 19 387 348 90 343 204 255 160 135 21 204 95 343 160 71 90 454 196 348 496 59 55 433 42 491 476 348 493 482 157 59 198 299 118 116 348 433 496 20 59 489 299 240 433 376 440 430 198 332 132 118 506 253 58 59 489 302 116 348 118 348 404 205 131 132 426 366 342 202 389 406 45 303 505 146 59 374 461 169 59 433 450 198 118 240 416 443 491 440 59 433 440 476 450 118 240 198 491 477 59 305 278 450 483 17 221 433 413 70 59 450 433 346 240 477 293 301 221 338 59 450 491 118 119 433 440 106 472 111
[dump] L41.rlogit n=8192    finite=1 absmax=11.437       mean=-6.3127      sumsq=332105.7896        argmax=3056
[dump]   top0 idx=3056 val=-1.89361
[dump]   top1 idx=5691 val=-1.96283
[dump]   top2 idx=7227 val=-2.15192
[dump]   top3 idx=6203 val=-2.32621
[dump]   top4 idx=7739 val=-2.35743
[dump] L41.mwt    n=160     finite=1 absmax=0.43207      mean=0.1          sumsq=2.339314659        argmax=110
[dump] L41.mgate  n=102400  finite=1 absmax=4.3045       mean=-0.5077      sumsq=94314.79272        argmax=20793
[dump]   top0 idx=20793 val=3.60947
[dump]   top1 idx=84552 val=3.42467
[dump]   top2 idx=95863 val=3.26727
[dump]   top3 idx=12604 val=3.14913
[dump]   top4 idx=21024 val=3.12662
[dump] L41.mup    n=102400  finite=1 absmax=8.4585       mean=0.0053568    sumsq=62422.54063        argmax=28017
[dump]   top0 idx=28017 val=7.42779
[dump]   top1 idx=22897 val=7.37716
[dump]   top2 idx=70248 val=7.28761
[dump]   top3 idx=26243 val=4.85555
[dump]   top4 idx=22630 val=4.42711
[dump] L41.mgu    n=102400  finite=1 absmax=7.2697       mean=0.00063817   sumsq=6606.786594        argmax=85854
[dump]   top0 idx=85854 val=7.26967
[dump]   top1 idx=65422 val=5.49621
[dump]   top2 idx=69991 val=4.51133
[dump]   top3 idx=85035 val=4.39532
[dump]   top4 idx=12604 val=4.36353
[dump] L41.mdown  n=409600  finite=1 absmax=0.56733      mean=-9.5729e-05  sumsq=2776.564941        argmax=345138
[dump]   top0 idx=345138 val=0.52296
[dump]   top1 idx=339232 val=0.50876
[dump]   top2 idx=292785 val=0.50164
[dump]   top3 idx=41467 val=0.49598
[dump]   top4 idx=41888 val=0.49119
[dump] L41.msh    n=40960   finite=1 absmax=0.078651     mean=-0.00016796  sumsq=2.673119444        argmax=10326
[dump]   top0 idx=10326 val=0.05927
[dump]   top1 idx=25686 val=0.05680
[dump]   top2 idx=10451 val=0.05465
[dump]   top3 idx=11430 val=0.04798
[dump]   top4 idx=20110 val=0.04570
[dump] L41.mout   n=40960   finite=1 absmax=0.15664      mean=-0.00017022  sumsq=46.13742861        argmax=30466
[dump]   top0 idx=30466 val=0.15183
[dump]   top1 idx=12702 val=0.14916
[dump]   top2 idx=10253 val=0.14400
[dump]   top3 idx=10644 val=0.14149
[dump]   top4 idx=12590 val=0.13939
[dump] L41.moe    n=40960   finite=1 absmax=0.15664      mean=-0.00017022  sumsq=46.13742861        argmax=30466
[dump]   top0 idx=30466 val=0.15183
[dump]   top1 idx=12702 val=0.14916
[dump]   top2 idx=10253 val=0.14400
[dump]   top3 idx=10644 val=0.14149
[dump]   top4 idx=12590 val=0.13939
[dump] L41.res    n=163840  finite=1 absmax=6.0115       mean=0.0042745    sumsq=4891.697347        argmax=1827
[dump]   top0 idx=1827 val=3.08302
[dump]   top1 idx=63322 val=2.78848
[dump]   top2 idx=138 val=2.50685
[dump]   top3 idx=114522 val=2.49310
[dump]   top4 idx=1984 val=2.19946
[dump] L42.hcmix  n=40960   finite=1 absmax=12.81        mean=0.032414     sumsq=21928.55531        argmax=1984
[dump]   top0 idx=1984 val=6.20084
[dump]   top1 idx=138 val=5.69146
[dump]   top2 idx=14422 val=4.61337
[dump]   top3 idx=30042 val=4.13831
[dump]   top4 idx=17242 val=3.82081
[dump] L42.conv   n=163840  finite=1 absmax=2.6271       mean=-0.0017101   sumsq=869.0634065        argmax=117439
[dump]   top0 idx=117439 val=2.62709
[dump]   top1 idx=107199 val=2.40366
[dump]   top2 idx=127679 val=2.38813
[dump]   top3 idx=158399 val=2.30215
[dump]   top4 idx=86719 val=2.18413
[dump] L42.gnorm  n=98304   finite=1 absmax=1.2309       mean=0.00051349   sumsq=209.3816553        argmax=15175
[dump]   top0 idx=15175 val=1.23091
[dump]   top1 idx=6818 val=1.13909
[dump]   top2 idx=22289 val=0.77870
[dump]   top3 idx=44202 val=0.76794
[dump]   top4 idx=24390 val=0.71380
[dump] L42.lin    n=40960   finite=1 absmax=0.70925      mean=0.00089663   sumsq=140.2420084        argmax=23522
[dump]   top0 idx=23522 val=0.42439
[dump]   top1 idx=20962 val=0.38760
[dump]   top2 idx=18402 val=0.36891
[dump]   top3 idx=39393 val=0.36832
[dump]   top4 idx=10722 val=0.36053
[dump] L42.att    n=40960   finite=1 absmax=0.70925      mean=0.00089663   sumsq=140.2420084        argmax=23522
[dump]   top0 idx=23522 val=0.42439
[dump]   top1 idx=20962 val=0.38760
[dump]   top2 idx=18402 val=0.36891
[dump]   top3 idx=39393 val=0.36832
[dump]   top4 idx=10722 val=0.36053
[dump] L42.fmix   n=40960   finite=1 absmax=5.5921       mean=0.043405     sumsq=49941.77448        argmax=8681
[dump]   top0 idx=8681 val=5.59215
[dump]   top1 idx=29042 val=5.07706
[dump]   top2 idx=36493 val=4.70630
[dump]   top3 idx=27937 val=4.67828
[dump]   top4 idx=21424 val=4.56792
[dump] L42.mlogit n=8192    finite=1 absmax=10.479       mean=-6.281       sumsq=329001.5087        argmax=294
[dump]   top0 idx=294 val=-1.59807
[dump]   top1 idx=2613 val=-2.09342
[dump]   top2 idx=151 val=-2.66123
[dump]   top3 idx=6147 val=-2.73819
[dump]   top4 idx=7892 val=-2.74105
[dump] L42.mprob  n=8192    finite=1 absmax=0.13238      mean=0.0019531    sumsq=0.09989325701      argmax=294
[dump]   top0 idx=294 val=0.13238
[dump]   top1 idx=2613 val=0.08497
[dump]   top2 idx=4949 val=0.05091
[dump]   top3 idx=6147 val=0.04691
[dump]   top4 idx=151 val=0.04572
[dump] L42.mid    n=160     finite=1 absmax=0 mean=0 sumsq=0 ids: 294 151 366 248 283 322 212 393 83 53 455 78 250 3 357 293 341 319 276 279 357 455 279 14 302 495 276 341 53 37 474 42 21 39 455 141 105 51 414 108 39 59 455 78 21 414 65 92 490 276 53 506 215 507 151 276 248 348 14 140 3 110 140 310 276 357 53 455 5 231 140 310 3 110 354 455 90 53 151 276 310 341 3 191 182 455 110 136 140 283 341 391 3 278 269 110 357 191 310 276 310 3 151 227 333 110 455 78 72 105 3 337 212 140 151 231 193 5 117 451 3 151 5 140 212 466 310 411 121 193 212 321 3 446 509 399 6 310 7 140 212 494 310 7 3 358 509 498 399 83 212 3 509 310 140 498 83 290 399 6
[dump] L42.rlogit n=8192    finite=1 absmax=10.479       mean=-6.281       sumsq=329001.5087        argmax=294
[dump]   top0 idx=294 val=-1.59807
[dump]   top1 idx=2613 val=-2.09342
[dump]   top2 idx=151 val=-2.66123
[dump]   top3 idx=6147 val=-2.73819
[dump]   top4 idx=7892 val=-2.74105
[dump] L42.mwt    n=160     finite=1 absmax=0.44168      mean=0.1          sumsq=2.236711707        argmax=0
[dump] L42.mgate  n=102400  finite=1 absmax=6.5036       mean=-0.47217     sumsq=97932.85466        argmax=22686
[dump]   top0 idx=22686 val=6.50363
[dump]   top1 idx=71753 val=3.94259
[dump]   top2 idx=22612 val=3.80107
[dump]   top3 idx=13426 val=3.42997
[dump]   top4 idx=88217 val=3.38799
[dump] L42.mup    n=102400  finite=1 absmax=5.2346       mean=-0.00058128  sumsq=70056.56507        argmax=29827
[dump]   top0 idx=29827 val=5.23463
[dump]   top1 idx=90557 val=4.03035
[dump]   top2 idx=75314 val=4.01214
[dump]   top3 idx=14533 val=3.82517
[dump]   top4 idx=73013 val=3.59256
[dump] L42.mgu    n=102400  finite=1 absmax=9.4395       mean=-0.00044479  sumsq=9505.234387        argmax=32840
[dump]   top0 idx=32840 val=8.84983
[dump]   top1 idx=99390 val=6.44591
[dump]   top2 idx=91248 val=6.09657
[dump]   top3 idx=66905 val=6.06731
[dump]   top4 idx=36545 val=5.57782
[dump] L42.mdown  n=409600  finite=1 absmax=1.105        mean=0.00035381   sumsq=4122.588864        argmax=364362
[dump]   top0 idx=364362 val=0.82955
[dump]   top1 idx=163211 val=0.81082
[dump]   top2 idx=257112 val=0.77518
[dump]   top3 idx=205217 val=0.75002
[dump]   top4 idx=363719 val=0.74239
[dump] L42.msh    n=40960   finite=1 absmax=0.1461       mean=6.9519e-05   sumsq=4.723914735        argmax=11864
[dump]   top0 idx=11864 val=0.10327
[dump]   top1 idx=3288 val=0.09525
[dump]   top2 idx=3194 val=0.09487
[dump]   top3 idx=3511 val=0.09101
[dump]   top4 idx=2791 val=0.08923
[dump] L42.mout   n=40960   finite=1 absmax=0.22779      mean=0.00051773   sumsq=75.29959607        argmax=544
[dump]   top0 idx=544 val=0.21133
[dump]   top1 idx=36682 val=0.21015
[dump]   top2 idx=38053 val=0.20271
[dump]   top3 idx=1698 val=0.18754
[dump]   top4 idx=321 val=0.18540
[dump] L42.moe    n=40960   finite=1 absmax=0.22779      mean=0.00051773   sumsq=75.29959607        argmax=544
[dump]   top0 idx=544 val=0.21133
[dump]   top1 idx=36682 val=0.21015
[dump]   top2 idx=38053 val=0.20271
[dump]   top3 idx=1698 val=0.18754
[dump]   top4 idx=321 val=0.18540
[dump] L42.res    n=163840  finite=1 absmax=6.024        mean=0.0052244    sumsq=6121.826431        argmax=1827
[dump]   top0 idx=1827 val=3.17313
[dump]   top1 idx=63322 val=2.91253
[dump]   top2 idx=138 val=2.64806
[dump]   top3 idx=114522 val=2.52603
[dump]   top4 idx=1984 val=2.30349
[dump] L43.hcmix  n=40960   finite=1 absmax=3.9984       mean=0.007303     sumsq=2776.079791        argmax=23922
[dump]   top0 idx=23922 val=3.99836
[dump]   top1 idx=21362 val=3.88420
[dump]   top2 idx=29042 val=3.87724
[dump]   top3 idx=31602 val=3.83020
[dump]   top4 idx=39282 val=3.65356
[dump] L43.cur    n=40960   finite=1 absmax=3.9984       mean=0.007303     sumsq=2776.079791        argmax=23922
[dump]   top0 idx=23922 val=3.99836
[dump]   top1 idx=21362 val=3.88420
[dump]   top2 idx=29042 val=3.87724
[dump]   top3 idx=31602 val=3.83020
[dump]   top4 idx=39282 val=3.65356
[dump] L43.qnorm  n=98304   finite=1 absmax=7.1743       mean=0.032129     sumsq=101387.6118        argmax=82725
[dump]   top0 idx=82725 val=7.17426
[dump]   top1 idx=82723 val=5.60605
[dump]   top2 idx=7702 val=4.57607
[dump]   top3 idx=1558 val=4.54695
[dump]   top4 idx=73307 val=4.48958
[dump] L43.knorm  n=8192    finite=1 absmax=8.603        mean=0.0063958    sumsq=15931.14281        argmax=3867
[dump]   top0 idx=3867 val=8.60303
[dump]   top1 idx=5403 val=8.07008
[dump]   top2 idx=2331 val=7.96582
[dump]   top3 idx=1819 val=7.77499
[dump]   top4 idx=795 val=7.70567
[dump] L43.vraw   n=8192    finite=1 absmax=4.0318       mean=-0.027194    sumsq=3066.158876        argmax=5070
[dump]   top0 idx=5070 val=4.03176
[dump]   top1 idx=4633 val=3.15933
[dump]   top2 idx=6359 val=2.99769
[dump]   top3 idx=1172 val=2.78863
[dump]   top4 idx=5950 val=2.72422
[dump] L43.Q      n=98304   finite=1 absmax=7.1305       mean=0.033912     sumsq=101387.6117        argmax=83972
[dump]   top0 idx=83972 val=4.71949
[dump]   top1 idx=7702 val=4.57606
[dump]   top2 idx=83204 val=4.55438
[dump]   top3 idx=1558 val=4.54695
[dump]   top4 idx=81668 val=4.53107
[dump] L43.K      n=8192    finite=1 absmax=8.6031       mean=0.010898     sumsq=15931.14282        argmax=3867
[dump]   top0 idx=3867 val=8.60305
[dump]   top1 idx=5403 val=8.07011
[dump]   top2 idx=2331 val=7.96584
[dump]   top3 idx=1819 val=7.77500
[dump]   top4 idx=795 val=7.70567
[dump] L43.faout  n=98304   finite=1 absmax=1.8364       mean=-0.038681    sumsq=33076.33292        argmax=47396
[dump]   top0 idx=47396 val=1.53804
[dump]   top1 idx=48676 val=1.53774
[dump]   top2 idx=46628 val=1.53698
[dump]   top3 idx=48420 val=1.53558
[dump]   top4 idx=47908 val=1.53522
[dump] L43.gate   n=98304   finite=1 absmax=3.7318       mean=-0.86463     sumsq=88235.38369        argmax=25563
[dump]   top0 idx=25563 val=0.50392
[dump]   top1 idx=73932 val=0.48190
[dump]   top2 idx=43995 val=0.44363
[dump]   top3 idx=69152 val=0.42486
[dump]   top4 idx=43903 val=0.41092
[dump] L43.gated  n=98304   finite=1 absmax=1.027        mean=-0.012356    sumsq=3553.47208         argmax=12068
[dump]   top0 idx=12068 val=0.90644
[dump]   top1 idx=70948 val=0.88975
[dump]   top2 idx=40740 val=0.85830
[dump]   top3 idx=71972 val=0.85119
[dump]   top4 idx=81278 val=0.82003
[dump] L43.att    n=40960   finite=1 absmax=0.53831      mean=0.0017151    sumsq=184.7751656        argmax=16751
[dump]   top0 idx=16751 val=0.51246
[dump]   top1 idx=28888 val=0.48633
[dump]   top2 idx=29551 val=0.48570
[dump]   top3 idx=16088 val=0.45701
[dump]   top4 idx=11631 val=0.45318
[dump] L43.fmix   n=40960   finite=1 absmax=5.5384       mean=0.0373       sumsq=36806.86051        argmax=25380
[dump]   top0 idx=25380 val=5.53835
[dump]   top1 idx=29120 val=4.28165
[dump]   top2 idx=1984 val=3.92127
[dump]   top3 idx=3520 val=3.91344
[dump]   top4 idx=9856 val=3.89766
[dump] L43.mlogit n=8192    finite=1 absmax=9.9523       mean=-6.1501      sumsq=314824.0545        argmax=300
[dump]   top0 idx=300 val=-1.20274
[dump]   top1 idx=6444 val=-1.56090
[dump]   top2 idx=5932 val=-1.61128
[dump]   top3 idx=3884 val=-2.17798
[dump]   top4 idx=5420 val=-2.23879
[dump] L43.mprob  n=8192    finite=1 absmax=0.13883      mean=0.0019531    sumsq=0.1430220219       argmax=300
[dump]   top0 idx=300 val=0.13883
[dump]   top1 idx=6444 val=0.11978
[dump]   top2 idx=5932 val=0.11420
[dump]   top3 idx=5420 val=0.07501
[dump]   top4 idx=3884 val=0.07268
[dump] L43.mid    n=160     finite=1 absmax=0 mean=0 sumsq=0 ids: 300 180 86 133 13 91 413 60 64 278 166 44 300 124 471 293 24 266 346 477 293 300 417 117 166 124 483 499 266 471 300 293 439 19 371 42 189 257 221 155 300 221 257 219 376 371 439 293 166 132 300 10 499 133 331 337 472 26 286 146 300 499 462 64 146 293 337 86 363 219 300 499 86 146 374 101 337 363 462 117 300 121 499 97 86 293 462 145 483 451 300 483 266 293 462 270 299 166 216 286 300 496 86 323 90 182 117 64 278 403 300 86 499 0 337 133 227 61 451 272 300 86 133 499 483 462 363 64 505 417 300 325 86 248 133 202 499 483 436 355 300 325 499 86 4 146 347 14 337 60 300 325 86 499 99 436 462 337 98 146
[dump] L43.rlogit n=8192    finite=1 absmax=9.9523       mean=-6.1501      sumsq=314824.0545        argmax=300
[dump]   top0 idx=300 val=-1.20274
[dump]   top1 idx=6444 val=-1.56090
[dump]   top2 idx=5932 val=-1.61128
[dump]   top3 idx=3884 val=-2.17798
[dump]   top4 idx=5420 val=-2.23879
[dump] L43.mwt    n=160     finite=1 absmax=0.58176      mean=0.1          sumsq=3.253927572        argmax=110
[dump] L43.mgate  n=102400  finite=1 absmax=3.6455       mean=-0.39741     sumsq=63189.55388        argmax=41873
[dump]   top0 idx=41873 val=2.99185
[dump]   top1 idx=9873 val=2.88989
[dump]   top2 idx=36551 val=2.70970
[dump]   top3 idx=7508 val=2.54614
[dump]   top4 idx=12104 val=2.52355
[dump] L43.mup    n=102400  finite=1 absmax=4.8554       mean=5.0979e-06   sumsq=48879.13338        argmax=44281
[dump]   top0 idx=44281 val=3.83364
[dump]   top1 idx=87085 val=3.46214
[dump]   top2 idx=42555 val=3.34022
[dump]   top3 idx=23701 val=3.29406
[dump]   top4 idx=27641 val=3.24374
[dump] L43.mgu    n=102400  finite=1 absmax=4.593        mean=0.0011571    sumsq=4091.871475        argmax=85039
[dump]   top0 idx=85039 val=4.40145
[dump]   top1 idx=44878 val=3.74118
[dump]   top2 idx=33334 val=3.41816
[dump]   top3 idx=32208 val=3.38025
[dump]   top4 idx=55091 val=3.19454
[dump] L43.mdown  n=409600  finite=1 absmax=0.4623       mean=1.2764e-05   sumsq=1755.692489        argmax=164487
[dump]   top0 idx=164487 val=0.42151
[dump]   top1 idx=192363 val=0.35901
[dump]   top2 idx=197010 val=0.35013
[dump]   top3 idx=338415 val=0.34628
[dump]   top4 idx=133403 val=0.34409
[dump] L43.msh    n=40960   finite=1 absmax=0.067375     mean=0.00025918   sumsq=2.43016052         argmax=10874
[dump]   top0 idx=10874 val=0.06738
[dump]   top1 idx=10968 val=0.06542
[dump]   top2 idx=9067 val=0.05999
[dump]   top3 idx=3288 val=0.05774
[dump]   top4 idx=8314 val=0.05649
[dump] L43.mout   n=40960   finite=1 absmax=0.19925      mean=0.00028799   sumsq=42.57141628        argmax=28742
[dump]   top0 idx=28742 val=0.19925
[dump]   top1 idx=29516 val=0.17644
[dump]   top2 idx=31302 val=0.16644
[dump]   top3 idx=31035 val=0.15950
[dump]   top4 idx=29719 val=0.14711
[dump] L43.moe    n=40960   finite=1 absmax=0.19925      mean=0.00028799   sumsq=42.57141628        argmax=28742
[dump]   top0 idx=28742 val=0.19925
[dump]   top1 idx=29516 val=0.17644
[dump]   top2 idx=31302 val=0.16644
[dump]   top3 idx=31035 val=0.15950
[dump]   top4 idx=29719 val=0.14711
[dump] L43.res    n=163840  finite=1 absmax=6.0474       mean=0.005996     sumsq=6727.321442        argmax=1827
[dump]   top0 idx=1827 val=3.02726
[dump]   top1 idx=63322 val=3.01915
[dump]   top2 idx=114522 val=2.72234
[dump]   top3 idx=138 val=2.64177
[dump]   top4 idx=1984 val=2.25233
[dump] L44.hcmix  n=40960   finite=1 absmax=23.145       mean=0.028497     sumsq=19632.52534        argmax=138
[dump]   top0 idx=138 val=8.63335
[dump]   top1 idx=1984 val=7.77787
[dump]   top2 idx=13282 val=6.77304
[dump]   top3 idx=1827 val=6.31910
[dump]   top4 idx=8162 val=6.03215
[dump] L44.conv   n=163840  finite=1 absmax=12.579       mean=-0.018237    sumsq=4746.320794        argmax=905
[dump]   top0 idx=905 val=12.57938
[dump]   top1 idx=2040 val=11.17106
[dump]   top2 idx=124920 val=10.36705
[dump]   top3 idx=114680 val=10.32966
[dump]   top4 idx=113770 val=7.60812
[dump] L44.gnorm  n=98304   finite=1 absmax=6.4695       mean=-0.1108      sumsq=6065.543708        argmax=4569
[dump]   top0 idx=4569 val=6.46947
[dump]   top1 idx=19588 val=3.18324
[dump]   top2 idx=25732 val=2.46233
[dump]   top3 idx=1156 val=1.66880
[dump]   top4 idx=62596 val=1.56183
[dump] L44.lin    n=40960   finite=1 absmax=4.7073       mean=0.0047781    sumsq=1186.294352        argmax=1827
[dump]   top0 idx=1827 val=3.84127
[dump]   top1 idx=9867 val=3.68836
[dump]   top2 idx=2187 val=2.76094
[dump]   top3 idx=27787 val=2.68754
[dump]   top4 idx=12427 val=2.64880
[dump] L44.att    n=40960   finite=1 absmax=4.7073       mean=0.0047781    sumsq=1186.294352        argmax=1827
[dump]   top0 idx=1827 val=3.84127
[dump]   top1 idx=9867 val=3.68836
[dump]   top2 idx=2187 val=2.76094
[dump]   top3 idx=27787 val=2.68754
[dump]   top4 idx=12427 val=2.64880
[dump] L44.fmix   n=40960   finite=1 absmax=7.6744       mean=0.049729     sumsq=51802.81121        argmax=25380
[dump]   top0 idx=25380 val=5.65425
[dump]   top1 idx=26903 val=5.50364
[dump]   top2 idx=1500 val=5.45080
[dump]   top3 idx=31821 val=5.39140
[dump]   top4 idx=22265 val=5.04180
[dump] L44.mlogit n=8192    finite=1 absmax=18.684       mean=-6.2919      sumsq=330504.187         argmax=56
[dump]   top0 idx=56 val=-1.78646
[dump]   top1 idx=2734 val=-2.11542
[dump]   top2 idx=433 val=-2.41280
[dump]   top3 idx=263 val=-2.93431
[dump]   top4 idx=174 val=-3.03047
[dump] L44.mprob  n=8192    finite=1 absmax=0.099754     mean=0.0019531    sumsq=0.08058246903      argmax=2734
[dump]   top0 idx=2734 val=0.09975
[dump]   top1 idx=56 val=0.07280
[dump]   top2 idx=433 val=0.03891
[dump]   top3 idx=1063 val=0.03611
[dump]   top4 idx=1560 val=0.03390
[dump] L44.mid    n=160     finite=1 absmax=0 mean=0 sumsq=0 ids: 56 433 263 174 405 338 51 209 277 142 505 1 472 441 402 303 451 39 426 358 39 24 285 441 505 472 287 396 135 447 24 339 27 260 117 311 182 422 417 308 117 260 303 24 133 258 466 328 233 308 174 169 296 248 395 59 56 433 361 172 117 24 59 87 418 174 283 213 466 256 87 338 395 441 248 81 59 209 37 433 283 87 59 287 135 447 490 501 21 39 472 287 447 190 45 501 401 303 39 441 416 102 24 87 56 377 490 61 338 209 87 433 338 207 209 61 248 119 24 174 87 433 338 24 248 209 56 61 119 207 437 87 61 340 433 150 248 207 386 209 61 35 424 96 150 87 207 209 119 56 87 61 119 209 174 207 187 150 56 424
[dump] L44.rlogit n=8192    finite=1 absmax=18.684       mean=-6.2919      sumsq=330504.187         argmax=56
[dump]   top0 idx=56 val=-1.78646
[dump]   top1 idx=2734 val=-2.11542
[dump]   top2 idx=433 val=-2.41280
[dump]   top3 idx=263 val=-2.93431
[dump]   top4 idx=174 val=-3.03047
[dump] L44.mwt    n=160     finite=1 absmax=0.51472      mean=0.1          sumsq=2.144506872        argmax=50
[dump] L44.mgate  n=102400  finite=1 absmax=5.325        mean=-0.59444     sumsq=104601.618         argmax=19927
[dump]   top0 idx=19927 val=4.01533
[dump]   top1 idx=8270 val=3.44883
[dump]   top2 idx=91736 val=3.34152
[dump]   top3 idx=7838 val=3.32460
[dump]   top4 idx=91027 val=3.26437
[dump] L44.mup    n=102400  finite=1 absmax=5.7589       mean=-0.0030616   sumsq=65447.28547        argmax=90885
[dump]   top0 idx=90885 val=4.41961
[dump]   top1 idx=52929 val=4.34894
[dump]   top2 idx=21137 val=3.97988
[dump]   top3 idx=11120 val=3.97369
[dump]   top4 idx=53414 val=3.91226
[dump] L44.mgu    n=102400  finite=1 absmax=11.316       mean=-0.00095748  sumsq=6056.126548        argmax=72664
[dump]   top0 idx=72664 val=6.42186
[dump]   top1 idx=11120 val=5.43918
[dump]   top2 idx=21331 val=4.98968
[dump]   top3 idx=100831 val=3.83881
[dump]   top4 idx=82904 val=3.72833
[dump] L44.mdown  n=409600  finite=1 absmax=0.8997       mean=9.1558e-06   sumsq=2575.749575        argmax=44547
[dump]   top0 idx=44547 val=0.89970
[dump]   top1 idx=80869 val=0.67229
[dump]   top2 idx=81919 val=0.64708
[dump]   top3 idx=45340 val=0.61079
[dump]   top4 idx=80886 val=0.56275
[dump] L44.msh    n=40960   finite=1 absmax=0.17865      mean=-1.7072e-05  sumsq=4.008024418        argmax=28794
[dump]   top0 idx=28794 val=0.08676
[dump]   top1 idx=19158 val=0.08605
[dump]   top2 idx=29398 val=0.08362
[dump]   top3 idx=16598 val=0.07818
[dump]   top4 idx=16747 val=0.07808
[dump] L44.mout   n=40960   finite=1 absmax=0.27237      mean=5.5395e-05   sumsq=42.26953463        argmax=14141
[dump]   top0 idx=14141 val=0.16835
[dump]   top1 idx=13915 val=0.16333
[dump]   top2 idx=17101 val=0.14948
[dump]   top3 idx=9067 val=0.14607
[dump]   top4 idx=39034 val=0.14254
[dump] L44.moe    n=40960   finite=1 absmax=0.27237      mean=5.5395e-05   sumsq=42.26953463        argmax=14141
[dump]   top0 idx=14141 val=0.16835
[dump]   top1 idx=13915 val=0.16333
[dump]   top2 idx=17101 val=0.14948
[dump]   top3 idx=9067 val=0.14607
[dump]   top4 idx=39034 val=0.14254
[dump] L44.res    n=163840  finite=1 absmax=10.122       mean=0.0078683    sumsq=10777.0469         argmax=1827
[dump]   top0 idx=1827 val=8.48903
[dump]   top1 idx=138 val=5.82826
[dump]   top2 idx=32907 val=5.23834
[dump]   top3 idx=1736 val=4.48819
[dump]   top4 idx=1603 val=3.57080
[dump] L45.hcmix  n=40960   finite=1 absmax=11.512       mean=0.032204     sumsq=19776.21716        argmax=138
[dump]   top0 idx=138 val=9.30328
[dump]   top1 idx=1736 val=5.58628
[dump]   top2 idx=1500 val=4.71974
[dump]   top3 idx=29042 val=3.98045
[dump]   top4 idx=18802 val=3.93064
[dump] L45.conv   n=163840  finite=1 absmax=2.8525       mean=-0.0036701   sumsq=860.2087728        argmax=1014
[dump]   top0 idx=1014 val=2.85247
[dump]   top1 idx=11148 val=2.71267
[dump]   top2 idx=11254 val=2.05267
[dump]   top3 idx=102700 val=1.58731
[dump]   top4 idx=104066 val=1.39816
[dump] L45.gnorm  n=98304   finite=1 absmax=4.3277       mean=-0.0086059   sumsq=3989.176148        argmax=41941
[dump]   top0 idx=41941 val=2.35530
[dump]   top1 idx=78805 val=2.16943
[dump]   top2 idx=30795 val=2.07053
[dump]   top3 idx=19273 val=1.95882
[dump]   top4 idx=48157 val=1.82727
[dump] L45.lin    n=40960   finite=1 absmax=2.5449       mean=0.0057584    sumsq=2654.565229        argmax=17170
[dump]   top0 idx=17170 val=2.13329
[dump]   top1 idx=19730 val=2.07412
[dump]   top2 idx=30042 val=1.97820
[dump]   top3 idx=1810 val=1.95876
[dump]   top4 idx=37650 val=1.91789
[dump] L45.att    n=40960   finite=1 absmax=2.5449       mean=0.0057584    sumsq=2654.565229        argmax=17170
[dump]   top0 idx=17170 val=2.13329
[dump]   top1 idx=19730 val=2.07412
[dump]   top2 idx=30042 val=1.97820
[dump]   top3 idx=1810 val=1.95876
[dump]   top4 idx=37650 val=1.91789
[dump] L45.fmix   n=40960   finite=1 absmax=9.1995       mean=0.047861     sumsq=54530.97523        argmax=19715
[dump]   top0 idx=19715 val=5.93505
[dump]   top1 idx=31821 val=5.89732
[dump]   top2 idx=1500 val=5.88033
[dump]   top3 idx=6915 val=5.63737
[dump]   top4 idx=25380 val=5.59247
[dump] L45.mlogit n=8192    finite=1 absmax=11.489       mean=-6.249       sumsq=324667.0739        argmax=237
[dump]   top0 idx=237 val=-1.41847
[dump]   top1 idx=5357 val=-1.66908
[dump]   top2 idx=6381 val=-1.67238
[dump]   top3 idx=5869 val=-1.77449
[dump]   top4 idx=7611 val=-2.06519
[dump] L45.mprob  n=8192    finite=1 absmax=0.15758      mean=0.0019531    sumsq=0.1544018115       argmax=5357
[dump]   top0 idx=5357 val=0.15758
[dump]   top1 idx=6381 val=0.13850
[dump]   top2 idx=237 val=0.11580
[dump]   top3 idx=5869 val=0.11475
[dump]   top4 idx=7611 val=0.08786
[dump] L45.mid    n=160     finite=1 absmax=0 mean=0 sumsq=0 ids: 237 48 475 227 22 303 51 406 215 442 237 149 222 269 223 488 455 391 231 429 316 222 488 237 7 391 231 385 229 343 237 292 123 274 263 371 391 332 176 60 263 176 68 323 391 214 492 505 443 237 237 198 152 484 169 270 442 51 186 235 237 229 51 235 263 176 75 391 186 231 237 303 51 152 391 75 22 186 443 171 237 29 79 185 156 51 142 229 0 219 131 222 156 219 185 142 385 338 99 62 237 303 108 51 127 443 335 220 102 79 237 303 51 443 442 87 22 229 497 235 237 51 229 127 443 442 22 303 235 75 443 237 277 116 177 393 303 385 51 75 443 237 389 303 393 486 431 257 177 461 443 237 393 51 486 75 431 303 257 229
[dump] L45.rlogit n=8192    finite=1 absmax=11.489       mean=-6.249       sumsq=324667.0739        argmax=237
[dump]   top0 idx=237 val=-1.41847
[dump]   top1 idx=5357 val=-1.66908
[dump]   top2 idx=6381 val=-1.67238
[dump]   top3 idx=5869 val=-1.77449
[dump]   top4 idx=7611 val=-2.06519
[dump] L45.mwt    n=160     finite=1 absmax=0.67074      mean=0.1          sumsq=3.321678607        argmax=100
[dump] L45.mgate  n=102400  finite=1 absmax=6.5271       mean=-0.66381     sumsq=115047.9911        argmax=91269
[dump]   top0 idx=91269 val=3.83926
[dump]   top1 idx=7468 val=3.64050
[dump]   top2 idx=90954 val=3.58747
[dump]   top3 idx=64073 val=3.23582
[dump]   top4 idx=91335 val=3.20567
[dump] L45.mup    n=102400  finite=1 absmax=8.425        mean=0.00070095   sumsq=74688.18197        argmax=91451
[dump]   top0 idx=91451 val=6.46718
[dump]   top1 idx=61164 val=4.84901
[dump]   top2 idx=55404 val=4.75858
[dump]   top3 idx=68402 val=4.54990
[dump]   top4 idx=51117 val=4.19756
[dump] L45.mgu    n=102400  finite=1 absmax=12.268       mean=0.0012977    sumsq=6662.408812        argmax=60044
[dump]   top0 idx=60044 val=4.83803
[dump]   top1 idx=64073 val=4.79518
[dump]   top2 idx=91016 val=4.75348
[dump]   top3 idx=57980 val=4.42207
[dump]   top4 idx=57816 val=4.37382
[dump] L45.mdown  n=409600  finite=1 absmax=0.77199      mean=-0.00038839  sumsq=2735.919907        argmax=363777
[dump]   top0 idx=363777 val=0.77199
[dump]   top1 idx=365331 val=0.70108
[dump]   top2 idx=364614 val=0.65294
[dump]   top3 idx=139672 val=0.63887
[dump]   top4 idx=364788 val=0.61509
[dump] L45.msh    n=40960   finite=1 absmax=0.13121      mean=-0.00035789  sumsq=6.3616736          argmax=29111
[dump]   top0 idx=29111 val=0.10769
[dump]   top1 idx=26551 val=0.10396
[dump]   top2 idx=27131 val=0.08774
[dump]   top3 idx=31671 val=0.08680
[dump]   top4 idx=32251 val=0.08428
[dump] L45.mout   n=40960   finite=1 absmax=0.25372      mean=-0.00066474  sumsq=67.58049103        argmax=28159
[dump]   top0 idx=28159 val=0.25372
[dump]   top1 idx=29111 val=0.23538
[dump]   top2 idx=26468 val=0.22745
[dump]   top3 idx=28137 val=0.22477
[dump]   top4 idx=26936 val=0.21015
[dump] L45.moe    n=40960   finite=1 absmax=0.25372      mean=-0.00066474  sumsq=67.58049103        argmax=28159
[dump]   top0 idx=28159 val=0.25372
[dump]   top1 idx=29111 val=0.23538
[dump]   top2 idx=26468 val=0.22745
[dump]   top3 idx=28137 val=0.22477
[dump]   top4 idx=26936 val=0.21015
[dump] L45.res    n=163840  finite=1 absmax=10.198       mean=0.01         sumsq=19034.52331        argmax=1827
[dump]   top0 idx=1827 val=8.42758
[dump]   top1 idx=138 val=5.96581
[dump]   top2 idx=32907 val=5.51706
[dump]   top3 idx=63322 val=4.61989
[dump]   top4 idx=106842 val=4.58722
[dump] L46.hcmix  n=40960   finite=1 absmax=9.0192       mean=0.030463     sumsq=27368.50032        argmax=932
[dump]   top0 idx=932 val=9.01925
[dump]   top1 idx=138 val=7.83923
[dump]   top2 idx=1810 val=6.86265
[dump]   top3 idx=17170 val=6.76907
[dump]   top4 idx=19730 val=6.24157
[dump] L46.conv   n=163840  finite=1 absmax=2.7339       mean=-0.0050695   sumsq=1332.346713        argmax=1307
[dump]   top0 idx=1307 val=2.73390
[dump]   top1 idx=1608 val=2.53975
[dump]   top2 idx=11547 val=2.42061
[dump]   top3 idx=93768 val=2.31147
[dump]   top4 idx=32328 val=2.23945
[dump] L46.gnorm  n=98304   finite=1 absmax=5.0656       mean=-0.0047488   sumsq=5513.236364        argmax=84642
[dump]   top0 idx=84642 val=3.59164
[dump]   top1 idx=90786 val=3.45251
[dump]   top2 idx=96930 val=3.03403
[dump]   top3 idx=55979 val=2.50914
[dump]   top4 idx=51745 val=2.43334
[dump] L46.lin    n=40960   finite=1 absmax=5.6055       mean=0.0034546    sumsq=3714.577658        argmax=18554
[dump]   top0 idx=18554 val=5.60549
[dump]   top1 idx=12427 val=5.11049
[dump]   top2 idx=21114 val=4.28047
[dump]   top3 idx=15994 val=4.03613
[dump]   top4 idx=26234 val=3.73655
[dump] L46.att    n=40960   finite=1 absmax=5.6055       mean=0.0034546    sumsq=3714.577658        argmax=18554
[dump]   top0 idx=18554 val=5.60549
[dump]   top1 idx=12427 val=5.11049
[dump]   top2 idx=21114 val=4.28047
[dump]   top3 idx=15994 val=4.03613
[dump]   top4 idx=26234 val=3.73655
[dump] L46.fmix   n=40960   finite=1 absmax=8.6446       mean=0.037545     sumsq=55158.58994        argmax=26234
[dump]   top0 idx=26234 val=6.95894
[dump]   top1 idx=30042 val=5.99601
[dump]   top2 idx=31354 val=5.85590
[dump]   top3 idx=18554 val=5.83144
[dump]   top4 idx=5051 val=5.61013
[dump] L46.mlogit n=8192    finite=1 absmax=10.653       mean=-6.3598      sumsq=336169.1545        argmax=25
[dump]   top0 idx=25 val=-1.25397
[dump]   top1 idx=5145 val=-1.68915
[dump]   top2 idx=3609 val=-1.96664
[dump]   top3 idx=4121 val=-1.99669
[dump]   top4 idx=6169 val=-2.10529
[dump] L46.mprob  n=8192    finite=1 absmax=0.17197      mean=0.0019531    sumsq=0.1714336554       argmax=25
[dump]   top0 idx=25 val=0.17197
[dump]   top1 idx=5145 val=0.14452
[dump]   top2 idx=4121 val=0.11081
[dump]   top3 idx=3609 val=0.10650
[dump]   top4 idx=6169 val=0.10585
[dump] L46.mid    n=160     finite=1 absmax=0 mean=0 sumsq=0 ids: 25 338 230 297 348 77 31 60 239 477 25 68 384 38 247 227 333 426 0 167 25 227 510 38 257 246 296 219 454 384 25 427 508 459 60 397 301 343 147 205 459 25 3 318 397 276 427 205 164 122 81 25 341 383 230 348 283 246 284 389 25 81 56 230 281 459 343 14 348 419 25 56 60 81 230 163 437 167 458 348 25 56 227 294 81 54 491 337 119 269 25 337 56 231 123 119 269 191 491 227 25 56 60 63 497 377 215 491 456 6 25 60 56 348 343 419 230 67 497 297 25 56 60 348 343 67 215 389 81 419 25 474 60 98 56 497 297 430 105 389 25 298 56 494 463 60 16 497 81 348 25 56 60 348 343 500 497 81 296 67
[dump] L46.rlogit n=8192    finite=1 absmax=10.653       mean=-6.3598      sumsq=336169.1545        argmax=25
[dump]   top0 idx=25 val=-1.25397
[dump]   top1 idx=5145 val=-1.68915
[dump]   top2 idx=3609 val=-1.96664
[dump]   top3 idx=4121 val=-1.99669
[dump]   top4 idx=6169 val=-2.10529
[dump] L46.mwt    n=160     finite=1 absmax=0.64567      mean=0.1          sumsq=3.885971854        argmax=100
[dump] L46.mgate  n=102400  finite=1 absmax=6.3099       mean=-0.72521     sumsq=132853.7035        argmax=64376
[dump]   top0 idx=64376 val=3.67767
[dump]   top1 idx=61998 val=3.60010
[dump]   top2 idx=18546 val=3.51314
[dump]   top3 idx=77176 val=3.33101
[dump]   top4 idx=59424 val=3.18216
[dump] L46.mup    n=102400  finite=1 absmax=7.5066       mean=0.0042899    sumsq=85660.7107         argmax=99707
[dump]   top0 idx=99707 val=7.50660
[dump]   top1 idx=8364 val=4.51885
[dump]   top2 idx=14797 val=4.33902
[dump]   top3 idx=41491 val=4.32801
[dump]   top4 idx=57575 val=4.21509
[dump] L46.mgu    n=102400  finite=1 absmax=7.2164       mean=0.00053625   sumsq=7605.564551        argmax=3564
[dump]   top0 idx=3564 val=6.64044
[dump]   top1 idx=36416 val=5.47568
[dump]   top2 idx=57976 val=5.13380
[dump]   top3 idx=96495 val=4.86051
[dump]   top4 idx=92201 val=4.78215
[dump] L46.mdown  n=409600  finite=1 absmax=0.70848      mean=0.00012349   sumsq=3199.382991        argmax=245990
[dump]   top0 idx=245990 val=0.65531
[dump]   top1 idx=246272 val=0.61503
[dump]   top2 idx=261052 val=0.61148
[dump]   top3 idx=228766 val=0.59875
[dump]   top4 idx=289540 val=0.59459
[dump] L46.msh    n=40960   finite=1 absmax=0.17944      mean=-0.00013742  sumsq=12.15233337        argmax=29111
[dump]   top0 idx=29111 val=0.17944
[dump]   top1 idx=31671 val=0.17890
[dump]   top2 idx=26551 val=0.16909
[dump]   top3 idx=18871 val=0.14792
[dump]   top4 idx=16311 val=0.13444
[dump] L46.mout   n=40960   finite=1 absmax=0.32734      mean=-0.00026988  sumsq=113.3411435        argmax=26551
[dump]   top0 idx=26551 val=0.32734
[dump]   top1 idx=16387 val=0.32345
[dump]   top2 idx=7257 val=0.29145
[dump]   top3 idx=1027 val=0.27983
[dump]   top4 idx=6674 val=0.26938
[dump] L46.moe    n=40960   finite=1 absmax=0.32734      mean=-0.00026988  sumsq=113.3411435        argmax=26551
[dump]   top0 idx=26551 val=0.32734
[dump]   top1 idx=16387 val=0.32345
[dump]   top2 idx=7257 val=0.29145
[dump]   top3 idx=1027 val=0.27983
[dump]   top4 idx=6674 val=0.26938
[dump] L46.res    n=163840  finite=1 absmax=10.218       mean=0.011038     sumsq=27167.92305        argmax=74874
[dump]   top0 idx=74874 val=9.81729
[dump]   top1 idx=45707 val=8.91914
[dump]   top2 idx=1827 val=8.51990
[dump]   top3 idx=85114 val=7.93782
[dump]   top4 idx=105594 val=7.01272
[dump] L47.hcmix  n=40960   finite=1 absmax=8.1884       mean=0.012537     sumsq=11504.68683        argmax=1827
[dump]   top0 idx=1827 val=6.32826
[dump]   top1 idx=138 val=4.04231
[dump]   top2 idx=30042 val=3.37096
[dump]   top3 idx=2682 val=3.21426
[dump]   top4 idx=18402 val=3.15949
[dump] L47.cur    n=40960   finite=1 absmax=8.1884       mean=0.012537     sumsq=11504.68683        argmax=1827
[dump]   top0 idx=1827 val=6.32826
[dump]   top1 idx=138 val=4.04231
[dump]   top2 idx=30042 val=3.37096
[dump]   top3 idx=2682 val=3.21426
[dump]   top4 idx=18402 val=3.15949
[dump] L47.qnorm  n=98304   finite=1 absmax=12.404       mean=-0.0024249   sumsq=169694.7154        argmax=73234
[dump]   top0 idx=73234 val=12.40430
[dump]   top1 idx=79378 val=12.35854
[dump]   top2 idx=54802 val=11.99007
[dump]   top3 idx=48658 val=11.95640
[dump]   top4 idx=91666 val=11.95496
[dump] L47.knorm  n=8192    finite=1 absmax=15.681       mean=0.038837     sumsq=18228.96392        argmax=7482
[dump]   top0 idx=7482 val=6.31506
[dump]   top1 idx=7200 val=5.75558
[dump]   top2 idx=6688 val=5.30432
[dump]   top3 idx=4640 val=5.24563
[dump]   top4 idx=2080 val=4.93478
[dump] L47.vraw   n=8192    finite=1 absmax=3.9445       mean=-0.027605    sumsq=7362.015657        argmax=635
[dump]   top0 idx=635 val=2.98531
[dump]   top1 idx=3014 val=2.97727
[dump]   top2 idx=789 val=2.96488
[dump]   top3 idx=5079 val=2.79912
[dump]   top4 idx=388 val=2.77999
[dump] L47.Q      n=98304   finite=1 absmax=12.405       mean=-0.0083647   sumsq=169694.7154        argmax=73234
[dump]   top0 idx=73234 val=12.40474
[dump]   top1 idx=79378 val=12.35937
[dump]   top2 idx=54802 val=11.99122
[dump]   top3 idx=48658 val=11.95795
[dump]   top4 idx=91666 val=11.95718
[dump] L47.K      n=8192    finite=1 absmax=15.681       mean=0.0016453    sumsq=18228.96395        argmax=7482
[dump]   top0 idx=7482 val=6.31514
[dump]   top1 idx=2361 val=4.66770
[dump]   top2 idx=7994 val=4.58665
[dump]   top3 idx=3386 val=4.54388
[dump]   top4 idx=6688 val=4.50955
[dump] L47.faout  n=98304   finite=1 absmax=2.8276       mean=-0.022866    sumsq=76535.10319        argmax=7291
[dump]   top0 idx=7291 val=2.82757
[dump]   top1 idx=3204 val=2.77890
[dump]   top2 idx=3460 val=2.77890
[dump]   top3 idx=3716 val=2.77890
[dump]   top4 idx=3972 val=2.77890
[dump] L47.gate   n=98304   finite=1 absmax=7.3172       mean=-1.8549      sumsq=473472.0628        argmax=36401
[dump]   top0 idx=36401 val=4.98775
[dump]   top1 idx=11960 val=4.76274
[dump]   top2 idx=17942 val=4.70289
[dump]   top3 idx=36514 val=4.62326
[dump]   top4 idx=11798 val=4.45555
[dump] L47.gated  n=98304   finite=1 absmax=2.5443       mean=-0.0021856   sumsq=2608.278458        argmax=3460
[dump]   top0 idx=3460 val=2.54431
[dump]   top1 idx=3972 val=1.87936
[dump]   top2 idx=1729 val=1.28389
[dump]   top3 idx=312 val=1.24148
[dump]   top4 idx=28180 val=1.17284
[dump] L47.att    n=40960   finite=1 absmax=2.9074       mean=-0.0024683   sumsq=985.0805763        argmax=2314
[dump]   top0 idx=2314 val=2.90745
[dump]   top1 idx=722 val=1.88700
[dump]   top2 idx=579 val=1.42050
[dump]   top3 idx=1027 val=1.39017
[dump]   top4 idx=1202 val=1.33549
[dump] L47.fmix   n=2560    finite=1 absmax=5.8446       mean=0.0033683    sumsq=3237.610964        argmax=122
[dump]   top0 idx=122 val=4.94142
[dump]   top1 idx=1795 val=4.57664
[dump]   top2 idx=1429 val=4.21730
[dump]   top3 idx=1101 val=3.54833
[dump]   top4 idx=260 val=3.40626
[dump] L47.mlogit n=512     finite=1 absmax=8.6193       mean=-6.1533      sumsq=19631.8334         argmax=352
[dump] L47.mprob  n=512     finite=1 absmax=0.022854     mean=0.0019531    sumsq=0.003482127944     argmax=352
[dump] L47.mid    n=10      finite=1 absmax=0 mean=0 sumsq=0 ids: 352 186 95 417 422 103 179 70 355 340
[dump] L47.rlogit n=512     finite=1 absmax=8.6193       mean=-6.1533      sumsq=19631.8334         argmax=352
[dump] L47.mwt    n=10      finite=1 absmax=0.22401      mean=0.1          sumsq=0.1271602173       argmax=0
[dump] L47.mgate  n=6400    finite=1 absmax=5.9609       mean=-0.86628     sumsq=11390.50884        argmax=4825
[dump]   top0 idx=4825 val=2.84732
[dump]   top1 idx=6334 val=2.25293
[dump]   top2 idx=2213 val=2.16323
[dump]   top3 idx=3170 val=2.08893
[dump]   top4 idx=105 val=1.99278
[dump] L47.mup    n=6400    finite=1 absmax=5.0501       mean=0.025563     sumsq=6044.813141        argmax=252
[dump]   top0 idx=252 val=5.05009
[dump]   top1 idx=4825 val=4.39445
[dump]   top2 idx=334 val=3.96676
[dump]   top3 idx=4075 val=3.81285
[dump]   top4 idx=2998 val=3.63844
[dump] L47.mgu    n=6400    finite=1 absmax=11.826       mean=-0.0005574   sumsq=653.8610494        argmax=4825
[dump]   top0 idx=4825 val=11.82645
[dump]   top1 idx=6356 val=3.28947
[dump]   top2 idx=162 val=3.16668
[dump]   top3 idx=479 val=2.82696
[dump]   top4 idx=159 val=2.64743
[dump] L47.mdown  n=25600   finite=1 absmax=0.9692       mean=-0.0012098   sumsq=337.3513911        argmax=2213
[dump]   top0 idx=2213 val=0.96920
[dump]   top1 idx=18575 val=0.78851
[dump]   top2 idx=19308 val=0.62955
[dump]   top3 idx=1086 val=0.62224
[dump]   top4 idx=18325 val=0.60620
[dump] L47.msh    n=2560    finite=1 absmax=0.60538      mean=0.00051934   sumsq=9.884164742        argmax=951
[dump]   top0 idx=951 val=0.60538
[dump]   top1 idx=192 val=0.36370
[dump]   top2 idx=617 val=0.32128
[dump]   top3 idx=1538 val=0.27775
[dump]   top4 idx=2238 val=0.26857
[dump] L47.mout   n=2560    finite=1 absmax=0.56771      mean=-0.00065209  sumsq=17.63123882        argmax=951
[dump]   top0 idx=951 val=0.56771
[dump]   top1 idx=617 val=0.43212
[dump]   top2 idx=2213 val=0.38655
[dump]   top3 idx=192 val=0.36488
[dump]   top4 idx=1788 val=0.31854
[dump] L47.moe    n=2560    finite=1 absmax=0.56771      mean=-0.00065209  sumsq=17.63123882        argmax=951
[dump]   top0 idx=951 val=0.56771
[dump]   top1 idx=617 val=0.43212
[dump]   top2 idx=2213 val=0.38655
[dump]   top3 idx=192 val=0.36488
[dump]   top4 idx=1788 val=0.31854
[dump] L47.res    n=10240   finite=1 absmax=4.4144       mean=0.0030578    sumsq=1471.691085        argmax=4370
[dump]   top0 idx=4370 val=3.24030
[dump]   top1 idx=5002 val=2.22749
[dump]   top2 idx=4522 val=2.14438
[dump]   top3 idx=1882 val=2.11411
[dump]   top4 idx=4773 val=2.05290
[dump] final      n=2560    finite=1 absmax=37.327       mean=-0.026992    sumsq=21666.63055        argmax=2213
[dump]   top0 idx=2213 val=20.58996
[dump]   top1 idx=402 val=14.98990
[dump]   top2 idx=2442 val=14.98344
[dump]   top3 idx=1303 val=11.49661
[dump]   top4 idx=1292 val=10.38519
[dump] logits     n=248320  finite=1 absmax=10.042       mean=-1.8604      sumsq=1618821.188        argmax=271
[dump]   top0 idx=271 val=10.04228
[dump]   top1 idx=11 val=9.63004
[dump]   top2 idx=303 val=9.61256
[dump]   top3 idx=5513 val=8.97733
[dump]   top4 idx=487 val=8.92724
[dump] L00.inp    n=2560    finite=1 absmax=0.027723     mean=0.0001862    sumsq=0.006204544233     argmax=728
[dump]   top0 idx=728 val=0.02772
[dump]   top1 idx=951 val=0.01572
[dump]   top2 idx=268 val=0.00946
[dump]   top3 idx=2093 val=0.00709
[dump]   top4 idx=1499 val=0.00703
[dump] L00.emb    n=10240   finite=1 absmax=0.027723     mean=0.0001862    sumsq=0.02481817693      argmax=728
[dump]   top0 idx=728 val=0.02772
[dump]   top1 idx=3288 val=0.02772
[dump]   top2 idx=5848 val=0.02772
[dump]   top3 idx=8408 val=0.02772
[dump]   top4 idx=951 val=0.01572
[dump] L00.hcmix  n=2560    finite=1 absmax=15.445       mean=0.057513     sumsq=1163.26668         argmax=728
[dump]   top0 idx=728 val=15.44467
[dump]   top1 idx=951 val=9.59348
[dump]   top2 idx=2093 val=5.28625
[dump]   top3 idx=943 val=5.24714
[dump]   top4 idx=1499 val=4.74667
[dump] L00.conv   n=10240   finite=1 absmax=5.4169       mean=0.01819      sumsq=487.1635363        argmax=8426
[dump]   top0 idx=8426 val=5.41690
[dump]   top1 idx=6093 val=5.07108
[dump]   top2 idx=306 val=4.73131
[dump]   top3 idx=5884 val=4.56592
[dump]   top4 idx=6325 val=4.38813
[dump] L00.gnorm  n=6144    finite=1 absmax=1.1642       mean=-0.0028718   sumsq=26.15088276        argmax=1842
[dump]   top0 idx=1842 val=0.69299
[dump]   top1 idx=5247 val=0.48964
[dump]   top2 idx=243 val=0.45126
[dump]   top3 idx=1080 val=0.43988
[dump]   top4 idx=5459 val=0.38835
[dump] L00.lin    n=2560    finite=1 absmax=0.87807      mean=-0.001798    sumsq=19.1860899         argmax=5
[dump]   top0 idx=5 val=0.87807
[dump]   top1 idx=36 val=0.46178
[dump]   top2 idx=579 val=0.36099
[dump]   top3 idx=1205 val=0.34814
[dump]   top4 idx=1682 val=0.33219
[dump] L00.att    n=2560    finite=1 absmax=0.87807      mean=-0.001798    sumsq=19.1860899         argmax=5
[dump]   top0 idx=5 val=0.87807
[dump]   top1 idx=36 val=0.46178
[dump]   top2 idx=579 val=0.36099
[dump]   top3 idx=1205 val=0.34814
[dump]   top4 idx=1682 val=0.33219
[dump] L00.fmix   n=2560    finite=1 absmax=2.9485       mean=0.0084654    sumsq=485.7556714        argmax=5
[dump]   top0 idx=5 val=2.72159
[dump]   top1 idx=1682 val=2.64749
[dump]   top2 idx=2474 val=2.03291
[dump]   top3 idx=268 val=2.02170
[dump]   top4 idx=1733 val=1.97649
[dump] L00.mlogit n=512     finite=1 absmax=10.339       mean=-7.3171      sumsq=27930.18048        argmax=109
[dump] L00.mprob  n=512     finite=1 absmax=0.18282      mean=0.0019531    sumsq=0.07095120948      argmax=109
[dump] L00.mid    n=10      finite=1 absmax=0 mean=0 sumsq=0 ids: 109 351 213 249 315 395 435 333 83 90
[dump] L00.rlogit n=512     finite=1 absmax=10.339       mean=-7.3171      sumsq=27930.18048        argmax=109
[dump] L00.mwt    n=10      finite=1 absmax=0.28744      mean=0.1          sumsq=0.1735461814       argmax=0
[dump] L00.mgate  n=6400    finite=1 absmax=1.8605       mean=-0.19899     sumsq=1168.912565        argmax=2554
[dump]   top0 idx=2554 val=1.61423
[dump]   top1 idx=5072 val=1.51296
[dump]   top2 idx=2637 val=1.48139
[dump]   top3 idx=5555 val=1.41260
[dump]   top4 idx=3358 val=1.29508
[dump] L00.mup    n=6400    finite=1 absmax=1.9744       mean=-0.011975    sumsq=905.8331719        argmax=1968
[dump]   top0 idx=1968 val=1.97439
[dump]   top1 idx=1900 val=1.84412
[dump]   top2 idx=2344 val=1.82377
[dump]   top3 idx=5645 val=1.46142
[dump]   top4 idx=6012 val=1.40328
[dump] L00.mgu    n=6400    finite=1 absmax=1.8114       mean=0.00065233   sumsq=54.12108637        argmax=6085
[dump]   top0 idx=6085 val=1.10704
[dump]   top1 idx=5729 val=0.84817
[dump]   top2 idx=5523 val=0.73989
[dump]   top3 idx=6225 val=0.65050
[dump]   top4 idx=3559 val=0.64762
[dump] L00.mdown  n=25600   finite=1 absmax=0.44932      mean=4.5652e-05   sumsq=25.66928855        argmax=7948
[dump]   top0 idx=7948 val=0.44932
[dump]   top1 idx=268 val=0.35377
[dump]   top2 idx=6673 val=0.21166
[dump]   top3 idx=5388 val=0.19295
[dump]   top4 idx=8271 val=0.18638
[dump] L00.msh    n=2560    finite=1 absmax=0.24995      mean=0.00050591   sumsq=1.409731849        argmax=1682
[dump]   top0 idx=1682 val=0.24995
[dump]   top1 idx=579 val=0.19515
[dump]   top2 idx=36 val=0.18283
[dump]   top3 idx=728 val=0.15119
[dump]   top4 idx=2238 val=0.14630
[dump] L00.mout   n=2560    finite=1 absmax=0.28987      mean=0.00065097   sumsq=3.038724265        argmax=1682
[dump]   top0 idx=1682 val=0.28987
[dump]   top1 idx=579 val=0.27261
[dump]   top2 idx=36 val=0.24862
[dump]   top3 idx=2238 val=0.17627
[dump]   top4 idx=268 val=0.17606
[dump] L00.moe    n=2560    finite=1 absmax=0.28987      mean=0.00065097   sumsq=3.038724265        argmax=1682
[dump]   top0 idx=1682 val=0.28987
[dump]   top1 idx=579 val=0.27261
[dump]   top2 idx=36 val=0.24862
[dump]   top3 idx=2238 val=0.17627
[dump]   top4 idx=268 val=0.17606
[dump] L00.res    n=10240   finite=1 absmax=0.14525      mean=0.00021939   sumsq=0.8646549457       argmax=6802
[dump]   top0 idx=6802 val=0.14525
[dump]   top1 idx=5699 val=0.13879
[dump]   top2 idx=5156 val=0.12938
[dump]   top3 idx=5125 val=0.11765
[dump]   top4 idx=5848 val=0.09339
[dump] ple.inp    n=2560    finite=1 absmax=0.030854     mean=9.1861e-05   sumsq=0.04256393866      argmax=365
[dump]   top0 idx=365 val=0.02459
[dump]   top1 idx=639 val=0.02330
[dump]   top2 idx=350 val=0.02236
[dump]   top3 idx=281 val=0.02179
[dump]   top4 idx=574 val=0.02162
[dump] ple.key    n=10240   finite=1 absmax=0.1104       mean=-0.00014269  sumsq=0.1274427418       argmax=943
[dump]   top0 idx=943 val=0.05175
[dump]   top1 idx=7568 val=0.03510
[dump]   top2 idx=8565 val=0.01927
[dump]   top3 idx=302 val=0.01799
[dump]   top4 idx=3445 val=0.01613
[dump] ple.value  n=2560    finite=1 absmax=0.017624     mean=2.1835e-05   sumsq=0.04159072475      argmax=389
[dump]   top0 idx=389 val=0.01482
[dump]   top1 idx=1529 val=0.01385
[dump]   top2 idx=902 val=0.01358
[dump]   top3 idx=1532 val=0.01355
[dump]   top4 idx=1297 val=0.01346
[dump] ple.knorm  n=10240   finite=1 absmax=59.221       mean=-0.033941    sumsq=11915.03292        argmax=7568
[dump]   top0 idx=7568 val=16.01246
[dump]   top1 idx=943 val=12.19167
[dump]   top2 idx=8565 val=8.90393
[dump]   top3 idx=3445 val=6.46685
[dump]   top4 idx=6534 val=5.86939
[dump] ple.qnorm  n=10240   finite=1 absmax=17.052       mean=0.075308     sumsq=7217.795516        argmax=8408
[dump]   top0 idx=8408 val=17.05223
[dump]   top1 idx=3288 val=15.08203
[dump]   top2 idx=728 val=14.16249
[dump]   top3 idx=2828 val=12.70866
[dump]   top4 idx=9362 val=9.85671
[dump] ple.gate   n=4       finite=1 absmax=0.12286      mean=0.058353     sumsq=0.02152425539      argmax=2
[dump] ple.gated  n=10240   finite=1 absmax=0.0021654    mean=1.2742e-06   sumsq=0.0008952093823    argmax=5509
[dump]   top0 idx=5509 val=0.00182
[dump]   top1 idx=6649 val=0.00170
[dump]   top2 idx=6022 val=0.00167
[dump]   top3 idx=6652 val=0.00167
[dump]   top4 idx=6417 val=0.00165
[dump] ple.conv   n=10240   finite=1 absmax=0.27628      mean=-0.00010727  sumsq=0.2406388182       argmax=3853
[dump]   top0 idx=3853 val=0.04185
[dump]   top1 idx=2242 val=0.02094
[dump]   top2 idx=8973 val=0.01843
[dump]   top3 idx=6071 val=0.01167
[dump]   top4 idx=36 val=0.01086
[dump] ple.out    n=10240   finite=1 absmax=0.20154      mean=0.00011339   sumsq=0.8941747683       argmax=5125
[dump]   top0 idx=5125 val=0.11652
[dump]   top1 idx=5848 val=0.10405
[dump]   top2 idx=7358 val=0.08291
[dump]   top3 idx=6507 val=0.07969
[dump]   top4 idx=6214 val=0.07933
[dump] L01.hcmix  n=2560    finite=1 absmax=2.8815       mean=0.012768     sumsq=362.4193302        argmax=2539
[dump]   top0 idx=2539 val=2.08429
[dump]   top1 idx=5 val=2.00590
[dump]   top2 idx=1461 val=1.94468
[dump]   top3 idx=1868 val=1.93448
[dump]   top4 idx=793 val=1.86755
[dump] L01.conv   n=10240   finite=1 absmax=0.54259      mean=0.00073353   sumsq=9.047225684        argmax=8821
[dump]   top0 idx=8821 val=0.54259
[dump]   top1 idx=5304 val=0.54130
[dump]   top2 idx=8453 val=0.39523
[dump]   top3 idx=5332 val=0.39241
[dump]   top4 idx=9667 val=0.36937
[dump] L01.gnorm  n=6144    finite=1 absmax=1.4955       mean=0.0015835    sumsq=41.41831138        argmax=412
[dump]   top0 idx=412 val=0.98415
[dump]   top1 idx=3010 val=0.85025
[dump]   top2 idx=472 val=0.84217
[dump]   top3 idx=3901 val=0.79294
[dump]   top4 idx=440 val=0.76403
[dump] L01.lin    n=2560    finite=1 absmax=0.86354      mean=-0.0053108   sumsq=51.62129326        argmax=1473
[dump]   top0 idx=1473 val=0.86354
[dump]   top1 idx=736 val=0.79433
[dump]   top2 idx=331 val=0.72473
[dump]   top3 idx=2314 val=0.63042
[dump]   top4 idx=2445 val=0.57304
[dump] L01.att    n=2560    finite=1 absmax=0.86354      mean=-0.0053108   sumsq=51.62129326        argmax=1473
[dump]   top0 idx=1473 val=0.86354
[dump]   top1 idx=736 val=0.79433
[dump]   top2 idx=331 val=0.72473
[dump]   top3 idx=2314 val=0.63042
[dump]   top4 idx=2445 val=0.57304
[dump] L01.fmix   n=2560    finite=1 absmax=1.8294       mean=0.0034372    sumsq=392.7751105        argmax=1021
[dump]   top0 idx=1021 val=1.82935
[dump]   top1 idx=1947 val=1.67447
[dump]   top2 idx=1610 val=1.45526
[dump]   top3 idx=1640 val=1.43720
[dump]   top4 idx=2531 val=1.35493
[dump] L01.mlogit n=512     finite=1 absmax=7.2783       mean=-5.7745      sumsq=17288.82888        argmax=349
[dump] L01.mprob  n=512     finite=1 absmax=0.02964      mean=0.0019531    sumsq=0.005466713608     argmax=349
[dump] L01.mid    n=10      finite=1 absmax=0 mean=0 sumsq=0 ids: 349 383 235 505 32 500 74 306 97 158
[dump] L01.rlogit n=512     finite=1 absmax=7.2783       mean=-5.7745      sumsq=17288.82888        argmax=349
[dump] L01.mwt    n=10      finite=1 absmax=0.16923      mean=0.1          sumsq=0.1102511637       argmax=0
[dump] L01.mgate  n=6400    finite=1 absmax=1.7051       mean=-0.15875     sumsq=876.6901951        argmax=239
[dump]   top0 idx=239 val=1.70513
[dump]   top1 idx=2310 val=1.51217
[dump]   top2 idx=1604 val=1.15851
[dump]   top3 idx=2419 val=1.10313
[dump]   top4 idx=4431 val=1.09976
[dump] L01.mup    n=6400    finite=1 absmax=1.3984       mean=-0.0015767   sumsq=662.5590964        argmax=6286
[dump]   top0 idx=6286 val=1.39841
[dump]   top1 idx=579 val=1.32579
[dump]   top2 idx=288 val=1.31995
[dump]   top3 idx=1332 val=1.28961
[dump]   top4 idx=2435 val=1.19961
[dump] L01.mgu    n=6400    finite=1 absmax=1.4642       mean=0.00051113   sumsq=27.09162002        argmax=239
[dump]   top0 idx=239 val=1.46423
[dump]   top1 idx=6240 val=0.72303
[dump]   top2 idx=4963 val=0.66092
[dump]   top3 idx=889 val=0.58675
[dump]   top4 idx=4173 val=0.58529
[dump] L01.mdown  n=25600   finite=1 absmax=0.11275      mean=-9.3202e-05  sumsq=11.74067196        argmax=945
[dump]   top0 idx=945 val=0.11275
[dump]   top1 idx=15500 val=0.08923
[dump]   top2 idx=1995 val=0.08912
[dump]   top3 idx=17813 val=0.08881
[dump]   top4 idx=24995 val=0.08837
[dump] L01.msh    n=2560    finite=1 absmax=0.01423      mean=0.00016957   sumsq=0.01505494185      argmax=331
[dump]   top0 idx=331 val=0.01423
[dump]   top1 idx=2453 val=0.01228
[dump]   top2 idx=1883 val=0.01078
[dump]   top3 idx=2397 val=0.00950
[dump]   top4 idx=1424 val=0.00928
[dump] L01.mout   n=2560    finite=1 absmax=0.042506     mean=7.3018e-05   sumsq=0.2272862833       argmax=2453
[dump]   top0 idx=2453 val=0.04251
[dump]   top1 idx=1169 val=0.03191
[dump]   top2 idx=1829 val=0.03045
[dump]   top3 idx=2462 val=0.02927
[dump]   top4 idx=1072 val=0.02739
[dump] L01.moe    n=2560    finite=1 absmax=0.042506     mean=7.3018e-05   sumsq=0.2272862833       argmax=2453
[dump]   top0 idx=2453 val=0.04251
[dump]   top1 idx=1169 val=0.03191
[dump]   top2 idx=1829 val=0.03045
[dump]   top3 idx=2462 val=0.02927
[dump]   top4 idx=1072 val=0.02739
[dump] L01.res    n=10240   finite=1 absmax=0.2008       mean=8.8766e-05   sumsq=0.9304552962       argmax=5125
[dump]   top0 idx=5125 val=0.11697
[dump]   top1 idx=5848 val=0.10283
[dump]   top2 idx=7358 val=0.08332
[dump]   top3 idx=6507 val=0.07970
[dump]   top4 idx=6214 val=0.07836
[dump] L02.hcmix  n=2560    finite=1 absmax=4.1207       mean=0.0093462    sumsq=654.6317334        argmax=5
[dump]   top0 idx=5 val=3.35346
[dump]   top1 idx=331 val=2.14294
[dump]   top2 idx=1094 val=2.13799
[dump]   top3 idx=2048 val=1.86361
[dump]   top4 idx=793 val=1.81705
[dump] L02.conv   n=10240   finite=1 absmax=0.87465      mean=-0.00013939  sumsq=18.37827174        argmax=5680
[dump]   top0 idx=5680 val=0.87465
[dump]   top1 idx=7459 val=0.83441
[dump]   top2 idx=8582 val=0.69995
[dump]   top3 idx=6434 val=0.55322
[dump]   top4 idx=7487 val=0.50102
[dump] L02.gnorm  n=6144    finite=1 absmax=1.2804       mean=-0.0027602   sumsq=60.20497123        argmax=233
[dump]   top0 idx=233 val=1.28039
[dump]   top1 idx=837 val=1.23158
[dump]   top2 idx=5587 val=1.18651
[dump]   top3 idx=4982 val=1.07419
[dump]   top4 idx=4895 val=0.93296
[dump] L02.lin    n=2560    finite=1 absmax=0.75678      mean=0.0068465    sumsq=61.3322287         argmax=693
[dump]   top0 idx=693 val=0.71713
[dump]   top1 idx=1617 val=0.70477
[dump]   top2 idx=2324 val=0.55094
[dump]   top3 idx=2272 val=0.49542
[dump]   top4 idx=691 val=0.46310
[dump] L02.att    n=2560    finite=1 absmax=0.75678      mean=0.0068465    sumsq=61.3322287         argmax=693
[dump]   top0 idx=693 val=0.71713
[dump]   top1 idx=1617 val=0.70477
[dump]   top2 idx=2324 val=0.55094
[dump]   top3 idx=2272 val=0.49542
[dump]   top4 idx=691 val=0.46310
[dump] L02.fmix   n=2560    finite=1 absmax=2.1601       mean=0.019061     sumsq=399.273345         argmax=693
[dump]   top0 idx=693 val=1.71180
[dump]   top1 idx=1799 val=1.64042
[dump]   top2 idx=1120 val=1.57347
[dump]   top3 idx=2272 val=1.52224
[dump]   top4 idx=1610 val=1.51531
[dump] L02.mlogit n=512     finite=1 absmax=8.0659       mean=-5.6116      sumsq=16364.71428        argmax=12
[dump] L02.mprob  n=512     finite=1 absmax=0.022701     mean=0.0019531    sumsq=0.004026209826     argmax=12
[dump] L02.mid    n=10      finite=1 absmax=0 mean=0 sumsq=0 ids: 12 75 115 247 403 357 9 32 372 4
[dump] L02.rlogit n=512     finite=1 absmax=8.0659       mean=-5.6116      sumsq=16364.71428        argmax=12
[dump] L02.mwt    n=10      finite=1 absmax=0.17561      mean=0.1          sumsq=0.1099175563       argmax=0
[dump] L02.mgate  n=6400    finite=1 absmax=3.6838       mean=-0.15146     sumsq=763.2711377        argmax=1893
[dump]   top0 idx=1893 val=1.29239
[dump]   top1 idx=6137 val=1.18744
[dump]   top2 idx=4903 val=1.06586
[dump]   top3 idx=2518 val=0.95532
[dump]   top4 idx=1333 val=0.93344
[dump] L02.mup    n=6400    finite=1 absmax=1.5711       mean=0.0054901    sumsq=599.4453338        argmax=1315
[dump]   top0 idx=1315 val=1.57112
[dump]   top1 idx=3911 val=1.18898
[dump]   top2 idx=1419 val=1.17588
[dump]   top3 idx=1731 val=1.15152
[dump]   top4 idx=4666 val=1.12146
[dump] L02.mgu    n=6400    finite=1 absmax=0.73936      mean=-0.001648    sumsq=16.29359742        argmax=6137
[dump]   top0 idx=6137 val=0.73936
[dump]   top1 idx=4666 val=0.41457
[dump]   top2 idx=3911 val=0.33638
[dump]   top3 idx=3518 val=0.33493
[dump]   top4 idx=2137 val=0.31845
[dump] L02.mdown  n=25600   finite=1 absmax=0.080573     mean=0.00033731   sumsq=6.883022189        argmax=8054
[dump]   top0 idx=8054 val=0.07834
[dump]   top1 idx=17823 val=0.06973
[dump]   top2 idx=16438 val=0.06828
[dump]   top3 idx=5953 val=0.06728
[dump]   top4 idx=8886 val=0.06556
[dump] L02.msh    n=2560    finite=1 absmax=0.034519     mean=0.00012403   sumsq=0.02563258658      argmax=728
[dump]   top0 idx=728 val=0.03452
[dump]   top1 idx=951 val=0.02746
[dump]   top2 idx=268 val=0.02384
[dump]   top3 idx=2238 val=0.02244
[dump]   top4 idx=788 val=0.01965
[dump] L02.mout   n=2560    finite=1 absmax=0.05038      mean=0.00042829   sumsq=0.1204018363       argmax=728
[dump]   top0 idx=728 val=0.05038
[dump]   top1 idx=951 val=0.03515
[dump]   top2 idx=2010 val=0.02955
[dump]   top3 idx=5 val=0.02941
[dump]   top4 idx=2238 val=0.02448
[dump] L02.moe    n=2560    finite=1 absmax=0.05038      mean=0.00042829   sumsq=0.1204018363       argmax=728
[dump]   top0 idx=728 val=0.05038
[dump]   top1 idx=951 val=0.03515
[dump]   top2 idx=2010 val=0.02955
[dump]   top3 idx=5 val=0.02941
[dump]   top4 idx=2238 val=0.02448
[dump] L02.res    n=10240   finite=1 absmax=0.18625      mean=0.00032817   sumsq=1.296132333        argmax=5848
[dump]   top0 idx=5848 val=0.13957
[dump]   top1 idx=5125 val=0.13795
[dump]   top2 idx=7358 val=0.10088
[dump]   top3 idx=6071 val=0.09920
[dump]   top4 idx=6214 val=0.09273
[dump] L03.hcmix  n=2560    finite=1 absmax=3.9359       mean=0.019652     sumsq=295.5039506        argmax=5
[dump]   top0 idx=5 val=3.93593
[dump]   top1 idx=2010 val=3.77358
[dump]   top2 idx=788 val=3.06784
[dump]   top3 idx=546 val=1.80077
[dump]   top4 idx=2048 val=1.33609
[dump] L03.cur    n=2560    finite=1 absmax=3.9359       mean=0.019652     sumsq=295.5039506        argmax=5
[dump]   top0 idx=5 val=3.93593
[dump]   top1 idx=2010 val=3.77358
[dump]   top2 idx=788 val=3.06784
[dump]   top3 idx=546 val=1.80077
[dump]   top4 idx=2048 val=1.33609
[dump] L03.qnorm  n=6144    finite=1 absmax=10.135       mean=-0.016455    sumsq=8289.257825        argmax=545
[dump]   top0 idx=545 val=7.52392
[dump]   top1 idx=1313 val=7.08979
[dump]   top2 idx=5909 val=6.90349
[dump]   top3 idx=2817 val=6.61220
[dump]   top4 idx=5913 val=6.49665
[dump] L03.knorm  n=512     finite=1 absmax=3.8441       mean=0.018128     sumsq=750.9853918        argmax=85
[dump] L03.vraw   n=512     finite=1 absmax=3.6063       mean=0.032293     sumsq=120.4902003        argmax=410
[dump] L03.Q      n=6144    finite=1 absmax=10.135       mean=-0.013162    sumsq=8289.25789         argmax=1
[dump]   top0 idx=1 val=9.18785
[dump]   top1 idx=2593 val=7.84632
[dump]   top2 idx=1793 val=7.67961
[dump]   top3 idx=801 val=7.06004
[dump]   top4 idx=513 val=7.00099
[dump] L03.K      n=512     finite=1 absmax=3.8441       mean=0.0053552    sumsq=750.9853925        argmax=85
[dump] L03.faout  n=6144    finite=1 absmax=3.2506       mean=0.012981     sumsq=630.986409         argmax=5756
[dump]   top0 idx=5756 val=3.25056
[dump]   top1 idx=5500 val=3.23140
[dump]   top2 idx=4220 val=3.14523
[dump]   top3 idx=4988 val=2.70309
[dump]   top4 idx=3964 val=2.32416
[dump] L03.gate   n=6144    finite=1 absmax=4.4375       mean=-1.3344      sumsq=13705.68813        argmax=858
[dump]   top0 idx=858 val=1.04351
[dump]   top1 idx=1304 val=0.88265
[dump]   top2 idx=2560 val=0.81827
[dump]   top3 idx=3778 val=0.64577
[dump]   top4 idx=1006 val=0.62733
[dump] L03.gated  n=6144    finite=1 absmax=0.93927      mean=0.0020344    sumsq=26.47212824        argmax=2090
[dump]   top0 idx=2090 val=0.51340
[dump]   top1 idx=2979 val=0.43301
[dump]   top2 idx=4248 val=0.42389
[dump]   top3 idx=42 val=0.42079
[dump]   top4 idx=1578 val=0.36029
[dump] L03.att    n=2560    finite=1 absmax=0.49382      mean=-0.0042701   sumsq=18.42832933        argmax=1553
[dump]   top0 idx=1553 val=0.36366
[dump]   top1 idx=1457 val=0.33994
[dump]   top2 idx=2442 val=0.33593
[dump]   top3 idx=408 val=0.32882
[dump]   top4 idx=1693 val=0.31666
[dump] L03.fmix   n=2560    finite=1 absmax=2.0929       mean=0.020669     sumsq=663.0468576        argmax=717
[dump]   top0 idx=717 val=1.84682
[dump]   top1 idx=728 val=1.83861
[dump]   top2 idx=1917 val=1.76016
[dump]   top3 idx=1610 val=1.69934
[dump]   top4 idx=615 val=1.68413
[dump] L03.mlogit n=512     finite=1 absmax=7.8841       mean=-5.6293      sumsq=16417.88907        argmax=441
[dump] L03.mprob  n=512     finite=1 absmax=0.012554     mean=0.0019531    sumsq=0.003391817036     argmax=441
[dump] L03.mid    n=10      finite=1 absmax=0 mean=0 sumsq=0 ids: 441 194 394 269 182 205 315 418 455 206
[dump] L03.rlogit n=512     finite=1 absmax=7.8841       mean=-5.6293      sumsq=16417.88907        argmax=441
[dump] L03.mwt    n=10      finite=1 absmax=0.1225       mean=0.1          sumsq=0.1019897274       argmax=0
[dump] L03.mgate  n=6400    finite=1 absmax=2.2233       mean=-0.24497     sumsq=1305.207673        argmax=1323
[dump]   top0 idx=1323 val=1.32451
[dump]   top1 idx=5685 val=1.23147
[dump]   top2 idx=2269 val=1.23136
[dump]   top3 idx=1360 val=1.14873
[dump]   top4 idx=1493 val=1.11996
[dump] L03.mup    n=6400    finite=1 absmax=1.7711       mean=0.0022754    sumsq=905.8609905        argmax=3792
[dump]   top0 idx=3792 val=1.66418
[dump]   top1 idx=4164 val=1.47646
[dump]   top2 idx=5595 val=1.46442
[dump]   top3 idx=1572 val=1.42152
[dump]   top4 idx=3080 val=1.37915
[dump] L03.mgu    n=6400    finite=1 absmax=1.2467       mean=-0.0011328   sumsq=35.72284423        argmax=5595
[dump]   top0 idx=5595 val=1.19866
[dump]   top1 idx=5693 val=0.98247
[dump]   top2 idx=2269 val=0.91512
[dump]   top3 idx=2961 val=0.70292
[dump]   top4 idx=3792 val=0.54899
[dump] L03.mdown  n=25600   finite=1 absmax=0.11223      mean=3.8482e-05   sumsq=15.05650491        argmax=6741
[dump]   top0 idx=6741 val=0.10928
[dump]   top1 idx=7397 val=0.10700
[dump]   top2 idx=5782 val=0.10522
[dump]   top3 idx=6508 val=0.09825
[dump]   top4 idx=21858 val=0.09670
[dump] L03.msh    n=2560    finite=1 absmax=0.010738     mean=1.0576e-05   sumsq=0.01110827598      argmax=1395
[dump]   top0 idx=1395 val=0.01032
[dump]   top1 idx=92 val=0.00837
[dump]   top2 idx=1653 val=0.00828
[dump]   top3 idx=36 val=0.00827
[dump]   top4 idx=524 val=0.00809
[dump] L03.mout   n=2560    finite=1 absmax=0.03357      mean=2.4625e-05   sumsq=0.1930695867       argmax=954
[dump]   top0 idx=954 val=0.02968
[dump]   top1 idx=92 val=0.02918
[dump]   top2 idx=2114 val=0.02769
[dump]   top3 idx=1653 val=0.02698
[dump]   top4 idx=23 val=0.02681
[dump] L03.moe    n=2560    finite=1 absmax=0.03357      mean=2.4625e-05   sumsq=0.1930695867       argmax=954
[dump]   top0 idx=954 val=0.02968
[dump]   top1 idx=92 val=0.02918
[dump]   top2 idx=2114 val=0.02769
[dump]   top3 idx=1653 val=0.02698
[dump]   top4 idx=23 val=0.02681
[dump] L03.res    n=10240   finite=1 absmax=0.18662      mean=0.00026881   sumsq=1.417672434        argmax=5848
[dump]   top0 idx=5848 val=0.13801
[dump]   top1 idx=5125 val=0.13786
[dump]   top2 idx=7358 val=0.10069
[dump]   top3 idx=6071 val=0.09795
[dump]   top4 idx=6214 val=0.09145
[dump] L04.hcmix  n=2560    finite=1 absmax=4.4807       mean=0.026593     sumsq=826.1080823        argmax=5
[dump]   top0 idx=5 val=4.48070
[dump]   top1 idx=92 val=2.33024
[dump]   top2 idx=2048 val=2.13717
[dump]   top3 idx=1652 val=2.05497
[dump]   top4 idx=588 val=2.01251
[dump] L04.conv   n=10240   finite=1 absmax=0.82906      mean=-9.2211e-05  sumsq=24.14923877        argmax=214
[dump]   top0 idx=214 val=0.82906
[dump]   top1 idx=7582 val=0.81849
[dump]   top2 idx=5574 val=0.76187
[dump]   top3 idx=6204 val=0.73730
[dump]   top4 idx=6436 val=0.63747
[dump] L04.gnorm  n=6144    finite=1 absmax=0.73989      mean=-0.0023047   sumsq=17.19616224        argmax=1004
[dump]   top0 idx=1004 val=0.60161
[dump]   top1 idx=4912 val=0.47278
[dump]   top2 idx=2069 val=0.43156
[dump]   top3 idx=959 val=0.42821
[dump]   top4 idx=793 val=0.38912
[dump] L04.lin    n=2560    finite=1 absmax=0.32432      mean=-0.0027219   sumsq=13.67478837        argmax=1795
[dump]   top0 idx=1795 val=0.32432
[dump]   top1 idx=1653 val=0.30647
[dump]   top2 idx=1718 val=0.28769
[dump]   top3 idx=1546 val=0.26240
[dump]   top4 idx=245 val=0.24069
[dump] L04.att    n=2560    finite=1 absmax=0.32432      mean=-0.0027219   sumsq=13.67478837        argmax=1795
[dump]   top0 idx=1795 val=0.32432
[dump]   top1 idx=1653 val=0.30647
[dump]   top2 idx=1718 val=0.28769
[dump]   top3 idx=1546 val=0.26240
[dump]   top4 idx=245 val=0.24069
[dump] L04.fmix   n=2560    finite=1 absmax=2.2699       mean=0.014062     sumsq=765.5987451        argmax=2433
[dump]   top0 idx=2433 val=2.16198
[dump]   top1 idx=1223 val=1.79465
[dump]   top2 idx=1129 val=1.66084
[dump]   top3 idx=1169 val=1.63212
[dump]   top4 idx=1603 val=1.62819
[dump] L04.mlogit n=512     finite=1 absmax=7.3652       mean=-5.8125      sumsq=17581.4826         argmax=106
[dump] L04.mprob  n=512     finite=1 absmax=0.033673     mean=0.0019531    sumsq=0.006856671134     argmax=106
[dump] L04.mid    n=10      finite=1 absmax=0 mean=0 sumsq=0 ids: 106 28 496 252 309 41 389 59 465 209
[dump] L04.rlogit n=512     finite=1 absmax=7.3652       mean=-5.8125      sumsq=17581.4826         argmax=106
[dump] L04.mwt    n=10      finite=1 absmax=0.16718      mean=0.1          sumsq=0.1095712059       argmax=0
[dump] L04.mgate  n=6400    finite=1 absmax=2.513        mean=-0.26083     sumsq=1577.935758        argmax=4149
[dump]   top0 idx=4149 val=1.54150
[dump]   top1 idx=1968 val=1.37152
[dump]   top2 idx=3569 val=1.27357
[dump]   top3 idx=4963 val=1.23464
[dump]   top4 idx=2221 val=1.22268
[dump] L04.mup    n=6400    finite=1 absmax=2.3971       mean=-0.00029114  sumsq=1098.009451        argmax=3337
[dump]   top0 idx=3337 val=1.55640
[dump]   top1 idx=1979 val=1.52062
[dump]   top2 idx=3802 val=1.51247
[dump]   top3 idx=2290 val=1.41937
[dump]   top4 idx=4541 val=1.38418
[dump] L04.mgu    n=6400    finite=1 absmax=1.1855       mean=-0.00093331  sumsq=53.04502449        argmax=3337
[dump]   top0 idx=3337 val=1.18552
[dump]   top1 idx=1870 val=1.06301
[dump]   top2 idx=3802 val=0.97833
[dump]   top3 idx=1039 val=0.90778
[dump]   top4 idx=416 val=0.79714
[dump] L04.mdown  n=25600   finite=1 absmax=0.1863       mean=-0.00046587  sumsq=22.44583182        argmax=7382
[dump]   top0 idx=7382 val=0.12991
[dump]   top1 idx=6140 val=0.12603
[dump]   top2 idx=5658 val=0.12545
[dump]   top3 idx=15156 val=0.12159
[dump]   top4 idx=14015 val=0.12005
[dump] L04.msh    n=2560    finite=1 absmax=0.014884     mean=2.0448e-05   sumsq=0.0149339948       argmax=1653
[dump]   top0 idx=1653 val=0.01488
[dump]   top1 idx=1868 val=0.00883
[dump]   top2 idx=459 val=0.00846
[dump]   top3 idx=1893 val=0.00842
[dump]   top4 idx=667 val=0.00839
[dump] L04.mout   n=2560    finite=1 absmax=0.042076     mean=-0.00048795  sumsq=0.3715102932       argmax=326
[dump]   top0 idx=326 val=0.03855
[dump]   top1 idx=398 val=0.03781
[dump]   top2 idx=315 val=0.03578
[dump]   top3 idx=667 val=0.03360
[dump]   top4 idx=960 val=0.03346
[dump] L04.moe    n=2560    finite=1 absmax=0.042076     mean=-0.00048795  sumsq=0.3715102932       argmax=326
[dump]   top0 idx=326 val=0.03855
[dump]   top1 idx=398 val=0.03781
[dump]   top2 idx=315 val=0.03578
[dump]   top3 idx=667 val=0.03360
[dump]   top4 idx=960 val=0.03346
[dump] L04.res    n=10240   finite=1 absmax=0.18591      mean=8.4704e-05   sumsq=1.777976667        argmax=5848
[dump]   top0 idx=5848 val=0.13924
[dump]   top1 idx=5125 val=0.13877
[dump]   top2 idx=7358 val=0.09812
[dump]   top3 idx=6071 val=0.09628
[dump]   top4 idx=6214 val=0.08925
[dump] L05.hcmix  n=2560    finite=1 absmax=5.575        mean=-0.001563    sumsq=864.7241805        argmax=1653
[dump]   top0 idx=1653 val=5.57498
[dump]   top1 idx=5 val=3.64060
[dump]   top2 idx=92 val=2.42977
[dump]   top3 idx=682 val=2.32408
[dump]   top4 idx=2048 val=2.06036
[dump] L05.conv   n=10240   finite=1 absmax=0.71467      mean=-0.00038872  sumsq=24.58669982        argmax=4847
[dump]   top0 idx=4847 val=0.71467
[dump]   top1 idx=1020 val=0.67234
[dump]   top2 idx=7568 val=0.64008
[dump]   top3 idx=7672 val=0.63263
[dump]   top4 idx=9713 val=0.60488
[dump] L05.gnorm  n=6144    finite=1 absmax=0.81839      mean=-0.00044464  sumsq=20.78824778        argmax=3840
[dump]   top0 idx=3840 val=0.73711
[dump]   top1 idx=532 val=0.55271
[dump]   top2 idx=2776 val=0.47793
[dump]   top3 idx=2618 val=0.42523
[dump]   top4 idx=425 val=0.41718
[dump] L05.lin    n=2560    finite=1 absmax=0.49366      mean=-0.00040593  sumsq=19.88718925        argmax=1795
[dump]   top0 idx=1795 val=0.49366
[dump]   top1 idx=1134 val=0.41526
[dump]   top2 idx=1391 val=0.32758
[dump]   top3 idx=200 val=0.32542
[dump]   top4 idx=519 val=0.30088
[dump] L05.att    n=2560    finite=1 absmax=0.49366      mean=-0.00040593  sumsq=19.88718925        argmax=1795
[dump]   top0 idx=1795 val=0.49366
[dump]   top1 idx=1134 val=0.41526
[dump]   top2 idx=1391 val=0.32758
[dump]   top3 idx=200 val=0.32542
[dump]   top4 idx=519 val=0.30088
[dump] L05.fmix   n=2560    finite=1 absmax=1.9273       mean=0.0037494    sumsq=569.0976899        argmax=1770
[dump]   top0 idx=1770 val=1.74597
[dump]   top1 idx=2433 val=1.59690
[dump]   top2 idx=372 val=1.44428
[dump]   top3 idx=200 val=1.43190
[dump]   top4 idx=262 val=1.39648
[dump] L05.mlogit n=512     finite=1 absmax=7.8552       mean=-6.2501      sumsq=20362.30184        argmax=236
[dump] L05.mprob  n=512     finite=1 absmax=0.061443     mean=0.0019531    sumsq=0.01169381457      argmax=236
[dump] L05.mid    n=10      finite=1 absmax=0 mean=0 sumsq=0 ids: 236 446 468 436 292 185 142 250 98 58
[dump] L05.rlogit n=512     finite=1 absmax=7.8552       mean=-6.2501      sumsq=20362.30184        argmax=236
[dump] L05.mwt    n=10      finite=1 absmax=0.22529      mean=0.1          sumsq=0.125354531        argmax=0
[dump] L05.mgate  n=6400    finite=1 absmax=1.6944       mean=-0.19193     sumsq=1068.82654         argmax=2241
[dump]   top0 idx=2241 val=1.54392
[dump]   top1 idx=3300 val=1.52189
[dump]   top2 idx=532 val=1.36018
[dump]   top3 idx=2541 val=1.21712
[dump]   top4 idx=3604 val=1.12197
[dump] L05.mup    n=6400    finite=1 absmax=1.5931       mean=0.00034242   sumsq=804.5176057        argmax=2662
[dump]   top0 idx=2662 val=1.59313
[dump]   top1 idx=1628 val=1.37706
[dump]   top2 idx=5167 val=1.25777
[dump]   top3 idx=1917 val=1.24877
[dump]   top4 idx=853 val=1.24612
[dump] L05.mgu    n=6400    finite=1 absmax=1.0185       mean=-0.0016727   sumsq=30.77886226        argmax=2241
[dump]   top0 idx=2241 val=0.97705
[dump]   top1 idx=853 val=0.80025
[dump]   top2 idx=149 val=0.59270
[dump]   top3 idx=2466 val=0.44500
[dump]   top4 idx=3985 val=0.41771
[dump] L05.mdown  n=25600   finite=1 absmax=0.11922      mean=-0.00013691  sumsq=13.20900363        argmax=1930
[dump]   top0 idx=1930 val=0.10329
[dump]   top1 idx=2338 val=0.10326
[dump]   top2 idx=141 val=0.09132
[dump]   top3 idx=8344 val=0.09121
[dump]   top4 idx=1512 val=0.09060
[dump] L05.msh    n=2560    finite=1 absmax=0.011942     mean=0.00021243   sumsq=0.01029232922      argmax=1301
[dump]   top0 idx=1301 val=0.01194
[dump]   top1 idx=1827 val=0.01151
[dump]   top2 idx=579 val=0.01109
[dump]   top3 idx=1395 val=0.01056
[dump]   top4 idx=885 val=0.01049
[dump] L05.mout   n=2560    finite=1 absmax=0.044782     mean=2.4377e-05   sumsq=0.3043033129       argmax=885
[dump]   top0 idx=885 val=0.04478
[dump]   top1 idx=682 val=0.03771
[dump]   top2 idx=1472 val=0.03623
[dump]   top3 idx=2338 val=0.03561
[dump]   top4 idx=689 val=0.03417
[dump] L05.moe    n=2560    finite=1 absmax=0.044782     mean=2.4377e-05   sumsq=0.3043033129       argmax=885
[dump]   top0 idx=885 val=0.04478
[dump]   top1 idx=682 val=0.03771
[dump]   top2 idx=1472 val=0.03623
[dump]   top3 idx=2338 val=0.03561
[dump]   top4 idx=689 val=0.03417
[dump] L05.res    n=10240   finite=1 absmax=0.18657      mean=8.077e-05    sumsq=2.637212494        argmax=9475
[dump]   top0 idx=9475 val=0.14477
[dump]   top1 idx=5848 val=0.13766
[dump]   top2 idx=5125 val=0.13748
[dump]   top3 idx=7995 val=0.11816
[dump]   top4 idx=8362 val=0.09715
[dump] L06.hcmix  n=2560    finite=1 absmax=4.257        mean=0.0083423    sumsq=680.7143909        argmax=5
[dump]   top0 idx=5 val=4.25702
[dump]   top1 idx=315 val=2.38435
[dump]   top2 idx=92 val=2.03352
[dump]   top3 idx=682 val=1.92730
[dump]   top4 idx=667 val=1.90897
[dump] L06.conv   n=10240   finite=1 absmax=0.92411      mean=0.00058524   sumsq=15.21821697        argmax=4625
[dump]   top0 idx=4625 val=0.92411
[dump]   top1 idx=4664 val=0.88335
[dump]   top2 idx=919 val=0.68799
[dump]   top3 idx=8794 val=0.58590
[dump]   top4 idx=897 val=0.54938
[dump] L06.gnorm  n=6144    finite=1 absmax=1.6551       mean=0.0013884    sumsq=76.63659115        argmax=480
[dump]   top0 idx=480 val=1.65510
[dump]   top1 idx=1956 val=1.33862
[dump]   top2 idx=5878 val=0.97702
[dump]   top3 idx=2434 val=0.90917
[dump]   top4 idx=1996 val=0.90596
[dump] L06.lin    n=2560    finite=1 absmax=2.3506       mean=-0.0020671   sumsq=99.54660831        argmax=951
[dump]   top0 idx=951 val=2.35057
[dump]   top1 idx=728 val=1.26572
[dump]   top2 idx=482 val=1.12101
[dump]   top3 idx=1682 val=0.85109
[dump]   top4 idx=2475 val=0.70170
[dump] L06.att    n=2560    finite=1 absmax=2.3506       mean=-0.0020671   sumsq=99.54660831        argmax=951
[dump]   top0 idx=951 val=2.35057
[dump]   top1 idx=728 val=1.26572
[dump]   top2 idx=482 val=1.12101
[dump]   top3 idx=1682 val=0.85109
[dump]   top4 idx=2475 val=0.70170
[dump] L06.fmix   n=2560    finite=1 absmax=2.0703       mean=0.0062776    sumsq=705.4651822        argmax=315
[dump]   top0 idx=315 val=2.07035
[dump]   top1 idx=2045 val=1.94251
[dump]   top2 idx=1512 val=1.81036
[dump]   top3 idx=1854 val=1.74812
[dump]   top4 idx=1134 val=1.70983
[dump] L06.mlogit n=512     finite=1 absmax=8.661        mean=-5.8975      sumsq=18140.18977        argmax=397
[dump] L06.mprob  n=512     finite=1 absmax=0.035223     mean=0.0019531    sumsq=0.005651504011     argmax=397
[dump] L06.mid    n=10      finite=1 absmax=0 mean=0 sumsq=0 ids: 397 292 182 237 320 68 326 259 152 342
[dump] L06.rlogit n=512     finite=1 absmax=8.661        mean=-5.8975      sumsq=18140.18977        argmax=397
[dump] L06.mwt    n=10      finite=1 absmax=0.2088       mean=0.1          sumsq=0.1159326677       argmax=0
[dump] L06.mgate  n=6400    finite=1 absmax=2.1911       mean=-0.27207     sumsq=1568.4545          argmax=4467
[dump]   top0 idx=4467 val=1.60621
[dump]   top1 idx=2179 val=1.59791
[dump]   top2 idx=1313 val=1.52958
[dump]   top3 idx=5094 val=1.17332
[dump]   top4 idx=4031 val=1.15562
[dump] L06.mup    n=6400    finite=1 absmax=1.4438       mean=0.012082     sumsq=958.3419484        argmax=74
[dump]   top0 idx=74 val=1.44382
[dump]   top1 idx=1985 val=1.41124
[dump]   top2 idx=6009 val=1.40021
[dump]   top3 idx=3951 val=1.38669
[dump]   top4 idx=5341 val=1.34152
[dump] L06.mgu    n=6400    finite=1 absmax=1.0068       mean=0.0010036    sumsq=42.45256387        argmax=5094
[dump]   top0 idx=5094 val=1.00681
[dump]   top1 idx=1313 val=0.97643
[dump]   top2 idx=3951 val=0.94505
[dump]   top3 idx=1985 val=0.92026
[dump]   top4 idx=2758 val=0.80715
[dump] L06.mdown  n=25600   finite=1 absmax=0.15077      mean=4.6139e-05   sumsq=18.61962376        argmax=24452
[dump]   top0 idx=24452 val=0.12380
[dump]   top1 idx=10960 val=0.11520
[dump]   top2 idx=12838 val=0.11008
[dump]   top3 idx=16605 val=0.10404
[dump]   top4 idx=16326 val=0.10296
[dump] L06.msh    n=2560    finite=1 absmax=0.023314     mean=0.00014284   sumsq=0.03553551898      argmax=579
[dump]   top0 idx=579 val=0.02284
[dump]   top1 idx=2453 val=0.01987
[dump]   top2 idx=1603 val=0.01607
[dump]   top3 idx=667 val=0.01435
[dump]   top4 idx=816 val=0.01392
[dump] L06.mout   n=2560    finite=1 absmax=0.05174      mean=0.00023109   sumsq=0.3563199115       argmax=65
[dump]   top0 idx=65 val=0.04387
[dump]   top1 idx=1705 val=0.03620
[dump]   top2 idx=2092 val=0.03551
[dump]   top3 idx=2227 val=0.03532
[dump]   top4 idx=895 val=0.03442
[dump] L06.moe    n=2560    finite=1 absmax=0.05174      mean=0.00023109   sumsq=0.3563199115       argmax=65
[dump]   top0 idx=65 val=0.04387
[dump]   top1 idx=1705 val=0.03620
[dump]   top2 idx=2092 val=0.03551
[dump]   top3 idx=2227 val=0.03532
[dump]   top4 idx=895 val=0.03442
[dump] L06.res    n=10240   finite=1 absmax=0.18604      mean=0.00010588   sumsq=2.891078378        argmax=9475
[dump]   top0 idx=9475 val=0.14978
[dump]   top1 idx=5848 val=0.14016
[dump]   top2 idx=5125 val=0.13591
[dump]   top3 idx=7995 val=0.13067
[dump]   top4 idx=9071 val=0.10464
[dump] L07.hcmix  n=2560    finite=1 absmax=3.6335       mean=0.0075011    sumsq=303.2664175        argmax=5
[dump]   top0 idx=5 val=3.63346
[dump]   top1 idx=315 val=1.65790
[dump]   top2 idx=793 val=1.59291
[dump]   top3 idx=1500 val=1.54690
[dump]   top4 idx=728 val=1.39988
[dump] L07.cur    n=2560    finite=1 absmax=3.6335       mean=0.0075011    sumsq=303.2664175        argmax=5
[dump]   top0 idx=5 val=3.63346
[dump]   top1 idx=315 val=1.65790
[dump]   top2 idx=793 val=1.59291
[dump]   top3 idx=1500 val=1.54690
[dump]   top4 idx=728 val=1.39988
[dump] L07.qnorm  n=6144    finite=1 absmax=6.9398       mean=0.051165     sumsq=8135.330348        argmax=1537
[dump]   top0 idx=1537 val=6.49812
[dump]   top1 idx=4612 val=6.08755
[dump]   top2 idx=5912 val=4.90062
[dump]   top3 idx=40 val=4.88749
[dump]   top4 idx=3333 val=4.60806
[dump] L07.knorm  n=512     finite=1 absmax=4.3477       mean=-0.019777    sumsq=901.6817962        argmax=240
[dump] L07.vraw   n=512     finite=1 absmax=2.6483       mean=0.028357     sumsq=242.3486965        argmax=143
[dump] L07.Q      n=6144    finite=1 absmax=6.941        mean=0.015507     sumsq=8135.330324        argmax=4613
[dump]   top0 idx=4613 val=6.83208
[dump]   top1 idx=4611 val=5.85992
[dump]   top2 idx=5635 val=5.35361
[dump]   top3 idx=3331 val=5.02535
[dump]   top4 idx=40 val=5.00790
[dump] L07.K      n=512     finite=1 absmax=4.3477       mean=-0.0058317   sumsq=901.6817925        argmax=240
[dump] L07.faout  n=6144    finite=1 absmax=10.332       mean=0.012195     sumsq=2666.056267        argmax=1262
[dump]   top0 idx=1262 val=10.33180
[dump]   top1 idx=1518 val=9.95395
[dump]   top2 idx=2030 val=9.84788
[dump]   top3 idx=238 val=8.54951
[dump]   top4 idx=2286 val=7.08720
[dump] L07.gate   n=6144    finite=1 absmax=3.8536       mean=-1.2221      sumsq=11386.0187         argmax=2878
[dump]   top0 idx=2878 val=0.84352
[dump]   top1 idx=2924 val=0.82042
[dump]   top2 idx=2892 val=0.73594
[dump]   top3 idx=3022 val=0.67036
[dump]   top4 idx=2884 val=0.63456
[dump] L07.gated  n=6144    finite=1 absmax=0.97225      mean=0.0022183    sumsq=143.8871213        argmax=4252
[dump]   top0 idx=4252 val=0.97225
[dump]   top1 idx=3444 val=0.78247
[dump]   top2 idx=4165 val=0.77312
[dump]   top3 idx=5220 val=0.74546
[dump]   top4 idx=4980 val=0.72696
[dump] L07.att    n=2560    finite=1 absmax=0.68983      mean=0.0018852    sumsq=32.52238824        argmax=1795
[dump]   top0 idx=1795 val=0.58873
[dump]   top1 idx=1134 val=0.53069
[dump]   top2 idx=1345 val=0.49973
[dump]   top3 idx=1993 val=0.41624
[dump]   top4 idx=2247 val=0.39272
[dump] L07.fmix   n=2560    finite=1 absmax=2.7538       mean=0.0037387    sumsq=676.4414329        argmax=1854
[dump]   top0 idx=1854 val=1.71560
[dump]   top1 idx=262 val=1.65398
[dump]   top2 idx=1313 val=1.59097
[dump]   top3 idx=141 val=1.50250
[dump]   top4 idx=667 val=1.48316
[dump] L07.mlogit n=512     finite=1 absmax=7.7371       mean=-5.851       sumsq=17865.18716        argmax=242
[dump] L07.mprob  n=512     finite=1 absmax=0.037745     mean=0.0019531    sumsq=0.00651982164      argmax=242
[dump] L07.mid    n=10      finite=1 absmax=0 mean=0 sumsq=0 ids: 242 445 452 158 425 191 144 163 52 26
[dump] L07.rlogit n=512     finite=1 absmax=7.7371       mean=-5.851       sumsq=17865.18716        argmax=242
[dump] L07.mwt    n=10      finite=1 absmax=0.2052       mean=0.1          sumsq=0.1215640615       argmax=0
[dump] L07.mgate  n=6400    finite=1 absmax=2.1097       mean=-0.18562     sumsq=1224.687848        argmax=121
[dump]   top0 idx=121 val=2.10972
[dump]   top1 idx=4491 val=1.77379
[dump]   top2 idx=4661 val=1.66302
[dump]   top3 idx=2421 val=1.64918
[dump]   top4 idx=4660 val=1.60291
[dump] L07.mup    n=6400    finite=1 absmax=1.9651       mean=0.002441     sumsq=889.889225         argmax=314
[dump]   top0 idx=314 val=1.54976
[dump]   top1 idx=3056 val=1.52695
[dump]   top2 idx=1893 val=1.26748
[dump]   top3 idx=6349 val=1.24910
[dump]   top4 idx=3404 val=1.24896
[dump] L07.mgu    n=6400    finite=1 absmax=2.3607       mean=0.00168      sumsq=49.81298822        argmax=5620
[dump]   top0 idx=5620 val=1.16727
[dump]   top1 idx=3151 val=0.99847
[dump]   top2 idx=3056 val=0.96719
[dump]   top3 idx=2023 val=0.77953
[dump]   top4 idx=121 val=0.77528
[dump] L07.mdown  n=25600   finite=1 absmax=0.16023      mean=5.2438e-05   sumsq=21.36304182        argmax=20756
[dump]   top0 idx=20756 val=0.16023
[dump]   top1 idx=893 val=0.15707
[dump]   top2 idx=652 val=0.13930
[dump]   top3 idx=651 val=0.13335
[dump]   top4 idx=1795 val=0.12794
[dump] L07.msh    n=2560    finite=1 absmax=0.035741     mean=0.0002055    sumsq=0.03587269102      argmax=1603
[dump]   top0 idx=1603 val=0.02242
[dump]   top1 idx=770 val=0.02123
[dump]   top2 idx=1301 val=0.02034
[dump]   top3 idx=2171 val=0.01713
[dump]   top4 idx=722 val=0.01514
[dump] L07.mout   n=2560    finite=1 absmax=0.065908     mean=0.00036227   sumsq=0.4871444888       argmax=2097
[dump]   top0 idx=2097 val=0.05180
[dump]   top1 idx=526 val=0.04634
[dump]   top2 idx=1795 val=0.04537
[dump]   top3 idx=2264 val=0.04415
[dump]   top4 idx=652 val=0.04356
[dump] L07.moe    n=2560    finite=1 absmax=0.065908     mean=0.00036227   sumsq=0.4871444888       argmax=2097
[dump]   top0 idx=2097 val=0.05180
[dump]   top1 idx=526 val=0.04634
[dump]   top2 idx=1795 val=0.04537
[dump]   top3 idx=2264 val=0.04415
[dump]   top4 idx=652 val=0.04356
[dump] L07.res    n=10240   finite=1 absmax=0.22584      mean=0.00024802   sumsq=3.636227618        argmax=9475
[dump]   top0 idx=9475 val=0.22584
[dump]   top1 idx=9071 val=0.15311
[dump]   top2 idx=7995 val=0.14186
[dump]   top3 idx=5848 val=0.13747
[dump]   top4 idx=5125 val=0.13538
[dump] L08.hcmix  n=2560    finite=1 absmax=4.1689       mean=0.017115     sumsq=822.7310735        argmax=2097
[dump]   top0 idx=2097 val=2.45868
[dump]   top1 idx=1795 val=2.14529
[dump]   top2 idx=1290 val=2.09067
[dump]   top3 idx=315 val=2.02892
[dump]   top4 idx=1313 val=1.88392
[dump] L08.conv   n=10240   finite=1 absmax=1.1291       mean=0.0011042    sumsq=16.36497782        argmax=9641
[dump]   top0 idx=9641 val=1.12908
[dump]   top1 idx=9618 val=0.96220
[dump]   top2 idx=4384 val=0.64989
[dump]   top3 idx=6740 val=0.60440
[dump]   top4 idx=5958 val=0.57222
[dump] L08.gnorm  n=6144    finite=1 absmax=0.18084      mean=0.0004535    sumsq=2.369365902        argmax=2873
[dump]   top0 idx=2873 val=0.18084
[dump]   top1 idx=2870 val=0.14906
[dump]   top2 idx=2023 val=0.14486
[dump]   top3 idx=4361 val=0.13965
[dump]   top4 idx=2009 val=0.13181
[dump] L08.lin    n=2560    finite=1 absmax=0.13825      mean=0.00038656   sumsq=2.343918405        argmax=1300
[dump]   top0 idx=1300 val=0.10839
[dump]   top1 idx=1486 val=0.10258
[dump]   top2 idx=1795 val=0.09213
[dump]   top3 idx=1865 val=0.09151
[dump]   top4 idx=799 val=0.09043
[dump] L08.att    n=2560    finite=1 absmax=0.13825      mean=0.00038656   sumsq=2.343918405        argmax=1300
[dump]   top0 idx=1300 val=0.10839
[dump]   top1 idx=1486 val=0.10258
[dump]   top2 idx=1795 val=0.09213
[dump]   top3 idx=1865 val=0.09151
[dump]   top4 idx=799 val=0.09043
[dump] L08.fmix   n=2560    finite=1 absmax=1.8101       mean=0.019011     sumsq=638.7436953        argmax=1313
[dump]   top0 idx=1313 val=1.81012
[dump]   top1 idx=1512 val=1.61067
[dump]   top2 idx=2433 val=1.59489
[dump]   top3 idx=1503 val=1.59223
[dump]   top4 idx=1290 val=1.55552
[dump] L08.mlogit n=512     finite=1 absmax=7.5399       mean=-5.8352      sumsq=17678.94906        argmax=263
[dump] L08.mprob  n=512     finite=1 absmax=0.032121     mean=0.0019531    sumsq=0.004653306112     argmax=263
[dump] L08.mid    n=10      finite=1 absmax=0 mean=0 sumsq=0 ids: 263 462 181 175 308 183 231 46 422 38
[dump] L08.rlogit n=512     finite=1 absmax=7.5399       mean=-5.8352      sumsq=17678.94906        argmax=263
[dump] L08.mwt    n=10      finite=1 absmax=0.22939      mean=0.1          sumsq=0.1231795341       argmax=0
[dump] L08.mgate  n=6400    finite=1 absmax=1.6892       mean=-0.23931     sumsq=1263.256937        argmax=3943
[dump]   top0 idx=3943 val=1.35927
[dump]   top1 idx=6157 val=1.22666
[dump]   top2 idx=3975 val=1.12290
[dump]   top3 idx=883 val=1.11271
[dump]   top4 idx=1389 val=1.10204
[dump] L08.mup    n=6400    finite=1 absmax=1.7027       mean=-0.0004359   sumsq=917.5014923        argmax=3943
[dump]   top0 idx=3943 val=1.70272
[dump]   top1 idx=1695 val=1.42324
[dump]   top2 idx=1730 val=1.28747
[dump]   top3 idx=2583 val=1.24251
[dump]   top4 idx=1796 val=1.24244
[dump] L08.mgu    n=6400    finite=1 absmax=1.8415       mean=-0.00033473  sumsq=38.02978886        argmax=3943
[dump]   top0 idx=3943 val=1.84147
[dump]   top1 idx=3975 val=0.77521
[dump]   top2 idx=2326 val=0.64956
[dump]   top3 idx=1796 val=0.64022
[dump]   top4 idx=6157 val=0.58083
[dump] L08.mdown  n=25600   finite=1 absmax=0.14166      mean=-3.4134e-05  sumsq=16.62475147        argmax=17760
[dump]   top0 idx=17760 val=0.12671
[dump]   top1 idx=6762 val=0.12618
[dump]   top2 idx=7628 val=0.12521
[dump]   top3 idx=17400 val=0.11805
[dump]   top4 idx=17815 val=0.10993
[dump] L08.msh    n=2560    finite=1 absmax=0.011179     mean=-1.8644e-05  sumsq=0.01747512997      argmax=2450
[dump]   top0 idx=2450 val=0.01088
[dump]   top1 idx=231 val=0.01064
[dump]   top2 idx=1096 val=0.00976
[dump]   top3 idx=36 val=0.00937
[dump]   top4 idx=1039 val=0.00917
[dump] L08.mout   n=2560    finite=1 absmax=0.036151     mean=-0.0001726   sumsq=0.2459316859       argmax=2338
[dump]   top0 idx=2338 val=0.03266
[dump]   top1 idx=967 val=0.03146
[dump]   top2 idx=2219 val=0.03065
[dump]   top3 idx=929 val=0.02963
[dump]   top4 idx=231 val=0.02958
[dump] L08.moe    n=2560    finite=1 absmax=0.036151     mean=-0.0001726   sumsq=0.2459316859       argmax=2338
[dump]   top0 idx=2338 val=0.03266
[dump]   top1 idx=967 val=0.03146
[dump]   top2 idx=2219 val=0.03065
[dump]   top3 idx=929 val=0.02963
[dump]   top4 idx=231 val=0.02958
[dump] L08.res    n=10240   finite=1 absmax=0.24419      mean=0.00024325   sumsq=4.055017113        argmax=9475
[dump]   top0 idx=9475 val=0.24419
[dump]   top1 idx=9071 val=0.16553
[dump]   top2 idx=7995 val=0.15417
[dump]   top3 idx=5848 val=0.13748
[dump]   top4 idx=5125 val=0.13535
[dump] L09.hcmix  n=2560    finite=1 absmax=2.5638       mean=0.019663     sumsq=731.8749224        argmax=315
[dump]   top0 idx=315 val=2.56382
[dump]   top1 idx=1020 val=2.33178
[dump]   top2 idx=1795 val=2.15353
[dump]   top3 idx=1313 val=2.09289
[dump]   top4 idx=2338 val=2.07075
[dump] L09.conv   n=10240   finite=1 absmax=0.76408      mean=0.00069313   sumsq=13.81230673        argmax=1819
[dump]   top0 idx=1819 val=0.76408
[dump]   top1 idx=5528 val=0.69865
[dump]   top2 idx=4296 val=0.52546
[dump]   top3 idx=1118 val=0.51274
[dump]   top4 idx=9179 val=0.49688
[dump] L09.gnorm  n=6144    finite=1 absmax=0.81267      mean=-0.00014366  sumsq=21.24953128        argmax=2542
[dump]   top0 idx=2542 val=0.81267
[dump]   top1 idx=1773 val=0.67084
[dump]   top2 idx=1705 val=0.63046
[dump]   top3 idx=5862 val=0.39850
[dump]   top4 idx=5320 val=0.37264
[dump] L09.lin    n=2560    finite=1 absmax=0.32828      mean=0.0026858    sumsq=17.23425839        argmax=2085
[dump]   top0 idx=2085 val=0.32828
[dump]   top1 idx=178 val=0.29394
[dump]   top2 idx=342 val=0.29193
[dump]   top3 idx=84 val=0.28930
[dump]   top4 idx=662 val=0.27925
[dump] L09.att    n=2560    finite=1 absmax=0.32828      mean=0.0026858    sumsq=17.23425839        argmax=2085
[dump]   top0 idx=2085 val=0.32828
[dump]   top1 idx=178 val=0.29394
[dump]   top2 idx=342 val=0.29193
[dump]   top3 idx=84 val=0.28930
[dump]   top4 idx=662 val=0.27925
[dump] L09.fmix   n=2560    finite=1 absmax=1.7534       mean=0.020638     sumsq=633.3653829        argmax=2338
[dump]   top0 idx=2338 val=1.75342
[dump]   top1 idx=780 val=1.64354
[dump]   top2 idx=1687 val=1.53940
[dump]   top3 idx=1313 val=1.49606
[dump]   top4 idx=2112 val=1.48086
[dump] L09.mlogit n=512     finite=1 absmax=7.4311       mean=-5.6618      sumsq=16603.4345         argmax=478
[dump] L09.mprob  n=512     finite=1 absmax=0.019658     mean=0.0019531    sumsq=0.003082458698     argmax=478
[dump] L09.mid    n=10      finite=1 absmax=0 mean=0 sumsq=0 ids: 478 264 506 508 376 468 230 122 430 371
[dump] L09.rlogit n=512     finite=1 absmax=7.4311       mean=-5.6618      sumsq=16603.4345         argmax=478
[dump] L09.mwt    n=10      finite=1 absmax=0.23323      mean=0.1          sumsq=0.1223902047       argmax=0
[dump] L09.mgate  n=6400    finite=1 absmax=1.5747       mean=-0.18103     sumsq=1042.226722        argmax=1851
[dump]   top0 idx=1851 val=1.33260
[dump]   top1 idx=2536 val=1.31640
[dump]   top2 idx=2980 val=1.21167
[dump]   top3 idx=2065 val=1.20382
[dump]   top4 idx=872 val=1.20200
[dump] L09.mup    n=6400    finite=1 absmax=1.5745       mean=0.0027299    sumsq=828.8146275        argmax=1190
[dump]   top0 idx=1190 val=1.57454
[dump]   top1 idx=5726 val=1.56680
[dump]   top2 idx=1471 val=1.48456
[dump]   top3 idx=2927 val=1.44390
[dump]   top4 idx=4822 val=1.39056
[dump] L09.mgu    n=6400    finite=1 absmax=1.4089       mean=0.0021709    sumsq=31.09360447        argmax=1190
[dump]   top0 idx=1190 val=1.40887
[dump]   top1 idx=3367 val=1.03747
[dump]   top2 idx=1580 val=0.67087
[dump]   top3 idx=2692 val=0.62492
[dump]   top4 idx=872 val=0.60976
[dump] L09.mdown  n=25600   finite=1 absmax=0.11174      mean=1.6695e-05   sumsq=13.55289027        argmax=12698
[dump]   top0 idx=12698 val=0.10448
[dump]   top1 idx=4173 val=0.09980
[dump]   top2 idx=11720 val=0.09422
[dump]   top3 idx=3119 val=0.09084
[dump]   top4 idx=4768 val=0.08900
[dump] L09.msh    n=2560    finite=1 absmax=0.016882     mean=1.0939e-05   sumsq=0.02558842047      argmax=1395
[dump]   top0 idx=1395 val=0.01438
[dump]   top1 idx=722 val=0.01309
[dump]   top2 idx=579 val=0.01199
[dump]   top3 idx=403 val=0.01196
[dump]   top4 idx=983 val=0.01138
[dump] L09.mout   n=2560    finite=1 absmax=0.036309     mean=-5.5886e-05  sumsq=0.231077334        argmax=690
[dump]   top0 idx=690 val=0.03553
[dump]   top1 idx=105 val=0.03399
[dump]   top2 idx=1557 val=0.03214
[dump]   top3 idx=1840 val=0.03067
[dump]   top4 idx=1395 val=0.02872
[dump] L09.moe    n=2560    finite=1 absmax=0.036309     mean=-5.5886e-05  sumsq=0.231077334        argmax=690
[dump]   top0 idx=690 val=0.03553
[dump]   top1 idx=105 val=0.03399
[dump]   top2 idx=1557 val=0.03214
[dump]   top3 idx=1840 val=0.03067
[dump]   top4 idx=1395 val=0.02872
[dump] L09.res    n=10240   finite=1 absmax=0.25412      mean=0.00029008   sumsq=4.16528485         argmax=9475
[dump]   top0 idx=9475 val=0.25412
[dump]   top1 idx=9071 val=0.17871
[dump]   top2 idx=7995 val=0.15501
[dump]   top3 idx=5848 val=0.13736
[dump]   top4 idx=5125 val=0.13547
[dump] L10.hcmix  n=2560    finite=1 absmax=2.5984       mean=0.025542     sumsq=811.7671179        argmax=1391
[dump]   top0 idx=1391 val=2.59836
[dump]   top1 idx=315 val=2.59698
[dump]   top2 idx=682 val=2.25811
[dump]   top3 idx=92 val=2.17502
[dump]   top4 idx=2338 val=2.02131
[dump] L10.conv   n=10240   finite=1 absmax=0.72229      mean=-0.00019958  sumsq=16.50702022        argmax=4479
[dump]   top0 idx=4479 val=0.72229
[dump]   top1 idx=6606 val=0.64783
[dump]   top2 idx=5817 val=0.43824
[dump]   top3 idx=6515 val=0.43641
[dump]   top4 idx=542 val=0.43037
[dump] L10.gnorm  n=6144    finite=1 absmax=0.65471      mean=0.0010536    sumsq=27.5139606         argmax=955
[dump]   top0 idx=955 val=0.65471
[dump]   top1 idx=2553 val=0.64797
[dump]   top2 idx=5055 val=0.64525
[dump]   top3 idx=4213 val=0.55694
[dump]   top4 idx=89 val=0.53716
[dump] L10.lin    n=2560    finite=1 absmax=0.33037      mean=-0.0021305   sumsq=20.08113897        argmax=1579
[dump]   top0 idx=1579 val=0.33037
[dump]   top1 idx=728 val=0.32759
[dump]   top2 idx=2269 val=0.32487
[dump]   top3 idx=816 val=0.31251
[dump]   top4 idx=80 val=0.30900
[dump] L10.att    n=2560    finite=1 absmax=0.33037      mean=-0.0021305   sumsq=20.08113897        argmax=1579
[dump]   top0 idx=1579 val=0.33037
[dump]   top1 idx=728 val=0.32759
[dump]   top2 idx=2269 val=0.32487
[dump]   top3 idx=816 val=0.31251
[dump]   top4 idx=80 val=0.30900
[dump] L10.fmix   n=2560    finite=1 absmax=1.9812       mean=0.010286     sumsq=582.7021817        argmax=780
[dump]   top0 idx=780 val=1.98124
[dump]   top1 idx=1500 val=1.77884
[dump]   top2 idx=1512 val=1.57524
[dump]   top3 idx=110 val=1.54889
[dump]   top4 idx=690 val=1.48193
[dump] L10.mlogit n=512     finite=1 absmax=8.6045       mean=-5.961       sumsq=18519.2678         argmax=355
[dump] L10.mprob  n=512     finite=1 absmax=0.021257     mean=0.0019531    sumsq=0.004053993319     argmax=355
[dump] L10.mid    n=10      finite=1 absmax=0 mean=0 sumsq=0 ids: 355 461 296 373 88 495 416 97 322 40
[dump] L10.rlogit n=512     finite=1 absmax=8.6045       mean=-5.961       sumsq=18519.2678         argmax=355
[dump] L10.mwt    n=10      finite=1 absmax=0.17368      mean=0.1          sumsq=0.1097222384       argmax=0
[dump] L10.mgate  n=6400    finite=1 absmax=1.3859       mean=-0.20063     sumsq=1103.225318        argmax=3072
[dump]   top0 idx=3072 val=1.31543
[dump]   top1 idx=5081 val=1.18154
[dump]   top2 idx=2007 val=1.11428
[dump]   top3 idx=3013 val=1.10824
[dump]   top4 idx=1546 val=1.09393
[dump] L10.mup    n=6400    finite=1 absmax=1.6325       mean=0.0088332    sumsq=826.4799769        argmax=3898
[dump]   top0 idx=3898 val=1.63251
[dump]   top1 idx=5081 val=1.56035
[dump]   top2 idx=1411 val=1.33378
[dump]   top3 idx=3579 val=1.32472
[dump]   top4 idx=152 val=1.31257
[dump] L10.mgu    n=6400    finite=1 absmax=1.4108       mean=-0.00084175  sumsq=33.03253531        argmax=5081
[dump]   top0 idx=5081 val=1.41078
[dump]   top1 idx=4676 val=0.61730
[dump]   top2 idx=135 val=0.50454
[dump]   top3 idx=4018 val=0.49474
[dump]   top4 idx=3097 val=0.48270
[dump] L10.mdown  n=25600   finite=1 absmax=0.12046      mean=-0.00039961  sumsq=14.67087098        argmax=19743
[dump]   top0 idx=19743 val=0.10903
[dump]   top1 idx=9071 val=0.10323
[dump]   top2 idx=20048 val=0.10223
[dump]   top3 idx=11744 val=0.09821
[dump]   top4 idx=20407 val=0.09570
[dump] L10.msh    n=2560    finite=1 absmax=0.014671     mean=-6.2715e-05  sumsq=0.01448510752      argmax=1603
[dump]   top0 idx=1603 val=0.01413
[dump]   top1 idx=36 val=0.01012
[dump]   top2 idx=579 val=0.00965
[dump]   top3 idx=394 val=0.00911
[dump]   top4 idx=2450 val=0.00879
[dump] L10.mout   n=2560    finite=1 absmax=0.027402     mean=-0.00047165  sumsq=0.194051775        argmax=1694
[dump]   top0 idx=1694 val=0.02740
[dump]   top1 idx=1852 val=0.02609
[dump]   top2 idx=687 val=0.02389
[dump]   top3 idx=792 val=0.02327
[dump]   top4 idx=2119 val=0.02306
[dump] L10.moe    n=2560    finite=1 absmax=0.027402     mean=-0.00047165  sumsq=0.194051775        argmax=1694
[dump]   top0 idx=1694 val=0.02740
[dump]   top1 idx=1852 val=0.02609
[dump]   top2 idx=687 val=0.02389
[dump]   top3 idx=792 val=0.02327
[dump]   top4 idx=2119 val=0.02306
[dump] L10.res    n=10240   finite=1 absmax=0.25614      mean=0.00011827   sumsq=4.324698448        argmax=9475
[dump]   top0 idx=9475 val=0.25614
[dump]   top1 idx=9071 val=0.17567
[dump]   top2 idx=7995 val=0.14743
[dump]   top3 idx=5848 val=0.13773
[dump]   top4 idx=5125 val=0.13555
[dump] L11.hcmix  n=2560    finite=1 absmax=2.7634       mean=0.0049727    sumsq=345.508601         argmax=5
[dump]   top0 idx=5 val=2.76341
[dump]   top1 idx=728 val=1.83504
[dump]   top2 idx=951 val=1.44946
[dump]   top3 idx=2238 val=1.33528
[dump]   top4 idx=1795 val=1.28313
[dump] L11.cur    n=2560    finite=1 absmax=2.7634       mean=0.0049727    sumsq=345.508601         argmax=5
[dump]   top0 idx=5 val=2.76341
[dump]   top1 idx=728 val=1.83504
[dump]   top2 idx=951 val=1.44946
[dump]   top3 idx=2238 val=1.33528
[dump]   top4 idx=1795 val=1.28313
[dump] L11.qnorm  n=6144    finite=1 absmax=8.0117       mean=-0.05385     sumsq=7510.196563        argmax=3876
[dump]   top0 idx=3876 val=5.48323
[dump]   top1 idx=2618 val=5.00023
[dump]   top2 idx=3843 val=4.62517
[dump]   top3 idx=2874 val=3.98022
[dump]   top4 idx=4355 val=3.88954
[dump] L11.knorm  n=512     finite=1 absmax=5.7176       mean=0.033753     sumsq=917.726928         argmax=58
[dump] L11.vraw   n=512     finite=1 absmax=1.9223       mean=-0.0024404   sumsq=195.9132307        argmax=146
[dump] L11.Q      n=6144    finite=1 absmax=7.7367       mean=-0.026283    sumsq=7510.196562        argmax=512
[dump]   top0 idx=512 val=7.73670
[dump]   top1 idx=3584 val=6.09034
[dump]   top2 idx=5376 val=6.02302
[dump]   top3 idx=1280 val=5.50219
[dump]   top4 idx=3846 val=5.47846
[dump] L11.K      n=512     finite=1 absmax=5.7174       mean=0.029196     sumsq=917.7269283        argmax=58
[dump] L11.faout  n=6144    finite=1 absmax=6.7812       mean=-0.018252    sumsq=1547.168348        argmax=1938
[dump]   top0 idx=1938 val=1.92658
[dump]   top1 idx=2706 val=1.86630
[dump]   top2 idx=1170 val=1.79073
[dump]   top3 idx=1426 val=1.74462
[dump]   top4 idx=402 val=1.69350
[dump] L11.gate   n=6144    finite=1 absmax=3.7994       mean=-1.1719      sumsq=10668.7708         argmax=1338
[dump]   top0 idx=1338 val=1.35901
[dump]   top1 idx=1393 val=0.98654
[dump]   top2 idx=1478 val=0.80739
[dump]   top3 idx=1333 val=0.79458
[dump]   top4 idx=1354 val=0.74790
[dump] L11.gated  n=6144    finite=1 absmax=0.8195       mean=-0.0037027   sumsq=103.9769308        argmax=4531
[dump]   top0 idx=4531 val=0.81950
[dump]   top1 idx=1120 val=0.69861
[dump]   top2 idx=1307 val=0.69168
[dump]   top3 idx=5299 val=0.68635
[dump]   top4 idx=2144 val=0.63905
[dump] L11.att    n=2560    finite=1 absmax=0.4134       mean=0.0028512    sumsq=23.23685173        argmax=1897
[dump]   top0 idx=1897 val=0.37271
[dump]   top1 idx=422 val=0.34632
[dump]   top2 idx=1751 val=0.32753
[dump]   top3 idx=816 val=0.29603
[dump]   top4 idx=202 val=0.29380
[dump] L11.fmix   n=2560    finite=1 absmax=2.0849       mean=0.0052317    sumsq=612.9688561        argmax=1512
[dump]   top0 idx=1512 val=1.62880
[dump]   top1 idx=780 val=1.57581
[dump]   top2 idx=2433 val=1.52259
[dump]   top3 idx=1040 val=1.52241
[dump]   top4 idx=690 val=1.50651
[dump] L11.mlogit n=512     finite=1 absmax=8.7617       mean=-5.8587      sumsq=17928.19552        argmax=166
[dump] L11.mprob  n=512     finite=1 absmax=0.043529     mean=0.0019531    sumsq=0.006766288481     argmax=166
[dump] L11.mid    n=10      finite=1 absmax=0 mean=0 sumsq=0 ids: 166 508 323 249 418 273 430 48 261 371
[dump] L11.rlogit n=512     finite=1 absmax=8.7617       mean=-5.8587      sumsq=17928.19552        argmax=166
[dump] L11.mwt    n=10      finite=1 absmax=0.23601      mean=0.1          sumsq=0.1311787593       argmax=0
[dump] L11.mgate  n=6400    finite=1 absmax=1.4981       mean=-0.2181      sumsq=1177.450967        argmax=2991
[dump]   top0 idx=2991 val=1.30518
[dump]   top1 idx=6245 val=1.20802
[dump]   top2 idx=4427 val=1.20123
[dump]   top3 idx=1675 val=1.18578
[dump]   top4 idx=5127 val=1.17303
[dump] L11.mup    n=6400    finite=1 absmax=2.3225       mean=-0.0074865   sumsq=850.4867865        argmax=2529
[dump]   top0 idx=2529 val=1.47425
[dump]   top1 idx=4716 val=1.42091
[dump]   top2 idx=4574 val=1.29279
[dump]   top3 idx=4117 val=1.28091
[dump]   top4 idx=1334 val=1.21914
[dump] L11.mgu    n=6400    finite=1 absmax=1.6471       mean=-0.00067857  sumsq=36.04846429        argmax=4716
[dump]   top0 idx=4716 val=0.80419
[dump]   top1 idx=2529 val=0.76221
[dump]   top2 idx=1334 val=0.73036
[dump]   top3 idx=3656 val=0.70477
[dump]   top4 idx=4427 val=0.69148
[dump] L11.mdown  n=25600   finite=1 absmax=0.12181      mean=-0.00022869  sumsq=15.43537951        argmax=6211
[dump]   top0 idx=6211 val=0.12102
[dump]   top1 idx=4650 val=0.10467
[dump]   top2 idx=21996 val=0.10119
[dump]   top3 idx=7025 val=0.10038
[dump]   top4 idx=21678 val=0.09738
[dump] L11.msh    n=2560    finite=1 absmax=0.00733      mean=3.2624e-05   sumsq=0.007545269981     argmax=1636
[dump]   top0 idx=1636 val=0.00733
[dump]   top1 idx=1752 val=0.00635
[dump]   top2 idx=2450 val=0.00586
[dump]   top3 idx=1458 val=0.00541
[dump]   top4 idx=591 val=0.00523
[dump] L11.mout   n=2560    finite=1 absmax=0.042759     mean=-0.00023599  sumsq=0.2717791216       argmax=1520
[dump]   top0 idx=1520 val=0.04276
[dump]   top1 idx=2421 val=0.03339
[dump]   top2 idx=1289 val=0.03145
[dump]   top3 idx=2259 val=0.02907
[dump]   top4 idx=851 val=0.02883
[dump] L11.moe    n=2560    finite=1 absmax=0.042759     mean=-0.00023599  sumsq=0.2717791216       argmax=1520
[dump]   top0 idx=1520 val=0.04276
[dump]   top1 idx=2421 val=0.03339
[dump]   top2 idx=1289 val=0.03145
[dump]   top3 idx=2259 val=0.02907
[dump]   top4 idx=851 val=0.02883
[dump] L11.res    n=10240   finite=1 absmax=0.26293      mean=0.0001022    sumsq=4.466856349        argmax=9475
[dump]   top0 idx=9475 val=0.26293
[dump]   top1 idx=9071 val=0.17837
[dump]   top2 idx=7995 val=0.15388
[dump]   top3 idx=5848 val=0.13761
[dump]   top4 idx=5125 val=0.13549
[dump] L12.hcmix  n=2560    finite=1 absmax=3.1785       mean=0.0024798    sumsq=816.0886232        argmax=1795
[dump]   top0 idx=1795 val=2.45642
[dump]   top1 idx=1512 val=2.19368
[dump]   top2 idx=1391 val=2.10169
[dump]   top3 idx=780 val=1.98921
[dump]   top4 idx=788 val=1.73886
[dump] L12.conv   n=10240   finite=1 absmax=0.54933      mean=-0.0019182   sumsq=16.72984279        argmax=8559
[dump]   top0 idx=8559 val=0.54933
[dump]   top1 idx=7758 val=0.44563
[dump]   top2 idx=275 val=0.43948
[dump]   top3 idx=6464 val=0.43496
[dump]   top4 idx=1925 val=0.41374
[dump] L12.gnorm  n=6144    finite=1 absmax=0.90988      mean=-0.0023108   sumsq=19.57533423        argmax=2690
[dump]   top0 idx=2690 val=0.90988
[dump]   top1 idx=2742 val=0.65142
[dump]   top2 idx=2002 val=0.58678
[dump]   top3 idx=4788 val=0.44705
[dump]   top4 idx=292 val=0.41671
[dump] L12.lin    n=2560    finite=1 absmax=0.33543      mean=-0.00090929  sumsq=17.03886324        argmax=1432
[dump]   top0 idx=1432 val=0.29137
[dump]   top1 idx=1480 val=0.26912
[dump]   top2 idx=691 val=0.26434
[dump]   top3 idx=2431 val=0.24968
[dump]   top4 idx=729 val=0.24575
[dump] L12.att    n=2560    finite=1 absmax=0.33543      mean=-0.00090929  sumsq=17.03886324        argmax=1432
[dump]   top0 idx=1432 val=0.29137
[dump]   top1 idx=1480 val=0.26912
[dump]   top2 idx=691 val=0.26434
[dump]   top3 idx=2431 val=0.24968
[dump]   top4 idx=729 val=0.24575
[dump] L12.fmix   n=2560    finite=1 absmax=1.9333       mean=0.0022988    sumsq=699.3731548        argmax=110
[dump]   top0 idx=110 val=1.88978
[dump]   top1 idx=780 val=1.87334
[dump]   top2 idx=1512 val=1.85250
[dump]   top3 idx=1503 val=1.81074
[dump]   top4 idx=276 val=1.59665
[dump] L12.mlogit n=512     finite=1 absmax=8.6344       mean=-6.0497      sumsq=19203.35231        argmax=421
[dump] L12.mprob  n=512     finite=1 absmax=0.045977     mean=0.0019531    sumsq=0.006719402559     argmax=421
[dump] L12.mid    n=10      finite=1 absmax=0 mean=0 sumsq=0 ids: 421 459 9 392 433 63 21 390 37 0
[dump] L12.rlogit n=512     finite=1 absmax=8.6344       mean=-6.0497      sumsq=19203.35231        argmax=421
[dump] L12.mwt    n=10      finite=1 absmax=0.26689      mean=0.1          sumsq=0.1365342598       argmax=0
[dump] L12.mgate  n=6400    finite=1 absmax=2.2996       mean=-0.20083     sumsq=1318.493941        argmax=4553
[dump]   top0 idx=4553 val=2.29963
[dump]   top1 idx=5431 val=1.59374
[dump]   top2 idx=4753 val=1.47697
[dump]   top3 idx=5104 val=1.47373
[dump]   top4 idx=4602 val=1.42403
[dump] L12.mup    n=6400    finite=1 absmax=2.2044       mean=0.0054092    sumsq=986.4238567        argmax=1304
[dump]   top0 idx=1304 val=1.63523
[dump]   top1 idx=4418 val=1.58760
[dump]   top2 idx=5498 val=1.43738
[dump]   top3 idx=2431 val=1.38144
[dump]   top4 idx=2451 val=1.37947
[dump] L12.mgu    n=6400    finite=1 absmax=1.2415       mean=-0.0017321   sumsq=44.45693305        argmax=5104
[dump]   top0 idx=5104 val=1.24153
[dump]   top1 idx=2431 val=1.07651
[dump]   top2 idx=3915 val=0.67224
[dump]   top3 idx=4501 val=0.61335
[dump]   top4 idx=4276 val=0.49486
[dump] L12.mdown  n=25600   finite=1 absmax=0.13968      mean=-3.0509e-05  sumsq=19.75587189        argmax=2508
[dump]   top0 idx=2508 val=0.13968
[dump]   top1 idx=19660 val=0.13404
[dump]   top2 idx=16782 val=0.11573
[dump]   top3 idx=19991 val=0.11533
[dump]   top4 idx=18759 val=0.11297
[dump] L12.msh    n=2560    finite=1 absmax=0.033765     mean=-1.154e-05   sumsq=0.02585472772      argmax=667
[dump]   top0 idx=667 val=0.02235
[dump]   top1 idx=2324 val=0.02210
[dump]   top2 idx=1603 val=0.01850
[dump]   top3 idx=36 val=0.01740
[dump]   top4 idx=770 val=0.01522
[dump] L12.mout   n=2560    finite=1 absmax=0.045765     mean=-0.00017164  sumsq=0.3100835957       argmax=2324
[dump]   top0 idx=2324 val=0.03791
[dump]   top1 idx=2223 val=0.03500
[dump]   top2 idx=761 val=0.03474
[dump]   top3 idx=1044 val=0.03220
[dump]   top4 idx=1716 val=0.03112
[dump] L12.moe    n=2560    finite=1 absmax=0.045765     mean=-0.00017164  sumsq=0.3100835957       argmax=2324
[dump]   top0 idx=2324 val=0.03791
[dump]   top1 idx=2223 val=0.03500
[dump]   top2 idx=761 val=0.03474
[dump]   top3 idx=1044 val=0.03220
[dump]   top4 idx=1716 val=0.03112
[dump] L12.res    n=10240   finite=1 absmax=0.28218      mean=1.4691e-05   sumsq=5.043349244        argmax=9475
[dump]   top0 idx=9475 val=0.28218
[dump]   top1 idx=9071 val=0.18143
[dump]   top2 idx=7995 val=0.14568
[dump]   top3 idx=8362 val=0.13763
[dump]   top4 idx=5848 val=0.13762
[dump] L13.hcmix  n=2560    finite=1 absmax=3.876        mean=0.0008905    sumsq=975.9268102        argmax=1795
[dump]   top0 idx=1795 val=2.71967
[dump]   top1 idx=1512 val=2.59811
[dump]   top2 idx=983 val=2.36594
[dump]   top3 idx=682 val=2.35826
[dump]   top4 idx=728 val=2.26834
[dump] L13.conv   n=10240   finite=1 absmax=0.80008      mean=0.0013753    sumsq=14.58439642        argmax=5378
[dump]   top0 idx=5378 val=0.80008
[dump]   top1 idx=585 val=0.70267
[dump]   top2 idx=4164 val=0.57596
[dump]   top3 idx=46 val=0.55025
[dump]   top4 idx=6733 val=0.49442
[dump] L13.gnorm  n=6144    finite=1 absmax=0.43786      mean=-0.00081917  sumsq=8.246146728        argmax=1199
[dump]   top0 idx=1199 val=0.43786
[dump]   top1 idx=690 val=0.31504
[dump]   top2 idx=1358 val=0.28403
[dump]   top3 idx=2479 val=0.27119
[dump]   top4 idx=4716 val=0.25140
[dump] L13.lin    n=2560    finite=1 absmax=0.39965      mean=0.00035822   sumsq=7.178024907        argmax=1795
[dump]   top0 idx=1795 val=0.39965
[dump]   top1 idx=951 val=0.26842
[dump]   top2 idx=728 val=0.21112
[dump]   top3 idx=2521 val=0.17668
[dump]   top4 idx=991 val=0.16757
[dump] L13.att    n=2560    finite=1 absmax=0.39965      mean=0.00035822   sumsq=7.178024907        argmax=1795
[dump]   top0 idx=1795 val=0.39965
[dump]   top1 idx=951 val=0.26842
[dump]   top2 idx=728 val=0.21112
[dump]   top3 idx=2521 val=0.17668
[dump]   top4 idx=991 val=0.16757
[dump] L13.fmix   n=2560    finite=1 absmax=1.7074       mean=-0.0067117   sumsq=597.1255405        argmax=951
[dump]   top0 idx=951 val=1.61053
[dump]   top1 idx=780 val=1.57389
[dump]   top2 idx=110 val=1.56131
[dump]   top3 idx=1905 val=1.50603
[dump]   top4 idx=851 val=1.46543
[dump] L13.mlogit n=512     finite=1 absmax=8.4058       mean=-5.9803      sumsq=18763.26393        argmax=387
[dump] L13.mprob  n=512     finite=1 absmax=0.022401     mean=0.0019531    sumsq=0.004752345624     argmax=387
[dump] L13.mid    n=10      finite=1 absmax=0 mean=0 sumsq=0 ids: 387 381 259 385 468 290 91 123 338 273
[dump] L13.rlogit n=512     finite=1 absmax=8.4058       mean=-5.9803      sumsq=18763.26393        argmax=387
[dump] L13.mwt    n=10      finite=1 absmax=0.16485      mean=0.1          sumsq=0.1072775972       argmax=0
[dump] L13.mgate  n=6400    finite=1 absmax=2.0605       mean=-0.2095      sumsq=1162.571258        argmax=1615
[dump]   top0 idx=1615 val=2.06052
[dump]   top1 idx=1916 val=1.69438
[dump]   top2 idx=838 val=1.26847
[dump]   top3 idx=270 val=1.17530
[dump]   top4 idx=3331 val=1.12678
[dump] L13.mup    n=6400    finite=1 absmax=1.9327       mean=0.0028712    sumsq=816.007916         argmax=343
[dump]   top0 idx=343 val=1.68318
[dump]   top1 idx=1443 val=1.58769
[dump]   top2 idx=1903 val=1.51867
[dump]   top3 idx=2405 val=1.26160
[dump]   top4 idx=1371 val=1.24437
[dump] L13.mgu    n=6400    finite=1 absmax=2.7665       mean=-0.0014953   sumsq=40.56327342        argmax=5922
[dump]   top0 idx=5922 val=0.60079
[dump]   top1 idx=1231 val=0.59997
[dump]   top2 idx=1295 val=0.57037
[dump]   top3 idx=4838 val=0.47569
[dump]   top4 idx=4903 val=0.46499
[dump] L13.mdown  n=25600   finite=1 absmax=0.16139      mean=-1.1838e-05  sumsq=18.08522456        argmax=5614
[dump]   top0 idx=5614 val=0.16139
[dump]   top1 idx=7645 val=0.15486
[dump]   top2 idx=7521 val=0.15281
[dump]   top3 idx=5225 val=0.15269
[dump]   top4 idx=7600 val=0.14854
[dump] L13.msh    n=2560    finite=1 absmax=0.019629     mean=8.0466e-05   sumsq=0.01452585385      argmax=1039
[dump]   top0 idx=1039 val=0.00963
[dump]   top1 idx=1231 val=0.00929
[dump]   top2 idx=36 val=0.00903
[dump]   top3 idx=2450 val=0.00872
[dump]   top4 idx=1923 val=0.00809
[dump] L13.mout   n=2560    finite=1 absmax=0.047023     mean=2.7952e-05   sumsq=0.2842784087       argmax=687
[dump]   top0 idx=687 val=0.04702
[dump]   top1 idx=1382 val=0.03561
[dump]   top2 idx=1445 val=0.03450
[dump]   top3 idx=362 val=0.03314
[dump]   top4 idx=2511 val=0.03211
[dump] L13.moe    n=2560    finite=1 absmax=0.047023     mean=2.7952e-05   sumsq=0.2842784087       argmax=687
[dump]   top0 idx=687 val=0.04702
[dump]   top1 idx=1382 val=0.03561
[dump]   top2 idx=1445 val=0.03450
[dump]   top3 idx=362 val=0.03314
[dump]   top4 idx=2511 val=0.03211
[dump] L13.res    n=10240   finite=1 absmax=0.3011       mean=4.0169e-05   sumsq=5.452772604        argmax=9475
[dump]   top0 idx=9475 val=0.30110
[dump]   top1 idx=9071 val=0.17273
[dump]   top2 idx=5848 val=0.13770
[dump]   top3 idx=8362 val=0.13733
[dump]   top4 idx=8700 val=0.13710
[dump] L14.hcmix  n=2560    finite=1 absmax=3.3832       mean=0.0055094    sumsq=878.488601         argmax=1795
[dump]   top0 idx=1795 val=3.38320
[dump]   top1 idx=983 val=2.81892
[dump]   top2 idx=1253 val=2.15496
[dump]   top3 idx=728 val=2.03135
[dump]   top4 idx=234 val=1.97244
[dump] L14.conv   n=10240   finite=1 absmax=1.0137       mean=-0.00038981  sumsq=19.80077188        argmax=760
[dump]   top0 idx=760 val=1.01367
[dump]   top1 idx=1582 val=0.75235
[dump]   top2 idx=5269 val=0.66399
[dump]   top3 idx=66 val=0.60322
[dump]   top4 idx=917 val=0.58004
[dump] L14.gnorm  n=6144    finite=1 absmax=0.59562      mean=0.0012391    sumsq=25.65022522        argmax=5533
[dump]   top0 idx=5533 val=0.59562
[dump]   top1 idx=1422 val=0.55617
[dump]   top2 idx=5560 val=0.49926
[dump]   top3 idx=2047 val=0.48141
[dump]   top4 idx=1680 val=0.47506
[dump] L14.lin    n=2560    finite=1 absmax=0.46692      mean=0.00026261   sumsq=21.17493786        argmax=482
[dump]   top0 idx=482 val=0.46692
[dump]   top1 idx=2433 val=0.44383
[dump]   top2 idx=360 val=0.35156
[dump]   top3 idx=1947 val=0.31628
[dump]   top4 idx=1843 val=0.31529
[dump] L14.att    n=2560    finite=1 absmax=0.46692      mean=0.00026261   sumsq=21.17493786        argmax=482
[dump]   top0 idx=482 val=0.46692
[dump]   top1 idx=2433 val=0.44383
[dump]   top2 idx=360 val=0.35156
[dump]   top3 idx=1947 val=0.31628
[dump]   top4 idx=1843 val=0.31529
[dump] L14.fmix   n=2560    finite=1 absmax=2.0196       mean=-0.0029229   sumsq=746.1341187        argmax=983
[dump]   top0 idx=983 val=1.90463
[dump]   top1 idx=728 val=1.76380
[dump]   top2 idx=110 val=1.63970
[dump]   top3 idx=1253 val=1.62581
[dump]   top4 idx=276 val=1.60172
[dump] L14.mlogit n=512     finite=1 absmax=9.1151       mean=-5.8639      sumsq=17969.94125        argmax=82
[dump] L14.mprob  n=512     finite=1 absmax=0.020314     mean=0.0019531    sumsq=0.004517595889     argmax=82
[dump] L14.mid    n=10      finite=1 absmax=0 mean=0 sumsq=0 ids: 82 335 506 86 473 409 398 69 151 212
[dump] L14.rlogit n=512     finite=1 absmax=9.1151       mean=-5.8639      sumsq=17969.94125        argmax=82
[dump] L14.mwt    n=10      finite=1 absmax=0.14759      mean=0.1          sumsq=0.1082908541       argmax=0
[dump] L14.mgate  n=6400    finite=1 absmax=1.7336       mean=-0.22904     sumsq=1297.573052        argmax=1933
[dump]   top0 idx=1933 val=1.73359
[dump]   top1 idx=704 val=1.40908
[dump]   top2 idx=2801 val=1.30289
[dump]   top3 idx=4845 val=1.28308
[dump]   top4 idx=2328 val=1.26529
[dump] L14.mup    n=6400    finite=1 absmax=1.7012       mean=-0.0091775   sumsq=1020.519561        argmax=2120
[dump]   top0 idx=2120 val=1.70121
[dump]   top1 idx=2101 val=1.65816
[dump]   top2 idx=297 val=1.62204
[dump]   top3 idx=3558 val=1.49752
[dump]   top4 idx=3869 val=1.49604
[dump] L14.mgu    n=6400    finite=1 absmax=1.1616       mean=-5.3524e-05  sumsq=38.33851291        argmax=2101
[dump]   top0 idx=2101 val=1.16156
[dump]   top1 idx=2120 val=1.15796
[dump]   top2 idx=2550 val=0.73658
[dump]   top3 idx=2008 val=0.55149
[dump]   top4 idx=594 val=0.53905
[dump] L14.mdown  n=25600   finite=1 absmax=0.13718      mean=-0.00020486  sumsq=16.13209207        argmax=8633
[dump]   top0 idx=8633 val=0.13387
[dump]   top1 idx=9672 val=0.12927
[dump]   top2 idx=10010 val=0.12038
[dump]   top3 idx=8486 val=0.11832
[dump]   top4 idx=1748 val=0.11689
[dump] L14.msh    n=2560    finite=1 absmax=0.015849     mean=-2.1961e-06  sumsq=0.01887298682      argmax=1653
[dump]   top0 idx=1653 val=0.01252
[dump]   top1 idx=1603 val=0.01138
[dump]   top2 idx=579 val=0.01117
[dump]   top3 idx=667 val=0.01096
[dump]   top4 idx=36 val=0.01006
[dump] L14.mout   n=2560    finite=1 absmax=0.035785     mean=-0.00010785  sumsq=0.2408343008       argmax=944
[dump]   top0 idx=944 val=0.03348
[dump]   top1 idx=1949 val=0.03089
[dump]   top2 idx=1249 val=0.03057
[dump]   top3 idx=1772 val=0.02964
[dump]   top4 idx=1748 val=0.02955
[dump] L14.moe    n=2560    finite=1 absmax=0.035785     mean=-0.00010785  sumsq=0.2408343008       argmax=944
[dump]   top0 idx=944 val=0.03348
[dump]   top1 idx=1949 val=0.03089
[dump]   top2 idx=1249 val=0.03057
[dump]   top3 idx=1772 val=0.02964
[dump]   top4 idx=1748 val=0.02955
[dump] L14.res    n=10240   finite=1 absmax=0.30886      mean=7.764e-06    sumsq=5.881191473        argmax=9475
[dump]   top0 idx=9475 val=0.30886
[dump]   top1 idx=9071 val=0.18445
[dump]   top2 idx=8362 val=0.14350
[dump]   top3 idx=10133 val=0.13686
[dump]   top4 idx=5848 val=0.13515
[dump] L15.hcmix  n=2560    finite=1 absmax=1.6145       mean=0.00045785   sumsq=213.2580777        argmax=1795
[dump]   top0 idx=1795 val=1.61449
[dump]   top1 idx=1947 val=1.23157
[dump]   top2 idx=482 val=1.21903
[dump]   top3 idx=728 val=1.15905
[dump]   top4 idx=2433 val=1.14228
[dump] L15.cur    n=2560    finite=1 absmax=1.6145       mean=0.00045785   sumsq=213.2580777        argmax=1795
[dump]   top0 idx=1795 val=1.61449
[dump]   top1 idx=1947 val=1.23157
[dump]   top2 idx=482 val=1.21903
[dump]   top3 idx=728 val=1.15905
[dump]   top4 idx=2433 val=1.14228
[dump] L15.qnorm  n=6144    finite=1 absmax=6.1289       mean=-0.040256    sumsq=8209.523453        argmax=6137
[dump]   top0 idx=6137 val=6.12894
[dump]   top1 idx=2849 val=5.80255
[dump]   top2 idx=3097 val=5.02121
[dump]   top3 idx=5913 val=4.56850
[dump]   top4 idx=4601 val=4.43651
[dump] L15.knorm  n=512     finite=1 absmax=6.9339       mean=-0.0069596   sumsq=975.912811         argmax=236
[dump] L15.vraw   n=512     finite=1 absmax=1.5798       mean=0.011478     sumsq=163.0930371        argmax=217
[dump] L15.Q      n=6144    finite=1 absmax=6.1289       mean=-0.026621    sumsq=8209.523441        argmax=6137
[dump]   top0 idx=6137 val=6.12894
[dump]   top1 idx=3097 val=5.02119
[dump]   top2 idx=5913 val=4.56843
[dump]   top3 idx=4601 val=4.43651
[dump]   top4 idx=1060 val=4.41274
[dump] L15.K      n=512     finite=1 absmax=6.9339       mean=-0.01428     sumsq=975.9128148        argmax=236
[dump] L15.faout  n=6144    finite=1 absmax=5.7595       mean=0.030689     sumsq=1843.21815         argmax=1449
[dump]   top0 idx=1449 val=5.75946
[dump]   top1 idx=1961 val=4.62613
[dump]   top2 idx=4362 val=3.80353
[dump]   top3 idx=2729 val=3.51790
[dump]   top4 idx=169 val=3.31596
[dump] L15.gate   n=6144    finite=1 absmax=3.5363       mean=-0.84157     sumsq=5729.817095        argmax=5202
[dump]   top0 idx=5202 val=0.46027
[dump]   top1 idx=2569 val=0.43688
[dump]   top2 idx=4115 val=0.39710
[dump]   top3 idx=5659 val=0.39094
[dump]   top4 idx=4175 val=0.35599
[dump] L15.gated  n=6144    finite=1 absmax=0.74302      mean=0.0089333    sumsq=207.9092977        argmax=3033
[dump]   top0 idx=3033 val=0.66054
[dump]   top1 idx=1398 val=0.63180
[dump]   top2 idx=2934 val=0.61141
[dump]   top3 idx=985 val=0.59799
[dump]   top4 idx=2678 val=0.58888
[dump] L15.att    n=2560    finite=1 absmax=0.42836      mean=-0.0016268   sumsq=15.10727272        argmax=1359
[dump]   top0 idx=1359 val=0.38622
[dump]   top1 idx=1205 val=0.31425
[dump]   top2 idx=2311 val=0.28953
[dump]   top3 idx=1227 val=0.28888
[dump]   top4 idx=1716 val=0.28742
[dump] L15.fmix   n=2560    finite=1 absmax=4.5673       mean=-0.0096596   sumsq=1426.211419        argmax=728
[dump]   top0 idx=728 val=4.56729
[dump]   top1 idx=110 val=2.42706
[dump]   top2 idx=2238 val=2.40925
[dump]   top3 idx=690 val=2.40337
[dump]   top4 idx=1905 val=2.38510
[dump] L15.mlogit n=512     finite=1 absmax=8.4295       mean=-5.8687      sumsq=17871.32499        argmax=289
[dump] L15.mprob  n=512     finite=1 absmax=0.020913     mean=0.0019531    sumsq=0.003479920038     argmax=289
[dump] L15.mid    n=10      finite=1 absmax=0 mean=0 sumsq=0 ids: 289 494 283 207 405 311 177 156 302 226
[dump] L15.rlogit n=512     finite=1 absmax=8.4295       mean=-5.8687      sumsq=17871.32499        argmax=289
[dump] L15.mwt    n=10      finite=1 absmax=0.20126      mean=0.1          sumsq=0.1184603411       argmax=0
[dump] L15.mgate  n=6400    finite=1 absmax=2.3952       mean=-0.38402     sumsq=2616.407778        argmax=5002
[dump]   top0 idx=5002 val=1.54804
[dump]   top1 idx=4194 val=1.52450
[dump]   top2 idx=2936 val=1.45232
[dump]   top3 idx=3976 val=1.31975
[dump]   top4 idx=5766 val=1.30838
[dump] L15.mup    n=6400    finite=1 absmax=1.9285       mean=-0.0002545   sumsq=1711.286615        argmax=2745
[dump]   top0 idx=2745 val=1.85291
[dump]   top1 idx=3455 val=1.79418
[dump]   top2 idx=3402 val=1.70338
[dump]   top3 idx=4484 val=1.68040
[dump]   top4 idx=607 val=1.67901
[dump] L15.mgu    n=6400    finite=1 absmax=1.4074       mean=0.00095636   sumsq=86.86380668        argmax=4484
[dump]   top0 idx=4484 val=1.29966
[dump]   top1 idx=6347 val=1.01080
[dump]   top2 idx=6037 val=0.96090
[dump]   top3 idx=2936 val=0.78302
[dump]   top4 idx=3455 val=0.72600
[dump] L15.mdown  n=25600   finite=1 absmax=0.16791      mean=0.00010256   sumsq=35.90817351        argmax=24759
[dump]   top0 idx=24759 val=0.15443
[dump]   top1 idx=24274 val=0.14836
[dump]   top2 idx=22354 val=0.14645
[dump]   top3 idx=23134 val=0.14525
[dump]   top4 idx=23065 val=0.14471
[dump] L15.msh    n=2560    finite=1 absmax=0.013776     mean=5.615e-05    sumsq=0.01977379752      argmax=207
[dump]   top0 idx=207 val=0.01073
[dump]   top1 idx=1482 val=0.00963
[dump]   top2 idx=2016 val=0.00948
[dump]   top3 idx=694 val=0.00945
[dump]   top4 idx=1077 val=0.00912
[dump] L15.mout   n=2560    finite=1 absmax=0.052595     mean=0.0001116    sumsq=0.4657019602       argmax=753
[dump]   top0 idx=753 val=0.05259
[dump]   top1 idx=514 val=0.04539
[dump]   top2 idx=1833 val=0.04031
[dump]   top3 idx=149 val=0.04022
[dump]   top4 idx=2399 val=0.03983
[dump] L15.moe    n=2560    finite=1 absmax=0.052595     mean=0.0001116    sumsq=0.4657019602       argmax=753
[dump]   top0 idx=753 val=0.05259
[dump]   top1 idx=514 val=0.04539
[dump]   top2 idx=1833 val=0.04031
[dump]   top3 idx=149 val=0.04022
[dump]   top4 idx=2399 val=0.03983
[dump] L15.res    n=10240   finite=1 absmax=0.30385      mean=-2.007e-05   sumsq=5.610475792        argmax=9475
[dump]   top0 idx=9475 val=0.30385
[dump]   top1 idx=9071 val=0.18139
[dump]   top2 idx=8362 val=0.14347
[dump]   top3 idx=5848 val=0.13532
[dump]   top4 idx=10133 val=0.13526
[dump] L16.hcmix  n=2560    finite=1 absmax=3.4845       mean=-0.0055989   sumsq=1059.903666        argmax=1795
[dump]   top0 idx=1795 val=3.48447
[dump]   top1 idx=1947 val=2.66227
[dump]   top2 idx=2121 val=2.54951
[dump]   top3 idx=1905 val=2.12197
[dump]   top4 idx=1266 val=2.12188
[dump] L16.conv   n=10240   finite=1 absmax=1.2286       mean=-0.0025449   sumsq=32.05178812        argmax=1194
[dump]   top0 idx=1194 val=1.22855
[dump]   top1 idx=1082 val=1.20805
[dump]   top2 idx=879 val=0.98581
[dump]   top3 idx=6567 val=0.97508
[dump]   top4 idx=10053 val=0.91505
[dump] L16.gnorm  n=6144    finite=1 absmax=0.49732      mean=-0.0052221   sumsq=11.78249215        argmax=4287
[dump]   top0 idx=4287 val=0.36013
[dump]   top1 idx=3073 val=0.31584
[dump]   top2 idx=3181 val=0.28544
[dump]   top3 idx=2335 val=0.28189
[dump]   top4 idx=4630 val=0.26311
[dump] L16.lin    n=2560    finite=1 absmax=0.23754      mean=-0.00017481  sumsq=6.130156478        argmax=1209
[dump]   top0 idx=1209 val=0.23754
[dump]   top1 idx=1134 val=0.20046
[dump]   top2 idx=2184 val=0.18950
[dump]   top3 idx=689 val=0.17814
[dump]   top4 idx=2057 val=0.17184
[dump] L16.att    n=2560    finite=1 absmax=0.23754      mean=-0.00017481  sumsq=6.130156478        argmax=1209
[dump]   top0 idx=1209 val=0.23754
[dump]   top1 idx=1134 val=0.20046
[dump]   top2 idx=2184 val=0.18950
[dump]   top3 idx=689 val=0.17814
[dump]   top4 idx=2057 val=0.17184
[dump] L16.fmix   n=2560    finite=1 absmax=2.6603       mean=-0.0085979   sumsq=1233.084505        argmax=1253
[dump]   top0 idx=1253 val=2.53679
[dump]   top1 idx=1905 val=2.29226
[dump]   top2 idx=728 val=2.26319
[dump]   top3 idx=144 val=2.25424
[dump]   top4 idx=690 val=2.24720
[dump] L16.mlogit n=512     finite=1 absmax=8.6248       mean=-6.0202      sumsq=18885.89576        argmax=243
[dump] L16.mprob  n=512     finite=1 absmax=0.037959     mean=0.0019531    sumsq=0.006339461799     argmax=243
[dump] L16.mid    n=10      finite=1 absmax=0 mean=0 sumsq=0 ids: 243 228 263 58 278 142 480 23 61 26
[dump] L16.rlogit n=512     finite=1 absmax=8.6248       mean=-6.0202      sumsq=18885.89576        argmax=243
[dump] L16.mwt    n=10      finite=1 absmax=0.21027      mean=0.1          sumsq=0.1306404244       argmax=0
[dump] L16.mgate  n=6400    finite=1 absmax=2.4802       mean=-0.29298     sumsq=2051.675014        argmax=821
[dump]   top0 idx=821 val=2.11842
[dump]   top1 idx=5363 val=1.62994
[dump]   top2 idx=4868 val=1.58058
[dump]   top3 idx=5348 val=1.47560
[dump]   top4 idx=4134 val=1.44264
[dump] L16.mup    n=6400    finite=1 absmax=2.5292       mean=0.0035768    sumsq=1527.272915        argmax=821
[dump]   top0 idx=821 val=2.52918
[dump]   top1 idx=3802 val=1.69535
[dump]   top2 idx=3487 val=1.59503
[dump]   top3 idx=390 val=1.57630
[dump]   top4 idx=2587 val=1.55426
[dump] L16.mgu    n=6400    finite=1 absmax=4.7829       mean=-0.00085671  sumsq=107.4279307        argmax=821
[dump]   top0 idx=821 val=4.78288
[dump]   top1 idx=4061 val=1.23151
[dump]   top2 idx=28 val=1.05876
[dump]   top3 idx=4740 val=0.82459
[dump]   top4 idx=2661 val=0.69974
[dump] L16.mdown  n=25600   finite=1 absmax=0.29717      mean=-0.0001921   sumsq=43.73114994        argmax=4788
[dump]   top0 idx=4788 val=0.29717
[dump]   top1 idx=2698 val=0.26100
[dump]   top2 idx=3347 val=0.26055
[dump]   top3 idx=4045 val=0.24020
[dump]   top4 idx=3728 val=0.22011
[dump] L16.msh    n=2560    finite=1 absmax=0.013294     mean=-3.8712e-05  sumsq=0.02769293076      argmax=1618
[dump]   top0 idx=1618 val=0.01292
[dump]   top1 idx=2450 val=0.01291
[dump]   top2 idx=1763 val=0.01228
[dump]   top3 idx=36 val=0.01224
[dump]   top4 idx=2346 val=0.01217
[dump] L16.mout   n=2560    finite=1 absmax=0.077937     mean=-0.00034227  sumsq=0.9926731256       argmax=138
[dump]   top0 idx=138 val=0.07601
[dump]   top1 idx=2228 val=0.07587
[dump]   top2 idx=787 val=0.07278
[dump]   top3 idx=792 val=0.06352
[dump]   top4 idx=1455 val=0.06256
[dump] L16.moe    n=2560    finite=1 absmax=0.077937     mean=-0.00034227  sumsq=0.9926731256       argmax=138
[dump]   top0 idx=138 val=0.07601
[dump]   top1 idx=2228 val=0.07587
[dump]   top2 idx=787 val=0.07278
[dump]   top3 idx=792 val=0.06352
[dump]   top4 idx=1455 val=0.06256
[dump] L16.res    n=10240   finite=1 absmax=0.29746      mean=-9.2789e-05  sumsq=5.958049468        argmax=9475
[dump]   top0 idx=9475 val=0.29746
[dump]   top1 idx=9071 val=0.17584
[dump]   top2 idx=8362 val=0.14241
[dump]   top3 idx=7995 val=0.13610
[dump]   top4 idx=5848 val=0.13525
[dump] L17.hcmix  n=2560    finite=1 absmax=3.7329       mean=-0.004179    sumsq=1078.754848        argmax=1795
[dump]   top0 idx=1795 val=2.85519
[dump]   top1 idx=359 val=2.63438
[dump]   top2 idx=983 val=2.58410
[dump]   top3 idx=1253 val=2.51170
[dump]   top4 idx=2121 val=2.48155
[dump] L17.conv   n=10240   finite=1 absmax=0.88102      mean=0.001985     sumsq=25.51050289        argmax=5797
[dump]   top0 idx=5797 val=0.88102
[dump]   top1 idx=9950 val=0.84918
[dump]   top2 idx=4651 val=0.79706
[dump]   top3 idx=8775 val=0.77453
[dump]   top4 idx=125 val=0.75447
[dump] L17.gnorm  n=6144    finite=1 absmax=0.33911      mean=-0.0016363   sumsq=5.900921389        argmax=2370
[dump]   top0 idx=2370 val=0.28207
[dump]   top1 idx=2377 val=0.25008
[dump]   top2 idx=2452 val=0.23310
[dump]   top3 idx=4354 val=0.19447
[dump]   top4 idx=1769 val=0.18785
[dump] L17.lin    n=2560    finite=1 absmax=0.18905      mean=-0.00042268  sumsq=4.216110596        argmax=1984
[dump]   top0 idx=1984 val=0.18905
[dump]   top1 idx=2393 val=0.15894
[dump]   top2 idx=1387 val=0.15595
[dump]   top3 idx=1082 val=0.14969
[dump]   top4 idx=804 val=0.14674
[dump] L17.att    n=2560    finite=1 absmax=0.18905      mean=-0.00042268  sumsq=4.216110596        argmax=1984
[dump]   top0 idx=1984 val=0.18905
[dump]   top1 idx=2393 val=0.15894
[dump]   top2 idx=1387 val=0.15595
[dump]   top3 idx=1082 val=0.14969
[dump]   top4 idx=804 val=0.14674
[dump] L17.fmix   n=2560    finite=1 absmax=2.3157       mean=-0.013686    sumsq=982.724357         argmax=2228
[dump]   top0 idx=2228 val=2.13522
[dump]   top1 idx=1266 val=2.03091
[dump]   top2 idx=2533 val=1.98591
[dump]   top3 idx=793 val=1.93424
[dump]   top4 idx=1253 val=1.88183
[dump] L17.mlogit n=512     finite=1 absmax=9.1637       mean=-6.2945      sumsq=20754.95523        argmax=172
[dump] L17.mprob  n=512     finite=1 absmax=0.024247     mean=0.0019531    sumsq=0.006397048652     argmax=172
[dump] L17.mid    n=10      finite=1 absmax=0 mean=0 sumsq=0 ids: 172 84 469 136 209 499 422 486 267 139
[dump] L17.rlogit n=512     finite=1 absmax=9.1637       mean=-6.2945      sumsq=20754.95523        argmax=172
[dump] L17.mwt    n=10      finite=1 absmax=0.13281      mean=0.1          sumsq=0.1062595363       argmax=0
[dump] L17.mgate  n=6400    finite=1 absmax=2.188        mean=-0.20415     sumsq=1703.890517        argmax=1711
[dump]   top0 idx=1711 val=2.07879
[dump]   top1 idx=2381 val=1.75795
[dump]   top2 idx=1595 val=1.67945
[dump]   top3 idx=1691 val=1.66661
[dump]   top4 idx=2779 val=1.61309
[dump] L17.mup    n=6400    finite=1 absmax=1.7643       mean=-0.0013457   sumsq=1325.41844         argmax=1220
[dump]   top0 idx=1220 val=1.76425
[dump]   top1 idx=580 val=1.76174
[dump]   top2 idx=3762 val=1.74553
[dump]   top3 idx=66 val=1.65186
[dump]   top4 idx=3549 val=1.64216
[dump] L17.mgu    n=6400    finite=1 absmax=1.5657       mean=-0.00080013  sumsq=78.47699984        argmax=3984
[dump]   top0 idx=3984 val=1.56574
[dump]   top1 idx=1595 val=1.26459
[dump]   top2 idx=1691 val=1.14077
[dump]   top3 idx=4052 val=0.98271
[dump]   top4 idx=2460 val=0.96328
[dump] L17.mdown  n=25600   finite=1 absmax=0.19216      mean=0.00025152   sumsq=31.05904053        argmax=6762
[dump]   top0 idx=6762 val=0.16563
[dump]   top1 idx=17061 val=0.15669
[dump]   top2 idx=7348 val=0.14046
[dump]   top3 idx=17580 val=0.13957
[dump]   top4 idx=12539 val=0.13811
[dump] L17.msh    n=2560    finite=1 absmax=0.011365     mean=4.2545e-05   sumsq=0.01816583019      argmax=106
[dump]   top0 idx=106 val=0.01096
[dump]   top1 idx=1795 val=0.01075
[dump]   top2 idx=779 val=0.00924
[dump]   top3 idx=1183 val=0.00883
[dump]   top4 idx=2141 val=0.00870
[dump] L17.mout   n=2560    finite=1 absmax=0.058054     mean=0.0003344    sumsq=0.4263962221       argmax=803
[dump]   top0 idx=803 val=0.05805
[dump]   top1 idx=2080 val=0.04466
[dump]   top2 idx=1283 val=0.03824
[dump]   top3 idx=1802 val=0.03811
[dump]   top4 idx=1266 val=0.03793
[dump] L17.moe    n=2560    finite=1 absmax=0.058054     mean=0.0003344    sumsq=0.4263962221       argmax=803
[dump]   top0 idx=803 val=0.05805
[dump]   top1 idx=2080 val=0.04466
[dump]   top2 idx=1283 val=0.03824
[dump]   top3 idx=1802 val=0.03811
[dump]   top4 idx=1266 val=0.03793
[dump] L17.res    n=10240   finite=1 absmax=0.2982       mean=-2.579e-05   sumsq=6.075237257        argmax=9475
[dump]   top0 idx=9475 val=0.29820
[dump]   top1 idx=9071 val=0.17954
[dump]   top2 idx=8362 val=0.14096
[dump]   top3 idx=7995 val=0.13700
[dump]   top4 idx=5848 val=0.13512
[dump] L18.hcmix  n=2560    finite=1 absmax=3.8098       mean=0.0029914    sumsq=1128.101373        argmax=1253
[dump]   top0 idx=1253 val=2.80434
[dump]   top1 idx=359 val=2.60099
[dump]   top2 idx=1795 val=2.42980
[dump]   top3 idx=1266 val=2.41353
[dump]   top4 idx=2121 val=2.38540
[dump] L18.conv   n=10240   finite=1 absmax=0.72214      mean=0.00083454   sumsq=22.65134299        argmax=95
[dump]   top0 idx=95 val=0.72214
[dump]   top1 idx=88 val=0.69905
[dump]   top2 idx=389 val=0.67967
[dump]   top3 idx=963 val=0.65480
[dump]   top4 idx=371 val=0.64207
[dump] L18.gnorm  n=6144    finite=1 absmax=0.53937      mean=0.00044282   sumsq=11.01685653        argmax=1415
[dump]   top0 idx=1415 val=0.53937
[dump]   top1 idx=3145 val=0.38621
[dump]   top2 idx=3119 val=0.31899
[dump]   top3 idx=3660 val=0.30935
[dump]   top4 idx=2012 val=0.25100
[dump] L18.lin    n=2560    finite=1 absmax=0.39575      mean=-0.00024413  sumsq=6.264641083        argmax=482
[dump]   top0 idx=482 val=0.39575
[dump]   top1 idx=1134 val=0.20720
[dump]   top2 idx=2374 val=0.19971
[dump]   top3 idx=689 val=0.19577
[dump]   top4 idx=2307 val=0.18435
[dump] L18.att    n=2560    finite=1 absmax=0.39575      mean=-0.00024413  sumsq=6.264641083        argmax=482
[dump]   top0 idx=482 val=0.39575
[dump]   top1 idx=1134 val=0.20720
[dump]   top2 idx=2374 val=0.19971
[dump]   top3 idx=689 val=0.19577
[dump]   top4 idx=2307 val=0.18435
[dump] L18.fmix   n=2560    finite=1 absmax=2.261        mean=-0.0050483   sumsq=915.1110081        argmax=1253
[dump]   top0 idx=1253 val=2.08730
[dump]   top1 idx=2121 val=1.92671
[dump]   top2 idx=1512 val=1.89420
[dump]   top3 idx=983 val=1.88569
[dump]   top4 idx=1266 val=1.87058
[dump] L18.mlogit n=512     finite=1 absmax=10.061       mean=-6.5765      sumsq=22823.9564         argmax=264
[dump] L18.mprob  n=512     finite=1 absmax=0.075784     mean=0.0019531    sumsq=0.01391172645      argmax=264
[dump] L18.mid    n=10      finite=1 absmax=0 mean=0 sumsq=0 ids: 264 211 184 501 471 370 49 42 6 50
[dump] L18.rlogit n=512     finite=1 absmax=10.061       mean=-6.5765      sumsq=22823.9564         argmax=264
[dump] L18.mwt    n=10      finite=1 absmax=0.27182      mean=0.1          sumsq=0.1419214397       argmax=0
[dump] L18.mgate  n=6400    finite=1 absmax=2.1694       mean=-0.16036     sumsq=1511.500636        argmax=100
[dump]   top0 idx=100 val=2.16935
[dump]   top1 idx=2908 val=1.91022
[dump]   top2 idx=4859 val=1.80279
[dump]   top3 idx=1599 val=1.72425
[dump]   top4 idx=805 val=1.50328
[dump] L18.mup    n=6400    finite=1 absmax=1.6378       mean=0.00069198   sumsq=1187.504329        argmax=5866
[dump]   top0 idx=5866 val=1.57957
[dump]   top1 idx=6066 val=1.54525
[dump]   top2 idx=3590 val=1.52761
[dump]   top3 idx=5897 val=1.49926
[dump]   top4 idx=5713 val=1.37975
[dump] L18.mgu    n=6400    finite=1 absmax=1.2154       mean=-0.00016903  sumsq=63.92788871        argmax=363
[dump]   top0 idx=363 val=1.04814
[dump]   top1 idx=100 val=1.03281
[dump]   top2 idx=5897 val=0.74521
[dump]   top3 idx=453 val=0.70967
[dump]   top4 idx=534 val=0.70186
[dump] L18.mdown  n=25600   finite=1 absmax=0.17619      mean=4.9216e-05   sumsq=25.62900302        argmax=937
[dump]   top0 idx=937 val=0.17619
[dump]   top1 idx=1727 val=0.16143
[dump]   top2 idx=20874 val=0.13630
[dump]   top3 idx=5661 val=0.13576
[dump]   top4 idx=2268 val=0.13426
[dump] L18.msh    n=2560    finite=1 absmax=0.016784     mean=-1.8334e-05  sumsq=0.01530198693      argmax=1827
[dump]   top0 idx=1827 val=0.01148
[dump]   top1 idx=1603 val=0.01139
[dump]   top2 idx=2453 val=0.00932
[dump]   top3 idx=1662 val=0.00853
[dump]   top4 idx=1359 val=0.00820
[dump] L18.mout   n=2560    finite=1 absmax=0.059475     mean=-5.8684e-05  sumsq=0.6145546898       argmax=287
[dump]   top0 idx=287 val=0.05344
[dump]   top1 idx=2552 val=0.05019
[dump]   top2 idx=937 val=0.04947
[dump]   top3 idx=1821 val=0.04830
[dump]   top4 idx=1169 val=0.04560
[dump] L18.moe    n=2560    finite=1 absmax=0.059475     mean=-5.8684e-05  sumsq=0.6145546898       argmax=287
[dump]   top0 idx=287 val=0.05344
[dump]   top1 idx=2552 val=0.05019
[dump]   top2 idx=937 val=0.04947
[dump]   top3 idx=1821 val=0.04830
[dump]   top4 idx=1169 val=0.04560
[dump] L18.res    n=10240   finite=1 absmax=0.32593      mean=-6.6566e-05  sumsq=7.570598192        argmax=9475
[dump]   top0 idx=9475 val=0.32593
[dump]   top1 idx=9071 val=0.20071
[dump]   top2 idx=8347 val=0.16290
[dump]   top3 idx=8933 val=0.16104
[dump]   top4 idx=8700 val=0.15678
[dump] L19.hcmix  n=2560    finite=1 absmax=1.7854       mean=-0.00053631  sumsq=370.955308         argmax=1795
[dump]   top0 idx=1795 val=1.78540
[dump]   top1 idx=482 val=1.46832
[dump]   top2 idx=1253 val=1.34393
[dump]   top3 idx=983 val=1.31198
[dump]   top4 idx=1947 val=1.25012
[dump] L19.cur    n=2560    finite=1 absmax=1.7854       mean=-0.00053631  sumsq=370.955308         argmax=1795
[dump]   top0 idx=1795 val=1.78540
[dump]   top1 idx=482 val=1.46832
[dump]   top2 idx=1253 val=1.34393
[dump]   top3 idx=983 val=1.31198
[dump]   top4 idx=1947 val=1.25012
[dump] L19.qnorm  n=6144    finite=1 absmax=8.7978       mean=0.019353     sumsq=8453.159428        argmax=2613
[dump]   top0 idx=2613 val=8.79777
[dump]   top1 idx=1845 val=6.98291
[dump]   top2 idx=53 val=6.91267
[dump]   top3 idx=1589 val=6.81455
[dump]   top4 idx=2869 val=6.53998
[dump] L19.knorm  n=512     finite=1 absmax=4.5678       mean=0.080514     sumsq=1052.153529        argmax=57
[dump] L19.vraw   n=512     finite=1 absmax=1.7434       mean=-0.0089899   sumsq=190.6300024        argmax=359
[dump] L19.Q      n=6144    finite=1 absmax=8.798        mean=0.0087224    sumsq=8453.15945         argmax=2613
[dump]   top0 idx=2613 val=8.79798
[dump]   top1 idx=1845 val=6.98205
[dump]   top2 idx=53 val=6.91264
[dump]   top3 idx=1589 val=6.81479
[dump]   top4 idx=2869 val=6.53943
[dump] L19.K      n=512     finite=1 absmax=4.5679       mean=0.075036     sumsq=1052.153529        argmax=57
[dump] L19.faout  n=6144    finite=1 absmax=4.0768       mean=-0.012331    sumsq=1540.49064         argmax=2553
[dump]   top0 idx=2553 val=4.07681
[dump]   top1 idx=249 val=3.83186
[dump]   top2 idx=2809 val=3.50444
[dump]   top3 idx=3065 val=2.13689
[dump]   top4 idx=1785 val=1.96376
[dump] L19.gate   n=6144    finite=1 absmax=3.1676       mean=-1.0948      sumsq=9560.299826        argmax=5397
[dump]   top0 idx=5397 val=1.07549
[dump]   top1 idx=5504 val=1.07420
[dump]   top2 idx=454 val=1.03272
[dump]   top3 idx=5439 val=0.98717
[dump]   top4 idx=360 val=0.94987
[dump] L19.gated  n=6144    finite=1 absmax=0.74027      mean=-0.0048378   sumsq=136.260884         argmax=2307
[dump]   top0 idx=2307 val=0.64966
[dump]   top1 idx=112 val=0.60888
[dump]   top2 idx=368 val=0.60348
[dump]   top3 idx=520 val=0.59729
[dump]   top4 idx=2587 val=0.59458
[dump] L19.att    n=2560    finite=1 absmax=0.38048      mean=0.0031352    sumsq=17.89293281        argmax=892
[dump]   top0 idx=892 val=0.35632
[dump]   top1 idx=1067 val=0.31347
[dump]   top2 idx=694 val=0.28618
[dump]   top3 idx=215 val=0.27513
[dump]   top4 idx=2183 val=0.26864
[dump] L19.fmix   n=2560    finite=1 absmax=2.4891       mean=-0.0041716   sumsq=1076.082947        argmax=1266
[dump]   top0 idx=1266 val=2.48907
[dump]   top1 idx=1253 val=2.39474
[dump]   top2 idx=2268 val=2.02520
[dump]   top3 idx=2338 val=1.95346
[dump]   top4 idx=908 val=1.86607
[dump] L19.mlogit n=512     finite=1 absmax=9.7692       mean=-6.3639      sumsq=21345.3686         argmax=454
[dump] L19.mprob  n=512     finite=1 absmax=0.043471     mean=0.0019531    sumsq=0.008691951974     argmax=454
[dump] L19.mid    n=10      finite=1 absmax=0 mean=0 sumsq=0 ids: 454 377 192 103 490 31 372 162 14 342
[dump] L19.rlogit n=512     finite=1 absmax=9.7692       mean=-6.3639      sumsq=21345.3686         argmax=454
[dump] L19.mwt    n=10      finite=1 absmax=0.19351      mean=0.1          sumsq=0.1118509879       argmax=0
[dump] L19.mgate  n=6400    finite=1 absmax=2.1655       mean=-0.22843     sumsq=1812.621967        argmax=284
[dump]   top0 idx=284 val=2.16554
[dump]   top1 idx=1913 val=1.86748
[dump]   top2 idx=542 val=1.68413
[dump]   top3 idx=3448 val=1.67570
[dump]   top4 idx=4031 val=1.50686
[dump] L19.mup    n=6400    finite=1 absmax=1.6653       mean=-0.0086964   sumsq=1251.969438        argmax=3712
[dump]   top0 idx=3712 val=1.66533
[dump]   top1 idx=3714 val=1.49663
[dump]   top2 idx=2808 val=1.43930
[dump]   top3 idx=5710 val=1.39431
[dump]   top4 idx=3750 val=1.33528
[dump] L19.mgu    n=6400    finite=1 absmax=1.6359       mean=0.00089843   sumsq=62.10242606        argmax=284
[dump]   top0 idx=284 val=1.63586
[dump]   top1 idx=3622 val=1.07093
[dump]   top2 idx=146 val=0.99933
[dump]   top3 idx=3989 val=0.88381
[dump]   top4 idx=240 val=0.88129
[dump] L19.mdown  n=25600   finite=1 absmax=0.15002      mean=-0.00011048  sumsq=24.57888086        argmax=206
[dump]   top0 idx=206 val=0.14728
[dump]   top1 idx=474 val=0.14494
[dump]   top2 idx=2091 val=0.13900
[dump]   top3 idx=2079 val=0.13062
[dump]   top4 idx=15670 val=0.13055
[dump] L19.msh    n=2560    finite=1 absmax=0.0096766    mean=8.729e-05    sumsq=0.009411551582     argmax=2420
[dump]   top0 idx=2420 val=0.00968
[dump]   top1 idx=1135 val=0.00854
[dump]   top2 idx=787 val=0.00788
[dump]   top3 idx=1463 val=0.00700
[dump]   top4 idx=1488 val=0.00674
[dump] L19.mout   n=2560    finite=1 absmax=0.043942     mean=-0.0001646   sumsq=0.3619537524       argmax=206
[dump]   top0 idx=206 val=0.04394
[dump]   top1 idx=1991 val=0.04301
[dump]   top2 idx=882 val=0.04062
[dump]   top3 idx=1189 val=0.03660
[dump]   top4 idx=1364 val=0.03643
[dump] L19.moe    n=2560    finite=1 absmax=0.043942     mean=-0.0001646   sumsq=0.3619537524       argmax=206
[dump]   top0 idx=206 val=0.04394
[dump]   top1 idx=1991 val=0.04301
[dump]   top2 idx=882 val=0.04062
[dump]   top3 idx=1189 val=0.03660
[dump]   top4 idx=1364 val=0.03643
[dump] L19.res    n=10240   finite=1 absmax=0.32422      mean=-3.7643e-05  sumsq=7.880360939        argmax=9475
[dump]   top0 idx=9475 val=0.32422
[dump]   top1 idx=9071 val=0.20299
[dump]   top2 idx=8347 val=0.16582
[dump]   top3 idx=7995 val=0.16297
[dump]   top4 idx=8933 val=0.16090
[dump] L20.hcmix  n=2560    finite=1 absmax=2.9689       mean=0.00024593   sumsq=985.8909397        argmax=359
[dump]   top0 idx=359 val=2.96888
[dump]   top1 idx=1795 val=2.68580
[dump]   top2 idx=2085 val=2.41277
[dump]   top3 idx=1266 val=2.40469
[dump]   top4 idx=1947 val=2.18387
[dump] L20.conv   n=10240   finite=1 absmax=1.4275       mean=-0.0021071   sumsq=36.07432124        argmax=1594
[dump]   top0 idx=1594 val=1.42754
[dump]   top1 idx=7075 val=1.08382
[dump]   top2 idx=1397 val=1.07347
[dump]   top3 idx=1396 val=0.76217
[dump]   top4 idx=5889 val=0.75008
[dump] L20.gnorm  n=6144    finite=1 absmax=0.52464      mean=-0.011311    sumsq=48.56447063        argmax=1265
[dump]   top0 idx=1265 val=0.52464
[dump]   top1 idx=1807 val=0.49373
[dump]   top2 idx=1218 val=0.48300
[dump]   top3 idx=1847 val=0.46898
[dump]   top4 idx=6072 val=0.44935
[dump] L20.lin    n=2560    finite=1 absmax=0.59012      mean=0.0010255    sumsq=16.97181299        argmax=2215
[dump]   top0 idx=2215 val=0.46273
[dump]   top1 idx=1641 val=0.42384
[dump]   top2 idx=1653 val=0.38584
[dump]   top3 idx=1132 val=0.35858
[dump]   top4 idx=2028 val=0.34470
[dump] L20.att    n=2560    finite=1 absmax=0.59012      mean=0.0010255    sumsq=16.97181299        argmax=2215
[dump]   top0 idx=2215 val=0.46273
[dump]   top1 idx=1641 val=0.42384
[dump]   top2 idx=1653 val=0.38584
[dump]   top3 idx=1132 val=0.35858
[dump]   top4 idx=2028 val=0.34470
[dump] L20.fmix   n=2560    finite=1 absmax=2.5969       mean=-0.0066846   sumsq=1393.647213        argmax=1253
[dump]   top0 idx=1253 val=2.57728
[dump]   top1 idx=1266 val=2.44540
[dump]   top2 idx=1763 val=2.44078
[dump]   top3 idx=276 val=2.42693
[dump]   top4 idx=2338 val=2.31289
[dump] L20.mlogit n=512     finite=1 absmax=8.5488       mean=-6.0524      sumsq=19261.89687        argmax=210
[dump] L20.mprob  n=512     finite=1 absmax=0.054609     mean=0.0019531    sumsq=0.01098298609      argmax=210
[dump] L20.mid    n=10      finite=1 absmax=0 mean=0 sumsq=0 ids: 210 15 485 179 363 55 442 307 457 258
[dump] L20.rlogit n=512     finite=1 absmax=8.5488       mean=-6.0524      sumsq=19261.89687        argmax=210
[dump] L20.mwt    n=10      finite=1 absmax=0.21006      mean=0.1          sumsq=0.1269548889       argmax=0
[dump] L20.mgate  n=6400    finite=1 absmax=1.9513       mean=-0.23484     sumsq=2015.309835        argmax=5954
[dump]   top0 idx=5954 val=1.78242
[dump]   top1 idx=6028 val=1.61442
[dump]   top2 idx=910 val=1.58255
[dump]   top3 idx=3346 val=1.50768
[dump]   top4 idx=1258 val=1.50015
[dump] L20.mup    n=6400    finite=1 absmax=1.9814       mean=0.0012635    sumsq=1562.957783        argmax=756
[dump]   top0 idx=756 val=1.98138
[dump]   top1 idx=5151 val=1.90064
[dump]   top2 idx=2381 val=1.73566
[dump]   top3 idx=4122 val=1.69621
[dump]   top4 idx=4601 val=1.67505
[dump] L20.mgu    n=6400    finite=1 absmax=2.4047       mean=0.0013446    sumsq=92.53950572        argmax=4601
[dump]   top0 idx=4601 val=1.34250
[dump]   top1 idx=1258 val=0.99349
[dump]   top2 idx=743 val=0.81947
[dump]   top3 idx=6209 val=0.81804
[dump]   top4 idx=4406 val=0.80950
[dump] L20.mdown  n=25600   finite=1 absmax=0.21404      mean=-0.00030806  sumsq=37.17034563        argmax=24406
[dump]   top0 idx=24406 val=0.19656
[dump]   top1 idx=23444 val=0.18433
[dump]   top2 idx=24117 val=0.17816
[dump]   top3 idx=23212 val=0.16927
[dump]   top4 idx=24198 val=0.16799
[dump] L20.msh    n=2560    finite=1 absmax=0.029426     mean=7.2758e-05   sumsq=0.06661742413      argmax=954
[dump]   top0 idx=954 val=0.02195
[dump]   top1 idx=2256 val=0.02121
[dump]   top2 idx=1795 val=0.01953
[dump]   top3 idx=1952 val=0.01585
[dump]   top4 idx=2232 val=0.01539
[dump] L20.mout   n=2560    finite=1 absmax=0.049077     mean=-0.00027003  sumsq=0.480223969        argmax=440
[dump]   top0 idx=440 val=0.04201
[dump]   top1 idx=2217 val=0.04064
[dump]   top2 idx=859 val=0.03941
[dump]   top3 idx=1571 val=0.03913
[dump]   top4 idx=1925 val=0.03870
[dump] L20.moe    n=2560    finite=1 absmax=0.049077     mean=-0.00027003  sumsq=0.480223969        argmax=440
[dump]   top0 idx=440 val=0.04201
[dump]   top1 idx=2217 val=0.04064
[dump]   top2 idx=859 val=0.03941
[dump]   top3 idx=1571 val=0.03913
[dump]   top4 idx=1925 val=0.03870
[dump] L20.res    n=10240   finite=1 absmax=0.32743      mean=-6.7826e-05  sumsq=7.919996812        argmax=9475
[dump]   top0 idx=9475 val=0.32743
[dump]   top1 idx=9071 val=0.20113
[dump]   top2 idx=7995 val=0.16095
[dump]   top3 idx=8347 val=0.15951
[dump]   top4 idx=8204 val=0.15887
[dump] L21.hcmix  n=2560    finite=1 absmax=4.2691       mean=-0.0042822   sumsq=1150.586995        argmax=359
[dump]   top0 idx=359 val=3.59952
[dump]   top1 idx=1795 val=3.06951
[dump]   top2 idx=524 val=2.98674
[dump]   top3 idx=1500 val=2.72610
[dump]   top4 idx=1827 val=2.65179
[dump] L21.conv   n=10240   finite=1 absmax=1.7925       mean=0.00046228   sumsq=66.93147212        argmax=15
[dump]   top0 idx=15 val=1.79254
[dump]   top1 idx=1589 val=1.66590
[dump]   top2 idx=4638 val=1.49682
[dump]   top3 idx=8840 val=1.21485
[dump]   top4 idx=9801 val=1.06701
[dump] L21.gnorm  n=6144    finite=1 absmax=0.22286      mean=-0.00070037  sumsq=2.627884074        argmax=5787
[dump]   top0 idx=5787 val=0.14162
[dump]   top1 idx=1581 val=0.14072
[dump]   top2 idx=3723 val=0.14059
[dump]   top3 idx=3756 val=0.12463
[dump]   top4 idx=5849 val=0.12164
[dump] L21.lin    n=2560    finite=1 absmax=0.21269      mean=0.0019148    sumsq=1.655254385        argmax=192
[dump]   top0 idx=192 val=0.21269
[dump]   top1 idx=993 val=0.15542
[dump]   top2 idx=951 val=0.12567
[dump]   top3 idx=1434 val=0.11534
[dump]   top4 idx=2355 val=0.11003
[dump] L21.att    n=2560    finite=1 absmax=0.21269      mean=0.0019148    sumsq=1.655254385        argmax=192
[dump]   top0 idx=192 val=0.21269
[dump]   top1 idx=993 val=0.15542
[dump]   top2 idx=951 val=0.12567
[dump]   top3 idx=1434 val=0.11534
[dump]   top4 idx=2355 val=0.11003
[dump] L21.fmix   n=2560    finite=1 absmax=2.7942       mean=0.0045718    sumsq=1329.241156        argmax=1763
[dump]   top0 idx=1763 val=2.78956
[dump]   top1 idx=2338 val=2.54994
[dump]   top2 idx=746 val=2.51776
[dump]   top3 idx=2554 val=2.22968
[dump]   top4 idx=1253 val=2.16645
[dump] L21.mlogit n=512     finite=1 absmax=9.3457       mean=-6.3033      sumsq=21074.14756        argmax=255
[dump] L21.mprob  n=512     finite=1 absmax=0.059421     mean=0.0019531    sumsq=0.0146336796       argmax=255
[dump] L21.mid    n=10      finite=1 absmax=0 mean=0 sumsq=0 ids: 255 100 394 418 215 118 150 392 44 41
[dump] L21.rlogit n=512     finite=1 absmax=9.3457       mean=-6.3033      sumsq=21074.14756        argmax=255
[dump] L21.mwt    n=10      finite=1 absmax=0.1991       mean=0.1          sumsq=0.1347728764       argmax=0
[dump] L21.mgate  n=6400    finite=1 absmax=2.3563       mean=-0.27937     sumsq=2176.666696        argmax=6145
[dump]   top0 idx=6145 val=1.73178
[dump]   top1 idx=710 val=1.72925
[dump]   top2 idx=5317 val=1.42510
[dump]   top3 idx=64 val=1.40376
[dump]   top4 idx=1386 val=1.39313
[dump] L21.mup    n=6400    finite=1 absmax=2.0783       mean=-0.0050465   sumsq=1486.51063         argmax=1449
[dump]   top0 idx=1449 val=1.82920
[dump]   top1 idx=1695 val=1.66400
[dump]   top2 idx=1339 val=1.63250
[dump]   top3 idx=949 val=1.61041
[dump]   top4 idx=797 val=1.60197
[dump] L21.mgu    n=6400    finite=1 absmax=1.1305       mean=2.7012e-05   sumsq=75.33978049        argmax=1386
[dump]   top0 idx=1386 val=1.00045
[dump]   top1 idx=1205 val=0.73828
[dump]   top2 idx=2956 val=0.70222
[dump]   top3 idx=64 val=0.67306
[dump]   top4 idx=995 val=0.66260
[dump] L21.mdown  n=25600   finite=1 absmax=0.15806      mean=-0.00012991  sumsq=30.0546246         argmax=5663
[dump]   top0 idx=5663 val=0.15102
[dump]   top1 idx=5942 val=0.14278
[dump]   top2 idx=5688 val=0.13968
[dump]   top3 idx=2143 val=0.12414
[dump]   top4 idx=25522 val=0.12326
[dump] L21.msh    n=2560    finite=1 absmax=0.013972     mean=5.244e-05    sumsq=0.02695072694      argmax=582
[dump]   top0 idx=582 val=0.01397
[dump]   top1 idx=403 val=0.01168
[dump]   top2 idx=579 val=0.01096
[dump]   top3 idx=1104 val=0.01090
[dump]   top4 idx=1460 val=0.01049
[dump] L21.mout   n=2560    finite=1 absmax=0.054022     mean=0.00010365   sumsq=0.5248655385       argmax=341
[dump]   top0 idx=341 val=0.04987
[dump]   top1 idx=2122 val=0.04738
[dump]   top2 idx=1248 val=0.04515
[dump]   top3 idx=454 val=0.04356
[dump]   top4 idx=2087 val=0.04331
[dump] L21.moe    n=2560    finite=1 absmax=0.054022     mean=0.00010365   sumsq=0.5248655385       argmax=341
[dump]   top0 idx=341 val=0.04987
[dump]   top1 idx=2122 val=0.04738
[dump]   top2 idx=1248 val=0.04515
[dump]   top3 idx=454 val=0.04356
[dump]   top4 idx=2087 val=0.04331
[dump] L21.res    n=10240   finite=1 absmax=0.3224       mean=0.00016659   sumsq=8.311926753        argmax=9475
[dump]   top0 idx=9475 val=0.32240
[dump]   top1 idx=9071 val=0.20361
[dump]   top2 idx=7995 val=0.17157
[dump]   top3 idx=8204 val=0.16715
[dump]   top4 idx=8933 val=0.16035
[dump] L22.hcmix  n=2560    finite=1 absmax=4.0479       mean=0.018966     sumsq=1000.582056        argmax=747
[dump]   top0 idx=747 val=2.79590
[dump]   top1 idx=1500 val=2.57464
[dump]   top2 idx=2085 val=2.46827
[dump]   top3 idx=682 val=2.46409
[dump]   top4 idx=359 val=2.39990
[dump] L22.conv   n=10240   finite=1 absmax=2.0117       mean=-0.0016737   sumsq=45.12191283        argmax=7024
[dump]   top0 idx=7024 val=2.01167
[dump]   top1 idx=7001 val=1.77844
[dump]   top2 idx=4956 val=1.29081
[dump]   top3 idx=6484 val=1.10931
[dump]   top4 idx=6579 val=1.06905
[dump] L22.gnorm  n=6144    finite=1 absmax=1.1848       mean=0.0017361    sumsq=16.04647783        argmax=5707
[dump]   top0 idx=5707 val=1.18482
[dump]   top1 idx=3803 val=0.93579
[dump]   top2 idx=4475 val=0.52861
[dump]   top3 idx=3721 val=0.51131
[dump]   top4 idx=6134 val=0.47731
[dump] L22.lin    n=2560    finite=1 absmax=1.4393       mean=0.00090175   sumsq=21.28488007        argmax=793
[dump]   top0 idx=793 val=1.43930
[dump]   top1 idx=1500 val=0.88854
[dump]   top2 idx=268 val=0.77602
[dump]   top3 idx=728 val=0.71127
[dump]   top4 idx=951 val=0.60859
[dump] L22.att    n=2560    finite=1 absmax=1.4393       mean=0.00090175   sumsq=21.28488007        argmax=793
[dump]   top0 idx=793 val=1.43930
[dump]   top1 idx=1500 val=0.88854
[dump]   top2 idx=268 val=0.77602
[dump]   top3 idx=728 val=0.71127
[dump]   top4 idx=951 val=0.60859
[dump] L22.fmix   n=2560    finite=1 absmax=3.0364       mean=0.010313     sumsq=1189.519564        argmax=780
[dump]   top0 idx=780 val=2.52896
[dump]   top1 idx=1500 val=2.50254
[dump]   top2 idx=2338 val=2.36663
[dump]   top3 idx=2433 val=2.34809
[dump]   top4 idx=2554 val=2.19949
[dump] L22.mlogit n=512     finite=1 absmax=9.773        mean=-6.6595      sumsq=23439.61028        argmax=81
[dump] L22.mprob  n=512     finite=1 absmax=0.057195     mean=0.0019531    sumsq=0.01670911817      argmax=81
[dump] L22.mid    n=10      finite=1 absmax=0 mean=0 sumsq=0 ids: 81 223 293 30 345 41 287 205 86 104
[dump] L22.rlogit n=512     finite=1 absmax=9.773        mean=-6.6595      sumsq=23439.61028        argmax=81
[dump] L22.mwt    n=10      finite=1 absmax=0.16889      mean=0.1          sumsq=0.1221493242       argmax=0
[dump] L22.mgate  n=6400    finite=1 absmax=2.5122       mean=-0.24927     sumsq=2021.42022         argmax=5393
[dump]   top0 idx=5393 val=1.96258
[dump]   top1 idx=1605 val=1.53584
[dump]   top2 idx=267 val=1.53162
[dump]   top3 idx=2317 val=1.50144
[dump]   top4 idx=803 val=1.50113
[dump] L22.mup    n=6400    finite=1 absmax=1.9781       mean=-0.00095889  sumsq=1328.396029        argmax=1045
[dump]   top0 idx=1045 val=1.97808
[dump]   top1 idx=6064 val=1.85597
[dump]   top2 idx=1497 val=1.60029
[dump]   top3 idx=1449 val=1.57959
[dump]   top4 idx=1858 val=1.53128
[dump] L22.mgu    n=6400    finite=1 absmax=1.2171       mean=-0.00056473  sumsq=67.27161643        argmax=2317
[dump]   top0 idx=2317 val=1.04415
[dump]   top1 idx=3217 val=0.86599
[dump]   top2 idx=500 val=0.81379
[dump]   top3 idx=1472 val=0.76973
[dump]   top4 idx=631 val=0.75658
[dump] L22.mdown  n=25600   finite=1 absmax=0.19349      mean=0.00047406   sumsq=27.19660008        argmax=2122
[dump]   top0 idx=2122 val=0.19349
[dump]   top1 idx=6602 val=0.15253
[dump]   top2 idx=657 val=0.14699
[dump]   top3 idx=10192 val=0.14233
[dump]   top4 idx=2092 val=0.14231
[dump] L22.msh    n=2560    finite=1 absmax=0.027798     mean=0.0001108    sumsq=0.02502020518      argmax=1827
[dump]   top0 idx=1827 val=0.01612
[dump]   top1 idx=1356 val=0.01589
[dump]   top2 idx=1603 val=0.01446
[dump]   top3 idx=403 val=0.01310
[dump]   top4 idx=770 val=0.01243
[dump] L22.mout   n=2560    finite=1 absmax=0.093532     mean=0.00037622   sumsq=0.5244728802       argmax=816
[dump]   top0 idx=816 val=0.05268
[dump]   top1 idx=2015 val=0.04425
[dump]   top2 idx=2370 val=0.04367
[dump]   top3 idx=1708 val=0.04241
[dump]   top4 idx=1301 val=0.03845
[dump] L22.moe    n=2560    finite=1 absmax=0.093532     mean=0.00037622   sumsq=0.5244728802       argmax=816
[dump]   top0 idx=816 val=0.05268
[dump]   top1 idx=2015 val=0.04425
[dump]   top2 idx=2370 val=0.04367
[dump]   top3 idx=1708 val=0.04241
[dump]   top4 idx=1301 val=0.03845
[dump] L22.res    n=10240   finite=1 absmax=0.39658      mean=0.00042103   sumsq=12.36324005        argmax=5913
[dump]   top0 idx=5913 val=0.39658
[dump]   top1 idx=9475 val=0.34265
[dump]   top2 idx=5848 val=0.29200
[dump]   top3 idx=6620 val=0.28564
[dump]   top4 idx=5125 val=0.23433
[dump] L23.hcmix  n=2560    finite=1 absmax=6.0526       mean=0.0032419    sumsq=85.64525737        argmax=793
[dump]   top0 idx=793 val=6.05257
[dump]   top1 idx=1500 val=2.90175
[dump]   top2 idx=951 val=1.67604
[dump]   top3 idx=1301 val=0.95426
[dump]   top4 idx=1756 val=0.91440
[dump] L23.cur    n=2560    finite=1 absmax=6.0526       mean=0.0032419    sumsq=85.64525737        argmax=793
[dump]   top0 idx=793 val=6.05257
[dump]   top1 idx=1500 val=2.90175
[dump]   top2 idx=951 val=1.67604
[dump]   top3 idx=1301 val=0.95426
[dump]   top4 idx=1756 val=0.91440
[dump] L23.qnorm  n=6144    finite=1 absmax=8.2191       mean=-0.0093525   sumsq=8229.289196        argmax=5173
[dump]   top0 idx=5173 val=8.21906
[dump]   top1 idx=5685 val=7.93035
[dump]   top2 idx=3893 val=6.83230
[dump]   top3 idx=3636 val=6.34302
[dump]   top4 idx=4917 val=5.55807
[dump] L23.knorm  n=512     finite=1 absmax=7.4773       mean=0.0658       sumsq=1097.947389        argmax=281
[dump] L23.vraw   n=512     finite=1 absmax=6.8468       mean=-0.015068    sumsq=220.6983827        argmax=27
[dump] L23.Q      n=6144    finite=1 absmax=8.2187       mean=-0.022704    sumsq=8229.289215        argmax=5173
[dump]   top0 idx=5173 val=8.21873
[dump]   top1 idx=5685 val=7.92987
[dump]   top2 idx=3893 val=6.83237
[dump]   top3 idx=3636 val=6.34487
[dump]   top4 idx=4917 val=5.55770
[dump] L23.K      n=512     finite=1 absmax=7.4773       mean=0.066131     sumsq=1097.947392        argmax=281
[dump] L23.faout  n=6144    finite=1 absmax=6.7665       mean=-0.0049296   sumsq=2665.217437        argmax=2843
[dump]   top0 idx=2843 val=2.16120
[dump]   top1 idx=1307 val=2.16018
[dump]   top2 idx=1819 val=2.13212
[dump]   top3 idx=2075 val=2.12919
[dump]   top4 idx=283 val=2.07757
[dump] L23.gate   n=6144    finite=1 absmax=2.3684       mean=-0.61915     sumsq=3208.809639        argmax=572
[dump]   top0 idx=572 val=0.86814
[dump]   top1 idx=550 val=0.85933
[dump]   top2 idx=566 val=0.81711
[dump]   top3 idx=732 val=0.80745
[dump]   top4 idx=586 val=0.80718
[dump] L23.gated  n=6144    finite=1 absmax=1.1674       mean=-0.00060756  sumsq=345.5805459        argmax=1898
[dump]   top0 idx=1898 val=0.68769
[dump]   top1 idx=3380 val=0.67087
[dump]   top2 idx=648 val=0.65807
[dump]   top3 idx=4148 val=0.65403
[dump]   top4 idx=3124 val=0.64288
[dump] L23.att    n=2560    finite=1 absmax=0.5228       mean=0.0034732    sumsq=16.69138062        argmax=86
[dump]   top0 idx=86 val=0.44131
[dump]   top1 idx=667 val=0.32298
[dump]   top2 idx=2517 val=0.30837
[dump]   top3 idx=616 val=0.27392
[dump]   top4 idx=1616 val=0.27260
[dump] L23.fmix   n=2560    finite=1 absmax=2.9033       mean=0.0060996    sumsq=1487.642235        argmax=2338
[dump]   top0 idx=2338 val=2.90334
[dump]   top1 idx=1266 val=2.83879
[dump]   top2 idx=2085 val=2.75047
[dump]   top3 idx=1763 val=2.74696
[dump]   top4 idx=2215 val=2.65370
[dump] L23.mlogit n=512     finite=1 absmax=8.0899       mean=-5.9779      sumsq=18592.93518        argmax=356
[dump] L23.mprob  n=512     finite=1 absmax=0.11172      mean=0.0019531    sumsq=0.01565889154      argmax=356
[dump] L23.mid    n=10      finite=1 absmax=0 mean=0 sumsq=0 ids: 356 128 425 334 354 56 390 267 233 480
[dump] L23.rlogit n=512     finite=1 absmax=8.0899       mean=-5.9779      sumsq=18592.93518        argmax=356
[dump] L23.mwt    n=10      finite=1 absmax=0.53169      mean=0.1          sumsq=0.3101469902       argmax=0
[dump] L23.mgate  n=6400    finite=1 absmax=2.287        mean=-0.1945      sumsq=1920.696889        argmax=3689
[dump]   top0 idx=3689 val=1.74981
[dump]   top1 idx=1619 val=1.47610
[dump]   top2 idx=5386 val=1.45710
[dump]   top3 idx=4411 val=1.39680
[dump]   top4 idx=4309 val=1.38106
[dump] L23.mup    n=6400    finite=1 absmax=1.9625       mean=-0.0026432   sumsq=1658.614807        argmax=2445
[dump]   top0 idx=2445 val=1.96248
[dump]   top1 idx=2940 val=1.89030
[dump]   top2 idx=1096 val=1.78039
[dump]   top3 idx=3811 val=1.73654
[dump]   top4 idx=2126 val=1.73447
[dump] L23.mgu    n=6400    finite=1 absmax=1.2913       mean=0.0018859    sumsq=93.57016219        argmax=4309
[dump]   top0 idx=4309 val=1.07245
[dump]   top1 idx=4289 val=1.03546
[dump]   top2 idx=1619 val=0.97136
[dump]   top3 idx=4288 val=0.96873
[dump]   top4 idx=4382 val=0.90466
[dump] L23.mdown  n=25600   finite=1 absmax=0.19745      mean=7.4003e-05   sumsq=37.23248134        argmax=16837
[dump]   top0 idx=16837 val=0.19745
[dump]   top1 idx=16403 val=0.19509
[dump]   top2 idx=15485 val=0.19156
[dump]   top3 idx=17531 val=0.19113
[dump]   top4 idx=16290 val=0.17948
[dump] L23.msh    n=2560    finite=1 absmax=0.041727     mean=-0.00010017  sumsq=0.2822700633       argmax=1634
[dump]   top0 idx=1634 val=0.04063
[dump]   top1 idx=177 val=0.04050
[dump]   top2 idx=799 val=0.04035
[dump]   top3 idx=403 val=0.03698
[dump]   top4 idx=2468 val=0.03605
[dump] L23.mout   n=2560    finite=1 absmax=0.090055     mean=0.00010651   sumsq=1.398143939        argmax=1905
[dump]   top0 idx=1905 val=0.08151
[dump]   top1 idx=359 val=0.07947
[dump]   top2 idx=1586 val=0.07352
[dump]   top3 idx=462 val=0.07342
[dump]   top4 idx=2476 val=0.06941
[dump] L23.moe    n=2560    finite=1 absmax=0.090055     mean=0.00010651   sumsq=1.398143939        argmax=1905
[dump]   top0 idx=1905 val=0.08151
[dump]   top1 idx=359 val=0.07947
[dump]   top2 idx=1586 val=0.07352
[dump]   top3 idx=462 val=0.07342
[dump]   top4 idx=2476 val=0.06941
[dump] L23.res    n=10240   finite=1 absmax=0.38939      mean=0.00058443   sumsq=13.06254032        argmax=5913
[dump]   top0 idx=5913 val=0.38939
[dump]   top1 idx=9475 val=0.33489
[dump]   top2 idx=6620 val=0.28788
[dump]   top3 idx=5848 val=0.28628
[dump]   top4 idx=5125 val=0.23525
[dump] L24.hcmix  n=2560    finite=1 absmax=5.3932       mean=0.027499     sumsq=1001.575095        argmax=1500
[dump]   top0 idx=1500 val=2.60741
[dump]   top1 idx=359 val=2.49001
[dump]   top2 idx=1795 val=2.47241
[dump]   top3 idx=1253 val=2.39716
[dump]   top4 idx=1763 val=2.34577
[dump] L24.conv   n=10240   finite=1 absmax=1.214        mean=0.0023318    sumsq=34.07387382        argmax=10113
[dump]   top0 idx=10113 val=1.21399
[dump]   top1 idx=4384 val=1.11480
[dump]   top2 idx=5958 val=1.03755
[dump]   top3 idx=6322 val=1.00270
[dump]   top4 idx=8069 val=0.98362
[dump] L24.gnorm  n=6144    finite=1 absmax=0.16239      mean=0.0002924    sumsq=1.207556477        argmax=5602
[dump]   top0 idx=5602 val=0.10834
[dump]   top1 idx=3266 val=0.10664
[dump]   top2 idx=4639 val=0.10402
[dump]   top3 idx=4432 val=0.10027
[dump]   top4 idx=5594 val=0.09906
[dump] L24.lin    n=2560    finite=1 absmax=0.12232      mean=-0.00037495  sumsq=0.9651977257       argmax=1391
[dump]   top0 idx=1391 val=0.09282
[dump]   top1 idx=799 val=0.07640
[dump]   top2 idx=914 val=0.07580
[dump]   top3 idx=2431 val=0.07349
[dump]   top4 idx=524 val=0.06908
[dump] L24.att    n=2560    finite=1 absmax=0.12232      mean=-0.00037495  sumsq=0.9651977257       argmax=1391
[dump]   top0 idx=1391 val=0.09282
[dump]   top1 idx=799 val=0.07640
[dump]   top2 idx=914 val=0.07580
[dump]   top3 idx=2431 val=0.07349
[dump]   top4 idx=524 val=0.06908
[dump] L24.fmix   n=2560    finite=1 absmax=1.913        mean=0.011564     sumsq=817.2420586        argmax=206
[dump]   top0 idx=206 val=1.91303
[dump]   top1 idx=746 val=1.89563
[dump]   top2 idx=2338 val=1.77762
[dump]   top3 idx=1266 val=1.76638
[dump]   top4 idx=744 val=1.76411
[dump] L24.mlogit n=512     finite=1 absmax=9.0245       mean=-6.362       sumsq=21355.94191        argmax=175
[dump] L24.mprob  n=512     finite=1 absmax=0.053082     mean=0.0019531    sumsq=0.009600174502     argmax=175
[dump] L24.mid    n=10      finite=1 absmax=0 mean=0 sumsq=0 ids: 175 46 263 316 181 35 458 206 41 81
[dump] L24.rlogit n=512     finite=1 absmax=9.0245       mean=-6.362       sumsq=21355.94191        argmax=175
[dump] L24.mwt    n=10      finite=1 absmax=0.24044      mean=0.1          sumsq=0.1237827529       argmax=0
[dump] L24.mgate  n=6400    finite=1 absmax=1.6834       mean=-0.28271     sumsq=1514.535269        argmax=109
[dump]   top0 idx=109 val=1.27809
[dump]   top1 idx=2235 val=1.16962
[dump]   top2 idx=1522 val=1.16222
[dump]   top3 idx=337 val=1.15779
[dump]   top4 idx=3514 val=1.09436
[dump] L24.mup    n=6400    finite=1 absmax=1.7319       mean=-0.00215     sumsq=1015.18874         argmax=2033
[dump]   top0 idx=2033 val=1.65648
[dump]   top1 idx=70 val=1.49186
[dump]   top2 idx=0 val=1.38846
[dump]   top3 idx=5403 val=1.31995
[dump]   top4 idx=1563 val=1.30105
[dump] L24.mgu    n=6400    finite=1 absmax=1.1157       mean=-0.00037313  sumsq=36.40776128        argmax=2033
[dump]   top0 idx=2033 val=1.11573
[dump]   top1 idx=1864 val=0.67021
[dump]   top2 idx=6038 val=0.60833
[dump]   top3 idx=3268 val=0.55466
[dump]   top4 idx=3719 val=0.48096
[dump] L24.mdown  n=25600   finite=1 absmax=0.10767      mean=-0.0001813   sumsq=14.97887899        argmax=8087
[dump]   top0 idx=8087 val=0.09683
[dump]   top1 idx=14920 val=0.09075
[dump]   top2 idx=2213 val=0.08987
[dump]   top3 idx=1512 val=0.08877
[dump]   top4 idx=5524 val=0.08794
[dump] L24.msh    n=2560    finite=1 absmax=0.013654     mean=0.00013691   sumsq=0.01560541506      argmax=288
[dump]   top0 idx=288 val=0.01365
[dump]   top1 idx=445 val=0.01038
[dump]   top2 idx=177 val=0.00988
[dump]   top3 idx=517 val=0.00951
[dump]   top4 idx=231 val=0.00921
[dump] L24.mout   n=2560    finite=1 absmax=0.040272     mean=-0.00017126  sumsq=0.2512603649       argmax=2477
[dump]   top0 idx=2477 val=0.03278
[dump]   top1 idx=171 val=0.03217
[dump]   top2 idx=1595 val=0.03167
[dump]   top3 idx=1021 val=0.03135
[dump]   top4 idx=177 val=0.02885
[dump] L24.moe    n=2560    finite=1 absmax=0.040272     mean=-0.00017126  sumsq=0.2512603649       argmax=2477
[dump]   top0 idx=2477 val=0.03278
[dump]   top1 idx=171 val=0.03217
[dump]   top2 idx=1595 val=0.03167
[dump]   top3 idx=1021 val=0.03135
[dump]   top4 idx=177 val=0.02885
[dump] L24.res    n=10240   finite=1 absmax=0.38921      mean=0.0003727    sumsq=15.04346643        argmax=5913
[dump]   top0 idx=5913 val=0.38921
[dump]   top1 idx=9475 val=0.36676
[dump]   top2 idx=6620 val=0.28774
[dump]   top3 idx=5848 val=0.28605
[dump]   top4 idx=8204 val=0.26384
[dump] L25.hcmix  n=2560    finite=1 absmax=5.2721       mean=0.0054202    sumsq=923.0744718        argmax=359
[dump]   top0 idx=359 val=3.44090
[dump]   top1 idx=524 val=2.80520
[dump]   top2 idx=1020 val=2.14713
[dump]   top3 idx=2477 val=2.14323
[dump]   top4 idx=206 val=2.06674
[dump] L25.conv   n=10240   finite=1 absmax=1.3157       mean=0.00049578   sumsq=32.25310231        argmax=5528
[dump]   top0 idx=5528 val=1.31570
[dump]   top1 idx=972 val=1.13712
[dump]   top2 idx=2236 val=0.94382
[dump]   top3 idx=4296 val=0.83589
[dump]   top4 idx=1004 val=0.75458
[dump] L25.gnorm  n=6144    finite=1 absmax=0.37044      mean=-0.002062    sumsq=12.46610462        argmax=745
[dump]   top0 idx=745 val=0.37044
[dump]   top1 idx=5346 val=0.30260
[dump]   top2 idx=2292 val=0.27639
[dump]   top3 idx=2696 val=0.23428
[dump]   top4 idx=1727 val=0.22603
[dump] L25.lin    n=2560    finite=1 absmax=0.37552      mean=-0.00010968  sumsq=6.855405455        argmax=951
[dump]   top0 idx=951 val=0.37552
[dump]   top1 idx=177 val=0.21120
[dump]   top2 idx=2045 val=0.18326
[dump]   top3 idx=681 val=0.17964
[dump]   top4 idx=2238 val=0.17139
[dump] L25.att    n=2560    finite=1 absmax=0.37552      mean=-0.00010968  sumsq=6.855405455        argmax=951
[dump]   top0 idx=951 val=0.37552
[dump]   top1 idx=177 val=0.21120
[dump]   top2 idx=2045 val=0.18326
[dump]   top3 idx=681 val=0.17964
[dump]   top4 idx=2238 val=0.17139
[dump] L25.fmix   n=2560    finite=1 absmax=1.8373       mean=0.0044281    sumsq=750.0288779        argmax=149
[dump]   top0 idx=149 val=1.77827
[dump]   top1 idx=206 val=1.77495
[dump]   top2 idx=2085 val=1.71069
[dump]   top3 idx=2326 val=1.69721
[dump]   top4 idx=1266 val=1.58686
[dump] L25.mlogit n=512     finite=1 absmax=9.0632       mean=-6.0708      sumsq=19299.42213        argmax=264
[dump] L25.mprob  n=512     finite=1 absmax=0.02318      mean=0.0019531    sumsq=0.005656890455     argmax=264
[dump] L25.mid    n=10      finite=1 absmax=0 mean=0 sumsq=0 ids: 264 376 329 478 506 111 346 68 73 161
[dump] L25.rlogit n=512     finite=1 absmax=9.0632       mean=-6.0708      sumsq=19299.42213        argmax=264
[dump] L25.mwt    n=10      finite=1 absmax=0.14083      mean=0.1          sumsq=0.10813919         argmax=0
[dump] L25.mgate  n=6400    finite=1 absmax=1.969        mean=-0.24655     sumsq=1359.778996        argmax=1239
[dump]   top0 idx=1239 val=1.96905
[dump]   top1 idx=4743 val=1.85244
[dump]   top2 idx=3563 val=1.59832
[dump]   top3 idx=1945 val=1.41853
[dump]   top4 idx=5490 val=1.28483
[dump] L25.mup    n=6400    finite=1 absmax=1.7667       mean=-0.0016018   sumsq=964.6624902        argmax=856
[dump]   top0 idx=856 val=1.35558
[dump]   top1 idx=4861 val=1.35079
[dump]   top2 idx=5752 val=1.34083
[dump]   top3 idx=4132 val=1.33269
[dump]   top4 idx=4739 val=1.31565
[dump] L25.mgu    n=6400    finite=1 absmax=1.0314       mean=0.00059564   sumsq=36.94195908        argmax=4743
[dump]   top0 idx=4743 val=0.77694
[dump]   top1 idx=2511 val=0.74348
[dump]   top2 idx=3563 val=0.66120
[dump]   top3 idx=4132 val=0.62213
[dump]   top4 idx=3310 val=0.60097
[dump] L25.mdown  n=25600   finite=1 absmax=0.1046       mean=1.0711e-05   sumsq=14.6341            argmax=5482
[dump]   top0 idx=5482 val=0.10460
[dump]   top1 idx=8134 val=0.09729
[dump]   top2 idx=7208 val=0.09230
[dump]   top3 idx=18857 val=0.09030
[dump]   top4 idx=6217 val=0.08801
[dump] L25.msh    n=2560    finite=1 absmax=0.013756     mean=1.1004e-05   sumsq=0.01710885021      argmax=722
[dump]   top0 idx=722 val=0.01085
[dump]   top1 idx=2162 val=0.00942
[dump]   top2 idx=579 val=0.00922
[dump]   top3 idx=227 val=0.00859
[dump]   top4 idx=796 val=0.00849
[dump] L25.mout   n=2560    finite=1 absmax=0.030072     mean=5.2367e-05   sumsq=0.2030574156       argmax=523
[dump]   top0 idx=523 val=0.03007
[dump]   top1 idx=402 val=0.02836
[dump]   top2 idx=990 val=0.02709
[dump]   top3 idx=2422 val=0.02599
[dump]   top4 idx=1212 val=0.02520
[dump] L25.moe    n=2560    finite=1 absmax=0.030072     mean=5.2367e-05   sumsq=0.2030574156       argmax=523
[dump]   top0 idx=523 val=0.03007
[dump]   top1 idx=402 val=0.02836
[dump]   top2 idx=990 val=0.02709
[dump]   top3 idx=2422 val=0.02599
[dump]   top4 idx=1212 val=0.02520
[dump] L25.res    n=10240   finite=1 absmax=0.38973      mean=0.00039413   sumsq=15.38183229        argmax=5913
[dump]   top0 idx=5913 val=0.38893
[dump]   top1 idx=9475 val=0.36492
[dump]   top2 idx=6620 val=0.28807
[dump]   top3 idx=5848 val=0.28528
[dump]   top4 idx=8204 val=0.26562
[dump] L26.hcmix  n=2560    finite=1 absmax=5.5457       mean=0.0066322    sumsq=1040.239617        argmax=359
[dump]   top0 idx=359 val=2.70978
[dump]   top1 idx=524 val=2.54986
[dump]   top2 idx=2085 val=2.21806
[dump]   top3 idx=2477 val=2.16077
[dump]   top4 idx=1020 val=2.05723
[dump] L26.conv   n=10240   finite=1 absmax=2.0612       mean=-0.00061753  sumsq=41.31141044        argmax=4479
[dump]   top0 idx=4479 val=2.06118
[dump]   top1 idx=6606 val=1.65058
[dump]   top2 idx=9717 val=1.00509
[dump]   top3 idx=268 val=0.69352
[dump]   top4 idx=7360 val=0.60176
[dump] L26.gnorm  n=6144    finite=1 absmax=0.81709      mean=-0.00074777  sumsq=20.20676155        argmax=89
[dump]   top0 idx=89 val=0.81709
[dump]   top1 idx=3555 val=0.52915
[dump]   top2 idx=107 val=0.42524
[dump]   top3 idx=3611 val=0.40375
[dump]   top4 idx=62 val=0.38816
[dump] L26.lin    n=2560    finite=1 absmax=0.21931      mean=-0.00016204  sumsq=9.541759216        argmax=728
[dump]   top0 idx=728 val=0.20009
[dump]   top1 idx=2057 val=0.19524
[dump]   top2 idx=1981 val=0.19152
[dump]   top3 idx=884 val=0.17936
[dump]   top4 idx=816 val=0.17885
[dump] L26.att    n=2560    finite=1 absmax=0.21931      mean=-0.00016204  sumsq=9.541759216        argmax=728
[dump]   top0 idx=728 val=0.20009
[dump]   top1 idx=2057 val=0.19524
[dump]   top2 idx=1981 val=0.19152
[dump]   top3 idx=884 val=0.17936
[dump]   top4 idx=816 val=0.17885
[dump] L26.fmix   n=2560    finite=1 absmax=2.056        mean=0.00066722   sumsq=671.1662977        argmax=1500
[dump]   top0 idx=1500 val=2.05599
[dump]   top1 idx=746 val=2.03786
[dump]   top2 idx=110 val=1.67130
[dump]   top3 idx=614 val=1.58202
[dump]   top4 idx=1893 val=1.49790
[dump] L26.mlogit n=512     finite=1 absmax=9.4114       mean=-6.3736      sumsq=21501.11913        argmax=461
[dump] L26.mprob  n=512     finite=1 absmax=0.081293     mean=0.0019531    sumsq=0.01363609795      argmax=461
[dump] L26.mid    n=10      finite=1 absmax=0 mean=0 sumsq=0 ids: 461 417 313 384 97 9 296 322 355 370
[dump] L26.rlogit n=512     finite=1 absmax=9.4114       mean=-6.3736      sumsq=21501.11913        argmax=461
[dump] L26.mwt    n=10      finite=1 absmax=0.30955      mean=0.1          sumsq=0.1520371625       argmax=0
[dump] L26.mgate  n=6400    finite=1 absmax=2.1555       mean=-0.26399     sumsq=1363.339589        argmax=117
[dump]   top0 idx=117 val=1.61473
[dump]   top1 idx=1295 val=1.55623
[dump]   top2 idx=6387 val=1.20008
[dump]   top3 idx=4106 val=1.14873
[dump]   top4 idx=3411 val=1.13714
[dump] L26.mup    n=6400    finite=1 absmax=1.54         mean=-0.0012594   sumsq=929.643066         argmax=6178
[dump]   top0 idx=6178 val=1.52671
[dump]   top1 idx=3161 val=1.29422
[dump]   top2 idx=5083 val=1.27168
[dump]   top3 idx=589 val=1.23898
[dump]   top4 idx=4097 val=1.23385
[dump] L26.mgu    n=6400    finite=1 absmax=1.2924       mean=3.4507e-05   sumsq=33.6062443         argmax=117
[dump]   top0 idx=117 val=1.29236
[dump]   top1 idx=3411 val=1.05510
[dump]   top2 idx=2756 val=0.76607
[dump]   top3 idx=1912 val=0.59506
[dump]   top4 idx=3830 val=0.55454
[dump] L26.mdown  n=25600   finite=1 absmax=0.11089      mean=-0.00010384  sumsq=13.65392446        argmax=7238
[dump]   top0 idx=7238 val=0.11089
[dump]   top1 idx=14092 val=0.10652
[dump]   top2 idx=13552 val=0.10190
[dump]   top3 idx=17834 val=0.09069
[dump]   top4 idx=13462 val=0.08740
[dump] L26.msh    n=2560    finite=1 absmax=0.016349     mean=-6.465e-05   sumsq=0.008972359847     argmax=667
[dump]   top0 idx=667 val=0.00746
[dump]   top1 idx=722 val=0.00730
[dump]   top2 idx=579 val=0.00688
[dump]   top3 idx=2179 val=0.00672
[dump]   top4 idx=1603 val=0.00665
[dump] L26.mout   n=2560    finite=1 absmax=0.036786     mean=7.0955e-05   sumsq=0.2607307582       argmax=822
[dump]   top0 idx=822 val=0.03391
[dump]   top1 idx=2146 val=0.03160
[dump]   top2 idx=359 val=0.03128
[dump]   top3 idx=1033 val=0.02980
[dump]   top4 idx=2054 val=0.02956
[dump] L26.moe    n=2560    finite=1 absmax=0.036786     mean=7.0955e-05   sumsq=0.2607307582       argmax=822
[dump]   top0 idx=822 val=0.03391
[dump]   top1 idx=2146 val=0.03160
[dump]   top2 idx=359 val=0.03128
[dump]   top3 idx=1033 val=0.02980
[dump]   top4 idx=2054 val=0.02956
[dump] L26.res    n=10240   finite=1 absmax=0.39573      mean=0.00045142   sumsq=17.1376322         argmax=5913
[dump]   top0 idx=5913 val=0.38893
[dump]   top1 idx=9475 val=0.34593
[dump]   top2 idx=6620 val=0.28829
[dump]   top3 idx=5848 val=0.28527
[dump]   top4 idx=8204 val=0.28291
[dump] L27.hcmix  n=2560    finite=1 absmax=2.6571       mean=0.0042931    sumsq=334.3521093        argmax=728
[dump]   top0 idx=728 val=2.65708
[dump]   top1 idx=951 val=2.58707
[dump]   top2 idx=5 val=2.52666
[dump]   top3 idx=793 val=2.50162
[dump]   top4 idx=2238 val=2.30167
[dump] L27.cur    n=2560    finite=1 absmax=2.6571       mean=0.0042931    sumsq=334.3521093        argmax=728
[dump]   top0 idx=728 val=2.65708
[dump]   top1 idx=951 val=2.58707
[dump]   top2 idx=5 val=2.52666
[dump]   top3 idx=793 val=2.50162
[dump]   top4 idx=2238 val=2.30167
[dump] L27.qnorm  n=6144    finite=1 absmax=11.115       mean=-0.053782    sumsq=7862.927464        argmax=2618
[dump]   top0 idx=2618 val=4.82439
[dump]   top1 idx=4634 val=3.97829
[dump]   top2 idx=4355 val=3.87305
[dump]   top3 idx=2106 val=3.86949
[dump]   top4 idx=3081 val=3.83966
[dump] L27.knorm  n=512     finite=1 absmax=6.3457       mean=0.0093937    sumsq=1138.955838        argmax=282
[dump] L27.vraw   n=512     finite=1 absmax=3.2528       mean=0.01367      sumsq=230.5331704        argmax=146
[dump] L27.Q      n=6144    finite=1 absmax=10.652       mean=-0.012392    sumsq=7862.927441        argmax=5376
[dump]   top0 idx=5376 val=10.65177
[dump]   top1 idx=512 val=9.12622
[dump]   top2 idx=3584 val=9.03377
[dump]   top3 idx=4096 val=7.44037
[dump]   top4 idx=2048 val=6.81347
[dump] L27.K      n=512     finite=1 absmax=6.3455       mean=0.011163     sumsq=1138.955835        argmax=282
[dump] L27.faout  n=6144    finite=1 absmax=13.968       mean=-0.018981    sumsq=2594.822129        argmax=1426
[dump]   top0 idx=1426 val=2.88954
[dump]   top1 idx=2450 val=2.84809
[dump]   top2 idx=2962 val=2.79602
[dump]   top3 idx=402 val=2.74845
[dump]   top4 idx=2194 val=2.69732
[dump] L27.gate   n=6144    finite=1 absmax=4.4975       mean=-1.078       sumsq=8903.369632        argmax=1338
[dump]   top0 idx=1338 val=1.39211
[dump]   top1 idx=1348 val=1.11270
[dump]   top2 idx=1393 val=1.05444
[dump]   top3 idx=1449 val=0.99445
[dump]   top4 idx=1446 val=0.98241
[dump] L27.gated  n=6144    finite=1 absmax=0.84206      mean=-0.0027253   sumsq=166.5594174        argmax=1426
[dump]   top0 idx=1426 val=0.84206
[dump]   top1 idx=1376 val=0.78496
[dump]   top2 idx=2144 val=0.76923
[dump]   top3 idx=608 val=0.75644
[dump]   top4 idx=1120 val=0.74137
[dump] L27.att    n=2560    finite=1 absmax=0.34641      mean=0.0014571    sumsq=15.00759554        argmax=892
[dump]   top0 idx=892 val=0.30637
[dump]   top1 idx=1173 val=0.29681
[dump]   top2 idx=711 val=0.28398
[dump]   top3 idx=1720 val=0.28114
[dump]   top4 idx=302 val=0.26661
[dump] L27.fmix   n=2560    finite=1 absmax=2.7398       mean=0.0055327    sumsq=789.1263499        argmax=1500
[dump]   top0 idx=1500 val=2.73977
[dump]   top1 idx=973 val=2.01482
[dump]   top2 idx=1522 val=1.95225
[dump]   top3 idx=110 val=1.73665
[dump]   top4 idx=2453 val=1.67063
[dump] L27.mlogit n=512     finite=1 absmax=9.0339       mean=-6.2468      sumsq=20522.4173         argmax=430
[dump] L27.mprob  n=512     finite=1 absmax=0.038283     mean=0.0019531    sumsq=0.008254759556     argmax=430
[dump] L27.mid    n=10      finite=1 absmax=0 mean=0 sumsq=0 ids: 430 323 166 98 250 97 350 508 58 437
[dump] L27.rlogit n=512     finite=1 absmax=9.0339       mean=-6.2468      sumsq=20522.4173         argmax=430
[dump] L27.mwt    n=10      finite=1 absmax=0.17891      mean=0.1          sumsq=0.1172471252       argmax=0
[dump] L27.mgate  n=6400    finite=1 absmax=1.6975       mean=-0.23283     sumsq=1356.383221        argmax=5774
[dump]   top0 idx=5774 val=1.50400
[dump]   top1 idx=4336 val=1.25559
[dump]   top2 idx=5878 val=1.16775
[dump]   top3 idx=694 val=1.16765
[dump]   top4 idx=5479 val=1.16230
[dump] L27.mup    n=6400    finite=1 absmax=1.8057       mean=-0.0047139   sumsq=1047.255855        argmax=694
[dump]   top0 idx=694 val=1.80568
[dump]   top1 idx=5813 val=1.58987
[dump]   top2 idx=1906 val=1.42004
[dump]   top3 idx=6250 val=1.25490
[dump]   top4 idx=1864 val=1.25403
[dump] L27.mgu    n=6400    finite=1 absmax=1.6081       mean=0.0010947    sumsq=46.10477056        argmax=694
[dump]   top0 idx=694 val=1.60812
[dump]   top1 idx=5813 val=1.05503
[dump]   top2 idx=6305 val=0.84455
[dump]   top3 idx=1589 val=0.69080
[dump]   top4 idx=4079 val=0.68480
[dump] L27.mdown  n=25600   finite=1 absmax=0.13994      mean=0.00016205   sumsq=18.48501861        argmax=23466
[dump]   top0 idx=23466 val=0.13994
[dump]   top1 idx=23239 val=0.11548
[dump]   top2 idx=25282 val=0.11387
[dump]   top3 idx=25324 val=0.11188
[dump]   top4 idx=25359 val=0.11136
[dump] L27.msh    n=2560    finite=1 absmax=0.0086986    mean=3.8553e-05   sumsq=0.01066120501      argmax=1096
[dump]   top0 idx=1096 val=0.00870
[dump]   top1 idx=1023 val=0.00768
[dump]   top2 idx=2253 val=0.00732
[dump]   top3 idx=1135 val=0.00687
[dump]   top4 idx=1832 val=0.00663
[dump] L27.mout   n=2560    finite=1 absmax=0.036305     mean=0.00017554   sumsq=0.2332074316       argmax=1284
[dump]   top0 idx=1284 val=0.03631
[dump]   top1 idx=1410 val=0.03378
[dump]   top2 idx=2036 val=0.03053
[dump]   top3 idx=2499 val=0.03025
[dump]   top4 idx=2095 val=0.02990
[dump] L27.moe    n=2560    finite=1 absmax=0.036305     mean=0.00017554   sumsq=0.2332074316       argmax=1284
[dump]   top0 idx=1284 val=0.03631
[dump]   top1 idx=1410 val=0.03378
[dump]   top2 idx=2036 val=0.03053
[dump]   top3 idx=2499 val=0.03025
[dump]   top4 idx=2095 val=0.02990
[dump] L27.res    n=10240   finite=1 absmax=0.40645      mean=0.00067697   sumsq=17.75371949        argmax=5913
[dump]   top0 idx=5913 val=0.38893
[dump]   top1 idx=9475 val=0.34960
[dump]   top2 idx=8204 val=0.29212
[dump]   top3 idx=6620 val=0.28829
[dump]   top4 idx=5848 val=0.28526
[dump] L28.hcmix  n=2560    finite=1 absmax=4.6508       mean=0.012631     sumsq=1006.029144        argmax=1500
[dump]   top0 idx=1500 val=4.16755
[dump]   top1 idx=359 val=3.44360
[dump]   top2 idx=2085 val=2.73008
[dump]   top3 idx=524 val=2.51799
[dump]   top4 idx=681 val=2.16467
[dump] L28.conv   n=10240   finite=1 absmax=0.99449      mean=-0.0023074   sumsq=27.61295288        argmax=8559
[dump]   top0 idx=8559 val=0.99449
[dump]   top1 idx=6464 val=0.90183
[dump]   top2 idx=7758 val=0.76496
[dump]   top3 idx=5720 val=0.69386
[dump]   top4 idx=33 val=0.58100
[dump] L28.gnorm  n=6144    finite=1 absmax=0.39346      mean=-0.0021383   sumsq=13.50995025        argmax=1619
[dump]   top0 idx=1619 val=0.31635
[dump]   top1 idx=1184 val=0.31618
[dump]   top2 idx=2690 val=0.29198
[dump]   top3 idx=2725 val=0.28809
[dump]   top4 idx=925 val=0.27706
[dump] L28.lin    n=2560    finite=1 absmax=0.22945      mean=-0.0022919   sumsq=8.524283777        argmax=804
[dump]   top0 idx=804 val=0.18971
[dump]   top1 idx=200 val=0.17688
[dump]   top2 idx=1687 val=0.16685
[dump]   top3 idx=1544 val=0.16042
[dump]   top4 idx=1440 val=0.16033
[dump] L28.att    n=2560    finite=1 absmax=0.22945      mean=-0.0022919   sumsq=8.524283777        argmax=804
[dump]   top0 idx=804 val=0.18971
[dump]   top1 idx=200 val=0.17688
[dump]   top2 idx=1687 val=0.16685
[dump]   top3 idx=1544 val=0.16042
[dump]   top4 idx=1440 val=0.16033
[dump] L28.fmix   n=2560    finite=1 absmax=2.605        mean=0.0029536    sumsq=876.8035428        argmax=1500
[dump]   top0 idx=1500 val=2.60504
[dump]   top1 idx=1253 val=1.89090
[dump]   top2 idx=640 val=1.87494
[dump]   top3 idx=2264 val=1.79465
[dump]   top4 idx=2431 val=1.68665
[dump] L28.mlogit n=512     finite=1 absmax=10.3         mean=-6.3622      sumsq=21415.00713        argmax=9
[dump] L28.mprob  n=512     finite=1 absmax=0.03738      mean=0.0019531    sumsq=0.007998739736     argmax=9
[dump] L28.mid    n=10      finite=1 absmax=0 mean=0 sumsq=0 ids: 9 392 297 390 421 277 433 52 366 139
[dump] L28.rlogit n=512     finite=1 absmax=10.3         mean=-6.3622      sumsq=21415.00713        argmax=9
[dump] L28.mwt    n=10      finite=1 absmax=0.17973      mean=0.1          sumsq=0.1127800119       argmax=0
[dump] L28.mgate  n=6400    finite=1 absmax=2.3937       mean=-0.2291      sumsq=1503.644595        argmax=2289
[dump]   top0 idx=2289 val=1.57712
[dump]   top1 idx=5953 val=1.48632
[dump]   top2 idx=185 val=1.46711
[dump]   top3 idx=408 val=1.42090
[dump]   top4 idx=5025 val=1.34045
[dump] L28.mup    n=6400    finite=1 absmax=1.8332       mean=0.0079265    sumsq=1105.221869        argmax=24
[dump]   top0 idx=24 val=1.71044
[dump]   top1 idx=1151 val=1.63514
[dump]   top2 idx=5573 val=1.60395
[dump]   top3 idx=14 val=1.51742
[dump]   top4 idx=2544 val=1.50294
[dump] L28.mgu    n=6400    finite=1 absmax=0.93398      mean=0.00017525   sumsq=45.88440245        argmax=5573
[dump]   top0 idx=5573 val=0.90702
[dump]   top1 idx=1200 val=0.89464
[dump]   top2 idx=1151 val=0.76080
[dump]   top3 idx=24 val=0.71660
[dump]   top4 idx=3442 val=0.66735
[dump] L28.mdown  n=25600   finite=1 absmax=0.12543      mean=-0.00012026  sumsq=18.4418562         argmax=2171
[dump]   top0 idx=2171 val=0.12543
[dump]   top1 idx=3180 val=0.11833
[dump]   top2 idx=15166 val=0.11505
[dump]   top3 idx=4516 val=0.11205
[dump]   top4 idx=9007 val=0.11010
[dump] L28.msh    n=2560    finite=1 absmax=0.016635     mean=6.6044e-05   sumsq=0.02093569649      argmax=667
[dump]   top0 idx=667 val=0.01497
[dump]   top1 idx=1942 val=0.01332
[dump]   top2 idx=579 val=0.01239
[dump]   top3 idx=1603 val=0.01090
[dump]   top4 idx=36 val=0.01085
[dump] L28.mout   n=2560    finite=1 absmax=0.041957     mean=-6.8578e-05  sumsq=0.2806656156       argmax=1840
[dump]   top0 idx=1840 val=0.04196
[dump]   top1 idx=405 val=0.03655
[dump]   top2 idx=832 val=0.03614
[dump]   top3 idx=200 val=0.03571
[dump]   top4 idx=558 val=0.03428
[dump] L28.moe    n=2560    finite=1 absmax=0.041957     mean=-6.8578e-05  sumsq=0.2806656156       argmax=1840
[dump]   top0 idx=1840 val=0.04196
[dump]   top1 idx=405 val=0.03655
[dump]   top2 idx=832 val=0.03614
[dump]   top3 idx=200 val=0.03571
[dump]   top4 idx=558 val=0.03428
[dump] L28.res    n=10240   finite=1 absmax=0.40912      mean=0.00038647   sumsq=20.49539051        argmax=5913
[dump]   top0 idx=5913 val=0.38861
[dump]   top1 idx=9475 val=0.38254
[dump]   top2 idx=8204 val=0.29427
[dump]   top3 idx=6620 val=0.28858
[dump]   top4 idx=5848 val=0.28479
[dump] L29.hcmix  n=2560    finite=1 absmax=5.6944       mean=0.0066795    sumsq=1117.696776        argmax=1500
[dump]   top0 idx=1500 val=3.96119
[dump]   top1 idx=2085 val=3.23285
[dump]   top2 idx=524 val=2.35313
[dump]   top3 idx=200 val=2.28220
[dump]   top4 idx=1361 val=2.24839
[dump] L29.conv   n=10240   finite=1 absmax=1.1938       mean=0.0023825    sumsq=32.99506015        argmax=585
[dump]   top0 idx=585 val=1.19376
[dump]   top1 idx=8734 val=1.02479
[dump]   top2 idx=4164 val=1.01557
[dump]   top3 idx=6733 val=0.95781
[dump]   top4 idx=7006 val=0.90529
[dump] L29.gnorm  n=6144    finite=1 absmax=0.20587      mean=-0.00030633  sumsq=2.650115904        argmax=583
[dump]   top0 idx=583 val=0.20587
[dump]   top1 idx=1335 val=0.16434
[dump]   top2 idx=1196 val=0.15113
[dump]   top3 idx=3268 val=0.14227
[dump]   top4 idx=1286 val=0.13376
[dump] L29.lin    n=2560    finite=1 absmax=0.11171      mean=-0.00010865  sumsq=1.354097487        argmax=1736
[dump]   top0 idx=1736 val=0.11171
[dump]   top1 idx=1795 val=0.10982
[dump]   top2 idx=2145 val=0.08721
[dump]   top3 idx=1610 val=0.07704
[dump]   top4 idx=2324 val=0.07497
[dump] L29.att    n=2560    finite=1 absmax=0.11171      mean=-0.00010865  sumsq=1.354097487        argmax=1736
[dump]   top0 idx=1736 val=0.11171
[dump]   top1 idx=1795 val=0.10982
[dump]   top2 idx=2145 val=0.08721
[dump]   top3 idx=1610 val=0.07704
[dump]   top4 idx=2324 val=0.07497
[dump] L29.fmix   n=2560    finite=1 absmax=2.1442       mean=0.0013581    sumsq=947.207582         argmax=1694
[dump]   top0 idx=1694 val=2.14423
[dump]   top1 idx=200 val=2.05444
[dump]   top2 idx=2085 val=1.96684
[dump]   top3 idx=2264 val=1.94639
[dump]   top4 idx=1500 val=1.94556
[dump] L29.mlogit n=512     finite=1 absmax=9.7712       mean=-6.572       sumsq=22846.13186        argmax=387
[dump] L29.mprob  n=512     finite=1 absmax=0.038959     mean=0.0019531    sumsq=0.009272993534     argmax=387
[dump] L29.mid    n=10      finite=1 absmax=0 mean=0 sumsq=0 ids: 387 273 290 93 148 337 209 330 426 385
[dump] L29.rlogit n=512     finite=1 absmax=9.7712       mean=-6.572       sumsq=22846.13186        argmax=387
[dump] L29.mwt    n=10      finite=1 absmax=0.16538      mean=0.1          sumsq=0.1074978461       argmax=0
[dump] L29.mgate  n=6400    finite=1 absmax=1.655        mean=-0.23842     sumsq=1533.730236        argmax=1422
[dump]   top0 idx=1422 val=1.61637
[dump]   top1 idx=499 val=1.43039
[dump]   top2 idx=2804 val=1.40263
[dump]   top3 idx=5013 val=1.38645
[dump]   top4 idx=3472 val=1.32276
[dump] L29.mup    n=6400    finite=1 absmax=1.8717       mean=0.0061259    sumsq=1220.83508         argmax=1991
[dump]   top0 idx=1991 val=1.87170
[dump]   top1 idx=478 val=1.77792
[dump]   top2 idx=804 val=1.67301
[dump]   top3 idx=628 val=1.65199
[dump]   top4 idx=1418 val=1.65146
[dump] L29.mgu    n=6400    finite=1 absmax=1.2324       mean=-0.00056217  sumsq=50.64206247        argmax=2804
[dump]   top0 idx=2804 val=1.23238
[dump]   top1 idx=6183 val=1.01568
[dump]   top2 idx=480 val=0.77349
[dump]   top3 idx=5785 val=0.66628
[dump]   top4 idx=1789 val=0.60316
[dump] L29.mdown  n=25600   finite=1 absmax=0.13671      mean=0.00017652   sumsq=20.45282283        argmax=1799
[dump]   top0 idx=1799 val=0.12063
[dump]   top1 idx=12564 val=0.11974
[dump]   top2 idx=12028 val=0.11722
[dump]   top3 idx=10028 val=0.11494
[dump]   top4 idx=11621 val=0.11370
[dump] L29.msh    n=2560    finite=1 absmax=0.02016      mean=0.00013592   sumsq=0.01811201355      argmax=1653
[dump]   top0 idx=1653 val=0.01054
[dump]   top1 idx=1039 val=0.01054
[dump]   top2 idx=1788 val=0.01001
[dump]   top3 idx=1628 val=0.00933
[dump]   top4 idx=1318 val=0.00897
[dump] L29.mout   n=2560    finite=1 absmax=0.040858     mean=0.00028061   sumsq=0.3078655061       argmax=1788
[dump]   top0 idx=1788 val=0.04086
[dump]   top1 idx=485 val=0.03879
[dump]   top2 idx=727 val=0.03770
[dump]   top3 idx=276 val=0.03625
[dump]   top4 idx=1204 val=0.03469
[dump] L29.moe    n=2560    finite=1 absmax=0.040858     mean=0.00028061   sumsq=0.3078655061       argmax=1788
[dump]   top0 idx=1788 val=0.04086
[dump]   top1 idx=485 val=0.03879
[dump]   top2 idx=727 val=0.03770
[dump]   top3 idx=276 val=0.03625
[dump]   top4 idx=1204 val=0.03469
[dump] L29.res    n=10240   finite=1 absmax=0.42014      mean=0.00064795   sumsq=22.74337516        argmax=9475
[dump]   top0 idx=9475 val=0.40493
[dump]   top1 idx=5913 val=0.38860
[dump]   top2 idx=8204 val=0.30433
[dump]   top3 idx=6620 val=0.28858
[dump]   top4 idx=5848 val=0.28479
[dump] L30.hcmix  n=2560    finite=1 absmax=4.5085       mean=0.012257     sumsq=867.0445583        argmax=2085
[dump]   top0 idx=2085 val=2.86131
[dump]   top1 idx=359 val=2.50805
[dump]   top2 idx=1500 val=2.39161
[dump]   top3 idx=524 val=2.38574
[dump]   top4 idx=1788 val=2.38435
[dump] L30.conv   n=10240   finite=1 absmax=0.99401      mean=-0.00098162  sumsq=29.93909084        argmax=9937
[dump]   top0 idx=9937 val=0.99401
[dump]   top1 idx=760 val=0.97366
[dump]   top2 idx=5269 val=0.95739
[dump]   top3 idx=7848 val=0.87423
[dump]   top4 idx=454 val=0.64537
[dump] L30.gnorm  n=6144    finite=1 absmax=0.56164      mean=0.00063837   sumsq=14.49693233        argmax=5533
[dump]   top0 idx=5533 val=0.56164
[dump]   top1 idx=5574 val=0.36964
[dump]   top2 idx=1422 val=0.36078
[dump]   top3 idx=1968 val=0.35146
[dump]   top4 idx=1221 val=0.31768
[dump] L30.lin    n=2560    finite=1 absmax=0.32685      mean=-0.0010953   sumsq=9.512954689        argmax=2502
[dump]   top0 idx=2502 val=0.32685
[dump]   top1 idx=993 val=0.29643
[dump]   top2 idx=360 val=0.22784
[dump]   top3 idx=482 val=0.22674
[dump]   top4 idx=1123 val=0.18219
[dump] L30.att    n=2560    finite=1 absmax=0.32685      mean=-0.0010953   sumsq=9.512954689        argmax=2502
[dump]   top0 idx=2502 val=0.32685
[dump]   top1 idx=993 val=0.29643
[dump]   top2 idx=360 val=0.22784
[dump]   top3 idx=482 val=0.22674
[dump]   top4 idx=1123 val=0.18219
[dump] L30.fmix   n=2560    finite=1 absmax=2.6311       mean=0.0031065    sumsq=1274.748514        argmax=2085
[dump]   top0 idx=2085 val=2.63111
[dump]   top1 idx=1500 val=2.47940
[dump]   top2 idx=276 val=2.34042
[dump]   top3 idx=168 val=2.12199
[dump]   top4 idx=348 val=2.08287
[dump] L30.mlogit n=512     finite=1 absmax=9.5377       mean=-6.2911      sumsq=20944.54742        argmax=86
[dump] L30.mprob  n=512     finite=1 absmax=0.047026     mean=0.0019531    sumsq=0.009572549251     argmax=86
[dump] L30.mid    n=10      finite=1 absmax=0 mean=0 sumsq=0 ids: 86 506 398 11 284 14 409 473 326 32
[dump] L30.rlogit n=512     finite=1 absmax=9.5377       mean=-6.2911      sumsq=20944.54742        argmax=86
[dump] L30.mwt    n=10      finite=1 absmax=0.20232      mean=0.1          sumsq=0.1212402004       argmax=0
[dump] L30.mgate  n=6400    finite=1 absmax=2.5289       mean=-0.31206     sumsq=2300.239388        argmax=3793
[dump]   top0 idx=3793 val=1.85441
[dump]   top1 idx=301 val=1.70896
[dump]   top2 idx=5912 val=1.60557
[dump]   top3 idx=3224 val=1.60415
[dump]   top4 idx=1754 val=1.58786
[dump] L30.mup    n=6400    finite=1 absmax=2.0932       mean=0.0023966    sumsq=1897.460756        argmax=200
[dump]   top0 idx=200 val=2.02376
[dump]   top1 idx=451 val=1.89311
[dump]   top2 idx=247 val=1.85317
[dump]   top3 idx=6065 val=1.83004
[dump]   top4 idx=395 val=1.81551
[dump] L30.mgu    n=6400    finite=1 absmax=2.5664       mean=-0.0028208   sumsq=112.4599568        argmax=3009
[dump]   top0 idx=3009 val=1.21426
[dump]   top1 idx=4615 val=1.07913
[dump]   top2 idx=2656 val=1.04189
[dump]   top3 idx=3696 val=0.94626
[dump]   top4 idx=3434 val=0.93248
[dump] L30.mdown  n=25600   finite=1 absmax=0.22429      mean=-0.00021431  sumsq=48.2825243         argmax=13841
[dump]   top0 idx=13841 val=0.18518
[dump]   top1 idx=189 val=0.17564
[dump]   top2 idx=2265 val=0.17523
[dump]   top3 idx=776 val=0.17154
[dump]   top4 idx=14494 val=0.16685
[dump] L30.msh    n=2560    finite=1 absmax=0.019889     mean=4.0946e-05   sumsq=0.02815749328      argmax=1603
[dump]   top0 idx=1603 val=0.01809
[dump]   top1 idx=1795 val=0.01685
[dump]   top2 idx=1570 val=0.01360
[dump]   top3 idx=2120 val=0.01283
[dump]   top4 idx=1729 val=0.01249
[dump] L30.mout   n=2560    finite=1 absmax=0.060008     mean=-6.7382e-05  sumsq=0.793200423        argmax=375
[dump]   top0 idx=375 val=0.05965
[dump]   top1 idx=1151 val=0.05368
[dump]   top2 idx=1089 val=0.05367
[dump]   top3 idx=2095 val=0.05306
[dump]   top4 idx=189 val=0.05281
[dump] L30.moe    n=2560    finite=1 absmax=0.060008     mean=-6.7382e-05  sumsq=0.793200423        argmax=375
[dump]   top0 idx=375 val=0.05965
[dump]   top1 idx=1151 val=0.05368
[dump]   top2 idx=1089 val=0.05367
[dump]   top3 idx=2095 val=0.05306
[dump]   top4 idx=189 val=0.05281
[dump] L30.res    n=10240   finite=1 absmax=0.41535      mean=0.00043379   sumsq=30.3377733         argmax=9475
[dump]   top0 idx=9475 val=0.40740
[dump]   top1 idx=5913 val=0.38916
[dump]   top2 idx=8204 val=0.29779
[dump]   top3 idx=6620 val=0.28848
[dump]   top4 idx=5848 val=0.28502
[dump] L31.hcmix  n=2560    finite=1 absmax=2.1011       mean=0.0024875    sumsq=240.0324316        argmax=728
[dump]   top0 idx=728 val=1.89060
[dump]   top1 idx=793 val=1.63203
[dump]   top2 idx=1500 val=1.54831
[dump]   top3 idx=1947 val=1.24245
[dump]   top4 idx=2238 val=1.18741
[dump] L31.cur    n=2560    finite=1 absmax=2.1011       mean=0.0024875    sumsq=240.0324316        argmax=728
[dump]   top0 idx=728 val=1.89060
[dump]   top1 idx=793 val=1.63203
[dump]   top2 idx=1500 val=1.54831
[dump]   top3 idx=1947 val=1.24245
[dump]   top4 idx=2238 val=1.18741
[dump] L31.qnorm  n=6144    finite=1 absmax=8.5357       mean=-0.037435    sumsq=11046.40769        argmax=6137
[dump]   top0 idx=6137 val=8.53565
[dump]   top1 idx=2849 val=7.82522
[dump]   top2 idx=4345 val=6.46775
[dump]   top3 idx=1048 val=5.28542
[dump]   top4 idx=2850 val=5.17938
[dump] L31.knorm  n=512     finite=1 absmax=6.2095       mean=-0.022322    sumsq=1264.322462        argmax=364
[dump] L31.vraw   n=512     finite=1 absmax=1.4702       mean=0.0078624    sumsq=164.1053834        argmax=159
[dump] L31.Q      n=6144    finite=1 absmax=8.5357       mean=-0.033245    sumsq=11046.40768        argmax=6137
[dump]   top0 idx=6137 val=8.53565
[dump]   top1 idx=4345 val=6.46775
[dump]   top2 idx=1048 val=5.28568
[dump]   top3 idx=3321 val=5.17718
[dump]   top4 idx=4601 val=4.99347
[dump] L31.K      n=512     finite=1 absmax=6.2094       mean=-0.024691    sumsq=1264.322467        argmax=364
[dump] L31.faout  n=6144    finite=1 absmax=5.7121       mean=0.029488     sumsq=1806.586237        argmax=425
[dump]   top0 idx=425 val=5.71211
[dump]   top1 idx=1449 val=5.15526
[dump]   top2 idx=4874 val=4.66101
[dump]   top3 idx=169 val=4.10066
[dump]   top4 idx=5642 val=3.96324
[dump] L31.gate   n=6144    finite=1 absmax=3.802        mean=-0.69507     sumsq=4108.150783        argmax=4131
[dump]   top0 idx=4131 val=0.50317
[dump]   top1 idx=4272 val=0.46144
[dump]   top2 idx=4227 val=0.44518
[dump]   top3 idx=4198 val=0.43668
[dump]   top4 idx=3764 val=0.40994
[dump] L31.gated  n=6144    finite=1 absmax=0.76374      mean=0.0092586    sumsq=231.071908         argmax=2896
[dump]   top0 idx=2896 val=0.60132
[dump]   top1 idx=2934 val=0.60060
[dump]   top2 idx=2952 val=0.59926
[dump]   top3 idx=3850 val=0.59827
[dump]   top4 idx=886 val=0.55872
[dump] L31.att    n=2560    finite=1 absmax=0.24298      mean=-0.0020049   sumsq=11.25884962        argmax=1035
[dump]   top0 idx=1035 val=0.22835
[dump]   top1 idx=814 val=0.21511
[dump]   top2 idx=1359 val=0.21372
[dump]   top3 idx=1716 val=0.19294
[dump]   top4 idx=1431 val=0.19222
[dump] L31.fmix   n=2560    finite=1 absmax=4.0868       mean=-0.007963    sumsq=1919.733929        argmax=728
[dump]   top0 idx=728 val=3.68070
[dump]   top1 idx=793 val=3.32715
[dump]   top2 idx=189 val=3.15023
[dump]   top3 idx=951 val=2.75188
[dump]   top4 idx=302 val=2.71441
[dump] L31.mlogit n=512     finite=1 absmax=11.397       mean=-6.1037      sumsq=19531.75309        argmax=405
[dump] L31.mprob  n=512     finite=1 absmax=0.019346     mean=0.0019531    sumsq=0.004142400353     argmax=405
[dump] L31.mid    n=10      finite=1 absmax=0 mean=0 sumsq=0 ids: 405 289 283 156 494 311 226 302 399 288
[dump] L31.rlogit n=512     finite=1 absmax=11.397       mean=-6.1037      sumsq=19531.75309        argmax=405
[dump] L31.mwt    n=10      finite=1 absmax=0.15524      mean=0.1          sumsq=0.1060061248       argmax=0
[dump] L31.mgate  n=6400    finite=1 absmax=2.5868       mean=-0.42016     sumsq=3368.164395        argmax=2141
[dump]   top0 idx=2141 val=1.81952
[dump]   top1 idx=3541 val=1.75494
[dump]   top2 idx=1869 val=1.71319
[dump]   top3 idx=50 val=1.57054
[dump]   top4 idx=4245 val=1.52728
[dump] L31.mup    n=6400    finite=1 absmax=2.4987       mean=0.0049835    sumsq=2456.610931        argmax=4346
[dump]   top0 idx=4346 val=2.49870
[dump]   top1 idx=1405 val=2.18965
[dump]   top2 idx=612 val=2.12682
[dump]   top3 idx=2871 val=2.09289
[dump]   top4 idx=3217 val=2.03460
[dump] L31.mgu    n=6400    finite=1 absmax=1.5872       mean=-0.00027856  sumsq=142.2184996        argmax=1390
[dump]   top0 idx=1390 val=1.58719
[dump]   top1 idx=1869 val=1.46588
[dump]   top2 idx=2032 val=1.32593
[dump]   top3 idx=3873 val=1.21344
[dump]   top4 idx=3129 val=1.14518
[dump] L31.mdown  n=25600   finite=1 absmax=0.21489      mean=0.00050035   sumsq=60.61177135        argmax=17517
[dump]   top0 idx=17517 val=0.21366
[dump]   top1 idx=16894 val=0.20516
[dump]   top2 idx=15819 val=0.20346
[dump]   top3 idx=16566 val=0.20234
[dump]   top4 idx=15743 val=0.19768
[dump] L31.msh    n=2560    finite=1 absmax=0.020047     mean=0.00025182   sumsq=0.06449736035      argmax=1653
[dump]   top0 idx=1653 val=0.01696
[dump]   top1 idx=1161 val=0.01637
[dump]   top2 idx=416 val=0.01610
[dump]   top3 idx=1206 val=0.01589
[dump]   top4 idx=66 val=0.01537
[dump] L31.mout   n=2560    finite=1 absmax=0.058417     mean=0.00076114   sumsq=0.768288463        argmax=1206
[dump]   top0 idx=1206 val=0.05842
[dump]   top1 idx=375 val=0.05454
[dump]   top2 idx=773 val=0.05436
[dump]   top3 idx=2362 val=0.05400
[dump]   top4 idx=1693 val=0.05347
[dump] L31.moe    n=2560    finite=1 absmax=0.058417     mean=0.00076114   sumsq=0.768288463        argmax=1206
[dump]   top0 idx=1206 val=0.05842
[dump]   top1 idx=375 val=0.05454
[dump]   top2 idx=773 val=0.05436
[dump]   top3 idx=2362 val=0.05400
[dump]   top4 idx=1693 val=0.05347
[dump] L31.res    n=10240   finite=1 absmax=0.41521      mean=0.00045744   sumsq=29.44895529        argmax=9475
[dump]   top0 idx=9475 val=0.40647
[dump]   top1 idx=5913 val=0.38915
[dump]   top2 idx=8204 val=0.29795
[dump]   top3 idx=6620 val=0.28833
[dump]   top4 idx=5848 val=0.28509
[dump] L32.hcmix  n=2560    finite=1 absmax=4.1964       mean=0.0071971    sumsq=1060.907023        argmax=1947
[dump]   top0 idx=1947 val=3.00020
[dump]   top1 idx=2085 val=2.86340
[dump]   top2 idx=1694 val=2.71679
[dump]   top3 idx=1795 val=2.50810
[dump]   top4 idx=359 val=2.43400
[dump] L32.conv   n=10240   finite=1 absmax=1.7836       mean=-0.004902    sumsq=56.94660602        argmax=6567
[dump]   top0 idx=6567 val=1.78357
[dump]   top1 idx=879 val=1.62666
[dump]   top2 idx=10053 val=1.56721
[dump]   top3 idx=4530 val=1.26210
[dump]   top4 idx=8742 val=1.23916
[dump] L32.gnorm  n=6144    finite=1 absmax=0.35571      mean=-0.0032598   sumsq=7.05423624         argmax=2335
[dump]   top0 idx=2335 val=0.35571
[dump]   top1 idx=3072 val=0.26015
[dump]   top2 idx=3869 val=0.24686
[dump]   top3 idx=303 val=0.23982
[dump]   top4 idx=3101 val=0.19707
[dump] L32.lin    n=2560    finite=1 absmax=0.20895      mean=-0.00021771  sumsq=3.857359926        argmax=2184
[dump]   top0 idx=2184 val=0.20895
[dump]   top1 idx=1134 val=0.17998
[dump]   top2 idx=713 val=0.17610
[dump]   top3 idx=689 val=0.17235
[dump]   top4 idx=1738 val=0.16212
[dump] L32.att    n=2560    finite=1 absmax=0.20895      mean=-0.00021771  sumsq=3.857359926        argmax=2184
[dump]   top0 idx=2184 val=0.20895
[dump]   top1 idx=1134 val=0.17998
[dump]   top2 idx=713 val=0.17610
[dump]   top3 idx=689 val=0.17235
[dump]   top4 idx=1738 val=0.16212
[dump] L32.fmix   n=2560    finite=1 absmax=3.0982       mean=0.0018045    sumsq=1849.254195        argmax=2261
[dump]   top0 idx=2261 val=2.80968
[dump]   top1 idx=2006 val=2.77458
[dump]   top2 idx=180 val=2.63679
[dump]   top3 idx=171 val=2.61463
[dump]   top4 idx=1694 val=2.59884
[dump] L32.mlogit n=512     finite=1 absmax=12.767       mean=-6.1756      sumsq=20171.68617        argmax=228
[dump] L32.mprob  n=512     finite=1 absmax=0.10362      mean=0.0019531    sumsq=0.01617246121      argmax=228
[dump] L32.mid    n=10      finite=1 absmax=0 mean=0 sumsq=0 ids: 228 263 243 142 26 272 75 92 61 201
[dump] L32.rlogit n=512     finite=1 absmax=12.767       mean=-6.1756      sumsq=20171.68617        argmax=228
[dump] L32.mwt    n=10      finite=1 absmax=0.39743      mean=0.1          sumsq=0.2031313811       argmax=0
[dump] L32.mgate  n=6400    finite=1 absmax=2.5447       mean=-0.37138     sumsq=3087.102882        argmax=5491
[dump]   top0 idx=5491 val=1.85236
[dump]   top1 idx=5054 val=1.73666
[dump]   top2 idx=3061 val=1.72843
[dump]   top3 idx=5462 val=1.69546
[dump]   top4 idx=5719 val=1.63756
[dump] L32.mup    n=6400    finite=1 absmax=2.5165       mean=-0.0030615   sumsq=2285.877114        argmax=70
[dump]   top0 idx=70 val=2.51652
[dump]   top1 idx=4944 val=2.34626
[dump]   top2 idx=87 val=2.15063
[dump]   top3 idx=6275 val=2.12207
[dump]   top4 idx=5858 val=2.10383
[dump] L32.mgu    n=6400    finite=1 absmax=2.3514       mean=0.00069274   sumsq=146.8926478        argmax=3061
[dump]   top0 idx=3061 val=2.35137
[dump]   top1 idx=3300 val=1.26000
[dump]   top2 idx=5054 val=1.16117
[dump]   top3 idx=5425 val=1.06595
[dump]   top4 idx=197 val=1.00801
[dump] L32.mdown  n=25600   finite=1 absmax=0.22276      mean=-0.00042478  sumsq=59.54436875        argmax=22618
[dump]   top0 idx=22618 val=0.21309
[dump]   top1 idx=21829 val=0.20136
[dump]   top2 idx=20829 val=0.19802
[dump]   top3 idx=20770 val=0.19577
[dump]   top4 idx=21043 val=0.19563
[dump] L32.msh    n=2560    finite=1 absmax=0.05154      mean=-0.00022927  sumsq=0.04820253077      argmax=624
[dump]   top0 idx=624 val=0.01945
[dump]   top1 idx=2101 val=0.01642
[dump]   top2 idx=579 val=0.01639
[dump]   top3 idx=36 val=0.01572
[dump]   top4 idx=1795 val=0.01358
[dump] L32.mout   n=2560    finite=1 absmax=0.091132     mean=-0.00069974  sumsq=1.326304556        argmax=2446
[dump]   top0 idx=2446 val=0.07325
[dump]   top1 idx=2441 val=0.07303
[dump]   top2 idx=198 val=0.07220
[dump]   top3 idx=2509 val=0.07212
[dump]   top4 idx=2287 val=0.06886
[dump] L32.moe    n=2560    finite=1 absmax=0.091132     mean=-0.00069974  sumsq=1.326304556        argmax=2446
[dump]   top0 idx=2446 val=0.07325
[dump]   top1 idx=2441 val=0.07303
[dump]   top2 idx=198 val=0.07220
[dump]   top3 idx=2509 val=0.07212
[dump]   top4 idx=2287 val=0.06886
[dump] L32.res    n=10240   finite=1 absmax=0.41641      mean=4.4116e-05   sumsq=34.73364715        argmax=9475
[dump]   top0 idx=9475 val=0.41070
[dump]   top1 idx=5913 val=0.38900
[dump]   top2 idx=8204 val=0.29779
[dump]   top3 idx=1795 val=0.29055
[dump]   top4 idx=689 val=0.29008
[dump] L33.hcmix  n=2560    finite=1 absmax=6.8396       mean=0.00057513   sumsq=1032.61146         argmax=1500
[dump]   top0 idx=1500 val=3.12009
[dump]   top1 idx=2085 val=3.05126
[dump]   top2 idx=359 val=2.65058
[dump]   top3 idx=524 val=2.43814
[dump]   top4 idx=682 val=2.35106
[dump] L33.conv   n=10240   finite=1 absmax=1.291        mean=0.0029194    sumsq=42.12383269        argmax=9950
[dump]   top0 idx=9950 val=1.29101
[dump]   top1 idx=5797 val=1.27587
[dump]   top2 idx=7368 val=1.22351
[dump]   top3 idx=4651 val=1.16488
[dump]   top4 idx=8775 val=1.16274
[dump] L33.gnorm  n=6144    finite=1 absmax=0.22161      mean=-0.00036914  sumsq=2.697195965        argmax=5783
[dump]   top0 idx=5783 val=0.16698
[dump]   top1 idx=320 val=0.16043
[dump]   top2 idx=1701 val=0.16029
[dump]   top3 idx=5837 val=0.15002
[dump]   top4 idx=5853 val=0.14373
[dump] L33.lin    n=2560    finite=1 absmax=0.13271      mean=-0.0014479   sumsq=1.857476519        argmax=1882
[dump]   top0 idx=1882 val=0.13271
[dump]   top1 idx=2012 val=0.11264
[dump]   top2 idx=793 val=0.10630
[dump]   top3 idx=1061 val=0.09734
[dump]   top4 idx=550 val=0.09496
[dump] L33.att    n=2560    finite=1 absmax=0.13271      mean=-0.0014479   sumsq=1.857476519        argmax=1882
[dump]   top0 idx=1882 val=0.13271
[dump]   top1 idx=2012 val=0.11264
[dump]   top2 idx=793 val=0.10630
[dump]   top3 idx=1061 val=0.09734
[dump]   top4 idx=550 val=0.09496
[dump] L33.fmix   n=2560    finite=1 absmax=3.0284       mean=-0.017518    sumsq=1585.437193        argmax=793
[dump]   top0 idx=793 val=3.02840
[dump]   top1 idx=2085 val=2.64353
[dump]   top2 idx=1795 val=2.41975
[dump]   top3 idx=2006 val=2.39253
[dump]   top4 idx=2261 val=2.29990
[dump] L33.mlogit n=512     finite=1 absmax=9.8778       mean=-6.5605      sumsq=22899.24461        argmax=136
[dump] L33.mprob  n=512     finite=1 absmax=0.059912     mean=0.0019531    sumsq=0.01445537586      argmax=136
[dump] L33.mid    n=10      finite=1 absmax=0 mean=0 sumsq=0 ids: 136 120 387 386 253 160 209 469 84 499
[dump] L33.rlogit n=512     finite=1 absmax=9.8778       mean=-6.5605      sumsq=22899.24461        argmax=136
[dump] L33.mwt    n=10      finite=1 absmax=0.19845      mean=0.1          sumsq=0.1173776212       argmax=0
[dump] L33.mgate  n=6400    finite=1 absmax=2.0357       mean=-0.23512     sumsq=2304.712865        argmax=2011
[dump]   top0 idx=2011 val=1.92265
[dump]   top1 idx=5659 val=1.91371
[dump]   top2 idx=4056 val=1.77291
[dump]   top3 idx=922 val=1.71481
[dump]   top4 idx=5841 val=1.70278
[dump] L33.mup    n=6400    finite=1 absmax=2.4099       mean=0.00067161   sumsq=2047.772101        argmax=1290
[dump]   top0 idx=1290 val=2.18845
[dump]   top1 idx=5913 val=2.10488
[dump]   top2 idx=5885 val=2.04053
[dump]   top3 idx=2513 val=1.98950
[dump]   top4 idx=5719 val=1.93662
[dump] L33.mgu    n=6400    finite=1 absmax=2.57         mean=-0.0016243   sumsq=154.4309365        argmax=1290
[dump]   top0 idx=1290 val=2.56995
[dump]   top1 idx=5719 val=1.42443
[dump]   top2 idx=2109 val=1.41916
[dump]   top3 idx=2829 val=1.36926
[dump]   top4 idx=3578 val=1.28941
[dump] L33.mdown  n=25600   finite=1 absmax=0.25278      mean=0.00067708   sumsq=63.02513052        argmax=8152
[dump]   top0 idx=8152 val=0.25278
[dump]   top1 idx=8704 val=0.22078
[dump]   top2 idx=6244 val=0.21358
[dump]   top3 idx=6862 val=0.19615
[dump]   top4 idx=16983 val=0.19609
[dump] L33.msh    n=2560    finite=1 absmax=0.019006     mean=-4.2022e-06  sumsq=0.02839916335      argmax=2120
[dump]   top0 idx=2120 val=0.01561
[dump]   top1 idx=518 val=0.01351
[dump]   top2 idx=2075 val=0.01189
[dump]   top3 idx=2393 val=0.01174
[dump]   top4 idx=736 val=0.01136
[dump] L33.mout   n=2560    finite=1 absmax=0.057771     mean=0.00066474   sumsq=0.7538299596       argmax=1794
[dump]   top0 idx=1794 val=0.05777
[dump]   top1 idx=1820 val=0.05726
[dump]   top2 idx=364 val=0.05518
[dump]   top3 idx=2450 val=0.05357
[dump]   top4 idx=2432 val=0.05342
[dump] L33.moe    n=2560    finite=1 absmax=0.057771     mean=0.00066474   sumsq=0.7538299596       argmax=1794
[dump]   top0 idx=1794 val=0.05777
[dump]   top1 idx=1820 val=0.05726
[dump]   top2 idx=364 val=0.05518
[dump]   top3 idx=2450 val=0.05357
[dump]   top4 idx=2432 val=0.05342
[dump] L33.res    n=10240   finite=1 absmax=0.51288      mean=0.00016629   sumsq=39.55427437        argmax=9475
[dump]   top0 idx=9475 val=0.40126
[dump]   top1 idx=5913 val=0.38916
[dump]   top2 idx=689 val=0.33969
[dump]   top3 idx=482 val=0.33227
[dump]   top4 idx=1580 val=0.30885
[dump] L34.hcmix  n=2560    finite=1 absmax=5.5298       mean=0.010957     sumsq=1095.166572        argmax=1500
[dump]   top0 idx=1500 val=2.59495
[dump]   top1 idx=793 val=2.48811
[dump]   top2 idx=2085 val=2.42342
[dump]   top3 idx=524 val=2.40597
[dump]   top4 idx=2120 val=2.13629
[dump] L34.conv   n=10240   finite=1 absmax=1.0093       mean=0.0016403    sumsq=35.72105704        argmax=9259
[dump]   top0 idx=9259 val=1.00928
[dump]   top1 idx=30 val=1.00236
[dump]   top2 idx=25 val=0.91843
[dump]   top3 idx=7445 val=0.89795
[dump]   top4 idx=16 val=0.83094
[dump] L34.gnorm  n=6144    finite=1 absmax=0.33691      mean=0.0012349    sumsq=6.282918132        argmax=3087
[dump]   top0 idx=3087 val=0.33691
[dump]   top1 idx=3633 val=0.33153
[dump]   top2 idx=4149 val=0.24461
[dump]   top3 idx=3145 val=0.24406
[dump]   top4 idx=1627 val=0.23565
[dump] L34.lin    n=2560    finite=1 absmax=0.2553       mean=-0.00071822  sumsq=3.992004594        argmax=482
[dump]   top0 idx=482 val=0.25530
[dump]   top1 idx=1134 val=0.18794
[dump]   top2 idx=689 val=0.17172
[dump]   top3 idx=888 val=0.16574
[dump]   top4 idx=162 val=0.16289
[dump] L34.att    n=2560    finite=1 absmax=0.2553       mean=-0.00071822  sumsq=3.992004594        argmax=482
[dump]   top0 idx=482 val=0.25530
[dump]   top1 idx=1134 val=0.18794
[dump]   top2 idx=689 val=0.17172
[dump]   top3 idx=888 val=0.16574
[dump]   top4 idx=162 val=0.16289
[dump] L34.fmix   n=2560    finite=1 absmax=2.9082       mean=0.0012431    sumsq=1397.734215        argmax=1346
[dump]   top0 idx=1346 val=2.90823
[dump]   top1 idx=1500 val=2.85216
[dump]   top2 idx=1103 val=2.54462
[dump]   top3 idx=1538 val=2.26880
[dump]   top4 idx=2085 val=2.21429
[dump] L34.mlogit n=512     finite=1 absmax=10.091       mean=-6.6889      sumsq=23803.96283        argmax=184
[dump] L34.mprob  n=512     finite=1 absmax=0.061676     mean=0.0019531    sumsq=0.01815045746      argmax=184
[dump] L34.mid    n=10      finite=1 absmax=0 mean=0 sumsq=0 ids: 184 264 211 50 370 471 42 496 275 475
[dump] L34.rlogit n=512     finite=1 absmax=10.091       mean=-6.6889      sumsq=23803.96283        argmax=184
[dump] L34.mwt    n=10      finite=1 absmax=0.1764       mean=0.1          sumsq=0.1219607451       argmax=0
[dump] L34.mgate  n=6400    finite=1 absmax=2.3441       mean=-0.2551      sumsq=2444.781263        argmax=2120
[dump]   top0 idx=2120 val=2.19279
[dump]   top1 idx=2426 val=2.17067
[dump]   top2 idx=3869 val=1.80712
[dump]   top3 idx=826 val=1.74979
[dump]   top4 idx=4397 val=1.72637
[dump] L34.mup    n=6400    finite=1 absmax=2.1027       mean=0.0028972    sumsq=1880.309733        argmax=1247
[dump]   top0 idx=1247 val=1.88659
[dump]   top1 idx=3418 val=1.77218
[dump]   top2 idx=5377 val=1.75051
[dump]   top3 idx=232 val=1.74323
[dump]   top4 idx=2368 val=1.71132
[dump] L34.mgu    n=6400    finite=1 absmax=2.11         mean=0.00088127   sumsq=136.088881         argmax=2120
[dump]   top0 idx=2120 val=2.10997
[dump]   top1 idx=1247 val=1.67795
[dump]   top2 idx=1988 val=1.40441
[dump]   top3 idx=1115 val=1.38004
[dump]   top4 idx=614 val=1.27713
[dump] L34.mdown  n=25600   finite=1 absmax=0.24881      mean=0.00034685   sumsq=56.8403914         argmax=7939
[dump]   top0 idx=7939 val=0.22079
[dump]   top1 idx=8014 val=0.21650
[dump]   top2 idx=8826 val=0.20880
[dump]   top3 idx=9961 val=0.20751
[dump]   top4 idx=10046 val=0.19902
[dump] L34.msh    n=2560    finite=1 absmax=0.012902     mean=0.00013641   sumsq=0.0206498433       argmax=1359
[dump]   top0 idx=1359 val=0.01290
[dump]   top1 idx=1642 val=0.01189
[dump]   top2 idx=303 val=0.01096
[dump]   top3 idx=2338 val=0.01040
[dump]   top4 idx=1770 val=0.01037
[dump] L34.mout   n=2560    finite=1 absmax=0.069374     mean=0.0006353    sumsq=1.053607189        argmax=1831
[dump]   top0 idx=1831 val=0.06736
[dump]   top1 idx=2045 val=0.06469
[dump]   top2 idx=790 val=0.06142
[dump]   top3 idx=563 val=0.06084
[dump]   top4 idx=2091 val=0.05999
[dump] L34.moe    n=2560    finite=1 absmax=0.069374     mean=0.0006353    sumsq=1.053607189        argmax=1831
[dump]   top0 idx=1831 val=0.06736
[dump]   top1 idx=2045 val=0.06469
[dump]   top2 idx=790 val=0.06142
[dump]   top3 idx=563 val=0.06084
[dump]   top4 idx=2091 val=0.05999
[dump] L34.res    n=10240   finite=1 absmax=0.54259      mean=0.00059864   sumsq=53.22348552        argmax=482
[dump]   top0 idx=482 val=0.50057
[dump]   top1 idx=689 val=0.47558
[dump]   top2 idx=9475 val=0.44653
[dump]   top3 idx=1580 val=0.40888
[dump]   top4 idx=5913 val=0.38923
[dump] L35.hcmix  n=2560    finite=1 absmax=1.9021       mean=0.011474     sumsq=431.9210888        argmax=728
[dump]   top0 idx=728 val=1.90211
[dump]   top1 idx=1947 val=1.83250
[dump]   top2 idx=482 val=1.70812
[dump]   top3 idx=1741 val=1.69076
[dump]   top4 idx=951 val=1.60480
[dump] L35.cur    n=2560    finite=1 absmax=1.9021       mean=0.011474     sumsq=431.9210888        argmax=728
[dump]   top0 idx=728 val=1.90211
[dump]   top1 idx=1947 val=1.83250
[dump]   top2 idx=482 val=1.70812
[dump]   top3 idx=1741 val=1.69076
[dump]   top4 idx=951 val=1.60480
[dump] L35.qnorm  n=6144    finite=1 absmax=6.9472       mean=0.05111      sumsq=8864.651103        argmax=2613
[dump]   top0 idx=2613 val=6.94716
[dump]   top1 idx=2869 val=6.00924
[dump]   top2 idx=1845 val=5.75916
[dump]   top3 idx=1589 val=5.66896
[dump]   top4 idx=1050 val=5.62675
[dump] L35.knorm  n=512     finite=1 absmax=5.5075       mean=0.031432     sumsq=1231.017595        argmax=57
[dump] L35.vraw   n=512     finite=1 absmax=1.6363       mean=0.0042635    sumsq=153.9249813        argmax=128
[dump] L35.Q      n=6144    finite=1 absmax=6.9468       mean=0.056307     sumsq=8864.651121        argmax=2613
[dump]   top0 idx=2613 val=6.94685
[dump]   top1 idx=2869 val=6.00849
[dump]   top2 idx=1845 val=5.75866
[dump]   top3 idx=1589 val=5.66903
[dump]   top4 idx=1050 val=5.62667
[dump] L35.K      n=512     finite=1 absmax=5.5076       mean=0.032131     sumsq=1231.017598        argmax=57
[dump] L35.faout  n=6144    finite=1 absmax=5.0522       mean=0.0028846    sumsq=1057.928987        argmax=5701
[dump]   top0 idx=5701 val=5.05223
[dump]   top1 idx=249 val=5.04612
[dump]   top2 idx=2553 val=4.07921
[dump]   top3 idx=4165 val=3.91010
[dump]   top4 idx=2297 val=3.56727
[dump] L35.gate   n=6144    finite=1 absmax=3.6758       mean=-1.0614      sumsq=8512.195236        argmax=502
[dump]   top0 idx=502 val=0.68234
[dump]   top1 idx=5561 val=0.45519
[dump]   top2 idx=330 val=0.45090
[dump]   top3 idx=1268 val=0.42640
[dump]   top4 idx=289 val=0.40191
[dump] L35.gated  n=6144    finite=1 absmax=0.60175      mean=-0.0018968   sumsq=80.08286474        argmax=112
[dump]   top0 idx=112 val=0.60175
[dump]   top1 idx=2778 val=0.54428
[dump]   top2 idx=2126 val=0.53490
[dump]   top3 idx=361 val=0.53458
[dump]   top4 idx=1027 val=0.52224
[dump] L35.att    n=2560    finite=1 absmax=0.38318      mean=0.0023229    sumsq=10.39751935        argmax=1882
[dump]   top0 idx=1882 val=0.38318
[dump]   top1 idx=1080 val=0.29368
[dump]   top2 idx=475 val=0.25880
[dump]   top3 idx=1614 val=0.23767
[dump]   top4 idx=804 val=0.23516
[dump] L35.fmix   n=2560    finite=1 absmax=2.8798       mean=0.01365      sumsq=1754.806776        argmax=1346
[dump]   top0 idx=1346 val=2.61879
[dump]   top1 idx=1974 val=2.57072
[dump]   top2 idx=276 val=2.48496
[dump]   top3 idx=1593 val=2.46355
[dump]   top4 idx=582 val=2.38413
[dump] L35.mlogit n=512     finite=1 absmax=10.249       mean=-6.5937      sumsq=23016.37164        argmax=31
[dump] L35.mprob  n=512     finite=1 absmax=0.049964     mean=0.0019531    sumsq=0.0107382725       argmax=31
[dump] L35.mid    n=10      finite=1 absmax=0 mean=0 sumsq=0 ids: 31 372 173 472 454 434 192 342 3 377
[dump] L35.rlogit n=512     finite=1 absmax=10.249       mean=-6.5937      sumsq=23016.37164        argmax=31
[dump] L35.mwt    n=10      finite=1 absmax=0.18985      mean=0.1          sumsq=0.1118700539       argmax=0
[dump] L35.mgate  n=6400    finite=1 absmax=2.8236       mean=-0.28283     sumsq=2934.640841        argmax=248
[dump]   top0 idx=248 val=2.12907
[dump]   top1 idx=561 val=2.07527
[dump]   top2 idx=1211 val=1.90074
[dump]   top3 idx=4009 val=1.77540
[dump]   top4 idx=5283 val=1.77360
[dump] L35.mup    n=6400    finite=1 absmax=2.235        mean=0.0012687    sumsq=2303.310334        argmax=2067
[dump]   top0 idx=2067 val=2.18641
[dump]   top1 idx=781 val=2.01552
[dump]   top2 idx=5138 val=1.99535
[dump]   top3 idx=5315 val=1.98281
[dump]   top4 idx=2355 val=1.96904
[dump] L35.mgu    n=6400    finite=1 absmax=2.6344       mean=-0.002783    sumsq=199.8663042        argmax=2067
[dump]   top0 idx=2067 val=2.63437
[dump]   top1 idx=5283 val=2.37005
[dump]   top2 idx=2915 val=1.66561
[dump]   top3 idx=789 val=1.66422
[dump]   top4 idx=3426 val=1.56256
[dump] L35.mdown  n=25600   finite=1 absmax=0.28655      mean=0.00090784   sumsq=85.09315188        argmax=8698
[dump]   top0 idx=8698 val=0.24999
[dump]   top1 idx=21728 val=0.23214
[dump]   top2 idx=8223 val=0.22703
[dump]   top3 idx=10910 val=0.20915
[dump]   top4 idx=10588 val=0.20704
[dump] L35.msh    n=2560    finite=1 absmax=0.021769     mean=0.00010644   sumsq=0.02810084374      argmax=1882
[dump]   top0 idx=1882 val=0.02177
[dump]   top1 idx=36 val=0.01563
[dump]   top2 idx=1039 val=0.01486
[dump]   top3 idx=787 val=0.01291
[dump]   top4 idx=945 val=0.01248
[dump] L35.mout   n=2560    finite=1 absmax=0.0774       mean=0.00096501   sumsq=1.141707602        argmax=684
[dump]   top0 idx=684 val=0.07740
[dump]   top1 idx=907 val=0.06488
[dump]   top2 idx=1165 val=0.06396
[dump]   top3 idx=1063 val=0.06240
[dump]   top4 idx=525 val=0.06109
[dump] L35.moe    n=2560    finite=1 absmax=0.0774       mean=0.00096501   sumsq=1.141707602        argmax=684
[dump]   top0 idx=684 val=0.07740
[dump]   top1 idx=907 val=0.06488
[dump]   top2 idx=1165 val=0.06396
[dump]   top3 idx=1063 val=0.06240
[dump]   top4 idx=525 val=0.06109
[dump] L35.res    n=10240   finite=1 absmax=0.52244      mean=0.0023567    sumsq=66.84666103        argmax=9475
[dump]   top0 idx=9475 val=0.51903
[dump]   top1 idx=689 val=0.50323
[dump]   top2 idx=1882 val=0.47452
[dump]   top3 idx=5913 val=0.38861
[dump]   top4 idx=482 val=0.38572
[dump] L36.hcmix  n=2560    finite=1 absmax=2.686        mean=0.026797     sumsq=982.6489777        argmax=2238
[dump]   top0 idx=2238 val=2.68602
[dump]   top1 idx=793 val=2.45639
[dump]   top2 idx=1795 val=2.24795
[dump]   top3 idx=359 val=2.17477
[dump]   top4 idx=951 val=2.12598
[dump] L36.conv   n=10240   finite=1 absmax=1.9639       mean=-0.0013238   sumsq=68.66638245        argmax=1310
[dump]   top0 idx=1310 val=1.96389
[dump]   top1 idx=85 val=1.76148
[dump]   top2 idx=363 val=1.40745
[dump]   top3 idx=825 val=1.15830
[dump]   top4 idx=979 val=1.08055
[dump] L36.gnorm  n=6144    finite=1 absmax=1.1608       mean=0.0049671    sumsq=47.86064623        argmax=2109
[dump]   top0 idx=2109 val=1.16079
[dump]   top1 idx=5290 val=0.75765
[dump]   top2 idx=1805 val=0.56169
[dump]   top3 idx=1793 val=0.53076
[dump]   top4 idx=1811 val=0.52243
[dump] L36.lin    n=2560    finite=1 absmax=0.44617      mean=-0.00011635  sumsq=31.25930336        argmax=1882
[dump]   top0 idx=1882 val=0.43333
[dump]   top1 idx=689 val=0.41198
[dump]   top2 idx=462 val=0.41048
[dump]   top3 idx=1132 val=0.38085
[dump]   top4 idx=2374 val=0.37977
[dump] L36.att    n=2560    finite=1 absmax=0.44617      mean=-0.00011635  sumsq=31.25930336        argmax=1882
[dump]   top0 idx=1882 val=0.43333
[dump]   top1 idx=689 val=0.41198
[dump]   top2 idx=462 val=0.41048
[dump]   top3 idx=1132 val=0.38085
[dump]   top4 idx=2374 val=0.37977
[dump] L36.fmix   n=2560    finite=1 absmax=4.0721       mean=0.029579     sumsq=2932.515948        argmax=2006
[dump]   top0 idx=2006 val=3.58629
[dump]   top1 idx=276 val=3.41146
[dump]   top2 idx=320 val=3.30159
[dump]   top3 idx=2510 val=3.16852
[dump]   top4 idx=1801 val=3.09744
[dump] L36.mlogit n=512     finite=1 absmax=10.908       mean=-6.3754      sumsq=21498.20513        argmax=210
[dump] L36.mprob  n=512     finite=1 absmax=0.09666      mean=0.0019531    sumsq=0.01551414875      argmax=210
[dump] L36.mid    n=10      finite=1 absmax=0 mean=0 sumsq=0 ids: 210 55 15 485 265 76 296 248 457 387
[dump] L36.rlogit n=512     finite=1 absmax=10.908       mean=-6.3754      sumsq=21498.20513        argmax=210
[dump] L36.mwt    n=10      finite=1 absmax=0.37005      mean=0.1          sumsq=0.191503303        argmax=0
[dump] L36.mgate  n=6400    finite=1 absmax=4.3384       mean=-0.2989      sumsq=4677.241399        argmax=1902
[dump]   top0 idx=1902 val=2.71849
[dump]   top1 idx=2859 val=2.58379
[dump]   top2 idx=1665 val=2.57674
[dump]   top3 idx=1220 val=2.55930
[dump]   top4 idx=5269 val=2.41156
[dump] L36.mup    n=6400    finite=1 absmax=3.3978       mean=0.011117     sumsq=4102.051425        argmax=3035
[dump]   top0 idx=3035 val=3.39782
[dump]   top1 idx=6188 val=3.25354
[dump]   top2 idx=6124 val=3.13232
[dump]   top3 idx=6010 val=2.77235
[dump]   top4 idx=6287 val=2.73410
[dump] L36.mgu    n=6400    finite=1 absmax=3.863        mean=-0.0023314   sumsq=575.7110395        argmax=1364
[dump]   top0 idx=1364 val=3.36570
[dump]   top1 idx=3950 val=2.93269
[dump]   top2 idx=4676 val=2.35697
[dump]   top3 idx=1665 val=2.23474
[dump]   top4 idx=5554 val=2.22011
[dump] L36.mdown  n=25600   finite=1 absmax=0.52695      mean=-0.00047452  sumsq=249.0938458        argmax=7030
[dump]   top0 idx=7030 val=0.52695
[dump]   top1 idx=7597 val=0.50290
[dump]   top2 idx=7300 val=0.50130
[dump]   top3 idx=6794 val=0.47023
[dump]   top4 idx=7392 val=0.46915
[dump] L36.msh    n=2560    finite=1 absmax=0.10428      mean=0.0001781    sumsq=0.2128738721       argmax=1827
[dump]   top0 idx=1827 val=0.05976
[dump]   top1 idx=1795 val=0.04790
[dump]   top2 idx=1603 val=0.04543
[dump]   top3 idx=1132 val=0.04036
[dump]   top4 idx=1653 val=0.03848
[dump] L36.mout   n=2560    finite=1 absmax=0.16057      mean=7.3622e-05   sumsq=5.039607163        argmax=1161
[dump]   top0 idx=1161 val=0.16057
[dump]   top1 idx=2477 val=0.14282
[dump]   top2 idx=1132 val=0.13579
[dump]   top3 idx=477 val=0.12634
[dump]   top4 idx=1815 val=0.12608
[dump] L36.moe    n=2560    finite=1 absmax=0.16057      mean=7.3622e-05   sumsq=5.039607163        argmax=1161
[dump]   top0 idx=1161 val=0.16057
[dump]   top1 idx=2477 val=0.14282
[dump]   top2 idx=1132 val=0.13579
[dump]   top3 idx=477 val=0.12634
[dump]   top4 idx=1815 val=0.12608
[dump] L36.res    n=10240   finite=1 absmax=0.93214      mean=0.0023931    sumsq=137.1253573        argmax=689
[dump]   top0 idx=689 val=0.93214
[dump]   top1 idx=2374 val=0.65710
[dump]   top2 idx=1603 val=0.65167
[dump]   top3 idx=1132 val=0.65043
[dump]   top4 idx=462 val=0.63697
[dump] L37.hcmix  n=2560    finite=1 absmax=5.9627       mean=0.02409      sumsq=995.2128994        argmax=1795
[dump]   top0 idx=1795 val=2.80496
[dump]   top1 idx=1827 val=2.69617
[dump]   top2 idx=359 val=2.22103
[dump]   top3 idx=1346 val=2.16506
[dump]   top4 idx=2045 val=2.09288
[dump] L37.conv   n=10240   finite=1 absmax=1.7717       mean=0.0029174    sumsq=89.87253966        argmax=1844
[dump]   top0 idx=1844 val=1.77167
[dump]   top1 idx=1589 val=1.74742
[dump]   top2 idx=2057 val=1.70739
[dump]   top3 idx=3605 val=1.52588
[dump]   top4 idx=4638 val=1.48343
[dump] L37.gnorm  n=6144    finite=1 absmax=0.24827      mean=-0.00024429  sumsq=6.802661402        argmax=5849
[dump]   top0 idx=5849 val=0.24827
[dump]   top1 idx=5824 val=0.24120
[dump]   top2 idx=5811 val=0.23708
[dump]   top3 idx=3426 val=0.21869
[dump]   top4 idx=5787 val=0.21538
[dump] L37.lin    n=2560    finite=1 absmax=0.2643       mean=0.00026412   sumsq=3.757209532        argmax=1882
[dump]   top0 idx=1882 val=0.26430
[dump]   top1 idx=2348 val=0.23139
[dump]   top2 idx=1134 val=0.22430
[dump]   top3 idx=882 val=0.17236
[dump]   top4 idx=892 val=0.13561
[dump] L37.att    n=2560    finite=1 absmax=0.2643       mean=0.00026412   sumsq=3.757209532        argmax=1882
[dump]   top0 idx=1882 val=0.26430
[dump]   top1 idx=2348 val=0.23139
[dump]   top2 idx=1134 val=0.22430
[dump]   top3 idx=882 val=0.17236
[dump]   top4 idx=892 val=0.13561
[dump] L37.fmix   n=2560    finite=1 absmax=3.4953       mean=0.031889     sumsq=2485.910452        argmax=1346
[dump]   top0 idx=1346 val=3.16183
[dump]   top1 idx=2510 val=2.82343
[dump]   top2 idx=371 val=2.81636
[dump]   top3 idx=2335 val=2.75564
[dump]   top4 idx=1503 val=2.73314
[dump] L37.mlogit n=512     finite=1 absmax=10.082       mean=-6.2436      sumsq=20614.77876        argmax=255
[dump] L37.mprob  n=512     finite=1 absmax=0.041025     mean=0.0019531    sumsq=0.008897907403     argmax=255
[dump] L37.mid    n=10      finite=1 absmax=0 mean=0 sumsq=0 ids: 255 131 100 418 469 150 394 215 33 379
[dump] L37.rlogit n=512     finite=1 absmax=10.082       mean=-6.2436      sumsq=20614.77876        argmax=255
[dump] L37.mwt    n=10      finite=1 absmax=0.18049      mean=0.1          sumsq=0.1146530986       argmax=0
[dump] L37.mgate  n=6400    finite=1 absmax=3.3124       mean=-0.45149     sumsq=4626.72641         argmax=1765
[dump]   top0 idx=1765 val=2.12695
[dump]   top1 idx=4059 val=2.07598
[dump]   top2 idx=1704 val=2.05625
[dump]   top3 idx=4983 val=1.99036
[dump]   top4 idx=193 val=1.88480
[dump] L37.mup    n=6400    finite=1 absmax=3.0595       mean=0.0035401    sumsq=3174.056377        argmax=3373
[dump]   top0 idx=3373 val=2.70342
[dump]   top1 idx=5398 val=2.60975
[dump]   top2 idx=2668 val=2.52216
[dump]   top3 idx=1206 val=2.51204
[dump]   top4 idx=747 val=2.27297
[dump] L37.mgu    n=6400    finite=1 absmax=3.6969       mean=0.0027113    sumsq=279.9440285        argmax=4216
[dump]   top0 idx=4216 val=2.66934
[dump]   top1 idx=288 val=2.02933
[dump]   top2 idx=4462 val=1.96470
[dump]   top3 idx=2288 val=1.70866
[dump]   top4 idx=3198 val=1.68744
[dump] L37.mdown  n=25600   finite=1 absmax=0.453        mean=-0.0004624   sumsq=123.6381337        argmax=15882
[dump]   top0 idx=15882 val=0.39709
[dump]   top1 idx=16471 val=0.37915
[dump]   top2 idx=15869 val=0.37703
[dump]   top3 idx=15861 val=0.35525
[dump]   top4 idx=15509 val=0.33358
[dump] L37.msh    n=2560    finite=1 absmax=0.028239     mean=8.6274e-05   sumsq=0.04677609032      argmax=1882
[dump]   top0 idx=1882 val=0.02824
[dump]   top1 idx=579 val=0.02368
[dump]   top2 idx=861 val=0.01798
[dump]   top3 idx=1318 val=0.01782
[dump]   top4 idx=2450 val=0.01664
[dump] L37.mout   n=2560    finite=1 absmax=0.098        mean=-0.00026789  sumsq=1.526027916        argmax=1111
[dump]   top0 idx=1111 val=0.09800
[dump]   top1 idx=712 val=0.08216
[dump]   top2 idx=1640 val=0.07427
[dump]   top3 idx=2041 val=0.07255
[dump]   top4 idx=2536 val=0.07130
[dump] L37.moe    n=2560    finite=1 absmax=0.098        mean=-0.00026789  sumsq=1.526027916        argmax=1111
[dump]   top0 idx=1111 val=0.09800
[dump]   top1 idx=712 val=0.08216
[dump]   top2 idx=1640 val=0.07427
[dump]   top3 idx=2041 val=0.07255
[dump]   top4 idx=2536 val=0.07130
[dump] L37.res    n=10240   finite=1 absmax=0.97492      mean=0.0021681    sumsq=149.254526         argmax=689
[dump]   top0 idx=689 val=0.97492
[dump]   top1 idx=1580 val=0.65035
[dump]   top2 idx=1603 val=0.64942
[dump]   top3 idx=482 val=0.64459
[dump]   top4 idx=1039 val=0.63149
[dump] L38.hcmix  n=2560    finite=1 absmax=5.7144       mean=0.029298     sumsq=955.7641709        argmax=793
[dump]   top0 idx=793 val=5.71436
[dump]   top1 idx=1500 val=4.53927
[dump]   top2 idx=1039 val=2.58429
[dump]   top3 idx=1741 val=2.56040
[dump]   top4 idx=689 val=2.52714
[dump] L38.conv   n=10240   finite=1 absmax=1.9064       mean=-0.0046768   sumsq=67.97347232        argmax=7024
[dump]   top0 idx=7024 val=1.90639
[dump]   top1 idx=8983 val=1.52352
[dump]   top2 idx=4948 val=1.39337
[dump]   top3 idx=6579 val=1.38884
[dump]   top4 idx=7001 val=1.38743
[dump] L38.gnorm  n=6144    finite=1 absmax=1.8237       mean=-0.00049547  sumsq=14.11422496        argmax=5707
[dump]   top0 idx=5707 val=1.82374
[dump]   top1 idx=3721 val=0.82407
[dump]   top2 idx=3803 val=0.53228
[dump]   top3 idx=4656 val=0.36989
[dump]   top4 idx=3349 val=0.31326
[dump] L38.lin    n=2560    finite=1 absmax=1.6845       mean=0.00052253   sumsq=13.62171966        argmax=793
[dump]   top0 idx=793 val=1.68451
[dump]   top1 idx=1500 val=1.15870
[dump]   top2 idx=308 val=0.31739
[dump]   top3 idx=1531 val=0.27371
[dump]   top4 idx=1879 val=0.23175
[dump] L38.att    n=2560    finite=1 absmax=1.6845       mean=0.00052253   sumsq=13.62171966        argmax=793
[dump]   top0 idx=793 val=1.68451
[dump]   top1 idx=1500 val=1.15870
[dump]   top2 idx=308 val=0.31739
[dump]   top3 idx=1531 val=0.27371
[dump]   top4 idx=1879 val=0.23175
[dump] L38.fmix   n=2560    finite=1 absmax=4.5358       mean=0.019862     sumsq=2723.797495        argmax=1503
[dump]   top0 idx=1503 val=3.45465
[dump]   top1 idx=2510 val=3.26595
[dump]   top2 idx=2511 val=3.25273
[dump]   top3 idx=2045 val=3.12960
[dump]   top4 idx=1131 val=3.05759
[dump] L38.mlogit n=512     finite=1 absmax=8.8442       mean=-6.3925      sumsq=21590.82961        argmax=223
[dump] L38.mprob  n=512     finite=1 absmax=0.063109     mean=0.0019531    sumsq=0.01191739322      argmax=223
[dump] L38.mid    n=10      finite=1 absmax=0 mean=0 sumsq=0 ids: 223 287 41 345 293 205 18 81 446 195
[dump] L38.rlogit n=512     finite=1 absmax=8.8442       mean=-6.3925      sumsq=21590.82961        argmax=223
[dump] L38.mwt    n=10      finite=1 absmax=0.23437      mean=0.1          sumsq=0.1245207715       argmax=0
[dump] L38.mgate  n=6400    finite=1 absmax=3.4539       mean=-0.30269     sumsq=4624.654306        argmax=2747
[dump]   top0 idx=2747 val=2.61522
[dump]   top1 idx=4717 val=2.51512
[dump]   top2 idx=4892 val=2.50553
[dump]   top3 idx=1644 val=2.50273
[dump]   top4 idx=516 val=2.43959
[dump] L38.mup    n=6400    finite=1 absmax=4.5392       mean=0.0062974    sumsq=4251.951346        argmax=2747
[dump]   top0 idx=2747 val=4.53917
[dump]   top1 idx=3980 val=3.04808
[dump]   top2 idx=523 val=2.86102
[dump]   top3 idx=3206 val=2.82925
[dump]   top4 idx=2921 val=2.79724
[dump] L38.mgu    n=6400    finite=1 absmax=11.062       mean=0.0036891    sumsq=628.1597898        argmax=2747
[dump]   top0 idx=2747 val=11.06175
[dump]   top1 idx=1303 val=3.41287
[dump]   top2 idx=5063 val=2.79952
[dump]   top3 idx=4892 val=2.66595
[dump]   top4 idx=2726 val=2.38687
[dump] L38.mdown  n=25600   finite=1 absmax=0.76705      mean=0.00051765   sumsq=300.3661503        argmax=12723
[dump]   top0 idx=12723 val=0.76705
[dump]   top1 idx=11131 val=0.65863
[dump]   top2 idx=12388 val=0.63256
[dump]   top3 idx=11260 val=0.59446
[dump]   top4 idx=10808 val=0.59259
[dump] L38.msh    n=2560    finite=1 absmax=0.044884     mean=4.4463e-05   sumsq=0.1388043419       argmax=1882
[dump]   top0 idx=1882 val=0.04488
[dump]   top1 idx=2039 val=0.03573
[dump]   top2 idx=687 val=0.03200
[dump]   top3 idx=1234 val=0.02987
[dump]   top4 idx=2453 val=0.02788
[dump] L38.mout   n=2560    finite=1 absmax=0.17527      mean=0.00053329   sumsq=4.504231239        argmax=2064
[dump]   top0 idx=2064 val=0.17527
[dump]   top1 idx=2483 val=0.16619
[dump]   top2 idx=1456 val=0.14402
[dump]   top3 idx=2207 val=0.13072
[dump]   top4 idx=1309 val=0.12725
[dump] L38.moe    n=2560    finite=1 absmax=0.17527      mean=0.00053329   sumsq=4.504231239        argmax=2064
[dump]   top0 idx=2064 val=0.17527
[dump]   top1 idx=2483 val=0.16619
[dump]   top2 idx=1456 val=0.14402
[dump]   top3 idx=2207 val=0.13072
[dump]   top4 idx=1309 val=0.12725
[dump] L38.res    n=10240   finite=1 absmax=1.2963       mean=0.0027266    sumsq=185.5305398        argmax=5913
[dump]   top0 idx=5913 val=1.29627
[dump]   top1 idx=689 val=0.97384
[dump]   top2 idx=6620 val=0.91104
[dump]   top3 idx=1603 val=0.64955
[dump]   top4 idx=1580 val=0.64877
[dump] L39.hcmix  n=2560    finite=1 absmax=12.244       mean=0.0077067    sumsq=226.7622471        argmax=793
[dump]   top0 idx=793 val=12.24360
[dump]   top1 idx=1500 val=8.15421
[dump]   top2 idx=1039 val=0.58071
[dump]   top3 idx=951 val=0.57054
[dump]   top4 idx=2121 val=0.51238
[dump] L39.cur    n=2560    finite=1 absmax=12.244       mean=0.0077067    sumsq=226.7622471        argmax=793
[dump]   top0 idx=793 val=12.24360
[dump]   top1 idx=1500 val=8.15421
[dump]   top2 idx=1039 val=0.58071
[dump]   top3 idx=951 val=0.57054
[dump]   top4 idx=2121 val=0.51238
[dump] L39.qnorm  n=6144    finite=1 absmax=5.8994       mean=0.004265     sumsq=9277.488007        argmax=2616
[dump]   top0 idx=2616 val=5.33949
[dump]   top1 idx=538 val=5.13268
[dump]   top2 idx=2066 val=5.04445
[dump]   top3 idx=4886 val=5.02367
[dump]   top4 idx=1050 val=4.86022
[dump] L39.knorm  n=512     finite=1 absmax=9.2244       mean=0.065327     sumsq=1335.329957        argmax=225
[dump] L39.vraw   n=512     finite=1 absmax=13.931       mean=-0.02775     sumsq=414.8738117        argmax=27
[dump] L39.Q      n=6144    finite=1 absmax=5.8994       mean=0.0044437    sumsq=9277.488026        argmax=2616
[dump]   top0 idx=2616 val=5.33968
[dump]   top1 idx=538 val=5.13260
[dump]   top2 idx=2066 val=5.04507
[dump]   top3 idx=4886 val=5.02422
[dump]   top4 idx=1050 val=4.86016
[dump] L39.K      n=512     finite=1 absmax=9.2244       mean=0.06611      sumsq=1335.329956        argmax=225
[dump] L39.faout  n=6144    finite=1 absmax=8.9216       mean=-0.018354    sumsq=2509.531144        argmax=2587
[dump]   top0 idx=2587 val=2.76746
[dump]   top1 idx=2843 val=2.75585
[dump]   top2 idx=795 val=2.74344
[dump]   top3 idx=1819 val=2.66045
[dump]   top4 idx=2075 val=2.61158
[dump] L39.gate   n=6144    finite=1 absmax=3.0881       mean=-0.48119     sumsq=2111.229083        argmax=1933
[dump]   top0 idx=1933 val=0.47123
[dump]   top1 idx=525 val=0.45020
[dump]   top2 idx=520 val=0.42752
[dump]   top3 idx=526 val=0.42653
[dump]   top4 idx=754 val=0.40783
[dump] L39.gated  n=6144    finite=1 absmax=0.95736      mean=-0.0043639   sumsq=330.7963366        argmax=5428
[dump]   top0 idx=5428 val=0.91847
[dump]   top1 idx=3124 val=0.90735
[dump]   top2 idx=3636 val=0.89816
[dump]   top3 idx=3892 val=0.89542
[dump]   top4 idx=4604 val=0.85894
[dump] L39.att    n=2560    finite=1 absmax=0.63726      mean=0.0012062    sumsq=15.04923962        argmax=2307
[dump]   top0 idx=2307 val=0.63726
[dump]   top1 idx=1039 val=0.60353
[dump]   top2 idx=892 val=0.45200
[dump]   top3 idx=1717 val=0.44948
[dump]   top4 idx=105 val=0.41812
[dump] L39.fmix   n=2560    finite=1 absmax=3.9252       mean=0.019777     sumsq=2721.473778        argmax=638
[dump]   top0 idx=638 val=3.69568
[dump]   top1 idx=462 val=3.29000
[dump]   top2 idx=376 val=3.21581
[dump]   top3 idx=969 val=3.19480
[dump]   top4 idx=2215 val=3.15061
[dump] L39.mlogit n=512     finite=1 absmax=8.4532       mean=-5.938       sumsq=18309.60876        argmax=356
[dump] L39.mprob  n=512     finite=1 absmax=0.22988      mean=0.0019531    sumsq=0.05490064916      argmax=356
[dump] L39.mid    n=10      finite=1 absmax=0 mean=0 sumsq=0 ids: 356 480 128 285 496 336 477 323 260 82
[dump] L39.rlogit n=512     finite=1 absmax=8.4532       mean=-5.938       sumsq=18309.60876        argmax=356
[dump] L39.mwt    n=10      finite=1 absmax=0.75055      mean=0.1          sumsq=0.5706307408       argmax=0
[dump] L39.mgate  n=6400    finite=1 absmax=3.2436       mean=-0.28907     sumsq=3960.149901        argmax=5800
[dump]   top0 idx=5800 val=2.57924
[dump]   top1 idx=4866 val=2.32900
[dump]   top2 idx=5367 val=2.27878
[dump]   top3 idx=5687 val=2.22187
[dump]   top4 idx=62 val=2.19372
[dump] L39.mup    n=6400    finite=1 absmax=3.2079       mean=0.015708     sumsq=3632.040697        argmax=1150
[dump]   top0 idx=1150 val=3.20786
[dump]   top1 idx=262 val=2.93613
[dump]   top2 idx=905 val=2.58165
[dump]   top3 idx=643 val=2.47077
[dump]   top4 idx=130 val=2.45842
[dump] L39.mgu    n=6400    finite=1 absmax=3.7024       mean=-9.6783e-05  sumsq=382.5986781        argmax=3102
[dump]   top0 idx=3102 val=3.61661
[dump]   top1 idx=1914 val=2.52467
[dump]   top2 idx=5304 val=1.97569
[dump]   top3 idx=6013 val=1.96976
[dump]   top4 idx=315 val=1.84461
[dump] L39.mdown  n=25600   finite=1 absmax=0.38592      mean=0.00030296   sumsq=161.0885875        argmax=6564
[dump]   top0 idx=6564 val=0.32778
[dump]   top1 idx=2230 val=0.32604
[dump]   top2 idx=22119 val=0.32075
[dump]   top3 idx=7233 val=0.31912
[dump]   top4 idx=2355 val=0.31010
[dump] L39.msh    n=2560    finite=1 absmax=0.073493     mean=-0.00018441  sumsq=0.2503754085       argmax=1429
[dump]   top0 idx=1429 val=0.04938
[dump]   top1 idx=2028 val=0.04255
[dump]   top2 idx=1100 val=0.04100
[dump]   top3 idx=1388 val=0.03681
[dump]   top4 idx=1736 val=0.03601
[dump] L39.mout   n=2560    finite=1 absmax=0.23188      mean=0.00071757   sumsq=10.40457942        argmax=2230
[dump]   top0 idx=2230 val=0.23188
[dump]   top1 idx=2355 val=0.23120
[dump]   top2 idx=566 val=0.22632
[dump]   top3 idx=2094 val=0.22427
[dump]   top4 idx=1502 val=0.20568
[dump] L39.moe    n=2560    finite=1 absmax=0.23188      mean=0.00071757   sumsq=10.40457942        argmax=2230
[dump]   top0 idx=2230 val=0.23188
[dump]   top1 idx=2355 val=0.23120
[dump]   top2 idx=566 val=0.22632
[dump]   top3 idx=2094 val=0.22427
[dump]   top4 idx=1502 val=0.20568
[dump] L39.res    n=10240   finite=1 absmax=1.2877       mean=0.0034467    sumsq=239.610992         argmax=5913
[dump]   top0 idx=5913 val=1.28766
[dump]   top1 idx=1039 val=1.25894
[dump]   top2 idx=689 val=0.91243
[dump]   top3 idx=6620 val=0.90142
[dump]   top4 idx=2307 val=0.85609
[dump] L40.hcmix  n=2560    finite=1 absmax=4.6081       mean=0.034494     sumsq=2155.667343        argmax=2048
[dump]   top0 idx=2048 val=3.15227
[dump]   top1 idx=2511 val=2.95690
[dump]   top2 idx=2148 val=2.92645
[dump]   top3 idx=319 val=2.92614
[dump]   top4 idx=969 val=2.83368
[dump] L40.conv   n=10240   finite=1 absmax=5.6569       mean=-0.011       sumsq=268.5211828        argmax=9811
[dump]   top0 idx=9811 val=5.65693
[dump]   top1 idx=6519 val=3.56656
[dump]   top2 idx=8497 val=3.35698
[dump]   top3 idx=4444 val=3.06752
[dump]   top4 idx=7684 val=2.94095
[dump] L40.gnorm  n=6144    finite=1 absmax=1.4264       mean=-0.0046625   sumsq=27.3467668         argmax=1964
[dump]   top0 idx=1964 val=0.99577
[dump]   top1 idx=3352 val=0.50891
[dump]   top2 idx=3486 val=0.49194
[dump]   top3 idx=4883 val=0.48426
[dump]   top4 idx=870 val=0.46743
[dump] L40.lin    n=2560    finite=1 absmax=0.43677      mean=0.0027362    sumsq=18.20700318        argmax=1818
[dump]   top0 idx=1818 val=0.39271
[dump]   top1 idx=1461 val=0.34521
[dump]   top2 idx=138 val=0.30966
[dump]   top3 idx=2018 val=0.28639
[dump]   top4 idx=2189 val=0.28566
[dump] L40.att    n=2560    finite=1 absmax=0.43677      mean=0.0027362    sumsq=18.20700318        argmax=1818
[dump]   top0 idx=1818 val=0.39271
[dump]   top1 idx=1461 val=0.34521
[dump]   top2 idx=138 val=0.30966
[dump]   top3 idx=2018 val=0.28639
[dump]   top4 idx=2189 val=0.28566
[dump] L40.fmix   n=2560    finite=1 absmax=4.325        mean=0.030535     sumsq=2913.833656        argmax=1039
[dump]   top0 idx=1039 val=4.32499
[dump]   top1 idx=1502 val=3.98519
[dump]   top2 idx=2238 val=3.54829
[dump]   top3 idx=1756 val=3.48433
[dump]   top4 idx=1461 val=3.38053
[dump] L40.mlogit n=512     finite=1 absmax=8.1417       mean=-5.7684      sumsq=17298.21322        argmax=280
[dump] L40.mprob  n=512     finite=1 absmax=0.050381     mean=0.0019531    sumsq=0.006074721527     argmax=280
[dump] L40.mid    n=10      finite=1 absmax=0 mean=0 sumsq=0 ids: 280 172 309 91 36 87 138 295 178 354
[dump] L40.rlogit n=512     finite=1 absmax=8.1417       mean=-5.7684      sumsq=17298.21322        argmax=280
[dump] L40.mwt    n=10      finite=1 absmax=0.31749      mean=0.1          sumsq=0.1577411704       argmax=0
[dump] L40.mgate  n=6400    finite=1 absmax=3.3117       mean=-0.38787     sumsq=4468.623875        argmax=591
[dump]   top0 idx=591 val=2.70697
[dump]   top1 idx=6207 val=2.37113
[dump]   top2 idx=6378 val=2.35726
[dump]   top3 idx=6335 val=2.17096
[dump]   top4 idx=2185 val=2.13938
[dump] L40.mup    n=6400    finite=1 absmax=2.498        mean=-0.0034743   sumsq=3451.937692        argmax=1027
[dump]   top0 idx=1027 val=2.40662
[dump]   top1 idx=5189 val=2.36249
[dump]   top2 idx=4114 val=2.34907
[dump]   top3 idx=1712 val=2.30665
[dump]   top4 idx=2401 val=2.29575
[dump] L40.mgu    n=6400    finite=1 absmax=4.5791       mean=-0.0021979   sumsq=361.4939721        argmax=591
[dump]   top0 idx=591 val=4.57911
[dump]   top1 idx=3747 val=2.24650
[dump]   top2 idx=1858 val=1.99063
[dump]   top3 idx=243 val=1.73089
[dump]   top4 idx=5327 val=1.67543
[dump] L40.mdown  n=25600   finite=1 absmax=0.40619      mean=0.0011466    sumsq=156.9354062        argmax=1440
[dump]   top0 idx=1440 val=0.40619
[dump]   top1 idx=613 val=0.40034
[dump]   top2 idx=2528 val=0.36856
[dump]   top3 idx=1969 val=0.36466
[dump]   top4 idx=1408 val=0.33297
[dump] L40.msh    n=2560    finite=1 absmax=0.059966     mean=-2.4962e-05  sumsq=0.2086232444       argmax=1531
[dump]   top0 idx=1531 val=0.05546
[dump]   top1 idx=1159 val=0.04934
[dump]   top2 idx=2337 val=0.04410
[dump]   top3 idx=2450 val=0.04317
[dump]   top4 idx=86 val=0.04094
[dump] L40.mout   n=2560    finite=1 absmax=0.17445      mean=0.00087571   sumsq=4.298133466        argmax=1005
[dump]   top0 idx=1005 val=0.17445
[dump]   top1 idx=613 val=0.15299
[dump]   top2 idx=1408 val=0.13818
[dump]   top3 idx=2013 val=0.13770
[dump]   top4 idx=995 val=0.12913
[dump] L40.moe    n=2560    finite=1 absmax=0.17445      mean=0.00087571   sumsq=4.298133466        argmax=1005
[dump]   top0 idx=1005 val=0.17445
[dump]   top1 idx=613 val=0.15299
[dump]   top2 idx=1408 val=0.13818
[dump]   top3 idx=2013 val=0.13770
[dump]   top4 idx=995 val=0.12913
[dump] L40.res    n=10240   finite=1 absmax=1.2833       mean=0.0049495    sumsq=288.3388869        argmax=5913
[dump]   top0 idx=5913 val=1.28334
[dump]   top1 idx=1039 val=1.17292
[dump]   top2 idx=689 val=1.04426
[dump]   top3 idx=2307 val=0.95729
[dump]   top4 idx=6620 val=0.89884
[dump] L41.hcmix  n=2560    finite=1 absmax=4.3495       mean=0.031593     sumsq=1563.990524        argmax=138
[dump]   top0 idx=138 val=2.55691
[dump]   top1 idx=1039 val=2.55600
[dump]   top2 idx=882 val=2.50686
[dump]   top3 idx=263 val=2.48286
[dump]   top4 idx=319 val=2.46542
[dump] L41.conv   n=10240   finite=1 absmax=2.349        mean=-0.0045094   sumsq=77.39217672        argmax=6250
[dump]   top0 idx=6250 val=2.34903
[dump]   top1 idx=6163 val=2.20098
[dump]   top2 idx=6269 val=1.14732
[dump]   top3 idx=463 val=1.09449
[dump]   top4 idx=8801 val=1.01583
[dump] L41.gnorm  n=6144    finite=1 absmax=1.0118       mean=-0.00092563  sumsq=18.73331778        argmax=3721
[dump]   top0 idx=3721 val=0.72131
[dump]   top1 idx=6035 val=0.53417
[dump]   top2 idx=2900 val=0.49516
[dump]   top3 idx=3867 val=0.36300
[dump]   top4 idx=1894 val=0.35848
[dump] L41.lin    n=2560    finite=1 absmax=0.3242       mean=-0.00021261  sumsq=10.32680976        argmax=2180
[dump]   top0 idx=2180 val=0.32420
[dump]   top1 idx=1882 val=0.26318
[dump]   top2 idx=2406 val=0.20673
[dump]   top3 idx=717 val=0.20621
[dump]   top4 idx=2137 val=0.20380
[dump] L41.att    n=2560    finite=1 absmax=0.3242       mean=-0.00021261  sumsq=10.32680976        argmax=2180
[dump]   top0 idx=2180 val=0.32420
[dump]   top1 idx=1882 val=0.26318
[dump]   top2 idx=2406 val=0.20673
[dump]   top3 idx=717 val=0.20621
[dump]   top4 idx=2137 val=0.20380
[dump] L41.fmix   n=2560    finite=1 absmax=4.1031       mean=0.042241     sumsq=3474.28827         argmax=1949
[dump]   top0 idx=1949 val=3.59678
[dump]   top1 idx=263 val=3.57396
[dump]   top2 idx=954 val=3.47163
[dump]   top3 idx=1502 val=3.44238
[dump]   top4 idx=2215 val=3.36995
[dump] L41.mlogit n=512     finite=1 absmax=9.069        mean=-6.0815      sumsq=19285.78483        argmax=240
[dump] L41.mprob  n=512     finite=1 absmax=0.044454     mean=0.0019531    sumsq=0.006544759381     argmax=240
[dump] L41.mid    n=10      finite=1 absmax=0 mean=0 sumsq=0 ids: 240 59 42 445 348 226 55 198 443 20
[dump] L41.rlogit n=512     finite=1 absmax=9.069        mean=-6.0815      sumsq=19285.78483        argmax=240
[dump] L41.mwt    n=10      finite=1 absmax=0.25173      mean=0.1          sumsq=0.1332666563       argmax=0
[dump] L41.mgate  n=6400    finite=1 absmax=3.3519       mean=-0.48549     sumsq=5649.597667        argmax=1293
[dump]   top0 idx=1293 val=3.04084
[dump]   top1 idx=1378 val=2.30965
[dump]   top2 idx=5373 val=2.26820
[dump]   top3 idx=3201 val=2.23703
[dump]   top4 idx=2 val=2.22142
[dump] L41.mup    n=6400    finite=1 absmax=3.2723       mean=0.0018558    sumsq=4087.557738        argmax=1015
[dump]   top0 idx=1015 val=3.00951
[dump]   top1 idx=1017 val=2.88037
[dump]   top2 idx=3921 val=2.82776
[dump]   top3 idx=2046 val=2.53132
[dump]   top4 idx=4106 val=2.47116
[dump] L41.mgu    n=6400    finite=1 absmax=3.1535       mean=-0.00069543  sumsq=407.1805249        argmax=1378
[dump]   top0 idx=1378 val=3.15347
[dump]   top1 idx=2756 val=2.14665
[dump]   top2 idx=224 val=2.04660
[dump]   top3 idx=3364 val=2.02478
[dump]   top4 idx=5492 val=2.02304
[dump] L41.mdown  n=25600   finite=1 absmax=0.39299      mean=-0.00085638  sumsq=177.7063891        argmax=23034
[dump]   top0 idx=23034 val=0.39299
[dump]   top1 idx=13516 val=0.34172
[dump]   top2 idx=380 val=0.33402
[dump]   top3 idx=9644 val=0.32358
[dump]   top4 idx=12995 val=0.30962
[dump] L41.msh    n=2560    finite=1 absmax=0.064164     mean=-0.00022042  sumsq=0.1553201267       argmax=1531
[dump]   top0 idx=1531 val=0.03988
[dump]   top1 idx=2171 val=0.03706
[dump]   top2 idx=1882 val=0.03375
[dump]   top3 idx=2120 val=0.03181
[dump]   top4 idx=944 val=0.03026
[dump] L41.mout   n=2560    finite=1 absmax=0.1062       mean=-0.0011649   sumsq=2.424500803        argmax=1266
[dump]   top0 idx=1266 val=0.10620
[dump]   top1 idx=449 val=0.10475
[dump]   top2 idx=28 val=0.09455
[dump]   top3 idx=2512 val=0.09303
[dump]   top4 idx=1500 val=0.09222
[dump] L41.moe    n=2560    finite=1 absmax=0.1062       mean=-0.0011649   sumsq=2.424500803        argmax=1266
[dump]   top0 idx=1266 val=0.10620
[dump]   top1 idx=449 val=0.10475
[dump]   top2 idx=28 val=0.09455
[dump]   top3 idx=2512 val=0.09303
[dump]   top4 idx=1500 val=0.09222
[dump] L41.res    n=10240   finite=1 absmax=1.2815       mean=0.003559     sumsq=313.7258395        argmax=5913
[dump]   top0 idx=5913 val=1.28148
[dump]   top1 idx=1039 val=1.18238
[dump]   top2 idx=2307 val=1.00502
[dump]   top3 idx=689 val=1.00227
[dump]   top4 idx=6620 val=0.91198
[dump] L42.hcmix  n=2560    finite=1 absmax=8.3593       mean=0.028943     sumsq=1591.645524        argmax=1500
[dump]   top0 idx=1500 val=8.35930
[dump]   top1 idx=263 val=2.75429
[dump]   top2 idx=882 val=2.71425
[dump]   top3 idx=472 val=2.46682
[dump]   top4 idx=2015 val=2.45662
[dump] L42.conv   n=10240   finite=1 absmax=2.3117       mean=-0.0028167   sumsq=57.39870173        argmax=4799
[dump]   top0 idx=4799 val=2.31169
[dump]   top1 idx=6860 val=1.77415
[dump]   top2 idx=1370 val=1.44436
[dump]   top3 idx=413 val=1.31518
[dump]   top4 idx=4367 val=1.07573
[dump] L42.gnorm  n=6144    finite=1 absmax=0.55325      mean=0.00023143   sumsq=7.633354778        argmax=5302
[dump]   top0 idx=5302 val=0.55325
[dump]   top1 idx=5339 val=0.33127
[dump]   top2 idx=5745 val=0.32321
[dump]   top3 idx=3219 val=0.30320
[dump]   top4 idx=322 val=0.28507
[dump] L42.lin    n=2560    finite=1 absmax=0.42089      mean=-0.002009    sumsq=5.406634764        argmax=1039
[dump]   top0 idx=1039 val=0.42089
[dump]   top1 idx=36 val=0.20240
[dump]   top2 idx=2400 val=0.16649
[dump]   top3 idx=1134 val=0.16377
[dump]   top4 idx=687 val=0.15941
[dump] L42.att    n=2560    finite=1 absmax=0.42089      mean=-0.002009    sumsq=5.406634764        argmax=1039
[dump]   top0 idx=1039 val=0.42089
[dump]   top1 idx=36 val=0.20240
[dump]   top2 idx=2400 val=0.16649
[dump]   top3 idx=1134 val=0.16377
[dump]   top4 idx=687 val=0.15941
[dump] L42.fmix   n=2560    finite=1 absmax=6.083        mean=0.014602     sumsq=3661.433087        argmax=263
[dump]   top0 idx=263 val=4.21932
[dump]   top1 idx=1368 val=3.56102
[dump]   top2 idx=638 val=3.49090
[dump]   top3 idx=882 val=3.44278
[dump]   top4 idx=2511 val=3.39449
[dump] L42.mlogit n=512     finite=1 absmax=8.4637       mean=-6.0171      sumsq=19008.2422         argmax=151
[dump] L42.mprob  n=512     finite=1 absmax=0.041365     mean=0.0019531    sumsq=0.007186579965     argmax=151
[dump] L42.mid    n=10      finite=1 absmax=0 mean=0 sumsq=0 ids: 151 393 366 83 212 87 3 276 248 283
[dump] L42.rlogit n=512     finite=1 absmax=8.4637       mean=-6.0171      sumsq=19008.2422         argmax=151
[dump] L42.mwt    n=10      finite=1 absmax=0.21533      mean=0.1          sumsq=0.1222610257       argmax=0
[dump] L42.mgate  n=6400    finite=1 absmax=3.8935       mean=-0.41217     sumsq=6131.153621        argmax=4817
[dump]   top0 idx=4817 val=2.92279
[dump]   top1 idx=5416 val=2.70816
[dump]   top2 idx=5478 val=2.51033
[dump]   top3 idx=1765 val=2.51021
[dump]   top4 idx=1792 val=2.50225
[dump] L42.mup    n=6400    finite=1 absmax=4.2069       mean=0.005704     sumsq=5524.629825        argmax=1110
[dump]   top0 idx=1110 val=4.20694
[dump]   top1 idx=682 val=3.92681
[dump]   top2 idx=1207 val=3.40084
[dump]   top3 idx=5336 val=3.08531
[dump]   top4 idx=1854 val=3.04513
[dump] L42.mgu    n=6400    finite=1 absmax=3.5902       mean=0.0047048    sumsq=644.9840035        argmax=1765
[dump]   top0 idx=1765 val=3.33217
[dump]   top1 idx=2889 val=3.30209
[dump]   top2 idx=5207 val=2.90760
[dump]   top3 idx=2046 val=2.59181
[dump]   top4 idx=4897 val=2.34299
[dump] L42.mdown  n=25600   finite=1 absmax=0.46659      mean=-0.00024079  sumsq=270.1294966        argmax=5120
[dump]   top0 idx=5120 val=0.41003
[dump]   top1 idx=6009 val=0.40847
[dump]   top2 idx=9817 val=0.39917
[dump]   top3 idx=10807 val=0.38899
[dump]   top4 idx=20669 val=0.38356
[dump] L42.msh    n=2560    finite=1 absmax=0.096485     mean=0.00034581   sumsq=0.4311798181       argmax=1624
[dump]   top0 idx=1624 val=0.05745
[dump]   top1 idx=1202 val=0.05171
[dump]   top2 idx=1658 val=0.04935
[dump]   top3 idx=2039 val=0.04639
[dump]   top4 idx=2230 val=0.04479
[dump] L42.mout   n=2560    finite=1 absmax=0.18338      mean=-4.0923e-05  sumsq=4.103942342        argmax=1039
[dump]   top0 idx=1039 val=0.18338
[dump]   top1 idx=1202 val=0.15176
[dump]   top2 idx=1874 val=0.14157
[dump]   top3 idx=994 val=0.13329
[dump]   top4 idx=1947 val=0.12480
[dump] L42.moe    n=2560    finite=1 absmax=0.18338      mean=-4.0923e-05  sumsq=4.103942342        argmax=1039
[dump]   top0 idx=1039 val=0.18338
[dump]   top1 idx=1202 val=0.15176
[dump]   top2 idx=1874 val=0.14157
[dump]   top3 idx=994 val=0.13329
[dump]   top4 idx=1947 val=0.12480
[dump] L42.res    n=10240   finite=1 absmax=1.636        mean=0.0024536    sumsq=367.9332644        argmax=1039
[dump]   top0 idx=1039 val=1.63595
[dump]   top1 idx=5913 val=1.27936
[dump]   top2 idx=3599 val=1.17984
[dump]   top3 idx=2307 val=1.06297
[dump]   top4 idx=689 val=1.05939
[dump] L43.hcmix  n=2560    finite=1 absmax=5.1771       mean=0.0014184    sumsq=61.39076606        argmax=1500
[dump]   top0 idx=1500 val=5.17705
[dump]   top1 idx=1039 val=3.41955
[dump]   top2 idx=882 val=0.67364
[dump]   top3 idx=138 val=0.57010
[dump]   top4 idx=944 val=0.50628
[dump] L43.cur    n=2560    finite=1 absmax=5.1771       mean=0.0014184    sumsq=61.39076606        argmax=1500
[dump]   top0 idx=1500 val=5.17705
[dump]   top1 idx=1039 val=3.41955
[dump]   top2 idx=882 val=0.67364
[dump]   top3 idx=138 val=0.57010
[dump]   top4 idx=944 val=0.50628
[dump] L43.qnorm  n=6144    finite=1 absmax=6.2854       mean=-0.0016576   sumsq=9416.14673         argmax=5729
[dump]   top0 idx=5729 val=4.68882
[dump]   top1 idx=42 val=4.57275
[dump]   top2 idx=46 val=4.48384
[dump]   top3 idx=4401 val=4.31601
[dump]   top4 idx=558 val=4.30580
[dump] L43.knorm  n=512     finite=1 absmax=9.0094       mean=0.099629     sumsq=1212.410147        argmax=147
[dump] L43.vraw   n=512     finite=1 absmax=1.7518       mean=-0.034987    sumsq=136.8524488        argmax=292
[dump] L43.Q      n=6144    finite=1 absmax=6.2854       mean=0.0058631    sumsq=9416.146736        argmax=5729
[dump]   top0 idx=5729 val=4.68882
[dump]   top1 idx=42 val=4.56341
[dump]   top2 idx=46 val=4.47882
[dump]   top3 idx=4401 val=4.31608
[dump]   top4 idx=558 val=4.28076
[dump] L43.K      n=512     finite=1 absmax=9.0094       mean=0.098752     sumsq=1212.410147        argmax=147
[dump] L43.faout  n=6144    finite=1 absmax=1.7982       mean=-0.03693     sumsq=1897.406823        argmax=3876
[dump]   top0 idx=3876 val=1.50992
[dump]   top1 idx=3364 val=1.50507
[dump]   top2 idx=4132 val=1.50255
[dump]   top3 idx=5924 val=1.50209
[dump]   top4 idx=5156 val=1.50185
[dump] L43.gate   n=6144    finite=1 absmax=1.5856       mean=-0.17334     sumsq=473.7528522        argmax=987
[dump]   top0 idx=987 val=0.30931
[dump]   top1 idx=3932 val=0.27135
[dump]   top2 idx=895 val=0.26364
[dump]   top3 idx=3440 val=0.24292
[dump]   top4 idx=174 val=0.20867
[dump] L43.gated  n=6144    finite=1 absmax=0.85025      mean=-0.016218    sumsq=407.3972281        argmax=3364
[dump]   top0 idx=3364 val=0.72184
[dump]   top1 idx=2430 val=0.71663
[dump]   top2 idx=4644 val=0.71030
[dump]   top3 idx=638 val=0.69733
[dump]   top4 idx=5924 val=0.69596
[dump] L43.att    n=2560    finite=1 absmax=0.3393       mean=0.0020114    sumsq=6.451773537        argmax=1391
[dump]   top0 idx=1391 val=0.33488
[dump]   top1 idx=951 val=0.31385
[dump]   top2 idx=2238 val=0.29466
[dump]   top3 idx=728 val=0.27667
[dump]   top4 idx=1616 val=0.26245
[dump] L43.fmix   n=2560    finite=1 absmax=4.0441       mean=0.015844     sumsq=2558.470369        argmax=1368
[dump]   top0 idx=1368 val=3.48875
[dump]   top1 idx=1502 val=3.36426
[dump]   top2 idx=960 val=3.35984
[dump]   top3 idx=1947 val=3.26586
[dump]   top4 idx=1461 val=3.15506
[dump] L43.mlogit n=512     finite=1 absmax=9.2047       mean=-6.0367      sumsq=18959.72243        argmax=300
[dump] L43.mprob  n=512     finite=1 absmax=0.047171     mean=0.0019531    sumsq=0.006520933024     argmax=300
[dump] L43.mid    n=10      finite=1 absmax=0 mean=0 sumsq=0 ids: 300 2 86 293 180 133 146 499 278 172
[dump] L43.rlogit n=512     finite=1 absmax=9.2047       mean=-6.0367      sumsq=18959.72243        argmax=300
[dump] L43.mwt    n=10      finite=1 absmax=0.25948      mean=0.1          sumsq=0.1377268551       argmax=0
[dump] L43.mgate  n=6400    finite=1 absmax=3.8124       mean=-0.43179     sumsq=4538.393977        argmax=4579
[dump]   top0 idx=4579 val=2.91219
[dump]   top1 idx=2888 val=2.13953
[dump]   top2 idx=2235 val=2.13325
[dump]   top3 idx=1892 val=2.02430
[dump]   top4 idx=2312 val=1.93952
[dump] L43.mup    n=6400    finite=1 absmax=3.1478       mean=0.010005     sumsq=3394.343633        argmax=2050
[dump]   top0 idx=2050 val=3.14784
[dump]   top1 idx=4736 val=2.54673
[dump]   top2 idx=4501 val=2.36905
[dump]   top3 idx=1761 val=2.32227
[dump]   top4 idx=6260 val=2.24088
[dump] L43.mgu    n=6400    finite=1 absmax=4.1057       mean=6.2818e-05   sumsq=297.6096034        argmax=1089
[dump]   top0 idx=1089 val=3.27623
[dump]   top1 idx=4526 val=2.65072
[dump]   top2 idx=4124 val=2.22014
[dump]   top3 idx=2122 val=1.89066
[dump]   top4 idx=78 val=1.46155
[dump] L43.mdown  n=25600   finite=1 absmax=0.35216      mean=0.00015935   sumsq=124.7793936        argmax=19563
[dump]   top0 idx=19563 val=0.35216
[dump]   top1 idx=18163 val=0.31955
[dump]   top2 idx=18133 val=0.31903
[dump]   top3 idx=19412 val=0.31500
[dump]   top4 idx=20342 val=0.31307
[dump] L43.msh    n=2560    finite=1 absmax=0.044357     mean=-1.8384e-05  sumsq=0.2810373527       argmax=1388
[dump]   top0 idx=1388 val=0.04112
[dump]   top1 idx=1538 val=0.03556
[dump]   top2 idx=634 val=0.03494
[dump]   top3 idx=728 val=0.03344
[dump]   top4 idx=1557 val=0.03328
[dump] L43.mout   n=2560    finite=1 absmax=0.09983      mean=0.00029934   sumsq=1.813025392        argmax=634
[dump]   top0 idx=634 val=0.09601
[dump]   top1 idx=1 val=0.08694
[dump]   top2 idx=1847 val=0.08497
[dump]   top3 idx=477 val=0.08010
[dump]   top4 idx=231 val=0.07942
[dump] L43.moe    n=2560    finite=1 absmax=0.09983      mean=0.00029934   sumsq=1.813025392        argmax=634
[dump]   top0 idx=634 val=0.09601
[dump]   top1 idx=1 val=0.08694
[dump]   top2 idx=1847 val=0.08497
[dump]   top3 idx=477 val=0.08010
[dump]   top4 idx=231 val=0.07942
[dump] L43.res    n=10240   finite=1 absmax=1.545        mean=0.0036892    sumsq=401.4551796        argmax=1039
[dump]   top0 idx=1039 val=1.54504
[dump]   top1 idx=3599 val=1.17238
[dump]   top2 idx=689 val=1.04674
[dump]   top3 idx=2307 val=1.04384
[dump]   top4 idx=138 val=1.03313
[dump] L44.hcmix  n=2560    finite=1 absmax=4.5239       mean=0.026793     sumsq=1271.724665        argmax=960
[dump]   top0 idx=960 val=4.52393
[dump]   top1 idx=882 val=3.81191
[dump]   top2 idx=793 val=3.71864
[dump]   top3 idx=1039 val=3.55253
[dump]   top4 idx=482 val=3.35766
[dump] L44.conv   n=10240   finite=1 absmax=9.5035       mean=-0.013176    sumsq=313.1899217        argmax=905
[dump]   top0 idx=905 val=9.50354
[dump]   top1 idx=2040 val=6.91708
[dump]   top2 idx=1130 val=4.75868
[dump]   top3 idx=1630 val=2.02248
[dump]   top4 idx=656 val=1.89857
[dump] L44.gnorm  n=6144    finite=1 absmax=0.98747      mean=-0.11558     sumsq=346.3613493        argmax=1103
[dump]   top0 idx=1103 val=0.97144
[dump]   top1 idx=1691 val=0.62824
[dump]   top2 idx=5212 val=0.62324
[dump]   top3 idx=5122 val=0.60024
[dump]   top4 idx=451 val=0.59818
[dump] L44.lin    n=2560    finite=1 absmax=0.88176      mean=0.0027815    sumsq=46.93228602        argmax=663
[dump]   top0 idx=663 val=0.49347
[dump]   top1 idx=634 val=0.48531
[dump]   top2 idx=1238 val=0.44636
[dump]   top3 idx=1531 val=0.44593
[dump]   top4 idx=1303 val=0.44560
[dump] L44.att    n=2560    finite=1 absmax=0.88176      mean=0.0027815    sumsq=46.93228602        argmax=663
[dump]   top0 idx=663 val=0.49347
[dump]   top1 idx=634 val=0.48531
[dump]   top2 idx=1238 val=0.44636
[dump]   top3 idx=1531 val=0.44593
[dump]   top4 idx=1303 val=0.44560
[dump] L44.fmix   n=2560    finite=1 absmax=4.5862       mean=0.0272       sumsq=3429.723527        argmax=960
[dump]   top0 idx=960 val=4.58621
[dump]   top1 idx=1502 val=3.98449
[dump]   top2 idx=477 val=3.55552
[dump]   top3 idx=1159 val=3.50748
[dump]   top4 idx=944 val=3.49491
[dump] L44.mlogit n=512     finite=1 absmax=11.014       mean=-6.3012      sumsq=20724.59124        argmax=433
[dump] L44.mprob  n=512     finite=1 absmax=0.074305     mean=0.0019531    sumsq=0.01406297243      argmax=433
[dump] L44.mid    n=10      finite=1 absmax=0 mean=0 sumsq=0 ids: 433 56 405 209 277 174 119 359 338 167
[dump] L44.rlogit n=512     finite=1 absmax=11.014       mean=-6.3012      sumsq=20724.59124        argmax=433
[dump] L44.mwt    n=10      finite=1 absmax=0.27349      mean=0.1          sumsq=0.169467006        argmax=0
[dump] L44.mgate  n=6400    finite=1 absmax=3.6853       mean=-0.42972     sumsq=5353.848266        argmax=1525
[dump]   top0 idx=1525 val=2.70319
[dump]   top1 idx=5505 val=2.43752
[dump]   top2 idx=3594 val=2.42751
[dump]   top3 idx=5933 val=2.29167
[dump]   top4 idx=2733 val=2.20372
[dump] L44.mup    n=6400    finite=1 absmax=3.3809       mean=0.0043039    sumsq=4231.022463        argmax=5494
[dump]   top0 idx=5494 val=3.31154
[dump]   top1 idx=4855 val=3.05118
[dump]   top2 idx=147 val=3.02061
[dump]   top3 idx=4596 val=2.95821
[dump]   top4 idx=6070 val=2.94062
[dump] L44.mgu    n=6400    finite=1 absmax=5.9026       mean=-0.00055924  sumsq=490.5902192        argmax=5494
[dump]   top0 idx=5494 val=5.90261
[dump]   top1 idx=2733 val=4.16568
[dump]   top2 idx=2632 val=2.56629
[dump]   top3 idx=3073 val=2.55931
[dump]   top4 idx=3594 val=2.27763
[dump] L44.mdown  n=25600   finite=1 absmax=0.63537      mean=-0.00041204  sumsq=214.9970975        argmax=12010
[dump]   top0 idx=12010 val=0.57192
[dump]   top1 idx=21804 val=0.45965
[dump]   top2 idx=11047 val=0.43455
[dump]   top3 idx=22600 val=0.42733
[dump]   top4 idx=20639 val=0.42407
[dump] L44.msh    n=2560    finite=1 absmax=0.065774     mean=-0.00025078  sumsq=0.2954557971       argmax=1238
[dump]   top0 idx=1238 val=0.05362
[dump]   top1 idx=2308 val=0.05294
[dump]   top2 idx=1387 val=0.05217
[dump]   top3 idx=1879 val=0.04695
[dump]   top4 idx=634 val=0.04559
[dump] L44.mout   n=2560    finite=1 absmax=0.12808      mean=-0.00078721  sumsq=3.704311485        argmax=502
[dump]   top0 idx=502 val=0.12371
[dump]   top1 idx=408 val=0.12148
[dump]   top2 idx=1220 val=0.11937
[dump]   top3 idx=2558 val=0.11778
[dump]   top4 idx=1922 val=0.11589
[dump] L44.moe    n=2560    finite=1 absmax=0.12808      mean=-0.00078721  sumsq=3.704311485        argmax=502
[dump]   top0 idx=502 val=0.12371
[dump]   top1 idx=408 val=0.12148
[dump]   top2 idx=1220 val=0.11937
[dump]   top3 idx=2558 val=0.11778
[dump]   top4 idx=1922 val=0.11589
[dump] L44.res    n=10240   finite=1 absmax=1.7819       mean=0.003565     sumsq=573.1443297        argmax=1039
[dump]   top0 idx=1039 val=1.78190
[dump]   top1 idx=1502 val=1.42420
[dump]   top2 idx=2307 val=1.19996
[dump]   top3 idx=138 val=1.17281
[dump]   top4 idx=3599 val=1.15943
[dump] L45.hcmix  n=2560    finite=1 absmax=3.7772       mean=0.010489     sumsq=1341.184867        argmax=882
[dump]   top0 idx=882 val=3.00947
[dump]   top1 idx=1626 val=2.72548
[dump]   top2 idx=2396 val=2.46685
[dump]   top3 idx=472 val=2.32749
[dump]   top4 idx=1373 val=2.28895
[dump] L45.conv   n=10240   finite=1 absmax=1.4931       mean=-0.0033288   sumsq=53.94843129        argmax=1014
[dump]   top0 idx=1014 val=1.49310
[dump]   top1 idx=325 val=1.22156
[dump]   top2 idx=332 val=1.04126
[dump]   top3 idx=1972 val=0.97960
[dump]   top4 idx=1923 val=0.95757
[dump] L45.gnorm  n=6144    finite=1 absmax=4.3411       mean=-0.0077271   sumsq=248.8139039        argmax=5103
[dump]   top0 idx=5103 val=1.63105
[dump]   top1 idx=1728 val=1.54646
[dump]   top2 idx=5175 val=1.38980
[dump]   top3 idx=5124 val=1.38649
[dump]   top4 idx=5209 val=1.37082
[dump] L45.lin    n=2560    finite=1 absmax=1.6463       mean=0.00014533   sumsq=164.3056004        argmax=1474
[dump]   top0 idx=1474 val=1.16594
[dump]   top1 idx=1882 val=1.12985
[dump]   top2 idx=1685 val=1.06529
[dump]   top3 idx=524 val=1.01154
[dump]   top4 idx=1429 val=0.98063
[dump] L45.att    n=2560    finite=1 absmax=1.6463       mean=0.00014533   sumsq=164.3056004        argmax=1474
[dump]   top0 idx=1474 val=1.16594
[dump]   top1 idx=1882 val=1.12985
[dump]   top2 idx=1685 val=1.06529
[dump]   top3 idx=524 val=1.01154
[dump]   top4 idx=1429 val=0.98063
[dump] L45.fmix   n=2560    finite=1 absmax=6.1047       mean=0.01707      sumsq=3881.661875        argmax=1301
[dump]   top0 idx=1301 val=4.43625
[dump]   top1 idx=1795 val=4.24941
[dump]   top2 idx=780 val=4.22023
[dump]   top3 idx=1502 val=4.18375
[dump]   top4 idx=634 val=3.87509
[dump] L45.mlogit n=512     finite=1 absmax=10.034       mean=-6.42        sumsq=21452.0787         argmax=237
[dump] L45.mprob  n=512     finite=1 absmax=0.10675      mean=0.0019531    sumsq=0.01627879969      argmax=237
[dump] L45.mid    n=10      finite=1 absmax=0 mean=0 sumsq=0 ids: 237 443 227 475 303 406 48 34 47 51
[dump] L45.rlogit n=512     finite=1 absmax=10.034       mean=-6.42        sumsq=21452.0787         argmax=237
[dump] L45.mwt    n=10      finite=1 absmax=0.40808      mean=0.1          sumsq=0.2144493272       argmax=0
[dump] L45.mgate  n=6400    finite=1 absmax=4.3752       mean=-0.63758     sumsq=6856.610997        argmax=5469
[dump]   top0 idx=5469 val=2.42874
[dump]   top1 idx=3323 val=2.12779
[dump]   top2 idx=1544 val=2.04506
[dump]   top3 idx=2114 val=2.02147
[dump]   top4 idx=5474 val=1.97233
[dump] L45.mup    n=6400    finite=1 absmax=3.7665       mean=0.0032345    sumsq=5031.363629        argmax=3593
[dump]   top0 idx=3593 val=3.76650
[dump]   top1 idx=3782 val=3.49825
[dump]   top2 idx=3683 val=3.41761
[dump]   top3 idx=3269 val=3.24505
[dump]   top4 idx=3583 val=2.96322
[dump] L45.mgu    n=6400    finite=1 absmax=3.2474       mean=-0.0033405   sumsq=418.0137554        argmax=3835
[dump]   top0 idx=3835 val=2.39289
[dump]   top1 idx=5469 val=2.13858
[dump]   top2 idx=1544 val=1.94559
[dump]   top3 idx=5722 val=1.79056
[dump]   top4 idx=4622 val=1.74916
[dump] L45.mdown  n=25600   finite=1 absmax=0.39893      mean=-0.00094289  sumsq=177.1339682        argmax=15052
[dump]   top0 idx=15052 val=0.36271
[dump]   top1 idx=23028 val=0.35169
[dump]   top2 idx=8643 val=0.33892
[dump]   top3 idx=23575 val=0.32791
[dump]   top4 idx=8586 val=0.31496
[dump] L45.msh    n=2560    finite=1 absmax=0.13756      mean=-0.00044659  sumsq=0.4906233322       argmax=2187
[dump]   top0 idx=2187 val=0.07604
[dump]   top1 idx=1531 val=0.05531
[dump]   top2 idx=2028 val=0.05474
[dump]   top3 idx=1795 val=0.05339
[dump]   top4 idx=1027 val=0.05293
[dump] L45.mout   n=2560    finite=1 absmax=0.18082      mean=-0.00046132  sumsq=3.326160136        argmax=266
[dump]   top0 idx=266 val=0.12021
[dump]   top1 idx=2128 val=0.11967
[dump]   top2 idx=2540 val=0.11821
[dump]   top3 idx=915 val=0.11293
[dump]   top4 idx=233 val=0.11080
[dump] L45.moe    n=2560    finite=1 absmax=0.18082      mean=-0.00046132  sumsq=3.326160136        argmax=266
[dump]   top0 idx=266 val=0.12021
[dump]   top1 idx=2128 val=0.11967
[dump]   top2 idx=2540 val=0.11821
[dump]   top3 idx=915 val=0.11293
[dump]   top4 idx=233 val=0.11080
[dump] L45.res    n=10240   finite=1 absmax=2.0622       mean=0.0028628    sumsq=1020.184039        argmax=1039
[dump]   top0 idx=1039 val=1.95307
[dump]   top1 idx=4442 val=1.73639
[dump]   top2 idx=3599 val=1.60566
[dump]   top3 idx=4245 val=1.54811
[dump]   top4 idx=3861 val=1.49843
[dump] L46.hcmix  n=2560    finite=1 absmax=5.4144       mean=0.012656     sumsq=1786.660707        argmax=634
[dump]   top0 idx=634 val=3.18808
[dump]   top1 idx=1795 val=3.04671
[dump]   top2 idx=1134 val=2.90012
[dump]   top3 idx=1947 val=2.83801
[dump]   top4 idx=517 val=2.81910
[dump] L46.conv   n=10240   finite=1 absmax=1.8607       mean=-0.0050729   sumsq=84.56291014        argmax=1307
[dump]   top0 idx=1307 val=1.86075
[dump]   top1 idx=861 val=1.64048
[dump]   top2 idx=1526 val=1.60426
[dump]   top3 idx=1608 val=1.43334
[dump]   top4 idx=1390 val=1.41909
[dump] L46.gnorm  n=6144    finite=1 absmax=4.3323       mean=-0.0063323   sumsq=351.2529265        argmax=2726
[dump]   top0 idx=2726 val=1.85619
[dump]   top1 idx=5374 val=1.80194
[dump]   top2 idx=5324 val=1.75752
[dump]   top3 idx=487 val=1.50475
[dump]   top4 idx=2783 val=1.47178
[dump] L46.lin    n=2560    finite=1 absmax=3.3156       mean=-0.0036802   sumsq=214.7322005        argmax=1921
[dump]   top0 idx=1921 val=3.00684
[dump]   top1 idx=1497 val=2.45927
[dump]   top2 idx=1159 val=1.95272
[dump]   top3 idx=2057 val=1.58290
[dump]   top4 idx=723 val=1.53337
[dump] L46.att    n=2560    finite=1 absmax=3.3156       mean=-0.0036802   sumsq=214.7322005        argmax=1921
[dump]   top0 idx=1921 val=3.00684
[dump]   top1 idx=1497 val=2.45927
[dump]   top2 idx=1159 val=1.95272
[dump]   top3 idx=2057 val=1.58290
[dump]   top4 idx=723 val=1.53337
[dump] L46.fmix   n=2560    finite=1 absmax=7.5242       mean=0.0052787    sumsq=3752.102045        argmax=634
[dump]   top0 idx=634 val=3.94003
[dump]   top1 idx=531 val=3.92534
[dump]   top2 idx=1787 val=3.85910
[dump]   top3 idx=780 val=3.76754
[dump]   top4 idx=1502 val=3.63446
[dump] L46.mlogit n=512     finite=1 absmax=10.256       mean=-6.4529      sumsq=21662.94194        argmax=338
[dump] L46.mprob  n=512     finite=1 absmax=0.042787     mean=0.0019531    sumsq=0.007610176309     argmax=338
[dump] L46.mid    n=10      finite=1 absmax=0 mean=0 sumsq=0 ids: 338 25 388 171 348 297 343 484 283 418
[dump] L46.rlogit n=512     finite=1 absmax=10.256       mean=-6.4529      sumsq=21662.94194        argmax=338
[dump] L46.mwt    n=10      finite=1 absmax=0.21888      mean=0.1          sumsq=0.1514368142       argmax=0
[dump] L46.mgate  n=6400    finite=1 absmax=4.7208       mean=-0.7478      sumsq=8460.981953        argmax=6342
[dump]   top0 idx=6342 val=2.96065
[dump]   top1 idx=655 val=2.51452
[dump]   top2 idx=2185 val=2.23900
[dump]   top3 idx=1564 val=2.12031
[dump]   top4 idx=5824 val=2.10749
[dump] L46.mup    n=6400    finite=1 absmax=4.1915       mean=0.0057087    sumsq=5623.751259        argmax=3944
[dump]   top0 idx=3944 val=3.76118
[dump]   top1 idx=2865 val=3.65977
[dump]   top2 idx=4662 val=3.62817
[dump]   top3 idx=114 val=3.55874
[dump]   top4 idx=4343 val=3.32648
[dump] L46.mgu    n=6400    finite=1 absmax=6.2542       mean=0.003582     sumsq=462.3469617        argmax=2185
[dump]   top0 idx=2185 val=6.25417
[dump]   top1 idx=655 val=2.55425
[dump]   top2 idx=14 val=2.23847
[dump]   top3 idx=2039 val=1.99111
[dump]   top4 idx=758 val=1.98208
[dump] L46.mdown  n=25600   finite=1 absmax=0.57996      mean=-2.7806e-05  sumsq=185.748745         argmax=23214
[dump]   top0 idx=23214 val=0.57996
[dump]   top1 idx=8279 val=0.42820
[dump]   top2 idx=18389 val=0.40418
[dump]   top3 idx=8958 val=0.40169
[dump]   top4 idx=23275 val=0.39330
[dump] L46.msh    n=2560    finite=1 absmax=0.13399      mean=-0.00011364  sumsq=1.146490206        argmax=2238
[dump]   top0 idx=2238 val=0.11074
[dump]   top1 idx=19 val=0.10951
[dump]   top2 idx=1290 val=0.10599
[dump]   top3 idx=951 val=0.10333
[dump]   top4 idx=617 val=0.09923
[dump] L46.mout   n=2560    finite=1 absmax=0.21236      mean=-0.00021254  sumsq=4.93643699         argmax=1290
[dump]   top0 idx=1290 val=0.20637
[dump]   top1 idx=2238 val=0.14588
[dump]   top2 idx=1788 val=0.14182
[dump]   top3 idx=952 val=0.14003
[dump]   top4 idx=957 val=0.13382
[dump] L46.moe    n=2560    finite=1 absmax=0.21236      mean=-0.00021254  sumsq=4.93643699         argmax=1290
[dump]   top0 idx=1290 val=0.20637
[dump]   top1 idx=2238 val=0.14588
[dump]   top2 idx=1788 val=0.14182
[dump]   top3 idx=952 val=0.14003
[dump]   top4 idx=957 val=0.13382
[dump] L46.res    n=10240   finite=1 absmax=4.8592       mean=0.0010861    sumsq=1410.261085        argmax=4481
[dump]   top0 idx=4481 val=4.14388
[dump]   top1 idx=3719 val=2.10218
[dump]   top2 idx=4370 val=1.91994
[dump]   top3 idx=1039 val=1.84336
[dump]   top4 idx=4916 val=1.77455
[dump] L47.hcmix  n=2560    finite=1 absmax=2.4611       mean=0.0071649    sumsq=798.5552545        argmax=954
[dump]   top0 idx=954 val=2.39074
[dump]   top1 idx=482 val=2.25620
[dump]   top2 idx=780 val=2.17766
[dump]   top3 idx=1787 val=1.99917
[dump]   top4 idx=138 val=1.93515
[dump] L47.cur    n=2560    finite=1 absmax=2.4611       mean=0.0071649    sumsq=798.5552545        argmax=954
[dump]   top0 idx=954 val=2.39074
[dump]   top1 idx=482 val=2.25620
[dump]   top2 idx=780 val=2.17766
[dump]   top3 idx=1787 val=1.99917
[dump]   top4 idx=138 val=1.93515
[dump] L47.qnorm  n=6144    finite=1 absmax=11.159       mean=-0.0048676   sumsq=10340.55408        argmax=3602
[dump]   top0 idx=3602 val=11.15851
[dump]   top1 idx=5650 val=10.92388
[dump]   top2 idx=4626 val=10.06108
[dump]   top3 idx=5906 val=9.69081
[dump]   top4 idx=5138 val=9.43456
[dump] L47.knorm  n=512     finite=1 absmax=9.9671       mean=0.022048     sumsq=1092.683261        argmax=313
[dump] L47.vraw   n=512     finite=1 absmax=2.7922       mean=-0.041677    sumsq=462.4637499        argmax=56
[dump] L47.Q      n=6144    finite=1 absmax=11.159       mean=-0.018918    sumsq=10340.55404        argmax=3602
[dump]   top0 idx=3602 val=11.15919
[dump]   top1 idx=5650 val=10.92476
[dump]   top2 idx=4626 val=10.05474
[dump]   top3 idx=5906 val=9.69520
[dump]   top4 idx=5138 val=9.43257
[dump] L47.K      n=512     finite=1 absmax=9.9672       mean=-0.027248    sumsq=1092.683258        argmax=313
[dump] L47.faout  n=6144    finite=1 absmax=2.6889       mean=-0.024075    sumsq=5140.031954        argmax=4228
[dump]   top0 idx=4228 val=2.68886
[dump]   top1 idx=5508 val=2.43393
[dump]   top2 idx=1080 val=2.39581
[dump]   top3 idx=1336 val=2.39443
[dump]   top4 idx=824 val=2.39342
[dump] L47.gate   n=6144    finite=1 absmax=6.4569       mean=-2.1238      sumsq=38831.23372        argmax=5654
[dump]   top0 idx=5654 val=3.63447
[dump]   top1 idx=5814 val=3.38629
[dump]   top2 idx=5647 val=3.23761
[dump]   top3 idx=5644 val=3.12988
[dump]   top4 idx=5669 val=3.12831
[dump] L47.gated  n=6144    finite=1 absmax=1.1693       mean=-0.00068191  sumsq=114.9281992        argmax=1148
[dump]   top0 idx=1148 val=1.16930
[dump]   top1 idx=3402 val=0.88296
[dump]   top2 idx=5814 val=0.86429
[dump]   top3 idx=3125 val=0.84578
[dump]   top4 idx=3604 val=0.77033
[dump] L47.att    n=2560    finite=1 absmax=1.5629       mean=-0.0027688   sumsq=57.39427139        argmax=1027
[dump]   top0 idx=1027 val=1.03132
[dump]   top1 idx=722 val=0.86707
[dump]   top2 idx=1827 val=0.78984
[dump]   top3 idx=579 val=0.74842
[dump]   top4 idx=2450 val=0.74200
[dump] L47.fmix   n=2560    finite=1 absmax=5.8647       mean=-0.0055097   sumsq=3144.282442        argmax=780
[dump]   top0 idx=780 val=3.83846
[dump]   top1 idx=1159 val=3.77398
[dump]   top2 idx=531 val=3.62492
[dump]   top3 idx=1551 val=3.39333
[dump]   top4 idx=1787 val=3.24969
[dump] L47.mlogit n=512     finite=1 absmax=10.214       mean=-6.3514      sumsq=21127.91425        argmax=95
[dump] L47.mprob  n=512     finite=1 absmax=0.089197     mean=0.0019531    sumsq=0.01185756253      argmax=95
[dump] L47.mid    n=10      finite=1 absmax=0 mean=0 sumsq=0 ids: 95 245 82 451 157 272 85 273 100 103
[dump] L47.rlogit n=512     finite=1 absmax=10.214       mean=-6.3514      sumsq=21127.91425        argmax=95
[dump] L47.mwt    n=10      finite=1 absmax=0.41445      mean=0.1          sumsq=0.2148972132       argmax=0
[dump] L47.mgate  n=6400    finite=1 absmax=6.7462       mean=-0.78792     sumsq=9850.288224        argmax=3974
[dump]   top0 idx=3974 val=3.42868
[dump]   top1 idx=3980 val=2.97493
[dump]   top2 idx=3941 val=2.66265
[dump]   top3 idx=4929 val=2.53157
[dump]   top4 idx=3896 val=2.32844
[dump] L47.mup    n=6400    finite=1 absmax=5.0171       mean=0.014395     sumsq=6149.37925         argmax=3177
[dump]   top0 idx=3177 val=3.92318
[dump]   top1 idx=3617 val=3.47545
[dump]   top2 idx=3576 val=3.43464
[dump]   top3 idx=4484 val=3.37607
[dump]   top4 idx=5856 val=3.24854
[dump] L47.mgu    n=6400    finite=1 absmax=6.9805       mean=-0.00097038  sumsq=685.4867704        argmax=3980
[dump]   top0 idx=3980 val=5.74493
[dump]   top1 idx=3225 val=4.52185
[dump]   top2 idx=4341 val=3.60212
[dump]   top3 idx=2910 val=3.53858
[dump]   top4 idx=4010 val=3.42236
[dump] L47.mdown  n=25600   finite=1 absmax=2.4746       mean=-0.0013924   sumsq=306.236931         argmax=16083
[dump]   top0 idx=16083 val=2.47458
[dump]   top1 idx=15550 val=1.31844
[dump]   top2 idx=15537 val=1.31834
[dump]   top3 idx=16482 val=1.22265
[dump]   top4 idx=14172 val=1.00050
[dump] L47.msh    n=2560    finite=1 absmax=0.80746      mean=0.0010829    sumsq=10.08679616        argmax=1391
[dump]   top0 idx=1391 val=0.80746
[dump]   top1 idx=1413 val=0.47245
[dump]   top2 idx=2238 val=0.44833
[dump]   top3 idx=634 val=0.40501
[dump]   top4 idx=1921 val=0.37154
[dump] L47.mout   n=2560    finite=1 absmax=0.86189      mean=2.1719e-05   sumsq=16.9921963         argmax=1391
[dump]   top0 idx=1391 val=0.86189
[dump]   top1 idx=2238 val=0.48593
[dump]   top2 idx=1921 val=0.47861
[dump]   top3 idx=1413 val=0.46999
[dump]   top4 idx=728 val=0.39055
[dump] L47.moe    n=2560    finite=1 absmax=0.86189      mean=2.1719e-05   sumsq=16.9921963         argmax=1391
[dump]   top0 idx=1391 val=0.86189
[dump]   top1 idx=2238 val=0.48593
[dump]   top2 idx=1921 val=0.47861
[dump]   top3 idx=1413 val=0.46999
[dump]   top4 idx=728 val=0.39055
[dump] L47.res    n=10240   finite=1 absmax=5.7323       mean=-4.1293e-05  sumsq=1540.363046        argmax=4481
[dump]   top0 idx=4481 val=5.09208
[dump]   top1 idx=3719 val=2.50823
[dump]   top2 idx=5002 val=2.13956
[dump]   top3 idx=3973 val=2.04225
[dump]   top4 idx=1159 val=1.86063
[dump] final      n=2560    finite=1 absmax=49.42        mean=-0.0078513   sumsq=26975.80708        argmax=1921
[dump]   top0 idx=1921 val=31.68756
[dump]   top1 idx=1159 val=29.15523
[dump]   top2 idx=1413 val=23.53220
[dump]   top3 idx=1391 val=21.86300
[dump]   top4 idx=2442 val=19.19881
[dump] logits     n=248320  finite=1 absmax=13.134       mean=-1.5298      sumsq=1424735.083        argmax=3710
[dump]   top0 idx=3710 val=13.01755
[dump]   top1 idx=248045 val=11.96173
[dump]   top2 idx=13 val=11.89993
[dump]   top3 idx=248046 val=10.56930
[dump]   top4 idx=248044 val=10.02396
